Ma in alcuni film sugli Stooges	60.829689025878906
Come esercizio finale, Vorrei che sosituiste il grafico a dispersione (scatter plot) con un grafico a barre (bar chart) con gli stessi due parametri precedenti, quindi procedete dicendo al computer di generare un grafico a barre.	211.34951782226562
Accettarono di ingaggiare il marito di Sacajawea, Charbonneau, con l'idea che anche la bella moglie li avrebbe seguiti in veste di interprete.	128.33163452148438
E' la cosa che gli smartphone ci stanno portando via,	67.07131958007812
fatti investire come un camion .	73.66792297363281
Nei vecchi tempi, i vestiti per le performance erano sempre gli stessi,	65.73918151855469
Non ci vuole un esperto di business per capirlo.	57.18383026123047
Il 68% delle malattie negli USA sono riconducibili all'alimentazione.	53.68064880371094
I carnivori sono tutti star dell'atletica.	74.93035888671875
Perché potete anche chiamarlo bacon quanto volete, ma una volta che sta nel vostro corpo non è più bacon.	97.50176239013672
Possono collaborare con loro nella creazione di idee, conoscenza, contenuti, design e prodotto.	81.39297485351562
Possono dare loro maggiore controllo sui prezzi di vendita, che è quello che hanno fatto i Radiohead con il loro album online a offerta libera	131.7178497314453
Alla Frog, l'azienda per la quale lavoro, teniamo dei veloci meeting interni che mettono in relazione i vecchi impiegati con quelli nuovi, aiutandoli a conoscersi velocemente.	154.683349609375
Ai pigiama party, andavo in panico quando dovevo scoraggiare le ragazze che volevano baciarmi senza rivelare me stessa.	139.61569213867188
Mi sono resa conto che la mia missione di fotografare i gay era imperfetta, perché c'erano un milione di sfumature diverse di gay.	116.70917510986328
Una volta superato lo shock la maggioranza delle persone ha scelto un numero tra il 70 e il 95% o fra il 3 e il 20%.	112.62205505371094
C'è un'industria di software d'intrattenimento che è estremamente abile nel realizzare prodotti invitanti a cui non potete resistere.	102.02174377441406
Ti serve un altro stage per sostenere la tua domanda per il college.	79.51786804199219
Era successo questo, era arrivata una gang da Brooklyn. Come parte dell'iniziazione di tre dei membri, dovevano uccidere qualcuno, e successe che io ero il ragazzo che percorreva Bleecker Street quella notte, e mi saltarono addosso senza dire una parola.	207.55145263671875
E poi, quando uscii e i flashback e gli incubi mi creavano molti problemi, tornai da lui e gli chiesi, più o meno, ma cosa devo fare?	141.69937133789062
l'ultima cicatrice che mi ha lasciato il chirurgo, e penso che, il fatto di incontrare quei ragazzi in strada con i coltelli mi ha portato fino al team di chirurghi, e al loro tirocinio e al loro talento e, sempre, un po' di fortuna ha respinto il caos.	244.46609497070312
Per la prima volta nella mia vita, lavorai per nove settimane consecutive, senza giorni di riposo, lavorando fino a tardi, per creare uno dei siti internet più belli che abbia mai creato.	116.62455749511719
Poi nel 2005 co-fondai un'organizzazione non-profit per ragazzi e giovani adulti con disabilità fisiche per coinvolgerli negli sport d'azione.	110.38746643066406
Sei tu che hai avvelenato il drink di J-Cub al nostro party?	99.24378204345703
Immagino che appaia la parola boss nella mia mente visto che lavoro per lui.	89.26890563964844
Qualcuno di voi ragazzi conosce Paul Rand, il più grande graphic designer -- mi dispiace -- del mondo.	108.53724670410156
Il grande graphic designer Paul Rand: ha disegnato il logo della IBM, il logo della Westinghouse -- in pratica ha detto, ho disegnato qualsiasi cosa .	134.8234100341797
Poi gli ho detto, una volta che si è vestito, le cose standard che deve aver sentito in altre istituzioni, come: Questo non è nella tua testa .	162.41587829589844
Facendo ciò, abbiamo creato un azienda triple bottom line .	67.54393768310547
Tu ed io baby non siamo altro che mammiferi quindi facciamolo come lo fanno su Discovery Channel	115.09271240234375
Avremo bisogno di una nuova generazione di cittadini che siano leader disponibili ad impegnarsi a crescere, cambiare ed imparare il più rapidamente possibile.	125.7051773071289
La stampa è un business, e per sopravvivere deve essere un business di successo, quindi bisogna trovare il giusto equilibrio tra esigenze di marketing e responsabilità giornalistica.	111.14898681640625
Perché questo è - ho molta esperienza come manager dei sistemi, essendo un pilota, e questo è veramente -	115.77897644042969
Gli airbag sono proprio forti, rimbalzano molto.	59.70521926879883
Sono sempre stato attratto dai computer e dalla tecnologia, e ho creato alcune app per iPhone, iPod Touch e iPad.	79.84395599365234
Mi sono ispirato molto a Steve Jobs, e ho fondato un club di app a scuola, e un insegnante della mia scuola sta gentilmente sponsorizzando il mio club.	133.65487670898438
I suoi hobby erano gli scacchi, il bridge, e scrivere articoli.	65.51705169677734
Non guardereste questa e lo chiamereste una designer bike: una designer bike è fatta di titanio o molibdeno.	137.09144592285156
Alcune persone vanno agli stadi di baseball per guardare le partite; io vado e vedo le relazioni di design.	103.63546752929688
E io uso questo -- questo è, una specie di ciò che io considero spam urbano.	113.54737854003906
&amp;gt;&amp;gt; Il database che c'era qui a SLAC veniva usato da persone in tutto il mondo, ma con grande difficoltà perché dovevano avere un account sul mainframe. Molti non avevano familiarità con i mainframe.	174.3610076904297
Quindi prima del web ho inventato un modo con cui la gente potesse fare quello che oggi chiamiamo Instant Messaging per fare una query nel database senza registrarsi.	146.52066040039062
Ok? E con qualche click e qualche termine della query digitato, ecco i risultati ben formattati.	131.83273315429688
Volete farvi un weekend a Roma? Tutto spesato, hotel, trasporti, vitto, colazione colazione europea, tutto. Oppure un weekend a Parigi?	166.33238220214844
Ammiro lo spirito di quel giovane cacciatore, Anche se non ha alcuna chance contro Benge e gli altri.	131.1352996826172
Ti ho mai detto che ti trovo piuttosto irresistibile con quella tuta sexy super-attillata?	109.95825958251953
Ed è anche la prima volta che ho indossato un bikini	54.24592971801758
Li si può muovere con la mano, possono vedersi tra loro, sentire il proprio movimento ed hanno uno schermo e una radio wireless</L2.	167.0852508544922
Poi, dopo circa 30 secondi si rimischiano, e hai un nuovo set di lettere e nuove possibilità da provare.	117.18331909179688
Corel CONNECT può trovare e visualizzare qualsiasi file presente nel sistema.	70.75950622558594
Per aggiungerne uno, fare clic su +.	50.54813003540039
Fare clic con il tasto destro e scegliere Installa come motivo bitmap, disponibile nel menu Riempimento di CorelDRAW.	123.04196166992188
Questo é il mio film King, Murray , ha vinto il festival di Cannes nel 1970	96.03372192382812
E noi diamo loro alcune cose per farlo, per aiutarli a sviluppare dispositivi animali di compagnia mentre intervengono su blog o inviano le proprie mail.	174.50430297851562
Condividono i nostri fattori di stress ambientale i livelli di amianto e i livelli di piombo, e tutto ciò a cui siete esposti.	132.81483459472656
In effetti, tutti gli ingredienti di questo cocktail erano narcotici, perciò li definisco gruppo di droghe.	109.14701080322266
Così ciò che è inizialmente riservato alle élite parigine del '700 diviene sempre più una produzione di massa, consumato dai cittadini benestanti, e il suo stesso consumo è frutto di una campagna per rendere accettabile lo zucchero. Anzi, non soltanto accettabile, ma parte dello stile appropriato per gli appartenenti a una famiglia borghese.	254.73291015625
I primi bestseller nel mercato dei libri (Jeff ha delle buone ragioni per essere ossessioanto dal mercato) furono i libri di cucina.	160.93215942382812
Il timer Rimanente utilizza le informazioni dal timer Ultimo ciclo per visualizzare il tempo rimanente in un programma	113.21690368652344
Che cosa è succederà è, il computer passa al top qui ed è appena corre attraverso queste linee.	136.27670288085938
In questo caso, saperlo ci permette di creare un'architettura insolita per una macchina o elaborare algoritmi intelligenti che gestiscono con eleganza il danno subito proprio come fa un'atleta, invece di costruire robot con una dotazione eccessiva.	217.26463317871094
Rifiutati dalla casa discografica Decca che disse Non ci piace il loro sound e i gruppi con la chitarra ormai sono fuori moda.	130.54132080078125
E la domanda è: Come si diventa un killer psicopatico?	56.961181640625
Oh, quel bus Broadway ... (Suono del clacson del bus)	102.97237396240234
Edgeryders vuole essere il più grande think tank nel mondo sulla transizione ad una vita attiva e indipendente per i giovani.	100.07911682128906
Un flash mob.	38.596038818359375
Mi resi conto che queto Robert Baratheon sarebbe finito come tutti gli altri lord ribelli: ridotto in cenere	122.9209213256836
La lobby del tabacco è troppo potente, e noi allontaniamo l'idea dalla nostra coscienza.	93.2699203491211
Vedremo una volta che avremo il codice per estrarre tutti i link sulla pagina web che ci sono casi dove è più facile scrivere codice usando	133.76531982421875
Oggi, molti dubbi sono sorti sui nostri diritti alla privacy nella tecnologia.	78.0361328125
Gli piace preparare il pranzo per i picnic	59.808860778808594
Perché abbiamo testato modelli ARES, molti modelli in mezza dozzina di tunnel del vento per otto anni presso il Centro Ricerche Langley della NASA, con le medesime condizioni di Marte.	195.90603637695312
E' mia opinione che andare in ufficio il venerdì in jeans e T-shirt non è propriamente affrontare il nocciolo della questione.	123.53753662109375
20 anni fa lo slogan politico era: Roti, kapra, makan , che significa: Cibo, abiti e riparo .	105.86244201660156
A causa del background storico indiano, nel sistema delle caste, e a causa del fatto che ci sono state molte persone che sono state lasciate per strada al freddo, gran parte della politica si basa sul come essere sicuri che ci indirizzeremo a quello.	201.16404724121094
Quando l'India cresceva del 3, 3,5% e la popolazione aumentava del 2%, il suo reddito pro capite si raddoppiava ogni 45 anni.	116.26016235351562
L'apocalisse ha avuto un apocalisse Un'armata di letalissimi cyborg sta cercando di trasformare il mondo in un cyber-inferno C'è solo una cosa che può fermarli.	142.6485137939453
A metà degli anni 70 i Led Zeppelin sono la più grande rock band in tour in America, eppure molti critici e pari li etichettano come plagiatori.	127.96119689941406
Si tratta di una villa bijou, con un giardino al indietro, ma costruito in diritto anteriore fino a la strada, due storie.	143.28880310058594
Briony Lodge e di cui nel capitale stanza, mentre io ancora osservato il causa dal mio post alla finestra.	153.10104370117188
Penso che andrai a rompere una di quelle fasce. Quando la romperai, ti darò 100 dollari. Ora, chiaramente era solo una piccola manovra del dottor P per farmi fare gli esercizi che non volevo fare di fronte alla prospettiva di essere la bambina più ricca del secondo piano, ma, quello che di fatto ha fatto, è stato di dare una forma diversa ad una orribile routine giornaliera. e trasformarla in una interessante esperienza per me.	358.46270751953125
Randy Course è uno speaker motivazionale, ne abbiamo un paio anche qui di esperti in motivazione personale.	118.70189666748047
Ma in realtà, coi cambiamenti climatici e l'aumento delle temperature, all'improvviso si vedono vasti campi di frumento, agribusiness e grano prodotto in Siberia.	142.75306701660156
Nel delirio dei messaggi di testo, email, incessanti sollecitazioni da diversi canali di comunicazione e password e app e promemoria e tweet e tag, perdiamo di vista quello che in realtà significa tutto questo trambusto: noi stessi.	203.91574096679688
Però passavano dei pullman che portavano al lavoro gli operai polacchi e ricordo che su uno di questi pullman c'erano dei cartelli di reclame come per dire sui nostri e c'era scritto Beste Suppe, Knorr Suppe , la zuppa migliore è la zuppa Knorr , che a noi faceva un effetto molto strano, il vedere la reclame di una zuppa, come se si potesse scegliere insomma, la zuppa migliore e una meno migliore.	362.9944763183594
Il mio campo, di 10 mila prigionieri, Monowitz appunto, faceva parte di una industria appartenente alla IG Farbenindustrie, che era un enorme trust chimico tedesco, adesso smantellato.	153.6922149658203
La prima: niente distinzioni di clan né divisioni politiche nella società.	87.70292663574219
In questi giorni di bestiame ingrassato e agitando campi di grano questa radice umile, che è stato una volta che il totem di una tribù indiana, è del tutto dimenticato, o conosciuti solo per la sua fioritura vite, ma regni della natura selvaggia qui una volta di più, e il grano tenero e di lusso inglese probabilmente scomparirà prima di un miriade di nemici, e senza le cure dell'uomo in linea d'possono portare indietro anche l'ultimo seme di grano al campo di grano grande	492.880615234375
Un quantum è l'unità minima di qualsiasi entità fisica coinvolta in un'interazione.	68.44091796875
Ha aperto alcune delle prime scuola charter del Paese verso la fine degli anni '80 negli Stati Uniti.	90.3830337524414
E' venuto con noi per una delle giornate di aggiornamento dei docenti e ha vinto qualcosa come 5 round di fila di Match Me ed era molto orgoglioso di sé.	173.58465576171875
Io credo che gli skater tendano ad essere degli outsider che cercano un senso di appartenenza, ma alle loro stesse condizioni, e il vero rispetto è dato dal modo in cui riprendiamo quello che fanno gli altri ragazzi, questi trick base, i 360 Flip,	224.684814453125
Non ci sono parole per dirlo I protagonisti del film stanno girando un sacco di auto riprese e questo vi da veramente una visione viscerale delle loro vite in una maniera che non potresti mai ottenere portando una troupe cinematografica a casa di qualcuno	201.85302734375
Spesso io e i miei partner siamo gli unici a parlare in giro.	66.91353607177734
Ogni punto sopra quella linea, e noterete come la maggior parte dei paesi del mondo la superi, rappresenta un surplus inutile, che probabilmente riflette i livelli di spreco di quella nazione.	173.0308837890625
Ok, la maggior parte, non tutti ma la maggior parte, e nel mondo, sono lieto di dirvi, questa è la norma. Ma avete mai visto un supermercato o un negozio di panini, nel mondo, che serva dei sandwich con le croste?	202.2799835205078
Hanno appena aperto una piccola boutique qui dietro.	70.85672760009766
Esattamente quando l'aviazione giapponese bombarda Pearl Harbour e riesce infine a trascinare in guerra gli USA.	102.87564086914062
Per questa crisi climatica, abbiamo messo assieme un network di circa 50 superstar tra attivisti, scienziati, imprenditori e leader del business.	113.64470672607422
Potete annusare per quello che volete, ma questa in particolare è stata costruita per trovare marijuana negli armadietti degli studenti.	129.28213500976562
Qui la Vergine Maria fa un'apparizione su un sandwich al formaggio - che ho potuto tenere in mano in un casinò di Las Vegas, ovviamente, poiche' questa e' l'America.	172.35040283203125
le istituzioni, tutti i nostri sponsor facciamoli andare!	91.02291870117188
Ho avuto appuntamenti con molte persone, e ha anche avuto secondi appuntamenti ma voglio assicurarmi di aver trovato la persona giusta prima di iniziare ad impegnarmi con lei quindi, ciò che faccio è tendenzialmente flirtare molto, stare in compagnia con molte persone per tastare il terreno e vedere come va	209.5434112548828
Ha anche un sacco di gadget da spia, sa smontare un iPod per metterci una camera nascosta che scatta foto ogni 5 secondi o rintracciare qualcuno tramite GPS o mettere cimici nelle macchine.	176.94677734375
Ho visto la schermata di login al parco.	56.08551788330078
Ho provato a pensare a cosa potrei usare qui, e un paio di settimane fa mi è venuta la folle idea di voler stampare due console da DJ e provare a mixare della musica.	160.56301879882812
Vi ho già parlato dell'Hotel ad Haiti, l'Hotel Montana, che è stato abbattuto, che è collassato -- ecco dove siamo oggi, questo è il Westin a Sendai, un fantastico hotel di 37 piani che è sopravvissuto al catastrofico terremoto dell'11 Marzo del 2011, il grande terremoto in Giappone, riportando quasi nessun danno.	250.694091796875
E così gli insegnanti, spesso, possono sedersi e dire: OK, ecco una piccola clip di una cosa che penso di aver fatto bene.	129.26316833496094
lessi una copia di Life magazine dove c'era la storia di una donna russa, cieca, di 75 anni che riusciva a leggere -- c'è ancora qualcuno che cerca di farlo -- (Risate)	176.716064453125
Beh, per ringraziarlo di aver detto eureka e per aver scelto Michael Mercil come nostro oratore -- Steve Jurvetson. KB:	184.7963409423828
Sono tutti identici tranne questo qua, che ovviamente ha un chiodo di acciaio inox conficcato.	118.72693634033203
Veloci istantanee di ciò che si potrebbe vedere da uno scooter in corsa; e se camminassi molto adagio per Roma, potrei studiare in maggior dettaglio le meravigliose superfici e quant'altro si può trovare.	203.1155242919922
E parte di quello che Mission Blue sta facendo è urlare: Stop! così che ognuno di noi - esploratore, scienziato, fumettista, cantante, chef - possa a proprio modo accendere le luci.	191.7407989501953
In Africa, ogni giorno, 6500 persone muoiono di AIDS -- una malattia che si può curare e prevenire -- per mancanza di medicinali che da noi sono in ogni farmacia.	126.62885284423828
Il mio disaccordo acquisisce molteplici prospettive quando parlo al popolo americano e ascolto le loro preoccupazioni per il deficit ed il benessere economico del Paese.	136.88621520996094
la macchina potrebbe uscire fuori strada e qualcuno avere un incidente e la prima persona che passa e li trova feriti,li tengono per mano e piangono con loro e dicono qui ,qui e poi cè un dottore che li aiuta e li soccorre ma l'ingegnere di cui non hai mai sentito parlare,che arriva mette un muro a lato della strada,o inclina la strada,e mette dei guardrail in modo che non ci siano incidenti. tu non hai mai sentito di queste persone in società.	393.92193603515625
Insieme impareremo teoria e pratica dei linguaggi di programmazione, sino a costruire un browser web.	81.73494720458984
Potete vedere attraverso la jeep un cammello, e un carro.	82.87808227539062
Cosa che sapevo, perchè è stata la parola che mi ha fatto vincere la gara di spelling dell'Ohio nel 1976.	112.11902618408203
Lì, egli potrà rivedere, modificare e migliorare la bozza di traduzione (computerizzata) dei tuoi sottotitoli.	128.13890075683594
E per coloro che non sono genitori, le tazze da bebè sono quelle cose di plastica che i bambini usano quando sono troppo grandi per i biberon.	117.07160186767578
Uno dei ranch è chiamato Kirkeby Ranch, ove vi portero' per un minuto.	113.19966125488281
Il forum degli studenti di Riau (Fopersma) ha manifestato la propria solidarietà con una fiaccolata spingendo i giornalisti di Riau ad unirsi alla protesta, a causa del silenzio del Governo La solidarietà dei giornalisti le azioni del Forum degli studenti (Fopersma) di Riau per affrontare il problema del pestaggio dei giornalisti	251.11692810058594
Questo era nel 1997, e questa è una foto che ho fatto circa alle 3 del mattino a Mountain View, quando stavamo osservando i monitor del computer perché avevamo sentito un segnale per cui abbiamo pensato Ce l'abbiamo fatta . Giusto?	203.77203369140625
Poi si colloca un altro elettrone, e parleremo di spin e cose simili in futuro.	100.09066772460938
Il gangster :	35.3833122253418
caduta più parte di un copyright programma creato da vero e proprio bambi definitivamente andato tutte le auto della guardia nazionale in onda 238 per quanto riguarda l'omicidio ma vi siete persi mezzo con rona	257.5479431152344
Si sentiva nessun handicap su questo punto.	72.47552490234375
Poi tutti e tre lasciato l'appartamento insieme, qualcosa che non aveva fatto per mesi, e prese il tram elettrico all'aria aperta fuori della città.	132.41360473632812
Larry ha riconosciuto fin dall'inizio, e abbiamo tutti apprezzato l'idea, che queste piccole cose sul desktop erano veramente la porta d'ingresso verso le grandi macchine sullo sfondo, e che tutto questo si sarebbe trasformato in una nuvola dietro lo schermo.	194.73519897460938
Questa è la storia di uno yacht club sono principalmente tutti colletti blu.	93.16641235351562
Ma parlano anche del fatto che i loro dirigenti, tutte le loro note spese, sono caricate sulla intranet aziendale perché tutti le possano vedere.	153.30548095703125
Esistono molti trial clinici.	50.43599319458008
Le magliette dello staff non gli stavano più e gli abbiamo dovuto fare la maglietta da capo.	97.08625793457031
Ed arrivarono anche i cliché ad assediarci.	84.97245788574219
Alcuni documenti, però, sono stati abbandonati intatti e gli attivisti, alcuni di loro, hanno trovato i loro dossier di sorveglianza pieni di trascrizioni delle email che avevano inviato, degli SMS che avevano mandato, persino le loro conversazioni Skype.	182.29153442382812
In segno di protesta, il blogger Slim Amamou, che era stato arrestato durante il governo di Ben Ali e che successivamente prese parte al governo di transizione creato dopo la rivoluzione, ha dato le dimissioni dal gabinetto, per protesta.	144.21688842773438
La Hyundai è un brand di lusso.	52.14310836791992
Mai e poi mai vogliamo essere partner di malware o provider inaffidabili, o roba del genere.	116.70750427246094
E sono gli stessi segnali che vanno in tilt nei disordini da dipendenza.	85.154541015625
Questo è uno screenshot dal mondo virtuale Entropia Universe.	60.161170959472656
Swartz stava conducendo un massiccio download parallelo automatizzato del PACER.	135.69534301757812
Hai sentito che sto facendo lo spot sulla bevanda sportiva che stavi facendo tu, vero?	106.06285095214844
Il nostro trading agent può rilevare diverse cose, come le azioni o i titoli o le commodities.	96.2996826171875
Dovete sapere esattamente cosa vedrà il vostro audience nello spot pubblicitario.	90.02496337890625
Inizierò da un aneddoto, o per chi tra voi è fan dei Monty Python, da uno sketch alla Monty Python.	122.07179260253906
Ecco cosa faremo essenzialmente nella playlist sulla geometria: - capire come possiamo dimostrare qualcosa in maniera rigorosa ;	129.66781616210938
Che sappiate come muoverla su e giù e che capiate il concetto di nota di base. Inoltre, spero abbiate suonato anche qualche riff qui e là.	165.07398986816406
Altrimenti non sarete in grado di suonarlo. Quindi, suonate un po' questi accordi powerchord sulla quinta corda. Muoveteli su e giù e assicuratevi che il vostro stretching sia OK.	164.4001007080078
74 titoli su 100 sono sequel o remake di vecchi film. Oppure sono adattamenti di fumetti, video game, libri o altro materiale.	104.57642364501953
Quindi, ecco la storia dell'informatica degli ultimi 50 anni in meno di un minuto. Pronti? E' iniziata con un grande mainframe come questo, circondato da un gruppo di stupidi terminali. giusto?	174.62960815429688
lasciando solo del compost pulito.	69.13006591796875
Se provieni da Reason, sarai felice di sapere che puoi ancora creare sofisticate combo di effetti in Live.	119.55084991455078
Selezionare con il mouse e editare con CTRL+E creerà due tagli.	90.02424621582031
Eri a conoscenza del fatto che puoi creare effetti scratch ritardato con il Simple Delay?	115.6789321899414
Che questa festa ricevuto la Torah e di fronte alla reception chiamano rabbia	117.43372344970703
Rimase quasi sempre assorbito in una trance beatifica, durante la quale era privo di coscienza.	101.86575317382812
Ho sentito dire che c'é musica di sottofondo nelle toilette degli hotel.	82.0006332397461
I folti capelli neri, in fuga come potrebbe qui sotto e tra le bende croce, proiettato in frac curiosi e corna, dandogli l'aspetto più strano concepibile.	227.02166748046875
Carrello Fearenside, mentre Hall è stato avere una parola o un modo di preparazione gossip ad aiutare siano essi in	172.6294403076172
Pagano delle royalty sulle vendite ai detentori di brevetti, in questo modo vengono remunerati per la condivisione della loro proprietà intellettuale.	142.79258728027344
Il personale di intelligence ha scoperto e ci ha detto qualcuno era stato inviato a darci la caccia.	101.10076141357422
Questo è un momento teso nel primo match di football, penso.	84.1827163696289
Quasi 7000 persone hanno contribuito a rendere il mio progetto Tropi vs donne nei videogame più grande, vasto e migliore di quanto avrei mai potuto immaginare.	164.9918212890625
Quella sera stavo per sperimentare il Guinness World Record di stravaganza della danza e dell'acrobatica nord coreana e il momento clou chiave per la maggior parte dei visitatori - i Giochi Arirang.	203.35772705078125
Ma forse la cosa più eccitante a riguardo è che il driver di questa tecnologia è disponibile ovunque.	95.71153259277344
Questi pannelli che hanno gli insegnanti, potete andare a registrarvi proprio adesso e potete diventare essenzialmente un coach per i vostri figli, o nipoti, o cugini, o forse qualche bambino al Boys and Girls Club.	192.11744689941406
Abbiamo questa possibilità di resettare tutto, invece di dover credere a tutte le cose a cui ci hanno detto di credere.	99.29449462890625
Finisco con questo, che è il leitmotiv nel mio progetto imprenditoriale e anche nella mia vita.	98.04875183105469
Tutto cominciò con l'atterraggio di un ufo di un'altra galassia.	69.1695327758789
Quindi ho cercato di dare un senso, e quando sono arrivato, ho cercato qualche dépliant informativo che mi avrebbe aiutato a decifrare questo sistema e capirlo, e ho trovato queste brochure.	161.95254516601562
In effetti si tratta di un filmato di presentazione dell'accademia per clown che avevano.	95.6830825805664
Una lezione: il reportage dalla Cina di Tiziano Terzani nel 1984.	78.73084259033203
Il Doha Tribeca Film Festival è stato tenuto presso il nostro nuovo hub culturale, Katara.	88.89714813232422
Cannery Row, in quel periodo, era il più grande conservificio industriale della west coast .	99.49818420410156
Stavamo lanciando un megastore a Los Angeles, mi pare.	86.05741119384766
E ora, poiché credono di dover lavorare per contribuire la mondo, mettono questi post-it sulla testa, non scherzo, dove c'è scritto 'Genio al lavoro'.	180.78692626953125
E poi l'integrazione di tutte queste tecnologie di cui avete sentito parlare, l'antenna wifi che permette ai bambini di connetersi; lo schermo leggibile anche in piena luce;	154.35476684570312
Infatti negli anni Trenta la Grande Depressione ha condotto a Bretton Woods, al welfare state e così via.	95.79586791992188
BDSM, Kink, feticismo, leather, Jock Straps, piercing al cazzo, pinze per capezzoli, Dominazione e Sottomissione.	134.618408203125
Questo va in tandem con il reame dei pensieri di cui abbiamo parlato la scorsa settimana, perchè i pensieri sono una vibrazione.	110.83755493164062
Prendete due programmi, essi produrranno figli scambiandosi le subroutine, e i figli erediteranno i tratti delle subroutine dei due programmi.	142.93557739257812
Proprio come il darwinismo era al suo nadir, un revival era in corso.	93.7919692993164
Modi stupidi di morire - e - e, così tanti modi stupidi di morire. Tirare fuori il toast con la forchetta. Costruirsi il proprio impianto elettrico.	167.36660766601562
Basta tenere fuori mentre io risolvere il derby .	87.83413696289062
Se portiamo semplicemente quel rapporto a 15.000 a uno, arriveremmo a quegli obiettivi di aiuto che abbiamo concordato al Summit di Rio 20 anni fa, su cui il summit concluso la settimana scorsa non ha fatto nessun progresso.	224.65164184570312
Puoi immaginare che se fossero fiches, le fiches del poker, questa sarebbe una delle fiches blue del poker e ogni fiche blu rappresenta 10mila.	148.75563049316406
La notte scorsa, mentre il dolore si attenua, un giornalista ed un reporter televisivo dissero che quella sera la funzione alla Chiesa di Riverside sarebbe stata trasmessa sul nostro canale in citta'.	175.4021759033203
Abbiamo lavorato sodo per ridurre lo smog che veniva prodotto qui a Los Angeles.	80.45199584960938
Quindi ho chiesto alla gente di mandarmi la loro username e la loro password.	74.67227935791016
Quindi una persona del posto magari sta decidendo se fare la baby-sitter o no.	88.364501953125
Si sbarazzano di 15 lavoratori al giorno, ma non si vede alcun raid massiccio.	101.6994857788086
Le paillette dorate vanno con tutto.	64.30305480957031
Il bambino patata dolce infilò le mani in bocca fino a farne un purè e poi non ebbe più niente da dire.	114.98442077636719
Gli impiegati statali hanno dei benefit per i loro compagni.	69.39154815673828
Lo scotch sta qua.	55.14671325683594
Se ci pensate, l'innovazione cruciale di Google é stata il dare la cosa più importante -- ossia la decisione di cosa sia più rilevante -- in outsourcing alla comunità del web nel suo insieme, che fa quel che vuole fare. E' il page rank.	231.9793701171875
Sospetto: maschio bianco, alto 1 e 80. salopette gialla, capelli e scarpe rosse. Risponde al nome Ronald. Considerato armato e pericoloso.	162.25953674316406
Potresti, ma sarai appena tornato da una tournée di 4 settimane.	91.02605438232422
Si circondava di un entourage di accademici giovani e sconosciuti come Martin Buber, Shai Agnon e Franz Kafka e dava a ognuno di loro uno stipendio mensile così che potessero scrivere in pace.	160.40126037597656
- Una storia tutto sangue per uno scoop ?	73.73983001708984
Questo era Internet, questa scatola nera con la lucina rossa, rappresentata in questa sitcom The IT Crowd .	127.22732543945312
Ora, l'opposto di uno snob è vostra madre.	69.120361328125
E altri argomenti, tra cui: aggiunta di coni e intagliare la griffe xxxxxxxxxxxxxxxxxxxx	125.40965270996094
Lasciate che metta le cose in questo modo, se incontrassi uno che parla solo neerlandese in possesso della cura per il cancro, gli impedirei di entrare nella mia Università Inglese?	182.03143310546875
Poi entri in qualche tipo di racket dove vendi assicurazioni e hanno una certa quota da raggiungere..	122.58392333984375
Le persone all'interno della nostra rete diventano i nuovi testimonial e influenzano le nostre scelte, cosa vogliamo leggere, cosa vogliamo dire, cosa vogliamo acquistare o mangiare, e questa è una buona cosa.	153.98121643066406
Ma molti dei nostri cameraman e dei nostri giornalisti, sono entrati clandestinamente in Egitto -- volontariamente -- per informare su ciò che stava accadendo in piazza Tahrir.	138.1240997314453
- Allora ho detto: 'al diavolo questo chalet di merda, andiamo a sbronzarci altrove!	113.67130279541016
Attenzione: spoiler in arrivo gli specchi non sono trasparenti, non sono d'argento come spesso si dice.	103.23526000976562
Ma le storie personali che contribuiscono al buffet giornalistico sono pezzi che godono del lusso di un ballo lento di informazioni	151.92848205566406
Il problema è che questa politica funziona, e il bluff non viene scoperto, solo se credibile.	94.57597351074219
Un'analisi di questo respirocita, progettato da Rob Freitas, indica che se sostituisci 10% delle tue cellule sanguigne con queste versioni robotiche, potresti fare uno sprint Olimpico per 15 minuti senza fare un respiro.	211.95889282226562
Il povero ragazzo, gli attaccano la webcam in testa con lo scotch.	94.34248352050781
Sentite una tremenda tensione e la suspense perché sapete che qualcuno salterà fuori e sarà spaventoso, ma non sapete quando avverrà.	121.07329559326172
E poi ho realizzato una scuola di legge per Loyola a downtown Los Angeles.	91.5866470336914
Era un venditore di souvenir che aveva sempre voluto essere un pittore, e io ero Frankie P. Toronto.	115.150390625
Beh, guardiamo il replay e vediamo che è successo.	65.86094665527344
Dal primo giorno in terra abbiamo avuto un aumento quintuplo di riciclaggio, Eppure, noi stiamo producendo più trash che abbiamo fatto nel 1970.	148.0548858642578
Una delle cose che abbiamo imparato visitando diversi teatri, è che noi architetti siamo odiati perché dicono che la prima cosa che devono fare, i primi 5 minuti di ogni spettacolo, è togliere dalla testa del loro patron la nostra architettura.	192.7232208251953
Ma anche Becket con lo skyline di Dallas sullo sfondo.	76.44942474365234
Quanto empowerment c'è nel consumo seriale di gadget costosi, che hanno un ciclo di vita di uno o due anni? Che sono costruiti su sistemi chiusi e giardini recintati?	177.66729736328125
In Georgia, dopo anni di stallo, abbiamo assistito a una diffusa escalation di violenza, nell'agosto del 2008.	95.72856903076172
Chi l'ha fatta aveva il senso dello humour. Lo humour non c'entra qui. Vuoi dire che bisogna essere seri davanti a un affare come questo?	127.94721984863281
Ora ospita atelier di artisti, gruppi di teatro, e gruppi di danza.	71.12245178222656
Quando si è nel backstage si dà una risposta che forse lo fa sembrare così. Diciamo:	103.04402160644531
Non dico una t-shirt sportiva, ma la stessa maglia che indossano i giocatori nella partita.	82.90937042236328
Alcuni dicono che dovrebbero essere gratuiti; dovrebbero essere tabloid o ancora più piccoli:	94.92707824707031
Stamattina c'ho messo 10 minuti per uscire dal parcheggio dell'Hilton di Burlingame perché la card della mia camera non funzionava... Sono stato a guardare tutti gli altri mettevano la card e passavano, mettevano la card e passavano... arriva il mio turno e non funziona. Ecco perché mi ci son voluti 10 minuti per uscire dal parcheggio.	232.43026733398438
Quindi, nello stile dei Monty Python, questo ricorda la gag del Lord Privy Seal , ma è per dire che i bambini non sono vasi vuoti.	142.12521362304688
La settimana scorsa ho fatto sesso con uno al supermarket perché mi piaceva come prendeva la mia roba.	101.97209167480469
Roger nuota molto velocemente e riesce a raggiungerlo e il polpo cerca di bluffare e di sembrare molto grande alla vista.	137.51092529296875
Ho anche fatto -- e non voglio iniziare un piccolo litigio nel prossimo panel -- ma ho fatto un'analisi con Google Share dell'evoluzione e selezione naturale.	175.4721221923828
Comportamenti associati a ciò sono: senso di solitudine, voyeurismo, cliccare, cercare, aprire più schede, mandare avanti-veloce, ricerca di novità, choc e sorpresa.	199.64039611816406
Si troveranno a dover pagare ticket aggiuntivi per i checkup di base che servono a mantenerli in salute.	115.86492156982422
Ma provate a immaginare se cestinassimo questa nozione di expertise e di cattedra elitaria, e al suo posto abbracciassimo l'idea di un'expertise democratizzata, per cui l'expertise non sia solo appannaggio di chirurghi e CEO, ma anche delle commesse - sì.	274.8150939941406
Chiaramente qualcuno a Tel Aviv non riesce a digerire che le immagini dei massacri di civili... ...possano sovrapporsi a quelle dei briefing con tanto di rinfresco offerto ai giornalisti prezzolati.	185.03346252441406
Allora non boicottare quel regime di apartheid fu considerato un po come esserne complici, cosa cambia oggi? non crede che la miglior risposta all'occupazione israeliana e a questo massacro in corso... ...siano gli attentati, i kamikaze e i razzi Sderot.	285.2276611328125
Auguro a tutti loro del bene, ma particolarmente al Presidente, alla first lady ed ai loro figli. (Applausi).	112.38257598876953
Netflix aveva ragione: il modello di Netflix poteva capitalizzare sul DVD come i negozi di noleggio di videotape non potevano fare.	121.33059692382812
Signora, gradirebbe qualcuno di questi monili arancioni coi pois rosa?	107.76052856445312
Un blitz arriva da sinistra!	53.08348083496094
Questa immagine di Ted Joseph è tratta dal libro e rappresenta una specie di identikit delle creature che Whitley Strieber gli aveva descritto.	140.7610626220703
Ecco un' unità sperimentale mi sembra un e-book reader particolarmente attraente	95.40660095214844
Significa che ha spedito la palla in campo esterno, che la palla è caduta, senza essere presa, e chiunque abbia tentato di lanciarla in prima base non è arrivato in tempo e il runner era salvo.	180.77113342285156
Avrei potuto mettere la t e settare t come variabile di integrazioni,non c'è alcuna differenza e poi devo andare da 0 a 3.	167.2574005126953
Questo non ha niente a che vedere con coloro che vogliono costituire un ordine mondiale elitario sotto il controllo loro e delle grandi corporazioni con il resto del mondo asservito a essi.	133.50259399414062
I moduli video impilati saranno spediti in tutta sicurezza in pallet pre-categorizzati con imballaggio termoretrattile.	141.49362182617188
Sono entrato in una stanza asettica con un wafer di silicio, e poi ho messo in funzione tutti i macchinari per un centinaio di ore.	139.17291259765625
- sono nel business dei gazebo parecchio spazio per andare in giro qui non hai bisogno dei gazebo hai tutti quei portici	143.2601776123047
Ma lui spiegò che si trovava alle strette e che non riusciva a trovare quel tipo di sex appeal e quel grado di popolarità per cui le conferenze sono note-- (Risate) così dissi va bene, Ted -- cioè Chris.	244.43898010253906
Ubuntu Edge sarà una produzione limitata, disponibile solo ai supporter di questa campagna.	74.38811492919922
E alla fine della clip questa kitsch, kitsch sto male siamo	101.34601593017578
Abbiamo sviluppato un microcomputer che le abbiamo sistemato dietro la schiena, attraverso il quale Amanda riesce ad elaborare ciascun segnale muscolare.	124.73307037353516
La bagarre del riscaldamento globale portava via molto tempo e mi distraeva dalla ricerca scientifica, in parte perché avevo denunciato il fatto che la Casa Bianca aveva alterato la mia testimonianza.	163.23724365234375
Destro parlerò di loro, o ti dirò ragazze, continuo a pensare che tutto questo discorso di oggi mestieri istruire, raccontare, insegnare, telemarketing stavo facendo, il fondatore di una nuova professione	226.8292999267578
Tu eri il migliore a rollare uno spinello.	73.00404357910156
E lo diamo per scontato, così giocattoli e lingerie ci aiuteranno in questo senso.	100.55326080322266
E ognuno deve fare la propria parte, nell'Arazzo della Vita, menzionato nel depliant di questa mattina.	116.84733581542969
Il simbolo della porta somiglia a una porta da saloon nel selvaggio West.	77.43169403076172
Sta per svenire, ma fortunatamente non indossa un foulard come l'altra ragazza, che è stata quasi strangolata, o come la terza ragazza, che è stata penetrata con un coltello, o come la quarta o la quinta ragazza, che sono state rapite in una macchina, ma sono riuscite a saltarne fuori.. o come la madre che è stata violentata davanti ai figli.	248.39797973632812
In ogni caso, non ho rivendicato volentieri l'etichetta femminista, sebbene ne fossi circondata, perché l'associavo ai gruppi di donne di mia madre, la sua gonna frusciante e le sue spalline -- nessuna delle quali aveva molta cache nei corridoi della Palmer High Scholl dove in quel momento cercavo di essere trendy.	295.04632568359375
Perché non è stato condotto alcun test della qualità dell'aria in questo edificio da quando siamo stati eletti?	93.53855895996094
Essendo austriaco mi è rimasta impressa vivamente nella memoria - ma credo lo stesso valga per tutti noi - la sciagura del tunnel nei monti Tauri che è costata la vita a tante persone e in cui solo dopo molti mesi e con un enorme sforzo finanziario si è potuto ricostruire quanto era andato distrutto all'interno del tunnel a causa dell'incendio.	251.40908813476562
I lavori di ricostruzione, durati mesi, hanno provocato l' interruzione del transito in questa importante arteria di comunicazione fra il nord e il sud dell'Europa.	112.03904724121094
Ci sono diversi motivi per dedicare attenzione a questo aspetto, basti guardare quanti incidenti si sono prodotti negli anni scorsi in caso di nebbia in Belgio, o in Olanda o in altri paesi. Tanti sono gli incidenti in cui sono rimasti coinvolti camion che trasportavano merci pericolose e che in tali condizioni meteorologiche non avrebbero dovuto viaggiare invece di trovarsi tranquillamente sulle strade.	248.53787231445312
Tale modifica sarebbe necessaria anche per lasciare immutato lo standard di sicurezza in vigore nelle regioni nordiche.	112.42025756835938
E mi permetto di ricordargli anche che, mentre era Segretario di Stato per il Galles, il leader del suo partito, Hague, ha violato tutte le regole sull' addizionalità e per questo ricevuto una dura lettera del Commissario Wulf-Mathies sui requisiti normativi.	248.3654022216797
In pratica intendo dire che stiamo per entrare in un periodo di gestione della programmazione 2000-2006 che non dovrà essere un periodo di routine per un semplice motivo: dobbiamo raccogliere due grandi sfide.	178.92794799804688
Infine, per rispondere alle preoccupazioni espresse dai diversi onorevoli parlamentari e in particolare dalla relatrice, le linee direttrici ricordano l' importanza e la definizione di strategia integrate di sviluppo o di riconversione, che tra tutte le priorità attribuiscono la chance maggiore alle sinergie, alle misure adottate e alla realizzazione di un partenariato decentrato.	293.1266174316406
Non voglio citarli tutti: la realizzazione di politiche intersettoriali, l' aumento dell' efficacia dell' utilizzo dei fondi pubblici, il sostegno a favore dei diversi partner per realizzare insieme la pianificazione regionale o nazionale e via discorrendo.	204.20401000976562
Attualmente molti dossier vengono presentati proprio in tale contesto, mentre in futuro questo strumento non sarà più disponibile.	103.4620590209961
Per dare un esempio, le cifre relative all' anno scorso indicano un valore totale delle fusioni in Europa pari a 1,4 trilioni di euro, ovvero sette volte il livello del picco registrato nell' anno del precedente boom delle fusioni in Europa, il 1990.	184.0965118408203
Tutto ciò per lottare contro una frode inferiore a un miliardo di euro mentre se ne lasciano andare decine di miliardi per gli SPG, per le zone di libero scambio, per i regali doganali alla Chiquita e per i miliardi persi sulla quarta risorsa, il PIL, dovuti al patto di austerity sul bilancio.	278.1273498535156
Il mio parere, in qualità di ex Ministro per lo sviluppo, è che questi stessi argomenti dovrebbero essere oggetto di mainstreaming e dovrebbero essere affrontati nel contesto della formazione e non trasformati in una sorta di optional aggiuntivo.	161.6629180908203
Riveste naturalmente la massima importanza l'accesso dei portatori di handicap ai mezzi di trasporto, ai servizi e agli impianti di ogni genere, in modo da garantire anche ai disabili un'effettiva libera circolazione.	139.87203979492188
Né è accettabile che un' istituzione pubblica abbia il copyright su documenti pubblici.	86.8299560546875
Non possiamo ignorarli o eluderli, nemmeno con una cosiddetta soft law, come si è proposto in sordina durante una riunione della nostra commissione.	147.5212860107422
Questo era un argomento usato contro la Commissione dalle lobby dei duty-free, risentite per il fatto che la Commissione avesse abolito i duty-free negli aeroporti.	132.61972045898438
Non so se batta il record di tutte le risoluzioni presentate in questa sede ma, senza dubbio, batte il record di questo tipo di risoluzioni.	120.79816436767578
Esiste la volontà, ma i timori sono enormi e per mettere a tacere la paura dobbiamo trovare una leadership politica e religiosa non solo in Irlanda, ma anche in tutta l' Unione europea.	155.337646484375
Oggetto: Progetto di regolamento che stabilisce i totali ammissibili di cattura di determinate popolazioni di pesci per l'anno 2000 (caso concreto dell'acciuga) Secondo le ultime relazioni del Consiglio internazionale per l'esplorazione del mare, lo stock di acciughe nella zona VIII CIEM versa attualmente in condizioni critiche.	252.46194458007812
I programmi di compravendita gestiti tramite computer hanno trasformato un bip qualsiasi in una valanga, che ha travolto posti di lavoro, vite ed imprese in tutto il mondo.	156.78656005859375
Ci troviamo di fronte ad una asset inflation di portata mondiale.	81.41622161865234
Questa nostra sottolineatura è tanto più importante perché noi, com' è noto, dissentiamo sostanzialmente dalle politiche fatte da quest' Europa: dalle sue politiche economiche e sociali, dal suo deficit di democrazia, dal coinvolgimento di questi stessi paesi nella drammatica guerra dei Balcani.	201.16586303710938
Vedo invece che in tutta Europa la gente beve Coca Cola, mangia hamburger, indossa berretti da baseball, guarda i film di Hollywood e spesso fa tutto questo contemporaneamente.	131.71795654296875
Nei prossimi anni si tratterà di aumentare la partecipazione delle donne fino a giungere ad una percentuale del 40 percento di donne nelle borse di studio Marie Curie, nelle assemblee consultive e nei panel di valutazione dell' insieme del quinto programma quadro RST.	209.4451446533203
Parlerò invece del Partito socialista spagnolo che si è da poco alleato con i macellai di Albacete, che regola i suoi conti con i nazionalisti baschi mediante l' intervento per procura di killer professionisti.	210.17039489746094
Per poter garantire la sostenibilità - una parola che è ormai diventato uno slogan quasi privo di significato, ma tutti sappiamo che cosa si intende con tale termine - occorre anche sfruttare le sinergie nelle aree rurali, per esempio fra turismo e agricoltura.	185.3574676513672
E ciò in considerazione del processo di ampliamento ad est e del processo di maggiore integrazione con i paesi del Mediterraneo.	103.93548583984375
Non ci si deve occupare sempre e soltanto dei propri hobby ma svolgere anche il lavoro quotidiano normale.	98.73486328125
Tuttavia, la delegazione francese del gruppo di cui facciamo parte non può accettare che l'iniziativa INTERREG venga deviata da quello che è il suo scopo dalla Commissione e dal clan federalista allo scopo di smorzare ulteriormente il ruolo politico delle nazioni.	205.2250518798828
A proposito del dialogo con i cittadini, non si tratta di fare propaganda o marketing e nemmeno comunicazione.	86.12677764892578
La questione è molto importante e vorrei sapere, dato che si potrebbe parlare di baby truffa , se il Commissario veglierà a che quei fondi non siano sottratti agli andalusi, affinché il finanziamento che l' Unione europea destina all' Andalusia, basandosi sul criterio del censimento, tenga conto di quei 400.000 bambini che Aznar non calcola quando si tratta di fornire loro scuole e servizi.	328.8896179199219
Se funziona il mercato del lavoro per livelli di occupazione, flessibilità ed efficienza salariale, non possono non funzionare il welfare state e la protezione sociale, e viceversa.	136.73292541503906
Ci era stato detto che all'arrivo avremmo trovato un autobus ad attenderci.	73.65325164794922
Gli investimenti nazionali ed esteri registreranno un incremento e si verificherà un maggiore trasferimento di know-how e di tecnologie, fattori che daranno impulso alla competitività dei paesi ACP e ne agevoleranno la graduale integrazione nell' economia mondiale.	173.70948791503906
In media, per gestire 10 milioni di dollari di aiuti la Commissione conta su uno staff di 2,9 persone, rispetto a 4,3 della Banca mondiale e tra 4 e 9 nei maggiori Stati membri.	187.57473754882812
Le proposte della Commissione di cui si discute in Aula consentono di operare il lifting di cui essa ha bisogno.	118.96075439453125
Corinne Caillaux sarà ritrovata trucidata a coltellate - dopo essere stata sicuramente stuprata - nella toilette del treno.	127.14678192138672
La nuova grande sfida che dobbiamo affrontare è il rilancio del nuovo round dei negoziati per il commercio mondiale falliti a Seattle lo scorso dicembre.	116.3283462524414
Finora Kouchner dispone soltanto di 2.000 agenti di polizia, metà dei quali proviene dagli USA e dalla Germania.	126.18051147460938
In questa prospettiva l' activity based management è lo strumento chiave per assicurare corrispondenza fra obiettivi, azioni e risorse.	103.46610260009766
La ringrazio, Commissario Patten, anche per aver saputo condire questo argomento così complesso con un po' del suo humour britannico, cosa che di certo non ha guastato.	148.45278930664062
E' difficile prevedere chi causerà il salutare shock e quando.	82.55372619628906
La piena occupazione sarà però ristabilita quando non ci saranno più disoccupati di lunga durata, quando ogni giovane si sarà visto offrire almeno uno stage di formazione, al più tardi sei mesi dopo essere entrato sul mercato del lavoro.	161.15328979492188
Occorre un sistema di allarme precoce per le violazioni dei diritti umani; occorrerebbe inoltre una pagina web che illustri il lavoro svolto in materia di diritti umani, precisando per esempio chi faccia che cosa, e con quali risultati.	162.11390686035156
Si tratta di un business le cui dimensioni, secondo l' UNDP, possono essere valutate intorno ai sette miliardi di dollari.	92.4557876586914
Tale gruppo è un misto di onorevole Bonino ed onorevole Le Pen, che è già in sé un abbinamento sensazionale, per di più questo club non partecipa mai ai lavori delle commissioni.	193.17733764648438
E' ora che il Parlamento dia una lezione agli snob del cioccolato.	84.85588836669922
La rilevazione delle impronte digitali è una grave ingerenza nella privacy e bisogna valutare attentamente la compatibilità di tali disposizioni con la Convenzione europea dei diritti umani: non sono certa che lo si sia davvero fatto.	167.03012084960938
Il concetto di servizio universale ci indica la direzione da seguire, ma l'idea non deve essere applicata da quei provider che censurano Internet, impedendo con espedienti tecnici ai loro clienti l'accesso ad alcune parti della rete.	168.39602661132812
Nella dichiarazione di Lahore, i premier dei due paesi affermarono la loro volontà di rispettare l' Accordo di Simla del 1972.	97.37181091308594
Proprio a causa di questa impasse e degli alti rischi che essa comporta, i paesi terzi dovranno adottare un approccio equilibrato, esortando entrambe le parti a smorzare i toni dell'escalation militare in maniera articolata e a riprendere un dialogo a tutto campo per rilanciare il processo di pace di Lahore.	209.44590759277344
Nessuno vuole sostenere che l'effetto deterrente dello strumento interventi di cambio sia proporzionale all'importo delle riserve, ma è la facoltà di mobilitare immediatamente e in qualsiasi momento attività supplementari che conferisce un surplus di credibilità.	205.14280700683594
L'attuale legislazione rischia di scatenare un'altra disputa commerciale sulle due sponde dell'Atlantico, ma questo è un altro problema; inoltre, non rispetta la migliore prassi ambientale basata sui criteri di prestazioni; e infine - immaginate un po' - esclude i velivoli che utilizzano un moderno motore di produzione statunitense, ma permette l'uso del motore Rolls Royce la cui bypass ratio , opportunamente, è pari a 3,1.	343.5611267089844
Già all'inizio di aprile di quest'anno è stata avviata una campagna per sensibilizzare chi viaggia alla gravità del problema, mediante spot televisivi e cinematografici, cartelloni pubblicitari negli aeroporti e grandi inserzioni sui giornali.	158.41458129882812
Dovranno inoltre, sempre a titolo di esempio, garantire che i proprietari degli hotel e i loro dipendenti siano a conoscenza dell'opera di contrasto dello sfruttamento sessuale dell'infanzia e che vi contribuiscano.	144.83970642089844
Con la richiesta di insediamento di una commissione parlamentare d' inchiesta, un' alleanza composta da verdi, sinistra e destra vuole evidentemente trasformare il Parlamento europeo in un set cinematografico degno di un film di James Bond.	168.6724853515625
Ad un fenomeno planetario di migrazione si contrappongono piani, budget e campagne d' informazione.	120.43310546875
Non è un problema di bottiglie di champagne stappate fra Bruxelles e Strasburgo, che è una quisquilia, se mi è permesso dirlo.	133.5288848876953
Spesso, però, la nostra alimentazione contiene un cocktail di sostanze diverse di cui non sempre conosciamo gli effetti!	95.99079132080078
Preoccupazione verso il modo in cui è avvenuta la gestazione del vertice - non figurava neppure nel programma di questo semestre - con momenti di confusione, di suspense e abbondante dietrologia, fatto incompatibile con la serietà e il rigore che ci si attende dall'Unione europea e con l'importanza di questo storico incontro, il primo ai massimi livelli fra le più alte cariche dell'Europa e del continente africano.	310.441650390625
Non voterò a favore di questa shopping list, a meno che non venga modificata nel senso da me appena esposto.	109.37298583984375
L'attuale escalation della tensione viene altresì alimentata dalle dichiarazioni dei responsabili della NATO, come pure dalle nuove intense esercitazioni militari delle forze NATO.	126.07029724121094
Da qui la mia domanda: la Commissione vuole un' autorizzazione forfait anche per altri prodotti?	121.91171264648438
Dei rapporti medici hanno evidenziato che coloro che abitano nelle immediate vicinanze degli aeroporti soffrono di gravissimi problemi di salute, tra cui insonnia, ipertensione, stress e depressione.	115.91136169433594
Come è già stato ricordato questa sera, il commercio elettronico e le transazioni online stanno conoscendo una crescita rapidissima, ed è importante realizzare un quadro legislativo europeo nell'ambito del quale tali attività possano svilupparsi e prosperare.	160.30467224121094
In terzo luogo, se la spesa relativa agli Inviati speciali sarà in futuro trasferita al bilancio amministrativo del Consiglio, come si presume, ciò significa che sarà necessario rivedere in seguito il gentlemen's agreement attualmente in vigore fra Consiglio e Parlamento europeo, in virtù del quale il Consiglio non interferisce nel bilancio del Parlamento, e viceversa.	230.23318481445312
Pertanto abbiamo potuto dare seguito ai lavori del team sull'ESB.	82.25834655761719
Le nuove tecnologie, in particolare i tachimetri digitali e le smart card che ogni singolo camionista inserisce nel tachimetro - potrebbero essere il mezzo migliore per disciplinare l' orario degli autotrasportatori sulla strada e al lavoro.	175.34100341796875
Date le diversità di background storici, quadri normativi, tipo e numero di reattori e tipo di approccio al regolamento dei vari Stati membri, non sarebbe facile armonizzare i requisiti minimi in un'unica normativa comune.	203.73854064941406
Trattandosi di un argomento così delicato, sarebbe giusto che l'Ufficio di presidenza, il Parlamento e la Conferenza dei presidenti ricevessero un resoconto dettagliato di questa défaillance del sistema.	142.55738830566406
E perché le persone che vogliono volontariamente prostituirsi, sebbene la prostituzione sia formalmente legale in molti Stati membri, devono scontrarsi con la proibizione sostanziale che colpisce le attività connesse e con gli escamotage che criminalizzano nei fatti l'esercizio della prostituzione volontaria?	215.4480743408203
Come tutti gli altri deputati di questo Parlamento e tutti i giornalisti europei, non ho potuto recarmi a Jaffna di recente, né ho visto alcun reportage televisivo sulla battaglia dell'Elephant Pass.	153.78614807128906
Purtroppo la risoluzione in esame è stata la scintilla che ha scatenato un vero e proprio match tra Belgio ed Inghilterra, dapprima all'interno del gruppo PPE-DE e poi anche nell'Emiciclo.	187.6610107421875
Si potrebbe scegliere di acquistare una terapia sostitutiva invece di una overdose di sigarette.	91.99688720703125
Esorto i governi a mettere l' alt all' autorizzazione di nuove sostanze e a dare inizio alla progressiva riduzione delle sostanze nocive mettendo a punto un piano di sostituzione.	182.74098205566406
Faccio un esempio concreto: nel caso della lotta contro il doping, per poter avviare un' azione comunitaria ci basiamo, tra l' altro, sui testi relativi alla salute, ma anche in questo caso gli Stati membri, a livello di Ministri dello sport, hanno istituito un comitato incaricato di esaminare quale può essere la migliore base giuridica sulla quale fondare la lotta contro il doping da parte della Commissione.	285.3097229003906
Ritengo che sia importante suddividere i compiti di assistenza, promuovere azioni contro la tratta delle donne e favorire l' empowerment delle donne.	131.1670379638672
Diciamolo a chiare lettere: questa situazione è riconducibile al fatale operato di un solo uomo, del suo entourage e del suo regime, cioè Milosevic.	141.4332733154297
La politica monetaria è certamente una leva capace di determinare, nel bene e nel male, le performance economiche di un paese, ma proprio per questo non bisogna attribuire alla BCE responsabilità che non può avere, né alla luce di quanto stabilisce il Trattato né alla luce dei fondamentali di politica economica.	194.5972442626953
In particolare sono rimasto sbalordito e spaventato dalla proposta della onorevole Randzio-Plath di arruolare alunni delle scuole elementari in veste di Sturmtruppen per questo blitz propagandistico a favore dell' euro.	187.5780487060547
Il fatto che la relazione sulla riunione della Commissione in cui è stata ridotta all' osso la multa per l' affaire Fléchard sia introvabile non è altro che una presa in giro.	170.17498779296875
Vorrei esprimere qui la mia protesta per i comportamenti delle forze dell'ordine olandesi nei confronti di una troupe di giornalisti italiani che riprendevano le sofferenze di un gruppo di disabili portati a braccia sugli spalti perché non vi erano sufficienti posti a loro disposizione.	179.5994873046875
E' perciò importante che vi sia l' informazione necessaria - che dovrà essere naturalmente più ampia di quella alla quale si assiste oggi quando i paesi mettono in circolazione un nuovo design per le banconote e le monete.	178.0080108642578
Signor Presidente, secondo il mio modo di vedere il leitmotiv della relazione in parola sono i pii desideri.	118.63714599609375
Tuttavia siamo contrari all' istituzione di una Scuola diplomatica per la formazione del personale, formazione che intendiamo piuttosto nel senso, ad esempio, di una formazione supplementare o di una sorta di on the job training .	173.26779174804688
La complessità della materia e la brevità del tempo mi consentono solo alcuni flash di riepilogo, che considero essenziali e che spero saranno tenuti nella dovuta considerazione dalla Commissione.	145.62277221679688
Non lo condivido perchè la comunicazione ripresenta il vecchio cliché europeo per quello che riguarda la TV e il cinema: intervento pubblico diretto con le aziende statali, assistenzialismo, negazione della natura del mercato che il settore audiovisivo ha sempre più assunto.	222.3203125
E' importante, se in Europa intendiamo realizzare un servizio pubblico che operi in un ambiente lealmente competitivo - lo stiamo constatando con l' audience dei servizi pubblici - e se intendiamo sostenere, al contempo, il servizio privato audiovisivo.	211.32354736328125
Il problema non è se Solana o un qualsiasi mister PESC presenterà comunicazioni annuali in Parlamento, ma come i popoli europei si riapproprieranno del loro destino per intervenire in modo efficace e imporre la pace, la solidarietà e la cooperazione internazionale fondata sul vantaggio reciproco.	252.19570922851562
Se veramente avesse voluto combattere il doping, l' avrebbe già fatto, ma ciò non conviene al CIO, alle federazioni internazionali, agli sponsor che investono nello sport né alle industrie farmaceutiche.	159.19754028320312
O se lo sport agonistico non stia tornando ad essere un combattimento tra gladiatori rappresentati, questa volta, da uomini robot attrezzati con le ultime novità della biotecnologia e della cybertecnologia e finanziati da interessi politico-finanziari.	200.89805603027344
Esso rimette in discussione sia il fair play che l'autenticità della competizione, mettendo contemporaneamente in pericolo gli sportivi che vi si dedicano.	129.1804962158203
La scienza ha sempre avuto due volti: quello che si scopre può essere usato a favore nostro o contro di noi, da sempre: la ruota serve per muoversi più velocemente o per uccidere qualcuno; il revolver serve per difendersi o per ammazzare; l'energia atomica serve per farci stare meglio o per creare bombe atomiche.	208.19651794433594
Non per nulla lo chef de mission olandese André Bolhuis aveva definito i Giochi olimpici di Atlanta la guerra olimpica . Probabilmente l' ispirazione è provenuta dalle migliaia di agenti di polizia schierati e dall' atmosfera ostile che il pubblico e i media americani hanno creato attorno agli atleti stranieri.	225.4929656982422
Il secolo d' oro della nomenklatura comunista ha fatto sì che le persone venissero così disprezzate nell' ex Unione Sovietica e che così poco abbia potuto essere salvato nella Russia attuale, da provocare questo terribile disastro.	171.5161895751953
Infine desidero sottolineare ancora una volta al Parlamento che non siamo rimasti con le mani in mano a causa di questo dubbio o di questa querelle interpretativa in materia di Eurodac: la Commissione ha già presentato un documento di lavoro sulla revisione della Convenzione di Dublino che ha inviato al Parlamento europeo.	215.39288330078125
Per esempio, in relazione all'argomento in discussione un esteso hinterland che oggi fosse servito magari da più porti diversi potrebbe orientarsi a selezionarne solo alcuni, con la conseguenza di conferire solo a questi i volumi necessari per i più severi requisiti di eleggibilità.	242.28518676757812
Signora Commissario, a questa direttiva è collegata una fiche d' impact . 	121.0936508178711
L' Afghanistan è forse condannato a regredire nell' oscurantismo di un' altra epoca, a soffocare lentamente sotto il giogo dei talebani, analogamente a quanto accade - com' è stato poc' anzi ricordato - alle donne sotto il peso del chador a loro imposto?	228.4012451171875
Purtroppo la relatrice onorevole Haug ha scelto una linea politica che tiene conto esclusivamente dei sostenitori di una Europa federale, una linea con la quale la relatrice, come il suo predecessore Bourlanges, cerca di sfondare il plafond finanziario.	231.40121459960938
Nei Paesi Bassi la discussione si è incentrata sull' istituzione di un' Autorità europea per la sicurezza alimentare, una specie di pendant europeo alla FDA statunitense.	118.58147430419922
Il traguardo deve essere quello di creare una single payment area all' interno della quale si applicano ai pagamenti transfrontalieri le stesse condizioni e le stesse commissioni previste per le operazioni nazionali.	144.62388610839844
Non è l' alfa e l' omega dello statuto di questa Carta.	71.65978240966797
Nel corso degli anni ' 90 una notevole diminuzione dei contributi ha penalizzato le casse sanitarie, con il risultato di una graduale instaurazione ovunque in Europa di un ticket sanitario che grava sui pazienti e di una medicina preventiva in netta regressione.	203.4835205078125
I documenti venuti alla luce sono un vero e proprio smoking gun .	73.36102294921875
Dmitrij Zavadskij, cameraman della televisione russa scomparso in circostanze misteriose dall'aeroporto di Minsk il 7 luglio e, infine, Jurij Karpenko, capo del Civil Party ed ex sindaco di Molodechno, morto improvvisamente in circostanze poco chiare nell'agosto del 1999.	218.3677978515625
Signora Commissario, abbiamo una direttiva sull' end of life vehicles.	94.94567108154297
Qualche settimana fa, l' ovest della Francia è stato flagellato da un nuovo disastro ecologico: il naufragio della nave-cisterna Ievoli Sun che trasportava prodotti chimici.	127.07049560546875
La prima parte può essere accettata, come per l' emendamento n. 17; non lo può essere invece la seconda perché l' Aufsichtsrat, per dirla alla tedesca, è compreso nel concetto di amministrazione ed è soggetto agli stessi obblighi previsti per tutti i manager di impresa.	218.50503540039062
In realtà, sia nei casi secondari che in quelli più rilevanti, ci rendiamo conto del fatto che l'Europa di Nizza, concepita come un'Europa teoricamente dinamica, sia permanentemente in panne per i motivi che Bourlanges ha perfettamente evocato all'indomani del Vertice di Nizza.	257.2473449707031
Il mobbing è una pratica diffusa volta a farli sentire sempre più inadeguati e ad indurli a lasciare il posto di lavoro in modo apparentemente volontario.	103.18333435058594
In caso contrario, come già evidenziato da altri oratori, significa automaticamente che chiediamo alla Commissione di elaborare delle disposizioni in materia per evitare che si verifichino incidenti dovuti al fatto che i piloti sono costretti a rimanere alla cloche per un numero eccessivo di ore.	199.31634521484375
Un'automobile nel garage non è affatto pericolosa, ma diventa un'arma se usata male.	84.98863983154297
Sapete che ho presentato un emendamento in cui si tratta in modo particolare della questione dei motociclisti e dei guardrail e spero che domani voi e il vostro gruppo lo sosteniate, perché anch' io sono un motociclista e pertanto conosco molto bene il problema.	198.49935913085938
Tutto ciò è sicuramente più difficile della repressione che consiste, per esempio, nell' installare un radar in un' auto-civetta, alla fine di una discesa in un' autostrada a tre corsie totalmente libera!	186.5884552001953
Il punto 12 richiede e sollecita una riflessione su come individuare una regolamentazione specifica dell' IVA per quanto concerne il download di pubblicazioni.	141.6592559814453
I pareri di quest'Assemblea costituiranno, infatti, un prezioso aiuto per la Commissione nel definire la sua proposta strategica per il Vertice di Göteborg, proposta che - ripeto - dev'essere concreta, altrimenti diventa un summit senza mordente.	209.95494079589844
Le superstar irlandesi Boyzone e Corrs hanno chiesto al Parlamento europeo di proteggere la loro musica nell' era di Internet.	110.42679595947266
Ma è inconcepibile lasciare alle hostess delle compagnie aeree il compito di valutare la necessità di protezione di una persona.	108.39225769042969
Per il medio termine, il gruppo GUE/NGL è favorevole ad una riforma radicale della politica agricola comune affinché essa non prosciughi il bilancio con un sostegno illegittimo all' agribusiness tutto incentrato sulla produzione e pericoloso sia per la salute umana che per l' ambiente.	207.26023864746094
A mio parere, i recenti raid in Iraq ne sono una prova lampante.	82.36846923828125
Credo che sia una forma di privatizzazione nascosta delle procedure di immigrazione e, come hanno rilevato anche altri colleghi, trasferisce sul personale del check-in e sui conducenti la responsabilità di controllare i documenti invece di lasciarla al personale ufficiale di immigrazione che dovrebbe essere formato a operare in modo non razzista e umano.	239.66848754882812
Signora Presidente, vorrei congratularmi con la Presidenza svedese per la bella home page .	96.22805786132812
Un briefing obbligatorio è quindi un requisito di minima, ed altrettanto necessaria è una stretta collaborazione tra i diversi gruppi di osservatori.	125.56364440917969
Sarà possibile in futuro attribuire licenze obbligatorie, allorché per esempio su una pagina nota può essere creato molto semplicemente un link che rinvia in automatico ad un' altra pagina?	186.07440185546875
Tuttavia, a partire da ora, gli importi principali di queste stesse operazioni saranno considerati attivi finanziari che non rientreranno nel calcolo del debito pubblico. In tal modo, si potrebbe agevolare un' operazione di maquillage e d' occultamento dell' indebitamento netto e, quindi, dell' eccesso di disavanzo pubblico, cosa, quest' ultima, inaccettabile.	261.2760925292969
Consideriamo questa concorrenza per ottenere l' attenzione dei media estremamente scorretta e riteniamo che sarebbe molto meglio assicurare una cooperazione e un coordinamento che tengano conto dell' expertise delle suddette organizzazioni, poiché esse hanno una grande esperienza in questo settore e un numero di membri più elevato.	222.05319213867188
Quanto al suggerimento di togliere la moratoria sulle colture geneticamente modificate, il transfer genetico è ormai un fatto accertato; nel mio paese - l'Irlanda - quale speranza abbiamo di proteggere le colture non geneticamente modificate da questo tipo di contaminazione?	181.77484130859375
Stiamo parlando tra l' altro di cosmetici e non di medicinali; parliamo di shampoo e creme antirughe, e come ha detto poco fa l' onorevole Davies, non soffriamo certo di penuria di simili prodotti nei negozi.	198.3699493408203
La Commissione e soprattutto il Consiglio stesso tendono a dimenticarlo ed ho l'impressione che il Consiglio si comporti un po' come i boss mafiosi negli Stati Uniti che si stanno scambiando settori di attività, invece di comportarsi come l'autorità di bilancio responsabile che il Consiglio dovrebbe essere.	212.4014434814453
A pagina 41 delle motivazioni scrive che la procedura di discarico dovrebbe terminare, idealmente, con una situazione win-win , in cui tutti i partecipanti risultano vincenti: la Commissione oggetto del controllo, così come il Parlamento che esercita il controllo e, di conseguenza, anche i contribuenti, ovviamente, alcuni dei quali sono presenti in tribuna.	275.7347106933594
Sono molto lieto che egli abbia fatto sì che il tassello finale del puzzle delle RTE sia stato inserito al posto giusto.	119.37825012207031
Non si tratta quindi di uno slip of the tongue, ma di una precisa campagna.	73.86366271972656
E proprio nei giorni scorsi abbiamo avuto una triste notizia: Brice Fleutiaux, il reporter francese che era stato tenuto in ostaggio per vari mesi in Cecenia e per il quale eravamo intervenuti anche noi, non è riuscito a superare la depressione dovuta al periodo di detenzione e si è dato la morte.	189.52447509765625
La Banca centrale europea rifiuta sempre di diminuire i tassi d' interesse, perché è ossessionata dai pericoli d' inflazione, sempre possibile, e il patron della Bundesbank ha recentemente ricordato che la Banca centrale europea non è responsabile né della crescita, né dell' occupazione.	190.07052612304688
E' la prima volta che sento che il drink driving è diventato un reato da punire con una violazione dei confini!	106.11021423339844
I drammatici fatti avvenuti negli ultimi mesi in Palestina, l' eroica intifada del popolo palestinese e la barbarie della repressione israeliana hanno costretto il Parlamento europeo ad adottare una risoluzione in cui si segnala la responsabilità dello Stato d' Israele.	171.19839477539062
Questo adesivo s' intona al tailleur della signora Ministro.	102.4122314453125
Chiediamo inoltre che la Commissione, di concerto con l' industria automobilistica, metta a punto airbag più sicuri e di più facile uso.	116.09989166259766
Voglio rendere uno speciale omaggio alla signora Ministro degli affari esteri, Anna Lindh, che a mio avviso ha agito in modo determinato, con garbo e con lo charme che la contraddistingue, nello svolgimento di tutta l' attività della Presidenza.	188.78330993652344
Le norme alternative operano in modo abbastanza legale all' interno di Internet, ma hanno una visibilità relativamente limitata e possono essere di difficile accesso, dato che la maggior parte dei browser si rivolge ovviamente ai nomi di server collegati ai domini di primo livello autorizzati dall' ICANN.	208.69192504882812
Con tutto il rispetto, il suo nuovo think tank è composto principalmente da facce vecchie che hanno contribuito a trasferire il potere dagli elettori e dai rappresentanti eletti ai funzionari e ai Ministri.	155.2322998046875
Io volevo fare un understatement e, come il Commissario ha rilevato, è difficile farlo in un'altra lingua che non sia la propria.	106.47398376464844
A ciò si aggiungano i disastri naturali che hanno colpito la Polonia quest'estate, inondazioni e tornado che hanno causato gravi danni, materiali e umani.	114.81834411621094
Sono stato a Genova in quei giorni e sono stato diretto testimone delle jeep della polizia lanciate a tutta velocità e delle cariche di polizia contro cortei pacifici, del lancio su migliaia di persone inermi, tra cui bambini e invalidi, di centinaia di lacrimogeni.	193.9877471923828
Per il destinatario, ricevere un messaggio di posta elettronica è senz'altro più oneroso che ricevere dépliant e opuscoli su supporto cartaceo.	126.27857208251953
In primo luogo, i fautori di questa teoria tengono già conto del fatto che vi è una notevole percentuale di aziende cattive che rovinano tutto e, in secondo luogo, è possibile che sotto il profilo della tecnica di marketing sia giusto che io riceva informazioni sull'abbigliamento per neonati, ma non voglio scaricare a mie spese sul mio monitor offerte di pannolini o tutine.	299.2817687988281
Soltanto la prevenzione mediante campagne di informazione e di spiegazione chiara delle conseguenze irreversibili di tale pratica consentirà di sradicarla, campagne lanciate dalle ONG, con il sostegno dei governi e l' appoggio deciso dei capi, soprattutto religiosi, campagne di educazione nelle scuole, rivolte a bambini e bambine, come ci ha riferito oggi la First lady del Burkina Faso dove sono stati ottenuti risultati soddisfacenti.	338.4178466796875
Come è noto, sono nato in un paese che sa che cos'è il terrorismo, con i suoi 65.000 morti - vorrei ricordarle che i terroristi kamikaze della LTT nello Sri Lanka non sono musulmani - ma fino ad oggi il mondo ha chiuso gli occhi davanti a ventitré anni di terrorismo.	237.3829803466797
Signor Presidente, come hanno già detto alcuni colleghi, il clou della questione sarebbe evitare il concetto di intervento pubblico nell' economia.	136.86636352539062
Sappiamo che la questione della traduzione attraverso pivot o relais talvolta crea problemi.	107.67015075683594
E' stato sottolineato che una persona normale che si dedichi al jogging supera il limite di un fattore 7 o 8 e addirittura camminare per strada potrebbe violare le norme.	163.26681518554688
Sono i ristoranti, i negozi di souvenir e di articoli di moda.	60.232749938964844
Con gli sherpa dei Capi di Stato e dei Primi ministri è ritornato un metodo che ricorda la diplomazia segreta del XIX secolo.	122.91455078125
Questa direttiva è stata accompagnata da un gran battage volto a proteggere gli interessi costituiti della professione forense e non, mi spiace doverlo dire, i diritti dell' individuo.	167.3002471923828
Noi stiamo parlando, collega Lange, sì di un Libro bianco, ma di un Libro bianco che traccia un primo identikit di ciò che noi pensiamo, e noi del PPE, quando esprimiamo i nostri pensieri, amiamo poi essere anche coerenti.	227.6058807373047
Al riguardo, il Presidente ha affermato che resta ancora aperta la questione della composizione della Presidenza o del presidium della Convenzione.	114.82066345214844
Anzi, la commissione per l'industria, il commercio estero, la ricerca e l'energia vorrebbe suggerire alla Commissione europea di issare uno spinnaker ed affrettarne l'attuazione.	155.045654296875
Chi, giocando all' apprendista stregone, dovesse arricchirsi in questo modo, un giorno dovrebbe pagare delle royalty al Creatore.	139.30360412597656
Perché questo sono i gay e le lesbiche: sono uomini e donne come gli altri, che il timore della società circa la loro vita sessuale ha trasformato in casi speciali.	126.92858123779297
Il Consiglio europeo ha deciso di creare un forum e il Commissario Barnier ha più volte espresso con verve il proprio sostegno al riguardo.	109.865966796875
E' ovvio che si debbano prevedere tutti gli strumenti di tutela necessari per far sì che chi si rende colpevole di attività illegali, di frodi, di racket e di altri reati lesivi degli interessi finanziari della Comunità venga escluso dagli appalti pubblici.	174.4320831298828
L'assassinio della giornalista Veronica Guerin nel mio paese ha galvanizzato i politici e la polizia scatenando un'iniziativa che ha messo in ginocchio la selvaggia cultura dei gangster in Irlanda.	144.28465270996094
Siamo in grave ritardo, e il permanere di questo patchwork di regolamentazioni crea barriere che impongono gravi costi ai cittadini europei.	128.6908721923828
Concludendo, siamo favorevoli a un'apertura che permetterebbe di spronare i servizi postali, ma non vogliamo gettare il bebè con l'acqua del bagno.	139.94921875
Signor Presidente, a titolo di digressione, vorrei informarvi che gli irlandesi hanno appena vinto la prima gara al festival di Cheltenham.	125.69639587402344
. (EN) Signor Presidente, oggi indosso il mio foulard irlandese.	93.47607421875
Devo dirle che l'ultima volta in cui sono stati effettuati controlli discrezionali è stata proprio in occasione del Consiglio europeo di Barcellona, per evitare che le vie della città si trasformassero in un campo di battaglia come a Genova; grazie alla temporanea sospensione dell'accordo di Schengen, inoltre, la polizia spagnola ha avuto la possibilità di fermare alla frontiera alcuni soggetti facinorosi che, per esempio, avevano con sé magli e mazze da baseball per rompere le vetrine.	316.315673828125
Ciò che è stato sviluppato per un'organizzazione provvista di un grado sofisticato di tecnologia non può essere adatto al Joe's Café di Lewisham High Street o al bistro Jean Dupont di rue de la Révolution di Marsiglia.	204.8691864013672
Nel 2006 la nuova regolamentazione oggi in discussione renderà i motocicli e gli scooter altrettanto ecologici quanto una moderna autovettura immatricolata in conformità con la norma Euro III.	143.0715789794922
Ritengo che sia la proposta della Commissione che la relazione del Parlamento costituiscano un ulteriore contributo per rafforzare il mercato finanziario interno, snellire l'attività cross border e migliorare l'armonizzazione della materia, che dipende a tutti gli effetti dalla fiducia dei cittadini ed è importante per la trasparenza.	217.287353515625
Era un navigatore e l'ho visto, questa notte, in sogno, che, insieme al figlio, onorevole Turchi, relatore, governava uno yacht a vele in un mare in tempesta.	173.9400177001953
Lei ha dei fan anche nella tribuna dei visitatori ma purtroppo non sono autorizzati ad applaudire, a differenza dei deputati presenti in Aula che sono autorizzati a farlo.	141.2257537841797
Altrimenti, non facciamo che legittimare una violenza sfrenata da selvaggio west in altre zone del mondo, per esempio il massacro dei palestinesi da parte di Israele o gli interventi russi in Georgia.	171.0659942626953
A fronte di tale premessa, signor Presidente in carica del Consiglio, mi permetto di ricordarle che nella riunione di Copenaghen cui siamo stati gentilmente invitati, lei aveva parlato di tre fasi della Presidenza danese: la prima non dipendeva da voi, ma dal referendum irlandese, cioè dalla fine del rally elettorale di quest'anno, prova che alla fine è stata superata.	317.0946960449219
Vengono utilizzati voli charter speciali per deportarli in massa e non esiste alcuna procedura successiva per seguire il loro destino dopo il ritorno nel loro paese d'origine.	121.91719818115234
La relatrice, infatti, mette in un unico shaker ingredienti troppo diversi e troppo lontani tra loro perché ne possa uscire un cocktail digeribile, armonico, con una linea da proporre all'accettazione di tutti gli Stati membri: una linea contenente principi comuni e condivisi ai quali ispirare normative e comportamenti nell'impegno di garantire i diritti fondamentali a tutti i cittadini.	312.1495056152344
Ebbene, temo che in assenza di una politica ambiziosa in materia di infrastrutture ferroviarie, gli sforzi di apertura che ci vedono impegnati condurranno a una bagarre fra aziende ferroviarie, invece che alla fine del predominio dei trasporti su gomma.	191.2006072998047
Vorrei ricordare che, a parte il suo appeal naturale come linea verticale diretta dei collegamenti dal Nordeuropa al Mediterraneo, nella storia più recente i transiti al Brennero - quindi in Austria, ma anche in Italia - sono aumentati a dismisura per lunghissimi periodi, a causa della chiusura del Monte Bianco prima, del Gottardo successivamente e a causa delle crisi croniche del Fréjus e degli altri valichi svizzeri.	316.0052185058594
Non è colpa della Presidenza se cinque giorni dopo il Primo Ministro spagnolo Aznar o Anzar, come ama chiamarlo il suo amico Bush, ha rotto l'accordo e si è allontanato dalla posizione comune dell'Unione europea per raggiungere il Presidente americano nel suo ranch e contribuire alla stesura di una proposta di risoluzione del Consiglio di sicurezza per dichiarare guerra all'Iraq.	250.49920654296875
Questa pasticca rientra in una ben precisa cultura diffusa tra i giovani, il cui motto è: nel weekend è bello lasciarsi andare, ma lunedì mattina di nuovo in piedi presto.	158.51719665527344
Amman è stata scelta come hub regionale per questa crisi perché l'ufficio locale dispone di risorse umane e logistiche sufficienti per rispondere immediatamente alle nuove esigenze nel settore.	128.66342163085938
Decenni dopo, quando ancora esisteva il Patto di Varsavia, i cittadini della Germania orientale hanno partecipato ad un picnic paneuropeo sul lago di Fertö Tó, ovvero Neusiedler See, prima di ripartire sulla strada che conduce alla libertà, e le guardie di frontiera si sono fatte da parte e li hanno lasciati passare. All'organizzazione di questo evento hanno contribuito anche i colleghi Otto von Habsburg e Bernd Posselt.	311.2947082519531
Ho votato contro la relazione García-Margallo y Marfil perché è un pamphlet ultraliberale nel quale si legge che fondamentalmente gli indirizzi di massima per le politiche economiche sono insufficienti.	196.5452423095703
A mio parere non è questo il momento per trasferire all'Unione europea il kitsch americano e per diventare ancora più grotteschi di quanto siamo stati sulla questione dell'Iraq.	153.89503479003906
Oggi chi è ancora capace di fare uno stufato, gli gnocchi o il purè di patate?	91.50605010986328
Purtroppo, però, la regia è un po' fiacca e il cast non è eccezionale.	70.5113754272461
L'anno scorso i fondi per lo tsunami erano stati prelevati da altri programmi per l'Asia senza nessun incremento e quest'anno, poiché i finanziamenti per lo tsunami sono diminuiti, la Commissione ha nuovamente ridotto i fondi.	166.84640502929688
Desidero cogliere quest'occasione per richiamare l'attenzione del Parlamento sul rapporto di Human Rights Watch pubblicato il 9 ottobre scorso, nel quale si riporta la notizia della chiusura di un blog creato su Internet da una eminente intellettuale tibetana di nome Woeser.	166.5950927734375
I broker ipotecari potrebbero svolgere un ruolo importante nell'aiutare i mutuatari ad accedere a crediti ipotecari da mutuanti nazionali e non nazionali.	135.81991577148438
Lei ha rinunciato a una carriera molto redditizia al Bolshoi per ricostruire da zero il corpo di ballo georgiano, che oggi è di altissimo livello, forse uno dei migliori della nostra regione, e presto andrà in tournée in giro per il mondo.	178.77420043945312
Ciò significa che il programma di lavoro avrebbe dovuto preannunciare lo sprint finale, mirare in alto e promettere rapidità.	124.27688598632812
Per questo i contributi degli onorevoli Titford e Heaton-Harris sono fuorvianti, perché mirano ad allarmare i tabloid britannici.	143.1502685546875
La seconda ragione è la deforestazione, in particolare lo sgombero autorizzato di valli fluviali per la costruzione di chalet per vacanze, ad esempio, ma anche di stabilimenti industriali e di centri commerciali.	156.6781005859375
In un simile contesto sono molto grato alla Commissione e al Consiglio per aver fornito rassicurazioni ai consumatori di pane preconfezionato nel Regno Unito - vale a dire oltre l'80 per cento dei regolari consumatori di pane - che i formati tradizionali del filone (loaf), che si ritenevano minacciati da questa proposta, resteranno garantiti e che nessuno li priverà del piacere di consumare ogni mattina i toast con la marmellata d'arance nel tradizionale formato di pane preconfezionato.	360.475830078125
Permettetemi di ricordare la notte artica del gennaio 1968, ancora all'epoca della guerra fredda - in effetti, i fatti di questa storia sembrano un thriller internazionale.	158.4411163330078
La Radio Caracas TV potrà trasmettere su cavo, su satellite, su internet e quindi coloro che affermano che si tratta di un atto ostile alla libertà di espressione sanno di mentire.	149.44793701171875
(DE) Signor Presidente, quando abbiamo ricevuto la notizia delle sostanze tossiche nei biberon per neonati, negli abiti e nei giocattoli per bambini, o ancora delle pile autoinfiammabili, abbiamo capito che il nostro sistema di controllo e di verifica non funziona in modo appropriato.	206.12892150878906
Stando a un rapporto della Confederazione internazionale dei sindacati, le aziende che producono gadget per le prossime Olimpiadi violano costantemente le leggi del lavoro sfruttando i bambini come schiavi.	148.27078247070312
Sappiamo che è necessario tenere conto anche della discriminazione all'interno del contesto socioeconomico locale, sfavorevole alle donne, tanto più alle donne indigene, che vivono in condizioni di estrema povertà e dipendenza economica; il tutto ulteriormente aggravato dal problema dell'attività delle gang criminali.	198.7559814453125
Allo stesso modo, lunghe soste a piedi nudi su pavimenti gelidi sono spesso la diretta conseguenza della rimozione delle calzature prima di passare attraverso il metal detector .	133.72723388671875
La prima è ovviamente, che questo argomento delle statistiche non è molto sexy ed è sempre inserito alla fine dell'ordine del giorno.	121.92082214355469
Se vogliamo combattere seriamente l'obesità tra i minori, se vogliamo veramente migliorare la salute dei bambini e se vogliamo veramente distoglierli dai videogame e farli approdare allo sport, allora dobbiamo anche mettere a disposizione strutture migliori per l'educazione fisica in tutte le scuole e far sì che gli insegnanti abbiano le competenze specialistiche per insegnare la materia.	218.54115295410156
Una ricerca per individuare sistemi di telecomunicazione che non vadano così facilmente in tilt dopo un terremoto e una ricerca per scoprire apparecchiature speciali per individuare ed estrarre le vittime dalle macerie costituiscono altri settori in cui la ricerca può dare un contributo grande e molto proficuo.	206.89747619628906
Il gioco del rugby ha iniziato a usare il sistema metrico anni fa.	73.79608917236328
Dato che la coppia si trova agli arresti domiciliari, hanno utilizzato un collegamento con una webcam per partecipare a un'audizione del Parlamento europeo sulla situazione dei diritti umani in Cina.	127.75680541992188
Devo dire, onorevole Nassauer, che se un anno fa mi aveste chiesto se secondo me saremmo arrivati ad un accordo bipartisan sulla protezione dell'ambiente in materia penale, avendo come relatore l'onorevole Nassauer e in prima lettura, probabilmente non ci avrei creduto.	241.22349548339844
Inoltre, tale supermercato intende convertire i rifiuti di cibi attraverso la fermentazione anaerobica, ridurre il numero di materiali utilizzati negli imballaggi a solo quattro materiali facili da riciclare o trasformare in compost e stampare dei simboli elementari su tutti gli imballaggi per rendere più facile ai clienti riciclare o trasformare in compost i propri rifiuti.	244.8772430419922
Attualmente, fare il bagno nelle uniche paludi fluviali d'Ungheria è consigliabile solamente nel caso in cui si indossi una delle tenute mostrate nelle foto distribuite ai deputati, le quali sono raffigurate anche su dei depliant e su dei poster.	226.08602905273438
Dobbiamo avere dunque una politica adeguata a livello europeo, che sappia valorizzare al massimo questa risorsa, che sappia insomma fare dell'Europa un driver e non un assemblatore di tante politiche nazionali.	161.90956115722656
Negli ultimi anni si è assistito a cambiamenti rivoluzionari nella tecnologia delle comunicazioni: i telefoni cellulari e lo sviluppo delle reti Internet e wireless hanno modificato diametralmente il volto delle telecomunicazioni.	116.76931762695312
Al fine di migliorare la salute materna nei paesi in via di sviluppo, l'Unione europea deve condannare la global gag rule degli USA, così come il divieto sull'utilizzo di contraccettivi appoggiato da alcune chiese.	166.41514587402344
I fondi di private equity sono connessi a un numero molto elevato di operazioni di leveraged buyout che sono state realizzate praticamente in assenza di capitali propri.	108.75310516357422
Ma la buona o cattiva qualità di un blog dipende dal suo autore e non tutti i blogger sono ugualmente onesti nelle loro intenzioni.	106.46243286132812
La relazione include molti miglioramenti, tra cui i seguenti: il numero europeo 116 non sarà più attivo solo per casi di bambini scomparsi, ci sarà una maggiore trasparenza in ordine a contratti e prezzi, sarà più semplice e più rapido chiudere un contratto, tutti gli utenti potranno accedere con maggior facilità ai software di protezione, ai disabili verrà garantita parità d'accesso e lo spam verrà definito con maggior precisione.	301.5592346191406
Ogni anno più di 400 000 giovani vanno ad aggiungersi al lungo elenco di coloro che sono destinati a conoscere gli effetti yo-yo delle diete.	121.80632781982422
La vera prova del successo di una moneta è il grado di fiducia sul mercato, che si misura, in questo caso, con il bond spread tra i paesi aderenti all'euro.	125.94552612304688
I retrofit vanno bene, però per la loro applicazione c'è bisogno di un processo armonizzato; pertanto, sollecito nuovamente la Commissione a darsi da fare in tal senso.	174.33876037597656
In pratica non faremmo altro che dire ai designer automobilistici di sedersi davanti al loro computer per progettare e costruire le automobili del futuro.	118.33757019042969
Quindi non solo questo, ma il nostro Parlamento ha anche vigilato affinché nei country strategy paper non togliessero risorse allo sviluppo per le operazioni di sicurezza.	155.50999450683594
La lotta all'immigrazione clandestina non può essere combattuta solo nei mezzanini della metrò di Londra o Madrid, ma anche negli uffici del personale delle tante imprese che occupano manodopera clandestina per poterla sfruttare senza riconoscerne i diritti.	197.8086700439453
Un gioco al computer non può sostituire una chiacchierata con la nonna, e il joystick non può valere un'ora passata con il nonno in garage.	122.53546142578125
Si è trattato di un atto di acquiescenza nei confronti di un'ideologia dark age . A quanto pare, non godiamo poi tanto di una libera circolazione di idee all'interno dell'Unione europea.	142.33314514160156
Quindi io propongo che gli Stati nazionali, attraverso la nazionalizzazione della loro banca nazionale, si facciano promotori di una stampa di denaro, o di voucher corrispondenti al denaro, per finanziare appunto le piccole imprese.	180.46270751953125
Documenti non consultabili: per esempio, sull'olocausto dei prigionieri militari italiani, sottoposti a tentativi di lavaggio del cervello, tenuti senza cibo, molto peggio che nei campi nazisti, morti fra mille sofferenze e sotto le torture, anche psicologiche, degli agit-prop comunisti sovietici ma purtroppo anche comunisti italiani.	260.75457763671875
(FR) Signor Presidente, ho constatato con rammarico che l'interrogazione orale con discussione sui vini rosé e prassi enologiche autorizzate presentata entro i termini da me e da altri onorevoli colleghi di diversi gruppi politici non rientra nell'ordine del giorno di questa settimana.	246.730712890625
La Commissione sta altresì sviluppando una campagna multimediale destinata ai giovani di tutti gli Stati membri coinvolgendo agenti moltiplicatori attraverso i media sociali online, blog e magazine online.	155.1334228515625
Inizierò con un flashback che vi riporterà nel 1933.	73.25201416015625
Ecco perché mi corre l'obbligo di esortarvi ancora una volta in tutta fretta, come indicato dalla commissione affari esteri, di non confondere la questione dell'uso civile dell'energia nucleare con un revival del potenziale per il disarmo nucleare.	195.9973602294922
Se posso dirla tutta, questa è stata la goccia che ha fatto traboccare il vaso, a ricordarci proprio quell'acqua che peraltro era già stata autorizzata per il taglio di vini, come sono stati pure autorizzati i vini prodotti con trucioli di legno anziché invecchiati in barrique e quelli realizzati con mosti d'importazione.	259.4163513183594
Da allora il Madagascar è tormentato da governi instabili con minacce di secessione e impeachment che costellano una politica sommaria.	121.95564270019531
Nella mia circoscrizione circondario elettorale, è presente un'impresa di successo, l'Austria Email AG, che produce boiler elettrici.	141.1239776611328
Gli utenti Internet di questi paesi potranno leggere il 20 per cento degli e-book gratuitamente (i costi saranno coperti dagli inserzionisti) e dovranno pagare per leggere il restante 80 per cento.	130.32046508789062
Sono in vigore nuove norme secondo le quali gli utenti di wi-fi devono pagare per la connessione, per la quale devono fornire un indirizzo di posta elettronica dove ricevere uno username e una password.	127.13272857666016
La Commissione europea che questo Parlamento ha votato ieri è anche composta da comunisti, ex apparatcik di regimi comunisti brutali dell'Europa orientale e loro compagni di viaggio.	153.657958984375
Oggetto: Scelta dei consumatori e tecnologia smartphone	62.824806213378906
(FR) Signor Presidente, questo Parlamento ha un particolare talento quando si parla di riforme al regolamento, che sono sempre volte a diminuire i diritti della minoranza, underdog o Untermeschen che dir si voglia, che siamo in una certa misura.	232.98109436035156
La verità è che la crisi ha fatto scoppiare la bolla immobiliare spagnola, e mi è difficile intravedervi un caso di adeguamento alla globalizzazione...Se esaminiamo i progetti finanziati (ad esempio 57 sostegni all'imprenditorialità di 3 000 euro l'uno, per un totale di 171 000 euro, 16 atelier di formazione combinati con tirocinio professionale, dal costo di 12 500 euro l'uno, per un totale di 200 000 euro, e così via), dov'è l'adeguamento alla globalizzazione?	340.0838928222656
Pertanto, onorevoli colleghi, in un momento in cui i governi dell'Unione europea effettuano sostanziali tagli di bilancio, riducendo progressivamente i servizi pubblici e il sostegno alle famiglie e alle aziende, non possiamo portare avanti una cultura bancaria che pone al primo posto gli stipendi dei banchieri e i benefit anziché il sostegno al patrimonio e al credito per la ripresa economica dell'Europa.	258.9143371582031
Dimostrare per tempo cosa accadrà nel 2080 a causa di queste attività può servire solo quale monito per stoppare il timer dei disastri ambientali in tutto il mondo, nessuno escluso, neanche noi.	203.26649475097656
Sono stati quindi eliminati i tagli proposti dal Consiglio, effettuati spesso in modo indiscriminato, nonché su linee chiave del bilancio, come nel caso dei clearance of account , della rubrica 2, rendendo palese l'assenza di chiare e ragionate scelte politiche dietro la proposta.	264.88409423828125
In relazione alla salvaguardia delle piccole e medie imprese e dei propri prodotti nazionali: non sono i grandi gruppi che necessitano di tale protezione, anzi ritengo non ne abbiano affatto bisogno visto che con i loro brand navigano nel mondo.	184.16342163085938
(EN) Signor Presidente, in qualità di deputato irlandese ascolto malvolentieri i discorsi pronunciati questa mattina da quasi tutti gli intervenuti in merito alla situazione economica in Irlanda, tanto più se consideriamo che qualche anno fa eravamo considerati i testimonial del successo economico nell'Unione europea.	220.5754852294922
Tengo a ribadire anche in questa sede quanto sia importante introdurre un portale intranet comune in modo che i difensori civici possano scambiarsi tutte le informazioni.	164.40692138671875
Ad oggi, i nuovi vaccini candidati di recente sviluppo sono ancora in fase di trial preclinico o all'inizio della fase di sperimentazione clinica.	107.6339340209961
Nel 2010, a seguito della direttiva AIFM, un fondo di copertura su quattro ha abbandonato la city di Londra.	116.64718627929688
Attualmente si registra un'impennata delle vendite di tight gas e di gas di scisto provenienti dagli Stati Uniti.	99.3392105102539
Per quanto riguarda la sfera di applicazione, ricordando che ogni centrale nucleare ha le proprie specificità, la valutazione potrebbe interessare le seguenti aree chiave: rischio di inondazioni, rischio sistemico, sistemi di backup e procedure di emergenza.	172.52088928222656
Persone torturate il più brutalmente possibile per svelare le password su Facebook e i nomi dei compagni che lavorano su Facebook.	125.22493743896484
L'Europa mi sembra quella squadra di calcio che sta perdendo 2-0 e i cui giocatori pensano di poter recuperare senza passarsi più il pallone e cercando di fare i gol da soli.	138.09971618652344
So che c'è un compromesso e, poiché siamo in attesa che i risultati della CIG ci diano una miglior definizione dei comitati, io credo che sia importante che il Parlamento ribadisca la sua volontà di opporsi ai comitati 3A e in particolare in questo settore, dove - lo diceva bene l'onorevole Kouchner - c'è urgenza, e occorre che la Commissione possa avere le mani libere e decidere con maggior souplesse di quella che ci impone oggi il Consiglio.	375.9917907714844
I poteri pubblici, con il primo procutare della Repubblica Helmut Meier-Staude in testa, hanno stimolato la domanda di plutonio per poter poi parlare in toni allarmistici di un mercato del plutonio e fare la parte del superman contro la criminalità.	283.3594665527344
Al contrario, un fallimento o un risultato minimo di questa conferenza porterebbero l'Europa in uno spillover alla rovescia, nel quale l'introduzione della moneta unica si attuerebbe nelle peggiori condizioni psicologiche e sarebbe completamente sfasata rispetto alle attese dei cittadini.	218.23446655273438
Non credo che i prodotti tipici debbano essere una griffe da usare soltanto nei convegni, ma esprimano un patrimonio vasto di conoscenza e di professionalità di tutta l'agricoltura europea.	170.2399139404297
Sapete benissimo che gli appelli lanciati dal boulevard Saint-Germain a Parigi o da questo emiciclo non salveranno la vita a un solo algerino.	151.2639617919922
Poi, si trascura completamente quello che definirei il problema degli insider e outsider .	114.68416595458984
Invito il Parlamento a trasmettere le sue condoglianze ai famigliari dello skipper Danny ÒDriscoll, deceduto a seguito dell'incidente, e al villaggio di Castletownbear.	153.61993408203125
Per contro, la situazione è vissuta dall'uomo della strada come l'orrore economico che dà il titolo ad un recente e famoso best-seller francese.	143.36212158203125
Il Consiglio parte dal presupposto che tale organo legislativo provvisorio venga sostituito quanto prima dopo il passaggio della sovranità da un organo legislativo permanente eletto in conformità dei principi fissati nella costituzione, ossia nella cosiddetta basic law .	189.1192626953125
Ciò non mi pare un bene, perché apre la strada a interpretazioni che potrebbero rivelarsi estremamente pericolose e ciò per entrambi i sessi: qualcuno potrebbe, per esempio, stabilire che le donne non possono fare le poliziotte e che gli uomini non possono fare i baby-sitter .	184.29727172851562
Oggetto di tali pressioni devono essere i miglioramenti tecnici e i transfert di tecnologie, essendo vero che i paesi con un certo ritardo di sviluppo registrano una preoccupante percentuale di incidenti e di inconvenienti.	174.2996826171875
Mi riferisco agli esempi pratici e tutti coloro che partecipano alla Conferenza di Kyoto dovrebbero chiedere agli Americani se essi non debbano smetterla: mi viene da più parti riferito che in molti grandi uffici gli impiegati, in estate, portano il pullover perché l'impianto di climatizzazione è mal regolato.	262.0915832519531
Questo Fondo di garanzia, che agirebbe da starter , permetterebbe di incentivare gli investimenti in un settore a rischio, senza però, è opportuno sottolinearlo ancora una volta, gravare sul bilancio dell'UE.	161.88853454589844
Abbiamo posto l'accento sulle priorità che sono da sempre definite - il ruolo delle piccole e medie imprese, il ruolo della formazione, il ruolo delle pari opportunità nelle politiche occupazionali - e che corrispondono esattamente alle guideline rispetto alle quali i singoli Stati membri si sono impegnati a predisporre i loro piani sull'occupazione.	209.60816955566406
Ho visto le prime bozze in Austria e sono rimasto alquanto sorpreso dal fatto che su una faccia, sull'euro compare la scritta euro, ma che sul cent compare anche la scritta eurocent .	174.29421997070312
Esistono in effetti degli habitué della falsa richiesta di asilo che, in caso di rigetto da parte di uno Stato, sono capaci di tentare la sorte in tutti gli altri, in successione, cercando di approfittare di un eventuale punto debole.	179.0995330810547
A giudicare dal contenuto di alcuni interventi odierni, sembra che costituiamo una specie di gran giurì nei confronti di questi paesi.	145.37664794921875
Le donne - la commissione per i diritti della donna ha perfettamente ragione - si trovano in una situazione sandwich : prima il lavoro e poi il desiderio di un figlio.	138.23031616210938
Oltre alle situazioni menzionate dalla onorevole Oddy, per esempio, va affrontata la questione del telemarketing .	128.22427368164062
Per tale ragione il mio gruppo avrebbe voluto parlare di Cuba, dove ci sono più di 500 prigionieri politici, ma il Parlamento continua a flirtare con il líder máximo partendo da un senso di solidarietà completamente fuori luogo.	194.09837341308594
In uno sketch , Eric Morecambe produsse suoni del tutto inarticolati.	104.29401397705078
Né la causa europea né il nostro paese escono nobilitati da questo feuilleton .	117.85882568359375
Non ha senso perseguire una politica ambientale con perfetto aplomb se si ritiene che la disoccupazione costituisca il problema principale e che i nostri sistemi economici non siano più in grado di risolverlo.	158.33680725097656
Più numerosi sono i poveri nelle città e nelle periferie, che spesso chiamiamo bidonville , più aumenta l'insicurezza e più si assumono forze di polizia o dell'ordine, il che anche costa caro.	177.60044860839844
La situazione è cambiata: oggi i libri sono molto meno costosi e nei cosiddetti megastore moderni si trova praticamente qualsiasi libro.	99.76499938964844
C'è da chiedersi se nelle biblioteche europee del futuro dovremmo forse avere a disposizione soltanto bestseller americani in edizione economica.	105.00487518310547
Devo dire che siamo stati favoriti in parte da una Presidenza austriaca che era intenzionata a muoversi nella direzione voluta dal Parlamento, in parte dal Commissario, signora Cresson, che era naturalmente uno dei nostri supporter , dato che la proposta del Parlamento coincideva con quella della Commissione.	234.42501831054688
Alcuni onorevoli colleghi sostengono che avremmo dovuto reggere il gioco del Consiglio, smascherare il suo bluff e mantenere l'emendamento strategico.	144.42662048339844
Ma dialogo non può voler dire proprietà: i deputati non possono essere considerati alla stregua di prodotti sugli scaffali del supermarket della politica, in vendita al miglior offerente.	140.08688354492188
Durante tale Coppa del mondo di calcio, onorevoli colleghi, si sono visti migliaia di piccoli Zidane, di piccoli Marcel Dessailly, venuti dai quartieri popolari di Marsiglia, Tolosa e Strasburgo per applaudire gli exploit del grande Zidane, del grande Dessailly, ma anche del grande Owen, del grande Beckam e del grande Del Piero.	244.74853515625