Ma in alcuni pellicole sugli Stooges	65.4483871459961
Come esercizio finale, Vorrei che sosituiste il grafico a dispersione (scatter plot) con un grafico a barre (bar chart) con gli stessi due parametri precedenti, quindi procedete dicendo al calcolatore elettronico di generare un grafico a barre.	227.17727661132812
Accettarono di impegnare il marito di Sacajawea, Charbonneau, con l'idea che anche la bella moglie li avrebbe seguiti in veste di interprete.	130.85214233398438
E' la cosa che i telefoni cellulari multimediali ci stanno portando via,	78.01434326171875
fatti investire come un autocarro .	74.75433349609375
Nei vecchi tempi, i vestiti per le esibizioni teatrali erano sempre gli stessi,	68.00817108154297
Non ci vuole un esperto di affari per capirlo.	53.41954040527344
Il 68% delle malattie negli Stati Uniti d'America sono riconducibili all'alimentazione.	55.43975830078125
I carnivori sono tutti stelle dell'atletica.	88.01200866699219
Perché potete anche chiamarla pancetta affumicata quanto volete, ma una volta che sta nel vostro corpo non è più bacon.	117.45824432373047
Possono collaborare con loro nella creazione di idee, conoscenza, contenuti, progettazione e prodotto.	83.7105941772461
Possono dare loro maggiore controllo sui prezzi di vendita, che è quello che hanno fatto i Radiohead con le oro raccolte musicali in rete a offerta libera	169.79405212402344
Alla Frog, l'azienda per la quale lavoro, teniamo delle veloci riunioni interne che mettono in relazione i vecchi impiegati con quelli nuovi, aiutandoli a conoscersi velocemente.	159.4139862060547
Alla festapigiama, andavo in panico quando dovevo scoraggiare le ragazze che volevano baciarmi senza rivelare me stessa.	157.6907196044922
Mi sono resa conto che la mia missione di fotografare gli omosessuali era imperfetta, perché c'erano un milione di sfumature diverse di gay.	116.6235580444336
Una volta superato il trauma la maggioranza delle persone ha scelto un numero tra il 70 e il 95% o fra il 3 e il 20%.	113.31729125976562
C'è un'industria di programmi d'intrattenimento che è estremamente abile nel realizzare prodotti invitanti a cui non potete resistere.	107.58378601074219
Ti serve un altro tirocinio per sostenere la tua domanda per il college.	79.84928894042969
Era successo questo, era arrivata una banda di malviventi da Brooklyn. Come parte dell'iniziazione di tre dei membri, dovevano uccidere qualcuno, e successe che io ero il ragazzo che percorreva Bleecker Street quella notte, e mi saltarono addosso senza dire una parola.	212.32029724121094
E poi, quando uscii e i ricordi e gli incubi mi creavano molti problemi, tornai da lui e gli chiesi, più o meno, ma cosa devo fare?	137.91844177246094
l'ultima cicatrice che mi ha lasciato il chirurgo, e penso che, il fatto di incontrare quei ragazzi in strada con i coltelli mi ha portato fino alla squadra di chirurghi, e al loro tirocinio e al loro talento e, sempre, un po' di fortuna ha respinto il caos.	244.4980926513672
Per la prima volta nella mia vita, lavorai per nove settimane consecutive, senza giorni di riposo, lavorando fino a tardi, per creare uno dei siti nella rete di comunicazione più belli che abbia mai creato.	138.2318115234375
Poi nel 2005 co-fondai un'organizzazione non-profit per ragazzi e giovani adulti con disabilità fisiche per coinvolgerli nelle attività fisiche d'azione.	118.4752197265625
Sei tu che hai avvelenato la bevanda di J-Cub alla nostra festa?	97.7906494140625
Immagino che appaia la parola capo nella mia mente visto che lavoro per lui.	90.61805725097656
Qualcuno di voi ragazzi conosce Paul Rand, il più grande grafico -- mi dispiace -- del mondo.	105.5615234375
Il grande graphic designer Paul Rand: ha disegnato il marchio della IBM, il logo della Westinghouse -- in pratica ha detto, ho disegnato qualsiasi cosa .	137.36514282226562
Poi gli ho detto, una volta che si è vestito, le cose comuni che deve aver sentito in altre istituzioni, come: Questo non è nella tua testa .	166.25302124023438
Facendo ciò, abbiamo creato un azienda tripla linea di fondo .	87.59725952148438
Tu ed io amore non siamo altro che mammiferi quindi facciamolo come lo fanno su Discovery Channel	119.22706604003906
Avremo bisogno di una nuova generazione di cittadini che siano capo disponibili ad impegnarsi a crescere, cambiare ed imparare il più rapidamente possibile.	139.13148498535156
La stampa è un business, e per sopravvivere deve essere un business di successo, quindi bisogna trovare il giusto equilibrio tra esigenze di vendita e responsabilità giornalistica.	109.60932159423828
Perché questo è - ho molta esperienza come amministratore dei sistemi, essendo un pilota, e questo è veramente -	112.89453887939453
Gli cuscino salvavita sono proprio forti, rimbalzano molto.	84.94359588623047
Sono sempre stato attratto dai computer e dalla tecnologia, e ho creato alcune applicazioni per iPhone, iPod Touch e iPad.	81.04777526855469
Mi sono ispirato molto a Steve Jobs, e ho fondato un circolo di app a scuola, e un insegnante della mia scuola sta gentilmente sponsorizzando il mio club.	142.9528350830078
I suoi passatempo erano gli scacchi, il bridge, e scrivere articoli.	68.54852294921875
Non guardereste questa e lo chiamereste una designer bike: una bicicletta di design è fatta di titanio o molibdeno.	141.11038208007812
Alcune persone vanno agli stadi di pallabase per guardare le partite; io vado e vedo le relazioni di design.	124.31886291503906
E io uso questo -- questo è, una specie di ciò che io considero spazzatura urbana.	110.69639587402344
&amp;gt;&amp;gt; La banca data che c'era qui a SLAC veniva usato da persone in tutto il mondo, ma con grande difficoltà perché dovevano avere un conto sul sistema centrale. Molti non avevano familiarità con i mainframe.	204.345458984375
Quindi prima della rete ho inventato un modo con cui la gente potesse fare quello che oggi chiamiamo messaggi istantanei per fare una richiesta nella banca dati senza registrarsi.	161.4593963623047
Ok? E con qualche pigiatura di tasti e qualche termine della richiesta digitato, ecco i risultati ben formattati.	147.15524291992188
Volete farvi un fine settimana a Roma? Tutto spesato, albergo, trasporti, vitto, colazione colazione europea, tutto. Oppure un weekend a Parigi?	177.36866760253906
Ammiro lo spirito di quel giovane cacciatore, Anche se non ha alcuna occasione contro Benge e gli altri.	135.0048370361328
Ti ho mai detto che ti trovo piuttosto irresistibile con quella tuta eccitante super-attillata?	114.75578308105469
Ed è anche la prima volta che ho indossato un due pezzi	63.742164611816406
Li si può muovere con la mano, possono vedersi tra loro, sentire il proprio movimento ed hanno uno schermo e un radioricevitore senza fili.	149.32083129882812
Poi, dopo circa 30 secondi si rimischiano, e hai un nuovo gruppo di lettere e nuove possibilità da provare.	119.9574966430664
Corel CONNECT può trovare e visualizzare qualsiasi documento presente nel sistema.	71.68566131591797
Per aggiungerne uno, pigiare su +.	67.43474578857422
Fare clic con il tasto destro e scegliere Installa come motivo grafica raster, disponibile sulla lista Riempimento di CorelDRAW.	148.8419647216797
Questo é il mio film King, Murray , ha vinto il rassegna di Cannes nel 1970	104.58983612060547
E noi diamo loro alcune cose per farlo, per aiutarli a sviluppare dispositivi animali di compagnia mentre intervengono sul diario elettronico o inviano la propria posta elettronica.	179.885009765625
Condividono i nostri fattori di sforuo ambientale i livelli di amianto e i livelli di piombo, e tutto ciò a cui siete esposti.	153.2793731689453
In effetti, tutti gli ingredienti di questa bevanda erano narcotici, perciò li definisco gruppo di droghe.	108.62800598144531
Così ciò che è inizialmente riservato alla alta società parigina del '700 diviene sempre più una produzione di massa, consumato dai cittadini benestanti, e il suo stesso consumo è frutto di una campagna per rendere accettabile lo zucchero. Anzi, non soltanto accettabile, ma parte dello stile appropriato per gli appartenenti a una famiglia borghese.	259.6656188964844
I primi successi nel mercato dei libri (Jeff ha delle buone ragioni per essere ossessioanto dal mercato) furono i libri di cucina.	155.88555908203125
Il contaminuti Rimanente utilizza le informazioni dal timer Ultimo ciclo per visualizzare il tempo rimanente in un programma	147.55548095703125
Che cosa è succederà è, il calcolatore passa al top qui ed è appena corre attraverso queste linee.	140.255615234375
In questo caso, saperlo ci permette di creare un'architettura insolita per una macchina o elaborare algoritmi intelligenti che gestiscono con eleganza il danno subito proprio come fa un'atleta, invece di costruire un automa con una dotazione eccessiva.	217.24505615234375
Rifiutati dalla casa discografica Decca che disse Non ci piace il loro suono e i gruppi con la chitarra ormai sono fuori moda.	132.85748291015625
E la domanda è: Come si diventa un assassino psicopatico?	55.988731384277344
Oh, quel bus Broadway ... (Suono dell' avvisatore elettroacustico del bus)	125.42566680908203
Edgeryders vuole essere il più grande gruppo di esperti nel mondo sulla transizione ad una vita attiva e indipendente per i giovani.	96.18144226074219
Un riunione di gruppo improvvisata.	49.109825134277344
Mi resi conto che queto Robert Baratheon sarebbe finito come tutti gli altri signori ribelli: ridotto in cenere	123.72052001953125
La congrega del tabacco è troppo potente, e noi allontaniamo l'idea dalla nostra coscienza.	100.55770111083984
Vedremo una volta che avremo il codice per estrarre tutte le connessioni sulla pagina web che ci sono casi dove è più facile scrivere codice usando	137.61241149902344
Oggi, molti dubbi sono sorti sui nostri diritti alla intimità nella tecnologia.	85.61647033691406
Gli piace preparare il pranzo per le scampagnate	57.657470703125
Perché abbiamo testato modelli ARES, molti modelli in mezza dozzina di gallerie del vento per otto anni presso il Centro Ricerche Langley della NASA, con le medesime condizioni di Marte.	193.96302795410156
E' mia opinione che andare in ufficio il venerdì in jeans e maglietta non è propriamente affrontare il nocciolo della questione.	123.37236785888672
20 anni fa ilmotto politico era: Roti, kapra, makan , che significa: Cibo, abiti e riparo .	122.96894073486328
A causa del retroscena storico indiano, nel sistema delle caste, e a causa del fatto che ci sono state molte persone che sono state lasciate per strada al freddo, gran parte della politica si basa sul come essere sicuri che ci indirizzeremo a quello.	203.04481506347656
Quando l'India cresceva del 3, 3,5% e la popolazione aumentava del 2%, il suo reddito a testa si raddoppiava ogni 45 anni.	125.13105773925781
L'apocalisse ha avuto un apocalisse Un'armata di letalissimi androidi sta cercando di trasformare il mondo in un cyber-inferno C'è solo una cosa che può fermarli.	140.0091552734375
A metà degli anni 70 i Led Zeppelin sono la più grande gruppo rock in tour in America, eppure molti critici e pari li etichettano come plagiatori.	135.20375061035156
Si tratta di una villa gioiello, con un giardino al indietro, ma costruito in diritto anteriore fino a la strada, due storie.	145.68704223632812
Briony Lodge e di cui nel capitale stanza, mentre io ancora osservavo il programma dalla mia posizione alla finestra.	138.56039428710938
Penso che andrai a rompere una di quelle fasce. Quando la romperai, ti darò 100 dollari. Ora, chiaramente era solo una piccola manovra del dottor P per farmi fare gli esercizi che non volevo fare di fronte alla prospettiva di essere la bambina più ricca del secondo piano, ma, quello che di fatto ha fatto, è stato di dare una forma diversa ad una orribile quotidianità. e trasformarla in una interessante esperienza per me.	353.4044189453125
Randy Course è uno portavoce motivazionale, ne abbiamo un paio anche qui di esperti in motivazione personale.	130.94094848632812
Ma in realtà, coi cambiamenti climatici e l'aumento delle temperature, all'improvviso si vedono vasti campi di frumento, bioimpresa e grano prodotto in Siberia.	154.2259979248047
Nel delirio dei messaggi di testo, posta elettronica, incessanti sollecitazioni da diversi canali di comunicazione e chiave di accesso e applicazioni e promemoria e cinguettii e codice identificativi, perdiamo di vista quello che in realtà significa tutto questo trambusto: noi stessi.	241.59825134277344
Però passavano delle corriere che portavano al lavoro gli operai polacchi e ricordo che su uno di questi pullman c'erano dei cartelli di pubblicità come per dire sui nostri e c'era scritto Beste Suppe, Knorr Suppe , la zuppa migliore è la zuppa Knorr , che a noi faceva un effetto molto strano, il vedere la reclame di una zuppa, come se si potesse scegliere insomma, la zuppa migliore e una meno migliore.	378.20538330078125
Il mio campo, di 10 mila prigionieri, Monowitz appunto, faceva parte di una industria appartenente alla IG Farbenindustrie, che era un enorme monopolio chimico tedesco, adesso smantellato.	156.6582489013672
La prima: niente distinzioni di gruppo né divisioni politiche nella società.	88.8548355102539
In questi giorni di bestiame ingrassato e agitando campi di grano questa radice umile, che è stato una volta che il capostipite di una tribù indiana, è del tutto dimenticato, o conosciuti solo per la sua fioritura vite, ma regni della natura selvaggia qui una volta di più, e il grano tenero e di lusso inglese probabilmente scomparirà prima di un miriade di nemici, e senza le cure dell'uomo in linea d'possono portare indietro anche l'ultimo seme di grano al campo di grano grande	494.3964538574219
Un quanto è l'unità minima di qualsiasi entità fisica coinvolta in un'interazione.	80.4144287109375
Ha aperto alcune delle prime scuola privata del Paese verso la fine degli anni '80 negli Stati Uniti.	88.78932189941406
E' venuto con noi per una delle giornate di aggiornamento dei docenti e ha vinto qualcosa come 5 riprese di fila di Match Me ed era molto orgoglioso di sé.	182.09689331054688
Io credo che gli skater tendano ad essere degli sfavoriti che cercano un senso di appartenenza, ma alle loro stesse condizioni, e il vero rispetto è dato dal modo in cui riprendiamo quello che fanno gli altri ragazzi, questi trick base, i 360 Flip,	239.1667938232422
Non ci sono parole per dirlo I protagonisti del film stanno girando un sacco di auto riprese e questo vi da veramente una visione viscerale delle loro vite in una maniera che non potresti mai ottenere portando una truppa cinematografica a casa di qualcuno	205.37811279296875
Spesso io e i miei compagni siamo gli unici a parlare in giro.	61.782135009765625
Ogni punto sopra quella linea, e noterete come la maggior parte dei paesi del mondo la superi, rappresenta un esubero inutile, che probabilmente riflette i livelli di spreco di quella nazione.	175.46385192871094
Ok, la maggior parte, non tutti ma la maggior parte, e nel mondo, sono lieto di dirvi, questa è la norma. Ma avete mai visto un supermercato o un negozio di panini, nel mondo, che serva dei panini con le croste?	199.71099853515625
Hanno appena aperto una piccola bottega qui dietro.	64.74463653564453
Esattamente quando l'aviazione giapponese bombarda Pearl Harbour e riesce infine a trascinare in guerra gli Stati Uniti d'America.	101.90571594238281
Per questa crisi climatica, abbiamo messo assieme una rete di circa 50 stelle tra attivisti, scienziati, imprenditori e capi degli affari.	120.76966094970703
Potete annusare per quello che volete, ma questa in particolare è stata costruita per trovare erba negli armadietti degli studenti.	132.9238739013672
Qui la Vergine Maria fa un'apparizione su un sandwich al formaggio - che ho potuto tenere in mano in una casa da gioco di Las Vegas, ovviamente, poiche' questa e' l'America.	181.7318878173828
le istituzioni, tutti i nostri finanziatori facciamoli andare!	95.30331420898438
Ho avuto appuntamenti con molte persone, e ha anche avuto secondi appuntamenti ma voglio assicurarmi di aver trovato la persona giusta prima di iniziare ad impegnarmi con lei quindi, ciò che faccio è tendenzialmente amoreggiare molto, stare in compagnia con molte persone per tastare il terreno e vedere come va	215.5411834716797
Ha anche un sacco di gingilli da spia, sa smontare un iPod per metterci una camera nascosta che scatta foto ogni 5 secondi o rintracciare qualcuno tramite sistema di posizionamento globale o mettere cimici nelle macchine.	203.22235107421875
Ho visto la schermata di registrazione al parco.	58.20099639892578
Ho provato a pensare a cosa potrei usare qui, e un paio di settimane fa mi è venuta la folle idea di voler stampare due console da DJ e provare a mescolare della musica.	162.95933532714844
Vi ho già parlato dell'Hotel ad Haiti, l'Hotel Montana, che è stato abbattuto, che è collassato -- ecco dove siamo oggi, questo è il Westin a Sendai, un fantastico albergo di 37 piani che è sopravvissuto al catastrofico terremoto dell'11 Marzo del 2011, il grande terremoto in Giappone, riportando quasi nessun danno.	250.86935424804688
E così gli insegnanti, spesso, possono sedersi e dire: OK, ecco un breve filmato di una cosa che penso di aver fatto bene.	125.62315368652344
lessi una copia della rivista Life dove c'era la storia di una donna russa, cieca, di 75 anni che riusciva a leggere -- c'è ancora qualcuno che cerca di farlo -- (Risate)	175.39251708984375
Beh, per ringraziarlo di aver detto evviva e per aver scelto Michael Mercil come nostro oratore -- Steve Jurvetson. KB:	181.73756408691406
Sono tutti identici tranne questo qua, che ovviamente ha un chiodo di acciaio inossidabile conficcato.	117.74223327636719
Veloci istantanee di ciò che si potrebbe vedere da un motorino in corsa; e se camminassi molto adagio per Roma, potrei studiare in maggior dettaglio le meravigliose superfici e quant'altro si può trovare.	201.0007781982422
E parte di quello che Mission Blue sta facendo è urlare: Ferma! così che ognuno di noi - esploratore, scienziato, fumettista, cantante, cuoco - possa a proprio modo accendere le luci.	191.37351989746094
In Africa, ogni giorno, 6500 persone muoiono di sindrome da immunodeficienza acquisita -- una malattia che si può curare e prevenire -- per mancanza di medicinali che da noi sono in ogni farmacia.	133.0472412109375
Il mio disaccordo acquisisce molteplici prospettive quando parlo al popolo americano e ascolto le loro preoccupazioni per la perdita ed il benessere economico del Paese.	139.50572204589844
la macchina potrebbe uscire fuori strada e qualcuno avere un incidente e la prima persona che passa e li trova feriti,li tengono per mano e piangono con loro e dicono qui ,qui e poi cè un dottore che li aiuta e li soccorre ma l'ingegnere di cui non hai mai sentito parlare,che arriva mette un muro a lato della strada,o inclina la strada,e mette delle barriere di sicurezza in modo che non ci siano incidenti. tu non hai mai sentito di queste persone in società.	394.8310546875
Insieme impareremo teoria e pratica dei linguaggi di programmazione, sino a costruire un navigatore web.	84.283203125
Potete vedere attraverso il fuoristrada un cammello, e un carro.	84.3028335571289
Cosa che sapevo, perchè è stata la parola che mi ha fatto vincere la gara di compitazione dell'Ohio nel 1976.	122.69638061523438
Lì, egli potrà rivedere, modificare e migliorare la bozza di traduzione (automatica) dei tuoi sottotitoli.	124.58924102783203
E per coloro che non sono genitori, le tazze da neonato sono quelle cose di plastica che i bambini usano quando sono troppo grandi per i biberon.	119.2553482055664
Una delle fattorie è chiamata Kirkeby Ranch, ove vi portero' per un minuto.	113.10348510742188
L' incontro degli studenti di Riau (Fopersma) ha manifestato la propria solidarietà con una fiaccolata spingendo i giornalisti di Riau ad unirsi alla protesta, a causa del silenzio del Governo La solidarietà dei giornalisti le azioni del Forum degli studenti (Fopersma) di Riau per affrontare il problema del pestaggio dei giornalisti	270.101806640625
Questo era nel 1997, e questa è una foto che ho fatto circa alle 3 del mattino a Mountain View, quando stavamo osservando gli schermi del computer perché avevamo sentito un segnale per cui abbiamo pensato Ce l'abbiamo fatta . Giusto?	204.98239135742188
Poi si colloca un altro elettrone, e parleremo di rotazioni e cose simili in futuro.	102.44551086425781
Il bandito :	35.3130989074707
caduta più parte di un diritto d'autore programma creato da vero e proprio bambi definitivamente andato tutte le auto della guardia nazionale in onda 238 per quanto riguarda l'omicidio ma vi siete persi mezzo con rona	267.8393859863281
Si sentiva nessuno svantaggio su questo punto.	74.53550720214844
Poi tutti e tre lasciato l'appartamento insieme, qualcosa che non aveva fatto per mesi, e prese il tranvai elettrico all'aria aperta fuori della città.	139.6684112548828
Larry ha riconosciuto fin dall'inizio, e abbiamo tutti apprezzato l'idea, che queste piccole cose sullo schermo erano veramente la porta d'ingresso verso le grandi macchine sullo sfondo, e che tutto questo si sarebbe trasformato in una nuvola dietro lo schermo.	194.25283813476562
Questa è la storia di una imbarcazione lussuosa club sono principalmente tutti colletti blu.	107.14310455322266
Ma parlano anche del fatto che i loro dirigenti, tutte le loro note spese, sono caricate sulla rete interna aziendale perché tutti le possano vedere.	151.0025634765625
Esistono molte prove cliniche.	40.14552688598633
Le magliette del personale non gli stavano più e gli abbiamo dovuto fare la maglietta da capo.	98.38265991210938
Ed arrivarono anche i stereotipi ad assediarci.	83.62682342529297
Alcuni documenti, però, sono stati abbandonati intatti e gli attivisti, alcuni di loro, hanno trovato i loro fascicoli di sorveglianza pieni di trascrizioni delle email che avevano inviato, dei messaggi istantanei che avevano mandato, persino le loro conversazioni Skype.	191.0632781982422
In segno di protesta, il autore del diario elettronico Slim Amamou, che era stato arrestato durante il governo di Ben Ali e che successivamente prese parte al governo di transizione creato dopo la rivoluzione, ha dato le dimissioni dal gabinetto, per protesta.	166.05325317382812
La Hyundai è una marca di lusso.	51.456390380859375
Mai e poi mai vogliamo essere partner di programma malevolo o fornitori inaffidabili, o roba del genere.	127.66578674316406
E sono gli stessi segnali che vanno in arresto nei disordini da dipendenza.	92.74502563476562
Questo è una foto di una schermata dal mondo virtuale Entropia Universe.	78.06657409667969
Swartz stava conducendo un massiccio trasferimento di dat parallelo automatizzato del PACER.	143.20574951171875
Hai sentito che sto facendo la pubblicità sulla bevanda sportiva che stavi facendo tu, vero?	109.21703338623047
Il nostro agente di commercio può rilevare diverse cose, come le azioni o i titoli o le merci.	89.43036651611328
Dovete sapere esattamente cosa vedrà il vostro pubblico nello spot pubblicitario.	84.64131164550781
Inizierò da un aneddoto, o per chi tra voi è appassionato dei Monty Python, da una scenetta alla Monty Python.	133.44158935546875
Ecco cosa faremo essenzialmente nella scaletta sulla geometria: - capire come possiamo dimostrare qualcosa in maniera rigorosa ;	129.36192321777344
Che sappiate come muoverla su e giù e che capiate il concetto di nota di base. Inoltre, spero abbiate suonato anche qualche giro qui e là.	168.8652801513672
Altrimenti non sarete in grado di suonarlo. Quindi, suonate un po' questi accordi potente sulla quinta corda. Muoveteli su e giù e assicuratevi che il vostro riscaldamento sia buono.	167.92596435546875
74 titoli su 100 sono seguito o rifacimento di vecchie pellicole. Oppure sono adattamenti di fumetti, videogiochi, libri o altro materiale.	116.03179168701172
Quindi, ecco la storia dell'informatica degli ultimi 50 anni in meno di un minuto. Pronti? E' iniziata con un grande sistema centrale come questo, circondato da un gruppo di stupidi terminali. giusto?	174.12454223632812
lasciando solo del compostaggio pulito.	67.5706787109375
Se provieni da Reason, sarai felice di sapere che puoi ancora creare sofisticate combinazioni di effetti in Live.	114.06249237060547
Selezionare con il mouse e modificare con CTRL+E creerà due tagli.	87.31928253173828
Eri a conoscenza del fatto che puoi creare effetti graffiati ritardato con il Simple Delay?	124.6724624633789
Che questa festa ricevuto la Torah e di fronte all'accoglienza chiamano rabbia	111.07903289794922
Rimase quasi sempre assorbito in una estasi beatifica, durante la quale era privo di coscienza.	105.8202133178711
Ho sentito dire che c'é musica di sottofondo nei bagni degli alberghi.	80.05088806152344
I folti capelli neri, in fuga come potrebbe qui sotto e tra le bende croce, proiettato in marsine curiose e corna, dandogli l'aspetto più strano concepibile.	227.4345703125
Carrello Fearenside, mentre Hall è stato avere una parola o un modo di preparazione pettegolezzo ad aiutare siano essi in	173.58055114746094
Pagano delle aliquote sulle vendite ai detentori di brevetti, in questo modo vengono remunerati per la condivisione della loro proprietà intellettuale.	143.801513671875
Il personale dei servizi segreti ha scoperto e ci ha detto qualcuno era stato inviato a darci la caccia.	102.1383056640625
Questo è un momento teso nella prima partita di football, penso.	81.85360717773438
Quasi 7000 persone hanno contribuito a rendere il mio progetto Tropi vs donne nei videogiochi più grande, vasto e migliore di quanto avrei mai potuto immaginare.	162.3428497314453
Quella sera stavo per sperimentare il Guinness World Record di stravaganza della danza e dell'acrobatica nord coreana e il momento culmine chiave per la maggior parte dei visitatori - i Giochi Arirang.	204.11947631835938
Ma forse la cosa più eccitante a riguardo è che il programma di questa tecnologia è disponibile ovunque.	96.89828491210938
Questi pannelli che hanno gli insegnanti, potete andare a registrarvi proprio adesso e potete diventare essenzialmente un allenatore per i vostri figli, o nipoti, o cugini, o forse qualche bambino al Boys and Girls Club.	191.88442993164062
Abbiamo questa possibilità di azzerare tutto, invece di dover credere a tutte le cose a cui ci hanno detto di credere.	98.1515121459961
Finisco con questo, che è il motivo guida nel mio progetto imprenditoriale e anche nella mia vita.	102.4509506225586
Tutto cominciò con l'atterraggio di un disco volante di un'altra galassia.	67.82132720947266
Quindi ho cercato di dare un senso, e quando sono arrivato, ho cercato qualche opuscolo informativo che mi avrebbe aiutato a decifrare questo sistema e capirlo, e ho trovato queste brochure.	156.65586853027344
In effetti si tratta di un filmato di presentazione dell'accademia per pagliacci che avevano.	97.79962158203125
Una lezione: il resoconto dalla Cina di Tiziano Terzani nel 1984.	79.93377685546875
Il Doha Tribeca Film Festival è stato tenuto presso il nostro nuovo centro culturale, Katara.	82.01253509521484
Cannery Row, in quel periodo, era il più grande conservificio industriale della costa occidentale.	87.5976791381836
Stavamo lanciando un magazzino a Los Angeles, mi pare.	81.88850402832031
E ora, poiché credono di dover lavorare per contribuire la mondo, mettono questi foglietti adesivi sulla testa, non scherzo, dove c'è scritto 'Genio al lavoro'.	186.56568908691406
E poi l'integrazione di tutte queste tecnologie di cui avete sentito parlare, l'antenna senza fili che permette ai bambini di connetersi; lo schermo leggibile anche in piena luce;	154.99124145507812
Infatti negli anni Trenta la Grande Depressione ha condotto a Bretton Woods, al benessere state e così via.	114.79354095458984
BDSM, perversioni, feticismo, pelle, Jock Straps, fori al cazzo, pinze per capezzoli, Dominazione e Sottomissione.	148.26409912109375
Questo va in squadra con il reame dei pensieri di cui abbiamo parlato la scorsa settimana, perchè i pensieri sono una vibrazione.	111.91014862060547
Prendete due programmi, essi produrranno figli scambiandosi le subroutine, e i figli erediteranno i tratti delle sottoprocedure dei due programmi.	152.01260375976562
Proprio come il darwinismo era al suo nadir, una reviviscenza era in corso.	99.08399963378906
Modi stupidi di morire - e - e, così tanti modi stupidi di morire. Tirare fuori il pane tostato con la forchetta. Costruirsi il proprio impianto elettrico.	173.40216064453125
Basta tenere fuori mentre io risolvere la gara .	84.61982727050781
Se portiamo semplicemente quel rapporto a 15.000 a uno, arriveremmo a quegli obiettivi di aiuto che abbiamo concordato al Summit di Rio 20 anni fa, su cui il colloquio concluso la settimana scorsa non ha fatto nessun progresso.	229.2350311279297
Puoi immaginare che se fossero fiches, le fiches del poker, questa sarebbe una delle fiches blue del poker e ogni gettone blu rappresenta 10mila.	157.3262176513672
La notte scorsa, mentre il dolore si attenua, un giornalista ed un corrispondente televisivo dissero che quella sera la funzione alla Chiesa di Riverside sarebbe stata trasmessa sul nostro canale in citta'.	175.07086181640625
Abbiamo lavorato sodo per ridurre l'inquinamento che veniva prodotto qui a Los Angeles.	76.21662139892578
Quindi ho chiesto alla gente di mandarmi la loro nome utente e la loro chiave d'accesso.	89.32359313964844
Quindi una persona del posto magari sta decidendo se fare la bambinaia o no.	91.67172241210938
Si sbarazzano di 15 lavoratori al giorno, ma non si vede alcuna incursione massiccia.	106.74283599853516
I lustrini dorate vanno con tutto.	62.86835861206055
Il bambino patata dolce infilò le mani in bocca fino a farne una purea e poi non ebbe più niente da dire.	113.4388656616211
Gli impiegati statali hanno dei vantaggi per i loro compagni.	62.35455322265625
Il nastro adesivo sta qua.	50.96192932128906
Se ci pensate, l'innovazione cruciale di Google é stata il dare la cosa più importante -- ossia la decisione di cosa sia più rilevante -- come esternalizzazione alla comunità della rete nel suo insieme, che fa quel che vuole fare. E' il page rank.	239.09884643554688
Sospetto: maschio bianco, alto 1 e 80. tuta gialla, capelli e scarpe rosse. Risponde al nome Ronald. Considerato armato e pericoloso.	152.79217529296875
Potresti, ma sarai appena tornato da una serie di spettacoli di 4 settimane.	101.95323181152344
Si circondava di una cerchia di accademici giovani e sconosciuti come Martin Buber, Shai Agnon e Franz Kafka e dava a ognuno di loro uno stipendio mensile così che potessero scrivere in pace.	152.813232421875
- Una storia tutto sangue per uno colpo grionalistico ?	113.49427032470703
Questo era Internet, questa scatola nera con la lucina rossa, rappresentata in questa commedia The IT Crowd .	129.90499877929688
Ora, l'opposto di una ricercata è vostra madre.	77.60965728759766
E altri argomenti, tra cui: aggiunta di coni e intagliare la etichetta xxxxxxxxxxxxxxxxxxxx	123.36762237548828
Lasciate che metta le cose in questo modo, se incontrassi uno che parla solo olandese in possesso della cura per il cancro, gli impedirei di entrare nella mia Università Inglese?	180.95782470703125
Poi entri in qualche tipo di associazione a delinquere dove vendi assicurazioni e hanno una certa quota da raggiungere..	135.94754028320312
Le persone all'interno della nostra rete diventano i nuovi portavoce e influenzano le nostre scelte, cosa vogliamo leggere, cosa vogliamo dire, cosa vogliamo acquistare o mangiare, e questa è una buona cosa.	149.37539672851562
Ma molti dei nostri operatore di ripresa e dei nostri giornalisti, sono entrati clandestinamente in Egitto -- volontariamente -- per informare su ciò che stava accadendo in piazza Tahrir.	149.43727111816406
- Allora ho detto: 'al diavolo questo baita di merda, andiamo a sbronzarci altrove!	118.09959411621094
Attenzione: anticipazione in arrivo gli specchi non sono trasparenti, non sono d'argento come spesso si dice.	107.1246337890625
Ma le storie personali che contribuiscono all' offerta giornalistica sono pezzi che godono del lusso di un ballo lento di informazioni	146.60769653320312
Il problema è che questa politica funziona, e il finzione non viene scoperto, solo se credibile.	107.39894104003906
Un'analisi di questo respirocita, progettato da Rob Freitas, indica che se sostituisci 10% delle tue cellule sanguigne con queste versioni robotiche, potresti fare una volata Olimpica per 15 minuti senza fare un respiro.	210.1352081298828
Il povero ragazzo, gli attaccano la telecamera in testa con lo scotch.	85.61127471923828
Sentite una tremenda tensione e l'apprensione perché sapete che qualcuno salterà fuori e sarà spaventoso, ma non sapete quando avverrà.	122.76881408691406
E poi ho realizzato una scuola di legge per Loyola nel centro città di Los Angeles.	93.47567749023438
Era un venditore di ricordini che aveva sempre voluto essere un pittore, e io ero Frankie P. Toronto.	122.1861801147461
Beh, guardiamo la registrazione e vediamo che è successo.	64.8682632446289
Dal primo giorno in terra abbiamo avuto un aumento quintuplo di riciclaggio, Eppure, noi stiamo producendo più immondizia che abbiamo fatto nel 1970.	148.6925506591797
Una delle cose che abbiamo imparato visitando diversi teatri, è che noi architetti siamo odiati perché dicono che la prima cosa che devono fare, i primi 5 minuti di ogni spettacolo, è togliere dalla testa del loro organizzatore la nostra architettura.	190.43649291992188
Ma anche Becket con l'orizzonte di Dallas sullo sfondo.	78.11176300048828
Quanto accrescimento di potere c'è nel consumo seriale di accessori costosi, che hanno un ciclo di vita di uno o due anni? Che sono costruiti su sistemi chiusi e giardini recintati?	177.4679718017578
In Georgia, dopo anni di stallo, abbiamo assistito a un diffus aumento di violenza, nell'agosto del 2008.	111.11067199707031
Chi l'ha fatta aveva il senso dello humour. Lo umorismo non c'entra qui. Vuoi dire che bisogna essere seri davanti a un affare come questo?	132.17086791992188
Ora ospita bottega di artisti, gruppi di teatro, e gruppi di danza.	72.10509490966797
Quando si è nel dietro le quinte si dà una risposta che forse lo fa sembrare così. Diciamo:	108.89852905273438
Non dico una maglietta a maniche corte sportiva, ma la stessa maglia che indossano i giocatori nella partita.	91.9363784790039
Alcuni dicono che dovrebbero essere gratuiti; dovrebbero essere quotidiano o ancora più piccoli:	101.77906036376953
Stamattina c'ho messo 10 minuti per uscire dal parcheggio dell'Hilton di Burlingame perché la tessera della mia camera non funzionava... Sono stato a guardare tutti gli altri mettevano la card e passavano, mettevano la card e passavano... arriva il mio turno e non funziona. Ecco perché mi ci son voluti 10 minuti per uscire dal parcheggio.	234.5915985107422
Quindi, nello stile dei Monty Python, questo ricorda la scenetta del Lord Privy Seal , ma è per dire che i bambini non sono vasi vuoti.	143.0426788330078
La settimana scorsa ho fatto sesso con uno al supermercato perché mi piaceva come prendeva la mia roba.	99.4562759399414
Roger nuota molto velocemente e riesce a raggiungerlo e il polpo cerca di ingannare e di sembrare molto grande alla vista.	143.37005615234375
Ho anche fatto -- e non voglio iniziare un piccolo litigio nel prossimo incontro -- ma ho fatto un'analisi con Google Share dell'evoluzione e selezione naturale.	170.1374053955078
Comportamenti associati a ciò sono: senso di solitudine, voyeurismo, cliccare, cercare, aprire più schede, mandare avanti-veloce, ricerca di novità, trauma e sorpresa.	200.3029022216797
Si troveranno a dover pagare controbuti aggiuntivi per i controlli di base che servono a mantenerli in salute.	120.25869750976562
Ma provate a immaginare se cestinassimo questa nozione di esperienza e di cattedra elitaria, e al suo posto abbracciassimo l'idea di un'expertise democratizzata, per cui l'expertise non sia solo appannaggio di chirurghi e CEO, ma anche delle commesse - sì.	278.2645263671875
Chiaramente qualcuno a Tel Aviv non riesce a digerire che le immagini dei massacri di civili... ...possano sovrapporsi a quelle delle riunioni con tanto di rinfresco offerto ai giornalisti prezzolati.	180.74058532714844
Allora non ostacolare quel regime di apartheid fu considerato un po come esserne complici, cosa cambia oggi? non crede che la miglior risposta all'occupazione israeliana e a questo massacro in corso... ...siano gli attentati, i kamikaze e i razzi Sderot.	291.0285339355469
Auguro a tutti loro del bene, ma particolarmente al Presidente, alla prima signora ed ai loro figli. (Applausi).	113.35567474365234
Netflix aveva ragione: il modello di Netflix poteva capitalizzare sul DVD come i negozi di noleggio di videocassette non potevano fare.	118.07015991210938
Signora, gradirebbe qualcuno di questi monili arancioni coi puntini rosa?	104.11236572265625
Un attacco arriva da sinistra!	48.28290557861328
Questa immagine di Ted Joseph è tratta dal libro e rappresenta una specie di identificazione delle creature che Whitley Strieber gli aveva descritto.	142.3005828857422
Ecco un' unità sperimentale mi sembra un lettore di libri digitale particolarmente attraente	94.8102035522461
Significa che ha spedito la palla in campo esterno, che la palla è caduta, senza essere presa, e chiunque abbia tentato di lanciarla in prima base non è arrivato in tempo e il corridore era salvo.	177.89234924316406
Avrei potuto mettere la t e impostare t come variabile di integrazioni,non c'è alcuna differenza e poi devo andare da 0 a 3.	162.41067504882812
Questo non ha niente a che vedere con coloro che vogliono costituire un ordine mondiale privilegiato sotto il controllo loro e delle grandi corporazioni con il resto del mondo asservito a essi.	134.71690368652344
I moduli video impilati saranno spediti in tutta sicurezza in palette di carico pre-categorizzati con imballaggio termoretrattile.	155.1713409423828
Sono entrato in una stanza asettica con un cialda di silicio, e poi ho messo in funzione tutti i macchinari per un centinaio di ore.	142.51856994628906
- sono nel business delle pergole parecchio spazio per andare in giro qui non hai bisogno dei gazebo hai tutti quei portici	151.29737854003906
Ma lui spiegò che si trovava alle strette e che non riusciva a trovare quel tipo di attrattiva sessuale e quel grado di popolarità per cui le conferenze sono note-- (Risate) così dissi va bene, Ted -- cioè Chris.	250.83607482910156
Ubuntu Edge sarà una produzione limitata, disponibile solo ai sostenitori di questa campagna.	71.18746948242188
E alla fine della clip questa kitsch, pacchianeria sto male siamo	111.42460632324219
Abbiamo sviluppato un mini elaboratore che le abbiamo sistemato dietro la schiena, attraverso il quale Amanda riesce ad elaborare ciascun segnale muscolare.	133.567626953125
La disputa del riscaldamento globale portava via molto tempo e mi distraeva dalla ricerca scientifica, in parte perché avevo denunciato il fatto che la Casa Bianca aveva alterato la mia testimonianza.	161.71514892578125
Destro parlerò di loro, o ti dirò ragazze, continuo a pensare che tutto questo discorso di oggi mestieri istruire, raccontare, insegnare, vendita telefonica stavo facendo, il fondatore di una nuova professione	237.7022705078125
Tu eri il migliore a arrotolare uno spinello.	74.68801879882812
E lo diamo per scontato, così giocattoli e biancheria intima ci aiuteranno in questo senso.	99.96805572509766
E ognuno deve fare la propria parte, nell'Arazzo della Vita, menzionato nell' opuscolo di questa mattina.	116.13422393798828
Il simbolo della porta somiglia a una porta da salone nel selvaggio West.	83.44583129882812
Sta per svenire, ma fortunatamente non indossa uno scialle come l'altra ragazza, che è stata quasi strangolata, o come la terza ragazza, che è stata penetrata con un coltello, o come la quarta o la quinta ragazza, che sono state rapite in una macchina, ma sono riuscite a saltarne fuori.. o come la madre che è stata violentata davanti ai figli.	244.10328674316406
In ogni caso, non ho rivendicato volentieri l'etichetta femminista, sebbene ne fossi circondata, perché l'associavo ai gruppi di donne di mia madre, la sua gonna frusciante e le sue spalline -- nessuna delle quali aveva molta memoria nei corridoi della Palmer High Scholl dove in quel momento cercavo di essere trendy.	296.0905456542969
Perché non è stata condotta alcuna analisi della qualità dell'aria in questo edificio da quando siamo stati eletti?	92.37950897216797
Essendo austriaco mi è rimasta impressa vivamente nella memoria - ma credo lo stesso valga per tutti noi - la sciagura del traforo nei monti Tauri che è costata la vita a tante persone e in cui solo dopo molti mesi e con un enorme sforzo finanziario si è potuto ricostruire quanto era andato distrutto all'interno del tunnel a causa dell'incendio.	258.9518737792969
I lavori di ricostruzione, durati mesi, hanno provocato l' interruzione del transito in questa importante arteria di comunicazione fra il settentrione e il meridione dell'Europa.	124.4878158569336
Ci sono diversi motivi per dedicare attenzione a questo aspetto, basti guardare quanti incidenti si sono prodotti negli anni scorsi in caso di nebbia in Belgio, o in Olanda o in altri paesi. Tanti sono gli incidenti in cui sono rimasti coinvolti autocarri che trasportavano merci pericolose e che in tali condizioni meteorologiche non avrebbero dovuto viaggiare invece di trovarsi tranquillamente sulle strade.	247.46763610839844
Tale modifica sarebbe necessaria anche per lasciare immutato il livello di sicurezza in vigore nelle regioni nordiche.	108.40922546386719
E mi permetto di ricordargli anche che, mentre era Segretario di Stato per il Galles, il capo del suo partito, Hague, ha violato tutte le regole sull' addizionalità e per questo ricevuto una dura lettera del Commissario Wulf-Mathies sui requisiti normativi.	250.09161376953125
In pratica intendo dire che stiamo per entrare in un periodo di gestione della programmazione 2000-2006 che non dovrà essere un periodo di ordinaria amministrazione per un semplice motivo: dobbiamo raccogliere due grandi sfide.	183.04063415527344
Infine, per rispondere alle preoccupazioni espresse dai diversi onorevoli parlamentari e in particolare dalla relatrice, le linee direttrici ricordano l' importanza e la definizione di strategia integrate di sviluppo o di riconversione, che tra tutte le priorità attribuiscono l' opportunità maggiore alle sinergie, alle misure adottate e alla realizzazione di un partenariato decentrato.	293.4224548339844
Non voglio citarli tutti: la realizzazione di politiche intersettoriali, l' aumento dell' efficacia dell' utilizzo dei fondi pubblici, il sostegno a favore dei diversi soci per realizzare insieme la pianificazione regionale o nazionale e via discorrendo.	209.7783966064453
Attualmente molti inserti vengono presentati proprio in tale contesto, mentre in futuro questo strumento non sarà più disponibile.	107.43455505371094
Per dare un esempio, le cifre relative all' anno scorso indicano un valore totale delle fusioni in Europa pari a 1,4 trilioni di euro, ovvero sette volte il livello del picco registrato nell' anno della precedente esplosione delle fusioni in Europa, il 1990.	191.6005859375
Tutto ciò per lottare contro una frode inferiore a un miliardo di euro mentre se ne lasciano andare decine di miliardi per gli SPG, per le zone di libero scambio, per i regali doganali alla Chiquita e per i miliardi persi sulla quarta risorsa, il PIL, dovuti al patto di austerità sul bilancio.	275.78271484375
Il mio parere, in qualità di ex Ministro per lo sviluppo, è che questi stessi argomenti dovrebbero essere oggetto di integrazione e dovrebbero essere affrontati nel contesto della formazione e non trasformati in una sorta di accessorio aggiuntivo.	160.8016815185547
Riveste naturalmente la massima importanza l'accesso dei disabili ai mezzi di trasporto, ai servizi e agli impianti di ogni genere, in modo da garantire anche ai disabili un'effettiva libera circolazione.	129.54225158691406
Né è accettabile che un' istituzione pubblica abbia il diritto d'autore su documenti pubblici.	86.88926696777344
Non possiamo ignorarli o eluderli, nemmeno con una cosiddetta norma non vincolante, come si è proposto in sordina durante una riunione della nostra commissione.	151.3648681640625
Questo era un argomento usato contro la Commissione dai gruppi di pressione dei duty-free, risentite per il fatto che la Commissione avesse abolito i duty-free negli aeroporti.	145.1701202392578
Non so se batta il primato di tutte le risoluzioni presentate in questa sede ma, senza dubbio, batte il primato di questo tipo di risoluzioni.	124.87931060791016
Esiste la volontà, ma i timori sono enormi e per mettere a tacere la paura dobbiamo trovare una guida politica e religiosa non solo in Irlanda, ma anche in tutta l' Unione europea.	152.52749633789062
Oggetto: Progetto di regolamento che stabilisce i totali ammissibili di cattura di determinate popolazioni di pesci per l'anno 2000 (caso concreto dell'acciuga) Secondo le ultime relazioni del Consiglio internazionale per l'esplorazione del mare, la riserva di acciughe nella zona VIII CIEM versa attualmente in condizioni critiche.	253.97520446777344
I programmi di compravendita gestiti tramite calcolatore hanno trasformato un bip qualsiasi in una valanga, che ha travolto posti di lavoro, vite ed imprese in tutto il mondo.	161.7575225830078
Ci troviamo di fronte ad una inflazione dei beni di portata mondiale.	79.94110870361328
Questa nostra sottolineatura è tanto più importante perché noi, com' è noto, dissentiamo sostanzialmente dalle politiche fatte da quest' Europa: dalle sue politiche economiche e sociali, dalla sua carenza di democrazia, dal coinvolgimento di questi stessi paesi nella drammatica guerra dei Balcani.	200.19174194335938
Vedo invece che in tutta Europa la gente beve Coca Cola, mangia medaglioni, indossa berretti da pallabase, guarda le pellicole di Hollywood e spesso fa tutto questo contemporaneamente.	176.40493774414062
Nei prossimi anni si tratterà di aumentare la partecipazione delle donne fino a giungere ad una percentuale del 40 percento di donne nelle borse di studio Marie Curie, nelle assemblee consultive e nelle commissioni di valutazione dell' insieme del quinto programma quadro RST.	204.79507446289062
Parlerò invece del Partito socialista spagnolo che si è da poco alleato con i macellai di Albacete, che regola i suoi conti con i nazionalisti baschi mediante l' intervento per procura di omicidi professionisti.	211.99453735351562
Per poter garantire la sostenibilità - una parola che è ormai diventato un motto quasi privo di significato, ma tutti sappiamo che cosa si intende con tale termine - occorre anche sfruttare le sinergie nelle aree rurali, per esempio fra turismo e agricoltura.	186.57566833496094
E ciò in considerazione del processo di ampliamento ad oriente e del processo di maggiore integrazione con i paesi del Mediterraneo.	102.24346160888672
Non ci si deve occupare sempre e soltanto delle proprie passioni ma svolgere anche il lavoro quotidiano normale.	93.78865051269531
Tuttavia, la delegazione francese del gruppo di cui facciamo parte non può accettare che l'iniziativa INTERREG venga deviata da quello che è il suo scopo dalla Commissione e dalla fazione federalista allo scopo di smorzare ulteriormente il ruolo politico delle nazioni.	195.94644165039062
A proposito del dialogo con i cittadini, non si tratta di fare propaganda o promozione e nemmeno comunicazione.	85.99993896484375
La questione è molto importante e vorrei sapere, dato che si potrebbe parlare di una piccola truffa , se il Commissario veglierà a che quei fondi non siano sottratti agli andalusi, affinché il finanziamento che l' Unione europea destina all' Andalusia, basandosi sul criterio del censimento, tenga conto di quei 400.000 bambini che Aznar non calcola quando si tratta di fornire loro scuole e servizi.	321.2397766113281
Se funziona il mercato del lavoro per livelli di occupazione, flessibilità ed efficienza salariale, non possono non funzionare lo stato sociale e la protezione sociale, e viceversa.	131.24803161621094
Ci era stato detto che all'arrivo avremmo trovato una corriera ad attenderci.	76.10359954833984
Gli investimenti nazionali ed esteri registreranno un incremento e si verificherà un maggiore trasferimento di competenza e di tecnologie, fattori che daranno impulso alla competitività dei paesi ACP e ne agevoleranno la graduale integrazione nell' economia mondiale.	175.86898803710938
In media, per gestire 10 milioni di dollari di aiuti la Commissione conta su un personale di 2,9 persone, rispetto a 4,3 della Banca mondiale e tra 4 e 9 nei maggiori Stati membri.	188.60455322265625
Le proposte della Commissione di cui si discute in Aula consentono di operare il rinnovamento di cui essa ha bisogno.	115.53433227539062
Corinne Caillaux sarà ritrovata trucidata a coltellate - dopo essere stata sicuramente stuprata - nel gabinetto del treno.	122.57029724121094
La nuova grande sfida che dobbiamo affrontare è il rilancio del nuovo giro di negoziati per il commercio mondiale falliti a Seattle lo scorso dicembre.	118.2402572631836
Finora Kouchner dispone soltanto di 2.000 agenti di polizia, metà dei quali proviene dagli Stati Uniti d'America e dalla Germania.	125.61479949951172
In questa prospettiva la gestione basata sulle attività è lo strumento chiave per assicurare corrispondenza fra obiettivi, azioni e risorse.	97.04743194580078
La ringrazio, Commissario Patten, anche per aver saputo condire questo argomento così complesso con un po' del suo umorismo britannico, cosa che di certo non ha guastato.	146.33712768554688
E' difficile prevedere chi causerà il salutare scossone e quando.	80.9676513671875
La piena occupazione sarà però ristabilita quando non ci saranno più disoccupati di lunga durata, quando ogni giovane si sarà visto offrire almeno un corso di formazione, al più tardi sei mesi dopo essere entrato sul mercato del lavoro.	157.5342559814453
Occorre un sistema di allarme precoce per le violazioni dei diritti umani; occorrerebbe inoltre una pagina in rete che illustri il lavoro svolto in materia di diritti umani, precisando per esempio chi faccia che cosa, e con quali risultati.	167.91439819335938
Si tratta di un giro di affari le cui dimensioni, secondo l' UNDP, possono essere valutate intorno ai sette miliardi di dollari.	98.52737426757812
Tale gruppo è un misto di onorevole Bonino ed onorevole Le Pen, che è già in sé un abbinamento sensazionale, per di più questo circolo non partecipa mai ai lavori delle commissioni.	190.78392028808594
E' ora che il Parlamento dia una lezione agli altezzosi del cioccolato.	97.1865234375
La rilevazione delle impronte digitali è una grave ingerenza nella riservatezza e bisogna valutare attentamente la compatibilità di tali disposizioni con la Convenzione europea dei diritti umani: non sono certa che lo si sia davvero fatto.	176.191650390625
Il concetto di servizio universale ci indica la direzione da seguire, ma l'idea non deve essere applicata da quei fornitori che censurano Internet, impedendo con espedienti tecnici ai loro clienti l'accesso ad alcune parti della rete.	169.90806579589844
Nella dichiarazione di Lahore, i primi ministri dei due paesi affermarono la loro volontà di rispettare l' Accordo di Simla del 1972.	96.51899719238281
Proprio a causa di questo stallo e degli alti rischi che esso comporta, i paesi terzi dovranno adottare un approccio equilibrato, esortando entrambe le parti a smorzare i toni dell'escalation militare in maniera articolata e a riprendere un dialogo a tutto campo per rilanciare il processo di pace di Lahore.	211.2976531982422
Nessuno vuole sostenere che l'effetto deterrente dello strumento interventi di cambio sia proporzionale all'importo delle riserve, ma è la facoltà di mobilitare immediatamente e in qualsiasi momento attività supplementari che conferisce un' eccedenza di credibilità.	210.44168090820312
L'attuale legislazione rischia di scatenare un'altra disputa commerciale sulle due sponde dell'Atlantico, ma questo è un altro problema; inoltre, non rispetta la migliore prassi ambientale basata sui criteri di prestazioni; e infine - immaginate un po' - esclude i velivoli che utilizzano un moderno motore di produzione statunitense, ma permette l'uso del motore Rolls Royce il cui rapporto di diluizione, opportunamente, è pari a 3,1.	334.510498046875
Già all'inizio di aprile di quest'anno è stata avviata una campagna per sensibilizzare chi viaggia alla gravità del problema, mediante annunci televisivi e cinematografici, cartelloni pubblicitari negli aeroporti e grandi inserzioni sui giornali.	161.70175170898438
Dovranno inoltre, sempre a titolo di esempio, garantire che i proprietari degli alberghi e i loro dipendenti siano a conoscenza dell'opera di contrasto dello sfruttamento sessuale dell'infanzia e che vi contribuiscano.	147.6453399658203
Con la richiesta di insediamento di una commissione parlamentare d' inchiesta, un' alleanza composta da verdi, sinistra e destra vuole evidentemente trasformare il Parlamento europeo in un' arena per giochi in stile James Bond.	174.29905700683594
Ad un fenomeno planetario di migrazione si contrappongono piani, bilanci e campagne d' informazione.	119.41785430908203
Non è un problema di bottiglie di sciampagna stappate fra Bruxelles e Strasburgo, che è una quisquilia, se mi è permesso dirlo.	141.21286010742188
Spesso, però, la nostra alimentazione contiene un miscuglio di sostanze diverse di cui non sempre conosciamo gli effetti!	91.47420501708984
Preoccupazione verso il modo in cui è avvenuta la gestazione del vertice - non figurava neppure nel programma di questo semestre - con momenti di confusione, di apprensione e abbondante dietrologia, fatto incompatibile con la serietà e il rigore che ci si attende dall'Unione europea e con l'importanza di questo storico incontro, il primo ai massimi livelli fra le più alte cariche dell'Europa e del continente africano.	309.07928466796875
Non voterò a favore di questa lista della spesa, a meno che non venga modificata nel senso da me appena esposto.	112.79688262939453
L'attuale incremento della tensione viene altresì alimentata dalle dichiarazioni dei responsabili della NATO, come pure dalle nuove intense esercitazioni militari delle forze NATO.	139.64523315429688
Da qui la mia domanda: la Commissione vuole carta bianca anche per altri prodotti?	96.9856185913086
Dei rapporti medici hanno evidenziato che coloro che abitano nelle immediate vicinanze degli aeroporti soffrono di gravissimi problemi di salute, tra cui insonnia, ipertensione, tensione nervosa e depressione.	120.10169219970703
Come è già stato ricordato questa sera, il commercio elettronico e le transazioni in rete stanno crescendo molto rapidamente, ed è importante realizzare un quadro legislativo europeo nell'ambito del quale tali attività possano svilupparsi e prosperare.	155.86306762695312
In terzo luogo, se la spesa relativa agli Inviati speciali sarà in futuro trasferita al bilancio amministrativo del Consiglio, come si presume, ciò significa che sarà necessario rivedere in seguito il  patto fra gentiluomini attualmente in vigore fra Consiglio e Parlamento europeo, in virtù del quale il Consiglio non interferisce nel bilancio del Parlamento, e viceversa.	265.5301208496094
Pertanto abbiamo potuto dare seguito ai lavori della squadra sull'ESB.	83.16706085205078
Le nuove tecnologie, in particolare i tachimetri digitali e le carte intelligenti che ogni singolo camionista inserisce nel tachimetro - potrebbero essere il mezzo migliore per disciplinare l' orario degli autotrasportatori sulla strada e al lavoro.	180.3140869140625
Date le diversità di contesti storici, quadri normativi, tipo e numero di reattori e tipo di approccio al regolamento dei vari Stati membri, non sarebbe facile armonizzare i requisiti minimi in un'unica normativa comune.	205.34689331054688
Trattandosi di un argomento così delicato, sarebbe giusto che l'Ufficio di presidenza, il Parlamento e la Conferenza dei presidenti ricevessero un resoconto dettagliato di questo guasto del sistema.	128.1156005859375
E perché le persone che vogliono volontariamente prostituirsi, sebbene la prostituzione sia formalmente legale in molti Stati membri, devono scontrarsi con la proibizione sostanziale che colpisce le attività connesse e con i sotterfugi che criminalizzano nei fatti l'esercizio della prostituzione volontaria?	208.64431762695312
Come tutti gli altri deputati di questo Parlamento e tutti i giornalisti europei, non ho potuto recarmi a Jaffna di recente, né ho visto alcuna cronaca televisiva sulla battaglia dell'Elephant Pass.	159.46707153320312
Purtroppo la risoluzione in esame è stata la scintilla che ha scatenato una vera e propria sfida tra Belgio ed Inghilterra, dapprima all'interno del gruppo PPE-DE e poi anche nell'Emiciclo.	173.82940673828125
Si potrebbe scegliere di acquistare una terapia sostitutiva invece di una dose eccessiva di sigarette.	92.27732849121094
Esorto i governi a spingere per un fermo all' autorizzazione di nuove sostanze e a dare inizio alla progressiva riduzione delle sostanze nocive mettendo a punto un piano di sostituzione.	183.73638916015625
Faccio un esempio concreto: nel caso della lotta contro il drogaggio, per poter avviare un' azione comunitaria ci basiamo, tra l' altro, sui testi relativi alla salute, ma anche in questo caso gli Stati membri, a livello di Ministri dello sport, hanno istituito un comitato incaricato di esaminare quale può essere la migliore base giuridica sulla quale fondare la lotta contro il drogaggio da parte della Commissione.	291.64727783203125
Ritengo che sia importante suddividere i compiti di assistenza, promuovere azioni contro la tratta delle donne e favorire l' emancipazione delle donne.	130.9770050048828
Diciamolo a chiare lettere: questa situazione è riconducibile al fatale operato di un solo uomo, della sua cricca e del suo regime, cioè Milosevic.	146.24578857421875
La politica monetaria è certamente una leva capace di determinare, nel bene e nel male, le prestazioni economiche di un paese, ma proprio per questo non bisogna attribuire alla BCE responsabilità che non può avere, né alla luce di quanto stabilisce il Trattato né alla luce dei fondamentali di politica economica.	192.23304748535156
In particolare sono rimasto sbalordito e spaventato dalla proposta della onorevole Randzio-Plath di arruolare alunni delle scuole elementari in veste di Sturmtruppen per questo assalto propagandistico a favore dell' euro.	192.78565979003906
Il fatto che la relazione sulla riunione della Commissione in cui è stata ridotta all' osso la multa per il caso  Fléchard sia introvabile non è altro che una presa in giro.	173.60897827148438
Vorrei esprimere qui la mia protesta per i comportamenti delle forze dell'ordine olandesi nei confronti di alcuni giornalisti italiani che riprendevano le sofferenze di un gruppo di disabili portati a braccia sugli spalti perché non vi erano sufficienti posti a loro disposizione.	175.90576171875
E' perciò importante che vi sia l' informazione necessaria - che dovrà essere naturalmente più ampia di quella alla quale si assiste oggi quando i paesi mettono in circolazione un nuovo modello per le banconote e le monete.	182.18014526367188
Signor Presidente, secondo il mio modo di vedere il tono della relazione in parola sono i pii desideri.	119.90223693847656
Tuttavia siamo contrari all' istituzione di una Scuola diplomatica per la formazione del personale, formazione che intendiamo piuttosto nel senso, ad esempio, di una formazione supplementare o di una sorta di formazione sul lavoro .	177.207763671875
La complessità della materia e la brevità del tempo mi consentono solo alcune dichiarazioni di riepilogo, che considero essenziali e che spero saranno tenuti nella dovuta considerazione dalla Commissione.	147.4633026123047
Non lo condivido perchè la comunicazione ripresenta il vecchio modello europeo per quello che riguarda la TV e il cinema: intervento pubblico diretto con le aziende statali, assistenzialismo, negazione della natura del mercato che il settore audiovisivo ha sempre più assunto.	219.39434814453125
E' importante, se in Europa intendiamo realizzare un servizio pubblico che operi in un ambiente lealmente competitivo - lo stiamo constatando con il pubblico dei servizi pubblici - e se intendiamo sostenere, al contempo, il servizio privato audiovisivo.	204.170654296875
Il problema non è se Solana o un qualsiasi signor PESC presenterà comunicazioni annuali in Parlamento, ma come i popoli europei si riapproprieranno del loro destino per intervenire in modo efficace e imporre la pace, la solidarietà e la cooperazione internazionale fondata sul vantaggio reciproco.	247.97891235351562
Se veramente avesse voluto combattere il doping, l' avrebbe già fatto, ma ciò non conviene al CIO, alle federazioni internazionali, ai patrocinatori che investono nello sport né alle industrie farmaceutiche.	162.8418731689453
O se lo sport agonistico non stia tornando ad essere un combattimento tra gladiatori rappresentati, questa volta, da uomini automa attrezzati con le ultime novità della biotecnologia e della cybertecnologia e finanziati da interessi politico-finanziari.	204.91542053222656
Esso rimette in discussione sia la correttezza che l'autenticità della competizione, mettendo contemporaneamente in pericolo gli sportivi che vi si dedicano.	125.62824249267578
La scienza ha sempre avuto due volti: quello che si scopre può essere usato a favore nostro o contro di noi, da sempre: la ruota serve per muoversi più velocemente o per uccidere qualcuno; la rivoltella serve per difendersi o per ammazzare; l'energia atomica serve per farci stare meglio o per creare bombe atomiche.	207.04501342773438
Non per nulla il capomissione olandese André Bolhuis aveva definito i Giochi olimpici di Atlanta la guerra olimpica . Probabilmente l' ispirazione è provenuta dalle migliaia di agenti di polizia schierati e dall' atmosfera ostile che il pubblico e i media americani hanno creato attorno agli atleti stranieri.	232.69204711914062
Il secolo d' oro della nomenclatura comunista ha fatto sì che le persone venissero così disprezzate nell' ex Unione Sovietica e che così poco abbia potuto essere salvato nella Russia attuale, da provocare questo terribile disastro.	178.79641723632812
Infine desidero sottolineare ancora una volta al Parlamento che non siamo rimasti con le mani in mano a causa di questo dubbio o di questa controversia interpretativa in materia di Eurodac: la Commissione ha già presentato un documento di lavoro sulla revisione della Convenzione di Dublino che ha inviato al Parlamento europeo.	210.51596069335938
Per esempio, in relazione all'argomento in discussione un esteso entroterra che oggi fosse servito magari da più porti diversi potrebbe orientarsi a selezionarne solo alcuni, con la conseguenza di conferire solo a questi i volumi necessari per i più severi requisiti di eleggibilità.	246.4481658935547
Signora Commissario, a questa direttiva è collegata una scheda d'impatto .	105.45846557617188
L' Afghanistan è forse condannato a regredire nell' oscurantismo di un' altra epoca, a soffocare lentamente sotto il giogo dei talebani, analogamente a quanto accade - com' è stato poc' anzi ricordato - alle donne sotto il peso del velo a loro imposto?	223.17739868164062
Purtroppo la relatrice onorevole Haug ha scelto una linea politica che tiene conto esclusivamente dei sostenitori di una Europa federale, una linea con la quale la relatrice, come il suo predecessore Bourlanges, cerca di sfondare il tetto finanziario.	225.69468688964844
Nei Paesi Bassi la discussione si è incentrata sull' istituzione di un' Autorità europea per la sicurezza alimentare, una specie di equivalente europeo alla FDA statunitense.	110.13211059570312
Il traguardo deve essere quello di creare un' unica area di pagamento all' interno della quale si applicano ai pagamenti transfrontalieri le stesse condizioni e le stesse commissioni previste per le operazioni nazionali.	135.06080627441406
Non è la A e la zeta dello statuto di questa Carta.	84.73129272460938
Nel corso degli anni ' 90 una notevole diminuzione dei contributi ha penalizzato le casse sanitarie, con il risultato di una graduale instaurazione ovunque in Europa di un contributo sanitario che grava sui pazienti e di una medicina preventiva in netta regressione.	202.3612518310547
I documenti venuti alla luce sono una vera e propria pistola fumante.	73.7047348022461
Dmitrij Zavadskij, l'operatore delle riprese della televisione russa scomparso in circostanze misteriose dall'aeroporto di Minsk il 7 luglio e, infine, Jurij Karpenko, capo del Civil Party ed ex sindaco di Molodechno, morto improvvisamente in circostanze poco chiare nell'agosto del 1999.	229.3010711669922
Signora Commissario, abbiamo una direttiva sui  veicoli di fine vita.	98.73078155517578
Qualche settimana fa, l' occidente della Francia è stato flagellato da un nuovo disastro ecologico: il naufragio della nave-cisterna Ievoli Sun che trasportava prodotti chimici.	129.60763549804688
La prima parte può essere accettata, come per l' emendamento n. 17; non lo può essere invece la seconda perché l' Aufsichtsrat, per dirla alla tedesca, è compreso nel concetto di amministrazione ed è soggetto agli stessi obblighi previsti per tutti i dirigenti di impresa.	214.21279907226562
In realtà, sia nei casi secondari che in quelli più rilevanti, ci rendiamo conto del fatto che l'Europa di Nizza, concepita come un'Europa teoricamente dinamica, sia permanentemente bloccata per i motivi che Bourlanges ha perfettamente evocato all'indomani del Vertice di Nizza.	248.87399291992188
La molestia è una pratica diffusa volta a farli sentire sempre più inadeguati e ad indurli a lasciare il posto di lavoro in modo apparentemente volontario.	119.59423828125
In caso contrario, come già evidenziato da altri oratori, significa automaticamente che chiediamo alla Commissione di elaborare delle disposizioni in materia per evitare che si verifichino incidenti dovuti al fatto che i piloti sono costretti a rimanere ai controlli per un numero eccessivo di ore.	188.1927032470703
Un'automobile nell' autorimessa non è affatto pericolosa, ma diventa un'arma se usata male.	99.70923614501953
Sapete che ho presentato un emendamento in cui si tratta in modo particolare della questione dei motociclisti e delle barriere di sicurezza e spero che domani voi e il vostro gruppo lo sosteniate, perché anch' io sono un motociclista e pertanto conosco molto bene il problema.	195.6537628173828
Tutto ciò è sicuramente più difficile della repressione che consiste, per esempio, nell' installare un rilevatore in un' auto-civetta, alla fine di una discesa in un' autostrada a tre corsie totalmente libera!	188.915283203125
Il punto 12 richiede e sollecita una riflessione su come individuare una regolamentazione specifica dell' IVA per quanto concerne lo scaricamento di pubblicazioni.	143.5704803466797
I pareri di quest'Assemblea costituiranno, infatti, un prezioso aiuto per la Commissione nel definire la sua proposta strategica per il Vertice di Göteborg, proposta che - ripeto - dev'essere concreta, altrimenti diventa un vertice senza mordente.	207.2586669921875
Le stelle irlandesi Boyzone e Corrs hanno chiesto al Parlamento europeo di proteggere la loro musica nell' era di Internet.	107.46157836914062
Ma è inconcepibile lasciare alle assistenti di volo delle compagnie aeree il compito di valutare la necessità di protezione di una persona.	108.95146179199219
Per il medio termine, il gruppo GUE/NGL è favorevole ad una riforma radicale della politica agricola comune affinché essa non prosciughi il bilancio con un sostegno illegittimo al commercio agricolo tutto incentrato sulla produzione e pericoloso sia per la salute umana che per l' ambiente.	203.29615783691406
A mio parere, le recenti incursioni in Iraq ne sono una prova lampante.	78.99951171875
Credo che sia una forma di privatizzazione nascosta delle procedure di immigrazione e, come hanno rilevato anche altri colleghi, trasferisce sul personale del controllo e sui conducenti la responsabilità di controllare i documenti invece di lasciarla al personale ufficiale di immigrazione che dovrebbe essere formato a operare in modo non razzista e umano.	241.55856323242188
Signora Presidente, vorrei congratularmi con la Presidenza svedese per la bella pagina iniziale .	101.91065216064453
Una breve riunione obbligatoria è quindi un requisito di minima, ed altrettanto necessaria è una stretta collaborazione tra i diversi gruppi di osservatori.	125.33055114746094
Sarà possibile in futuro attribuire licenze obbligatorie, allorché per esempio su una pagina nota può essere creato molto semplicemente un collegamento che rinvia in automatico ad un' altra pagina?	186.11996459960938
Tuttavia, a partire da ora, gli importi principali di queste stesse operazioni saranno considerati attivi finanziari che non rientreranno nel calcolo del debito pubblico. In tal modo, si potrebbe agevolare un' operazione di ritocco e d' occultamento dell' indebitamento netto e, quindi, dell' eccesso di disavanzo pubblico, cosa, quest' ultima, inaccettabile.	259.7347106933594
Consideriamo questa concorrenza per ottenere l' attenzione dei media estremamente scorretta e riteniamo che sarebbe molto meglio assicurare una cooperazione e un coordinamento che tengano conto della competenza delle suddette organizzazioni, poiché esse hanno una grande esperienza in questo settore e un numero di membri più elevato.	215.14918518066406
Quanto al suggerimento di togliere la moratoria sulle colture geneticamente modificate, il trasferimento genetico è ormai un fatto accertato; nel mio paese - l'Irlanda - quale speranza abbiamo di proteggere le colture non geneticamente modificate da questo tipo di contaminazione?	178.80230712890625
Stiamo parlando tra l' altro di cosmetici e non di medicinali; parliamo di sciampo e creme antirughe, e come ha detto poco fa l' onorevole Davies, non soffriamo certo di penuria di simili prodotti nei negozi.	207.71295166015625
La Commissione e soprattutto il Consiglio stesso tendono a dimenticarlo ed ho l'impressione che il Consiglio si comporti un po' come i capi mafiosi negli Stati Uniti che si stanno scambiando settori di attività, invece di comportarsi come l'autorità di bilancio responsabile che il Consiglio dovrebbe essere.	214.239013671875
A pagina 41 delle motivazioni scrive che la procedura di discarico dovrebbe terminare, idealmente, con una situazione vantaggiosa per tutti , in cui tutti i partecipanti risultano vincenti: la Commissione oggetto del controllo, così come il Parlamento che esercita il controllo e, di conseguenza, anche i contribuenti, ovviamente, alcuni dei quali sono presenti in tribuna.	281.7117919921875
Sono molto lieto che egli abbia fatto sì che il tassello finale del rompicapo delle RTE sia stato inserito al posto giusto.	126.12582397460938
Non si tratta quindi di uno scivolone, ma di una precisa campagna.	64.89546966552734
E proprio nei giorni scorsi abbiamo avuto una triste notizia: Brice Fleutiaux, il cronista francese che era stato tenuto in ostaggio per vari mesi in Cecenia e per il quale eravamo intervenuti anche noi, non è riuscito a superare la depressione dovuta al periodo di detenzione e si è dato la morte.	194.07247924804688
La Banca centrale europea rifiuta sempre di diminuire i tassi d' interesse, perché è ossessionata dai pericoli d' inflazione, sempre possibile, e il presidente della Bundesbank ha recentemente ricordato che la Banca centrale europea non è responsabile né della crescita, né dell' occupazione.	181.98785400390625
E' la prima volta che sento che bere alla guida è diventato un reato da punire con una violazione dei confini!	105.03363800048828
I drammatici fatti avvenuti negli ultimi mesi in Palestina, l' eroica rivolta del popolo palestinese e la barbarie della repressione israeliana hanno costretto il Parlamento europeo ad adottare una risoluzione in cui si segnala la responsabilità dello Stato d' Israele.	163.7499542236328
Questo adesivo s' intona al completo della signora Ministro.	103.13858795166016
Chiediamo inoltre che la Commissione, di concerto con l' industria automobilistica, metta a punto cuscini salvavita più sicuri e di più facile uso.	126.21672821044922
Voglio rendere uno speciale omaggio alla signora Ministro degli affari esteri, Anna Lindh, che a mio avviso ha agito in modo determinato, con garbo e con il fascino che la contraddistingue, nello svolgimento di tutta l' attività della Presidenza.	182.61012268066406
Le norme alternative operano in modo abbastanza legale all' interno di Internet, ma hanno una visibilità relativamente limitata e possono essere di difficile accesso, dato che la maggior parte dei navigatori si rivolge ovviamente ai nomi di server collegati ai domini di primo livello autorizzati dall' ICANN.	211.45814514160156
Con tutto il rispetto, il suo nuovo gruppo di esperti è composto principalmente da facce vecchie che hanno contribuito a trasferire il potere dagli elettori e dai rappresentanti eletti ai funzionari e ai Ministri.	158.2053985595703
Io volevo usare un eufemismo e, come il Commissario ha rilevato, è difficile farlo in un'altra lingua che non sia la propria.	106.0567626953125
A ciò si aggiungano i disastri naturali che hanno colpito la Polonia quest'estate, inondazioni e le trombe d'aria che hanno causato gravi danni, materiali e umani.	126.5557861328125
Sono stato a Genova in quei giorni e sono stato diretto testimone dei fuoristrada della polizia lanciate a tutta velocità e delle cariche di polizia contro cortei pacifici, del lancio su migliaia di persone inermi, tra cui bambini e invalidi, di centinaia di lacrimogeni.	209.74774169921875
Per il destinatario, ricevere un messaggio di posta elettronica è senz'altro più oneroso che ricevere volantini e opuscoli su supporto cartaceo.	117.80211639404297
In primo luogo, i fautori di questa teoria tengono già conto del fatto che vi è una notevole percentuale di aziende cattive che rovinano tutto e, in secondo luogo, è possibile che sotto il profilo della tecnica di marketing sia giusto che io riceva informazioni sull'abbigliamento per neonati, ma non voglio scaricare a mie spese sul mio schermo offerte di pannolini o tutine.	296.7615051269531
Soltanto la prevenzione mediante campagne di informazione e di spiegazione chiara delle conseguenze irreversibili di tale pratica consentirà di sradicarla, campagne lanciate dalle ONG, con il sostegno dei governi e l' appoggio deciso dei capi, soprattutto religiosi, campagne di educazione nelle scuole, rivolte a bambini e bambine, come ci ha riferito oggi la Prima Signora del Burkina Faso dove sono stati ottenuti risultati soddisfacenti.	337.7735290527344
Come è noto, sono nato in un paese che sa che cos'è il terrorismo, con i suoi 65.000 morti - vorrei ricordarle che i terroristi suicidi della LTT nello Sri Lanka non sono musulmani - ma fino ad oggi il mondo ha chiuso gli occhi davanti a ventitré anni di terrorismo.	229.68408203125
Signor Presidente, come hanno già detto alcuni colleghi, il nocciolo della questione sarebbe evitare il concetto di intervento pubblico nell' economia.	131.39059448242188
Sappiamo che la questione della traduzione attraverso una lingua ponte o di passaggio talvolta crea problemi.	100.91621398925781
E' stato sottolineato che una persona normale che si dedichi alla corsetta supera il limite di un fattore 7 o 8 e addirittura camminare per strada potrebbe violare le norme.	168.81944274902344
Sono i ristoranti, i negozi di oggetti ricordo e di articoli di moda.	81.47535705566406
Con i rappresentanti dei Capi di Stato e dei Primi ministri è ritornato un metodo che ricorda la diplomazia segreta del XIX secolo.	115.21604919433594
Questa direttiva è stata accompagnata da una grande campagna propagandistica volta a proteggere gli interessi costituiti della professione forense e non, mi spiace doverlo dire, i diritti dell' individuo.	156.32205200195312
Noi stiamo parlando, collega Lange, sì di un Libro bianco, ma di un Libro bianco che traccia un primo profilo di ciò che noi pensiamo, e noi del PPE, quando esprimiamo i nostri pensieri, amiamo poi essere anche coerenti.	224.00917053222656
Al riguardo, il Presidente ha affermato che resta ancora aperta la questione della composizione della Presidenza o della direzione della Convenzione.	109.05843353271484
Anzi, la commissione per l'industria, il commercio estero, la ricerca e l'energia vorrebbe suggerire alla Commissione europea di issare una vela ed affrettarne l'attuazione.	151.23521423339844
Chi, giocando all' apprendista stregone, dovesse arricchirsi in questo modo, un giorno dovrebbe pagare dei diritti d'autore al Creatore.	139.25001525878906
Perché questo sono gli omosessuali e le lesbiche: sono uomini e donne come gli altri, che il timore della società circa la loro vita sessuale ha trasformato in casi speciali.	126.6441421508789
Il Consiglio europeo ha deciso di creare un forum e il Commissario Barnier ha più volte espresso con estro il proprio sostegno al riguardo.	118.30513000488281
E' ovvio che si debbano prevedere tutti gli strumenti di tutela necessari per far sì che chi si rende colpevole di attività illegali, di frodi, di estorisioni e di altri reati lesivi degli interessi finanziari della Comunità venga escluso dagli appalti pubblici.	189.05007934570312
L'assassinio della giornalista Veronica Guerin nel mio paese ha galvanizzato i politici e la polizia scatenando un'iniziativa che ha messo in ginocchio la selvaggia cultura dei banditi in Irlanda.	146.667236328125
Siamo in grave ritardo, e il permanere di questo mosaico di regolamentazioni crea barriere che impongono gravi costi ai cittadini europei.	127.5607681274414
Concludendo, siamo favorevoli a un'apertura che permetterebbe di spronare i servizi postali, ma non vogliamo gettare il neonato con l'acqua del bagno.	144.7696990966797
Signor Presidente, a titolo di digressione, vorrei informarvi che gli irlandesi hanno appena vinto la prima gara alla festa di Cheltenham.	125.99758911132812
. (EN) Signor Presidente, oggi indosso la mia sciarpa irlandese.	94.64054870605469
Devo dirle che l'ultima volta in cui sono stati effettuati controlli discrezionali è stata proprio in occasione del Consiglio europeo di Barcellona, per evitare che le vie della città si trasformassero in un campo di battaglia come a Genova; grazie alla temporanea sospensione dell'accordo di Schengen, inoltre, la polizia spagnola ha avuto la possibilità di fermare alla frontiera alcuni soggetti facinorosi che, per esempio, avevano con sé magli e mazze da pallabase per rompere le vetrine.	340.2485046386719
Ciò che è stato sviluppato per un'organizzazione provvista di un grado sofisticato di tecnologia non può essere adatto al Joe's Café di Lewisham High Street o all' osteria di Jean Dupont di rue de la Révolution di Marsiglia.	210.8360137939453
Nel 2006 la nuova regolamentazione oggi in discussione renderà i motocicli e i motorini altrettanto ecologici quanto una moderna autovettura immatricolata in conformità con la norma Euro III.	148.67538452148438
Ritengo che sia la proposta della Commissione che la relazione del Parlamento costituiscano un ulteriore contributo per rafforzare il mercato finanziario interno, snellire l'attività transfrontaliera e migliorare l'armonizzazione della materia, che dipende a tutti gli effetti dalla fiducia dei cittadini ed è importante per la trasparenza.	213.27944946289062
Era un navigatore e l'ho visto, questa notte, in sogno, che, insieme al figlio, onorevole Turchi, relatore, governava un panfilo a vele in un mare in tempesta.	175.65463256835938
Lei ha degli ammiratori anche nella tribuna dei visitatori ma purtroppo non sono autorizzati ad applaudire, a differenza dei deputati presenti in Aula che sono autorizzati a farlo.	137.99110412597656
Altrimenti, non facciamo che legittimare una violenza sfrenata da selvaggio occidente in altre zone del mondo, per esempio il massacro dei palestinesi da parte di Israele o gli interventi russi in Georgia.	168.6985321044922
A fronte di tale premessa, signor Presidente in carica del Consiglio, mi permetto di ricordarle che nella riunione di Copenaghen cui siamo stati gentilmente invitati, lei aveva parlato di tre fasi della Presidenza danese: la prima non dipendeva da voi, ma dal referendum irlandese, cioè dalla fine della corsa elettorale di quest'anno, prova che alla fine è stata superata.	310.2574157714844
Vengono utilizzati voli a noleggio speciali per deportarli in massa e non esiste alcuna procedura successiva per seguire il loro destino dopo il ritorno nel loro paese d'origine.	129.3515167236328
La relatrice, infatti, mette in un unico frullatore ingredienti troppo diversi e troppo lontani tra loro perché ne possa uscire un risultato digeribile, armonico, con una linea da proporre all'accettazione di tutti gli Stati membri: una linea contenente principi comuni e condivisi ai quali ispirare normative e comportamenti nell'impegno di garantire i diritti fondamentali a tutti i cittadini.	298.342041015625
Ebbene, temo che in assenza di una politica ambiziosa in materia di infrastrutture ferroviarie, gli sforzi di apertura che ci vedono impegnati condurranno a una baruffa fra aziende ferroviarie, invece che alla fine del predominio dei trasporti su gomma.	193.59805297851562
Vorrei ricordare che, a parte il suo fascino naturale come linea verticale diretta dei collegamenti dal Nordeuropa al Mediterraneo, nella storia più recente i transiti al Brennero - quindi in Austria, ma anche in Italia - sono aumentati a dismisura per lunghissimi periodi, a causa della chiusura del Monte Bianco prima, del Gottardo successivamente e a causa delle crisi croniche del Fréjus e degli altri valichi svizzeri.	310.3666687011719
Non è colpa della Presidenza se cinque giorni dopo il Primo Ministro spagnolo Aznar o Anzar, come ama chiamarlo il suo amico Bush, ha rotto l'accordo e si è allontanato dalla posizione comune dell'Unione europea per raggiungere il Presidente americano nella sua tenuta e contribuire alla stesura di una proposta di risoluzione del Consiglio di sicurezza per dichiarare guerra all'Iraq.	254.4326171875
Questa pasticca rientra in una ben precisa cultura diffusa tra i giovani, il cui motto è: nel fine-settimana è bello lasciarsi andare, ma lunedì mattina di nuovo in piedi presto.	178.09732055664062
Amman è stata scelta come perno regionale per questa crisi perché l'ufficio locale dispone di risorse umane e logistiche sufficienti per rispondere immediatamente alle nuove esigenze nel settore.	135.44644165039062
Decenni dopo, quando ancora esisteva il Patto di Varsavia, i cittadini della Germania orientale hanno partecipato ad una scampagnata paneuropea sul lago di Fertö Tó, ovvero Neusiedler See, prima di ripartire sulla strada che conduce alla libertà, e le guardie di frontiera si sono fatte da parte e li hanno lasciati passare. All'organizzazione di questo evento hanno contribuito anche i colleghi Otto von Habsburg e Bernd Posselt.	313.2355041503906
Ho votato contro la relazione García-Margallo y Marfil perché è un opuscolo ultraliberale nel quale si legge che fondamentalmente gli indirizzi di massima per le politiche economiche sono insufficienti.	196.0813446044922
A mio parere non è questo il momento per trasferire all'Unione europea il cattivo gusto americano e per diventare ancora più grotteschi di quanto siamo stati sulla questione dell'Iraq.	145.3394012451172
Oggi chi è ancora capace di fare uno stufato, gli gnocchi o la purea di patate?	92.1016845703125
Purtroppo, però, la regia è un po' fiacca e gli attori non sono eccezionali.	71.61212158203125
L'anno scorso i fondi per il maremoto erano stati prelevati da altri programmi per l'Asia senza nessun incremento e quest'anno, poiché i finanziamenti per lo maremoto sono diminuiti, la Commissione ha nuovamente ridotto i fondi.	185.56005859375
Desidero cogliere quest'occasione per richiamare l'attenzione del Parlamento sul rapporto di Human Rights Watch pubblicato il 9 ottobre scorso, nel quale si riporta la notizia della chiusura di una pagina personale creata su Internet da una eminente intellettuale tibetana di nome Woeser.	173.32131958007812
I mediatori ipotecari potrebbero svolgere un ruolo importante nell'aiutare i mutuatari ad accedere a crediti ipotecari da mutuanti nazionali e non nazionali.	115.15788269042969
Lei ha rinunciato a una carriera molto redditizia al Bolshoi per ricostruire da zero il corpo di ballo georgiano, che oggi è di altissimo livello, forse uno dei migliori della nostra regione, e presto andrà a fare spettacoli in giro per il mondo.	184.3406982421875
Ciò significa che il programma di lavoro avrebbe dovuto preannunciare lo scatto finale, mirare in alto e promettere rapidità.	118.74842834472656
Per questo i contributi degli onorevoli Titford e Heaton-Harris sono fuorvianti, perché mirano ad allarmare i giornali scandalistici britannici.	145.93968200683594
La seconda ragione è la deforestazione, in particolare lo sgombero autorizzato di valli fluviali per la costruzione di baite per vacanze, ad esempio, ma anche di stabilimenti industriali e di centri commerciali.	157.60980224609375
In un simile contesto sono molto grato alla Commissione e al Consiglio per aver fornito rassicurazioni ai consumatori di pane preconfezionato nel Regno Unito - vale a dire oltre l'80 per cento dei regolari consumatori di pane - che i formati tradizionali del filone (loaf), che si ritenevano minacciati da questa proposta, resteranno garantiti e che nessuno li priverà del piacere di consumare ogni mattina le fette di pane tostato con la marmellata d'arance nel tradizionale formato di pane preconfezionato.	364.82049560546875
Permettetemi di ricordare la notte artica del gennaio 1968, ancora all'epoca della guerra fredda - in effetti, i fatti di questa storia sembrano un giallo internazionale.	157.83834838867188
La Radio Caracas TV potrà trasmettere su cavo, su satellite, in rete e quindi coloro che affermano che si tratta di un atto ostile alla libertà di espressione sanno di mentire.	153.32730102539062
(DE) Signor Presidente, quando abbiamo ricevuto la notizia delle sostanze tossiche nei poppatoi per neonati, negli abiti e nei giocattoli per bambini, o ancora delle pile autoinfiammabili, abbiamo capito che il nostro sistema di controllo e di verifica non funziona in modo appropriato.	224.30247497558594
Stando a un rapporto della Confederazione internazionale dei sindacati, le aziende che producono accessori per le prossime Olimpiadi violano costantemente le leggi del lavoro sfruttando i bambini come schiavi.	150.82235717773438
Sappiamo che è necessario tenere conto anche della discriminazione all'interno del contesto socioeconomico locale, sfavorevole alle donne, tanto più alle donne indigene, che vivono in condizioni di estrema povertà e dipendenza economica; il tutto ulteriormente aggravato dal problema dell'attività delle bande criminali.	195.70872497558594
Allo stesso modo, lunghe soste a piedi nudi su pavimenti gelidi sono spesso la diretta conseguenza della rimozione delle calzature prima di passare attraverso il rilevatore di metalli .	140.14581298828125
La prima è ovviamente, che questo argomento delle statistiche non è molto attraente ed è sempre inserito alla fine dell'ordine del giorno.	118.68997955322266
Se vogliamo combattere seriamente l'obesità tra i minori, se vogliamo veramente migliorare la salute dei bambini e se vogliamo veramente distoglierli dai videogiochi e farli approdare allo sport, allora dobbiamo anche mettere a disposizione strutture migliori per l'educazione fisica in tutte le scuole e far sì che gli insegnanti abbiano le competenze specialistiche per insegnare la materia.	216.9422149658203
Una ricerca per individuare sistemi di telecomunicazione che non vadano così facilmente in arresto dopo un terremoto e una ricerca per scoprire apparecchiature speciali per individuare ed estrarre le vittime dalle macerie costituiscono altri settori in cui la ricerca può dare un contributo grande e molto proficuo.	203.36485290527344
Il gioco del pallovale ha iniziato a usare il sistema metrico anni fa.	92.24049377441406
Dato che la coppia si trova agli arresti domiciliari, hanno utilizzato un collegamento con una telecamera per partecipare a un'audizione del Parlamento europeo sulla situazione dei diritti umani in Cina.	127.78101348876953
Devo dire, onorevole Nassauer, che se un anno fa mi aveste chiesto se secondo me saremmo arrivati ad un accordo trasversale sulla protezione dell'ambiente in materia penale, avendo come relatore l'onorevole Nassauer e in prima lettura, probabilmente non ci avrei creduto.	244.8196258544922
Inoltre, tale supermercato intende convertire i rifiuti di cibi attraverso la fermentazione anaerobica, ridurre il numero di materiali utilizzati negli imballaggi a solo quattro materiali facili da riciclare o trasformare in composto organico e stampare dei simboli elementari su tutti gli imballaggi per rendere più facile ai clienti riciclare o trasformare in compost i propri rifiuti.	253.21775817871094
Attualmente, fare il bagno nelle uniche paludi fluviali d'Ungheria è consigliabile solamente nel caso in cui si indossi una delle tenute mostrate nelle foto distribuite ai deputati, le quali sono raffigurate anche su degli opuscoli e su dei poster.	221.7191619873047
Dobbiamo avere dunque una politica adeguata a livello europeo, che sappia valorizzare al massimo questa risorsa, che sappia insomma fare dell'Europa una guida e non un assemblatore di tante politiche nazionali.	167.96226501464844
Negli ultimi anni si è assistito a cambiamenti rivoluzionari nella tecnologia delle comunicazioni: i telefoni cellulari e lo sviluppo delle reti Internet e senza fili hanno modificato diametralmente il volto delle telecomunicazioni.	123.92272186279297
Al fine di migliorare la salute materna nei paesi in via di sviluppo, l'Unione europea deve condannare la regola del silenzio globale degli USA, così come il divieto sull'utilizzo di contraccettivi appoggiato da alcune chiese.	171.75799560546875
I fondi di capitale privato sono connessi a un numero molto elevato di operazioni di acquisti con leva finanziaria che sono state realizzate praticamente in assenza di capitali propri.	133.84996032714844
Ma la buona o cattiva qualità di un blog dipende dal suo autore e non tutti gli autori di blog sono ugualmente onesti nelle loro intenzioni.	110.38825225830078
La relazione include molti miglioramenti, tra cui i seguenti: il numero europeo 116 non sarà più attivo solo per casi di bambini scomparsi, ci sarà una maggiore trasparenza in ordine a contratti e prezzi, sarà più semplice e più rapido chiudere un contratto, tutti gli utenti potranno accedere con maggior facilità ai software di protezione, ai disabili verrà garantita parità d'accesso e i messaggi indesiderati verranno definiti con maggior precisione.	306.16680908203125
Ogni anno più di 400 000 giovani vanno ad aggiungersi al lungo elenco di coloro che sono destinati a conoscere gli effetti altalenanti delle diete.	115.24337005615234
La vera prova del successo di una moneta è il grado di fiducia sul mercato, che si misura, in questo caso, con la differenza di rendimento dei titoli di stato tra i paesi aderenti all'euro.	131.2401580810547
Gli ammodernamenti vanno bene, però per la loro applicazione c'è bisogno di un processo armonizzato; pertanto, sollecito nuovamente la Commissione a darsi da fare in tal senso.	155.6538848876953
In pratica non faremmo altro che dire ai disegnatori di automobili di sedersi davanti al loro computer per progettare e costruire le automobili del futuro.	120.15065002441406
Quindi non solo questo, ma il nostro Parlamento ha anche vigilato affinché nei documenti strategici nazionali non togliessero risorse allo sviluppo per le operazioni di sicurezza.	152.0231170654297
La lotta all'immigrazione clandestina non può essere combattuta solo nei mezzanini della metro di Londra o Madrid, ma anche negli uffici del personale delle tante imprese che occupano manodopera clandestina per poterla sfruttare senza riconoscerne i diritti.	192.413330078125
Un gioco al computer non può sostituire una chiacchierata con la nonna, e i comandi non possono valere un'ora passata con il nonno in garage.	123.80494689941406
Si è trattato di un atto di acquiescenza nei confronti di un'ideologia da età oscura . A quanto pare, non godiamo poi tanto di una libera circolazione di idee all'interno dell'Unione europea.	148.92103576660156
Quindi io propongo che gli Stati nazionali, attraverso la nazionalizzazione della loro banca nazionale, si facciano promotori di una stampa di denaro, o di buoni corrispondenti al denaro, per finanziare appunto le piccole imprese.	174.35617065429688
Documenti non consultabili: per esempio, sull'olocausto dei prigionieri militari italiani, sottoposti a tentativi di lavaggio del cervello, tenuti senza cibo, molto peggio che nei campi nazisti, morti fra mille sofferenze e sotto le torture, anche psicologiche, degli agitatori comunisti sovietici ma purtroppo anche comunisti italiani.	250.65806579589844
(FR) Signor Presidente, ho constatato con rammarico che l'interrogazione orale con discussione sui vini rosati e prassi enologiche autorizzate presentata entro i termini da me e da altri onorevoli colleghi di diversi gruppi politici non rientra nell'ordine del giorno di questa settimana.	244.5653839111328
La Commissione sta altresì sviluppando una campagna multimediale destinata ai giovani di tutti gli Stati membri coinvolgendo agenti moltiplicatori attraverso i media sociali online, blog e periodici online.	158.65249633789062
Inizierò con un salto indietro che vi riporterà nel 1933.	79.08843994140625
Ecco perché mi corre l'obbligo di esortarvi ancora una volta in tutta fretta, come indicato dalla commissione affari esteri, di non confondere la questione dell'uso civile dell'energia nucleare con una rinascita del potenziale per il disarmo nucleare.	195.1732635498047
Se posso dirla tutta, questa è stata la goccia che ha fatto traboccare il vaso, a ricordarci proprio quell'acqua che peraltro era già stata autorizzata per il taglio di vini, come sono stati pure autorizzati i vini prodotti con trucioli di legno anziché invecchiati in botticelle e quelli realizzati con mosti d'importazione.	270.4794006347656
Da allora il Madagascar è tormentato da governi instabili con minacce di secessione e messa in stato d'accusa che costellano una politica sommaria.	131.7915802001953
Nella mia circoscrizione circondario elettorale, è presente un'impresa di successo, l'Austria Email AG, che produce bollitori elettrici.	135.8518524169922
Gli utenti Internet di questi paesi potranno leggere il 20 per cento dei libri elettronici gratuitamente (i costi saranno coperti dagli inserzionisti) e dovranno pagare per leggere il restante 80 per cento.	129.37538146972656
Sono in vigore nuove norme secondo le quali gli utenti di wi-fi devono pagare per la connessione, per la quale devono fornire un indirizzo di posta elettronica dove ricevere un nome utente e una password.	122.55545043945312
La Commissione europea che questo Parlamento ha votato ieri è anche composta da comunisti, ex funzionari di regimi comunisti brutali dell'Europa orientale e loro compagni di viaggio.	140.9878387451172
Oggetto: Scelta dei consumatori e tecnologia di cellulari intelligenti	74.01316833496094
(FR) Signor Presidente, questo Parlamento ha un particolare talento quando si parla di riforme al regolamento, che sono sempre volte a diminuire i diritti della minoranza, sfavoriti o inferiori che dir si voglia, che siamo in una certa misura.	219.16970825195312
La verità è che la crisi ha fatto scoppiare la bolla immobiliare spagnola, e mi è difficile intravedervi un caso di adeguamento alla globalizzazione...Se esaminiamo i progetti finanziati (ad esempio 57 sostegni all'imprenditorialità di 3 000 euro l'uno, per un totale di 171 000 euro, 16 laboratori di formazione combinati con tirocinio professionale, dal costo di 12 500 euro l'uno, per un totale di 200 000 euro, e così via), dov'è l'adeguamento alla globalizzazione?	338.1933898925781
Pertanto, onorevoli colleghi, in un momento in cui i governi dell'Unione europea effettuano sostanziali tagli di bilancio, riducendo progressivamente i servizi pubblici e il sostegno alle famiglie e alle aziende, non possiamo portare avanti una cultura bancaria che pone al primo posto gli stipendi dei banchieri e i benefici anziché il sostegno al patrimonio e al credito per la ripresa economica dell'Europa.	254.28585815429688
Dimostrare per tempo cosa accadrà nel 2080 a causa di queste attività può servire solo quale monito per stoppare il conto alla rovescia dei disastri ambientali in tutto il mondo, nessuno escluso, neanche noi.	204.7766571044922
Sono stati quindi eliminati i tagli proposti dal Consiglio, effettuati spesso in modo indiscriminato, nonché su linee chiave del bilancio, come nel caso delle liquidazioni dei conti , della rubrica 2, rendendo palese l'assenza di chiare e ragionate scelte politiche dietro la proposta.	254.49176025390625
In relazione alla salvaguardia delle piccole e medie imprese e dei propri prodotti nazionali: non sono i grandi gruppi che necessitano di tale protezione, anzi ritengo non ne abbiano affatto bisogno visto che con i loro marchi navigano nel mondo.	183.1077423095703
(EN) Signor Presidente, in qualità di deputato irlandese ascolto malvolentieri i discorsi pronunciati questa mattina da quasi tutti gli intervenuti in merito alla situazione economica in Irlanda, tanto più se consideriamo che qualche anno fa eravamo considerati i simboli del successo economico nell'Unione europea.	217.05506896972656
Tengo a ribadire anche in questa sede quanto sia importante introdurre un portale di rete locale comune in modo che i difensori civici possano scambiarsi tutte le informazioni.	165.3402862548828
Ad oggi, i nuovi vaccini candidati di recente sviluppo sono ancora in fase di sperimentazione preclinica o all'inizio della fase di sperimentazione clinica.	98.89741516113281
Nel 2010, a seguito della direttiva AIFM, un fondo di copertura su quattro ha abbandonato la città di Londra.	111.66222381591797
Attualmente si registra un'impennata delle vendite di gas da sabbie compatte e di gas di scisto provenienti dagli Stati Uniti.	118.30941772460938
Per quanto riguarda la sfera di applicazione, ricordando che ogni centrale nucleare ha le proprie specificità, la valutazione potrebbe interessare le seguenti aree chiave: rischio di inondazioni, rischio sistemico, sistemi di copia e procedure di emergenza.	184.814453125
Persone torturate il più brutalmente possibile per svelare le chiavi di accesso su Facebook e i nomi dei compagni che lavorano su Facebook.	124.04096984863281
L'Europa mi sembra quella squadra di calcio che sta perdendo 2-0 e i cui giocatori pensano di poter recuperare senza passarsi più il pallone e cercando di fare rete da soli.	139.04127502441406
So che c'è un compromesso e, poiché siamo in attesa che i risultati della CIG ci diano una miglior definizione dei comitati, io credo che sia importante che il Parlamento ribadisca la sua volontà di opporsi ai comitati 3A e in particolare in questo settore, dove - lo diceva bene l'onorevole Kouchner - c'è urgenza, e occorre che la Commissione possa avere le mani libere e decidere con maggior flessibilità di quella che ci impone oggi il Consiglio.	369.4002990722656
I poteri pubblici, con il primo procutare della Repubblica Helmut Meier-Staude in testa, hanno stimolato la domanda di plutonio per poter poi parlare in toni allarmistici di un mercato del plutonio e fare la parte dei supereroi contro la criminalità.	282.5279846191406
Al contrario, un fallimento o un risultato minimo di questa conferenza porterebbero l'Europa in un effetto domino alla rovescia, nel quale l'introduzione della moneta unica si attuerebbe nelle peggiori condizioni psicologiche e sarebbe completamente sfasata rispetto alle attese dei cittadini.	213.23416137695312
Non credo che i prodotti tipici debbano essere una firma da usare soltanto nei convegni, ma esprimano un patrimonio vasto di conoscenza e di professionalità di tutta l'agricoltura europea.	164.60687255859375
Sapete benissimo che gli appelli lanciati dal viale Saint-Germain a Parigi o da questo emiciclo non salveranno la vita a un solo algerino.	154.13072204589844
Poi, si trascura completamente quello che definirei il problema degli interni e esterni .	111.71115112304688
Invito il Parlamento a trasmettere le sue condoglianze ai famigliari del capitano Danny ÒDriscoll, deceduto a seguito dell'incidente, e al villaggio di Castletownbear.	150.38975524902344
Per contro, la situazione è vissuta dall'uomo della strada come l'orrore economico che dà il titolo ad un recente e famoso libro di successo francese.	144.8848419189453
Il Consiglio parte dal presupposto che tale organo legislativo provvisorio venga sostituito quanto prima dopo il passaggio della sovranità da un organo legislativo permanente eletto in conformità dei principi fissati nella costituzione, ossia nella cosiddetta legge fondamentale .	183.56784057617188
Ciò non mi pare un bene, perché apre la strada a interpretazioni che potrebbero rivelarsi estremamente pericolose e ciò per entrambi i sessi: qualcuno potrebbe, per esempio, stabilire che le donne non possono fare le poliziotte e che gli uomini non possono fare la tata .	185.92955017089844
Oggetto di tali pressioni devono essere i miglioramenti tecnici e i trasferimenti di tecnologie, essendo vero che i paesi con un certo ritardo di sviluppo registrano una preoccupante percentuale di incidenti e di inconvenienti.	168.92137145996094
Mi riferisco agli esempi pratici e tutti coloro che partecipano alla Conferenza di Kyoto dovrebbero chiedere agli Americani se essi non debbano smetterla: mi viene da più parti riferito che in molti grandi uffici gli impiegati, in estate, portano il maglione perché l'impianto di climatizzazione è mal regolato.	261.62615966796875
Questo Fondo di garanzia, che agirebbe da avviatore , permetterebbe di incentivare gli investimenti in un settore a rischio, senza però, è opportuno sottolinearlo ancora una volta, gravare sul bilancio dell'UE.	164.50711059570312
Abbiamo posto l'accento sulle priorità che sono da sempre definite - il ruolo delle piccole e medie imprese, il ruolo della formazione, il ruolo delle pari opportunità nelle politiche occupazionali - e che corrispondono esattamente alle linee guida rispetto alle quali i singoli Stati membri si sono impegnati a predisporre i loro piani sull'occupazione.	201.26235961914062
Ho visto le prime bozze in Austria e sono rimasto alquanto sorpreso dal fatto che su una faccia, sull'euro compare la scritta euro, ma che sul centesimo compare anche la scritta eurocent .	169.59527587890625
Esistono in effetti degli affezionati della falsa richiesta di asilo che, in caso di rigetto da parte di uno Stato, sono capaci di tentare la sorte in tutti gli altri, in successione, cercando di approfittare di un eventuale punto debole.	180.3020477294922
A giudicare dal contenuto di alcuni interventi odierni, sembra che costituiamo una specie di gran giuria nei confronti di questi paesi.	140.25914001464844
Le donne - la commissione per i diritti della donna ha perfettamente ragione - si trovano in una situazione a panino : prima il lavoro e poi il desiderio di un figlio.	152.1479949951172
Oltre alle situazioni menzionate dalla onorevole Oddy, per esempio, va affrontata la questione della telepromozione .	133.51173400878906
Per tale ragione il mio gruppo avrebbe voluto parlare di Cuba, dove ci sono più di 500 prigionieri politici, ma il Parlamento continua a civettare con il líder máximo partendo da un senso di solidarietà completamente fuori luogo.	194.5550537109375
In una scenetta , Eric Morecambe produsse suoni del tutto inarticolati.	98.37871551513672
Né la causa europea né il nostro paese escono nobilitati da questa sceneggiata .	116.55357360839844
Non ha senso perseguire una politica ambientale con perfetta tranquillità se si ritiene che la disoccupazione costituisca il problema principale e che i nostri sistemi economici non siano più in grado di risolverlo.	154.70553588867188
Più numerosi sono i poveri nelle città e nelle periferie, che spesso chiamiamo baraccopoli , più aumenta l'insicurezza e più si assumono forze di polizia o dell'ordine, il che anche costa caro.	179.0039825439453
La situazione è cambiata: oggi i libri sono molto meno costosi e nei cosiddetti grandi magazzini moderni si trova praticamente qualsiasi libro.	99.28422546386719
C'è da chiedersi se nelle biblioteche europee del futuro dovremmo forse avere a disposizione soltanto libri di successo americani in edizione economica.	115.93008422851562
Devo dire che siamo stati favoriti in parte da una Presidenza austriaca che era intenzionata a muoversi nella direzione voluta dal Parlamento, in parte dal Commissario, signora Cresson, che era naturalmente uno dei nostri sostenitori , dato che la proposta del Parlamento coincideva con quella della Commissione.	231.58538818359375
Alcuni onorevoli colleghi sostengono che avremmo dovuto reggere il gioco del Consiglio, smascherare il suo imbroglio e mantenere l'emendamento strategico.	142.897705078125
Ma dialogo non può voler dire proprietà: i deputati non possono essere considerati alla stregua di prodotti sugli scaffali del supermercato della politica, in vendita al miglior offerente.	136.74603271484375
Durante tale Coppa del mondo di calcio, onorevoli colleghi, si sono visti migliaia di piccoli Zidane, di piccoli Marcel Dessailly, venuti dai quartieri popolari di Marsiglia, Tolosa e Strasburgo per applaudire le imprese del grande Zidane, del grande Dessailly, ma anche del grande Owen, del grande Beckam e del grande Del Piero.	239.56024169921875