					
					
Comme vous avez pu le constater, le grand <L1>bogue</L1> de l'an 2000 ne s'est pas produit. En revanche, les citoyens d'un certain nombre de nos pays ont été victimes de catastrophes naturelles qui ont vraiment été terribles.	Although, as you will have seen, the dreaded 'millennium bug' failed to materialise, still the people in a number of countries suffered a series of natural disasters that truly were dreadful.	punaise bogue insecte écoute			
Comme vous avez pu le constater, le grand <N1></N1> de l'an 2000 ne s'est pas produit. En revanche, les citoyens d'un certain nombre de nos pays ont été victimes de catastrophes naturelles qui ont vraiment été terribles.	Although, as you will have seen, the dreaded 'millennium bug' failed to materialise, still the people in a number of countries suffered a series of natural disasters that truly were dreadful.				
FALSE					
					
Cependant, je vous demande, conformément à l'orientation désormais constamment exprimée par le Parlement européen et toute la Communauté européenne, d'intervenir auprès du président et du gouverneur du Texas, Monsieur Bush, en faisant jouer le prestige de votre mandat et de l'Institution que vous représentez, <L1>car</L1> c'est Monsieur Bush qui a le pouvoir de suspendre la condamnation à mort et de gracier le condamné.	However, I would ask you, in accordance with the line which is now constantly followed by the European Parliament and by the whole of the European Community, to make representations, using the weight of your prestigious office and the institution you represent, to the President and to the Governor of Texas, Mr Bush, who has the power to order a stay of execution and to reprieve the condemned person.	bus autobus car | quand car lorsque puisque aussi comme également que tant pendant que même | car autobus entraîneur répétiteur | gestionnaire administrateur patron car directeur cadre directrice gérant dirigeant entraîneur | car AS arsenic			
Cependant, je vous demande, conformément à l'orientation désormais constamment exprimée par le Parlement européen et toute la Communauté européenne, d'intervenir auprès du président et du gouverneur du Texas, Monsieur Bush, en faisant jouer le prestige de votre mandat et de l'Institution que vous représentez, <N1></N1> c'est Monsieur Bush qui a le pouvoir de suspendre la condamnation à mort et de gracier le condamné.	However, I would ask you, in accordance with the line which is now constantly followed by the European Parliament and by the whole of the European Community, to make representations, using the weight of your prestigious office and the institution you represent, to the President and to the Governor of Texas, Mr Bush, who has the power to order a stay of execution and to reprieve the condemned person.				
FALSE					
					
Madame la Présidente, comment se fait-il que le Parlement ne se conforme pas à la réglementation en matière de santé et de sécurité qu'il <L1>vote</L1> ?	Madam President, can you tell me why this Parliament does not adhere to the health and safety legislation that it actually passes?	élire voter scrutin votation voix vote | vote voter voix | vote voix			
Madame la Présidente, comment se fait-il que le Parlement ne se conforme pas à la réglementation en matière de santé et de sécurité qu'il <N1></N1> ?	Madam President, can you tell me why this Parliament does not adhere to the health and safety legislation that it actually passes?				
FALSE					
					
Comment se fait-il qu'aucun <L1>test</L1> de qualité de l'air n'ait été réalisé dans ce bâtiment depuis notre élection ?	Why has no air quality test been done on this particular building since we were elected?	essai test expérimentation | test examen épreuve | essai test épreuve | essai test examen procès épreuve | test tester | essai test examen épreuve | test interroger tester quiz | test éprouver tester			
Comment se fait-il qu'aucun <N1></N1> de qualité de l'air n'ait été réalisé dans ce bâtiment depuis notre élection ?	Why has no air quality test been done on this particular building since we were elected?				
FALSE					
					
Comment se fait-il que le <L1>comité</L1> de santé et d'hygiène ne se soit plus réuni depuis 1998 ?	Why has there been no Health and Safety Committee meeting since 1998?	commission comité | paragraphe égard respecter relatif matière comité aspect lieu respect			
Comment se fait-il que le <N1></N1> de santé et d'hygiène ne se soit plus réuni depuis 1998 ?	Why has there been no Health and Safety Committee meeting since 1998?				
FALSE					
					
Nous allons <L1>voter</L1> sur la demande du groupe PPE-DE visant à retirer la question orale concernant l' impôt sur le capital de l' ordre du jour.	We shall proceed to vote on the PPE-DE Group' s request that the oral question regarding the capital tax be withdrawn from the agenda.	voter suffrage droit de vote voix | voter voix | élire voter voix | élire voter scrutin votation voix vote | abstenir voter voix | vote voter voix			
Nous allons <N1></N1> sur la demande du groupe PPE-DE visant à retirer la question orale concernant l' impôt sur le capital de l' ordre du jour.	We shall proceed to vote on the PPE-DE Group' s request that the oral question regarding the capital tax be withdrawn from the agenda.				
FALSE					
					
Il serait utile de consigner au procès-verbal du Parlement la manière dont les gens perçoivent ce que nous venons de faire, à la lumière de leur propre <L1>analyse</L1> politique.	It would be useful for the record of the House to state how people perceive what we have just done in the light of their own political analysis.	psychanalyse analyse | examen étudier analyse enquête | analyse analyse qualitative			
Il serait utile de consigner au procès-verbal du Parlement la manière dont les gens perçoivent ce que nous venons de faire, à la lumière de leur propre <N1></N1> politique.	It would be useful for the record of the House to state how people perceive what we have just done in the light of their own political analysis.				
FALSE					
					
L'ordre du jour appelle le rapport (A5-0105/1999) de M. Koch, au nom de la commission de la politique régionale, des transports et du tourisme, concernant la position commune arrêtée par le Conseil en vue de l'adoption de la directive du Parlement européen et du Conseil relative aux exigences minimales applicables à l'examen des conseillers à la sécurité pour le transport par route, par <L1>rail</L1> ou par voie navigable de marchandises dangereuses (C5-0208/1999 - 1998/0106(COD)).	The next item is the report (A5-0105/1999) by Mr Koch, on behalf of the Committee on Regional Policy, Transport and Tourism, on the common position adopted by the Council with a view to adopting a European Parliament and Council directive on the harmonisation of examination requirements for safety advisers for the transport of dangerous goods by road, rail or inland waterways (C5-0208/1999 - 1998/0106(COD)).	fulminer rail | rail rails | honnir insulter diffamer calomnier rail | piste route voie chemin rail | rail fer | garde-corps rampe rail | voie ferrée train rail chemin de fer			
L'ordre du jour appelle le rapport (A5-0105/1999) de M. Koch, au nom de la commission de la politique régionale, des transports et du tourisme, concernant la position commune arrêtée par le Conseil en vue de l'adoption de la directive du Parlement européen et du Conseil relative aux exigences minimales applicables à l'examen des conseillers à la sécurité pour le transport par route, par <N1>voie ferrée</N1> ou par voie navigable de marchandises dangereuses (C5-0208/1999 - 1998/0106(COD)).	The next item is the report (A5-0105/1999) by Mr Koch, on behalf of the Committee on Regional Policy, Transport and Tourism, on the common position adopted by the Council with a view to adopting a European Parliament and Council directive on the harmonisation of examination requirements for safety advisers for the transport of dangerous goods by road, rail or inland waterways (C5-0208/1999 - 1998/0106(COD)).				
TRUE					
					
Je vous demande d'approuver la proposition d'amendement adoptée à l'unanimité par la commission de la politique régionale, des transports et du <L1>tourisme</L1> et relative au calendrier de mise en uvre de la directive.	The one unanimously adopted amendment of the Committee on Regional Policy and Transport, which concerns the timetable for implementing the directive, is something which I would urge you to support.				
Je vous demande d'approuver la proposition d'amendement adoptée à l'unanimité par la commission de la politique régionale, des transports et du <N1></N1> et relative au calendrier de mise en uvre de la directive.	The one unanimously adopted amendment of the Committee on Regional Policy and Transport, which concerns the timetable for implementing the directive, is something which I would urge you to support.				
FALSE					
					
En n'imposant aucune <L1>date</L1> spécifique de mise en uvre de la directive par les États membres mais en leur octroyant un délai de trois mois après l'entrée en vigueur de ladite directive, nous introduisons une clause de flexibilité qui nous prémunit de tout retard dans la mise en uvre.	By not setting a specific date for the Member States to implement the directive and instead giving them a period of three months after its entry into force, we are introducing a flexibility clause which ensures that the directive will be implemented without delay.	date dater datte | date présent jour datte | date date limite échéance délai date butoire | date datte			
En n'imposant aucune <N1></N1> spécifique de mise en uvre de la directive par les États membres mais en leur octroyant un délai de trois mois après l'entrée en vigueur de ladite directive, nous introduisons une clause de flexibilité qui nous prémunit de tout retard dans la mise en uvre.	By not setting a specific date for the Member States to implement the directive and instead giving them a period of three months after its entry into force, we are introducing a flexibility clause which ensures that the directive will be implemented without delay.				
FALSE					
					
En tant qu'Autrichien - mais je pense qu'il en est de même pour nous tous -, j'ai encore un souvenir vivace de la catastrophe qui, l'année dernière, a coûté de nombreuses vies dans le <L1>tunnel</L1> du Tauern et imposé par la suite, pendant de nombreux mois, des travaux de reconstruction des destructions provoquées par cet incendie, travaux dont l'impact financier a été gigantesque.	As an Austrian, I still have a vivid memory, as, I believe, we all do, of the catastrophe which cost so many human lives last year in the Tauern Tunnel, where subsequent work to rebuild the parts of the tunnel which had been destroyed in this fire continued for many months at huge expense.	tunnel antre terrier trou | galerie tunnel			
En tant qu'Autrichien - mais je pense qu'il en est de même pour nous tous -, j'ai encore un souvenir vivace de la catastrophe qui, l'année dernière, a coûté de nombreuses vies dans le <N1></N1> du Tauern et imposé par la suite, pendant de nombreux mois, des travaux de reconstruction des destructions provoquées par cet incendie, travaux dont l'impact financier a été gigantesque.	As an Austrian, I still have a vivid memory, as, I believe, we all do, of the catastrophe which cost so many human lives last year in the Tauern Tunnel, where subsequent work to rebuild the parts of the tunnel which had been destroyed in this fire continued for many months at huge expense.				
FALSE					
					
Le <L1>trafic</L1> de détournement qui en a résulté a accablé des milliers de citoyens de l'UE jusqu'aux limites du supportable.	The traffic which had to be diverted because of this stretched the patience of many thousands of people in the EU to the limit.	routier route traite trafic | commerce échange trafic			
La <N1>circulation</N1> de détournement qui en a résulté a accablé des milliers de citoyens de l'UE jusqu'aux limites du supportable.	The traffic which had to be diverted because of this stretched the patience of many thousands of people in the EU to the limit.				
TRUE					
					
Je tiens d'abord à remercier le rapporteur pour son travail <L1>technique</L1> extrêmement précis dans ce dossier et ensuite la Commission pour la proposition qu'elle a formulée.	I would like, first of all, to thank the rapporteur for his exceptionally accurate and technical work on the report and, secondly, the Commission for the proposal it has submitted.	compétence technique | technique ingénierie technologie | technique procédé mode méthode | technique technologique | technique méthode | recherche appliquée technique ingénierie technologie			
Je tiens d'abord à remercier le rapporteur pour son travail <N1></N1> extrêmement précis dans ce dossier et ensuite la Commission pour la proposition qu'elle a formulée.	I would like, first of all, to thank the rapporteur for his exceptionally accurate and technical work on the report and, secondly, the Commission for the proposal it has submitted.				
FALSE					
					
En outre, une enquête menée dans des ports belges, finnois et japonais a révélé que 50 pour <L1>cent</L1> des conteneurs avec un chargement partiellement dangereux n'étaient pas correctement déchargés.	Furthermore, it has transpired that research in the ports in Belgium, Finland, but also in Japan has shown that 50% of containers with partially dangerous cargo are not delivered correctly for shipment.	centime cent | pourcentage pour cent pct commission pourcent cent | 100 siècle cent | centime penny pièce cent | 100 cent			
En outre, une enquête menée dans des ports belges, finnois et japonais a révélé que 50 pour <N1></N1> des conteneurs avec un chargement partiellement dangereux n'étaient pas correctement déchargés.	Furthermore, it has transpired that research in the ports in Belgium, Finland, but also in Japan has shown that 50% of containers with partially dangerous cargo are not delivered correctly for shipment.				
FALSE					
					
Nous acceptons bien évidemment cet amendement, qui est tout à fait justifié, et je pense qu'il faut introduire des circonstances concrètes qui témoignent de la variété <L1>climatique</L1> de l'Union européenne, qui se traduit parfois en spécificités et en exigences concrètes au moment où il s'agit d'envisager des normalisations ou caractérisations de type technique.	Of course, we accept that amendment - it is absolutely right - and I believe that we should incorporate specific circumstances which demonstrate the climatic diversity of the European Union, which sometimes take the form of specifics and of concrete requirements for the establishment of standards and characterisations of a technical nature.				
Nous acceptons bien évidemment cet amendement, qui est tout à fait justifié, et je pense qu'il faut introduire des circonstances concrètes qui témoignent de la variété <N1></N1> de l'Union européenne, qui se traduit parfois en spécificités et en exigences concrètes au moment où il s'agit d'envisager des normalisations ou caractérisations de type technique.	Of course, we accept that amendment - it is absolutely right - and I believe that we should incorporate specific circumstances which demonstrate the climatic diversity of the European Union, which sometimes take the form of specifics and of concrete requirements for the establishment of standards and characterisations of a technical nature.				
FALSE					
					
Par rapport à ce qu'a déclaré M. Swoboda au sujet de l'activité du CEN, je voudrais dire que nous insistons auprès d'eux pour qu'ils accélèrent au maximum leur travail car ce serait <L1>dramatique</L1> que, malgré le nouveau délai, nous nous retrouvions dans un peu plus d'un an devant les mêmes difficultés pour avoir été incapables d'y apporter une solution.	I would like to say, with regard to Mr Swoboda' s comments on the activity of the CEN, that we are urging them to speed up their work as much as possible because it would be terrible if, despite the new deadline, we were to find ourselves after a year and a bit with the same difficulties because their work has not been concluded.	spectaculaire imposant dramatique			
Par rapport à ce qu'a déclaré M. Swoboda au sujet de l'activité du CEN, je voudrais dire que nous insistons auprès d'eux pour qu'ils accélèrent au maximum leur travail car ce serait <N1></N1> que, malgré le nouveau délai, nous nous retrouvions dans un peu plus d'un an devant les mêmes difficultés pour avoir été incapables d'y apporter une solution.	I would like to say, with regard to Mr Swoboda' s comments on the activity of the CEN, that we are urging them to speed up their work as much as possible because it would be terrible if, despite the new deadline, we were to find ourselves after a year and a bit with the same difficulties because their work has not been concluded.				
FALSE					
					
Les propositions de la Commission se réfèrent aux quatre piliers de la <L1>stratégie</L1> d'emploi et aux cinq domaines d'actions du Fonds social européen.	The Commission proposals refer to the four pillars of employment strategy and the five fields of action of the European Social Fund.	projet stratégie			
Les propositions de la Commission se réfèrent aux quatre piliers de la <N1></N1> d'emploi et aux cinq domaines d'actions du Fonds social européen.	The Commission proposals refer to the four pillars of employment strategy and the five fields of action of the European Social Fund.				
FALSE					
					
En effet, les reportages des médias montrent particulièrement que l'Europe perd rapidement du terrain vis-à-vis des États-Unis dans les industries de la haute <L1>technologie</L1> de l'avenir, en pleine croissance.	It is particularly important in the light of reports in the media that Europe is rapidly losing ground to the US in the hi-tech growth industries of the future.	technique ingénierie technologie | recherche appliquée technique ingénierie technologie			
En effet, les reportages des médias montrent particulièrement que l'Europe perd rapidement du terrain vis-à-vis des États-Unis dans les industries de la haute <N1></N1> de l'avenir, en pleine croissance.	It is particularly important in the light of reports in the media that Europe is rapidly losing ground to the US in the hi-tech growth industries of the future.				
FALSE					
					
Notre groupe met l' accent sur le principe de subsidiarité, sur la <L1>responsabilité</L1> des États membres et sur le rôle des acteurs locaux dans l' élaboration et la mise en uvre des programmes.	Our Group emphasises the importance of the principle of subsidiarity, the responsibility of Member States and the role of local players in drafting and implementing programmes.	faute responsabilité rap | obligation responsabilité devoir | responsabilisation engagement responsable correspondance responsabilité | passif responsabilité | endettement responsabilité | province état responsabilité devoir | responsabilité devoir			
Notre groupe met l' accent sur le principe de subsidiarité, sur la <N1></N1> des États membres et sur le rôle des acteurs locaux dans l' élaboration et la mise en uvre des programmes.	Our Group emphasises the importance of the principle of subsidiarity, the responsibility of Member States and the role of local players in drafting and implementing programmes.				
FALSE					
					
Notre groupe estime également qu' il importe d' accorder une plus grande attention aux régions d' outre-mer et aux autres régions périphériques et veut que l' on augmente l' <L1>interaction</L1> entre la ville et la campagne.	Our Group also considers it important to take greater account of remote and peripheral areas and wishes to increase interaction between towns and rural areas.	interaction fondamentale interaction interactions élémentaires interaction élémentaire			
Notre groupe estime également qu' il importe d' accorder une plus grande attention aux régions d' outre-mer et aux autres régions périphériques et veut que l' on augmente l' <N1></N1> entre la ville et la campagne.	Our Group also considers it important to take greater account of remote and peripheral areas and wishes to increase interaction between towns and rural areas.				
FALSE					
					
Nos ajouts exigent donc que l'on prévoie des stratégies de sortie pratiques et applicables, afin que non seulement nous puissions avoir l'assurance nécessaire contre des coûts continus que doivent souvent <L1>supporter</L1> les contribuables, mais également que nous puissions éviter le <L2>syndrome</L2> qui consiste s'enfoncer dans une mauvaise affaire.	Our additions therefore call for the provision of practical enforceable exit strategies so that not only can we have the requisite insurance against ongoing costs which are often loaded onto the taxpayer, but we also avoid the well-rehearsed syndrome of throwing good money after bad.				
Nos ajouts exigent donc que l'on prévoie des stratégies de sortie pratiques et applicables, afin que non seulement nous puissions avoir l'assurance nécessaire contre des coûts continus que doivent souvent <N1></N1> les contribuables, mais également que nous puissions éviter le <N2></N2> qui consiste s'enfoncer dans une mauvaise affaire.	Our additions therefore call for the provision of practical enforceable exit strategies so that not only can we have the requisite insurance against ongoing costs which are often loaded onto the taxpayer, but we also avoid the well-rehearsed syndrome of throwing good money after bad.				
FALSE					
					
Troisième point, la nécessité de développer le contenu en emplois de la croissance, même si je sais bien, M. <L1>van</L1> Dam l'a dit tout à l'heure, que la première responsabilité est celle des États membres, et que quand on parle de la responsabilité des États membres, comme d'ailleurs de l'utilité ou de l'efficacité de cette politique régionale, il faut bien voir dans quelle période nous nous situons.	Thirdly, the need to develop the employment side of growth, even though I am aware, as Mr van Dam just said, that the prime responsibility is that of the Member States, and that, when we speak of the responsibility of Member States, and indeed of the usefulness or effectiveness of this regional policy, we must clearly establish what sort of period we are working in.	Région méditerranéenne République de Turquie Turquie Van | avant-garde van			
Troisième point, la nécessité de développer le contenu en emplois de la croissance, même si je sais bien, M. <N1></N1> Dam l'a dit tout à l'heure, que la première responsabilité est celle des États membres, et que quand on parle de la responsabilité des États membres, comme d'ailleurs de l'utilité ou de l'efficacité de cette politique régionale, il faut bien voir dans quelle période nous nous situons.	Thirdly, the need to develop the employment side of growth, even though I am aware, as Mr van Dam just said, that the prime responsibility is that of the Member States, and that, when we speak of the responsibility of Member States, and indeed of the usefulness or effectiveness of this regional policy, we must clearly establish what sort of period we are working in.				
FALSE					
					
A5-0073/1999 de M. Langen, au nom de la commission économique et monétaire, sur le rapport de la Commission sur l' application en 1998 de sa décision no 2496/96/CECA du 18 décembre 1996 instituant des règles communautaires pour les aides à la <L1>sidérurgie</L1> (code des aides à la sidérurgie) (COM(1999)094 - C5-0104/1999 - 1999/2107(COS)).	A5-0073/1999 by Mr Langen, on behalf of the Committee on Economic and Monetary Affairs, on the Commission Report on the implementation in 1998 of Commission Decision No. 2496/96/ECSC of 18 December 1996 establishing Community rules for State aid to the steel industry (Steel Aid Code). [COM(1999) 94 - C5-0104/1999 - 1999/2107(COS)].	acier sidérurgie			
A5-0073/1999 de M. Langen, au nom de la commission économique et monétaire, sur le rapport de la Commission sur l' application en 1998 de sa décision no 2496/96/CECA du 18 décembre 1996 instituant des règles communautaires pour les aides à la <N1></N1> (code des aides à la sidérurgie) (COM(1999)094 - C5-0104/1999 - 1999/2107(COS)).	A5-0073/1999 by Mr Langen, on behalf of the Committee on Economic and Monetary Affairs, on the Commission Report on the implementation in 1998 of Commission Decision No. 2496/96/ECSC of 18 December 1996 establishing Community rules for State aid to the steel industry (Steel Aid Code). [COM(1999) 94 - C5-0104/1999 - 1999/2107(COS)].				
FALSE					
					
En clair, le niveau des aides d'État déclaré est, grosso modo, stable en moyenne durant la période couverte et s'établit environ à 1,2 % du PIB communautaire soit, c'est un hasard, plus ou moins l'équivalent du <L1>budget</L1> de la Communauté pour une année.	To put it plainly, the level of state aid declared, roughly speaking, is generally stable during the period under discussion and comes to approximately 1.2% of Community GDP or more or less the equivalent, coincidentally, of the Community budget for one year.				
En clair, le niveau des aides d'État déclaré est, grosso modo, stable en moyenne durant la période couverte et s'établit environ à 1,2 % du PIB communautaire soit, c'est un hasard, plus ou moins l'équivalent du <N1></N1> de la Communauté pour une année.	To put it plainly, the level of state aid declared, roughly speaking, is generally stable during the period under discussion and comes to approximately 1.2% of Community GDP or more or less the equivalent, coincidentally, of the Community budget for one year.				
FALSE					
					
Un passage en revue <L1>systématique</L1> des réglementations nationales est nécessaire pour pouvoir faire table rase des entraves à la concurrence.	A systematic survey of the various national regulations is needed if barriers to competition are to be dismantled.	systématique dans un certain ordre			
Un passage en revue <N1></N1> des réglementations nationales est nécessaire pour pouvoir faire table rase des entraves à la concurrence.	A systematic survey of the various national regulations is needed if barriers to competition are to be dismantled.				
FALSE					
					
Le marché privilégie le <L1>court</L1> terme et les gains immédiats.	The market favours the short term and immediate profits.	petit court | brusque court abrupt | léger lumière insuffisant court | arrêt-court court brève résumé | petit court succinct bref | court-circuit court court-circuiter | abruptement court | court irascible | Margaret Smith Court court de cour court | manquer résumer court | deçà court | pauvre insuffisant court inadéquat | court myope			
Le marché privilégie le <N1></N1> terme et les gains immédiats.	The market favours the short term and immediate profits.				
FALSE					
					
Le président Duisenberg a même tenté d'attribuer la faiblesse, d'ailleurs toute relative, de l'euro face au <L1>dollar</L1> à cet interventionnisme étatique.	President Duisenberg even attempted to attribute the weakness, the entirely relative weakness of the euro in relation to the dollar to this state interventionism.	palourde dollar			
Le président Duisenberg a même tenté d'attribuer la faiblesse, d'ailleurs toute relative, de l'euro face au <N1></N1> à cet interventionnisme étatique.	President Duisenberg even attempted to attribute the weakness, the entirely relative weakness of the euro in relation to the dollar to this state interventionism.				
FALSE					
					
Et pareil <L1>phénomène</L1> ne devrait pas occuper nos débats ?	Should we not be discussing this issue?	prodige phénomène			
Et pareil <N1></N1> ne devrait pas occuper nos débats ?	Should we not be discussing this issue?				
FALSE					
					
Je n'ai assisté à aucun <L1>forum</L1> de spécialistes du droit de la concurrence où un changement du système n'était pas demandé.	I have not attended a single forum of specialists in competition law which has not requested a change to the system.	place agora forum			
Je n'ai assisté à aucun <N1></N1> de spécialistes du droit de la concurrence où un changement du système n'était pas demandé.	I have not attended a single forum of specialists in competition law which has not requested a change to the system.				
FALSE					
					
Ce faisant, il doit être clairement affirmé - comme le fait aussi le rapport Jonckheer - qu'une politique d'aides d'État doit accorder à chaque État la liberté de définir et d'organiser en toute <L1>autonomie</L1> ses missions publiques et les conditions qu'il pose à la propriété.	Emphasis must also be placed on the fact that a state aid policy - and the Jonckheer report makes this very clear - must continue to afford each state the freedom to define and organise the tasks of the public sector and ownership structures on an independent basis.	autonomie autosuffisance Autosuffisance | autonomie liberté			
Ce faisant, il doit être clairement affirmé - comme le fait aussi le rapport Jonckheer - qu'une politique d'aides d'État doit accorder à chaque État la liberté de définir et d'organiser en toute <N1></N1> ses missions publiques et les conditions qu'il pose à la propriété.	Emphasis must also be placed on the fact that a state aid policy - and the Jonckheer report makes this very clear - must continue to afford each state the freedom to define and organise the tasks of the public sector and ownership structures on an independent basis.				
FALSE					
					
Je salue le fait qu'une aide de 40 % et qu'une aide complémentaire de 15 % destinées aux PME pour les placements à revenu <L1>fixe</L1> seront autorisées en faveur des entreprises s'installant dans des régions éligibles à l'objectif I en Europe, après l'an 2000.	I welcome the fact that grant aid of 40% and a top-up of 15% for SMEs for fixed investment will be permitted for companies setting up in Objective 1 regions in Europe post-2000.	fixation fixe | rigide fixe			
Je salue le fait qu'une aide de 40 % et qu'une aide complémentaire de 15 % destinées aux PME pour les placements à revenu <N1></N1> seront autorisées en faveur des entreprises s'installant dans des régions éligibles à l'objectif I en Europe, après l'an 2000.	I welcome the fact that grant aid of 40% and a top-up of 15% for SMEs for fixed investment will be permitted for companies setting up in Objective 1 regions in Europe post-2000.				
FALSE					
					
Ce système a assez bien fonctionné, mais, comme dans le célèbre <L1>film</L1> Casablanca, le temps passe et il est nécessaire d'adapter le règlement que nous avons appliqué jusqu'à ce jour aux nouvelles circonstances.	This has worked fairly well, but, as in the famous film Casablanca 'time goes by' and we must adapt the legislation we have been applying until now to the new circumstances.	feuil pellicule film | cinéma film			
Ce système a assez bien fonctionné, mais, comme dans le célèbre <N1></N1> Casablanca, le temps passe et il est nécessaire d'adapter le règlement que nous avons appliqué jusqu'à ce jour aux nouvelles circonstances.	This has worked fairly well, but, as in the famous film Casablanca 'time goes by' and we must adapt the legislation we have been applying until now to the new circumstances.				
FALSE					
					
Combien de fois un <L1>avocat</L1> avec deux entreprises et un projet ne change-t-il pas ce projet, face à une orientation de la Commission donnée ex ante, pour qu'il soit conforme à ces règles de concurrence !	How often has a lawyer with two companies and one project, in the face of a Commission guideline given ex ante, changed that project in order for it to comply with the competition rules!	conseil avocat défenseur conseiller | recommander prêcher proposer avocat défenseur préconiser | avocat avocatier persea americana | bâtonnier Barrister avocat défenseur barrister | avocat avocatier | avocat défenseur juriste avocate homme de loi | avocat défenseur partisan			
Combien de fois un <N1></N1> avec deux entreprises et un projet ne change-t-il pas ce projet, face à une orientation de la Commission donnée ex ante, pour qu'il soit conforme à ces règles de concurrence !	How often has a lawyer with two companies and one project, in the face of a Commission guideline given ex ante, changed that project in order for it to comply with the competition rules!				
FALSE					
					
La crédibilité des efforts entrepris par le Parlement en vue d'une utilisation régulière des ressources financières est liée aux efforts que nous entreprenons afin de rétablir la régularité et d'éviter toute <L1>anomalie</L1> future.	The credibility of the efforts we make here in Parliament to employ our finances properly stands and falls with the efforts we make to deal with such scandals and prevent them from arising in the future.				
La crédibilité des efforts entrepris par le Parlement en vue d'une utilisation régulière des ressources financières est liée aux efforts que nous entreprenons afin de rétablir la régularité et d'éviter toute <N1></N1> future.	The credibility of the efforts we make here in Parliament to employ our finances properly stands and falls with the efforts we make to deal with such scandals and prevent them from arising in the future.				
FALSE					
					
Monsieur le Président, un procureur européen pourrait-il faire disparaître la fraude à l'encontre des moyens communautaires dans les milieux du <L1>football</L1> ?	Mr President, will a European Public Prosecutor be able to abolish football fraud involving EU funds?	foot soccer football ballon | soccer football			
Monsieur le Président, un procureur européen pourrait-il faire disparaître la fraude à l'encontre des moyens communautaires dans les milieux du <N1></N1> ?	Mr President, will a European Public Prosecutor be able to abolish football fraud involving EU funds?				
FALSE					
					
Je conclurai en insistant sur le fait qu'une harmonisation de la qualification professionnelle de ces conseillers contribuera à améliorer la qualité du service dans l'intérêt des usagers, à <L1>minimiser</L1> les risques d'accidents pouvant entraîner une dégradation de l'environnement ainsi que des dommages graves susceptibles de porter atteinte à l'intégrité physique de toute personne pouvant entrer en contact avec des marchandises dangereuses.	I shall conclude by emphasising that harmonising the professional qualifications of advisers will contribute to improving the quality of the service in the interest of users, to minimising the risks of accident likely to cause damage to the environment as well as significant damage liable to be harmful to any person who may come into contact with dangerous goods.	réduire minimiser			
Je conclurai en insistant sur le fait qu'une harmonisation de la qualification professionnelle de ces conseillers contribuera à améliorer la qualité du service dans l'intérêt des usagers, à <N1></N1> les risques d'accidents pouvant entraîner une dégradation de l'environnement ainsi que des dommages graves susceptibles de porter atteinte à l'intégrité physique de toute personne pouvant entrer en contact avec des marchandises dangereuses.	I shall conclude by emphasising that harmonising the professional qualifications of advisers will contribute to improving the quality of the service in the interest of users, to minimising the risks of accident likely to cause damage to the environment as well as significant damage liable to be harmful to any person who may come into contact with dangerous goods.				
FALSE					
					
Je soutien avec <L1>enthousiasme</L1> la proposition contenue dans le rapport visant à publier un registre présentant la situation actuelle des différents États membres en matière d'aide d'État.	I enthusiastically support the report's proposal to publish a  scoreboard  showing the amount of state aid per Member State.	enthousiasme excitation | empressement alacrité enthousiasme avidité | passion enthousiasme enthousiaste | exubérance ébullition enthousiasme			
Je soutien avec <N1></N1> la proposition contenue dans le rapport visant à publier un registre présentant la situation actuelle des différents États membres en matière d'aide d'État.	I enthusiastically support the report's proposal to publish a  scoreboard  showing the amount of state aid per Member State.				
FALSE					
					
Un gros <L1>handicap</L1> réside dans l'incapacité et l'impossibilité des régions et d'autres sujets de programmer à temps.	A considerable stumbling block is the fact that the regions and other operators find it impossible and are incapable of making plans in time.	handicap invalidité infirmité			
Un gros <N1>obstacle</N1> réside dans l'incapacité et l'impossibilité des régions et d'autres sujets de programmer à temps.	A considerable stumbling block is the fact that the regions and other operators find it impossible and are incapable of making plans in time.				
TRUE					
					
Nous en avons encore un exemple avec le plan de suppression d'emplois en Europe du <L1>trust</L1> ABB Alsthom Power.	We see a further example of this with the planned layoffs in Europe proposed by the corporation ABB Alsthom Power.	trust commission confiance foi espère			
Nous en avons encore un exemple avec le plan de suppression d'emplois en Europe de l'<N1>entreprise</N1> ABB Alsthom Power.	We see a further example of this with the planned layoffs in Europe proposed by the corporation ABB Alsthom Power.				
TRUE					
					
La volonté de réglementer les conditions de concurrence sur le marché européen exprimée par la Commission est dérisoire, car la seule loi à laquelle obéit la concurrence, c'est la loi de la <L1>jungle</L1> où les plus puissants écrasent ou dévorent les plus faibles.	The Commission' s declared intention to regulate the conditions of competition on the European market is ridiculous, for the only law which competition respects is the law of the jungle where the most powerful squash or devour the weakest elements.	jungle forêt vierge			
La volonté de réglementer les conditions de concurrence sur le marché européen exprimée par la Commission est dérisoire, car la seule loi à laquelle obéit la concurrence, c'est la loi de la <N1></N1> où les plus puissants écrasent ou dévorent les plus faibles.	The Commission' s declared intention to regulate the conditions of competition on the European market is ridiculous, for the only law which competition respects is the law of the jungle where the most powerful squash or devour the weakest elements.				
FALSE					
					
Monsieur le Président, Madame la Commissaire, je vous ai apporté un petit cadeau : voilà une galette de <L1>mazout</L1> envoyée par une habitante de l'île de Noirmoutier qui m'écrit ceci : à chaque marée, la plage est couverte de <L2>fuel</L2> lourd échappé de l'Erika.	Mr President, Commissioner, I have brought you a small gift. Here is a cake of oil sent by someone living on the French island of Noirmoutier who wrote to me as follows:  With every tide, the beach is covered with heavy fuel oil which has leaked out of the Erika.	mazout fioul			
Monsieur le Président, Madame la Commissaire, je vous ai apporté un petit cadeau : voilà une galette de <N1>mazout</N1> envoyée par une habitante de l'île de Noirmoutier qui m'écrit ceci : à chaque marée, la plage est couverte de <N2>fioul</N2> lourd échappé de l'Erika.	Mr President, Commissioner, I have brought you a small gift. Here is a cake of oil sent by someone living on the French island of Noirmoutier who wrote to me as follows:  With every tide, the beach is covered with heavy fuel oil which has leaked out of the Erika.				
TRUE					
					
C'est pourquoi, il est urgent que l'Union européenne s'engage dans une révision <L1>drastique</L1> de ses directives en matière de transport maritime, pour les rendre plus contraignantes et établir un régime des responsabilités des propriétaires de cargaisons clair et précis.	This is why it is essential, as a matter of urgency, for the European Union to undertake a radical review of its directives on sea transport to make them more restrictive and to establish clear and specific regulations determining the responsibilities of the owners of the cargoes.	extrême draconien énergique drastique			
C'est pourquoi, il est urgent que l'Union européenne s'engage dans une révision <N1></N1> de ses directives en matière de transport maritime, pour les rendre plus contraignantes et établir un régime des responsabilités des propriétaires de cargaisons clair et précis.	This is why it is essential, as a matter of urgency, for the European Union to undertake a radical review of its directives on sea transport to make them more restrictive and to establish clear and specific regulations determining the responsibilities of the owners of the cargoes.				
FALSE					
					
Sans prétendre à l'exhaustivité, celle-ci garantirait au moins trois points : aucun <L1>cargo</L1> ou pétrolier ne pourra plus mouiller dans un port de l'Union européenne s'il est bon pour la casse ; toutes les personnes concernées, y compris l'affréteur du transport, sont responsables des dégâts qui peuvent survenir ; et ces personnes doivent contracter des assurances suffisantes.	No tanker or freighter fit only for the scrap heap must ever put into any harbour within the European Union again. All those involved, including the transport agent, are responsible for any ensuing damage, and these individuals are to provide satisfactory assurances.	cargaison cargo Transport de marchandises transport de marchandises charge chargement fret			
Sans prétendre à l'exhaustivité, celle-ci garantirait au moins trois points : aucun <N1>navire de charge</N1> ou pétrolier ne pourra plus mouiller dans un port de l'Union européenne s'il est bon pour la casse ; toutes les personnes concernées, y compris l'affréteur du transport, sont responsables des dégâts qui peuvent survenir ; et ces personnes doivent contracter des assurances suffisantes.	No tanker or freighter fit only for the scrap heap must ever put into any harbour within the European Union again. All those involved, including the transport agent, are responsible for any ensuing damage, and these individuals are to provide satisfactory assurances.				
TRUE					
					
Je crois qu'il est très clair, et c'est la première conclusion que l'on pourra tirer de la catastrophe de l'Erika, que l'on comprendrait mal dans l'opinion publique qu'on réglemente le <L1>chocolat</L1> mais qu'on ne réglemente pas le transport maritime.	I think that it is quite obvious, and this is the first conclusion that can be drawn from the Erika disaster, that public opinion would find it hard to understand that we regulate chocolate but do not regulate maritime transport.	chocolatier chocolat café | chocolat cacao chocolat chaud | chocolat cacao Fève de cacao			
Je crois qu'il est très clair, et c'est la première conclusion que l'on pourra tirer de la catastrophe de l'Erika, que l'on comprendrait mal dans l'opinion publique qu'on réglemente le <N1></N1> mais qu'on ne réglemente pas le transport maritime.	I think that it is quite obvious, and this is the first conclusion that can be drawn from the Erika disaster, that public opinion would find it hard to understand that we regulate chocolate but do not regulate maritime transport.				
FALSE					
					
Je crains fort que nous n'héritions une nouvelle fois d'une autorité qui évolue tel un satellite <L1>anonyme</L1> à travers l'Europe : j'apprécierais une autorité de ce genre comme le diable l'eau bénite.	I very much fear that we are to have yet another authority that flies through Europe anonymously like a satellite; an authority of this kind would be anathema to me and I hope it does not come to that.	public anonyme | inconnu innomé sans nom anonyme			
Je crains fort que nous n'héritions une nouvelle fois d'une autorité qui évolue tel un satellite <N1></N1> à travers l'Europe : j'apprécierais une autorité de ce genre comme le diable l'eau bénite.	I very much fear that we are to have yet another authority that flies through Europe anonymously like a satellite; an authority of this kind would be anathema to me and I hope it does not come to that.				
FALSE					
					
L' Europe ne sera juste et <L1>dynamique</L1> que si elle se montre transparente et démocratique.	We cannot have a decisive and fair Europe unless it is also open and democratic.	dynamisme élan dynamique quantité de mouvement | Cinétique cinétique dynamique | actif dynamique			
L' Europe ne sera juste et <N1></N1> que si elle se montre transparente et démocratique.	We cannot have a decisive and fair Europe unless it is also open and democratic.				
FALSE					
					
Nous devons prendre maintenant une décision au sujet des bonnes intentions de la Commission, bien qu' une <L1>synthèse</L1> structurée de toutes ces bonnes intentions ne soit pas encore disponible.	We have to take a decision now regarding the Commission' s good intentions, but there is still no structural outline for these good intentions.	déduction synthèse déduction logique | aperçu vue d'ensemble synopsis abrégé synthèse résumé			
Nous devons prendre maintenant une décision au sujet des bonnes intentions de la Commission, bien qu' une <N1></N1> structurée de toutes ces bonnes intentions ne soit pas encore disponible.	We have to take a decision now regarding the Commission' s good intentions, but there is still no structural outline for these good intentions.				
FALSE					
					
Monsieur le Président, nous savons tous que le Parlement a décidé de <L1>reporter</L1> la décharge pour l'exercice 1997 dans l'attente de connaître les engagements de réforme interne que la nouvelle Commission adopterait.	Mr President, we all recall that Parliament decided to postpone the discharge for the 1997 financial year pending commitments from the new European Commission regarding internal reform.	mouvoir fermer reporter retirer se retirer ajourner | retarder reculer reporter différer postposer repousser | passer accorder représenter consacrer placer exercer déposer élaborer arrêter exposer formuler remettre reporter adresser concrétiser mettre | journaliste reporter			
Monsieur le Président, nous savons tous que le Parlement a décidé de <N1></N1> la décharge pour l'exercice 1997 dans l'attente de connaître les engagements de réforme interne que la nouvelle Commission adopterait.	Mr President, we all recall that Parliament decided to postpone the discharge for the 1997 financial year pending commitments from the new European Commission regarding internal reform.				
FALSE					
					
Le refus du Parlement d'octroyer la décharge et le refus définitif du budget 1996, la motion de censure présentée au Parlement l'année dernière pour différentes raisons et le premier rapport du comité d'experts indépendants sur la réforme de la Commission qui a suscité la démission en bloc de la Commission elle-même, font à présent partie du <L1>folklore</L1> européen.	The refusal of the European Parliament to grant discharge and the definitive refusal for the 1996 budget; the motion of censure tabled in this House a year ago for differing reasons; and the first report of the Committee of Independent Experts on the reform of the Commission which led to the mass resignation of the Commission itself, are now part of European folklore.				
Le refus du Parlement d'octroyer la décharge et le refus définitif du budget 1996, la motion de censure présentée au Parlement l'année dernière pour différentes raisons et le premier rapport du comité d'experts indépendants sur la réforme de la Commission qui a suscité la démission en bloc de la Commission elle-même, font à présent partie du <N1></N1> européen.	The refusal of the European Parliament to grant discharge and the definitive refusal for the 1996 budget; the motion of censure tabled in this House a year ago for differing reasons; and the first report of the Committee of Independent Experts on the reform of the Commission which led to the mass resignation of the Commission itself, are now part of European folklore.				
FALSE					
					
Ce règlement ne peut être ignoré ou contourné, pas même via une soi-disant <L1>soft law</L1>, comme l' évoquait un collègue lors d' une séance en commission.	This cannot be ignored or evaded, certainly not on account of soft law, as was once suggested at a meeting of our Committee.				
Ce règlement ne peut être ignoré ou contourné, pas même via une soi-disant <N1>loi non contraignante</N1>, comme l' évoquait un collègue lors d' une séance en commission.	This cannot be ignored or evaded, certainly not on account of soft law, as was once suggested at a meeting of our Committee.				
TRUE					
					
Je ne trouve pas vraiment utile de recourir à une <L1>tactique</L1> extrême comme celle de la terre brûlée.	In my opinion, such a far-reaching scorched earth policy is really unnecessary.	tactique manœuvrer manœuvre			
Je ne trouve pas vraiment utile de recourir à une <N1></N1> extrême comme celle de la terre brûlée.	In my opinion, such a far-reaching scorched earth policy is really unnecessary.				
FALSE					
					
Dans leur second rapport, les sages nous apprennent que l'Italie est financée par le Fonds de cohésion, que le FEDER et le Fonds social représentent 2/3 des fonds structurels, que le principe d'additionnalité et de complémentarité des fonds structurels sont équivalents, que le <L1>lobby</L1> agricole impose le financement du développement rural par le FEOGA-Garantie, que le principe de partenariat ne s'applique qu'à la Commission et aux États membres.	In this, their second report, the experts tell us that Italy is financed by the Cohesion Fund, that the ERDF and the Social Fund represent two-thirds of the Structural Funds and that the principles of additionality and complementarity in the Structural Funds come to the same thing. They tell us that the farming lobby is forcing us to finance rural development through the EAGGF-Guarantee and that the principle of partnership only applies to the Commission and to the Member States.	groupe d'intérêt lobby groupe de pression			
Dans leur second rapport, les sages nous apprennent que l'Italie est financée par le Fonds de cohésion, que le FEDER et le Fonds social représentent 2/3 des fonds structurels, que le principe d'additionnalité et de complémentarité des fonds structurels sont équivalents, que le <N1>groupe de pression</N1> agricole impose le financement du développement rural par le FEOGA-Garantie, que le principe de partenariat ne s'applique qu'à la Commission et aux États membres.	In this, their second report, the experts tell us that Italy is financed by the Cohesion Fund, that the ERDF and the Social Fund represent two-thirds of the Structural Funds and that the principles of additionality and complementarity in the Structural Funds come to the same thing. They tell us that the farming lobby is forcing us to finance rural development through the EAGGF-Guarantee and that the principle of partnership only applies to the Commission and to the Member States.				
TRUE					
					
Je ne sais pas s'il bat le <L1>record</L1> de toutes les résolutions présentées ici, mais en tout cas, pour ce qui est de ce type de résolutions, cela ne fait aucun doute.	I do not know if it breaks the record for all the resolutions presented here, but, for this type of resolution it certainly does.				
Je ne sais pas s'il bat le <N1></N1> de toutes les résolutions présentées ici, mais en tout cas, pour ce qui est de ce type de résolutions, cela ne fait aucun doute.	I do not know if it breaks the record for all the resolutions presented here, but, for this type of resolution it certainly does.				
FALSE					
					
Une <L1>caractéristique</L1> principale de la réforme sera donc d'assurer un processus plus rigoureux pour lier le processus d'établissement des priorités à l'affectation des ressources dans le cadre d'un système de gestion sur la base des activités.	A central feature of the reform will therefore be a more rigorous process for tying the process of priority-setting into resource allocation under a system of activity-based management.	trait particularité caractéristique lynx | trait trait de caractère caractéristique | spécificité particularité caractéristique | trait caractéristique élément | marque poinçon caractéristique authentification			
Une <N1></N1> principale de la réforme sera donc d'assurer un processus plus rigoureux pour lier le processus d'établissement des priorités à l'affectation des ressources dans le cadre d'un système de gestion sur la base des activités.	A central feature of the reform will therefore be a more rigorous process for tying the process of priority-setting into resource allocation under a system of activity-based management.				
FALSE					
					
Mais tout ceci ne nous empêche pas de constater que nous sommes relativement impuissants, car lorsque les négociateurs des deux parties prendront l'avion ce <L1>week-end</L1> pour retourner aux États-Unis, nous ne pourrons nous empêcher de penser qu'à chaque fois que cent dollars sont dépensés pour le processus de paix dans la région, 60 dollars sont payés par l'Union européenne.	But none of this hides the fact that there is a certain sense of impotence, because when the negotiators from each side fly back to the United States this weekend, we will have to remember that, for every 100 dollars spent on the peace process in the region, 60 are contributed by the European Union.	week-end fin de semaine			
Mais tout ceci ne nous empêche pas de constater que nous sommes relativement impuissants, car lorsque les négociateurs des deux parties prendront l'avion cette <N1>fin de semaine</N1> pour retourner aux États-Unis, nous ne pourrons nous empêcher de penser qu'à chaque fois que cent dollars sont dépensés pour le processus de paix dans la région, 60 dollars sont payés par l'Union européenne.	But none of this hides the fact that there is a certain sense of impotence, because when the negotiators from each side fly back to the United States this weekend, we will have to remember that, for every 100 dollars spent on the peace process in the region, 60 are contributed by the European Union.				
TRUE					
					
Nous sommes tous conscients qu'il est essentiel que le Conseil approuve, aussi vite que possible, le <L1>panel</L1> d'évaluation que M. le commissaire António Vitorino est en train de mettre en place.	We are all aware that, to this end, it is essential for the Council to approve, as quickly as possible, the scoreboard which Commissioner Vitorino has the remit of establishing.	tableau panel			
Nous sommes tous conscients qu'il est essentiel que le Conseil approuve, aussi vite que possible, le <N1></N1> d'évaluation que M. le commissaire António Vitorino est en train de mettre en place.	We are all aware that, to this end, it is essential for the Council to approve, as quickly as possible, the scoreboard which Commissioner Vitorino has the remit of establishing.				
FALSE					
					
Enfin, en ce qui concerne la Charte des droits fondamentaux, les citoyens européens ont besoin de <L1>visualiser</L1> leur citoyenneté.	Finally, in relation to the Charter of Fundamental Rights, the citizens of Europe need to have a vision of citizenship.	voir imaginer visualiser prévoir comprendre			
Enfin, en ce qui concerne la Charte des droits fondamentaux, les citoyens européens ont besoin de <N1></N1> leur citoyenneté.	Finally, in relation to the Charter of Fundamental Rights, the citizens of Europe need to have a vision of citizenship.				
FALSE					
					
Le scoreboard, ou tableau d'affichage, donne aux spectateurs le <L1>score</L1> du match ; il doit suivre les évolutions, il doit être bien clair et bien visible.	A scoreboard tells people the score; it has to be up-to-date and it has to be clear and visible.	marquer marque note score | marquer note score			
Le scoreboard, ou tableau d'affichage, donne aux spectateurs le <N1>résultat</N1> du match ; il doit suivre les évolutions, il doit être bien clair et bien visible.	A scoreboard tells people the score; it has to be up-to-date and it has to be clear and visible.				
TRUE					
					
Il risque d'y avoir dans cette Communauté, non pas pénurie, mais <L1>pléthore</L1> de chartes des droits : niveau national, Union européenne, Convention européenne.	We risk having not too few charters of rights in this Community, but too many: national, European Union and European Convention; not too few tribunals having the final say about our rights but possibly too many - there is the Court across the river there, there is the Court in Luxembourg.	superflu pléthore			
Il risque d'y avoir dans cette Communauté, non pas pénurie, mais <N1>surabondance</N1> de chartes des droits : niveau national, Union européenne, Convention européenne.	We risk having not too few charters of rights in this Community, but too many: national, European Union and European Convention; not too few tribunals having the final say about our rights but possibly too many - there is the Court across the river there, there is the Court in Luxembourg.				
TRUE					
					
Objet: Proposition de règlement fixant les totaux admissibles de capture pour certaines populations de poissons en l'an 2000 (cas concret de l'anchois) D'après les derniers rapports du Conseil international pour l'exploration de la mer, le <L1>stock</L1> d'anchois dans la division VIII CIEM se trouve actuellement dans un état critique.	Subject: Proposal for a regulation laying down the total admissible catches for specific fish populations for the year 2000, and the case of anchovies in particular The latest reports from the International Council for the Exploration of the Sea indicate that the current level of anchovy stocks in ICES zone VIII is critical.	réserve porter stock | réserve stock | inventaire réserve stock			
Objet: Proposition de règlement fixant les totaux admissibles de capture pour certaines populations de poissons en l'an 2000 (cas concret de l'anchois) D'après les derniers rapports du Conseil international pour l'exploration de la mer, le <N1></N1> d'anchois dans la division VIII CIEM se trouve actuellement dans un état critique.	Subject: Proposal for a regulation laying down the total admissible catches for specific fish populations for the year 2000, and the case of anchovies in particular The latest reports from the International Council for the Exploration of the Sea indicate that the current level of anchovy stocks in ICES zone VIII is critical.				
FALSE					
					
Objet: L'agriculture et la Présidence portugaise Le Conseil peut-il décrire les priorités de la Présidence portugaise en matière de politique agricole commune pour les six mois à venir et indiquer les mesures qu'il estime nécessaires pour relancer la confiance des consommateurs dans les secteurs et produits agricoles, auxquels la récente <L1>panique</L1> a porté préjudice ?	Subject: Farming and the Portuguese Presidency Will the Council outline the priorities of the Portuguese Presidency for the next six months as regards the common agricultural policy and indicate the steps it feels are necessary to boost consumer confidence in the agricultural sectors and products adversely affected by recent health scares?	peur terreur panique effroi | pantois paniqué stupéfait effrayé épouvanté affolé effaré			
Objet: L'agriculture et la Présidence portugaise Le Conseil peut-il décrire les priorités de la Présidence portugaise en matière de politique agricole commune pour les six mois à venir et indiquer les mesures qu'il estime nécessaires pour relancer la confiance des consommateurs dans les secteurs et produits agricoles, auxquels la récente <N1></N1> a porté préjudice ?	Subject: Farming and the Portuguese Presidency Will the Council outline the priorities of the Portuguese Presidency for the next six months as regards the common agricultural policy and indicate the steps it feels are necessary to boost consumer confidence in the agricultural sectors and products adversely affected by recent health scares?				
FALSE					
					
Mais si l'on englobe le secteur privé, on constate alors que cette fameuse <L1>financial stability</L1>, non seulement n'a pas été obtenue, mais que l'on est vraisemblablement assis sur un volcan prêt à exploser à tout moment.	If we look at the private sector, however, we will find not only that this fabled 'financial stability' has been unsuccessful but that we are most probably sitting on a volcano ready to erupt at any moment.				
Mais si l'on englobe le secteur privé, on constate alors que cette fameuse <N1>stabilité financière</N1>, non seulement n'a pas été obtenue, mais que l'on est vraisemblablement assis sur un volcan prêt à exploser à tout moment.	If we look at the private sector, however, we will find not only that this fabled 'financial stability' has been unsuccessful but that we are most probably sitting on a volcano ready to erupt at any moment.				
TRUE					
					
Après l'échec des pourparlers entre le SPÖ et l'ÖVP, les socialistes ont tenté de former un gouvernement de <L1>minorité</L1> et ont sollicité le soutien du FPÖ.	When the talks between the SPÖ and ÖVP broke down, the Socialists attempted to form a minority government and asked the FPÖ for their support.	minorité minoritaire			
Après l'échec des pourparlers entre le SPÖ et l'ÖVP, les socialistes ont tenté de former un gouvernement de <N1></N1> et ont sollicité le soutien du FPÖ.	When the talks between the SPÖ and ÖVP broke down, the Socialists attempted to form a minority government and asked the FPÖ for their support.				
FALSE					
					
Traiter de <L1>nazi</L1> un homme politique démocratiquement élu ne fait pas de vous un antifasciste !	Denouncing a democratically elected politician as a Nazi does not make you an anti-fascist!				
Traiter de <N1></N1> un homme politique démocratiquement élu ne fait pas de vous un antifasciste !	Denouncing a democratically elected politician as a Nazi does not make you an anti-fascist!				
FALSE					
					
Au-delà des considération stratégiques ou tactiques, au-delà de l'éventuelle disculpation découlant du comportement d'autrui, au-delà, et par-dessus les intérêts de parti ou des circonstances électorales, la délégation espagnole du groupe populaire de ce Parlement, en parfaite harmonie avec le parti populaire espagnol et le gouvernement espagnol, déclare de manière <L1>catégorique</L1> qu'elle est tout à fait d'accord avec la déclaration de la présidence portugaise du Conseil du 31 janvier dernier.	Leaving aside strategic and tactical considerations, leaving aside possible exonerations based on other people' s behaviour and above and beyond party and electoral interests, the Spanish delegation of the People' s Group of this Parliament, in full agreement with the Spanish People' s Party and the Spanish Government, clearly expresses its full agreement with the statement of 31 January by the Portuguese Presidency of the Council.	catégorique catégoriel inconditionnel			
Au-delà des considération stratégiques ou tactiques, au-delà de l'éventuelle disculpation découlant du comportement d'autrui, au-delà, et par-dessus les intérêts de parti ou des circonstances électorales, la délégation espagnole du groupe populaire de ce Parlement, en parfaite harmonie avec le parti populaire espagnol et le gouvernement espagnol, déclare de manière <N1></N1> qu'elle est tout à fait d'accord avec la déclaration de la présidence portugaise du Conseil du 31 janvier dernier.	Leaving aside strategic and tactical considerations, leaving aside possible exonerations based on other people' s behaviour and above and beyond party and electoral interests, the Spanish delegation of the People' s Group of this Parliament, in full agreement with the Spanish People' s Party and the Spanish Government, clearly expresses its full agreement with the statement of 31 January by the Portuguese Presidency of the Council.				
FALSE					
					
Si une <L1>firme</L1> française déclare qu'un de ses collaborateurs doive travailler en permanence au Danemark et seulement au Danemark, la carte de prestation de services devrait pouvoir être demandée pour ce seul pays.	If a company in France says that it has an employee who has to work in Denmark on a permanent basis, and only in Denmark, then it certainly ought only to be possible to apply for this card for Denmark.	firme entreprise			
Si une <N1>entreprise</N1> française déclare qu'un de ses collaborateurs doive travailler en permanence au Danemark et seulement au Danemark, la carte de prestation de services devrait pouvoir être demandée pour ce seul pays.	If a company in France says that it has an employee who has to work in Denmark on a permanent basis, and only in Denmark, then it certainly ought only to be possible to apply for this card for Denmark.				
TRUE					
					
Avant-hier, j'ai entendu avec satisfaction une <L1>interview</L1> donnée par le commandant de la Kfor qui indiquait combien les choses commençaient d' aller mieux à cet égard au Kosovo, combien, en particulier dans le domaine de la sécurité, les normes de criminalité étaient revenues à un niveau acceptable.	The day before yesterday I was pleased to hear an interview given by the KFOR commander showing how much better matters in connection with this in Kosovo were starting to be, particularly as regards security, crime levels had been restored to an acceptable level.	entrevue entretien interview | entrevue concertation audience consultation auditoire interview | entrevue interview entretenir avoir | entrevue interview entretenir			
Avant-hier, j'ai entendu avec satisfaction une <N1>entrevue</N1> donnée par le commandant de la Kfor qui indiquait combien les choses commençaient d' aller mieux à cet égard au Kosovo, combien, en particulier dans le domaine de la sécurité, les normes de criminalité étaient revenues à un niveau acceptable.	The day before yesterday I was pleased to hear an interview given by the KFOR commander showing how much better matters in connection with this in Kosovo were starting to be, particularly as regards security, crime levels had been restored to an acceptable level.				
TRUE					
					
J'ai entendu dire - je ne sais si c'est exact ou non - que les Serbes continuent même d'exploiter une <L1>mine</L1> au Kosovo, dans la partie serbe.	I hear - whether it is true or not I do not know - that the Serbs are even continuing to operate a mine in the Serbian sector of Kosovo.	mine mineur | présence manière mine air | excavation mine			
J'ai entendu dire - je ne sais si c'est exact ou non - que les Serbes continuent même d'exploiter une <N1></N1> au Kosovo, dans la partie serbe.	I hear - whether it is true or not I do not know - that the Serbs are even continuing to operate a mine in the Serbian sector of Kosovo.				
FALSE					
					
Pour obtenir que 50 % ou plus du <L1>mix</L1> de l'énergie vienne des sources d'énergies renouvelables, on ne peut pas se contenter de certains <L2>hot spots</L2> qui, à court terme, seront plus rentables.	In order to ensure that at least 50% of the energy mix comes from renewable energy sources, it is not enough to deal with a few hot spots that will be more profitable in the short term.				
Pour obtenir que 50 % ou plus du <N1>mixage</N1> de l'énergie vienne des sources d'énergies renouvelables, on ne peut pas se contenter de certains <N2>points nevralgiques</N2> qui, à court terme, seront plus rentables.	In order to ensure that at least 50% of the energy mix comes from renewable energy sources, it is not enough to deal with a few hot spots that will be more profitable in the short term.				
TRUE					
					
À ce propos, il faut rappeler que la politique <L1>énergétique</L1> continue de relever de la compétence nationale.	In this regard, it must be remembered that energy policy remains within the national remit.	énergétique énergique | vigueur énergétique force énergie | courageux énergétique énergique			
À ce propos, il faut rappeler que la politique <N1></N1> continue de relever de la compétence nationale.	In this regard, it must be remembered that energy policy remains within the national remit.				
FALSE					
					
Par contre, on peut être assez confiant pour l'avenir car on sait les efforts que les constructeurs automobiles sont prêts à faire pour trouver, d'une part, des matériaux plus faciles à <L1>recycler</L1> et pour mettre en place les filières de recyclage.	On the other hand, we can be fairly confident for the future because we know the efforts that car manufacturers are prepared to make in order to find (a) materials that are easier to recycle and (b) to set up recycling industries.	réutiliser recycler			
Par contre, on peut être assez confiant pour l'avenir car on sait les efforts que les constructeurs automobiles sont prêts à faire pour trouver, d'une part, des matériaux plus faciles à <N1></N1> et pour mettre en place les filières de recyclage.	On the other hand, we can be fairly confident for the future because we know the efforts that car manufacturers are prepared to make in order to find (a) materials that are easier to recycle and (b) to set up recycling industries.				
FALSE					
					
Ces hommes et ces femmes qui bougent à travers l'Europe paient leur voiture, leurs taxes nationales, leur <L1>pot</L1> catalytique, leurs taxes sur les carburants, et paient donc déjà très cher le prix de la magnifique machine et la liberté de circuler.	The men and women on the move throughout Europe pay for their car and their catalytic converter, pay their national taxes and the tax on fuel and are therefore already paying a high price for their magnificent machine and their freedom of movement.	toilettes pot lavabo toilette | pot potentiomètre | bouteille pot | pot vase potiche | abreuvoir chope pot broc			
Ces hommes et ces femmes qui bougent à travers l'Europe paient leur voiture, leurs taxes nationales, leur <N1></N1> catalytique, leurs taxes sur les carburants, et paient donc déjà très cher le prix de la magnifique machine et la liberté de circuler.	The men and women on the move throughout Europe pay for their car and their catalytic converter, pay their national taxes and the tax on fuel and are therefore already paying a high price for their magnificent machine and their freedom of movement.				
FALSE					
					
Nous savons que le plomb, le mercure, le cadmium et le <L1>chrome</L1> hexavalent présentent une toxicité élevée et des risques sanitaires et nous sommes parvenus à en interdire l'utilisation dans de nombreuses directives communautaires sans disposer d'une analyse des risques.	We know that lead, mercury, cadmium and hexavalent chromium present high toxic and health risks and numerous Community directives have succeeded in restricting their usage without any risk assessment being made.				
Nous savons que le plomb, le mercure, le cadmium et le <N1></N1> hexavalent présentent une toxicité élevée et des risques sanitaires et nous sommes parvenus à en interdire l'utilisation dans de nombreuses directives communautaires sans disposer d'une analyse des risques.	We know that lead, mercury, cadmium and hexavalent chromium present high toxic and health risks and numerous Community directives have succeeded in restricting their usage without any risk assessment being made.				
FALSE					
					
En effet, cette résolution PPE/DE-PSE applaudit à l' initiative prise par quatorze États membres pour faire pression sur l' Autriche en organisant une sorte de <L1>boycott</L1> diplomatique.	This PPE/DE-PSE resolution commends the initiative taken by fourteen Member States to apply pressure to Austria by organising a sort of diplomatic boycott.	boycottage boycotter boycott | embargo boycottage boycotter boycott			
En effet, cette résolution PPE/DE-PSE applaudit à l' initiative prise par quatorze États membres pour faire pression sur l' Autriche en organisant une sorte de <N1>boycottage</N1> diplomatique.	This PPE/DE-PSE resolution commends the initiative taken by fourteen Member States to apply pressure to Austria by organising a sort of diplomatic boycott.				
TRUE					
					
Quelles sont les valeurs du parti socialiste belge, qui ne fait que passer d' affaires de <L1>pédophilie</L1> à des affaires de corruption, en passant par celles de Vandam, comme l' affaire Agusta ?	What are the values of the Belgian Socialist Party, which only goes from paedophilia scandals to corruption scandals, via Vandam and Agusta?	pédophilie môme enfant enfance			
Quelles sont les valeurs du parti socialiste belge, qui ne fait que passer d' affaires de <N1></N1> à des affaires de corruption, en passant par celles de Vandam, comme l' affaire Agusta ?	What are the values of the Belgian Socialist Party, which only goes from paedophilia scandals to corruption scandals, via Vandam and Agusta?				
FALSE					
					
Nous disposions d' un <L1>timing</L1> très serré au niveau du temps de parole, puis soudain, jeudi dernier, nous nous sommes retrouvés avec un vide à l' ordre du jour pendant une heure, voire une heure et demie.	Last Thursday speaking times were extremely tight and then suddenly we had between one and one-and-a-half hours when there was nothing on the agenda and we had to wait for the vote.	timing minutage			
Nous disposions d' un <N1>temps</N1> très serré au niveau du temps de parole, puis soudain, jeudi dernier, nous nous sommes retrouvés avec un vide à l' ordre du jour pendant une heure, voire une heure et demie.	Last Thursday speaking times were extremely tight and then suddenly we had between one and one-and-a-half hours when there was nothing on the agenda and we had to wait for the vote.				
TRUE					
					
Madame la Présidente, cet après-midi, dans cette Assemblée, on a fait référence à une série de reportages de l'émission de la BBC Today de ce matin, au cours de laquelle il a été dit que certains de mes collègues dirigeaient des sociétés privées pratiquant le <L1>lobbying</L1> ou faisaient d'une manière ou d'une autre un mauvais usage de leur position de députés de ce Parlement.	Madam President, this afternoon, in this Chamber, reference was made to a series of reports on the BBC Today programme this morning, which claimed that certain of my colleagues were running personal lobbying companies or somehow misusing their position as Members of this House.				
Madame la Présidente, cet après-midi, dans cette Assemblée, on a fait référence à une série de reportages de l'émission de la BBC Today de ce matin, au cours de laquelle il a été dit que certains de mes collègues dirigeaient des sociétés privées pratiquant le <N1>travail d'influence</N1> ou faisaient d'une manière ou d'une autre un mauvais usage de leur position de députés de ce Parlement.	Madam President, this afternoon, in this Chamber, reference was made to a series of reports on the BBC Today programme this morning, which claimed that certain of my colleagues were running personal lobbying companies or somehow misusing their position as Members of this House.				
TRUE					
					
C'est pourquoi nous pensons que vous avez eu raison d'envoyer un message et que ceux qui l'ont contesté procèdent peut-être encore de la culture <L1>bolchevique</L1> ou nazie, parce que la démocratie signifie dialoguer avec les autres et faire comprendre aux autres quand ils se trompent, mais cela signifie aussi écouter leurs raisons.	We therefore feel that you acted correctly in sending a message and that perhaps those who protested about it are still feeling the effects of Bolshevism or Nazism. Democracy means dialogue with others and making others realise when they are wrong, but also listening to their explanations.	bolchevique marxiste rouge			
C'est pourquoi nous pensons que vous avez eu raison d'envoyer un message et que ceux qui l'ont contesté procèdent peut-être encore de la culture <N1></N1> ou nazie, parce que la démocratie signifie dialoguer avec les autres et faire comprendre aux autres quand ils se trompent, mais cela signifie aussi écouter leurs raisons.	We therefore feel that you acted correctly in sending a message and that perhaps those who protested about it are still feeling the effects of Bolshevism or Nazism. Democracy means dialogue with others and making others realise when they are wrong, but also listening to their explanations.				
FALSE					
					
Les peuples qui ne participent pas, et qui s'éloignent petit à petit, laissent la place à une <L1>oligarchie</L1> qui prend le pouvoir et qui laisse le contrôle aux mains d'un petit nombre.	The peoples which do not participate and gradually grow more distant will leave the way open for an oligarchy that will take power and leave control in the hands of a few.				
Les peuples qui ne participent pas, et qui s'éloignent petit à petit, laissent la place à une <N1></N1> qui prend le pouvoir et qui laisse le contrôle aux mains d'un petit nombre.	The peoples which do not participate and gradually grow more distant will leave the way open for an oligarchy that will take power and leave control in the hands of a few.				
FALSE					
					
Vous n' osez même pas appeler les choses par leur nom et vous vous réfugiez derrière une <L1>sémantique</L1> pseudo-branchée pour appeler gouvernance ce qui n' est rien d' autre qu' un gouvernement fédéral, autocratique et centralisé.	You dare not even call a spade a spade, but instead hide behind pseudo-trendy language by using the term 'governance' for what is nothing more than federal, autocratic, centralised government.				
Vous n' osez même pas appeler les choses par leur nom et vous vous réfugiez derrière une <N1></N1> pseudo-branchée pour appeler gouvernance ce qui n' est rien d' autre qu' un gouvernement fédéral, autocratique et centralisé.	You dare not even call a spade a spade, but instead hide behind pseudo-trendy language by using the term 'governance' for what is nothing more than federal, autocratic, centralised government.				
FALSE					
					
Vous déclarez que vous n'hésiterez pas à venir ici demander plus de ressources pour la Commission, mais la Commission doit être consciente de la minceur du <L1>sol</L1> financier que nous foulons.	You say that you will not hesitate to come to this House to request more resources for the Commission, but the Commission must be aware that we are walking on thin financial ice.	pays étage plancher sol | négociations sur la limitation des armes stratégiques marais salants Négociations sur la limitation des armements stratégiques loup de mer sól SALT I sel SALT SALT II | pays terre sol | terre sol | terre ferme terre sol			
Vous déclarez que vous n'hésiterez pas à venir ici demander plus de ressources pour la Commission, mais la Commission doit être consciente de la minceur du <N1></N1> financier que nous foulons.	You say that you will not hesitate to come to this House to request more resources for the Commission, but the Commission must be aware that we are walking on thin financial ice.				
FALSE					
					
Comment expliquer aux travailleurs victimes des rationalisations du Monopoly mondial qu'ils doivent être prêts à changer plusieurs fois de métier dans leur vie de travail, quand les grands capitaines d'entreprise, après avoir perdu le coup de poker d'un <L1>take-over</L1>, partent avec une indemnité de 30 millions d'euros ?	How do we explain to workers who fall victim to the rationalisations of the worldwide Monopoly game that they must be prepared to change career several times in their working lives when the captains of industry, having lost the gamble of a take-over, leave with compensation of EUR 30 million?	poker tisonnier | salamandre poker tisonnier			
Comment expliquer aux travailleurs victimes des rationalisations du Monopoly mondial qu'ils doivent être prêts à changer plusieurs fois de métier dans leur vie de travail, quand les grands capitaines d'entreprise, après avoir perdu le coup de poker d'une <N1>reprise</N1>, partent avec une indemnité de 30 millions d'euros ?	How do we explain to workers who fall victim to the rationalisations of the worldwide Monopoly game that they must be prepared to change career several times in their working lives when the captains of industry, having lost the gamble of a take-over, leave with compensation of EUR 30 million?				
TRUE					
					
On insiste bien, à l'extérieur, sur ce que l'on omet <L1>mail</L1> à l'intérieur.	This document leaves out issues which clearly should have been included.				
On insiste bien, à l'extérieur, sur ce que l'on omet <N1></N1> à l'intérieur.	This document leaves out issues which clearly should have been included.				
FALSE					
					
D'autre part, elle <L1>manie</L1> le principe de discrimination positive, chimère politiquement correct tout aussi nocive comme l'a montré le précédent américain.	On the other hand, it manipulates the principle of positive discrimination. This is a politically correct fancy which can be just as harmful, as shown by the US precedent.	Passion manie			
D'autre part, elle <N1></N1> le principe de discrimination positive, chimère politiquement correct tout aussi nocive comme l'a montré le précédent américain.	On the other hand, it manipulates the principle of positive discrimination. This is a politically correct fancy which can be just as harmful, as shown by the US precedent.				
FALSE					
					
Néanmoins, la délégation française de notre groupe ne saurait accepter que l'initiative Interreg soit, par la Commission et le <L1>clan</L1> fédéraliste, détournée de sa mission pour estomper un peu plus le rôle politique des nations.	Nonetheless, the French delegation in our group was unable to accept the fact that the Commission and the federalist faction have diverted the INTERREG initiative from its original purpose in order to detract still further from the political role of the nations.	clan tribu			
Néanmoins, la délégation française de notre groupe ne saurait accepter que l'initiative Interreg soit, par la Commission et le <N1></N1> fédéraliste, détournée de sa mission pour estomper un peu plus le rôle politique des nations.	Nonetheless, the French delegation in our group was unable to accept the fact that the Commission and the federalist faction have diverted the INTERREG initiative from its original purpose in order to detract still further from the political role of the nations.				
FALSE					
					
Toute stratégie de développement rural doit donc se baser sur le potentiel <L1>endogène</L1> de l'agriculture, tout en favorisant le développement d'autres activités en amont et en aval, afin d'éviter la désertification du monde rural.	This means that any strategy for rural development must be based on agriculture' s internal potential while at the same time developing as many other activities as possible in order to prevent the desertification of the rural world.	endogène intérieur			
Toute stratégie de développement rural doit donc se baser sur le potentiel <N1></N1> de l'agriculture, tout en favorisant le développement d'autres activités en amont et en aval, afin d'éviter la désertification du monde rural.	This means that any strategy for rural development must be based on agriculture' s internal potential while at the same time developing as many other activities as possible in order to prevent the desertification of the rural world.				
FALSE					
					
Cela dit, en ce qui concerne les effets salutaires de l'alcool - car je crois que M. Posselt y a aussi fait référence -, je suis tout à fait d'accord avec lui : je trouve qu'une bonne bouteille de vin peut être particulièrement bonne pour la santé et, en outre, très agréable sur le plan social et peut-être M. Posselt, M. Andersson et moi-même pourrions-nous nous retrouver un de ces jours au <L1>bar</L1> de ce Parlement afin d'y boire ensemble un aquavit.	As to the healing effect of alcohol - to which, I believe, Mr Posselt also made reference - I could not agree more with him: I think that a good bottle of wine can be extremely good for your health and is also socially extremely pleasant, and perhaps Mr Posselt, Mr Andersson and myself could meet in the bar of this Parliament one of these days to share an aquavit.	cabaret bar estaminet pub | bar comptoire | comptoir bar | barreau gâteau beurre bar			
Cela dit, en ce qui concerne les effets salutaires de l'alcool - car je crois que M. Posselt y a aussi fait référence -, je suis tout à fait d'accord avec lui : je trouve qu'une bonne bouteille de vin peut être particulièrement bonne pour la santé et, en outre, très agréable sur le plan social et peut-être M. Posselt, M. Andersson et moi-même pourrions-nous nous retrouver un de ces jours au <N1></N1> de ce Parlement afin d'y boire ensemble un aquavit.	As to the healing effect of alcohol - to which, I believe, Mr Posselt also made reference - I could not agree more with him: I think that a good bottle of wine can be extremely good for your health and is also socially extremely pleasant, and perhaps Mr Posselt, Mr Andersson and myself could meet in the bar of this Parliament one of these days to share an aquavit.				
FALSE					
					
Le Scotch <L1>whisky</L1> - particulièrement le whisky à base de malt, le meilleur - nécessite que de l'eau soit extraite et utilisée dans une certaine quantité et ensuite rejetée dans les cours d'eau.	Scotch whisky - especially malt whisky, which is the best - requires water extraction which is used in some quantity and then returned to the water stream.	whiskey whisky | marque écossais whisky			
Le Scotch <N1></N1> - particulièrement le whisky à base de malt, le meilleur - nécessite que de l'eau soit extraite et utilisée dans une certaine quantité et ensuite rejetée dans les cours d'eau.	Scotch whisky - especially malt whisky, which is the best - requires water extraction which is used in some quantity and then returned to the water stream.				
FALSE					
					
Voilà le quatrième aspect du nouveau paradigme de développement que je souhaiterais accentuer : les politiques de développement sont envisagées aujourd'hui, en particulier ces dernières années, sous forme d'une question de plus en plus mondiale qui souffre d'un manque de <L1>leadership</L1> international fort.	And that brings me to the fourth aspect of this new development model that I would like to emphasise. Particularly in recent years, development policies have been regarded as an increasingly global matter, and yet there is apparently a lack of strong international leadership.				
Voilà le quatrième aspect du nouveau paradigme de développement que je souhaiterais accentuer : les politiques de développement sont envisagées aujourd'hui, en particulier ces dernières années, sous forme d'une question de plus en plus mondiale qui souffre d'un manque de <N1>direction</N1> internationale forte.	And that brings me to the fourth aspect of this new development model that I would like to emphasise. Particularly in recent years, development policies have been regarded as an increasingly global matter, and yet there is apparently a lack of strong international leadership.				
TRUE					
					
Nous ne basons pas seulement l'allocation des fonds sur une évaluation des besoins de chaque pays, mais aussi sur une évaluation de leur <L1>performance</L1> en matière de politique.	We base the allocation of funds not only on an assessment of each country's needs, but also of its policy performance.	performance exécution | performance fonctionnement opération			
Nous ne basons pas seulement l'allocation des fonds sur une évaluation des besoins de chaque pays, mais aussi sur une évaluation de leur <N1></N1> en matière de politique.	We base the allocation of funds not only on an assessment of each country's needs, but also of its policy performance.				
FALSE					
					
En fixant la teneur à 5 %, puisque c' est la proportion vers laquelle on semble s' orienter, l' on doit savoir que l' on défavorisera presque certainement les centaines de milliers de petits producteurs de <L1>cacao</L1> dans les pays en voie de développement.	By pitching the percentage level at 5%, which is now likely to be the case, it is almost certain that hundreds of thousands of small cacao farmers in developing countries will be put at a disadvantage.	cacaoyer cacao fève de cacao cacaotier theobroma cacao | chocolat cacao chocolat chaud | chocolat cacao Fève de cacao			
En fixant la teneur à 5 %, puisque c' est la proportion vers laquelle on semble s' orienter, l' on doit savoir que l' on défavorisera presque certainement les centaines de milliers de petits producteurs de <N1></N1> dans les pays en voie de développement.	By pitching the percentage level at 5%, which is now likely to be the case, it is almost certain that hundreds of thousands of small cacao farmers in developing countries will be put at a disadvantage.				
FALSE					
					
Nous devrions saisir cette occasion pour mettre fin au dernier <L1>épisode</L1> colonialiste que connaisse l'Afrique.	We ought to seize this opportunity and bring the last colonial episode in Africa to an end.	épisode suite séquence			
Nous devrions saisir cette occasion pour mettre fin au dernier <N1></N1> colonialiste que connaisse l'Afrique.	We ought to seize this opportunity and bring the last colonial episode in Africa to an end.				
FALSE					
					
Nous sommes d' accord sur la plus grande partie de ce rapport et de loin, mais nous déplorons la procédure utilisée et en particulier l' abus <L1>mesquin</L1> que certains groupes ont fait de cette procédure.	We assent to the main thrust of it, but we deplore the procedure and especially the fact that some groups have exploited this procedure to their advantage.	pauvre mesquin misérable | avare pauvre maigre mesquin			
Nous sommes d' accord sur la plus grande partie de ce rapport et de loin, mais nous déplorons la procédure utilisée et en particulier l' abus <N1></N1> que certains groupes ont fait de cette procédure.	We assent to the main thrust of it, but we deplore the procedure and especially the fact that some groups have exploited this procedure to their advantage.				
FALSE					
					
Elle est <L1>minimaliste</L1> sur bien des points, notamment en ce qui concerne les dates d'entrée en vigueur de trop nombreuses dispositions et le nombre et les conditions de mise en uvre des dérogations.	It is minimalist on a number of points, especially with regard to the dates of entry into force of far too many provisions and the number of, and conditions for, implementing the derogations.				
Elle est <N1></N1> sur bien des points, notamment en ce qui concerne les dates d'entrée en vigueur de trop nombreuses dispositions et le nombre et les conditions de mise en uvre des dérogations.	It is minimalist on a number of points, especially with regard to the dates of entry into force of far too many provisions and the number of, and conditions for, implementing the derogations.				
FALSE					
					
Comme vous le savez, un vaisseau sans équipage a été lancé en orbite, lundi, autour d'un <L1>astéroïde</L1> en forme de <L2>cacahuète</L2> appelé Eros qui n'est pas très loin de la terre.	As you know, on Monday an unmanned spacecraft went into orbit around a peanut-shaped asteroid called Eros which is not very far from earth.	cacahuète arachide arachis hypogaea | insignifiant mineur cacahuète | arachide cacahuète			
Comme vous le savez, un vaisseau sans équipage a été lancé en orbite, lundi, autour d'un <N1></N1> en forme de <N2></N2> appelé Eros qui n'est pas très loin de la terre.	As you know, on Monday an unmanned spacecraft went into orbit around a peanut-shaped asteroid called Eros which is not very far from earth.				
FALSE					
					
Deuxièmement, il faut créer une <L1>panoplie</L1> d' instruments auxquels il sera possible d' avoir recours selon une gradation, afin de pouvoir apporter une réponse flexible, plutôt que de nous mettre dans une situation où nous devons choisir entre le remède de cheval et la simple gesticulation.	Secondly: a range of instruments has to be developed which allow for a flexible response and which do not force us into a situation where we need to choose between a kill or cure remedy or a complete stab in the dark.				
Deuxièmement, il faut créer une <N1></N1> d' instruments auxquels il sera possible d' avoir recours selon une gradation, afin de pouvoir apporter une réponse flexible, plutôt que de nous mettre dans une situation où nous devons choisir entre le remède de cheval et la simple gesticulation.	Secondly: a range of instruments has to be developed which allow for a flexible response and which do not force us into a situation where we need to choose between a kill or cure remedy or a complete stab in the dark.				
FALSE					
					
Il faudrait, deuxièmement, que la doctrine des droits de l'homme cesse d'être instrumentalisée comme aujourd'hui, machine de guerre idéologique aux mains d'une <L1>caste</L1> qui s'arroge le droit de décréter unilatéralement qui représente les droits de l'homme et qui se situe en dehors de leur sphère, ce qui permet de dénier toute légitimité et, au besoin, toute liberté à ceux que la pensée unique a désignés comme politiquement incorrects.	Secondly, the doctrine of human rights must no longer be exploited, as it is today, as an instrument of ideological warfare in the hands of a cast which claims the right to decree unilaterally who is to be the arbiter of human rights and who is to be deprived of those rights, thereby denying the legitimacy and, if need be, the freedom of those whom the party line has deemed politically incorrect.				
Il faudrait, deuxièmement, que la doctrine des droits de l'homme cesse d'être instrumentalisée comme aujourd'hui, machine de guerre idéologique aux mains d'une <N1></N1> qui s'arroge le droit de décréter unilatéralement qui représente les droits de l'homme et qui se situe en dehors de leur sphère, ce qui permet de dénier toute légitimité et, au besoin, toute liberté à ceux que la pensée unique a désignés comme politiquement incorrects.	Secondly, the doctrine of human rights must no longer be exploited, as it is today, as an instrument of ideological warfare in the hands of a cast which claims the right to decree unilaterally who is to be the arbiter of human rights and who is to be deprived of those rights, thereby denying the legitimacy and, if need be, the freedom of those whom the party line has deemed politically incorrect.				
FALSE					
					
Monsieur le Président, excusez-moi, mais il y a eu une petite erreur de traduction dans la <L1>cabine</L1> française, à propos de ce que vient de dire M. Alyssandrakis, sur le mot le plus sensible de tout le débat.	Mr President, I beg your pardon, but the French interpreter made a small error, on the most sensitive word in the debate, during the translation of what Mr Alyssandrakis just said.	cabine cloison fiacre | équipage cabine navigant | cabine kiosque échoppe | équipage cabine équipe navigant			
Monsieur le Président, excusez-moi, mais il y a eu une petite erreur de traduction dans la <N1></N1> française, à propos de ce que vient de dire M. Alyssandrakis, sur le mot le plus sensible de tout le débat.	Mr President, I beg your pardon, but the French interpreter made a small error, on the most sensitive word in the debate, during the translation of what Mr Alyssandrakis just said.				
FALSE					
					
Cela met en exergue les problèmes de cohérence entre l'UE et les pays en développement, qui ont atteint leur <L1>paroxysme</L1> au cours des négociations de l'OMC à Seattle.	This highlights the problems of coherence between the EU and the developing nations, which came to a head at the WTO talks in Seattle.				
Cela met en exergue les problèmes de cohérence entre l'UE et les pays en développement, qui ont atteint leur <N1></N1> au cours des négociations de l'OMC à Seattle.	This highlights the problems of coherence between the EU and the developing nations, which came to a head at the WTO talks in Seattle.				
FALSE					
					
Au cours d'une session <L1>marathon</L1> de négociation au mois de décembre, un compromis a été atteint qui stipulait qu'une aide serait fournie aux États les moins développés, enclavés et insulaires dans le cas d'une perte d'au moins 2 % de leurs revenus d'exportation, au lieu des 10 % appliqués aux autres pays ACP.	During a marathon negotiating session in December a compromise was reached which provided that, in respect of least-developed, landlocked and island states, assistance would be provided in the event of a minimum 2% loss of export earnings rather than the level of 10% for the other ACP states.	bataille de marathon marathon Marathon			
Au cours d'une session <N1></N1> de négociation au mois de décembre, un compromis a été atteint qui stipulait qu'une aide serait fournie aux États les moins développés, enclavés et insulaires dans le cas d'une perte d'au moins 2 % de leurs revenus d'exportation, au lieu des 10 % appliqués aux autres pays ACP.	During a marathon negotiating session in December a compromise was reached which provided that, in respect of least-developed, landlocked and island states, assistance would be provided in the event of a minimum 2% loss of export earnings rather than the level of 10% for the other ACP states.				
FALSE					
					
Il perçoit dans la redéfinition complète des instruments de soutien financier le danger de n' être même plus le dernier <L1>wagon</L1> d' un train qui roule vers l' Europe, mais bien que le train en question continue de rouler vers l' Europe en l'abandonnant sur une voie de garage.	It sees, in the whole readjustment of aid instruments, a risk that it will no longer be the last carriage of a train heading towards Europe but that this train will continue through Europe while leaving FYROM on a siding.	wagon voiture | Grande Ourse charrette chariot wagon Cinclidae | wagon carrosse | position carrosse wagon			
Il perçoit dans la redéfinition complète des instruments de soutien financier le danger de n' être même plus le dernier <N1></N1> d' un train qui roule vers l' Europe, mais bien que le train en question continue de rouler vers l' Europe en l'abandonnant sur une voie de garage.	It sees, in the whole readjustment of aid instruments, a risk that it will no longer be the last carriage of a train heading towards Europe but that this train will continue through Europe while leaving FYROM on a siding.				
FALSE					
					
Par ailleurs, le pays a payé le prix fort de la guerre dans le Kosovo voisin, que ce soit en termes de soutien <L1>logistique</L1> aux forces de l'OTAN ou de recul des exportations vers le nord de l'Europe.	On the other hand, the price Macedonia has been paying for the war in neighbouring Kosovo is very high, both in terms of logistic availability of NATO forces and in terms of reduced exports to Northern Europe.	logistique gestion du matériel			
Par ailleurs, le pays a payé le prix fort de la guerre dans le Kosovo voisin, que ce soit en termes de soutien <N1></N1> aux forces de l'OTAN ou de recul des exportations vers le nord de l'Europe.	On the other hand, the price Macedonia has been paying for the war in neighbouring Kosovo is very high, both in terms of logistic availability of NATO forces and in terms of reduced exports to Northern Europe.				
FALSE					
					
Le rapport équilibré et digne d'éloges de M. Swoboda se <L1>joint</L1> très concrètement à cette conclusion surprenante et réjouissante.	Mr Swoboda' s well-balanced and laudable report fits in with this unexpected and delightful upshot on a very practical level.	joint flansch jante | cachet joint seal sceau phoque | joint articulation | joint splif herbe			
Le rapport équilibré et digne d'éloges de M. Swoboda se <N1></N1> très concrètement à cette conclusion surprenante et réjouissante.	Mr Swoboda' s well-balanced and laudable report fits in with this unexpected and delightful upshot on a very practical level.				
FALSE					
					
Je remercie les autorités de Macédoine d'avoir apporté leur aide ces dernières semaines, afin de faire face aux difficultés considérables d'approvisionnement en <L1>électricité</L1> au Kosovo.	I am grateful to the authorities in Macedonia for their assistance in recent weeks in helping to cope with the considerable difficulties with the power supply in Kosovo.	énergie électrique électricité			
Je remercie les autorités de Macédoine d'avoir apporté leur aide ces dernières semaines, afin de faire face aux difficultés considérables d'approvisionnement en <N1></N1> au Kosovo.	I am grateful to the authorities in Macedonia for their assistance in recent weeks in helping to cope with the considerable difficulties with the power supply in Kosovo.				
FALSE					
					
Cela impliquerait également tous les frais de transaction occasionnés par la vente de vos actions, puis par leur rachat après le <L1>crack</L1> boursier.	It would also incur all the transaction costs of selling your shares and then buying them again after the fall.				
Cela impliquerait également tous les frais de transaction occasionnés par la vente de vos actions, puis par leur rachat après la <N1>débacle</N1> boursière.	It would also incur all the transaction costs of selling your shares and then buying them again after the fall.				
TRUE					
					
Les propositions de la Commission dont nous discutons ici permettent le <L1>lifting</L1> dont elle a besoin.	The Commission proposals being debated here will give it the face-lift it needs.	ascenseur lifting			
Les propositions de la Commission dont nous discutons ici permettent le <N1>lissage</N1> dont elle a besoin.	The Commission proposals being debated here will give it the face-lift it needs.				
TRUE					
					
Pour finir, Monsieur le Président, permettez-moi de rappeler aux collègues que la directive a besoin d' un <L1>new look</L1> qui rende les OPCVM encore plus attractifs, mais elle n' a pas besoin d' un corset européen qui les asphyxierait.	To conclude, Mr President, allow me to remind the House that the directive needs a makeover which will make UCITS even more attractive, but it does not need to be strapped into a European corset which will squeeze the life out of it.				
Pour finir, Monsieur le Président, permettez-moi de rappeler aux collègues que la directive a besoin d' un <N1>nouveau souffle</N1> qui rende les OPCVM encore plus attractifs, mais elle n' a pas besoin d' un corset européen qui les asphyxierait.	To conclude, Mr President, allow me to remind the House that the directive needs a makeover which will make UCITS even more attractive, but it does not need to be strapped into a European corset which will squeeze the life out of it.				
TRUE					
					
Dès 1994, par une première résolution à laquelle avait largement participé notre collègue Dominique Souchet, l'Assemblée paritaire s'alarmait des conséquences prévisibles de l'<L1>Uruguay round</L1> qui avait contredit le principe même de la préférence communautaire indispensable à cette coopération.	Back in 1994, the Joint Assembly passed an initial resolution, in which our fellow Member Dominique Souchet was closely involved, expressing its alarm at the foreseeable consequences of the Uruguay Round, which contradicted the very principle of Community preference which was fundamental to this cooperation.				
Dès 1994, par une première résolution à laquelle avait largement participé notre collègue Dominique Souchet, l'Assemblée paritaire s'alarmait des conséquences prévisibles de l'<N1>Uruguay round</N1> qui avait contredit le principe même de la préférence communautaire indispensable à cette coopération.	Back in 1994, the Joint Assembly passed an initial resolution, in which our fellow Member Dominique Souchet was closely involved, expressing its alarm at the foreseeable consequences of the Uruguay Round, which contradicted the very principle of Community preference which was fundamental to this cooperation.				
TRUE					
					
L'accord général conclu entre les deux institutions dans ce domaine ne doit pas empêcher la Commission de suivre l'approche la plus <L1>pragmatique</L1> en vue d'atteindre nos objectifs communs.	The general agreement between both institutions in this field must not keep the Commission from following the most pragmatic approach in achieving our common objectives.	pragmatique pratique			
L'accord général conclu entre les deux institutions dans ce domaine ne doit pas empêcher la Commission de suivre l'approche la plus <N1></N1> en vue d'atteindre nos objectifs communs.	The general agreement between both institutions in this field must not keep the Commission from following the most pragmatic approach in achieving our common objectives.				
FALSE					
					
Aujourd' hui, à l' issue du compromis de 1997, les pays membres peuvent confier à des monopoles publics le service postal concernant des courriers et objets dont le coût de distribution reste inférieur à cinq fois le <L1>tarif</L1> de base, ou dont le poids est inférieur à 350 grammes.	Today, following the 1997 compromise, Member States can give public monopolies responsibility for the postal service involving mail and parcels whose distribution cost is less than five times the basic tariff, with a weight of less than 350 grammes.	prix transportation tarif | droit de douane tarif droit taxe devoir | tau|taux prix taux tarif | menu billet carte tarif			
Aujourd' hui, à l' issue du compromis de 1997, les pays membres peuvent confier à des monopoles publics le service postal concernant des courriers et objets dont le coût de distribution reste inférieur à cinq fois le <N1></N1> de base, ou dont le poids est inférieur à 350 grammes.	Today, following the 1997 compromise, Member States can give public monopolies responsibility for the postal service involving mail and parcels whose distribution cost is less than five times the basic tariff, with a weight of less than 350 grammes.				
FALSE					
					
Cette question doit trouver sa réponse au vu du fait que le monopole empirique a déjà été érodé dans les faits par toutes sortes de société de courrier ainsi que par les développements technologiques, tels que le <L1>fax</L1> et le courrier électronique.	This question should be answered in light of the fact that the age-old monopoly has de facto been undermined by all kinds of courier companies and by technological developments, such as fax and e-mail.	fax télécopieur			
Cette question doit trouver sa réponse au vu du fait que le monopole empirique a déjà été érodé dans les faits par toutes sortes de société de courrier ainsi que par les développements technologiques, tels que le <N1>télécopieur</N1> et le courrier électronique.	This question should be answered in light of the fact that the age-old monopoly has de facto been undermined by all kinds of courier companies and by technological developments, such as fax and e-mail.				
TRUE					
					
La solidarité et la cohésion des peuples à travers l'Europe dépend de cette idée que vous pouvez <L1>poster</L1> une lettre n'importe où et qu'elle sera livrée n'importe où, pour un prix d'affranchissement raisonnable.	The solidarity and cohesion of people all over Europe depend on the thought that you can post a letter anywhere and it will be delivered anywhere else, at an affordable stamp price.	poster affiche | courrier poste poster			
La solidarité et la cohésion des peuples à travers l'Europe dépend de cette idée que vous pouvez <N1></N1> une lettre n'importe où et qu'elle sera livrée n'importe où, pour un prix d'affranchissement raisonnable.	The solidarity and cohesion of people all over Europe depend on the thought that you can post a letter anywhere and it will be delivered anywhere else, at an affordable stamp price.				
FALSE					
					
Les prix des télécommunications ont augmenté suite aux achats et aux ventes des entreprises et les frais de <L1>marketing</L1> s'élèvent à plus de 50 % du chiffre d'affaires des entreprises.	Telecommunications costs have risen as a consequence of companies being bought and sold and marketing costs accounting for more than 50% of companies' turnover.	marketing commercialisation			
Les prix des télécommunications ont augmenté suite aux achats et aux ventes des entreprises et les frais de <N1>mercatique</N1> s'élèvent à plus de 50 % du chiffre d'affaires des entreprises.	Telecommunications costs have risen as a consequence of companies being bought and sold and marketing costs accounting for more than 50% of companies' turnover.				
TRUE					
					
Puis-je vous demander : Quousque <L1>tandem</L1> - Noiz arte ?	May I ask: Quousque tandem - Noiz arte?				
Puis-je vous demander : Quousque <N1></N1> - Noiz arte ?	May I ask: Quousque tandem - Noiz arte?				
FALSE					
					
Il nous faut quelqu'un qui soit à même d'assumer la tâche de <L1>détective</L1> mais aussi de faire face à des problèmes extrêmement aigus d'ordre public.	We need somebody who has the ability to detect crime but who also has an enhanced ability to deal with really difficult public order situations as well.	détective privé détective privé sherlock | enquêteur tec détective | limier détective chien de saint-hubert			
Il nous faut quelqu'un qui soit à même d'assumer la tâche de <N1></N1> mais aussi de faire face à des problèmes extrêmement aigus d'ordre public.	We need somebody who has the ability to detect crime but who also has an enhanced ability to deal with really difficult public order situations as well.				
FALSE					
					
Merci aussi pour nous avoir offert quelques exemples de votre <L1>humour</L1> britannique en débattant de ce thème très complexe. Cela contribue aussi à le rendre un peu plus intéressant.	I would also like to thank you for allowing us to sample your British sense of humour in the course of our dealings with this very difficult issue, for it makes things a little more interesting.	humour bon intérêt			
Merci aussi pour nous avoir offert quelques exemples de votre <N1></N1> britannique en débattant de ce thème très complexe. Cela contribue aussi à le rendre un peu plus intéressant.	I would also like to thank you for allowing us to sample your British sense of humour in the course of our dealings with this very difficult issue, for it makes things a little more interesting.				
FALSE					
					
Vous savez peut-être qu'en Finlande, le président n'est pas seulement un <L1>leader</L1> d'opinion, mais également le chef suprême des forces de défense. C'était donc une situation assez intéressante et historique	You perhaps know that, in Finland, the president is not just the leading public figure or political leader, but she is also commander-in-chief of the armed forces, so this was quite an interesting and historic occasion.	chef dirigeant leader maître			
Vous savez peut-être qu'en Finlande, le président n'est pas seulement un <N1>meneur</N1> d'opinion, mais également le chef suprême des forces de défense. C'était donc une situation assez intéressante et historique	You perhaps know that, in Finland, the president is not just the leading public figure or political leader, but she is also commander-in-chief of the armed forces, so this was quite an interesting and historic occasion.				
TRUE					
					
Les pluies torrentielles incessantes dans toute la région de l'Afrique australe, aggravées par le <L1>cyclone</L1> Eline, ont provoqué le déplacement d'un nombre important de personnes et des dégâts considérables aux habitations et aux infrastructures.	The continuing torrential rains throughout the southern African region aggravated by the Cyclone Eline have led to the displacement of large numbers of people and there has been considerable damage to housing and infrastructure.	cyclone tornade | cyclone tourbillon			
Les pluies torrentielles incessantes dans toute la région de l'Afrique australe, aggravées par le <N1></N1> Eline, ont provoqué le déplacement d'un nombre important de personnes et des dégâts considérables aux habitations et aux infrastructures.	The continuing torrential rains throughout the southern African region aggravated by the Cyclone Eline have led to the displacement of large numbers of people and there has been considerable damage to housing and infrastructure.				
FALSE					
					
En recommandant le développement de la recherche et l'utilisation de vaccins en vue de contrôler et d'éradiquer l'AIS, le rapporteur rassure également l'industrie <L1>pharmaceutique</L1> qui, jusqu'à présent, ne disposait d'aucun motif pour investir dans le développement d'un vaccin.	By recommending the research, development and ultimate use of vaccination to control and eradicate ISA, the rapporteur also provides comfort to the pharmaceutical industry who have hitherto had no incentive to invest in the development of a vaccine.	pharmacie pharmaceutique pharmacien			
En recommandant le développement de la recherche et l'utilisation de vaccins en vue de contrôler et d'éradiquer l'AIS, le rapporteur rassure également l'industrie <N1></N1> qui, jusqu'à présent, ne disposait d'aucun motif pour investir dans le développement d'un vaccin.	By recommending the research, development and ultimate use of vaccination to control and eradicate ISA, the rapporteur also provides comfort to the pharmaceutical industry who have hitherto had no incentive to invest in the development of a vaccine.				
FALSE					
					
. La modification de la directive, telle qu' elle nous est présentée par la Commission, est importante, car elle traite d' une maladie particulière qui est l' <L1>anémie</L1> infectieuse du saumon, maladie virale contagieuse.	- (FR) The amendment to the directive as presented by the Commission is an important one since it deals with a specific disease, i.e. infectious salmon anaemia, a contagious viral disease.	pauvreté du sang anémie			
. La modification de la directive, telle qu' elle nous est présentée par la Commission, est importante, car elle traite d' une maladie particulière qui est l' <N1></N1> infectieuse du saumon, maladie virale contagieuse.	- (FR) The amendment to the directive as presented by the Commission is an important one since it deals with a specific disease, i.e. infectious salmon anaemia, a contagious viral disease.				
FALSE					
					
Nous savons que l' UNICE, au nom des employeurs, annonce ouvertement la couleur dans les documents préparatoires au sommet européen du <L1>business</L1> prévu en juin à Bruxelles : il est demandé aux pouvoirs publics de lever tous les obstacles sociaux, réglementaires, fiscaux au développement des affaires et d' investir massivement dans la salvabilisation de la demande.	We know that UNICE has, on behalf of the employers, publicly shown its colours in the preparatory documents for the European business summit to be held in Brussels in June: the public authorities are requested to remove all social, regulatory and fiscal barriers to the development of business and to invest massively in shoring up demand.	patronage commerce business activité commercial clientèle			
Nous savons que l' UNICE, au nom des employeurs, annonce ouvertement la couleur dans les documents préparatoires au sommet européen du <N1>commerce</N1> prévu en juin à Bruxelles : il est demandé aux pouvoirs publics de lever tous les obstacles sociaux, réglementaires, fiscaux au développement des affaires et d' investir massivement dans la salvabilisation de la demande.	We know that UNICE has, on behalf of the employers, publicly shown its colours in the preparatory documents for the European business summit to be held in Brussels in June: the public authorities are requested to remove all social, regulatory and fiscal barriers to the development of business and to invest massively in shoring up demand.				
TRUE					
					
Et cette irrationalité peut s'appeler populisme politique, nationalisme exacerbé, <L1>fondamentalisme</L1> religieux, racisme ou xénophobie.	We could call this irrationality political populism, or excessive nationalism, or religious fundamentalism, or racism or xenophobia.	fondamentalisme intégrisme			
Et cette irrationalité peut s'appeler populisme politique, nationalisme exacerbé, <N1></N1> religieux, racisme ou xénophobie.	We could call this irrationality political populism, or excessive nationalism, or religious fundamentalism, or racism or xenophobia.				
FALSE					
					
Il a dit qu'il était impossible que l'utilisation d'un véhicule utilitaire, d'un bus transportant des passagers, sans respecter les règles de sécurité - ce qui conduit à mettre en danger la vie de personnes -, soit considérée comme une <L1>peccadille</L1> dans un pays et sévèrement punie dans un autre.	He has said that it cannot be right, if a commercial vehicle, a bus carrying passengers, is used when it does not comply with safety regulations - constituting danger to life and limb - for this to be regarded as a minor offence in one country while it meets with severe punishment in another.	peccadille indiscrétion			
Il a dit qu'il était impossible que l'utilisation d'un véhicule utilitaire, d'un bus transportant des passagers, sans respecter les règles de sécurité - ce qui conduit à mettre en danger la vie de personnes -, soit considérée comme une <N1></N1> dans un pays et sévèrement punie dans un autre.	He has said that it cannot be right, if a commercial vehicle, a bus carrying passengers, is used when it does not comply with safety regulations - constituting danger to life and limb - for this to be regarded as a minor offence in one country while it meets with severe punishment in another.				
FALSE					
					
L'organisation que vous proposez n'a pas de vision autonome - nullement <L1>antithétique</L1> - de l'Europe d'aujourd'hui et de demain, inconsciente sinon aveugle face à des éléments réveillant la conscience de tant de vos collègues européens : événements typiques de l'époque, comme Seattle, que vous voulez relancer à tout prix ou refus à répétition de Washington vis-à-vis des candidats au FMI, levés à la dernière minute grâce à l'insistance européenne sur le nom de Horst Köhler.	This programme is devoid of any autonomous vision of the Europe of today and tomorrow, making no contrast between the two, and it is impervious, if not blind, to elements which are reawakening the conscience of many of your European colleagues: seminal events such as those in Seattle, which you are appear to be determined to see repeated at all costs, or the repeated arrogant vetoes imposed by Executive Board on the candidates for the Managing Directorship of the International Monetary Fund, which have collapsed only in the past few hours under European pressure for the appointment of Mr Horst Köhler.				
L'organisation que vous proposez n'a pas de vision autonome - nullement <N1></N1> - de l'Europe d'aujourd'hui et de demain, inconsciente sinon aveugle face à des éléments réveillant la conscience de tant de vos collègues européens : événements typiques de l'époque, comme Seattle, que vous voulez relancer à tout prix ou refus à répétition de Washington vis-à-vis des candidats au FMI, levés à la dernière minute grâce à l'insistance européenne sur le nom de Horst Köhler.	This programme is devoid of any autonomous vision of the Europe of today and tomorrow, making no contrast between the two, and it is impervious, if not blind, to elements which are reawakening the conscience of many of your European colleagues: seminal events such as those in Seattle, which you are appear to be determined to see repeated at all costs, or the repeated arrogant vetoes imposed by Executive Board on the candidates for the Managing Directorship of the International Monetary Fund, which have collapsed only in the past few hours under European pressure for the appointment of Mr Horst Köhler.				
FALSE					
					
La Commission pouvait alors choisir d'aligner le <L1>standard</L1> européen vers le haut et étendre l'interdiction à tous les États membres. Mais sous la pression des firmes multinationales qui voulaient baisser leurs coûts de production, la Commission a proposé, en avril 1996, une directive autorisant l'adjonction moins élevée de matières grasses végétales.	The Commission then had the choice of setting the European standard at the maximum quality level and extending the ban to all Member States but, under pressure from multinational companies wishing to reduce their production costs, in April 1996 the Commission proposed a directive authorising the addition of a minimum level of vegetable fats.	forfaitaire standard | référence standard | Chinook standard | standard normal | critère étalon norme standard | niveau poteau norme standard			
La Commission pouvait alors choisir d'aligner la <N1>norme</N1> européenne vers le haut et étendre l'interdiction à tous les États membres. Mais sous la pression des firmes multinationales qui voulaient baisser leurs coûts de production, la Commission a proposé, en avril 1996, une directive autorisant l'adjonction moins élevée de matières grasses végétales.	The Commission then had the choice of setting the European standard at the maximum quality level and extending the ban to all Member States but, under pressure from multinational companies wishing to reduce their production costs, in April 1996 the Commission proposed a directive authorising the addition of a minimum level of vegetable fats.				
TRUE					
					
Pour contenter les multinationales, les consommateurs devraient se compliquer la vie, les étiquettes devraient être créatrices et rassurantes, les artisans devraient créer un <L1>label</L1> qualité chocolat , les pays exportateurs de cacao devraient s' adapter... Et vous nous parlez d' une Europe proche des citoyens, généreuse, transparente et respectueuse de la diversité des cultures !	In order to appease the multinationals, consumers would have their lives made more complicated as labelling would become more creative and reassuring, small specialist chocolate makers would have to establish a 'quality chocolate' label, cocoa-exporting countries would have to adapt... and you dare to speak to us of a Europe that is close to the citizens, that is generous, transparent and respectful of cultural differences!	étiquette label | étiquetage point coup de circuit circuit label			
Pour contenter les multinationales, les consommateurs devraient se compliquer la vie, les étiquettes devraient être créatrices et rassurantes, les artisans devraient créer une <N1>étiquette</N1> qualité chocolat , les pays exportateurs de cacao devraient s' adapter... Et vous nous parlez d' une Europe proche des citoyens, généreuse, transparente et respectueuse de la diversité des cultures !	In order to appease the multinationals, consumers would have their lives made more complicated as labelling would become more creative and reassuring, small specialist chocolate makers would have to establish a 'quality chocolate' label, cocoa-exporting countries would have to adapt... and you dare to speak to us of a Europe that is close to the citizens, that is generous, transparent and respectful of cultural differences!				
TRUE					
					
On ne peut l'oublier, on ne doit l'oublier. Les droits sociaux ont certes été mentionnées, mais ils doivent être expliqués, clarifiés, concrétisés : droit au travail, droit à la santé, droit à l'instruction, droit au logement, droit à la retraite, droit à la vie, à la vie que chacun doit pouvoir vivre avec les mêmes chances, selon les principes de liberté et d'égalité qui ont <L1>animé</L1> notre histoire séculaire.	Yes, social rights are mentioned, but they should be clearly and practically defined: the right to work, the right to health, the right to education, the right to housing, to a pension, the right, that is, to life, to a life where all have equal opportunities, according to those principles of liberté [freedom] and égalité [equality] which have played such a major part in our extensive history.	impertinent animé évident ouvert | animé actif vert vif			
On ne peut l'oublier, on ne doit l'oublier. Les droits sociaux ont certes été mentionnées, mais ils doivent être expliqués, clarifiés, concrétisés : droit au travail, droit à la santé, droit à l'instruction, droit au logement, droit à la retraite, droit à la vie, à la vie que chacun doit pouvoir vivre avec les mêmes chances, selon les principes de liberté et d'égalité qui ont <N1></N1> notre histoire séculaire.	Yes, social rights are mentioned, but they should be clearly and practically defined: the right to work, the right to health, the right to education, the right to housing, to a pension, the right, that is, to life, to a life where all have equal opportunities, according to those principles of liberté [freedom] and égalité [equality] which have played such a major part in our extensive history.				
FALSE					
					
Je suis tout à fait d'accord avec ce qu'il a déclaré dans la dernière partie de sa réponse à propos du besoin de <L1>capacity building</L1> dans les pays les moins avancés ainsi que, peut-être, du besoin de mesures asymétriques, entraînant un certain niveau de protection pour leurs marchés dont nous ne cherchons pas à profiter en échange.	I certainly agree with what he said in the last part of his answer about the need for capacity-building in the least developed countries as well as, perhaps the need for asymmetrical measures, resulting in a certain level of protection for their markets that we do not seek to enjoy in return.				
Je suis tout à fait d'accord avec ce qu'il a déclaré dans la dernière partie de sa réponse à propos du besoin de <N1>renforcer les capacités</N1> dans les pays les moins avancés ainsi que, peut-être, du besoin de mesures asymétriques, entraînant un certain niveau de protection pour leurs marchés dont nous ne cherchons pas à profiter en échange.	I certainly agree with what he said in the last part of his answer about the need for capacity-building in the least developed countries as well as, perhaps the need for asymmetrical measures, resulting in a certain level of protection for their markets that we do not seek to enjoy in return.				
TRUE					
					
Il nous appartient, dans la mesure du possible - et je m' y emploie - de faire en sorte que ce qui est globalement un bon <L1>deal</L1> entre les Américains et les Chinois, soit un aussi bon <L2>deal</L2> pour les Européens.	What we have to do as far as possible, and I am making every effort to achieve this, is to ensure that what is generally a good deal between the Americans and the Chinese is also a good deal for Europeans.				
Il nous appartient, dans la mesure du possible - et je m' y emploie - de faire en sorte que ce qui est globalement un bon <N1>accord</N1> entre les Américains et les Chinois, soit un aussi bon <N2>accord</N2> pour les Européens.	What we have to do as far as possible, and I am making every effort to achieve this, is to ensure that what is generally a good deal between the Americans and the Chinese is also a good deal for Europeans.				
TRUE					
					
Je prends l' exemple des alcools : le bourbon et le <L1>gin</L1> ne sont pas traités de la même manière que le whisky et le cognac.	Let me take the example of spirits. Bourbon and gin are not handled in the same way as whisky and cognac.	gin égreneuse | égrenage gin genièvre | gin gin rami			
Je prends l' exemple des alcools : le bourbon et le <N1>genièvre</N1> ne sont pas traités de la même manière que le whisky et le cognac.	Let me take the example of spirits. Bourbon and gin are not handled in the same way as whisky and cognac.				
TRUE					
					
La réduction de la pollution atmosphérique et <L1>acoustique</L1> provoquée par les TIR passe par le déplacement sur rails de l' ensemble du trafic des poids lourds en transit.	The way to reduce the air and noise pollution caused by long-distance lorries would be to switch all heavy through traffic from road to rail.	nuisance acoustique bruit			
La réduction de la pollution atmosphérique et <N1></N1> provoquée par les TIR passe par le déplacement sur rails de l' ensemble du trafic des poids lourds en transit.	The way to reduce the air and noise pollution caused by long-distance lorries would be to switch all heavy through traffic from road to rail.				
FALSE					
					
L' Unscom a détruit 38 000 munitions d' armes chimiques, 690 tonnes d' agents chimiques, 3 000 tonnes de produits chimiques précurseurs, 48 missiles Scud et une usine de fabrication d' armes biologiques conçues pour produire jusqu' à 50 000 litres d' anthrax, une toxine provoquant le <L1>botulisme</L1> et d' autres agents.	UNSCOM has destroyed 38 000 chemical weapons munitions, 690 tonnes of chemical weapons agents, 3 000 tonnes of precursor chemicals, 48 Scud missiles and a biological weapons factory designed to produce up to 50 000 litres of anthrax, botulism toxin and other agents.				
L' Unscom a détruit 38 000 munitions d' armes chimiques, 690 tonnes d' agents chimiques, 3 000 tonnes de produits chimiques précurseurs, 48 missiles Scud et une usine de fabrication d' armes biologiques conçues pour produire jusqu' à 50 000 litres d' anthrax, une toxine provoquant le <N1></N1> et d' autres agents.	UNSCOM has destroyed 38 000 chemical weapons munitions, 690 tonnes of chemical weapons agents, 3 000 tonnes of precursor chemicals, 48 Scud missiles and a biological weapons factory designed to produce up to 50 000 litres of anthrax, botulism toxin and other agents.				
FALSE					
					
On a appris aujourd'hui que les participants autrichiens d'un tournoi de <L1>jumping</L1> à Grenoble ont été décommandés - une fois de plus.	Today it was revealed that the Austrian entrant in a show jumping competition in Grenoble had his invitation withdrawn.				
On a appris aujourd'hui que les participants autrichiens d'un tournoi de <N1>saut</N1> à Grenoble ont été décommandés - une fois de plus.	Today it was revealed that the Austrian entrant in a show jumping competition in Grenoble had his invitation withdrawn.				
TRUE					
					
Nous devons offrir une aide constructive aux pays candidats et ne pas hésiter à appeler un <L1>chat</L1> un chat.	We need to help the candidate Member States in a critical, yet constructive, way and not be afraid to call a spade a spade.	pelle chat bêche | qat khat chat | chat à neuf queues chat | chatte rosse mégère capon cat félin ct-scan chat scanner tomographie axiale calculée par ordinateur tomodensitométrie CT-scan Monts d'Or | chat matou | félin fauve chat | chenille chat | mâle chat Tom | felis chat | mec chat homme			
Nous devons offrir une aide constructive aux pays candidats et ne pas hésiter à appeler un <N1></N1> un chat.	We need to help the candidate Member States in a critical, yet constructive, way and not be afraid to call a spade a spade.				
FALSE					
					
Il désigne le <L1>cocktail</L1> formé par Mme Bonino et M. Le Pen, lequel constitue déjà un cocktail assez étonnant, mais il se trouve que ce <L2>club</L2> ne participe jamais aux délibérations spécialisées.	This is the combination of Mrs Bonino and Mr Le Pen, in itself a sensational combination, but this club never takes part in debates on technical work.	club crosse | boîte discothèque club boîte de nuit disco cabaret boite de nuit | club neuf | club corporation ordre société guilde | club gland			
Il désigne le <N1>mélange</N1> formé par Mme Bonino et M. Le Pen, lequel constitue déjà un cocktail assez étonnant, mais il se trouve que ce <N2>cercle</N2> ne participe jamais aux délibérations spécialisées.	This is the combination of Mrs Bonino and Mr Le Pen, in itself a sensational combination, but this club never takes part in debates on technical work.				
TRUE					
					
Monsieur Schulz, ma famille n'a jamais accepté de <L1>kapo</L1> allemand, ce n'est pas avec vous qu'elle commencera ! ... ni même le soutien, dis-je, à apporter aux migrants.	Mr Schulz, my family never accepted any German capo. This will not start with you! ...				
Monsieur Schulz, ma famille n'a jamais accepté de <N1></N1> allemand, ce n'est pas avec vous qu'elle commencera ! ... ni même le soutien, dis-je, à apporter aux migrants.	Mr Schulz, my family never accepted any German capo. This will not start with you! ...				
FALSE					
					
Madame la Présidente, substance alimentaire faite avec des fèves de cacao torréfiées ou broyées avec du sucre, de la <L1>vanille</L1> et d' autres aromates , telle est la définition traditionnelle du chocolat que vous pouvez aujourd' hui trouver dans les dictionnaires.	Madam President, the traditional dictionary definition of chocolate is a foodstuff made from cocoa beans roasted or ground with sugar, vanilla and other seasonings. Yet it seems that another definition is now emerging.				
Madame la Présidente, substance alimentaire faite avec des fèves de cacao torréfiées ou broyées avec du sucre, de la <N1></N1> et d' autres aromates , telle est la définition traditionnelle du chocolat que vous pouvez aujourd' hui trouver dans les dictionnaires.	Madam President, the traditional dictionary definition of chocolate is a foodstuff made from cocoa beans roasted or ground with sugar, vanilla and other seasonings. Yet it seems that another definition is now emerging.				
FALSE					
					
La volonté de supplanter le <L1>logo</L1> national reviendrait encore une fois à troubler le citoyen habitant dans l'Union européenne, perdu entre les listes d'ingrédients, les labels qualité, les logos, les références aux régions... une forêt d'indications.	Any attempt to replace the national logos would end up once again confusing the people of Europe who are lost among a forest of markings including lists of ingredients, quality labels, logos and references to regions.	logo ligature logotype			
La volonté de supplanter le <N1></N1> national reviendrait encore une fois à troubler le citoyen habitant dans l'Union européenne, perdu entre les listes d'ingrédients, les labels qualité, les logos, les références aux régions... une forêt d'indications.	Any attempt to replace the national logos would end up once again confusing the people of Europe who are lost among a forest of markings including lists of ingredients, quality labels, logos and references to regions.				
FALSE					
					
Ce sont des mesures qui s'attaquent somme toute à la jeunesse, l'économie, le <L1>sport</L1> et la population de mon pays, l'Autriche. Et cela n'a pas sa place dans ce rapport.	These are actions which, in the final analysis, are directed against young people, the economy, sport and the people of my country, and they have no place in this report.	catch sport | sportif jouer sport jeu | cabrioler alouette gambader sport | sportif sportive sport | caractériser sport figurer			
Ce sont des mesures qui s'attaquent somme toute à la jeunesse, l'économie, le <N1></N1> et la population de mon pays, l'Autriche. Et cela n'a pas sa place dans ce rapport.	These are actions which, in the final analysis, are directed against young people, the economy, sport and the people of my country, and they have no place in this report.				
FALSE					
					
Je me réjouis particulièrement de travailler avec les membres de ce Parlement afin de garantir que la communication que nous publierons dans le courant de cette année soit intellectuellement et politiquement exemplaire et puisse être envisagée par les ONG, les parlementaires et les autres parties comme une <L1>balise</L1> dans le cadre du débat sur ces questions essentielles.	I am particularly looking forward to working with Members of this Parliament to ensure that the communication we produce later this year gives an intellectual and political lead on this issue and can be regarded by NGOs, parliamentarians and others as blazing a trail for discussion of these fundamental issues.				
Je me réjouis particulièrement de travailler avec les membres de ce Parlement afin de garantir que la communication que nous publierons dans le courant de cette année soit intellectuellement et politiquement exemplaire et puisse être envisagée par les ONG, les parlementaires et les autres parties comme une <N1></N1> dans le cadre du débat sur ces questions essentielles.	I am particularly looking forward to working with Members of this Parliament to ensure that the communication we produce later this year gives an intellectual and political lead on this issue and can be regarded by NGOs, parliamentarians and others as blazing a trail for discussion of these fundamental issues.				
FALSE					
					
Troisième point que je voudrais voir figurer au procès-verbal : je suis choqué que de tels discours puissent être tenus dans cette enceinte et j'ai néanmoins également constaté, en entendant les vifs applaudissements du <L1>caudillo</L1> Le Pen, que ce dernier pouvait encore siéger dans cette Assemblée alors qu'il a en fait déjà perdu son éligibilité pour s'être pris pour un boxeur de foire pendant la campagne électorale française.	Thirdly, I should like to state for the record that the fact that such speeches are given here fills me with consternation, as does the fact, which I ascertained from his loud applause, that Caudillos Le Pen is still allowed to sit in this House, despite the fact that he has already lost his eligibility for office on account of his prize fighting activities in the French election campaign.				
Troisième point que je voudrais voir figurer au procès-verbal : je suis choqué que de tels discours puissent être tenus dans cette enceinte et j'ai néanmoins également constaté, en entendant les vifs applaudissements du <N1>leader</N1> Le Pen, que ce dernier pouvait encore siéger dans cette Assemblée alors qu'il a en fait déjà perdu son éligibilité pour s'être pris pour un boxeur de foire pendant la campagne électorale française.	Thirdly, I should like to state for the record that the fact that such speeches are given here fills me with consternation, as does the fact, which I ascertained from his loud applause, that Caudillos Le Pen is still allowed to sit in this House, despite the fact that he has already lost his eligibility for office on account of his prize fighting activities in the French election campaign.				
TRUE					
					
Elle peut être sûre que les autres institutions envisagent cette question très sérieusement et que, en fait, certaines mesures destinées à combattre ce trafic ont déjà été prises. Je souhaiterais les exposer de manière aussi <L1>synthétique</L1> que possible.	You may rest assured that the other institutions are taking this subject very seriously, and some measures have, in fact, already been taken to combat trafficking, and I would like to sum these up as briefly as possible.				
Elle peut être sûre que les autres institutions envisagent cette question très sérieusement et que, en fait, certaines mesures destinées à combattre ce trafic ont déjà été prises. Je souhaiterais les exposer de manière aussi <N1></N1> que possible.	You may rest assured that the other institutions are taking this subject very seriously, and some measures have, in fact, already been taken to combat trafficking, and I would like to sum these up as briefly as possible.				
FALSE					
					
Le <L1>boom</L1> de la technologie de l'information est en effet confronté aux fusions et aux licenciements.	The IT boom is confronted by mergers and redundancies.	bôme boom			
L'<N1>expansion</N1> de la technologie de l'information est en effet confrontée aux fusions et aux licenciements.	The IT boom is confronted by mergers and redundancies.				
TRUE					
					
Le progrès technologique est un <L1>slogan</L1> trop connu.	Technological progress is an all-too familiar slogan.	mantra slogan | devise mot de passe slogan épigraphe			
Le progrès technologique est une <N1>formule</N1> trop connue.	Technological progress is an all-too familiar slogan.				
TRUE					
					
Il ne s'agit cependant pas seulement de l'équipement technique, c'est aussi une question de nouvelle <L1>pédagogie</L1> et de développement de l'enseignement à distance.	It is not, however, just a question of technical equipment. It is also a question of developing new teaching methods and distance learning.	enseignement pédagogie | méthode pédagogique pédagogie			
Il ne s'agit cependant pas seulement de l'équipement technique, c'est aussi une question de nouvelle <N1></N1> et de développement de l'enseignement à distance.	It is not, however, just a question of technical equipment. It is also a question of developing new teaching methods and distance learning.				
FALSE					
					
L'homme n'est ni un numéro de sécurité sociale, ni un <L1>pion</L1> sur l'échiquier social et économique, manipulable à souhait et jetable après usage.	Man is neither a social security number nor a pawn on a social and economic chessboard to be manipulated at will and discarded when no longer of use.	instrument pion outil			
L'homme n'est ni un numéro de sécurité sociale, ni un <N1></N1> sur l'échiquier social et économique, manipulable à souhait et jetable après usage.	Man is neither a social security number nor a pawn on a social and economic chessboard to be manipulated at will and discarded when no longer of use.				
FALSE					
					
Comme on peut s'y attendre, le <L1>despote</L1> de Serbie ne s'en prend pas ouvertement aux médias qui ne sont pas encore tombés sous sa coupe.	As can be expected, Serbia' s dictator is fighting his battle against the as yet independent media in an underhand manner.	despote autocrate tyran			
Comme on peut s'y attendre, le <N1></N1> de Serbie ne s'en prend pas ouvertement aux médias qui ne sont pas encore tombés sous sa coupe.	As can be expected, Serbia' s dictator is fighting his battle against the as yet independent media in an underhand manner.				
FALSE					
					
Il ne s' agit pas d' un problème de nourriture, mais d' un problème de santé très inquiétant : le réseau de distribution d'eau est très mal en point, le système de collecte est détruit, les eaux usées et les eaux à usage alimentaire se mélangent de façon dramatique, ce qui engendre un taux de <L1>dysenterie</L1> qui augmente considérablement la mortalité infantile.	There is no famine, but there is an extremely serious health problem: the water and drainage systems have disintegrated and sewage water and drinking water mix, creating dysentery rates which send the infant mortality rate sky high.				
Il ne s' agit pas d' un problème de nourriture, mais d' un problème de santé très inquiétant : le réseau de distribution d'eau est très mal en point, le système de collecte est détruit, les eaux usées et les eaux à usage alimentaire se mélangent de façon dramatique, ce qui engendre un taux de <N1></N1> qui augmente considérablement la mortalité infantile.	There is no famine, but there is an extremely serious health problem: the water and drainage systems have disintegrated and sewage water and drinking water mix, creating dysentery rates which send the infant mortality rate sky high.				
FALSE					
					
Pourtant, lorsque je me suis rendue à Azad Cachemire il y a quelques années, où j'ai visité un <L1>camp</L1> de réfugiés, j'ai été très remuée par les récits que j'ai entendus sur place.	But when I was in Azad Kashmir and I went to one of the refugee camps a few years ago I was very moved by the first-hand accounts I heard.	colonie de vacances camp camper | camp camper | côté partie côte camp aspect flanc page | camp de réfugiés camper camp Camp de réfugiés			
Pourtant, lorsque je me suis rendue à Azad Cachemire il y a quelques années, où j'ai visité un <N1></N1> de réfugiés, j'ai été très remuée par les récits que j'ai entendus sur place.	But when I was in Azad Kashmir and I went to one of the refugee camps a few years ago I was very moved by the first-hand accounts I heard.				
FALSE					
					
Enfin, troisième exemple, Cuba a demandé de replacer le <L1>caret</L1> (hawksbill turtle) à l'annexe II.	Finally, I would like to give a third example. Cuba has requested to move the hawksbill turtle back to appendix II.				
Enfin, troisième exemple, Cuba a demandé de replacer le <N1></N1> (hawksbill turtle) à l'annexe II.	Finally, I would like to give a third example. Cuba has requested to move the hawksbill turtle back to appendix II.				
FALSE					
					
L' inquisition morale, la propagande et le conditionnement <L1>psychique</L1> permanent qu' on nous applique sont dignes des plus abjectes méthodes des camps de rééducation des régimes communistes.	The moral inquisition, propaganda and constant psychological conditioning to which we are being subjected are worthy of the most despicable methods applied in the communist regimes' 're-education' camps.				
L' inquisition morale, la propagande et le conditionnement <N1></N1> permanent qu' on nous applique sont dignes des plus abjectes méthodes des camps de rééducation des régimes communistes.	The moral inquisition, propaganda and constant psychological conditioning to which we are being subjected are worthy of the most despicable methods applied in the communist regimes' 're-education' camps.				
FALSE					
					
Mme Ludford nous propose une société sans modèle où ne manquerait pas de s' imposer la loi du plus fort : la liberté, c' est la loi juste et identique pour tous ; quand chaque individu ou chaque groupe a sa propre loi, c' est l' <L1>anarchie</L1> et la barbarie.	Mrs Ludford is proposing a society with no model, where the law of the strongest would be bound to prevail. Freedom means a just and identical law for all; for each individual or each group to have its own law spells anarchy and barbarism.				
Mme Ludford nous propose une société sans modèle où ne manquerait pas de s' imposer la loi du plus fort : la liberté, c' est la loi juste et identique pour tous ; quand chaque individu ou chaque groupe a sa propre loi, c' est l' <N1></N1> et la barbarie.	Mrs Ludford is proposing a society with no model, where the law of the strongest would be bound to prevail. Freedom means a just and identical law for all; for each individual or each group to have its own law spells anarchy and barbarism.				
FALSE					
					
Il est peu surprenant que <L1>BMW</L1> rejette directement la responsabilité de la décision concernant Rover sur la politique économique du gouvernement du Royaume-Uni. Toutefois, je le crains, ceci constitue un piètre réconfort pour les milliers d' ouvriers de Rover qui ont fourni des efforts considérables pour améliorer l' efficacité de leur société et qui découvriront que leurs efforts ont été sapés par Downing Street.	It is little wonder that BMW blames the Rover decision directly on UK government economic policy, but that I fear is little comfort to the thousands of workers in Rover who have strained to improve the efficiency of the company only to find that their efforts have been undermined in Downing Street.				
Il est peu surprenant que <N1></N1> rejette directement la responsabilité de la décision concernant Rover sur la politique économique du gouvernement du Royaume-Uni. Toutefois, je le crains, ceci constitue un piètre réconfort pour les milliers d' ouvriers de Rover qui ont fourni des efforts considérables pour améliorer l' efficacité de leur société et qui découvriront que leurs efforts ont été sapés par Downing Street.	It is little wonder that BMW blames the Rover decision directly on UK government economic policy, but that I fear is little comfort to the thousands of workers in Rover who have strained to improve the efficiency of the company only to find that their efforts have been undermined in Downing Street.				
FALSE					
					
Madame la Présidente, je voudrais faire part à l' Assemblée d' un incident qui a marqué une réunion commune de la délégation du Parlement européen pour les relations avec le Canada et son <L1>homologue</L1> canadienne, qui nous a rendu visite la semaine dernière.	Madam President, I would like to inform the House of an incident which occurred at a joint meeting between the European Parliament Delegation for relations with Canada and its Canadian counterpart, which was here on a visit last week.	homologue contrepartie			
Madame la Présidente, je voudrais faire part à l' Assemblée d' un incident qui a marqué une réunion commune de la délégation du Parlement européen pour les relations avec le Canada et son <N1></N1> canadienne, qui nous a rendu visite la semaine dernière.	Madam President, I would like to inform the House of an incident which occurred at a joint meeting between the European Parliament Delegation for relations with Canada and its Canadian counterpart, which was here on a visit last week.				
FALSE					
					
Dans l'intérêt de qui ce texte législatif <L1>express</L1> s'est-il départi des procédures ayant fait leurs preuves et de la pratique consistant à utiliser des critères de performance objectifs pour les normes environnementales ?	In whose interest was it to depart in this piece of fast-track legislation from tried-and-tested procedures and the practice of using objective performance criteria for environmental standards?	express reflet mention terme réflexion expression			
Dans l'intérêt de qui ce texte législatif <N1>express</N1> s'est-il départi des procédures ayant fait leurs preuves et de la pratique consistant à utiliser des critères de performance objectifs pour les normes environnementales ?	In whose interest was it to depart in this piece of fast-track legislation from tried-and-tested procedures and the practice of using objective performance criteria for environmental standards?				
TRUE					
					
Monsieur le Président, je n'ai pas voulu intervenir auparavant pour ne pas <L1>interférer</L1> dans le débat.	Mr President, I did not want to speak earlier in order not to interfere in the debate.				
Monsieur le Président, je n'ai pas voulu intervenir auparavant pour ne pas <N1></N1> dans le débat.	Mr President, I did not want to speak earlier in order not to interfere in the debate.				
FALSE					
					
Pour conclure, Monsieur le Président, je dirais que nous continuons à nous opposer aux subventions accordées au <L1>tabac</L1> dont la Commission poursuit le paiement. Plus vite nous aurons l'occasion d'agir en la matière, mieux ce sera.	Finally, Mr President, I would say that we continue to oppose the tobacco subsidies which are continuously being paid by the Commission and the sooner we get a chance to do something about it the better.	fumer cigarette fumée tabac | Bureau of Alcohol tabac			
Pour conclure, Monsieur le Président, je dirais que nous continuons à nous opposer aux subventions accordées au <N1></N1> dont la Commission poursuit le paiement. Plus vite nous aurons l'occasion d'agir en la matière, mieux ce sera.	Finally, Mr President, I would say that we continue to oppose the tobacco subsidies which are continuously being paid by the Commission and the sooner we get a chance to do something about it the better.				
FALSE					
					
Il est d' autant plus nécessaire de criminaliser ces formes d' asservissement de l' enfant qu' un courant de pensée tente aujourd' hui d' <L1>accréditer</L1> l' idée que les travailleurs du sexe sont des travailleurs comme les autres.	It is all the more necessary to criminalise these forms of child slavery because there is a line of thought seeking to gain currency today for the idea that 'sex workers' are workers like any others.	croire attribuer comporter accréditer admettre crédit | agréer croire accréditer | attribuer admettre accréditer comporter croire			
Il est d' autant plus nécessaire de criminaliser ces formes d' asservissement de l' enfant qu' un courant de pensée tente aujourd' hui d' <N1></N1> l' idée que les travailleurs du sexe sont des travailleurs comme les autres.	It is all the more necessary to criminalise these forms of child slavery because there is a line of thought seeking to gain currency today for the idea that 'sex workers' are workers like any others.				
FALSE					
					
En effet, ces expériences, sous le couvert de clonage <L1>thérapeutique</L1> , sont déjà brevetées et font actuellement l'objet de recherches.	Indeed, this experimentation, under the guise of 'therapeutic cloning' is already patented, and the object of ongoing research.	thérapie thérapeutique | thérapeutique curatif guérison			
En effet, ces expériences, sous le couvert de clonage <N1></N1> , sont déjà brevetées et font actuellement l'objet de recherches.	Indeed, this experimentation, under the guise of 'therapeutic cloning' is already patented, and the object of ongoing research.				
FALSE					
					
Dans les années à venir, le commerce électronique va se développer et des tarifs bancaires élevés en matière de change de devises auront un grave effet dissuasif sur les consommateurs désireux de faire leur <L1>shopping</L1> sur Internet.	With the forecast growth in electronic shopping over the next few years, heavy bank fees for money changes will be a serious disincentive for consumers to shop over the Internet.	chalandage course shopping courses			
Dans les années à venir, le commerce électronique va se développer et des tarifs bancaires élevés en matière de change de devises auront un grave effet dissuasif sur les consommateurs désireux de faire leurs <N1>achats</N1> sur Internet.	With the forecast growth in electronic shopping over the next few years, heavy bank fees for money changes will be a serious disincentive for consumers to shop over the Internet.				
TRUE					
					
Une des propositions les importantes est de réaliser une séparation des fonctions d' <L1>audit</L1> et de contrôle financier.	One of the key proposals is to separate the audit and financial control functions.				
Une des propositions les importantes est de réaliser une séparation des fonctions de <N1>vérification des comptes</N1> et de contrôle financier.	One of the key proposals is to separate the audit and financial control functions.				
TRUE					
					
Ce collègue doit enfin comprendre que, si nous devons bien entendu nous soucier au plus près, en tant que parlementaires, de nos devoirs de contrôle, nous ne sommes pourtant ni des détectives, ni des procureurs, et encore moins des anges vengeurs, ce qu'on appelle des <L1>black</L1> vengeance angels.	But every Member must, in the end, understand that, as Members of the European Parliament, we have to carry out our control duties as accurately as possible, but that we are neither detectives nor public prosecutors, let alone black angels of vengeance.				
Ce collègue doit enfin comprendre que, si nous devons bien entendu nous soucier au plus près, en tant que parlementaires, de nos devoirs de contrôle, nous ne sommes pourtant ni des détectives, ni des procureurs, et encore moins des anges vengeurs, ce qu'on appelle des <N1></N1> vengeance angels.	But every Member must, in the end, understand that, as Members of the European Parliament, we have to carry out our control duties as accurately as possible, but that we are neither detectives nor public prosecutors, let alone black angels of vengeance.				
FALSE					
					
Or, sur ce plan, MM. Blair et Aznar et ceux qui les ont suivis sont prisonniers d'archaïsmes banalement conformistes de la vieille pensée libérale. Laisser faire le marché, en particulier financier, flexibiliser les salariés, diminuer le coût du travail, quitte à <L1>doper</L1> la machine à fabriquer des inégalités, de la précarité et de l'exclusion à l'échelle de toute la planète.	In this respect, however, Mr Blair and Mr Aznar and their followers are held captive by archaic liberal ideas, which are conformist in the most ordinary way: allow the market, particularly the financial market, to operate, introduce wage flexibility, reduce labour costs, even if it means boosting the mechanism which produces inequality, precariousness and exclusion across the entire planet.	favoriser accroître doper relancer dynamiser			
Or, sur ce plan, MM. Blair et Aznar et ceux qui les ont suivis sont prisonniers d'archaïsmes banalement conformistes de la vieille pensée libérale. Laisser faire le marché, en particulier financier, flexibiliser les salariés, diminuer le coût du travail, quitte à <N1>stimuler</N1> la machine à fabriquer des inégalités, de la précarité et de l'exclusion à l'échelle de toute la planète.	In this respect, however, Mr Blair and Mr Aznar and their followers are held captive by archaic liberal ideas, which are conformist in the most ordinary way: allow the market, particularly the financial market, to operate, introduce wage flexibility, reduce labour costs, even if it means boosting the mechanism which produces inequality, precariousness and exclusion across the entire planet.				
TRUE					
					
Ce comportement <L1>fanfaron</L1> et très peu au fait du dossier contredit les décisions prises lors du sommet du G8 l'année dernière et correspond bien à son départ de cette conférence.	This rather flashy and, in fact insubstantial gesture contradicts the resolutions of the G8 summit last year and is in keeping with his departure from the conference.	orgueilleux orgueilleuse fanfaron vaniteux grand			
Ce comportement <N1></N1> et très peu au fait du dossier contredit les décisions prises lors du sommet du G8 l'année dernière et correspond bien à son départ de cette conférence.	This rather flashy and, in fact insubstantial gesture contradicts the resolutions of the G8 summit last year and is in keeping with his departure from the conference.				
FALSE					
					
Objet : Møllergårdens Vivaldi - un <L1>poney</L1> Shetland Le 15 mai 1997, la commission des pétitions a déclaré recevable une pétition concernant un poney Shetland du Danemark, Møllergårdens Vivaldi , que les autorités suédoises refusent d'enregistrer comme étalon reproducteur.	Subject: Møllergårdens Vivaldi - a Shetland pony The Committee on Petitions decided on 15 May 1997 to examine a case concerning the Shetland pony, Møllergårdens Vivaldi, from Denmark, which the Swedish authorities refused to register as a stallion in Sweden.	poney trotter | poney dé à coudre			
Objet : Møllergårdens Vivaldi - un <N1></N1> Shetland Le 15 mai 1997, la commission des pétitions a déclaré recevable une pétition concernant un poney Shetland du Danemark, Møllergårdens Vivaldi , que les autorités suédoises refusent d'enregistrer comme étalon reproducteur.	Subject: Møllergårdens Vivaldi - a Shetland pony The Committee on Petitions decided on 15 May 1997 to examine a case concerning the Shetland pony, Møllergårdens Vivaldi, from Denmark, which the Swedish authorities refused to register as a stallion in Sweden.				
FALSE					
					
La première impression est qu'il existe une certaine <L1>euphorie</L1> dans les médias à propos de l'Union.	The first impression is that there is a sort of EU euphoria in Turkey when it comes to the media.	euphorie frite pêche euphoria			
La première impression est qu'il existe une certaine <N1></N1> dans les médias à propos de l'Union.	The first impression is that there is a sort of EU euphoria in Turkey when it comes to the media.				
FALSE					
					
L'Allemagne, le Luxembourg et l'Autriche ont montré l'exemple en interdisant le <L1>maïs</L1> de Novartis, qui contient un gène exprimant une résistance à l'ampicilline, antibiotique ayant un large spectre.	Germany, Luxembourg and Austria have shown the way by banning Novartis maize, which has a gene which is resistant to ampicillin, a wide spectrum antibiotic.	maïs maïs sucré | maïs céréale | maïs zea mays | maïs whisky de maïs | froment maïs blé épeautre | maïs maïs doux maïs sucré | maïs citronnier citron			
L'Allemagne, le Luxembourg et l'Autriche ont montré l'exemple en interdisant le <N1></N1> de Novartis, qui contient un gène exprimant une résistance à l'ampicilline, antibiotique ayant un large spectre.	Germany, Luxembourg and Austria have shown the way by banning Novartis maize, which has a gene which is resistant to ampicillin, a wide spectrum antibiotic.				
FALSE					
					
L'attitude des démocrates-chrétiens aura un effet <L1>boomerang</L1> sur l'industrie génétique.	The Christian Democratic position will rebound perfectly off the gene industry.				
L'attitude des démocrates-chrétiens aura un effet <N1>boomerang</N1> sur l'industrie génétique.	The Christian Democratic position will rebound perfectly off the gene industry.				
TRUE					
					
Avant on recevait des coups de nerfs de buf, maintenant on pourrait être sanctionné à coup de <L1>steak</L1> britannique.	Previously one could be punished at the stake, now punishment would mean a steak, a British beefsteak.	rumsteck steak darne bifteck entrecôte			
Avant on recevait des coups de nerfs de buf, maintenant on pourrait être sanctionné à coup de <N1></N1> britannique.	Previously one could be punished at the stake, now punishment would mean a steak, a British beefsteak.				
FALSE					
					
Tout d'abord, M. Ribeiro e Castro a raison de <L1>pointer</L1> du doigt le paragraphe 15 qui dit que les affaires interna corporis du Parlement européen ne peuvent pas faire l'objet d'un recours juridictionnel.	First of all, Mr Ribeiro e Castro is right to single out paragraph 15, which states that 'no actions may be brought in connection with the interna corporis affairs of the European Parliament.'				
Tout d'abord, M. Ribeiro e Castro a raison de <N1></N1> du doigt le paragraphe 15 qui dit que les affaires interna corporis du Parlement européen ne peuvent pas faire l'objet d'un recours juridictionnel.	First of all, Mr Ribeiro e Castro is right to single out paragraph 15, which states that 'no actions may be brought in connection with the interna corporis affairs of the European Parliament.'				
FALSE					
					
Nous rejetons toute tentative qui vise à vider nos constitutions de leur contenu démocratique, et nous invitons le grand public à s'immiscer dans les négociations du traité de Nice avant qu'il ne soit <L1>top</L1> tard.	We reject any attempt to strip our constitutions of democratic content and we urge the public to get involved in the negotiations concerning the Nice Treaty before it is too late.				
Nous rejetons toute tentative qui vise à vider nos constitutions de leur contenu démocratique, et nous invitons le grand public à s'immiscer dans les négociations du traité de Nice avant qu'il ne soit <N1></N1> tard.	We reject any attempt to strip our constitutions of democratic content and we urge the public to get involved in the negotiations concerning the Nice Treaty before it is too late.				
FALSE					
					
Ici, nous sommes tous petits, car dans le passé, les pays qui se considéraient grands en Europe essayaient d'imposer leur <L1>hégémonie</L1> par la force.	Here we must consider ourselves to be small. In the past, the countries in Europe which considered themselves to be large tried to impose their hegemony by force.	hégémonie Hégémonie			
Ici, nous sommes tous petits, car dans le passé, les pays qui se considéraient grands en Europe essayaient d'imposer leur <N1></N1> par la force.	Here we must consider ourselves to be small. In the past, the countries in Europe which considered themselves to be large tried to impose their hegemony by force.				
FALSE					
					
Monsieur le Président, une <L1>parabole</L1> de la bible apprend au lecteur qu' il doit bâtir sa maison sur le roc.	Mr President, a biblical parable teaches the reader to build his house on a rock.	apologue parabole allégorie fable			
Monsieur le Président, une <N1></N1> de la bible apprend au lecteur qu' il doit bâtir sa maison sur le roc.	Mr President, a biblical parable teaches the reader to build his house on a rock.				
FALSE					
					
J' espère que le potentiel d'<L1>early warning</L1> dont se sont occupés de nombreux spécialistes est également inclus dans notre capacité à recevoir des signaux plus tôt.	I hope that the early warning facility, which involved a great many experts, will also be built into our ability to receive signals at an earlier stage.				
J' espère que le potentiel d'<N1>alerte précoce</N1> dont se sont occupés de nombreux spécialistes est également inclus dans notre capacité à recevoir des signaux plus tôt.	I hope that the early warning facility, which involved a great many experts, will also be built into our ability to receive signals at an earlier stage.				
TRUE					
					
Les offres des donateurs ont dépassé d'une marge <L1>confortable</L1> les attentes exprimées au début de la conférence.	The offers made by donors exceeded by a comfortable margin the expectations at the beginning of the conference.	aisé confortable riche			
Les offres des donateurs ont dépassé d'une marge <N1></N1> les attentes exprimées au début de la conférence.	The offers made by donors exceeded by a comfortable margin the expectations at the beginning of the conference.				
FALSE					
					
La stratégie assignée aux fonds de pensions vise essentiellement à <L1>drainer</L1> l'épargne vers les marchés financiers.	The set pension fund strategy essentially aims to drain savings away toward the financial markets.	drainer descente puisard | assécher drainer | drainer affaiblir abattre débiliter | drainer puisard | drainer fuite			
La stratégie assignée aux fonds de pensions vise essentiellement à <N1></N1> l'épargne vers les marchés financiers.	The set pension fund strategy essentially aims to drain savings away toward the financial markets.				
FALSE					
					
Je voudrais donc bien obtenir cette réponse à ma question sur le <L1>cash management</L1> et connaître la solution proposée à cette problématique principalement pour les petites et moyennes entreprises.	I would, at long last, like to have a response to my question on cash management and the solution to this problem which is particularly hitting small and medium-sized businesses.	direction management administration gestion			
Je voudrais donc bien obtenir cette réponse à ma question sur la <N1>gestion des liquidités</N1> et connaître la solution proposée à cette problématique principalement pour les petites et moyennes entreprises.	I would, at long last, like to have a response to my question on cash management and the solution to this problem which is particularly hitting small and medium-sized businesses.				
TRUE					
					
Pour commencer, je voudrais remercier chaleureusement le rapporteur, Mme Palacio, pour l' appui <L1>enthousiaste</L1> qu' elle a apporté à l' ensemble des mesures proposées par la Commission.	To begin with, I would like to extend my warm thanks to Mrs Palacio Vallelersundi for the ardent support she has shown for the set of measures proposed by the Commission.	courageux enthousiaste | partisan enthousiaste | passion enthousiasme enthousiaste			
Pour commencer, je voudrais remercier chaleureusement le rapporteur, Mme Palacio, pour l' appui <N1></N1> qu' elle a apporté à l' ensemble des mesures proposées par la Commission.	To begin with, I would like to extend my warm thanks to Mrs Palacio Vallelersundi for the ardent support she has shown for the set of measures proposed by the Commission.				
FALSE					
					
Selon la Commission, une telle prolongation porterait atteinte à la crédibilité du <L1>leitmotiv</L1> de notre proposition, à savoir rendre l'OCM banane conforme aux règles de l'OMC aussi vite que possible.	The Commission considers that extending the period in this way would reduce the credibility of the central theme of our proposal, which is that the COM in bananas should be brought into line with the WTO rules as soon as possible.				
Selon la Commission, une telle prolongation porterait atteinte à la crédibilité du <N1>thème</N1> de notre proposition, à savoir rendre l'OCM banane conforme aux règles de l'OMC aussi vite que possible.	The Commission considers that extending the period in this way would reduce the credibility of the central theme of our proposal, which is that the COM in bananas should be brought into line with the WTO rules as soon as possible.				
TRUE					
					
Le combat mené contre la <L1>guérilla</L1> n'épargne pas la population civile, bien au contraire, cette dernière est exposée de manière effroyable aux atrocités qui peuvent accompagner une guerre.	A guerrilla war is being fought without the civilian population being spared, in fact, the civilian population is also suffering the dreadful atrocities that can occur in wartime.	irrégulier guérilla | irrégulier insurgé guérillero guérilla			
Le combat mené contre la <N1></N1> n'épargne pas la population civile, bien au contraire, cette dernière est exposée de manière effroyable aux atrocités qui peuvent accompagner une guerre.	A guerrilla war is being fought without the civilian population being spared, in fact, the civilian population is also suffering the dreadful atrocities that can occur in wartime.				
FALSE					
					
À titre d'exemple, en Europe, l'augmentation du nombre d'enfants obèses issus de la culture <L1>soda</L1> et boissons sucrées multicolores est alarmante.	For example, the increase in the number of obese children in Europe as a result of the culture of sweet, highly coloured fizzy drinks is alarming.	carbonate de sodium soude carbonate de soude soda | boisson gazeuse soda | boisson gazeuse soda limonade			
À titre d'exemple, en Europe, l'augmentation du nombre d'enfants obèses issus de la culture <N1></N1> et boissons sucrées multicolores est alarmante.	For example, the increase in the number of obese children in Europe as a result of the culture of sweet, highly coloured fizzy drinks is alarming.				
FALSE					
					
Ce n'est peut-être pas contraire au règlement, mais c'est contraire au <L1>fair-play</L1> et c'est contraire à la bonne administration du Parlement.	This behaviour does not contravene the Rules of Procedure, but it is contrary to the notion of fair play and the proper functioning of Parliament.	sportivité fair-play | nettoyer fair-play propre pur			
Ce n'est peut-être pas contraire au règlement, mais c'est contraire au <N1>fairplay</N1> et c'est contraire à la bonne administration du Parlement.	This behaviour does not contravene the Rules of Procedure, but it is contrary to the notion of fair play and the proper functioning of Parliament.				
TRUE					
					
Des rapports médicaux ont démontré que les habitants voisins d' aéroports sont confrontés à des problèmes de santé importants inacceptables, tels que des insomnies, de l' hypertension, du <L1>stress</L1> et des dépressions.	Medical reports have shown that people living near airports are having to deal with health problems of an unacceptably serious nature, such as insomnia, high blood pressure, stress and depression.	stress chagrin angoisse anxiété affres souci préoccupations | tendre bander tension stress raidir			
Des rapports médicaux ont démontré que les habitants voisins d' aéroports sont confrontés à des problèmes de santé importants inacceptables, tels que des insomnies, de l' hypertension, du <N1></N1> et des dépressions.	Medical reports have shown that people living near airports are having to deal with health problems of an unacceptably serious nature, such as insomnia, high blood pressure, stress and depression.				
FALSE					
					
Nous disposons d'un système qui sera exploité par les utilisateurs et, ce soir, en pensant à l'avenir, - car nous sommes convaincus que nous allons faire adopter cette directive -, je veux faire remarquer à la Commission que nous avons besoin d'un <L1>feedback</L1> minutieux et très précis de la part des utilisateurs quant aux problèmes qu'ils rencontrent en utilisant cette directive.	We have a system that is going to be operated by the users and the point I want to make this evening in now thinking ahead, because we are confident we are going to get this directive through, is to say to the Commission that we need to have a very comprehensive and a very fast feedback from the users about the problems and issues that they are encountering in using this directive.				
Nous disposons d'un système qui sera exploité par les utilisateurs et, ce soir, en pensant à l'avenir, - car nous sommes convaincus que nous allons faire adopter cette directive -, je veux faire remarquer à la Commission que nous avons besoin d'un <N1>retour d'information</N1> minutieux et très précis de la part des utilisateurs quant aux problèmes qu'ils rencontrent en utilisant cette directive.	We have a system that is going to be operated by the users and the point I want to make this evening in now thinking ahead, because we are confident we are going to get this directive through, is to say to the Commission that we need to have a very comprehensive and a very fast feedback from the users about the problems and issues that they are encountering in using this directive.				
TRUE					
					
Nous sommes tous conscients de l' iniquité de l' actuel régime de la politique pour la <L1>tomate</L1> transformée.	We are all aware of the iniquity of the present regulations of the policy on processed tomatoes.	lycopersicon esculentum tomate			
Nous sommes tous conscients de l' iniquité de l' actuel régime de la politique pour la <N1></N1> transformée.	We are all aware of the iniquity of the present regulations of the policy on processed tomatoes.				
FALSE					
					
Je pense que c'est avant tout à un <L1>manager</L1> qu'il incombe d'élaborer dans les détails une politique du personnel.	In my opinion, it is mainly up to a manager to take responsibility for the precise detail of personnel policy.				
Je pense que c'est avant tout à un <N1>chef d'entreprise</N1> qu'il incombe d'élaborer dans les détails une politique du personnel.	In my opinion, it is mainly up to a manager to take responsibility for the precise detail of personnel policy.				
TRUE					
					
Que se passera-t-il si le Conseil est <L1>intransigeant</L1> et rejette la proposition de la Commission ?	What happens if the Council is adamant and rejects the Commission's proposals?	impitoyable inexorable intransigeant | impitoyable intransigeant			
Que se passera-t-il si le Conseil est <N1></N1> et rejette la proposition de la Commission ?	What happens if the Council is adamant and rejects the Commission's proposals?				
FALSE					
					
Or, nous savons que la partie visible d'un <L1>iceberg</L1> ne représente que 10 pour cent de celui-ci et la partie immergée 90 : par conséquent, nous nous situons aux alentours des 10 milliards d' euros détournés au sein de l' Union européenne.	Now, we know that 10% of an iceberg is visible but the other 90% is underwater and therefore hidden. Therefore, the European Union is being defrauded of something in the region of EUR 10 000 million.	berg iceberg			
Or, nous savons que la partie visible d'un <N1></N1> ne représente que 10 pour cent de celui-ci et la partie immergée 90 : par conséquent, nous nous situons aux alentours des 10 milliards d' euros détournés au sein de l' Union européenne.	Now, we know that 10% of an iceberg is visible but the other 90% is underwater and therefore hidden. Therefore, the European Union is being defrauded of something in the region of EUR 10 000 million.				
FALSE					
					
Mieux vaut prévenir que guérir , a dit Hippocrate voici bien des années en jetant les bases de l' action <L1>prophylactique</L1> en matière de santé, d' autant qu' il n' existe de traitement ni pour l' encéphalopathie spongiforme bovine ni pour la manifestation de cette maladie chez l' homme, à savoir la nouvelle forme de Creutzfeldt-Jakob.	Prevention is better than cure  , as Hippocrates said all those years ago, thereby paving the way for preventive medicine. This is particularly true today, given that there is no cure either for BSE or for the equivalent human disease, the new variant Creutzfeldt-Jakob.	contraceptif prophylactique | préventif prophylactique			
Mieux vaut prévenir que guérir , a dit Hippocrate voici bien des années en jetant les bases de l' action <N1></N1> en matière de santé, d' autant qu' il n' existe de traitement ni pour l' encéphalopathie spongiforme bovine ni pour la manifestation de cette maladie chez l' homme, à savoir la nouvelle forme de Creutzfeldt-Jakob.	Prevention is better than cure  , as Hippocrates said all those years ago, thereby paving the way for preventive medicine. This is particularly true today, given that there is no cure either for BSE or for the equivalent human disease, the new variant Creutzfeldt-Jakob.				
FALSE					
					
Je voudrais savoir si, dans certains pays, les médecins en formation sont des sortes de <L1>superman</L1> qui peuvent travailler sans prendre de temps de repos adéquats et, ce faisant, sans nuire à leur santé ou à celle de leurs patients.	I want to know whether junior doctors in some countries are some sort of superhuman who can do without adequate rest and who will not harm their own health or that of their patients in the process.				
Je voudrais savoir si, dans certains pays, les médecins en formation sont des sortes de <N1>surhommes</N1> qui peuvent travailler sans prendre de temps de repos adéquats et, ce faisant, sans nuire à leur santé ou à celle de leurs patients.	I want to know whether junior doctors in some countries are some sort of superhuman who can do without adequate rest and who will not harm their own health or that of their patients in the process.				
TRUE					
					
Monsieur le Président, le projet de directive concernant l'aménagement du temps de travail de certaines catégories comme les médecins en formation, les travailleurs <L1>offshore</L1> ou les travailleurs dits mobiles, est significatif des lenteurs et du caractère dérisoire de l'Europe sociale.	Mr President, the proposed working time directive for specific categories of worker such as doctors in training, offshore workers or mobile workers, is typical of the slow and derisory nature of social Europe.				
Monsieur le Président, le projet de directive concernant l'aménagement du temps de travail de certaines catégories comme les médecins en formation, les travailleurs <N1>en mer</N1> ou les travailleurs dits mobiles, est significatif des lenteurs et du caractère dérisoire de l'Europe sociale.	Mr President, the proposed working time directive for specific categories of worker such as doctors in training, offshore workers or mobile workers, is typical of the slow and derisory nature of social Europe.				
TRUE					
					
Nous avons un <L1>ersatz</L1> de devise dont le caractère, non identifié, accroît la volatilité.	We have an ersatz currency whose volatility is enhanced by its non-identifiable character.				
Nous avons un <N1>succédané</N1> de devise dont le caractère, non identifié, accroît la volatilité.	We have an ersatz currency whose volatility is enhanced by its non-identifiable character.				
TRUE					
					
Qu'en sera-t-il après l'élargissement lorsque les marchés réagiront à tout événement, affectant l'un ou l'autre de la trentaine de pays composant la <L1>technostructure</L1> européenne ?	What will the situation be like after enlargement, when the markets will react to any event affecting any one of the thirty odd countries which make up the European technostructure?				
Qu'en sera-t-il après l'élargissement lorsque les marchés réagiront à tout événement, affectant l'un ou l'autre de la trentaine de pays composant la <N1></N1> européenne ?	What will the situation be like after enlargement, when the markets will react to any event affecting any one of the thirty odd countries which make up the European technostructure?				
FALSE					
					
Conformément aux dernières données de l' <L1>IPC</L1> harmonisé - publiées le 15 mai et concernant le mois d' avril -, la Grèce améliore de manière substantielle son inflation par rapport à la situation précédente : elle passe de 2,8 % à 2,1 % ; et en ce qui concerne l' indice non harmonisé pour le mois d' avril, la situation s' est également améliorée par rapport au mois de mars.	According to the latest figures of the harmonised CPI - published on 15 May and concerning the month of April - Greek inflation is improving considerably in comparison to the previous situation: it has decreased from 2.8% to 2.1%; and the unharmonised index also shows better figures for April as compared with March.				
Conformément aux dernières données de l' <N1></N1> harmonisé - publiées le 15 mai et concernant le mois d' avril -, la Grèce améliore de manière substantielle son inflation par rapport à la situation précédente : elle passe de 2,8 % à 2,1 % ; et en ce qui concerne l' indice non harmonisé pour le mois d' avril, la situation s' est également améliorée par rapport au mois de mars.	According to the latest figures of the harmonised CPI - published on 15 May and concerning the month of April - Greek inflation is improving considerably in comparison to the previous situation: it has decreased from 2.8% to 2.1%; and the unharmonised index also shows better figures for April as compared with March.				
FALSE					
					
L'élément positif est que nous disposions de l'argent et que nous avons donc été le seul donateur à pouvoir agir de manière réellement efficace, à l'exception de quelques donateurs d'élite - le <L1>gang</L1> habituel - qui tentent de couvrir les autres de honte en se mettant en avant et en donnant le bon exemple.	The good thing is that we had the money so we were able to do something of real value as the only donor around, except for a few elite donors who are trying to shame the rest by moving forward and setting a good example - the usual gang.	anneau meute bague cercle gang bande | groupe gang bande | équipage gang			
L'élément positif est que nous disposions de l'argent et que nous avons donc été le seul donateur à pouvoir agir de manière réellement efficace, à l'exception de quelques donateurs d'élite - la <N1>bande</N1> habituelle - qui tentent de couvrir les autres de honte en se mettant en avant et en donnant le bon exemple.	The good thing is that we had the money so we were able to do something of real value as the only donor around, except for a few elite donors who are trying to shame the rest by moving forward and setting a good example - the usual gang.				
TRUE					
					
Je voudrais rappeler à cet égard, qu'il y a quelques semaines, 80 000 jeunes des pays de l'Union européenne ont participé à un concours pour la recherche d'une devise pour l'Europe et que la devise qui a été finalement retenue par un grand <L1>jury</L1> a été L'unité dans la diversité .	I should like to point out, in that connection, that, a few weeks ago, 80 000 young people from the countries of the European Union took part in a competition to find a motto for Europe, and the one which was adopted in the end by the grand jury was  Unity in diversity  .	groupe jury expert			
Je voudrais rappeler à cet égard, qu'il y a quelques semaines, 80 000 jeunes des pays de l'Union européenne ont participé à un concours pour la recherche d'une devise pour l'Europe et que la devise qui a été finalement retenue par un grand <N1></N1> a été L'unité dans la diversité .	I should like to point out, in that connection, that, a few weeks ago, 80 000 young people from the countries of the European Union took part in a competition to find a motto for Europe, and the one which was adopted in the end by the grand jury was  Unity in diversity  .				
FALSE					
					
Ces femmes sont attirées par des propositions trompeuses telles que des offres d'emploi pour travailler comme coiffeuse, <L1>barmaid</L1> ou danseuse, ou encore des annonces de mariage.	They are lured under false pretences - through job advertisements, for example - into becoming hairdressers or into working in bars or as dancers, or else they are enticed via the lonely hearts columns.	Employé de bar barman barmaid employé de bar			
Ces femmes sont attirées par des propositions trompeuses telles que des offres d'emploi pour travailler comme coiffeuse, <N1>serveuse de bar</N1> ou danseuse, ou encore des annonces de mariage.	They are lured under false pretences - through job advertisements, for example - into becoming hairdressers or into working in bars or as dancers, or else they are enticed via the lonely hearts columns.				
TRUE					
					
Le rapport Pomés Ruiz est un rapport <L1>fondamentaliste</L1> dans la défense des principes du pacte de stabilité, surtout en ce qui concerne la consolidation fiscale visant à garantir l'objectif unique de la stabilité des prix.	- (PT) The Pomés Ruiz report rigorously defends the principles of the Solidarity Pact, particularly as regards fiscal consolidation as a means of ensuring the sole objective of price stability.	fondamentaliste intégriste			
Le rapport Pomés Ruiz est un rapport <N1></N1> dans la défense des principes du pacte de stabilité, surtout en ce qui concerne la consolidation fiscale visant à garantir l'objectif unique de la stabilité des prix.	- (PT) The Pomés Ruiz report rigorously defends the principles of the Solidarity Pact, particularly as regards fiscal consolidation as a means of ensuring the sole objective of price stability.				
FALSE					
					
La limitation des risques, à savoir les méthodes de surveillance, les enregistrements <L1>vidéo</L1> et sonores, chacun va essayer de se protéger le mieux possible de manière à disposer de preuves appréciables en cas d'attaque devant un tribunal.	It will lead to risk limitation, by which I mean surveillance methods, video recordings and tape transcripts. Everyone will try to protect themselves as well as possible so that if they are taken to court they can provide evidence.	vidéo téléviseur télévision télé | vidéo image			
La limitation des risques, à savoir les méthodes de surveillance, les enregistrements <N1></N1> et sonores, chacun va essayer de se protéger le mieux possible de manière à disposer de preuves appréciables en cas d'attaque devant un tribunal.	It will lead to risk limitation, by which I mean surveillance methods, video recordings and tape transcripts. Everyone will try to protect themselves as well as possible so that if they are taken to court they can provide evidence.				
FALSE					
					
Le Paris-St-Germain diffuse désormais, avant chaque match, jusqu'à la fin de la saison, un <L1>clip</L1> vidéo antiraciste qui célèbre les valeurs de l'amitié, de la fraternité et des plaisirs du sport.	Before every match, right to the end of the season, Paris St. Germain now shows an anti-racist video clip which celebrates the values of friendship and brotherhood and the pleasures of the sport.				
Le Paris-St-Germain diffuse désormais, avant chaque match, jusqu'à la fin de la saison, un <N1>clip</N1> vidéo antiraciste qui célèbre les valeurs de l'amitié, de la fraternité et des plaisirs du sport.	Before every match, right to the end of the season, Paris St. Germain now shows an anti-racist video clip which celebrates the values of friendship and brotherhood and the pleasures of the sport.				
TRUE					
					
Toutefois, dans le cas de la crevette rose du large, récemment introduit, la longueur de la <L1>carapace</L1> de 24 mm semble excessive et pourrait poser des problèmes aux pêcheurs ; pour cette raison, le rapporteur a soumis en amendement, déjà approuvé par la commission de la pêche, le chiffre de compromis de 22 mm.	However, in the newly added case of deepwater rose shrimp, the carapace length of 24 millimetres seems excessive and could cause problems for fishermen. As a result, your rapporteur has introduced an amendment, which has already been adopted by the Committee on Fisheries, suggesting a compromise of setting this restriction at 22 millimetres.				
Toutefois, dans le cas de la crevette rose du large, récemment introduit, la longueur de la <N1></N1> de 24 mm semble excessive et pourrait poser des problèmes aux pêcheurs ; pour cette raison, le rapporteur a soumis en amendement, déjà approuvé par la commission de la pêche, le chiffre de compromis de 22 mm.	However, in the newly added case of deepwater rose shrimp, the carapace length of 24 millimetres seems excessive and could cause problems for fishermen. As a result, your rapporteur has introduced an amendment, which has already been adopted by the Committee on Fisheries, suggesting a compromise of setting this restriction at 22 millimetres.				
FALSE					
					
On ne doit pas prendre le prétexte de la difficulté de mesurer ou du fait que ces produits ne s'adressent pas aux jeunes, pour oublier que ces produits, comme le <L1>cigare</L1> ou le tabac à cigarette ou le tabac à priser, sont nocifs et doivent être étiquetés en tant que tels, d'autant que, comme le cigare ou la pipe, ils peuvent quelquefois présenter un caractère plus attractif pour les jeunes.	The difficulty of measuring values or the fact that these products are not targeted at young people must not be used as an excuse for forgetting that these products, such as cigars, rolling tobacco or snuff, are harmful and must be labelled as such, especially since some, like the cigar or the pipe, may occasionally prove more attractive to young people.	Cigarette cigarette cigare			
On ne doit pas prendre le prétexte de la difficulté de mesurer ou du fait que ces produits ne s'adressent pas aux jeunes, pour oublier que ces produits, comme le <N1></N1> ou le tabac à cigarette ou le tabac à priser, sont nocifs et doivent être étiquetés en tant que tels, d'autant que, comme le cigare ou la pipe, ils peuvent quelquefois présenter un caractère plus attractif pour les jeunes.	The difficulty of measuring values or the fact that these products are not targeted at young people must not be used as an excuse for forgetting that these products, such as cigars, rolling tobacco or snuff, are harmful and must be labelled as such, especially since some, like the cigar or the pipe, may occasionally prove more attractive to young people.				
FALSE					
					
Aussi soutiendrons-nous les amendements qui défendent en priorité la santé publique, et notamment ceux qui interdisent les descripteurs car, léger , <L1>light</L1> ou <L2>mild</L2> , le tabac, en cigarettes, en cigares ou en pâte à chiquer nuit gravement à la santé.	We therefore support the amendments prioritising the protection of public health, particularly those prohibiting product descriptions for, whether it is  light  ,  ultralight  or  mild  , tobacco, in the form of cigarettes, cigars or snuff tobacco, seriously damages one' s health.	léger light allégé lumière			
Aussi soutiendrons-nous les amendements qui défendent en priorité la santé publique, et notamment ceux qui interdisent les descripteurs car, léger , <N1>léger</N1> ou <N2>doux</N2> , le tabac, en cigarettes, en cigares ou en pâte à chiquer nuit gravement à la santé.	We therefore support the amendments prioritising the protection of public health, particularly those prohibiting product descriptions for, whether it is  light  ,  ultralight  or  mild  , tobacco, in the form of cigarettes, cigars or snuff tobacco, seriously damages one' s health.				
TRUE					
					
Elles devraient être disponibles près des points de vente de cigarettes et de produits du tabac, pour pouvoir choisir entre une thérapie de substitution et une <L1>overdose</L1> de cigarettes.	It should be available next to where all cigarettes and tobacco products are sold. You can opt to buy replacement therapy rather than overdose on cigarettes.	overdose surdoser			
Elles devraient être disponibles près des points de vente de cigarettes et de produits du tabac, pour pouvoir choisir entre une thérapie de substitution et une <N1>surdose</N1> de cigarettes.	It should be available next to where all cigarettes and tobacco products are sold. You can opt to buy replacement therapy rather than overdose on cigarettes.				
TRUE					
					
C'est environ la moitié de la surface d'un paquet de cigarettes qui devrait être réservée à l'information sanitaire, afin de mettre fin à la <L1>suprématie</L1> de l'industrie du tabac.	About half of the surface area of a cigarette packet should be reserved for health information, to weaken the supremacy of the tobacco companies.	domination suprématie			
C'est environ la moitié de la surface d'un paquet de cigarettes qui devrait être réservée à l'information sanitaire, afin de mettre fin à la <N1></N1> de l'industrie du tabac.	About half of the surface area of a cigarette packet should be reserved for health information, to weaken the supremacy of the tobacco companies.				
FALSE					
					
Les règles <L1>must</L1> carry devront être maintenues tant qu'elles seront proportionnelles et tant qu'elles seront limitées aux diffuseurs visés par le protocole 32 du traité d'Amsterdam.	The must carry rules must continue to exist as long as they are proportionate and restricted to those stations which are intended to fall within the scope of Protocol 32 annexed to the Treaty of Amsterdam.				
Les règles <N1></N1> carry devront être maintenues tant qu'elles seront proportionnelles et tant qu'elles seront limitées aux diffuseurs visés par le protocole 32 du traité d'Amsterdam.	The must carry rules must continue to exist as long as they are proportionate and restricted to those stations which are intended to fall within the scope of Protocol 32 annexed to the Treaty of Amsterdam.				
FALSE					
					
Les développements techniques dans le domaine de la réduction <L1>catalytique</L1> des émissions de méthane restent possibles mais leur efficacité et leur coût doivent encore être déterminés.	Further technical developments in catalytic reduction of methane may be possible but the efficiency and cost of such catalysts are not fully known.				
Les développements techniques dans le domaine de la réduction <N1></N1> des émissions de méthane restent possibles mais leur efficacité et leur coût doivent encore être déterminés.	Further technical developments in catalytic reduction of methane may be possible but the efficiency and cost of such catalysts are not fully known.				
FALSE					
					
Bien que la Suède fasse partie de ce qu'on appelle la ceinture de la <L1>vodka</L1> , avec ses modèles de consommation spécifiques, et malgré l'existence des distillations pour consommation personnelle et de la contrebande, le niveau global de la consommation est bas. Il en résulte au total, si l'on fait la somme de tous les accidents, y compris les accidents de la circulation, des maladies et décès dont la cause est liée à l'alcool, des dégâts et des coûts publics moindres.	In spite of the fact that Sweden belongs to the so-called vodka belt, with its special pattern of consumption, and in spite of the presence of illicit distilling and smuggling, the low overall consumption of alcohol means less overall harm caused by alcohol and lower social costs due to alcohol, if we include everything from accidents on and off the road to alcohol-related illnesses and deaths.				
Bien que la Suède fasse partie de ce qu'on appelle la ceinture de la <N1></N1> , avec ses modèles de consommation spécifiques, et malgré l'existence des distillations pour consommation personnelle et de la contrebande, le niveau global de la consommation est bas. Il en résulte au total, si l'on fait la somme de tous les accidents, y compris les accidents de la circulation, des maladies et décès dont la cause est liée à l'alcool, des dégâts et des coûts publics moindres.	In spite of the fact that Sweden belongs to the so-called vodka belt, with its special pattern of consumption, and in spite of the presence of illicit distilling and smuggling, the low overall consumption of alcohol means less overall harm caused by alcohol and lower social costs due to alcohol, if we include everything from accidents on and off the road to alcohol-related illnesses and deaths.				
FALSE					
					
Au-delà du développement du headline <L1>goal</L1> par les États membres (une réunion du Conseil affaires générales s' est tenue hier à laquelle participaient les ministres de la Défense et au cours de laquelle cette question a été abordée), les États membres s' engageront au Conseil européen de Feira à développer leur capacité en matière de politique civile (jusqu' à 5 000 éléments) d' ici 2003 pour des opérations de gestion des crises.	For example this was discussed yesterday at a meeting of the General Affairs Council attended by the Defence Ministers. The Feira European Council will also see the Member States make a commitment to develop their civil police capability by 2003, with up to 5 000 officers, for crisis management operations.	gardien de but goal			
Au-delà du développement du headline <N1></N1> par les États membres (une réunion du Conseil affaires générales s' est tenue hier à laquelle participaient les ministres de la Défense et au cours de laquelle cette question a été abordée), les États membres s' engageront au Conseil européen de Feira à développer leur capacité en matière de politique civile (jusqu' à 5 000 éléments) d' ici 2003 pour des opérations de gestion des crises.	For example this was discussed yesterday at a meeting of the General Affairs Council attended by the Defence Ministers. The Feira European Council will also see the Member States make a commitment to develop their civil police capability by 2003, with up to 5 000 officers, for crisis management operations.				
FALSE					
					
Nous avons également pu constater - il me semble nécessaire de le souligner - que les autorités tunisiennes sont conscientes de ce déficit, qu'elles ont à maintes reprises justifié par la nécessité d'accorder l'ouverture politique de la Tunisie à son <L1>idiosyncrasie</L1> et à sa culture, ainsi qu'aux risques d'une avancée de l'intégrisme islamique qui planent sur la société tunisienne.	We were also able to observe - and I think this should be stressed - that the Tunisian authorities are aware of this deficit, which they justified time and time again through the need to temper their political openness in accordance with their particular idiosyncrasies and culture as well as the danger to Tunisian society of the growth of Islamic fundamentalism.	maniérisme idiosyncrasie			
Nous avons également pu constater - il me semble nécessaire de le souligner - que les autorités tunisiennes sont conscientes de ce déficit, qu'elles ont à maintes reprises justifié par la nécessité d'accorder l'ouverture politique de la Tunisie à son <N1></N1> et à sa culture, ainsi qu'aux risques d'une avancée de l'intégrisme islamique qui planent sur la société tunisienne.	We were also able to observe - and I think this should be stressed - that the Tunisian authorities are aware of this deficit, which they justified time and time again through the need to temper their political openness in accordance with their particular idiosyncrasies and culture as well as the danger to Tunisian society of the growth of Islamic fundamentalism.				
FALSE					
					
(B5-0580/00) de M. Sakellariou, au nom du groupe du parti des socialistes européens, sur la tentative de <L1>putsch</L1> au Paraguay et l'arrestation du général Oviedo ;	(B5-0580/2000) by Mr Sakellariou, on behalf of the Group of the Party of European Socialists, on the attempted coup d' état in Paraguay and the arrest of General Oviedo;	coup putsch | putsch coup coup d’État coup d'état prise de pouvoir coup d’état			
(B5-0580/00) de M. Sakellariou, au nom du groupe du parti des socialistes européens, sur la tentative de <N1>coup d'état</N1> au Paraguay et l'arrestation du général Oviedo ;	(B5-0580/2000) by Mr Sakellariou, on behalf of the Group of the Party of European Socialists, on the attempted coup d' état in Paraguay and the arrest of General Oviedo;				
TRUE					
					
Selon les données du Centre <L1>hellénique</L1> de traitement des personnes dépendantes, 97 % des sujets qui ont recours à ses services sont des citoyens grecs.	According to information from the Greek Addiction Treatment Centre, 97% of the people using these centres are Greek citizens.				
Selon les données du Centre <N1></N1> de traitement des personnes dépendantes, 97 % des sujets qui ont recours à ses services sont des citoyens grecs.	According to information from the Greek Addiction Treatment Centre, 97% of the people using these centres are Greek citizens.				
FALSE					
					
Je dis à ma collègue, Mme Palacio Vallelersundi, qu'il s'agit d'une étiquette qu'elle devrait accepter avec plaisir et d'un <L1>badge</L1> qu'elle devrait porter fièrement.	I say to my colleague, Mrs Palacio Vallelersundi, that it is a label she should accept with pleasure and a badge which she should wear with pride.				
Je dis à ma collègue, Mme Palacio Vallelersundi, qu'il s'agit d'une étiquette qu'elle devrait accepter avec plaisir et d'un <N1>insigne</N1> qu'elle devrait porter fièrement.	I say to my colleague, Mrs Palacio Vallelersundi, that it is a label she should accept with pleasure and a badge which she should wear with pride.				
TRUE					
					
Plutôt que de se rallier au rapport <L1>hystérique</L1> et rabâcheur produit par le rapporteur - à vrai dire, c'était un rapport sans grande originalité, qui ne proposait aucune orientation et qui ne donnait pas d'idées nouvelles pour progresser de façon constructive - la commission avait décidé, au mois de mars déjà, de reporter la décharge et d'énoncer dix-sept conditions précises auxquelles la Commission était censée souscrire en l'espace de deux mois.	Rather than stick with the hysterical, drum-beating report that the rapporteur produced, which, if truth be told, had little originality, no sense of direction and no suggestion on how to move ahead constructively, the committee decided back in March to postpone the discharge and to set out seventeen clear conditions which we expected the Commission to sign up to in the space of a couple of months.	sentimental mièvre hystérique affecté démonstratif maniéré larmoyant histrionique pleurnicheur			
Plutôt que de se rallier au rapport <N1></N1> et rabâcheur produit par le rapporteur - à vrai dire, c'était un rapport sans grande originalité, qui ne proposait aucune orientation et qui ne donnait pas d'idées nouvelles pour progresser de façon constructive - la commission avait décidé, au mois de mars déjà, de reporter la décharge et d'énoncer dix-sept conditions précises auxquelles la Commission était censée souscrire en l'espace de deux mois.	Rather than stick with the hysterical, drum-beating report that the rapporteur produced, which, if truth be told, had little originality, no sense of direction and no suggestion on how to move ahead constructively, the committee decided back in March to postpone the discharge and to set out seventeen clear conditions which we expected the Commission to sign up to in the space of a couple of months.				
FALSE					
					
Quatorze Kurdes ont été asphyxiés dans les cales d'un <L1>ferry</L1> en feu à Patras.	Fourteen Kurds died of asphyxiation in the hold of a burning ship in Patras.	ferry transbordeur bac | ferry bac | ferry bac ferry-boat			
Quatorze Kurdes ont été asphyxiés dans les cales d'un <N1>navire</N1> en feu à Patras.	Fourteen Kurds died of asphyxiation in the hold of a burning ship in Patras.				
TRUE					
					
Or, quand j'entends votre discours, j'ai l'impression d'avoir été invité non pas à une séance du Parlement mais à un colloque bon <L1>chic</L1> bon genre.	Listening to your speech, I have the feeling that I have been invited not to a Parliamentary sitting, but to a rather posh get-together.	chic chique huppé élégante élégant			
Or, quand j'entends votre discours, j'ai l'impression d'avoir été invité non pas à une séance du Parlement mais à un colloque bon <N1></N1> bon genre.	Listening to your speech, I have the feeling that I have been invited not to a Parliamentary sitting, but to a rather posh get-together.				
FALSE					
					
Chaque consommateur, qu'il soit citoyen ou <L1>touriste</L1> sur notre continent, et l'ensemble de l'économie mondiale doivent apprendre à reconnaître la nouvelle monnaie, à utiliser la nouvelle échelle de valeurs, à manipuler la nouvelle monnaie.	Every single consumer, including both our own citizens and tourists visiting Europe, and the whole world economy will have to learn to recognise the new money, to become familiar with prices and values in euros and to handle the new money.	touriste vacancier			
Chaque consommateur, qu'il soit citoyen ou <N1></N1> sur notre continent, et l'ensemble de l'économie mondiale doivent apprendre à reconnaître la nouvelle monnaie, à utiliser la nouvelle échelle de valeurs, à manipuler la nouvelle monnaie.	Every single consumer, including both our own citizens and tourists visiting Europe, and the whole world economy will have to learn to recognise the new money, to become familiar with prices and values in euros and to handle the new money.				
FALSE					
					
La tâche à accomplir consiste à assainir le fleuve sur une distance de cinq kilomètres en territoire serbe, pour y éliminer les ruines des trois ponts rasés, ainsi que les mines et <L1>obus</L1> encore actifs.	The task is to clear the river of three collapsed bridges and unexploded mines and bombs along a five kilometre stretch of Serbian territory.				
La tâche à accomplir consiste à assainir le fleuve sur une distance de cinq kilomètres en territoire serbe, pour y éliminer les ruines des trois ponts rasés, ainsi que les mines et <N1></N1> encore actifs.	The task is to clear the river of three collapsed bridges and unexploded mines and bombs along a five kilometre stretch of Serbian territory.				
FALSE					
					
En conséquence, toutes les communications sont interceptées, et sont ensuite systématiquement analysées par des super-ordinateurs et classées sur la base d'un <L1>lexique</L1> de mots-clés.	Consequently, all communications are intercepted and then analysed by super-computers and classified on the basis of a lexicon of key words.	lexique tableau associatif dictionnaire | lexique vocabulaire			
En conséquence, toutes les communications sont interceptées, et sont ensuite systématiquement analysées par des super-ordinateurs et classées sur la base d'un <N1></N1> de mots-clés.	Consequently, all communications are intercepted and then analysed by super-computers and classified on the basis of a lexicon of key words.				
FALSE					
					
Le <L1>bonus</L1> accordé sur les 850 millions d'euros revendiqués correspond en gros au prix d'une vingtaine de km d'autoroute en France !	The bonus granted out of the EUR 850 million demanded is roughly the equivalent of about twenty kilometres of motorway in France!	bonus chiquenaude pichenette coup de pouce | bonus prime intérêt			
Le <N1>bonus</N1> accordé sur les 850 millions d'euros revendiqués correspond en gros au prix d'une vingtaine de km d'autoroute en France !	The bonus granted out of the EUR 850 million demanded is roughly the equivalent of about twenty kilometres of motorway in France!				
TRUE					
					
Nous avons des réalisateurs européens qui ont travaillé avec des sociétés américaines, qui ont réalisé des films splendides, nous sommes dotés d' un savoir, mais il manque l' appui de l' industrie pour pouvoir être concurrentiels en matière de post-production, car parler à présent de cinéma d' essai revient à parler du passé, à parler de ciné-théâtre où la <L1>caméra</L1> courre après l' acteur.	We have European directors who have worked with American companies, who have made fantastic films. We have the knowledge, but we do not have the support for the industry to allow us to compete in post-production, because to speak now of script-led cinema is to speak of times past, it is to speak of the theatre-cinema in which the camera follows the actor around.	appareil photo caméra			
Nous avons des réalisateurs européens qui ont travaillé avec des sociétés américaines, qui ont réalisé des films splendides, nous sommes dotés d' un savoir, mais il manque l' appui de l' industrie pour pouvoir être concurrentiels en matière de post-production, car parler à présent de cinéma d' essai revient à parler du passé, à parler de ciné-théâtre où la <N1></N1> courre après l' acteur.	We have European directors who have worked with American companies, who have made fantastic films. We have the knowledge, but we do not have the support for the industry to allow us to compete in post-production, because to speak now of script-led cinema is to speak of times past, it is to speak of the theatre-cinema in which the camera follows the actor around.				
FALSE					
					
Le fait que la demande de transports aériens s'accroît pour ainsi dire chaque jour, en raison des tarifs réduits, du désir de voyager à l'étranger pour les vacances et les affaires ou même parce qu'il est possible de prendre quelques jours de pause à un <L1>jet</L1> de pierre, a augmenté la pression à laquelle est soumis le trafic aérien.	The demand for air transport is rising almost daily because of cheap fares, the desire of people to travel abroad on holiday and on business or even to be able to take a few days' break at the drop of a hat has added to this pressure.	jais jet | vacance congé jet fête | coup mouvement jet accident vasculaire cérébral jeter | jeter jet | jeter rejeter jet précipiter | jais jet gicler | jais jet fontaine			
Le fait que la demande de transports aériens s'accroît pour ainsi dire chaque jour, en raison des tarifs réduits, du désir de voyager à l'étranger pour les vacances et les affaires ou même parce qu'il est possible de prendre quelques jours de pause à un <N1></N1> de pierre, a augmenté la pression à laquelle est soumis le trafic aérien.	The demand for air transport is rising almost daily because of cheap fares, the desire of people to travel abroad on holiday and on business or even to be able to take a few days' break at the drop of a hat has added to this pressure.				
FALSE					
					
Nous voyons en effet que le conflit dans ces îles entre l'ethnie <L1>autochtone</L1> et l'ethnie immigrée a explosé de manière peu sanglante, certes, mais néanmoins impressionnante.	Indeed, we can see that the conflict between the indigenous ethnic group and the immigrant ethnic group has flared up dramatically, although it is true that there has been relatively little bloodshed.	aborigène indigène congénital autochtone endémique inné | aborigène autochtone | natif autochtone | aborigène Géographie du Soudan indigène Autochtone			
Nous voyons en effet que le conflit dans ces îles entre l'ethnie <N1></N1> et l'ethnie immigrée a explosé de manière peu sanglante, certes, mais néanmoins impressionnante.	Indeed, we can see that the conflict between the indigenous ethnic group and the immigrant ethnic group has flared up dramatically, although it is true that there has been relatively little bloodshed.				
FALSE					
					
Ainsi, la LRA, résistance armée, n'hésite pas à <L1>kidnapper</L1> des garçons de sept ans, à les soumettre à des brutalités extrêmes pour les former à se battre et à terroriser des villageois.	In this way, the LRA, the armed resistance, does not hesitate to kidnap seven-year-old boys and subject them to extreme brutality to train them to fight and terrorise villagers.	enlever kidnapper ravir			
Ainsi, la LRA, résistance armée, n'hésite pas à <N1>enlever</N1> des garçons de sept ans, à les soumettre à des brutalités extrêmes pour les former à se battre et à terroriser des villageois.	In this way, the LRA, the armed resistance, does not hesitate to kidnap seven-year-old boys and subject them to extreme brutality to train them to fight and terrorise villagers.				
TRUE					
					
Nous devrions pouvoir y assister, nous allons y aller et provoquer une bonne bagarre , au lieu de regarder le splendide <L1>festival</L1> du football que cela aurait dû être.	We should be allowed to go there, and we are going to go and have a good fight , instead of watching the wonderful festival of football that it should have been.	festival kermesse			
Nous devrions pouvoir y assister, nous allons y aller et provoquer une bonne bagarre , au lieu de regarder le splendide <N1></N1> du football que cela aurait dû être.	We should be allowed to go there, and we are going to go and have a good fight , instead of watching the wonderful festival of football that it should have been.				
FALSE					
					
Car derrière les notions de racisme et de xénophobie se trouvent des gens et leur sort, qui ne doivent pas servir à un <L1>show</L1> politique.	Because underlying the concept of racism and xenophobia there are people and their destinies, and they should not be used to put on some kind of political show.				
Car derrière les notions de racisme et de xénophobie se trouvent des gens et leur sort, qui ne doivent pas servir à un <N1>spectacle</N1> politique.	Because underlying the concept of racism and xenophobia there are people and their destinies, and they should not be used to put on some kind of political show.				
TRUE					
					
Dans le fond comme dans chacune de ses formulations, ce rapport est un <L1>panégyrique</L1> de la concurrence et de l'économie de marché.	(FR) Overall, and in each of its comments, this report does nothing but extol the virtues of competition and the market economy.	dithyrambique panégyrique | éloge funèbre éloge eulogie panégyrique			
Dans le fond comme dans chacune de ses formulations, ce rapport est un <N1></N1> de la concurrence et de l'économie de marché.	(FR) Overall, and in each of its comments, this report does nothing but extol the virtues of competition and the market economy.				
FALSE					
					
Une priorité de l'Union européenne doit être, à coup sûr, de se débarrasser de cet esprit <L1>antagoniste</L1> et, au lieu de cela, de chercher à remplir un objectif prioritaire qui consiste à contribuer à la solidarité occidentale.	A priority for the European Union must surely be to break out of this antagonistic mindset and instead seek, as a primary aim, to contribute to western solidarity.	adversaire antagoniste dissident objecteur | adversaire antagoniste ennemi			
Une priorité de l'Union européenne doit être, à coup sûr, de se débarrasser de cet esprit <N1></N1> et, au lieu de cela, de chercher à remplir un objectif prioritaire qui consiste à contribuer à la solidarité occidentale.	A priority for the European Union must surely be to break out of this antagonistic mindset and instead seek, as a primary aim, to contribute to western solidarity.				
FALSE					
					
Do not pick the winners and <L1>let</L1> the winners pick.	Do not pick the winners and let the winners pick.				
Do not pick the winners and <N1></N1> the winners pick.	Do not pick the winners and let the winners pick.				
FALSE					
					
Car je ne pense pas, Monsieur Verheugen, que nous puissions tous accepter, d' un côté, d' élire des parlements, d' élire des gouvernements, tandis que, de l' autre, il existe encore un <L1>establishment</L1> militaire qui fixe des conditions politiques en notre nom à tous.	Because I do not think, Mr Verheugen, that we can all agree to vote for parliaments, to vote for governments, on the one hand, and yet still have military rule dictating political terms on behalf of us all on the other.				
Car je ne pense pas, Monsieur Verheugen, que nous puissions tous accepter, d' un côté, d' élire des parlements, d' élire des gouvernements, tandis que, de l' autre, il existe encore un <N1>establishment</N1> militaire qui fixe des conditions politiques en notre nom à tous.	Because I do not think, Mr Verheugen, that we can all agree to vote for parliaments, to vote for governments, on the one hand, and yet still have military rule dictating political terms on behalf of us all on the other.				
TRUE					
					
Le treizième article transitoire de la constitution italienne, stupidement baptisé transitoire mais toujours en vigueur après 53 ans, représente non seulement une violation des Traités européens, mais également une discrimination sexuelle, dans la mesure où il ne s'applique qu'aux descendants royaux de sexe masculin, quelque soit leur degré de parenté avec le <L1>monarque</L1> constitutionnel, le roi Victor-Emmanuel, jugé coupable d'avoir signé, pendant la guerre, des lois fascistes inacceptables.	The thirteenth transitional article of the Italian Constitution, absurdly labelled  transitional  but still in force after 53 years, is not only a violation of European treaties, but also sexually discriminatory in that it applies only to male royal descendants, no matter how far removed, of the constitutional monarch King Victor Emanuel, deemed guilty of signing unacceptable wartime fascist laws.	danaus plexippus danaidae monarque | monarque souverain			
Le treizième article transitoire de la constitution italienne, stupidement baptisé transitoire mais toujours en vigueur après 53 ans, représente non seulement une violation des Traités européens, mais également une discrimination sexuelle, dans la mesure où il ne s'applique qu'aux descendants royaux de sexe masculin, quelque soit leur degré de parenté avec le <N1></N1> constitutionnel, le roi Victor-Emmanuel, jugé coupable d'avoir signé, pendant la guerre, des lois fascistes inacceptables.	The thirteenth transitional article of the Italian Constitution, absurdly labelled  transitional  but still in force after 53 years, is not only a violation of European treaties, but also sexually discriminatory in that it applies only to male royal descendants, no matter how far removed, of the constitutional monarch King Victor Emanuel, deemed guilty of signing unacceptable wartime fascist laws.				
FALSE					
					
Malheureusement, la commission des affaires étrangères du Parlement européen a cédé aux pressions du Conseil qui privilégie avec le régime turc une <L1>realpolitik</L1> sans principes, privant ainsi les citoyens mêmes de ce pays de l' impulsion démocratique que pourrait donner l' UE.	Unfortunately, the Committee on Foreign Affairs, Human Rights, Common Security and Defence Policy of the European Union crumbled under pressure from the Council, which is promoting an unprincipled realpolitik with the Turkish regime, thereby depriving Turkish citizens of a boost towards democracy, which could be given by the European Union.				
Malheureusement, la commission des affaires étrangères du Parlement européen a cédé aux pressions du Conseil qui privilégie avec le régime turc une <N1>realpolitik</N1> sans principes, privant ainsi les citoyens mêmes de ce pays de l' impulsion démocratique que pourrait donner l' UE.	Unfortunately, the Committee on Foreign Affairs, Human Rights, Common Security and Defence Policy of the European Union crumbled under pressure from the Council, which is promoting an unprincipled realpolitik with the Turkish regime, thereby depriving Turkish citizens of a boost towards democracy, which could be given by the European Union.				
TRUE					
					
Ne voulant pas du <L1>roll back</L1> et n'arrivant pas à réaliser le <L2>containment</L2>, les dirigeants européens cherchent à fixer fort logiquement les nomades avant leur départ.	Not wanting any roll back and unable to achieve containment, European leaders are logically seeking to prevent these nomads from leaving their home countries.				
Ne voulant pas du <N1>retour en arriére</N1> et n'arrivant pas à réaliser le <N2>confinement</N2>, les dirigeants européens cherchent à fixer fort logiquement les nomades avant leur départ.	Not wanting any roll back and unable to achieve containment, European leaders are logically seeking to prevent these nomads from leaving their home countries.				
TRUE					
					
Je voudrais juste expliquer que, dans la partie de l'Allemagne d'où je proviens, ce mot ne signifie rien d'autre en anglais que painful and <L1>hard</L1> work (travail douloureux et pénible).	I would just like to explain that in the part of Germany I come from, this word implies nothing more than painful and hard work.	Fucking Hard Autriche			
Je voudrais juste expliquer que, dans la partie de l'Allemagne d'où je proviens, ce mot ne signifie rien d'autre en anglais que painful and <N1></N1> work (travail douloureux et pénible).	I would just like to explain that in the part of Germany I come from, this word implies nothing more than painful and hard work.				
FALSE					
					
Nous ne sommes pas ici à <L1>OK</L1> Coral. Il ne s'agit pas d'être les premiers à dégainer.	This is not the gunfight at the OK Corral: This is not about being the first to draw.	bien OK bon | okey OK Ernst August Friedrich Ruska			
Nous ne sommes pas ici à <N1></N1> Coral. Il ne s'agit pas d'être les premiers à dégainer.	This is not the gunfight at the OK Corral: This is not about being the first to draw.				
FALSE					
					
En ce sens, il me semble qu' on peut éviter la situation régnant au sein de la fédération de <L1>basket-ball</L1> et les choses qui se dérouleront demain dans tous les autres domaines et préserver l'unité, ainsi que le contact qu'entretient le sport avec la société.	In this sense, I think that we can avert what is happening in the basketball federation today and what we can see will happen in all the other sports tomorrow, and maintain the unity of sport and its contact with society.	basket basketball basket-ball			
En ce sens, il me semble qu' on peut éviter la situation régnant au sein de la fédération de <N1>basket-ball</N1> et les choses qui se dérouleront demain dans tous les autres domaines et préserver l'unité, ainsi que le contact qu'entretient le sport avec la société.	In this sense, I think that we can avert what is happening in the basketball federation today and what we can see will happen in all the other sports tomorrow, and maintain the unity of sport and its contact with society.				
TRUE					
					
La <L1>valse</L1> des milliers de milliards qui caractérise les grands événements sportifs ainsi que les profits financiers énormes du capital ont supplanté l' idéal de l' athlétisme.	Three million people dancing attendance at major sporting events and huge profits for business have eclipsed the athletic ideal.				
La <N1></N1> des milliers de milliards qui caractérise les grands événements sportifs ainsi que les profits financiers énormes du capital ont supplanté l' idéal de l' athlétisme.	Three million people dancing attendance at major sporting events and huge profits for business have eclipsed the athletic ideal.				
FALSE					
					
La science a toujours eu deux visages : celui qu'on découvre peut être utilisé pour notre bien ou contre nous, depuis toujours : la roue sert à se déplacer plus vite ou à tuer quelqu'un ; le <L1>revolver</L1> sert à se défendre ou à tuer ; l'énergie atomique sert à améliorer notre confort ou à fabriquer des bombes atomiques.	Science has always had two sides to it: it has always been the case that discoveries can be used for our benefit or against us: the wheel can be used to move us around more quickly or to kill people; revolvers can be used to defend or murder people; atomic energy can improve our lives or make atomic bombs.				
La science a toujours eu deux visages : celui qu'on découvre peut être utilisé pour notre bien ou contre nous, depuis toujours : la roue sert à se déplacer plus vite ou à tuer quelqu'un ; le <N1>revolver</N1> sert à se défendre ou à tuer ; l'énergie atomique sert à améliorer notre confort ou à fabriquer des bombes atomiques.	Science has always had two sides to it: it has always been the case that discoveries can be used for our benefit or against us: the wheel can be used to move us around more quickly or to kill people; revolvers can be used to defend or murder people; atomic energy can improve our lives or make atomic bombs.				
TRUE					
					
Je me rappelle l'époque où il était un <L1>sprinter</L1> de renom, et je me réjouissais alors qu'un sportif européen puisse faire échec à la domination américaine.	I remember his time as a great sprinter, and I was delighted that someone from a European country was able to end American dominance of the sport.	sprinter sprinteur			
Je me rappelle l'époque où il était un <N1>sprinteur</N1> de renom, et je me réjouissais alors qu'un sportif européen puisse faire échec à la domination américaine.	I remember his time as a great sprinter, and I was delighted that someone from a European country was able to end American dominance of the sport.				
TRUE					
					
Il se trouve que le sport que je pratique, le rugby, n'est pas très populaire. La coupe du monde de <L1>rugby</L1> est prévue pour le mois d'octobre ou novembre.	My sport happens to be a minority sport - rugby league football - and in October or November the World Cup will be taking place in the UK and in France.				
Il se trouve que le sport que je pratique, le rugby, n'est pas très populaire. La coupe du monde de <N1>rugby</N1> est prévue pour le mois d'octobre ou novembre.	My sport happens to be a minority sport - rugby league football - and in October or November the World Cup will be taking place in the UK and in France.				
TRUE					
					
Dans ce cas, on peut éventuellement recourir à des mesures ponctuelles, par exemple en ce qui concerne les taxes sur le carburant <L2>diesel</L2> et sur le <L1>fioul</L1> domestique, et surtout si on met ces mesures en uvre au niveau général.	This means that very precise measures with regard to taxes on diesel and heating oil, for example, within the realms of possibility, will be a good solution, if they are implemented generally.	mazout fioul			
Dans ce cas, on peut éventuellement recourir à des mesures ponctuelles, par exemple en ce qui concerne les taxes sur le carburant <N2>diésel</N2> et sur le <N1>mazout</N1> domestique, et surtout si on met ces mesures en uvre au niveau général.	This means that very precise measures with regard to taxes on diesel and heating oil, for example, within the realms of possibility, will be a good solution, if they are implemented generally.				
TRUE					
					
L'une des questions est de savoir si l'Union peut négocier la stratégie des stocks de pétrole nécessaires, tant sur son propre territoire qu'avec les États-Unis, car c'est de toute évidence la diminution des stocks américains et la relative faiblesse de leurs réserves à l'heure actuelle, qui augmente toujours plus le prix <L1>spot</L1> du pétrole.	One question is this: is the Union in a position to negotiate strategies for vital stocks of oil both within its own territory and with the United States, as, apparently, the decline in US stocks and now their need for replenishment are pushing up the spot price of oil even further.	terrain peu bit spot point | spot comptant			
L'une des questions est de savoir si l'Union peut négocier la stratégie des stocks de pétrole nécessaires, tant sur son propre territoire qu'avec les États-Unis, car c'est de toute évidence la diminution des stocks américains et la relative faiblesse de leurs réserves à l'heure actuelle, qui augmente toujours plus le prix <N1>au comptant</N1> du pétrole.	One question is this: is the Union in a position to negotiate strategies for vital stocks of oil both within its own territory and with the United States, as, apparently, the decline in US stocks and now their need for replenishment are pushing up the spot price of oil even further.				
TRUE					
					
Ce <L1>puzzle</L1> passe par la révision de la convention de Dublin, il passe par la décision de proposer une directive sur les normes minimales de procédure commune d'asile et aussi par les travaux de préparation technique du système Eurodac, qui n'ont pas été arrêtés, qui se poursuivent et qui, naturellement, ne pourront être mis en pratique que lorsqu'il y aura une base juridique légale claire et inattaquable pour le développement du système Eurodac.	Another piece of this jigsaw is the decision that we have adopted today, to propose a directive on minimum standards for a common asylum procedure, and another piece is the preparatory technical work on the Eurodac system, which has not stood still, but is continuing. This work can, of course, only be carried out when there is a clear and unassailable legal basis for developing the Eurodac system.	scie sauteuse puzzle | puzzle énigme | casse-tête puzzle | casse-tête puzzle énigme devinette			
Ce <N1>puzzle</N1> passe par la révision de la convention de Dublin, il passe par la décision de proposer une directive sur les normes minimales de procédure commune d'asile et aussi par les travaux de préparation technique du système Eurodac, qui n'ont pas été arrêtés, qui se poursuivent et qui, naturellement, ne pourront être mis en pratique que lorsqu'il y aura une base juridique légale claire et inattaquable pour le développement du système Eurodac.	Another piece of this jigsaw is the decision that we have adopted today, to propose a directive on minimum standards for a common asylum procedure, and another piece is the preparatory technical work on the Eurodac system, which has not stood still, but is continuing. This work can, of course, only be carried out when there is a clear and unassailable legal basis for developing the Eurodac system.				
TRUE					
					
Le Parlement a rejeté une proposition d'inclure les échafaudages dans un précédent amendement à la directive, grâce à <L1>bob</L1> nombre de mes collègues siégeant de l'autre côté de l'hémicycle.	A proposal to include scaffolding in an earlier amendment to the directive was rejected by Parliament, thanks to many of my colleagues on the other side of the House.				
Le Parlement a rejeté une proposition d'inclure les échafaudages dans un précédent amendement à la directive, grâce à <N1></N1> nombre de mes collègues siégeant de l'autre côté de l'hémicycle.	A proposal to include scaffolding in an earlier amendment to the directive was rejected by Parliament, thanks to many of my colleagues on the other side of the House.				
FALSE					
					
Il y a manifestement un manque de volonté politique pour exécuter les mesures que nous décidons au sein de ce Parlement, et ceci se traduit par une inefficacité dans la réalisation de nos objectifs politiques, par une <L1>sclérose</L1> progressive du fonctionnement des institutions européennes et par une mauvaise image qui, comme l'a dit l'oratrice précédente, s'étale parfois au grand jour.	There is a clear lack of political will to implement the measures which we decide on in Parliament, and that leads to inefficiency in the achievement of our political objectives, to a gradual paralysis of the functioning of the European institutions and to a bad image which, as the previous speaker said, is sometimes projected to the public.				
Il y a manifestement un manque de volonté politique pour exécuter les mesures que nous décidons au sein de ce Parlement, et ceci se traduit par une inefficacité dans la réalisation de nos objectifs politiques, par une <N1></N1> progressive du fonctionnement des institutions européennes et par une mauvaise image qui, comme l'a dit l'oratrice précédente, s'étale parfois au grand jour.	There is a clear lack of political will to implement the measures which we decide on in Parliament, and that leads to inefficiency in the achievement of our political objectives, to a gradual paralysis of the functioning of the European institutions and to a bad image which, as the previous speaker said, is sometimes projected to the public.				
FALSE					
					
La Commission ne se retrouve donc pas dans le portrait qu'on veut faire d'elle, celui d'un <L1>dinosaure</L1> du XIXe siècle, ou plus vieux encore si vous voulez, - puisque, comme vous le savez, les dinosaures ne vivaient pas au XIXe siècle - un dinosaure qui résiste avec acharnement à l'adoption de moyens alternatifs de règlement des litiges et qui veut poursuivre une obsession : les tribunaux, toujours et pour tout.	The Commission does not, therefore, recognise itself in the portrait that you might wish to paint of us, that is one of a nineteenth century dinosaur, or an even older one, if you prefer. We do not see ourselves in this light because, as you know, anthropologically speaking, dinosaurs no longer existed in the nineteenth century.				
La Commission ne se retrouve donc pas dans le portrait qu'on veut faire d'elle, celui d'un <N1></N1> du XIXe siècle, ou plus vieux encore si vous voulez, - puisque, comme vous le savez, les dinosaures ne vivaient pas au XIXe siècle - un dinosaure qui résiste avec acharnement à l'adoption de moyens alternatifs de règlement des litiges et qui veut poursuivre une obsession : les tribunaux, toujours et pour tout.	The Commission does not, therefore, recognise itself in the portrait that you might wish to paint of us, that is one of a nineteenth century dinosaur, or an even older one, if you prefer. We do not see ourselves in this light because, as you know, anthropologically speaking, dinosaurs no longer existed in the nineteenth century.				
FALSE					
					
Les baumes trompeurs d'un redressement purement économique disparaîtraient rapidement, rattrapés par la <L1>gangrène</L1> des convulsions environnementales, donc sanitaires, et en définitive sociales.	The deceptive salve of a purely economic recovery would soon wear off, overtaken by the gangrene of spasms in the environmental arena, and thus the health arena, and ultimately, the social arena.	gangrène escarre | gangrène nécrose			
Les baumes trompeurs d'un redressement purement économique disparaîtraient rapidement, rattrapés par la <N1></N1> des convulsions environnementales, donc sanitaires, et en définitive sociales.	The deceptive salve of a purely economic recovery would soon wear off, overtaken by the gangrene of spasms in the environmental arena, and thus the health arena, and ultimately, the social arena.				
FALSE					
					
Malheureusement, ce match s'est déroulé jusqu'à présent sans grand <L1>suspense</L1> et sans qu'aucun but ne soit marqué.	Unfortunately, the match has so far been goalless and not very exciting.				
Malheureusement, ce match s'est déroulé jusqu'à présent sans grand <N1></N1> et sans qu'aucun but ne soit marqué.	Unfortunately, the match has so far been goalless and not very exciting.				
FALSE					
					
Je tiens à rassurer M. Poettering sur ma capacité à mâcher du <L1>chewing-gum</L1> tout en l'écoutant avec attention.	I am anxious to reassure Mr Poettering of my ability to chew gum while still listening carefully to what he has to say.	chewing-gum gencive			
Je tiens à rassurer M. Poettering sur ma capacité à mâcher du <N1>chewing-gum</N1> tout en l'écoutant avec attention.	I am anxious to reassure Mr Poettering of my ability to chew gum while still listening carefully to what he has to say.				
TRUE					
					
Je crois d'ailleurs que cette <L1>dichotomie</L1> entre recherche fondamentale et recherche appliquée est dépassée.	I moreover believe that this dichotomy between basic research and applied research is a thing of the past.	dichotomie dualité			
Je crois d'ailleurs que cette <N1></N1> entre recherche fondamentale et recherche appliquée est dépassée.	I moreover believe that this dichotomy between basic research and applied research is a thing of the past.				
FALSE					
					
Nous portons la responsabilité envers la jeunesse de lui procurer les valeurs indispensables à la construction d'une société d'avenir dans laquelle la violence et l'agressivité ne soient pas considérées comme un modèle <L2>hip</L2> , <L1>cool</L1> auquel il convient de se conformer, mais au contraire comme de vils instincts à rejeter catégoriquement.	We are responsible for ensuring that our young people can shape a future society in which violence and aggression are not presented as hip or cool or as examples to be copied but as deeply reprehensible.	frais frisquet cool | frais cool | refroidissement réfrigération cool			
Nous portons la responsabilité envers la jeunesse de lui procurer les valeurs indispensables à la construction d'une société d'avenir dans laquelle la violence et l'agressivité ne soient pas considérées comme un modèle <N2>branché</N2> , <N1>cool</N1> auquel il convient de se conformer, mais au contraire comme de vils instincts à rejeter catégoriquement.	We are responsible for ensuring that our young people can shape a future society in which violence and aggression are not presented as hip or cool or as examples to be copied but as deeply reprehensible.				
TRUE					
					
Il peut être utile de légiférer dans certains domaines, mais nous n'avons pas besoin d'une <L1>armada</L1> de règles bureaucratiques étroites, qui jettent le discrédit sur la coopération européenne sans engendrer de réels résultats.	There may be a need for legislation in some areas, but we have no need for a host of bureaucratic and constricting rules which bring European cooperation into discredit without producing real results.				
Il peut être utile de légiférer dans certains domaines, mais nous n'avons pas besoin d'une <N1>multitude</N1> de règles bureaucratiques étroites, qui jettent le discrédit sur la coopération européenne sans engendrer de réels résultats.	There may be a need for legislation in some areas, but we have no need for a host of bureaucratic and constricting rules which bring European cooperation into discredit without producing real results.				
TRUE					
					
Ce n'est pas un exercice technique ni <L1>anodin</L1> et nous devons poser les questions de fond avant tout.	This is neither a technical nor an innocuous exercise and we must ask fundamental questions before doing anything.				
Ce n'est pas un exercice technique ni <N1></N1> et nous devons poser les questions de fond avant tout.	This is neither a technical nor an innocuous exercise and we must ask fundamental questions before doing anything.				
FALSE					
					
Qu'est-ce qu'un passage inoffensif de <L1>paquebot</L1> dans un tel détroit ?	What constitutes 'innocent passage' by a passenger boat through a strait like this?	paquebot paquet | paquebot Navire de croisière navire de croisière			
Qu'est-ce qu'un passage inoffensif de <N1></N1> dans un tel détroit ?	What constitutes 'innocent passage' by a passenger boat through a strait like this?				
FALSE					
					
Et je vous le dis très clairement : il faut donner sa chance à Kostunica et j'espère dès lors qu'il veillera à une <L1>amnistie</L1> au cours des semaines ou des mois à venir ; mais entre-temps, je souhaite toutefois que, sur le plan politique et sur le plan budgétaire, des conditions politiques soient couplées à l'introduction de ces deux nouvelles lignes budgétaires, à savoir la démocratisation et la reconstruction.	And I am telling you loud and clear: Kostunica must be given his chance here and I therefore hope that he will give amnesty in the next couple of weeks or months, but meanwhile, I do want the introduction of those two new budget lines, democratisation and reconstruction, to be accompanied by political conditions, both from a political and budgetary perspective.	grâce pardon amnistie | grâce amnistie Amnistie en France			
Et je vous le dis très clairement : il faut donner sa chance à Kostunica et j'espère dès lors qu'il veillera à une <N1></N1> au cours des semaines ou des mois à venir ; mais entre-temps, je souhaite toutefois que, sur le plan politique et sur le plan budgétaire, des conditions politiques soient couplées à l'introduction de ces deux nouvelles lignes budgétaires, à savoir la démocratisation et la reconstruction.	And I am telling you loud and clear: Kostunica must be given his chance here and I therefore hope that he will give amnesty in the next couple of weeks or months, but meanwhile, I do want the introduction of those two new budget lines, democratisation and reconstruction, to be accompanied by political conditions, both from a political and budgetary perspective.				
FALSE					
					
Je suis durablement attaché à l'aide et à l'appui qui peuvent être apportés à ces régions et je comprends donc, Mesdames et Messieurs, l'inquiétude, ici et là, dans vos régions, comme dans les régions d'objectif 1 où je me rends régulièrement, à propos du défi et du <L1>challenge</L1> de l'élargissement.	I have a lasting commitment to aid and support for these regions, and therefore understand, ladies and gentlemen, the concern expressed, here and there, in your regions and also in the Objective 1 regions, which I visit regularly, regarding the challenge of enlargement.				
Je suis durablement attaché à l'aide et à l'appui qui peuvent être apportés à ces régions et je comprends donc, Mesdames et Messieurs, l'inquiétude, ici et là, dans vos régions, comme dans les régions d'objectif 1 où je me rends régulièrement, à propos du défi et du <N1>challenge</N1> de l'élargissement.	I have a lasting commitment to aid and support for these regions, and therefore understand, ladies and gentlemen, the concern expressed, here and there, in your regions and also in the Objective 1 regions, which I visit regularly, regarding the challenge of enlargement.				
TRUE					
					
Car les choses étant ce qu'elles sont dans les différents États membres, il comporte le risque d'être plutôt <L1>contreproductif</L1> à une époque où la première priorité n'est pas un vaste débat sur une constitution, mais l'élaboration d'un Traité susceptible de permettre à l'Union européenne de digérer l'élargissement sans mettre en péril la méthode communautaire, clef de la réussite de l'intégration européenne.	For as things stand in the various Member States, it risks being rather counterproductive at a time when the top priority is not a very broad debate on a constitution but rather the drafting of a treaty that will allow the European Union to digest enlargement without endangering the Community method, which is the key to the success of European integration.				
Car les choses étant ce qu'elles sont dans les différents États membres, il comporte le risque d'être plutôt <N1></N1> à une époque où la première priorité n'est pas un vaste débat sur une constitution, mais l'élaboration d'un Traité susceptible de permettre à l'Union européenne de digérer l'élargissement sans mettre en péril la méthode communautaire, clef de la réussite de l'intégration européenne.	For as things stand in the various Member States, it risks being rather counterproductive at a time when the top priority is not a very broad debate on a constitution but rather the drafting of a treaty that will allow the European Union to digest enlargement without endangering the Community method, which is the key to the success of European integration.				
FALSE					
					
Cela nous a d'un côté permis de nous <L1>conscientiser</L1> au problème, certes dans des conditions dramatiques mais, d'un autre côté, cela nous impose des charges que n'assumeront pas seulement les citoyens, la ou les régions touchées ou le pays, mais aussi la communauté internationale, afin d'avoir une reconnaissance d'une solidarité qui doit, je crois, se manifester à plusieurs niveaux.	This has, on the one hand, allowed us to gain a deeper understanding of the issue, an understanding forced upon us by tragic events but, on the other hand, it imposes upon us certain burdens which are certainly not ours alone: they are not the burdens of one or more affected regions, they are burdens not only of the country but of the international community as well, so that solidarity is displayed and acknowledged at different levels.				
Cela nous a d'un côté permis de nous <N1>sensibiliser</N1> au problème, certes dans des conditions dramatiques mais, d'un autre côté, cela nous impose des charges que n'assumeront pas seulement les citoyens, la ou les régions touchées ou le pays, mais aussi la communauté internationale, afin d'avoir une reconnaissance d'une solidarité qui doit, je crois, se manifester à plusieurs niveaux.	This has, on the one hand, allowed us to gain a deeper understanding of the issue, an understanding forced upon us by tragic events but, on the other hand, it imposes upon us certain burdens which are certainly not ours alone: they are not the burdens of one or more affected regions, they are burdens not only of the country but of the international community as well, so that solidarity is displayed and acknowledged at different levels.				
TRUE					
					
En ce moment, la réalité que connaissent de larges parties de l'Europe est encore différente : l'accès au réseau est coûteux, les lignes téléphoniques sont occupées lors de la navigation, <L1>surfer</L1> coûte cher, les périodes d'attente sont longues.	The reality in large parts of Europe is at present very different, so that dialling into the net is expensive, telephone lines are engaged while surfing the Internet, surfing is costly, and there are long waiting times.				
En ce moment, la réalité que connaissent de larges parties de l'Europe est encore différente : l'accès au réseau est coûteux, les lignes téléphoniques sont occupées lors de la navigation, <N1>surfer</N1> coûte cher, les périodes d'attente sont longues.	The reality in large parts of Europe is at present very different, so that dialling into the net is expensive, telephone lines are engaged while surfing the Internet, surfing is costly, and there are long waiting times.				
TRUE					
					
Pour manifester à quel point l'ensemble de l'Europe s'associe au deuil qui frappe tout un pays de l'Union, dans cette circonstance exceptionnelle, j'ai demandé que les drapeaux du Parlement européen soient mis en <L1>berne</L1> pour toute la journée d'aujourd'hui.	In order to show the extent to which the whole of Europe empathises with the bereavement felt throughout one country in the Union, I have asked in these exceptional circumstances for the flags at the European Parliament to be flown at half mast today.	canton de Berne Berne			
Pour manifester à quel point l'ensemble de l'Europe s'associe au deuil qui frappe tout un pays de l'Union, dans cette circonstance exceptionnelle, j'ai demandé que les drapeaux du Parlement européen soient mis en <N1></N1> pour toute la journée d'aujourd'hui.	In order to show the extent to which the whole of Europe empathises with the bereavement felt throughout one country in the Union, I have asked in these exceptional circumstances for the flags at the European Parliament to be flown at half mast today.				
FALSE					
					
La restauration d'un système politique démocratique en Serbie constitue le début d'un nouveau chapitre. L'Union européenne doit toutefois être <L1>protagoniste</L1> de cette nouvelle phase, et plus seulement une observatrice passive, comme cela a été le cas jusqu'ici.	The re-establishment of a democratic political system in Serbia is the start of a new chapter in history, but the Union must be the protagonist of this new phase rather than the passive, slothful observer which it has been thus far.	protagoniste joueur | ami protagoniste admirateur champion			
La restauration d'un système politique démocratique en Serbie constitue le début d'un nouveau chapitre. L'Union européenne doit toutefois être <N1></N1> de cette nouvelle phase, et plus seulement une observatrice passive, comme cela a été le cas jusqu'ici.	The re-establishment of a democratic political system in Serbia is the start of a new chapter in history, but the Union must be the protagonist of this new phase rather than the passive, slothful observer which it has been thus far.				
FALSE					
					
Résultat : l'instauration, à peu près partout en Europe, d'un <L1>ticket</L1> modérateur pénalisant les patients et une médecine préventive en nette régression.	Almost everywhere in Europe this has resulted in a ticket system which penalises patients by making them contribute to the cost of medical treatment and in the marked decline of preventative medicine.	coupon ticket bon | ticket amende | billet ticket | ardoise ticket | billet billetterie ticket			
Résultat : l'instauration, à peu près partout en Europe, d'un <N1>ticket</N1> modérateur pénalisant les patients et une médecine préventive en nette régression.	Almost everywhere in Europe this has resulted in a ticket system which penalises patients by making them contribute to the cost of medical treatment and in the marked decline of preventative medicine.				
TRUE					
					
Pourquoi le grand chirurgien Christian Barnard - que j'ai eu la chance de rencontrer il y a une semaine lors d'un congrès organisé par mon ami Nisticò - a-t-il répondu à l'une de mes questions que c'est dans une clinique privée qu'il a réalisé la première transplantation <L1>cardiaque</L1> en Afrique du Sud ?	Why, in response to a question I put to him, did the great doctor, Christian Barnard, whom I had the good fortune to meet last week at a convention organised by Mr Nisticò, reply that when he performed the first heart transplant in South Africa it was in a private clinic?	cordial cardiaque cardial			
Pourquoi le grand chirurgien Christian Barnard - que j'ai eu la chance de rencontrer il y a une semaine lors d'un congrès organisé par mon ami Nisticò - a-t-il répondu à l'une de mes questions que c'est dans une clinique privée qu'il a réalisé la première transplantation <N1></N1> en Afrique du Sud ?	Why, in response to a question I put to him, did the great doctor, Christian Barnard, whom I had the good fortune to meet last week at a convention organised by Mr Nisticò, reply that when he performed the first heart transplant in South Africa it was in a private clinic?				
FALSE					
					
Le moment est venu de dire raisonnablement, mais de manière déterminée, <L1>stop</L1> à l'absence des femmes dans le règlement de ce type de problèmes, pour qu'à l'avenir les responsables politiques soient bien attentifs au fait que les guerres sont des problèmes qui concernent tout le monde et pas seulement les hommes, que les femmes sont celles qui en souffrent le plus et que, par conséquent, elles doivent être représentées dans toutes les instances où des situations de conflit armé sont en cause.	The time has come to say  enough  to the absence of women in the settlement of this type of problem. We must do so in a sensible but determined way, so that in future political leaders will be perfectly aware of the fact that wars are problems that affect everyone and not just men, that women suffer more than anyone and that for this very reason women should be represented in all organisations which address situations of armed conflict.	stop de du stop faire de pouce du autostop			
Le moment est venu de dire raisonnablement, mais de manière déterminée, <N1>stop</N1> à l'absence des femmes dans le règlement de ce type de problèmes, pour qu'à l'avenir les responsables politiques soient bien attentifs au fait que les guerres sont des problèmes qui concernent tout le monde et pas seulement les hommes, que les femmes sont celles qui en souffrent le plus et que, par conséquent, elles doivent être représentées dans toutes les instances où des situations de conflit armé sont en cause.	The time has come to say  enough  to the absence of women in the settlement of this type of problem. We must do so in a sensible but determined way, so that in future political leaders will be perfectly aware of the fact that wars are problems that affect everyone and not just men, that women suffer more than anyone and that for this very reason women should be represented in all organisations which address situations of armed conflict.				
TRUE					
					
Pour mon public anglais, cela représente environ un demi <L1>penny</L1> par an et l'on peut dire que c'est de l'argent bien investi.	To my English listeners that is roughly half a penny per annum and that is money well spent.	franc centime penny sou | centime penny pièce cent			
Pour mon public anglais, cela représente environ un demi <N1>penny</N1> par an et l'on peut dire que c'est de l'argent bien investi.	To my English listeners that is roughly half a penny per annum and that is money well spent.				
TRUE					
					
Nos forces de police garderont leurs uniformes, jusqu'au <L1>pull-over</L1> en laine bien confortable qu'ils ont pris l'habitude de porter.	Our police force will retain their uniforms, right down to the comforting woolly pullies that they have taken to wearing.	pull-over chandail			
Nos forces de police garderont leurs uniformes, jusqu'au <N1>chandail</N1> en laine bien confortable qu'ils ont pris l'habitude de porter.	Our police force will retain their uniforms, right down to the comforting woolly pullies that they have taken to wearing.				
TRUE					
					
Que veulent les sociaux-démocrates européens, qui ont introduit cette proposition ? Veulent-il transformer tout vote où une majorité de gauche n'a pu s'imposer en une occasion de mettre en place un <L1>ostracisme</L1> européen ?	Do the European Socialists, who tabled this proposal, intend to react to every election in which the Left loses its majority by initiating a campaign of European ostracism against the new government?	ostracisme bannissement			
Que veulent les sociaux-démocrates européens, qui ont introduit cette proposition ? Veulent-il transformer tout vote où une majorité de gauche n'a pu s'imposer en une occasion de mettre en place un <N1></N1> européen ?	Do the European Socialists, who tabled this proposal, intend to react to every election in which the Left loses its majority by initiating a campaign of European ostracism against the new government?				
FALSE					
					
Et, entre parenthèses, le cruel <L1>autocrate</L1> irakien fait de la propagande pour une attaque arabe massive sur l'État d'Israël ou, plus fort encore, pour un Djihad, pour une guerre sainte.	Incidentally, this brutal Iraqi autocrat is advocating a massive Arab attack on the State of Israel, indeed worse still, a full-blown Jihad, a Holy War.	despote autocrate tyran			
Et, entre parenthèses, le cruel <N1></N1> irakien fait de la propagande pour une attaque arabe massive sur l'État d'Israël ou, plus fort encore, pour un Djihad, pour une guerre sainte.	Incidentally, this brutal Iraqi autocrat is advocating a massive Arab attack on the State of Israel, indeed worse still, a full-blown Jihad, a Holy War.				
FALSE					
					
Il faut qu' arrive enfin le jour où l' Europe possédera en propre son cap Canaveral, sa <L1>NASA</L1> et sa Silicon Valley.	It is about time Europe had its own Cape Canaveral, its own ÍÁSÁ and its own Silicon Valley.	National Aeronautics and Space Administration NASA			
Il faut qu' arrive enfin le jour où l' Europe possédera en propre son cap Canaveral, sa <N1></N1> et sa Silicon Valley.	It is about time Europe had its own Cape Canaveral, its own ÍÁSÁ and its own Silicon Valley.				
FALSE					
					
Les mots and the Commission doivent être ajoutés et la dernière moitié de la phrase urges once again the Commission to <L1>open</L1> a representation office in Tapei doit être supprimée.	The words  and the Commission  would be inserted, and the last clause,  urges once again the Commission to open a representation office in Taipei  would be deleted.				
Les mots and the Commission doivent être ajoutés et la dernière moitié de la phrase urges once again the Commission to <N1></N1> a representation office in Tapei doit être supprimée.	The words  and the Commission  would be inserted, and the last clause,  urges once again the Commission to open a representation office in Taipei  would be deleted.				
FALSE					
					
Certes, vous deviendriez alors davantage <L1>héroïne</L1> que héros, et de toute façon nous ne vous souhaiterions pas, naturellement, de finir comme Robespierre.	Of course, you would become a heroine rather than a hero, and anyway we naturally would not wish the same fate on you as Robespierre met.	diacétylmorphine héroïne			
Certes, vous deviendriez alors davantage <N1></N1> que héros, et de toute façon nous ne vous souhaiterions pas, naturellement, de finir comme Robespierre.	Of course, you would become a heroine rather than a hero, and anyway we naturally would not wish the same fate on you as Robespierre met.				
FALSE					
					
Nous avons ni plus ni moins transformé le filet de sécurité des utilisateurs de la poste en un <L1>hamac</L1> dans lequel les grands acteurs du secteur postal peuvent continuer à se vautrer et agir en toute liberté.	We have turned the safety net for post users into a hammock for those large postal companies where they can carry on doing what they are now getting away with.	butte hamac monticule colline			
Nous avons ni plus ni moins transformé le filet de sécurité des utilisateurs de la poste en un <N1>hamac</N1> dans lequel les grands acteurs du secteur postal peuvent continuer à se vautrer et agir en toute liberté.	We have turned the safety net for post users into a hammock for those large postal companies where they can carry on doing what they are now getting away with.				
TRUE					
					
Cette réponse a dû <L1>embarrasser</L1> M. Patten qui est assis à côté de lui car, lors de la question précédente, nous avons entendu une grande leçon sur le respect des droits de l'homme.	Mr Patten, sitting alongside him, must have been squirming when he heard that answer, because in the previous question we heard a great lecture on respect for human rights.	confondre embarrasser troubler | bloquer entraver gêner obstruer embarrasser			
Cette réponse a dû <N1></N1> M. Patten qui est assis à côté de lui car, lors de la question précédente, nous avons entendu une grande leçon sur le respect des droits de l'homme.	Mr Patten, sitting alongside him, must have been squirming when he heard that answer, because in the previous question we heard a great lecture on respect for human rights.				
FALSE					
					
Objet : Droit anti-dumping sur les importations de <L1>coke</L1> de houille en morceaux Les fonderies européennes et le secteur de l'isolation utilisent des morceaux de coke d'un diamètre supérieur à 80 mm et emploient plus de 100 000 personnes à l'échelle de la Communauté, alors que la cokéfaction communautaire n'emploie pas plus de 800 personnes.	Subject: Anti-dumping duty on import of coke of coal in pieces European foundries and the insulation industry are using coke over 80 mm in diameter and are employing more than 100 000 people within the Community, while Community producers of coke employ no more than 800 people.	Coke coke coca | neiger neige coke | coke cocaïne			
Objet : Droit anti-dumping sur les importations de <N1>coke</N1> de houille en morceaux Les fonderies européennes et le secteur de l'isolation utilisent des morceaux de coke d'un diamètre supérieur à 80 mm et emploient plus de 100 000 personnes à l'échelle de la Communauté, alors que la cokéfaction communautaire n'emploie pas plus de 800 personnes.	Subject: Anti-dumping duty on import of coke of coal in pieces European foundries and the insulation industry are using coke over 80 mm in diameter and are employing more than 100 000 people within the Community, while Community producers of coke employ no more than 800 people.				
TRUE					
					
Mais ce mécanisme est inutile, parce que, malheureusement, en Espagne, on ne fait pas la <L1>sieste</L1> toute l'année et on ne la fait pas dans l'ensemble du pays.	But this mechanism is of no use, since, unfortunately, people do not sleep siestas all year in Spain and it is not even slept in the whole of Spain.	roupillon sieste			
Mais ce mécanisme est inutile, parce que, malheureusement, en Espagne, on ne fait pas la <N1></N1> toute l'année et on ne la fait pas dans l'ensemble du pays.	But this mechanism is of no use, since, unfortunately, people do not sleep siestas all year in Spain and it is not even slept in the whole of Spain.				
FALSE					
					
Ce n'est pas celle de l'assassin anonyme qui attend sa victime dans le <L1>hall</L1> sombre de son immeuble. Ce n'est pas celle de la violence qui terrorise pour forcer tout un peuple, par la peur et le chantage, au silence ou à la complicité subie.	It does not find expression in the anonymous assassin waiting for his victim in the dark vestibule of his apartment block or in the use of violent terrorism to force a whole people, through fear and blackmail, into silence or passive complicity.	vestibule hall antichambre			
Ce n'est pas celle de l'assassin anonyme qui attend sa victime dans le <N1>vestibule</N1> sombre de son immeuble. Ce n'est pas celle de la violence qui terrorise pour forcer tout un peuple, par la peur et le chantage, au silence ou à la complicité subie.	It does not find expression in the anonymous assassin waiting for his victim in the dark vestibule of his apartment block or in the use of violent terrorism to force a whole people, through fear and blackmail, into silence or passive complicity.				
TRUE					
					
De même, la recherche permanente dans le passé historique - voire <L1>préhistorique</L1> - d'offenses qui justifieraient la rupture des communautés démocratiques actuelles, ou qui voudraient démontrer l'incompatibilité de ceux qui, de fait, vivent ensemble depuis des siècles, semble peu raisonnable.	Nor does it seem prudent to be permanently searching the historic past - or even the prehistoric past - for wrongs which justify the break-up of current democratic communities, or which are intended to demonstrate the incompatibility of people who have in fact lived together for centuries.				
De même, la recherche permanente dans le passé historique - voire <N1></N1> - d'offenses qui justifieraient la rupture des communautés démocratiques actuelles, ou qui voudraient démontrer l'incompatibilité de ceux qui, de fait, vivent ensemble depuis des siècles, semble peu raisonnable.	Nor does it seem prudent to be permanently searching the historic past - or even the prehistoric past - for wrongs which justify the break-up of current democratic communities, or which are intended to demonstrate the incompatibility of people who have in fact lived together for centuries.				
FALSE					
					
. (NL) Diverses entreprises internationales sont prêtes qui estiment la proposition du commissaire Bolkestein trop <L1>molle</L1> et trop modérée et qui souhaitent avoir un accès plus important et plus rapide au marché qu' elles convoitent tant.	There are all kinds of companies acting on an international plane who are ready to attack Commissioner Bolkestein' s proposal for being too weak and too moderate and who wish to gain increased and swifter access to the coveted market.	molle piano mou | molle mou | facile molle mou aisément | molle non alcoolisé sans alcool mou			
. (NL) Diverses entreprises internationales sont prêtes qui estiment la proposition du commissaire Bolkestein trop <N1></N1> et trop modérée et qui souhaitent avoir un accès plus important et plus rapide au marché qu' elles convoitent tant.	There are all kinds of companies acting on an international plane who are ready to attack Commissioner Bolkestein' s proposal for being too weak and too moderate and who wish to gain increased and swifter access to the coveted market.				
FALSE					
					
Le <L1>magazine</L1> allemand Focus-Money publiait récemment un sondage, démontrant que 70 % des Allemands sont attachés au Deutschmark et souhaitent le conserver.	The German magazine, Focus-Money, recently published a survey showing that 70% of Germans are committed to the Deutschmark and wish to retain it.	revue magazine cartouche | revue magazine			
La <N1>revue</N1> allemande Focus-Money publiait récemment un sondage, démontrant que 70 % des Allemands sont attachés au Deutschmark et souhaitent le conserver.	The German magazine, Focus-Money, recently published a survey showing that 70% of Germans are committed to the Deutschmark and wish to retain it.				
TRUE					
					
Je crois que le rapport, de la manière dont il a été clôturé et dont je souhaite qu'il soit clôturé définitivement sans donner lieu à une nouvelle <L1>sarabande</L1> autour de l'instrument de la décharge, nous permettra de regarder vers l'avant, en prenant pour modèle, en quelque sorte, cette décharge, qui a été longuement soupesée par notre Parlement, qui a donné suite à des réactions de la Commission.	I think the report, and the way it has been settled, and the way I should like to see it definitively settled without it forcing us to take another turn around the discharge procedure, will enable us to look to the future, taking as our model, to some extent, this discharge which is the fruit of lengthy deliberation by Parliament and which has given rise to certain responses from the Commission.				
Je crois que le rapport, de la manière dont il a été clôturé et dont je souhaite qu'il soit clôturé définitivement sans donner lieu à une nouvelle <N1></N1> autour de l'instrument de la décharge, nous permettra de regarder vers l'avant, en prenant pour modèle, en quelque sorte, cette décharge, qui a été longuement soupesée par notre Parlement, qui a donné suite à des réactions de la Commission.	I think the report, and the way it has been settled, and the way I should like to see it definitively settled without it forcing us to take another turn around the discharge procedure, will enable us to look to the future, taking as our model, to some extent, this discharge which is the fruit of lengthy deliberation by Parliament and which has given rise to certain responses from the Commission.				
FALSE					
					
Le rapporteur propose d' <L1>interviewer</L1> les entreprises qui n' ont pas bénéficié des programmes d' aide.	The rapporteur puts forward the proposal that enterprises that have not taken up support programmes should be interviewed.				
Le rapporteur propose d' <N1>interroger</N1> les entreprises qui n' ont pas bénéficié des programmes d' aide.	The rapporteur puts forward the proposal that enterprises that have not taken up support programmes should be interviewed.				
TRUE					
					
Le troisième point porte sur un règlement <L1>set aside</L1> destiné aux régions lourdement affectées par la diminution des ressources halieutiques.	The third point is the so-called set aside scheme for regions which are hit hard by the dwindling fish stocks.	set service jeu appareil Seth scene Ready poste ensemble | set jeu			
Le troisième point porte sur un règlement <N1>de mise en réserve</N1> destiné aux régions lourdement affectées par la diminution des ressources halieutiques.	The third point is the so-called set aside scheme for regions which are hit hard by the dwindling fish stocks.				
TRUE					
					
La référence au <L1>cricket</L1> peut paraître inappropriée mais elle est révélatrice d'une détermination à réussir ; le Bangladesh obtiendra de bons scores lors des ces matches internationaux de cricket, ce qui sera une source d'inspiration pour des millions de personnes dans le pays.	The cricket aspect may seem irrelevant but it does show a determination to succeed and Bangladesh will do well in this field of test cricket and this will be an inspiration to millions of people in that country.	grillon cricket | grillon cricket criquet			
La référence au <N1>cricket</N1> peut paraître inappropriée mais elle est révélatrice d'une détermination à réussir ; le Bangladesh obtiendra de bons scores lors des ces matches internationaux de cricket, ce qui sera une source d'inspiration pour des millions de personnes dans le pays.	The cricket aspect may seem irrelevant but it does show a determination to succeed and Bangladesh will do well in this field of test cricket and this will be an inspiration to millions of people in that country.				
TRUE					
					
Vous connaissez les résultats de cette première discussion, cette information a été publiée, tout comme les données scientifiques qui ont été échangées au cours de la réunion d'hier. Ces informations sont disponibles sur le site <L1>internet</L1> de l'Alliance.	You are aware of the outcome of that initial discussion, it has been published and placed on the NATO web site, together with the scientific data exchanged at yesterday' s meeting.	filet Internet réseau cyberespace internet net netto NET			
Vous connaissez les résultats de cette première discussion, cette information a été publiée, tout comme les données scientifiques qui ont été échangées au cours de la réunion d'hier. Ces informations sont disponibles sur le site <N1>internet</N1> de l'Alliance.	You are aware of the outcome of that initial discussion, it has been published and placed on the NATO web site, together with the scientific data exchanged at yesterday' s meeting.				
TRUE					
					
Deuxième raison : cette résolution ne précise pas la notion de dérangement et sa partie juridique, dont le flou délibéré peut conduire à réouvrir, devant les juridictions, une guerre <L1>cynégétique</L1> aboutissant à des interdictions de chasses populaires et traditionnelles là où la directive Oiseaux et le droit subsidiaire des États les autorisent.	My second reason is that the resolution does not clarify the concept of  disturbance  and the legal discussion, which is so deliberately vague that legal battles could be revived, which might lead to bans on traditional hunts where these are authorised under the Birds Directive and the subsidiary law in the states.				
Deuxième raison : cette résolution ne précise pas la notion de dérangement et sa partie juridique, dont le flou délibéré peut conduire à réouvrir, devant les juridictions, une guerre <N1></N1> aboutissant à des interdictions de chasses populaires et traditionnelles là où la directive Oiseaux et le droit subsidiaire des États les autorisent.	My second reason is that the resolution does not clarify the concept of  disturbance  and the legal discussion, which is so deliberately vague that legal battles could be revived, which might lead to bans on traditional hunts where these are authorised under the Birds Directive and the subsidiary law in the states.				
FALSE					
					
Et dans les deux cas, le manque d' arguments sur le fond de la question conduit à délaisser les principes du rationalisme et à <L1>flirter</L1> avec la déraison, antichambre de toute sorte de totalitarisme ou de stalinisme...	In both cases, anyone with a lack of arguments on the matter at issue will forget the principles of rationalism and flirt with the irrational, which is the precursor to any type of totalitarianism or Stalinism.	allumeuse flirter | allumeuse papillon flirter | flirt flirter			
Et dans les deux cas, le manque d' arguments sur le fond de la question conduit à délaisser les principes du rationalisme et à <N1>flirter</N1> avec la déraison, antichambre de toute sorte de totalitarisme ou de stalinisme...	In both cases, anyone with a lack of arguments on the matter at issue will forget the principles of rationalism and flirt with the irrational, which is the precursor to any type of totalitarianism or Stalinism.				
TRUE					
					
J'ai également constaté avec inquiétude lors de l'année écoulée que les dirigeants russes actuels - dont de nombreux sont d'anciens agents du KGB, nommés par un ancien colonel du <L1>KGB</L1> - ont tendance à avoir la gâchette un peu facile lors de l'arrestation de soi-disant espions britanniques, américains et russes.	I have also watched with concern in the past year the tendency of the present leaders of Russia - many of whom are ex-KGB because they were appointed by a former colonel in the KGB - to be a little bit trigger-happy in the arrest of so-called British, American and Russian spies.	KGB Komitet Gossoudarstvennoï Bezopasnosti			
J'ai également constaté avec inquiétude lors de l'année écoulée que les dirigeants russes actuels - dont de nombreux sont d'anciens agents du KGB, nommés par un ancien colonel du <N1></N1> - ont tendance à avoir la gâchette un peu facile lors de l'arrestation de soi-disant espions britanniques, américains et russes.	I have also watched with concern in the past year the tendency of the present leaders of Russia - many of whom are ex-KGB because they were appointed by a former colonel in the KGB - to be a little bit trigger-happy in the arrest of so-called British, American and Russian spies.				
FALSE					
					
Et permettez-moi d'en ajouter un quatrième : E , comme <L1>empathie</L1> .	Allow me to highlight a fourth one, namely E for Empathy.				
Et permettez-moi d'en ajouter un quatrième : E , comme <N1></N1> .	Allow me to highlight a fourth one, namely E for Empathy.				
FALSE					
					
Je sais que vous-même, Monsieur le Premier ministre, vous êtes dit bouleversé après l'affreuse tragédie de l'année dernière, lorsque cinquante-huit ressortissants chinois ont été découverts morts, enfermés dans un <L1>container</L1> dans le port de Douvres.	I know that you, Prime Minister, expressed your dismay after the awful tragedy last year when 58 Chinese people were found dead in a container in Dover.	baquet récipient container bac conteneur			
Je sais que vous-même, Monsieur le Premier ministre, vous êtes dit bouleversé après l'affreuse tragédie de l'année dernière, lorsque cinquante-huit ressortissants chinois ont été découverts morts, enfermés dans un <N1>conteneur</N1> dans le port de Douvres.	I know that you, Prime Minister, expressed your dismay after the awful tragedy last year when 58 Chinese people were found dead in a container in Dover.				
TRUE					
					
Je pense que les domaines du comportement humain et des infrastructures sont ceux dont on peut attendre le plus vite des résultats : l'introduction de l'utilisation obligatoire du <L1>casque</L1> et de la ceinture a, dans mon pays par exemple, eu des effets extraordinaires.	I believe that the areas of human behaviour and infrastructures are those in which we can expect the quickest results: for example, the results of making it mandatory to wear a helmet and seat belts were remarkable in Italy.	galea casque | heaume casque			
Je pense que les domaines du comportement humain et des infrastructures sont ceux dont on peut attendre le plus vite des résultats : l'introduction de l'utilisation obligatoire du <N1></N1> et de la ceinture a, dans mon pays par exemple, eu des effets extraordinaires.	I believe that the areas of human behaviour and infrastructures are those in which we can expect the quickest results: for example, the results of making it mandatory to wear a helmet and seat belts were remarkable in Italy.				
FALSE					
					
Il en est de même d'ailleurs pour la navigation côtière très ancienne, longtemps négligée, mais qui fait un retour en force sous le nouveau nom de <L1>short sea shipping</L1>, si tout le monde collabore en tout cas.	Incidentally, the same applies to the ancient practice of coastal navigation, which has long allowed itself to be elbowed out, but is now making a powerful comeback under the modern name of short sea shipping, providing everyone pulls together at any rate.				
Il en est de même d'ailleurs pour la navigation côtière très ancienne, longtemps négligée, mais qui fait un retour en force sous le nouveau nom de <N1>transport maritime de courte distance</N1>, si tout le monde collabore en tout cas.	Incidentally, the same applies to the ancient practice of coastal navigation, which has long allowed itself to be elbowed out, but is now making a powerful comeback under the modern name of short sea shipping, providing everyone pulls together at any rate.				
TRUE					
					
Le modal <L1>shift</L1> visé est alors remis en question.	The desired modal shift will come under review again then.				
Le modal <N1></N1> visé est alors remis en question.	The desired modal shift will come under review again then.				
FALSE					
					
Il n'est dès lors pas surprenant qu'à la suite de la mort de Pol Pot et de la défaite des Khmers rouges, une sorte de <L1>catharsis</L1> nationale s'impose par le biais de l'application de la justice et de l'obligation de rendre des comptes.	It is not surprising therefore that following Pol Pot's death and the defeat of the Khmer Rouge, there should be a need for some kind of national catharsis through the application of justice and a calling to account of those responsible.	catharsis défoulement			
Il n'est dès lors pas surprenant qu'à la suite de la mort de Pol Pot et de la défaite des Khmers rouges, une sorte de <N1></N1> nationale s'impose par le biais de l'application de la justice et de l'obligation de rendre des comptes.	It is not surprising therefore that following Pol Pot's death and the defeat of the Khmer Rouge, there should be a need for some kind of national catharsis through the application of justice and a calling to account of those responsible.				
FALSE					
					
Pour de nombreux petits agriculteurs, la culture du <L1>coca</L1> et du pavot constituent le seul moyen d'existence.	Many farmers rely on growing coca and poppy as their only means of existence.	Coke coke coca | coca cola			
Pour de nombreux petits agriculteurs, la culture du <N1>coca</N1> et du pavot constituent le seul moyen d'existence.	Many farmers rely on growing coca and poppy as their only means of existence.				
TRUE					
					
Monsieur le Président, il existe une confusion en ce qui concerne la situation dramatique que connaît la Colombie et il est peut-être utile de rappeler que, quelques jours seulement après sa victoire électorale - la plus importante d'un président colombien au cours de ces dernières années -, le président Pastrana a rencontré les chefs des FARC, le plus important et plus ancien groupe <L1>guérillero</L1> du continent américain.	Mr President, some confusion has arisen over the current dramatic situation in Colombia. It might be useful to recall that just a few days after his election victory - which incidentally was the greatest and most significant victory by a Colombian President in recent years - President Pastrana met with the top leadership of the FARC, the largest and most long-standing guerrilla group in the Americas.	irrégulier insurgé guérillero guérilla			
Monsieur le Président, il existe une confusion en ce qui concerne la situation dramatique que connaît la Colombie et il est peut-être utile de rappeler que, quelques jours seulement après sa victoire électorale - la plus importante d'un président colombien au cours de ces dernières années -, le président Pastrana a rencontré les chefs des FARC, le plus important et plus ancien groupe <N1>guérillero</N1> du continent américain.	Mr President, some confusion has arisen over the current dramatic situation in Colombia. It might be useful to recall that just a few days after his election victory - which incidentally was the greatest and most significant victory by a Colombian President in recent years - President Pastrana met with the top leadership of the FARC, the largest and most long-standing guerrilla group in the Americas.				
TRUE					
					
Comment est-il possible de justifier un retard d'un an et demi dans l'ajustement et l'adaptation de ces annexes, dans des circonstances où un comité scientifique aurait pu conseiller la Commission d'ajouter, par exemple, une <L1>hormone</L1> supplémentaire à la liste des annexes ?	How can we possibly justify a delay of a year and a half in the adjustment and adaptation of the annexes in circumstances where a scientific committee may have advised the Commission to add for instance a further hormone to the list of annexes? How can that be justified?				
Comment est-il possible de justifier un retard d'un an et demi dans l'ajustement et l'adaptation de ces annexes, dans des circonstances où un comité scientifique aurait pu conseiller la Commission d'ajouter, par exemple, une <N1>hormone</N1> supplémentaire à la liste des annexes ?	How can we possibly justify a delay of a year and a half in the adjustment and adaptation of the annexes in circumstances where a scientific committee may have advised the Commission to add for instance a further hormone to the list of annexes? How can that be justified?				
TRUE					
					
Madame la Présidente, comme M. Wiebenga, je suis très surprise d' apprendre que le groupe des démocrates/conservateurs estime que la question des lois sur l' <L1>euthanasie</L1> appliquées dans les États membres doive être soulevée au niveau européen.	Madam President, like Mr Wiebenga, I am amazed that the Christian Democrat/Conservative Group thinks that euthanasia laws in Member States are an appropriate matter to raise at European level.				
Madame la Présidente, comme M. Wiebenga, je suis très surprise d' apprendre que le groupe des démocrates/conservateurs estime que la question des lois sur l' <N1></N1> appliquées dans les États membres doive être soulevée au niveau européen.	Madam President, like Mr Wiebenga, I am amazed that the Christian Democrat/Conservative Group thinks that euthanasia laws in Member States are an appropriate matter to raise at European level.				
FALSE					
					
Depuis 1981, la Communauté et puis l' Union ont été impliquées dans un processus constant d' ajustement, de restructuration, d' élargissement et d' adaptation ; nous avons vécu pendant près d' une génération un <L1>séisme</L1> institutionnel permanent qui a fini par ébranler les points de repère de l' opinion publique de nos pays et par jeter l' ombre du doute sur le bien-fondé de nos choix et la cohérence de la ligne de conduite que nous avons suivie.	Since 1981, first the Community and then the Union have been going through a continual process of adjustment, restructuring, enlargement and adaptation. For almost a whole generation, a constant earth tremor has been shaking our institutions, and it has swept away the landmarks familiar to the public in our countries and sown doubt over the wisdom of our decisions and of the direction in which we are headed.	tremblement de terre séisme | séisme carquois | tremblement tremblement de terre séisme			
Depuis 1981, la Communauté et puis l' Union ont été impliquées dans un processus constant d' ajustement, de restructuration, d' élargissement et d' adaptation ; nous avons vécu pendant près d' une génération un <N1></N1> institutionnel permanent qui a fini par ébranler les points de repère de l' opinion publique de nos pays et par jeter l' ombre du doute sur le bien-fondé de nos choix et la cohérence de la ligne de conduite que nous avons suivie.	Since 1981, first the Community and then the Union have been going through a continual process of adjustment, restructuring, enlargement and adaptation. For almost a whole generation, a constant earth tremor has been shaking our institutions, and it has swept away the landmarks familiar to the public in our countries and sown doubt over the wisdom of our decisions and of the direction in which we are headed.				
FALSE					
					
Par conséquent, nous pensons que le Conseil devrait être ici, comme nous l' avions proposé, pour expliquer en quels termes la Conférence a rédigé l' Annexe IV, pour que ce ne soit pas un <L1>toast</L1> au soleil ni une espèce de lancement d' un processus spontanéiste ou soviétique sans aucun ordre.	We therefore believe that the Council more than anyone should be represented here, as we proposed, in order to explain under what terms it drafted the Annex IV Conference, so that it is neither playing to the gallery nor launching some kind of spontaneous or Soviet-style trial with no legal basis. We therefore feel that it is extremely important, with regard to the structural reflection mentioned by President Prodi, to call for his last proposal to be enacted.	boisson toast boire | toast cadavre | tartine toast			
Par conséquent, nous pensons que le Conseil devrait être ici, comme nous l' avions proposé, pour expliquer en quels termes la Conférence a rédigé l' Annexe IV, pour que ce ne soit pas un <N1>toast</N1> au soleil ni une espèce de lancement d' un processus spontanéiste ou soviétique sans aucun ordre.	We therefore believe that the Council more than anyone should be represented here, as we proposed, in order to explain under what terms it drafted the Annex IV Conference, so that it is neither playing to the gallery nor launching some kind of spontaneous or Soviet-style trial with no legal basis. We therefore feel that it is extremely important, with regard to the structural reflection mentioned by President Prodi, to call for his last proposal to be enacted.				
TRUE					
					
Nous voulons une convention pour la poursuite du processus de l'après-Nice, une convention qui soit un centre de <L1>gravitation</L1> pour le débat public, c' est-à-dire qui formule et reçoive des propositions, et soumette en même temps une proposition claire pour la Conférence intergouvernementale et les thèmes à négocier en 2004.	We want a convention to move the post-Nice process forward, a convention which is the centre of gravity for public debate, i.e. which sends and receives proposals and, at the same time, presents a clear proposal for the Intergovernmental Conference and for the issues which will need to be negotiated in 2004.	gravitation pesanteur gravité			
Nous voulons une convention pour la poursuite du processus de l'après-Nice, une convention qui soit un centre de <N1>gravitation</N1> pour le débat public, c' est-à-dire qui formule et reçoive des propositions, et soumette en même temps une proposition claire pour la Conférence intergouvernementale et les thèmes à négocier en 2004.	We want a convention to move the post-Nice process forward, a convention which is the centre of gravity for public debate, i.e. which sends and receives proposals and, at the same time, presents a clear proposal for the Intergovernmental Conference and for the issues which will need to be negotiated in 2004.				
FALSE					
					
L'un d'eux pourrait être l'effet <L1>tequila</L1> , qui irradie du Mexique après les dernières élections présidentielles, un authentique exemple de civisme dont les conséquences bénéfiques permettront, nous l'espérons, de dresser la nouvelle carte politique des États-Unis du Mexique.	One of these could be the 'tequila effect' which has irradiated from Mexico since the last presidential elections, a genuine example of civic pride which, we trust, will have beneficial consequences to help shape the new political map of the United Mexican States.	tequila téquila			
L'un d'eux pourrait être l'effet <N1>tequila</N1> , qui irradie du Mexique après les dernières élections présidentielles, un authentique exemple de civisme dont les conséquences bénéfiques permettront, nous l'espérons, de dresser la nouvelle carte politique des États-Unis du Mexique.	One of these could be the 'tequila effect' which has irradiated from Mexico since the last presidential elections, a genuine example of civic pride which, we trust, will have beneficial consequences to help shape the new political map of the United Mexican States.				
TRUE					
					
Ce ne sont pas des centres <L1>mammouth</L1> d'excellence.	These are not 'giant' centres of excellence.	gigantesque énorme mammouth géant			
Ce ne sont pas des centres <N1>géants</N1> d'excellence.	These are not 'giant' centres of excellence.				
TRUE					
					
L' objectif affiché par la Commission d' une réduction drastique de la culture du coton est injustifiable dans la mesure où il concerne un produit pour lequel l' <L1>autarcie</L1> de l' Union européenne est à peine de 30-35 %.	The Commission's objective of drastically reducing cotton production is unjustified because this is a product in which the European Union is only 30-35% self-sufficient.				
L' objectif affiché par la Commission d' une réduction drastique de la culture du coton est injustifiable dans la mesure où il concerne un produit pour lequel l' <N1></N1> de l' Union européenne est à peine de 30-35 %.	The Commission's objective of drastically reducing cotton production is unjustified because this is a product in which the European Union is only 30-35% self-sufficient.				
FALSE					
					
Madame la Présidente, à l' approche de la Journée internationale de la femme, la semaine prochaine, nous constatons avec stupeur l' ampleur de la <L1>misogynie</L1> dans l' Europe du XXIe siècle, et ce en dépit de la politique d' égalité de l' Union européenne.	Madam President, as International Women's Day approaches, next week, we are appalled by the level of misogyny in Europe in the twenty-first century, despite the European Union's policy of sexual equality.				
Madame la Présidente, à l' approche de la Journée internationale de la femme, la semaine prochaine, nous constatons avec stupeur l' ampleur de la <N1></N1> dans l' Europe du XXIe siècle, et ce en dépit de la politique d' égalité de l' Union européenne.	Madam President, as International Women's Day approaches, next week, we are appalled by the level of misogyny in Europe in the twenty-first century, despite the European Union's policy of sexual equality.				
FALSE					
					
Il faut pour cela que tout un <L1>orchestre</L1> suive la même partition mais également que quelqu'un le dirige, et la Commission doit démontrer qu'elle a la volonté politique de diriger.	As well as a whole orchestra reading the same score, a conductor is required, and the Commission must show that it has the will to act as the conductor.				
Il faut pour cela que tout un <N1></N1> suive la même partition mais également que quelqu'un le dirige, et la Commission doit démontrer qu'elle a la volonté politique de diriger.	As well as a whole orchestra reading the same score, a conductor is required, and the Commission must show that it has the will to act as the conductor.				
FALSE					
					
Il aurait fallu mieux préparer ce dernier <L1>raid</L1> aérien sur Bagdad et essayer d'obtenir l'accord des pays voisins et peut-être aussi consulter les alliés occidentaux.	This latest air raid on Baghdad should, in fact, have been better prepared, with an attempt to gain consent from neighbouring countries and perhaps also consultation of the Western allies.	raid perquisition			
Il aurait fallu mieux préparer ce dernier <N1>raid</N1> aérien sur Bagdad et essayer d'obtenir l'accord des pays voisins et peut-être aussi consulter les alliés occidentaux.	This latest air raid on Baghdad should, in fact, have been better prepared, with an attempt to gain consent from neighbouring countries and perhaps also consultation of the Western allies.				
TRUE					
					
En conséquence, je tiens à exprimer la totale satisfaction de la Commission pour la position exprimée par le Parlement, position qui est en <L1>syntonie</L1> avec celle de la Commission européenne.	Consequently, I wish to express the Commission's total satisfaction with Parliament's position, a position entirely in line with that of the European Commission.				
En conséquence, je tiens à exprimer la totale satisfaction de la Commission pour la position exprimée par le Parlement, position qui est en <N1></N1> avec celle de la Commission européenne.	Consequently, I wish to express the Commission's total satisfaction with Parliament's position, a position entirely in line with that of the European Commission.				
FALSE					
					
Ce dernier aspect n'a pas été bien compris par certains collègues d'autres bords, qui ont voté contre cet amendement, dont la portée est à mon avis simplement <L1>emphatique</L1> d'une conception déterminée de l'Europe qui est la mienne : communauté de droit propre, de droit communautaire, plutôt que simple communauté diplomatique ou de droit international.	Some Members from other groups did not fully grasp this last point and therefore voted against this amendment. The objective, as I saw it, was merely to emphasise a certain concept of Europe which I espouse: a Community with its own law, but more than just a diplomatic Community or one based on international law.	exclamatif emphatique | pompeux emphatique			
Ce dernier aspect n'a pas été bien compris par certains collègues d'autres bords, qui ont voté contre cet amendement, dont la portée est à mon avis simplement <N1></N1> d'une conception déterminée de l'Europe qui est la mienne : communauté de droit propre, de droit communautaire, plutôt que simple communauté diplomatique ou de droit international.	Some Members from other groups did not fully grasp this last point and therefore voted against this amendment. The objective, as I saw it, was merely to emphasise a certain concept of Europe which I espouse: a Community with its own law, but more than just a diplomatic Community or one based on international law.				
FALSE					
					
Je crois que si nous travaillons avec vous et, bien évidemment, avec la Commission - je remercie le commissaire Barnier pour sa brillante intervention -, que de cette harmonie pourra naître une belle <L1>symphonie</L1> européenne.	I believe that if we work with you and, of course, with the Commission - and I would like to thank Commissioner Barnier for his marvellous speech - from this one common tune, together we will be able to compose a fine European symphony.				
Je crois que si nous travaillons avec vous et, bien évidemment, avec la Commission - je remercie le commissaire Barnier pour sa brillante intervention -, que de cette harmonie pourra naître une belle <N1></N1> européenne.	I believe that if we work with you and, of course, with the Commission - and I would like to thank Commissioner Barnier for his marvellous speech - from this one common tune, together we will be able to compose a fine European symphony.				
FALSE					
					
Nous admirons votre pays - je suis même un <L1>fan</L1> de votre transparence politique, mais le courage me manque à présent pour ce qui concerne ces questions d'avenir capitales.	We admire your country - I personally am a great fan of your political transparency, but I am fast losing heart when it comes to these crucial issues regarding the future.	fan supporter éventail			
Nous admirons votre pays - je suis même un <N1>admirateur</N1> de votre transparence politique, mais le courage me manque à présent pour ce qui concerne ces questions d'avenir capitales.	We admire your country - I personally am a great fan of your political transparency, but I am fast losing heart when it comes to these crucial issues regarding the future.				
TRUE					
					
Les 20 000 moutons importés en France, qui ont introduit le virus britannique, étaient destinés à être égorgés selon le sacrifice d'Abraham dans le cadre de la fête musulmane de l'Aïd el Kebir, et avec la <L1>carotide</L1> de ces moutons, nous avons eu le virus en prime !	The 20 000 sheep imported into France, which introduced the British virus, were destined to have their throats slit according to the sacrifice of Abraham as part of the Muslim festival of Aïd el Kebir. With the carotid from these sheep we got the virus for free!	artères carotides Carotide carotides carotide			
Les 20 000 moutons importés en France, qui ont introduit le virus britannique, étaient destinés à être égorgés selon le sacrifice d'Abraham dans le cadre de la fête musulmane de l'Aïd el Kebir, et avec la <N1></N1> de ces moutons, nous avons eu le virus en prime !	The 20 000 sheep imported into France, which introduced the British virus, were destined to have their throats slit according to the sacrifice of Abraham as part of the Muslim festival of Aïd el Kebir. With the carotid from these sheep we got the virus for free!				
FALSE					
					
J'ai noté en voyageant à travers l'Europe l'autre jour qu'aucun tapis de désinfection n'était en place pour les voyageurs et que personne ne vérifiait si j'avais un <L1>sandwich</L1> au jambon dans ma poche. Rien de tout cela.	I noticed when I travelled into Europe the other day there were no disinfectant mats, there were no bloodhounds checking whether I had a ham sandwich in my pocket, no questions.				
J'ai noté en voyageant à travers l'Europe l'autre jour qu'aucun tapis de désinfection n'était en place pour les voyageurs et que personne ne vérifiait si j'avais un <N1>sandwich</N1> au jambon dans ma poche. Rien de tout cela.	I noticed when I travelled into Europe the other day there were no disinfectant mats, there were no bloodhounds checking whether I had a ham sandwich in my pocket, no questions.				
TRUE					
					
Un <L1>briefing</L1> préalable obligatoire est donc une exigence minimale.	A compulsory brief beforehand is therefore a minimum requirement.				
Un <N1>aide-mémoire</N1> préalable obligatoire est donc une exigence minimale.	A compulsory brief beforehand is therefore a minimum requirement.				
TRUE					
					
C'est donc avec un grand plaisir que j'annonce ici ce soir qu'aura lieu vendredi, dans mon pays, le Royaume-Uni, un grand spectacle, bisannuel, de sensibilisation et de collecte de fonds en faveur de l'Afrique, intitulé Comic Relief, qui mettra en scène des personnalités habituellement sérieuses, qui se déguiseront en <L1>clown</L1> pour récolter, dans la bonne humeur, des fonds en faveur de l'Afrique.	So it is with great pleasure that I tell you that in my own country - the UK - this Friday, a biannual awareness and fund-raising extravaganza for Africa, called Comic Relief, will see otherwise serious citizens don red plastic noses to raise cash and a laugh in solidarity with Africa.	bouffon baladin clown arlequin			
C'est donc avec un grand plaisir que j'annonce ici ce soir qu'aura lieu vendredi, dans mon pays, le Royaume-Uni, un grand spectacle, bisannuel, de sensibilisation et de collecte de fonds en faveur de l'Afrique, intitulé Comic Relief, qui mettra en scène des personnalités habituellement sérieuses, qui se déguiseront en <N1>clown</N1> pour récolter, dans la bonne humeur, des fonds en faveur de l'Afrique.	So it is with great pleasure that I tell you that in my own country - the UK - this Friday, a biannual awareness and fund-raising extravaganza for Africa, called Comic Relief, will see otherwise serious citizens don red plastic noses to raise cash and a laugh in solidarity with Africa.				
TRUE					
					
Je n' oblige personne à enduire sa peau ou celle de ses enfants d' un produit suspect ou de se brosser les dents avec un dentifrice qui <L1>mousse</L1> et qui n'est pas sûr.	I am not forcing anybody to spread an unsafe product on their skin or on their children's skin or even to brush their teeth with an unsafe toothpaste.	bryophyte bryophyta mousse | écume mousse | bryophyta mousse			
Je n' oblige personne à enduire sa peau ou celle de ses enfants d' un produit suspect ou de se brosser les dents avec un dentifrice qui <N1></N1> et qui n'est pas sûr.	I am not forcing anybody to spread an unsafe product on their skin or on their children's skin or even to brush their teeth with an unsafe toothpaste.				
FALSE					
					
- (NL) Durant la plus grande partie de l' histoire de l' humanité, nous avons dû utiliser le bois, le <L1>métal</L1> et la pierre pour fabriquer nos objets utilitaires.	For the best part of the history of mankind, we have had to make our tools from wood, metal and stone.	métal alliage | métal métallique			
- (NL) Durant la plus grande partie de l' histoire de l' humanité, nous avons dû utiliser le bois, le <N1></N1> et la pierre pour fabriquer nos objets utilitaires.	For the best part of the history of mankind, we have had to make our tools from wood, metal and stone.				
FALSE					
					
Pour inventer un idiotisme, les discussions sur la libéralisation vont bon train mais n' arrivent pas au <L1>terminus</L1> .	To coin a phrase, the liberalising talk is 'all spin and no delivery'.	résiliation terminus fin | terminal dépôt terminus | terme terminus | destination destinataire terminus			
Pour inventer un idiotisme, les discussions sur la libéralisation vont bon train mais n' arrivent pas au <N1>terminus</N1> .	To coin a phrase, the liberalising talk is 'all spin and no delivery'.				
TRUE					
					
Néanmoins, nous pensons que le <L1>kidnapping</L1> met en lumière la nécessité de mettre un terme aux tensions violentes en Somalie centrale et méridionale, contexte dans lequel chacun de ceux qui viennent d'intervenir ont situé leurs propos.	Nevertheless, we believe that these kidnappings highlight the need to bring an end to the violent tensions in central and southern Somalia, as each of the previous speakers have also stressed.	kidnapping enlèvement kidnappage rapt			
Néanmoins, nous pensons que le <N1>rapt</N1> met en lumière la nécessité de mettre un terme aux tensions violentes en Somalie centrale et méridionale, contexte dans lequel chacun de ceux qui viennent d'intervenir ont situé leurs propos.	Nevertheless, we believe that these kidnappings highlight the need to bring an end to the violent tensions in central and southern Somalia, as each of the previous speakers have also stressed.				
TRUE					
					
. (EN) Je ne suis pas favorable à la légalisation de l'ecstasy, du cannabis ou d'autres drogues synthétiques telles que le <L1>LSD</L1> ou les amphétamines.	I do not support the legalisation of ecstasy, cannabis or other synthetic drugs such as LSD or amphetamines.	LSD acide lysergique diéthylamide lsd			
. (EN) Je ne suis pas favorable à la légalisation de l'ecstasy, du cannabis ou d'autres drogues synthétiques telles que le <N1></N1> ou les amphétamines.	I do not support the legalisation of ecstasy, cannabis or other synthetic drugs such as LSD or amphetamines.				
FALSE					
					
Neuvièmement, en raison de la rapidité d' évolution et d' <L1>obsolescence</L1> de ces technologies, il convient d' étudier les questions budgétaires, d' infrastructure technologique et de suivi pédagogique.	Nine: due to the rapid advances and changes in these technologies, we must study questions of budget, technological infrastructure and educational continuity.	vieillisement désuétude obsolescence			
Neuvièmement, en raison de la rapidité d' évolution et d' <N1>obsolescence</N1> de ces technologies, il convient d' étudier les questions budgétaires, d' infrastructure technologique et de suivi pédagogique.	Nine: due to the rapid advances and changes in these technologies, we must study questions of budget, technological infrastructure and educational continuity.				
TRUE					
					
La méthode à suivre devrait être celle du <L1>bottom up</L1> : en d'autres termes, les décisions politiques doivent être prises quelque part, mais elles doivent être mises en pratique non pas de haut en bas mais sur le terrain.	The method used should be the 'bottom-up' method. In other words, though policy decisions have to be taken somewhere, they have to be implemented, not from the top downwards, but rather at grass-roots level.				
La méthode à suivre devrait être celle du <N1>bottom up</N1> : en d'autres termes, les décisions politiques doivent être prises quelque part, mais elles doivent être mises en pratique non pas de haut en bas mais sur le terrain.	The method used should be the 'bottom-up' method. In other words, though policy decisions have to be taken somewhere, they have to be implemented, not from the top downwards, but rather at grass-roots level.				
TRUE					
					
C' est la première fois que j' entends dire que le <L1>drink driving</L1> constitue un délit, et un même un délit à sanctionner comme violation de frontière !	It is the first time I have heard that drink driving is not just a crime but the sort of a crime which can only be punished by violating borders.				
C' est la première fois que j' entends dire que la <N1>conduite en état d'ébriété</N1> constitue un délit, et un même un délit à sanctionner comme violation de frontière !	It is the first time I have heard that drink driving is not just a crime but the sort of a crime which can only be punished by violating borders.				
TRUE					
					
L'Europe chrétienne offre au Soudan <L1>intégriste</L1> et symbolique les moyens financiers de multiplier le martyre des chrétiens du Sud.	Christian Europe is offering fundamentalist Sudan, which is of symbolic importance, the financial means to increase the martyrdom of its Christians in the south of the country.	fondamentaliste intégriste			
L'Europe chrétienne offre au Soudan <N1></N1> et symbolique les moyens financiers de multiplier le martyre des chrétiens du Sud.	Christian Europe is offering fundamentalist Sudan, which is of symbolic importance, the financial means to increase the martyrdom of its Christians in the south of the country.				
FALSE					
					
Pour en revenir au début du débat et aux premières interventions qui ont été faites, je ne sais pas si je puis promettre à M. Cox un <L1>pub</L1> à l'irlandaise, avec de la bière, ou à M. Voggenhuber un bazar à l'européenne, mais, comme je l'ai dit dans mon allocution introductive, je crois, en tant que ministre suédoise des Affaires étrangères, dans les vertus d'un véritable forum ouvert, d'une convention.	To return to the beginning of the debate and the contributions that were made then, I do not know whether I can promise Mr Cox an Irish pub with beer, or whether I can promise Mr Voggenhuber a European bazaar, but as I said in my introductory statement, as Swedish Foreign Minister I believe in a genuinely open forum - a convention.	cabaret bar estaminet pub | pub réclame publicité annonce message publicitaire			
Pour en revenir au début du débat et aux premières interventions qui ont été faites, je ne sais pas si je puis promettre à M. Cox un <N1>pub</N1> à l'irlandaise, avec de la bière, ou à M. Voggenhuber un bazar à l'européenne, mais, comme je l'ai dit dans mon allocution introductive, je crois, en tant que ministre suédoise des Affaires étrangères, dans les vertus d'un véritable forum ouvert, d'une convention.	To return to the beginning of the debate and the contributions that were made then, I do not know whether I can promise Mr Cox an Irish pub with beer, or whether I can promise Mr Voggenhuber a European bazaar, but as I said in my introductory statement, as Swedish Foreign Minister I believe in a genuinely open forum - a convention.				
TRUE					
					
L'absence de poursuites contre les violences d'Elexilo (Espagne) qualifié de <L1>pogrom</L1> par les commentateurs n'est pas digne de l'Europe.	As for the lack of action following the election violence in Spain, described as a pogrom by commentators, this is not worthy of Europe.				
L'absence de poursuites contre les violences d'Elexilo (Espagne) qualifié de <N1>pogrome</N1> par les commentateurs n'est pas digne de l'Europe.	As for the lack of action following the election violence in Spain, described as a pogrom by commentators, this is not worthy of Europe.				
TRUE					
					
Outre ces mérites propres, d'incitation aux bonnes politiques, le <L1>monitoring</L1> opéré par la Commission et le dialogue avec chaque pays auquel il doit conduire sont pour nous la contrepartie qui permet au régime drogue d'échapper à une remise en question, voire même à un panel de l'OMC, au motif d'une discrimination injustifiée entre pays bénéficiaires du SPG communautaire.	We believe that, as well as being good things in their own right, the encouraging of sound policies, the monitoring that is carried out by the Commission and the resulting dialogue with each country are also the counter-concession which allows the 'drugs' arrangements to escape being called into question, even by a WTO panel, on the grounds that it creates unjustified discrimination between countries benefiting from the Community GSP.	monitorage monitoring surveillance			
Outre ces mérites propres, d'incitation aux bonnes politiques, la <N1>surveillance</N1> opérée par la Commission et le dialogue avec chaque pays auquel il doit conduire sont pour nous la contrepartie qui permet au régime drogue d'échapper à une remise en question, voire même à un panel de l'OMC, au motif d'une discrimination injustifiée entre pays bénéficiaires du SPG communautaire.	We believe that, as well as being good things in their own right, the encouraging of sound policies, the monitoring that is carried out by the Commission and the resulting dialogue with each country are also the counter-concession which allows the 'drugs' arrangements to escape being called into question, even by a WTO panel, on the grounds that it creates unjustified discrimination between countries benefiting from the Community GSP.				
TRUE					
					
À Göteborg, l'avenir de l'Europe ne se jouera pas dans les palaces transformés en <L1>bunker</L1> mais dans la rue, avec les forces progressistes.	In Gothenburg, the future of Europe will be played out not in palaces turned into bunkers but on the streets, with the progressive forces.	bunker piège soute			
À Göteborg, l'avenir de l'Europe ne se jouera pas dans les palaces transformés en <N1>bunker</N1> mais dans la rue, avec les forces progressistes.	In Gothenburg, the future of Europe will be played out not in palaces turned into bunkers but on the streets, with the progressive forces.				
TRUE					
					
Un véritable <L1>hold-up</L1> électoral a eu lieu au Tchad.	In Chad it turned into a real electoral hold-up.				
Un véritable <N1>hold-up</N1> électoral a eu lieu au Tchad.	In Chad it turned into a real electoral hold-up.				
TRUE					
					
Je demanderai donc à la Commission si elle pourrait nous donner un certain nombre d'éléments clairs, précis sur les politiques qu'elle compte mettre en uvre vis-à-vis des États qui aident cet État <L1>renégat</L1> à se maintenir en place.	I would therefore like to ask the Commission if it could give us any clear, precise indications as to the policies it intends to implement with regard to states which help this renegade state to remain in place.	traitre déserteur girouette traître renégat apostat			
Je demanderai donc à la Commission si elle pourrait nous donner un certain nombre d'éléments clairs, précis sur les politiques qu'elle compte mettre en uvre vis-à-vis des États qui aident cet État <N1></N1> à se maintenir en place.	I would therefore like to ask the Commission if it could give us any clear, precise indications as to the policies it intends to implement with regard to states which help this renegade state to remain in place.				
FALSE					
					
Le problème porte sur la différence entre le terme anglais <L1>copyright</L1> et le terme néerlandais auteursrecht (droit d'auteur). Il est en effet question de la vente d'un uvre d'art.	We are concerned here with the difference between the English term 'copyright' and the Dutch word 'auteursrecht' , for what is at issue here is the sale of a work of art.	droit d'auteur copyright | auteur droit d'auteur copyright			
Le problème porte sur la différence entre le terme anglais <N1>copyright</N1> et le terme néerlandais auteursrecht (droit d'auteur). Il est en effet question de la vente d'un uvre d'art.	We are concerned here with the difference between the English term 'copyright' and the Dutch word 'auteursrecht' , for what is at issue here is the sale of a work of art.				
TRUE					
					
Max Weber a évoqué un jour les trois sources de l'autorité : tradition, <L1>charisme</L1> et raison.	Max Weber once spoke about the three sources of authority: tradition, charisma and reason.				
Max Weber a évoqué un jour les trois sources de l'autorité : tradition, <N1></N1> et raison.	Max Weber once spoke about the three sources of authority: tradition, charisma and reason.				
FALSE					
					
À Belgrade, la police observe sans réagir des hooligans attaquer des lesbiennes et des homosexuels lors de la célébration de la <L1>gay pride</L1>, quelques jours à peine après que l'UE a engagé des millions de dollars pour cette région et que Milosevic a été envoyé à La Haye.	In Belgrade, the police stand by and watch as hooligans attack lesbians and gay people at their gay pride celebration only days after millions of EU dollars were committed to that region and Milosevic was sent to The Hague.	homophile gay			
À Belgrade, la police observe sans réagir des hooligans attaquer des lesbiennes et des homosexuels lors de la célébration de la <N1>gay pride</N1>, quelques jours à peine après que l'UE a engagé des millions de dollars pour cette région et que Milosevic a été envoyé à La Haye.	In Belgrade, the police stand by and watch as hooligans attack lesbians and gay people at their gay pride celebration only days after millions of EU dollars were committed to that region and Milosevic was sent to The Hague.				
TRUE					
					
Ce type d'aides, comme vous le savez, dépend du respect de certaines exigences de politique économique et s'inscrit dans un programme de <L1>stand by</L1> du FMI pour un an.	This type of aid, as you know, is conditional upon certain economic policy demands and is proposed within a stand-by programme of the International Monetary Fund for one year.				
Ce type d'aides, comme vous le savez, dépend du respect de certaines exigences de politique économique et s'inscrit dans un programme de <N1>veille</N1> du FMI pour un an.	This type of aid, as you know, is conditional upon certain economic policy demands and is proposed within a stand-by programme of the International Monetary Fund for one year.				
TRUE					
					
Je veux parler de l'appel qu'ont lancé ensemble certains protagonistes du processus de paix de ces dernières années, par exemple M. Beilin et Mme Achraoui, signataires d'un manifeste - j'ai l'original en anglais - qui sous le titre No to bloodshed, no to occupation, <L1>yes</L1> to negotiation, yes to peace passent un message que la direction du parti socialiste européen, dans sa réunion du dimanche, a décidé de soutenir.	I am referring to the appeal made jointly by some of the protagonists of the peace processes of recent years, for example Mr Beilin and Mrs Ashraui, who have signed a manifesto - I have the original text in English - in which, under the title  No to bloodshed, no to occupation, yes to negotiation, yes to peace  they say something which the directorate of the Party of European Socialists decided to jointly support at its meeting on Sunday.	Virginie Yes			
Je veux parler de l'appel qu'ont lancé ensemble certains protagonistes du processus de paix de ces dernières années, par exemple M. Beilin et Mme Achraoui, signataires d'un manifeste - j'ai l'original en anglais - qui sous le titre No to bloodshed, no to occupation, <N1></N1> to negotiation, yes to peace passent un message que la direction du parti socialiste européen, dans sa réunion du dimanche, a décidé de soutenir.	I am referring to the appeal made jointly by some of the protagonists of the peace processes of recent years, for example Mr Beilin and Mrs Ashraui, who have signed a manifesto - I have the original text in English - in which, under the title  No to bloodshed, no to occupation, yes to negotiation, yes to peace  they say something which the directorate of the Party of European Socialists decided to jointly support at its meeting on Sunday.				
FALSE					
					
Si, malgré tout, les États-Unis d'Amérique s'appuient avec une mentalité de <L1>cow-boy</L1> sur le droit du plus fort, ce n'est pas compatible avec l'idée selon laquelle pareilles affaires doivent se régler par des conventions juridiques internationales.	For the United States, despite this, to remain entrenched in the cowboy mentality which holds that might is right would be a denial of the principle that such problems can be solved by formal international agreements.	vacher cow-boy			
Si, malgré tout, les États-Unis d'Amérique s'appuient avec une mentalité de <N1>cow-boy</N1> sur le droit du plus fort, ce n'est pas compatible avec l'idée selon laquelle pareilles affaires doivent se régler par des conventions juridiques internationales.	For the United States, despite this, to remain entrenched in the cowboy mentality which holds that might is right would be a denial of the principle that such problems can be solved by formal international agreements.				
TRUE					
					
Voilà le problème, qui continue à tourner essentiellement autour du <L1>consumérisme</L1> et du marché sauvage plutôt qu'autour de critères communs de solidarité et de participation.	The model remains essentially focused on consumerism and an unregulated market rather than on accepted criteria of solidarity and participation.				
Voilà le problème, qui continue à tourner essentiellement autour du <N1>consumérisme</N1> et du marché sauvage plutôt qu'autour de critères communs de solidarité et de participation.	The model remains essentially focused on consumerism and an unregulated market rather than on accepted criteria of solidarity and participation.				
TRUE					
					
Nous assistons actuellement à un phénomène croissant, à savoir ce qu'on appelle le <L1>data streaming</L1> - le piratage de systèmes informatiques et le vol en vrac de détails de cartes de crédit.	We now have a growing phenomenon of so-called data streaming - hacking into computer systems and stealing credit card details in bulk.				
Nous assistons actuellement à un phénomène croissant, à savoir ce qu'on appelle la <N1>diffusion de données</N1> - le piratage de systèmes informatiques et le vol en vrac de détails de cartes de crédit.	We now have a growing phenomenon of so-called data streaming - hacking into computer systems and stealing credit card details in bulk.				
TRUE					
					
Certes, nous ne pensons pas qu'il faille une homologation plate et <L1>amorphe</L1> au sein de l'Union européenne ; nous pensons surtout qu'il faut harmoniser les différences culturelles en les considérant comme une véritable richesse des institutions.	Of course we do not want dull and amorphous standardisation in the European Union, rather we think above all that cultural differences should be harmonised by turning those differences into the true wealth of the institutions.				
Certes, nous ne pensons pas qu'il faille une homologation plate et <N1></N1> au sein de l'Union européenne ; nous pensons surtout qu'il faut harmoniser les différences culturelles en les considérant comme une véritable richesse des institutions.	Of course we do not want dull and amorphous standardisation in the European Union, rather we think above all that cultural differences should be harmonised by turning those differences into the true wealth of the institutions.				
FALSE					
					
Ces faits continuent à discréditer nos assemblées devant des milliers de citoyens qui crient <L1>halte</L1> aux inégalités, à l'injustice, halte à une Europe forteresse.	These facts are continuing to discredit our parliaments in the eyes of thousands of members of the public who are calling for a halt to inequality, to injustice and to a Fortress Europe policy.	arrêt escale halte point | arrêt halte arrêter point | arrêt halte arrêter | arrêt halte être debout surplace | arrêt halte domicile arrêter			
Ces faits continuent à discréditer nos assemblées devant des milliers de citoyens qui crient <N1></N1> aux inégalités, à l'injustice, halte à une Europe forteresse.	These facts are continuing to discredit our parliaments in the eyes of thousands of members of the public who are calling for a halt to inequality, to injustice and to a Fortress Europe policy.				
FALSE					
					
Le dialogue avec les acteurs sociaux doit être concret et produire des résultats. Il ne faut pas qu' il se transforme en une sorte de <L1>palabre</L1> interminable et répétitif.	The dialogue with social actors must be concrete and yield results, and must not become a talk shop which thrives on repetition.				
Le dialogue avec les acteurs sociaux doit être concret et produire des résultats. Il ne faut pas qu' il se transforme en une sorte de <N1></N1> interminable et répétitif.	The dialogue with social actors must be concrete and yield results, and must not become a talk shop which thrives on repetition.				
FALSE					
					
Une approche unique de la législation sur l'eau peut avoir des conséquences absurdes, par exemple en ce qui concerne le secteur du whisky pur <L1>malt</L1> écossais, et ce en dépit de son caractère écologique reconnu depuis plus de 200 ans.	A one-size-fits-all approach to water law can have absurd results, for example in respect of the Scotch malt whisky industry, despite its established environmental friendliness over 200 years.				
Une approche unique de la législation sur l'eau peut avoir des conséquences absurdes, par exemple en ce qui concerne le secteur du whisky pur <N1></N1> écossais, et ce en dépit de son caractère écologique reconnu depuis plus de 200 ans.	A one-size-fits-all approach to water law can have absurd results, for example in respect of the Scotch malt whisky industry, despite its established environmental friendliness over 200 years.				
FALSE					
					
Ce n'est pas aussi sacré ni aussi <L1>sexy</L1> qu'une conférence intergouvernementale, mais tant que nous n'avons pas correctement défini les mécanismes de mise en uvre de la démocratie et des politiques générales, les détails administratifs ennuyeux et pénibles, nous ne rendons pas justice à la démocratie.	It is neither as hallowed nor as sexy as an IGC, but until we get the actual delivery mechanisms of democracy and public policy right, the boring, tedious administrative detail, then we do democracy an injustice.	aphrodisiaque sexy			
Ce n'est pas aussi sacré ni aussi <N1>sexy</N1> qu'une conférence intergouvernementale, mais tant que nous n'avons pas correctement défini les mécanismes de mise en uvre de la démocratie et des politiques générales, les détails administratifs ennuyeux et pénibles, nous ne rendons pas justice à la démocratie.	It is neither as hallowed nor as sexy as an IGC, but until we get the actual delivery mechanisms of democracy and public policy right, the boring, tedious administrative detail, then we do democracy an injustice.				
TRUE					
					
Monsieur le Député, j'ai toujours défendu l'idée qu'un <L1>gentleman</L1> ne devait pas savoir ce dont deux gentlemen ont discuté en privé.	Mr Crowley, I had always believed that a gentleman would not wish to know what two other gentlemen had discussed privately.				
Monsieur le Député, j'ai toujours défendu l'idée qu'un <N1>gentleman</N1> ne devait pas savoir ce dont deux gentlemen ont discuté en privé.	Mr Crowley, I had always believed that a gentleman would not wish to know what two other gentlemen had discussed privately.				
TRUE					
					
L'Amérique nous menace à travers le réchauffement continu de la planète, un bouclier antimissile sorti de la période <L1>star wars</L1> , la viande aux hormones, des avions bruyants, le système d'écoute Echelon, un monopole sur les brevets et un dollar qui, en sa qualité de moyen de paiement international, répercute depuis des décennies les déficits de la balance des paiements américaine sur le monde extérieur.	America is threatening us with increased global warming, again with an anti-missile shield dating from the 'Star Wars' period, with meat containing hormones, noisy aircraft, the ECHELON tapping system, a monopoly of patents and with a dollar which, as international currency, has for decades passed on the deficits of the American balance of payments to the outside world.	étoile plomb star principal | étoile astre star | étoile star astérisque | étoile star			
L'Amérique nous menace à travers le réchauffement continu de la planète, un bouclier antimissile sorti de la période <N1>guerre des étoiles</N1> , la viande aux hormones, des avions bruyants, le système d'écoute Echelon, un monopole sur les brevets et un dollar qui, en sa qualité de moyen de paiement international, répercute depuis des décennies les déficits de la balance des paiements américaine sur le monde extérieur.	America is threatening us with increased global warming, again with an anti-missile shield dating from the 'Star Wars' period, with meat containing hormones, noisy aircraft, the ECHELON tapping system, a monopoly of patents and with a dollar which, as international currency, has for decades passed on the deficits of the American balance of payments to the outside world.				
TRUE					
					
Et il paraît évident que l'effet <L1>récessif</L1> de l'uniformisation l'emporte de beaucoup aujourd'hui sur les avantages de la suppression des changes internes.	It seems clear that the recessionary effect of standardisation today rather outweighs the benefits of eliminating internal exchange rates.				
Et il paraît évident que l'effet <N1></N1> de l'uniformisation l'emporte de beaucoup aujourd'hui sur les avantages de la suppression des changes internes.	It seems clear that the recessionary effect of standardisation today rather outweighs the benefits of eliminating internal exchange rates.				
FALSE					
					
Et les missiles sol-air déployés autour du centre de retraitement de La Hague seront-ils crédiblement efficaces contre une attaque <L1>kamikaze</L1> ?	And will the ground-to-air missiles deployed around the re-processing plant in The Hague be effective against a suicide attack?				
Et les missiles sol-air déployés autour du centre de retraitement de La Hague seront-ils crédiblement efficaces contre une attaque <N1>kamikaze</N1> ?	And will the ground-to-air missiles deployed around the re-processing plant in The Hague be effective against a suicide attack?				
TRUE					
					
On a souligné qu'un amateur de <L1>jogging</L1> moyen dépasse la limite d'un facteur 7 à 8, tandis que le simple fait de marcher dans la rue pourrait enfreindre les règles.	It has been pointed out that the average jogger exceeds the limit by a factor of 7 or 8, while even walking down a road could break the rules.	jogging footing			
On a souligné qu'un amateur de <N1>course à pied</N1> moyen dépasse la limite d'un facteur 7 à 8, tandis que le simple fait de marcher dans la rue pourrait enfreindre les règles.	It has been pointed out that the average jogger exceeds the limit by a factor of 7 or 8, while even walking down a road could break the rules.				
TRUE					
					
L' utilisation - délibérée et au détriment du citoyen - d' un <L1>mégaphone</L1> de propagande unilatérale installé à Bruxelles et censé faire entendre la voix de l' Union fait naître en moi de vives inquiétudes.	The fact that a unilateral propaganda megaphone is resounding from Brussels across the Union, and at the citizen' s expense, concerns me greatly.	porte-voix mégaphone			
L' utilisation - délibérée et au détriment du citoyen - d' un <N1></N1> de propagande unilatérale installé à Bruxelles et censé faire entendre la voix de l' Union fait naître en moi de vives inquiétudes.	The fact that a unilateral propaganda megaphone is resounding from Brussels across the Union, and at the citizen' s expense, concerns me greatly.				
FALSE					
					
Au revoir , maintenant que vous nous quittez, pour les années de bons et loyaux services que vous avez passées, et merci pour la qualité de la coopération que vous avez nouée avec notre Assemblée et pour la qualité de ce rapport, qui apparaît désormais, majestueusement, comme une sorte de porte-avions, entouré de la <L1>flottille</L1> de ses rapports spéciaux.	I shall say goodbye, now that you are leaving us, after giving many years of loyal service, and thank you for the excellent cooperation that you developed with this House and for the quality of this report, which now seems like an impressive aircraft carrier, surrounded by a squadron of special reports.				
Au revoir , maintenant que vous nous quittez, pour les années de bons et loyaux services que vous avez passées, et merci pour la qualité de la coopération que vous avez nouée avec notre Assemblée et pour la qualité de ce rapport, qui apparaît désormais, majestueusement, comme une sorte de porte-avions, entouré de la <N1></N1> de ses rapports spéciaux.	I shall say goodbye, now that you are leaving us, after giving many years of loyal service, and thank you for the excellent cooperation that you developed with this House and for the quality of this report, which now seems like an impressive aircraft carrier, surrounded by a squadron of special reports.				
FALSE					
					
J'ai parlé de ce rapport également lors de mon <L1>meeting</L1> du dimanche 4 novembre.	I talked about Mr Turco' s document during my meeting on Sunday 4 November as well.				
J'ai parlé de ce rapport également lors de ma <N1>séance de réunion</N1> du dimanche 4 novembre.	I talked about Mr Turco' s document during my meeting on Sunday 4 November as well.				
TRUE					
					
Ils visent à ce que les autorités aient le droit de ne pas faire d' appel d' offres pour les services de métro ou de <L1>tramway</L1> s' il existe de bonnes raisons en matière de coûts, de sécurité ou de risque de création d' un monopole privé permanent plutôt que de la concurrence.	These would mean that authorities would be justified in not tendering metro and tram services if there were good reasons of cost, safety or risk of creating a permanent private monopoly rather than competition.	tram téléphérique tramway | tram trolley tramway trolleybus | tram tramway			
Ils visent à ce que les autorités aient le droit de ne pas faire d' appel d' offres pour les services de métro ou de <N1>tram</N1> s' il existe de bonnes raisons en matière de coûts, de sécurité ou de risque de création d' un monopole privé permanent plutôt que de la concurrence.	These would mean that authorities would be justified in not tendering metro and tram services if there were good reasons of cost, safety or risk of creating a permanent private monopoly rather than competition.				
TRUE					
					
Il n'y a aucune dignité à mourir d'une maladie du <L1>neurone</L1> moteur, de même qu'il y a fort peu de dignité à souffrir de la maladie de Parkinson.	There is no dignity in dying of motor neurone disease and there is precious little dignity in suffering from Parkinson's either.	cellule nerveuse neurone			
Il n'y a aucune dignité à mourir d'une maladie du <N1></N1> moteur, de même qu'il y a fort peu de dignité à souffrir de la maladie de Parkinson.	There is no dignity in dying of motor neurone disease and there is precious little dignity in suffering from Parkinson's either.				
FALSE					
					
Je pense que la convention - une convention réelle - doit être l'embryon de l'assemblée constituante et je crois qu'elle constitue la seule vraie clé pour que l'avenir de l'Union européenne soit plus brillant que la <L1>cacophonie</L1> actuelle.	I feel that the Convention, a genuine Convention, should be an embryonic constituent assembly, and that it is the only thing that can make the future of the European Union brighter than the confusion which reigns at present.				
Je pense que la convention - une convention réelle - doit être l'embryon de l'assemblée constituante et je crois qu'elle constitue la seule vraie clé pour que l'avenir de l'Union européenne soit plus brillant que la <N1></N1> actuelle.	I feel that the Convention, a genuine Convention, should be an embryonic constituent assembly, and that it is the only thing that can make the future of the European Union brighter than the confusion which reigns at present.				
FALSE					
					
Monsieur le Président, je désire seulement vous annoncer que nous avons parmi nos invités les étudiants du <L1>master</L1> en sciences politiques de la Fondation extérieure et pour l' Amérique latine du gouvernement espagnol.	Mr President, I simply wish to inform you that the students reading for the Masters degree in political science of the Spanish Government' s external and Latin American foundation are present in the guest' s gallery.	maîtrise master Maîtrise			
Monsieur le Président, je désire seulement vous annoncer que nous avons parmi nos invités les étudiants du <N1>master</N1> en sciences politiques de la Fondation extérieure et pour l' Amérique latine du gouvernement espagnol.	Mr President, I simply wish to inform you that the students reading for the Masters degree in political science of the Spanish Government' s external and Latin American foundation are present in the guest' s gallery.				
TRUE					
					
Le premier consiste à répondre à cette question : pouvons-nous étendre les obligations de transmission aux <L1>API</L1> et aux EPG ?	The first is whether we can extend transmission obligations to APIs and IPGs.				
Le premier consiste à répondre à cette question : pouvons-nous étendre les obligations de transmission aux <N1></N1> et aux EPG ?	The first is whether we can extend transmission obligations to APIs and IPGs.				
FALSE					
					
Le thème est d'importance et il ne s'agit certainement pas d'un <L1>hobby</L1> exclusivement néerlandais, même si nous en avons eu quelque peu l'impression vu la liste des orateurs - les quatre premiers intervenants étant, par le plus grand des hasards, originaires de ce pays.	This is an important topic, and it is certainly not only a Dutch pastime, even if we perhaps give this impression a little bit with the list of speakers, the first four of which accidentally, very accidentally, happen to hail from that country.	hobby écart touche passe-temps | cheval à bascule hobby passe-temps | falco subbuteo hobby faucon hobereau passe-temps faucon			
Le thème est d'importance et il ne s'agit certainement pas d'un <N1></N1> exclusivement néerlandais, même si nous en avons eu quelque peu l'impression vu la liste des orateurs - les quatre premiers intervenants étant, par le plus grand des hasards, originaires de ce pays.	This is an important topic, and it is certainly not only a Dutch pastime, even if we perhaps give this impression a little bit with the list of speakers, the first four of which accidentally, very accidentally, happen to hail from that country.				
FALSE					
					
Je me rappelle un cas notamment, où des enfants ghanéens avaient trouvé la mort dans la <L1>cale</L1> d' un avion.	I remember that case in which Ghanaian children died in the hold of an aircraft.	coin cale | cale tenir			
Je me rappelle un cas notamment, où des enfants ghanéens avaient trouvé la mort dans la <N1></N1> d' un avion.	I remember that case in which Ghanaian children died in the hold of an aircraft.				
FALSE					
					
Quand je lis la déclaration de Laeken, j'ai envie d'utiliser un dicton que nous avons en anglais, it's <L1>like</L1> the curate's egg, c'est-à-dire, il y a du bon et du mauvais.	As I read on in the Laeken Declaration I recall the saying we have in English that, like the curate's egg, it is good in parts.				
Quand je lis la déclaration de Laeken, j'ai envie d'utiliser un dicton que nous avons en anglais, it's <N1></N1> the curate's egg, c'est-à-dire, il y a du bon et du mauvais.	As I read on in the Laeken Declaration I recall the saying we have in English that, like the curate's egg, it is good in parts.				
FALSE					
					
Il y va aussi d' éléments liés à l' identité même de ces régions, notamment dans les DOM, où les activités liées à la plantation de la canne à sucre et à la production de sucre et de <L1>rhum</L1> font étroitement partie de l' histoire économique et sociale de ces territoires.	At stake are also elements related to the specific identity itself of these regions, particularly in the French Overseas Departments, where activities linked to the planting of sugar cane and to the production of sugar and rum are an important part of the economic and social history of these territories.	rhum rami | débris poussière débri rhum déblai			
Il y va aussi d' éléments liés à l' identité même de ces régions, notamment dans les DOM, où les activités liées à la plantation de la canne à sucre et à la production de sucre et de <N1>rhum</N1> font étroitement partie de l' histoire économique et sociale de ces territoires.	At stake are also elements related to the specific identity itself of these regions, particularly in the French Overseas Departments, where activities linked to the planting of sugar cane and to the production of sugar and rum are an important part of the economic and social history of these territories.				
TRUE					
					
Le groupe PPE-DE demandera un vote séparé pour l'amendement 69 et retirera l'amendement 181, afin qu'il ne soit plus question de negociated third <L1>party</L1> access (accès négocié de tiers au réseau).	Allow me to say at this stage that the PPE-DE Group will request a split vote for Amendment No 69 and will withdraw Amendment No 181, so that there will be no question of negotiated third-party access.				
Le groupe PPE-DE demandera un vote séparé pour l'amendement 69 et retirera l'amendement 181, afin qu'il ne soit plus question de negociated third <N1></N1> access (accès négocié de tiers au réseau).	Allow me to say at this stage that the PPE-DE Group will request a split vote for Amendment No 69 and will withdraw Amendment No 181, so that there will be no question of negotiated third-party access.				
FALSE					
					
Interdire aux femmes l'interruption volontaire de grossesse, c'est-à-dire en fait le droit de disposer de leur propre corps, est déjà une attitude <L1>misogyne</L1> et oppressive.	Prohibiting women from voluntarily terminating their pregnancy, in other words denying them the right to use their bodies as they please, is one example of a sexist and oppressive attitude towards women.				
Interdire aux femmes l'interruption volontaire de grossesse, c'est-à-dire en fait le droit de disposer de leur propre corps, est déjà une attitude <N1></N1> et oppressive.	Prohibiting women from voluntarily terminating their pregnancy, in other words denying them the right to use their bodies as they please, is one example of a sexist and oppressive attitude towards women.				
FALSE					
					
Cela fait longtemps que l'UE aurait dû dénoncer le <L1>bluff</L1> de M. Bush.	The time is long overdue for the EU to call Mr Bush's bluff.				
Cela fait longtemps que l'UE aurait dû dénoncer le <N1>bluff</N1> de M. Bush.	The time is long overdue for the EU to call Mr Bush's bluff.				
TRUE					
					
Cependant, le rapporteur reconnaît et recommande une flexibilité appropriée, nécessaire à l'utilisation des politiques publiques en ce qui concerne les instruments de relance économique, sans faire du déficit zéro pour 2004 un <L1>fétiche</L1> inadapté à la réalité actuelle.	The rapporteur nevertheless acknowledges and recommends an appropriate degree of flexibility, which is necessary if we are to use public policies as instruments of economic recovery, without making the zero deficit in 2004 an obsession that is disproportionate to today's reality.	fétiche vaudou			
Cependant, le rapporteur reconnaît et recommande une flexibilité appropriée, nécessaire à l'utilisation des politiques publiques en ce qui concerne les instruments de relance économique, sans faire du déficit zéro pour 2004 un <N1></N1> inadapté à la réalité actuelle.	The rapporteur nevertheless acknowledges and recommends an appropriate degree of flexibility, which is necessary if we are to use public policies as instruments of economic recovery, without making the zero deficit in 2004 an obsession that is disproportionate to today's reality.				
FALSE					
					
Monsieur le Président, Monsieur le Commissaire, Mesdames et Messieurs, j'espère que nous pourrons continuer à déguster les meilleurs desserts, le meilleur <L1>touron</L1> et les produits fabriqués avec les noisettes et les amandes les meilleures et les plus savoureuses au monde.	Mr President, Commissioner, ladies and gentlemen, I trust we shall be able to continue enjoying the best desserts, the best nougat, and all those products manufactured with the best and most delicious hazelnuts and almonds in the world.				
Monsieur le Président, Monsieur le Commissaire, Mesdames et Messieurs, j'espère que nous pourrons continuer à déguster les meilleurs desserts, le meilleur <N1>nougat</N1> et les produits fabriqués avec les noisettes et les amandes les meilleures et les plus savoureuses au monde.	Mr President, Commissioner, ladies and gentlemen, I trust we shall be able to continue enjoying the best desserts, the best nougat, and all those products manufactured with the best and most delicious hazelnuts and almonds in the world.				
TRUE					
					
De quoi faire rêver peut-être un <L1>businessman</L1> ou un actionnaire, mais certainement pas le plus grand nombre de nos concitoyens.	This may make entrepreneurs' and shareholders' mouths water, but it certainly will not appeal to most of our fellow citizens.	businessman marchand homme d'affaires commerçant			
De quoi faire rêver peut-être un <N1>homme d'affaires</N1> ou un actionnaire, mais certainement pas le plus grand nombre de nos concitoyens.	This may make entrepreneurs' and shareholders' mouths water, but it certainly will not appeal to most of our fellow citizens.				
TRUE					
					
Je le dis à Mme la Vice-présidente De Palacio : cela devient une sorte de <L1>gag</L1> ; au bout de trois ans on ne sait toujours pas ce qui va se passer.	I must say to the Vice-President, Mrs de Palacio, that this is turning into some kind of joke: after three years we still do not know what is going to happen.				
Je le dis à Mme la Vice-présidente De Palacio : cela devient une sorte de <N1>plaisanterie</N1> ; au bout de trois ans on ne sait toujours pas ce qui va se passer.	I must say to the Vice-President, Mrs de Palacio, that this is turning into some kind of joke: after three years we still do not know what is going to happen.				
TRUE					
					
Si nous n'édifions pas une défense européenne crédible, l'Europe restera ce roquet autorisé à s'ébattre à côté du <L1>bulldog</L1> américain.	Without the development of credible European defence, Europe remains a yapping puppy that is allowed to frolic alongside the American bulldog.				
Si nous n'édifions pas une défense européenne crédible, l'Europe restera ce roquet autorisé à s'ébattre à côté du <N1>bouledogue</N1> américain.	Without the development of credible European defence, Europe remains a yapping puppy that is allowed to frolic alongside the American bulldog.				
TRUE					
					
À notre sens, il serait regrettable, contrairement à ce que M. Lehne a dit, de mettre en place un <L1>patchwork</L1> européen, chaque cour de justice donnant une interprétation différente du brevet communautaire.	We take the view, unlike Mr Lehne, that a European patchwork quilt, where each court provides a different interpretation of the European Community patent, would not be beneficial.	patchwork mosaïque			
À notre sens, il serait regrettable, contrairement à ce que M. Lehne a dit, de mettre en place un <N1>patchwork</N1> européen, chaque cour de justice donnant une interprétation différente du brevet communautaire.	We take the view, unlike Mr Lehne, that a European patchwork quilt, where each court provides a different interpretation of the European Community patent, would not be beneficial.				
TRUE					
					
Je pense au nombre croissant d'exécutions politiques, à l'interdiction du mouvement Falun Gong et à la fuite récente du <L1>lama</L1> tibétain Karmapa en Inde.	The increasing number of political executions spring to mind, as well as the ban on the Falun Gong movement and the recent escape of the Tibetan Karmapa Lama to India.	Lama lama | lama blanc lama llama			
Je pense au nombre croissant d'exécutions politiques, à l'interdiction du mouvement Falun Gong et à la fuite récente du <N1>lama</N1> tibétain Karmapa en Inde.	The increasing number of political executions spring to mind, as well as the ban on the Falun Gong movement and the recent escape of the Tibetan Karmapa Lama to India.				
TRUE					
					
Je voudrais vous dire que la dernière fois que des contrôles discrets ont été effectués, précisément lors du Conseil européen de Barcelone, pour éviter que les rues de cette ville ne deviennent un champ de bataille comme cela a été le cas à Gênes, et, par le biais de la suspension temporaire de la convention de Schengen, la police espagnole a pu arrêter à la frontière certains fauteurs de troubles qui, par exemple, détenaient des maillets et des battes de <L1>base-ball</L1> pour casser des vitrines.	I would like to remind you that the last occasion when discreet surveillance was used was the Barcelona Council, to prevent the streets of Barcelona from being turned into some sort of battleground, as happened in Genoa. The temporary suspension of the Schengen Agreement allowed the Spanish police to stop several troublemakers at the border, who were carrying clubs and baseball bats with which to break shop windows, for example.				
Je voudrais vous dire que la dernière fois que des contrôles discrets ont été effectués, précisément lors du Conseil européen de Barcelone, pour éviter que les rues de cette ville ne deviennent un champ de bataille comme cela a été le cas à Gênes, et, par le biais de la suspension temporaire de la convention de Schengen, la police espagnole a pu arrêter à la frontière certains fauteurs de troubles qui, par exemple, détenaient des maillets et des battes de <N1>base-ball</N1> pour casser des vitrines.	I would like to remind you that the last occasion when discreet surveillance was used was the Barcelona Council, to prevent the streets of Barcelona from being turned into some sort of battleground, as happened in Genoa. The temporary suspension of the Schengen Agreement allowed the Spanish police to stop several troublemakers at the border, who were carrying clubs and baseball bats with which to break shop windows, for example.				
TRUE					
					
Contrôler les médias constitue une tâche énorme et l'Europe doit mobiliser tout ce qu'elle compte comme experts pour neutraliser cette influence <L1>délétère</L1> qui affecte de plus en plus les enfants.	Controlling the media is a mammoth task and Europe needs to draw on as many expert sources as possible in order to harness what is increasingly a harmful influence on children.	subtil dangereux délétère insidieux malsain nuisible | injurieux délétère | nuisible nocif délétère | dangereux délétère			
Contrôler les médias constitue une tâche énorme et l'Europe doit mobiliser tout ce qu'elle compte comme experts pour neutraliser cette influence <N1></N1> qui affecte de plus en plus les enfants.	Controlling the media is a mammoth task and Europe needs to draw on as many expert sources as possible in order to harness what is increasingly a harmful influence on children.				
FALSE					
					
Nous souhaitions promouvoir la politique de l'emploi à l'échelon local et régional en fournissant davantage d'informations sur les projets locaux en matière d'emploi, en échangeant des expériences en matière de bonnes pratiques et en exigeant de la part des États que, dans leurs plans nationaux d'action, ils fassent état de la manière dont les autorités locales peuvent être impliquées <L1>dan</L1> la politique de l'emploi.	We wanted to promote employment policy at local and regional levels through more information about local employment plans, through exchanges of experience concerning good practice and through demands that, in their national action plans, countries report on how local authorities can be involved in employment policy.				
Nous souhaitions promouvoir la politique de l'emploi à l'échelon local et régional en fournissant davantage d'informations sur les projets locaux en matière d'emploi, en échangeant des expériences en matière de bonnes pratiques et en exigeant de la part des États que, dans leurs plans nationaux d'action, ils fassent état de la manière dont les autorités locales peuvent être impliquées <N1></N1> la politique de l'emploi.	We wanted to promote employment policy at local and regional levels through more information about local employment plans, through exchanges of experience concerning good practice and through demands that, in their national action plans, countries report on how local authorities can be involved in employment policy.				
FALSE					
					
Mais, si l'on en croit vos paroles - et, surtout, vos déclarations à la presse il y a quelques jours - vous n'envisagez pas de changer d'un <L1>iota</L1> votre proposition.	Nevertheless, it seems to be clear from your words, and especially from your statements to the press in recent days, that you have no intention of changing a single letter of the proposal.	chouïa iota			
Mais, si l'on en croit vos paroles - et, surtout, vos déclarations à la presse il y a quelques jours - vous n'envisagez pas de changer d'un <N1></N1> votre proposition.	Nevertheless, it seems to be clear from your words, and especially from your statements to the press in recent days, that you have no intention of changing a single letter of the proposal.				
FALSE					
					
Ceci est un point fondamental pour atteindre les deux objectifs poursuivis à travers la coordination de la politique économique : que la politique fiscale n'entrave pas la politique monétaire et que des externalités ou des effets <L1>spin</L1> over qui auraient des conséquences négatives ne se produisent pas dans d'autres pays.	These are very important for us to be able to achieve our two objectives through the coordination of economic policy: that fiscal policy should not hinder monetary policy and cause no externalities or spin off effects that would have negative effects on other countries.				
Ceci est un point fondamental pour atteindre les deux objectifs poursuivis à travers la coordination de la politique économique : que la politique fiscale n'entrave pas la politique monétaire et que des externalités ou des effets <N1></N1> over qui auraient des conséquences négatives ne se produisent pas dans d'autres pays.	These are very important for us to be able to achieve our two objectives through the coordination of economic policy: that fiscal policy should not hinder monetary policy and cause no externalities or spin off effects that would have negative effects on other countries.				
FALSE					
					
Il ne faudrait pas que les Européens se bornent à voir dans le nouveau <L1>farm bill</L1> un instrument perturbateur en matière de commerce car il est aussi, par ses objectifs, son ampleur et sa durée, la reconnaissance du droit pour chaque pays à soutenir son agriculture, en raison d'enjeux spécifiques, notamment d'équilibre social, territorial et environnemental, qui ne peuvent être laissés au seul jeu des mécanismes du libre échange.	European citizens should not simply regard the new farm bill as an instrument that will disrupt trade, since its objectives, scope and length also acknowledge each country's right to support its agricultural industry, given the practical challenges, such as social, territorial and environmental balance, which cannot be left to the mercy of free trade mechanisms alone.	billion milliard bill | bill mesure loi facture mesurer action			
Il ne faudrait pas que les Européens se bornent à voir dans le nouveau <N1>projet de loi agricole</N1> un instrument perturbateur en matière de commerce car il est aussi, par ses objectifs, son ampleur et sa durée, la reconnaissance du droit pour chaque pays à soutenir son agriculture, en raison d'enjeux spécifiques, notamment d'équilibre social, territorial et environnemental, qui ne peuvent être laissés au seul jeu des mécanismes du libre échange.	European citizens should not simply regard the new farm bill as an instrument that will disrupt trade, since its objectives, scope and length also acknowledge each country's right to support its agricultural industry, given the practical challenges, such as social, territorial and environmental balance, which cannot be left to the mercy of free trade mechanisms alone.				
TRUE					
					
Le succès qu'a eu l'Union européenne, un continent bien plus hétérogène et bien plus diversifié, avec les différentes langues européennes, que l'Amérique hispanophone et <L1>lusophone</L1> et que les Caraïbes.	We could point to the successful integration of the European Union, located on a far more heterogeneous and diverse continent, and faced with the challenge of so many European languages.				
Le succès qu'a eu l'Union européenne, un continent bien plus hétérogène et bien plus diversifié, avec les différentes langues européennes, que l'Amérique hispanophone et <N1></N1> et que les Caraïbes.	We could point to the successful integration of the European Union, located on a far more heterogeneous and diverse continent, and faced with the challenge of so many European languages.				
FALSE					
					
Il existe déjà dans les grandes villes des quartiers qui ne sont pas accessibles aux citoyens <L1>lambda</L1> à la tombée de la nuit.	The average citizen will not venture into certain areas of our big cities after dusk.				
Il existe déjà dans les grandes villes des quartiers qui ne sont pas accessibles aux citoyens <N1>ordinaires</N1> à la tombée de la nuit.	The average citizen will not venture into certain areas of our big cities after dusk.				
TRUE					
					
Nous espérons que cette interdiction de portée européenne contribuera à mettre en oeuvre une interdiction du <L1>spam</L1> y compris à l'extérieur de l'Europe et en particulier aux États-Unis.	It hopes that this Europe-wide ban will help establish a ban on spam outside Europe too, especially in the United States.	pourriel spam | pourriel spam SPAM			
Nous espérons que cette interdiction de portée européenne contribuera à mettre en oeuvre une interdiction du <N1>pourriel</N1> y compris à l'extérieur de l'Europe et en particulier aux États-Unis.	It hopes that this Europe-wide ban will help establish a ban on spam outside Europe too, especially in the United States.				
TRUE					
					
On propose d'affecter la majeure partie des fonds - 750 millions d'euros - à la recherche sur la fusion nucléaire, avec un maximum de 200 millions d'euros pour ITER, le <L1>tokamak</L1> Next Step .	The bulk of the funds - EUR 750 million - is proposed to be used for nuclear fusion research, with a maximum of EUR 200 million provided for ITER, the Next Step tokamak device.				
On propose d'affecter la majeure partie des fonds - 750 millions d'euros - à la recherche sur la fusion nucléaire, avec un maximum de 200 millions d'euros pour ITER, le <N1></N1> Next Step .	The bulk of the funds - EUR 750 million - is proposed to be used for nuclear fusion research, with a maximum of EUR 200 million provided for ITER, the Next Step tokamak device.				
FALSE					
					
Le programme des Associations comprend entre autres l'étude des schémas de confinement magnétique autres que le tokamak, en particulier la poursuite de la construction du <L1>stellarator</L1> 7-X Wendelstein, la recherche sur les matériaux utilisés pour la fusion et le suivi des recherches civiles sur le confinement inertiel et les éventuels concepts alternatifs.	The Associations' programme includes, among others, studies of magnetic confinement schemes other than the tokamak, in particular the continuation of the construction of the Wendelstein 7-X  stellarator , research on fusion materials and keeping in touch with civil research activities on inertial confinement and possible alternative concepts.				
Le programme des Associations comprend entre autres l'étude des schémas de confinement magnétique autres que le tokamak, en particulier la poursuite de la construction du <N1></N1> 7-X Wendelstein, la recherche sur les matériaux utilisés pour la fusion et le suivi des recherches civiles sur le confinement inertiel et les éventuels concepts alternatifs.	The Associations' programme includes, among others, studies of magnetic confinement schemes other than the tokamak, in particular the continuation of the construction of the Wendelstein 7-X  stellarator , research on fusion materials and keeping in touch with civil research activities on inertial confinement and possible alternative concepts.				
FALSE					
					
Le Parlement en appelle aux deux parties, à l'Union européenne, mais aussi aux futurs pays membres, afin que les mois qui nous restent soient utilisés de façon énergique à maintenir le rythme et à mobiliser toutes les forces pour le <L1>sprint</L1> final, afin que le but commun soit atteint.	Parliament has called on both sides, the European Union and the future Member States, to make good use of the coming months, to keep up the pace and to mobilise all forces in the sprint to the finishing line, so as to ensure that the jointly set targets are achieved.	sprint course de vitesse			
Le Parlement en appelle aux deux parties, à l'Union européenne, mais aussi aux futurs pays membres, afin que les mois qui nous restent soient utilisés de façon énergique à maintenir le rythme et à mobiliser toutes les forces pour le <N1>sprint</N1> final, afin que le but commun soit atteint.	Parliament has called on both sides, the European Union and the future Member States, to make good use of the coming months, to keep up the pace and to mobilise all forces in the sprint to the finishing line, so as to ensure that the jointly set targets are achieved.				
TRUE					
					
Monsieur le Président, je suis optimiste et je suis certain que va se réaliser ce qu'a annoncé le commissaire Verheugen à maintes reprises, à savoir, au début de l'année prochaine - en contrebas de l'Acropole, sur la Pnyx, siège de l'Ecclésia du <L1>dème</L1> de la démocratie directe, là où a prêché l'apôtre Paul -, la signature des premiers accords d'adhésion des nouveaux pays à l'Union européenne.	Mr President, I am optimistic and I am certain that what Commissioner Verheugen has repeated on numerous occasions will in fact happen and that, at the beginning of next year, the first accession agreements will be signed with the new Member States of the European Union in the Pnyx beneath the Acropolis, in the precincts of the church of the parish of direct democracy in which Saint Paul himself preached.				
Monsieur le Président, je suis optimiste et je suis certain que va se réaliser ce qu'a annoncé le commissaire Verheugen à maintes reprises, à savoir, au début de l'année prochaine - en contrebas de l'Acropole, sur la Pnyx, siège de l'Ecclésia du <N1></N1> de la démocratie directe, là où a prêché l'apôtre Paul -, la signature des premiers accords d'adhésion des nouveaux pays à l'Union européenne.	Mr President, I am optimistic and I am certain that what Commissioner Verheugen has repeated on numerous occasions will in fact happen and that, at the beginning of next year, the first accession agreements will be signed with the new Member States of the European Union in the Pnyx beneath the Acropolis, in the precincts of the church of the parish of direct democracy in which Saint Paul himself preached.				
FALSE					
					
Il s'agirait donc de faire évoluer les accises sur les carburants automobiles vers une sorte d'écotaxe frappant plus lourdement les carburants fossiles que les carburants renouvelables en raison de leur <L1>externalité</L1> négative.	It would therefore be a matter of transforming excise duty on car fuels into a type of eco-tax that would be higher for fossil fuels than for renewable fuels due to the punitive external costs of fossil fuels.	externalité effet externe			
Il s'agirait donc de faire évoluer les accises sur les carburants automobiles vers une sorte d'écotaxe frappant plus lourdement les carburants fossiles que les carburants renouvelables en raison de leur <N1></N1> négative.	It would therefore be a matter of transforming excise duty on car fuels into a type of eco-tax that would be higher for fossil fuels than for renewable fuels due to the punitive external costs of fossil fuels.				
FALSE					
					
Ces messieurs se sont vraisemblablement également étouffés dans la <L1>paella</L1> de la politique étrangère.	It appears that the gentlemen have also choked on the paella of foreign policy.				
Ces messieurs se sont vraisemblablement également étouffés dans la <N1>paélia</N1> de la politique étrangère.	It appears that the gentlemen have also choked on the paella of foreign policy.				
TRUE					
					
. (DE) La rapportrice socialiste, avec l'aide de ses acolytes communistes et Verts, a fait de ce rapport, qui aurait du être un rapport d'initiative établi par la commission des droits de la femme et de l'égalité des chances, un <L1>tract</L1> de propagande en faveur de l'avortement et de la contraception.	This own-initiative report, which the Committee on Women's Rights and Equal Opportunities was authorised to draw up, has been turned by its socialist rapporteur and her communist and green acolytes into a pamphlet in favour of abortion and contraception.	circulaire prospectus tract			
. (DE) La rapportrice socialiste, avec l'aide de ses acolytes communistes et Verts, a fait de ce rapport, qui aurait du être un rapport d'initiative établi par la commission des droits de la femme et de l'égalité des chances, un <N1>prospectus</N1> de propagande en faveur de l'avortement et de la contraception.	This own-initiative report, which the Committee on Women's Rights and Equal Opportunities was authorised to draw up, has been turned by its socialist rapporteur and her communist and green acolytes into a pamphlet in favour of abortion and contraception.				
TRUE					
					
Molaim an dea-seirbhís a <L1>thug</L1> mo réamhtheachtaí san áras seo, Pat the Cope Gallagher atá anois mar bhall do Rialtas na h-Éireann.	Molaim an dea-seirbhís a thug mo réamhtheachtaí san áras seo, Pat the Cope Gallagher atá anois mar bhall do Rialtas na h-Éireann.	thug thagî thag			
Molaim an dea-seirbhís a <N1></N1> mo réamhtheachtaí san áras seo, Pat the Cope Gallagher atá anois mar bhall do Rialtas na h-Éireann.	Molaim an dea-seirbhís a thug mo réamhtheachtaí san áras seo, Pat the Cope Gallagher atá anois mar bhall do Rialtas na h-Éireann.				
FALSE					
					
Chun críochníu, <L1>ba</L1> mhaith liom a rá go cruinn agus go sóiléir, mar teachta ó Éirinn, go mbeidh aidhm pholaitíuil amháin agam idir é seo agus an Fhomhair, sé sin tábhacht Chonraidh Nice a chur in iúil do mhuintir Connacht / Ulaidh chun go nglacfar leis san dara reifreann a bheidh againn in Éirinn roimh deireadh na bliana.	Chun críochníu, ba mhaith liom a rá go cruinn agus go sóiléir, mar teachta ó Éirinn, go mbeidh aidhm pholaitíuil amháin agam idir é seo agus an Fhomhair, sé sin tábhacht Chonraidh Nice a chur in iúil do mhuintir Connacht / Ulaidh chun go nglacfar leis san dara reifreann a bheidh againn in Éirinn roimh deireadh na bliana.	baryum BA			
Chun críochníu, <N1></N1> mhaith liom a rá go cruinn agus go sóiléir, mar teachta ó Éirinn, go mbeidh aidhm pholaitíuil amháin agam idir é seo agus an Fhomhair, sé sin tábhacht Chonraidh Nice a chur in iúil do mhuintir Connacht / Ulaidh chun go nglacfar leis san dara reifreann a bheidh againn in Éirinn roimh deireadh na bliana.	Chun críochníu, ba mhaith liom a rá go cruinn agus go sóiléir, mar teachta ó Éirinn, go mbeidh aidhm pholaitíuil amháin agam idir é seo agus an Fhomhair, sé sin tábhacht Chonraidh Nice a chur in iúil do mhuintir Connacht / Ulaidh chun go nglacfar leis san dara reifreann a bheidh againn in Éirinn roimh deireadh na bliana.				
FALSE					
					
Monsieur le Président, en ce qui concerne ce rapport, je dois dire, pour utiliser un terme de tauromachie dont j'ignore si l'Assemblée en comprendra le sens, que seule la <L1>faena</L1> de matar - la mise à mort - m'est échue, parce que, durant une année - entre le 1er janvier 2001 et le 1er janvier 2002 - le rapporteur était M. Marinho. Par la suite, il a dû laisser tomber ce poste.	Mr President, with regard to this report I must say that my only job - to use a bullfighting metaphor that the House may not understand - was to go in for the kill, because for a year - between 1 January 2001 and 1 January 2002 - the rapporteur was Mr Marinho and then he had to leave it, and it was therefore he who did all the preparatory work and it simply fell to me in the final phase to take up the amendments proposed and bring about some kind of compromise.				
Monsieur le Président, en ce qui concerne ce rapport, je dois dire, pour utiliser un terme de tauromachie dont j'ignore si l'Assemblée en comprendra le sens, que seule la <N1></N1> de matar - la mise à mort - m'est échue, parce que, durant une année - entre le 1er janvier 2001 et le 1er janvier 2002 - le rapporteur était M. Marinho. Par la suite, il a dû laisser tomber ce poste.	Mr President, with regard to this report I must say that my only job - to use a bullfighting metaphor that the House may not understand - was to go in for the kill, because for a year - between 1 January 2001 and 1 January 2002 - the rapporteur was Mr Marinho and then he had to leave it, and it was therefore he who did all the preparatory work and it simply fell to me in the final phase to take up the amendments proposed and bring about some kind of compromise.				
FALSE					
					
On ne dit pas je n'aime pas le <L1>pudding</L1> comme on dit je n'aime pas un Arabe .	Saying 'I don't like bread pudding' is not the same as saying 'I don't like Arabs'.				
On ne dit pas je n'aime pas le <N1>pouding</N1> comme on dit je n'aime pas un Arabe .	Saying 'I don't like bread pudding' is not the same as saying 'I don't like Arabs'.				
TRUE					
					
Air France l'a fait à de nombreuses reprises : hier, deux de mes collègues munis de billets confirmés sont restés sur le <L1>tarmac</L1> car le vol avait été surréservé.	Air France has done this repeatedly; yesterday two of my colleagues with confirmed tickets were thrown off because the flight had been overbooked.				
Air France l'a fait à de nombreuses reprises : hier, deux de mes collègues munis de billets confirmés sont restés sur le <N1></N1> car le vol avait été surréservé.	Air France has done this repeatedly; yesterday two of my colleagues with confirmed tickets were thrown off because the flight had been overbooked.				
FALSE					
					
Les différences de définition entre cadeau, prime, rabais et jeu promotionnel sont un <L1>bijou</L1> de subtilité, et ce qu'un Français considérera comme équitable sera inadmissible pour un Allemand, tandis que l'Anglais ne comprendra pas que ses voisins s'enferment dans des règles multiples et qu'ils considèrent le consommateur comme un être immature.	The differences in the definition of free gift, bonus, discount and promotional game are extremely subtle, and what the French will consider to be fair will be unthinkable to a German, whilst the English will not understand why their neighbours are sticking to so many rules and will consider the consumer to be naive.	pierre précieuse gemme bijou joyau | joyau bijou | fleuron joyau bijou pierre précieuse | muffin joyau bijou			
Les différences de définition entre cadeau, prime, rabais et jeu promotionnel sont un <N1></N1> de subtilité, et ce qu'un Français considérera comme équitable sera inadmissible pour un Allemand, tandis que l'Anglais ne comprendra pas que ses voisins s'enferment dans des règles multiples et qu'ils considèrent le consommateur comme un être immature.	The differences in the definition of free gift, bonus, discount and promotional game are extremely subtle, and what the French will consider to be fair will be unthinkable to a German, whilst the English will not understand why their neighbours are sticking to so many rules and will consider the consumer to be naive.				
FALSE					
					
Lancer une proposition de paix européenne au conflit israélo-palestinien et tolérer un <L1>sponsor</L1> de la terreur palestinienne sont deux choses incompatibles.	The launch of a European peace proposal for the Israeli-Palestinian conflict is simply incompatible with tolerating a sponsor of Palestinian terror.	promoteur parrain sponsor mécène | fréquent sponsor | bailleur promoteur sponsor			
Lancer une proposition de paix européenne au conflit israélo-palestinien et tolérer un <N1>promoteur</N1> de la terreur palestinienne sont deux choses incompatibles.	The launch of a European peace proposal for the Israeli-Palestinian conflict is simply incompatible with tolerating a sponsor of Palestinian terror.				
TRUE					
					
Un problème analogue se pose pour l'Église orthodoxe <L1>autocéphale</L1> d'Albanie dont les biens, également nationalisés par le régime communiste, n'ont toujours pas été restitués.	There is also a similar problem with the property of the Autocephalous Orthodox Church of Albania, whose land was also confiscated by the communist regime and has not since been returned.				
Un problème analogue se pose pour l'Église orthodoxe <N1></N1> d'Albanie dont les biens, également nationalisés par le régime communiste, n'ont toujours pas été restitués.	There is also a similar problem with the property of the Autocephalous Orthodox Church of Albania, whose land was also confiscated by the communist regime and has not since been returned.				
FALSE					
					
Nous recyclons néanmoins les huiles usagées produites par les fish and <L1>chips</L1> , ce monument de l'art culinaire, ainsi que par d'autres établissements de restauration et par les ménages privés.	We do, however, recycle waste oil produced from such establishments as fish and chip shops, that monument to the culinary art, but also from other catering establishments and private homes that produce waste cooking oil.	chips Chips			
Nous recyclons néanmoins les huiles usagées produites par les fish and <N1></N1> , ce monument de l'art culinaire, ainsi que par d'autres établissements de restauration et par les ménages privés.	We do, however, recycle waste oil produced from such establishments as fish and chip shops, that monument to the culinary art, but also from other catering establishments and private homes that produce waste cooking oil.				
FALSE					
					
Comme nous sommes une union <L1>polyglotte</L1> et multilingue, les traductions des jugements vers toutes les langues de l'Union européenne doivent être rapides, claires et précises afin que les citoyens et leurs conseillers juridiques dans toute l'Europe puissent se tenir à jour sur la législation de cette Union et son interprétation correcte.	Because we are a polyglot, multilingual union, there must be speedy, clear and accurate translation of the courts' judgments into all the languages of the European Union in order that citizens and their legal advisers throughout the European Union are up-to-date on the law of this Union and how it is properly interpreted.	polyglotte plurilingue multilingue | polyglotte linguiste			
Comme nous sommes une union <N1></N1> et multilingue, les traductions des jugements vers toutes les langues de l'Union européenne doivent être rapides, claires et précises afin que les citoyens et leurs conseillers juridiques dans toute l'Europe puissent se tenir à jour sur la législation de cette Union et son interprétation correcte.	Because we are a polyglot, multilingual union, there must be speedy, clear and accurate translation of the courts' judgments into all the languages of the European Union in order that citizens and their legal advisers throughout the European Union are up-to-date on the law of this Union and how it is properly interpreted.				
FALSE					
					
Le président américain n'a renoncé à aucun de ses plans, mais il commence peut-être à prendre conscience de ce que la vie politique internationale n'est pas un <L1>western</L1> dans lequel il assumerait le rôle du shérif.	The American President has not given up any of his plans, but he is perhaps beginning to realise that international political life is not a western in which he can play the role of sheriff.				
Le président américain n'a renoncé à aucun de ses plans, mais il commence peut-être à prendre conscience de ce que la vie politique internationale n'est pas un <N1>western</N1> dans lequel il assumerait le rôle du shérif.	The American President has not given up any of his plans, but he is perhaps beginning to realise that international political life is not a western in which he can play the role of sheriff.				
TRUE					
					
De même, les dispositifs <L1>rock</L1> hoppers qui rebondissent entre les obstacles du fond de la mer pour éviter que les filets ne s'accrochent peuvent causer de sérieux dommages aux coraux et aux monts sous-marins, qui constituent une part essentielle de l'écosystème marin.	Similarly, rock hoppers which bounce across obstacles on the seabed to avoid nets becoming snagged can cause enormous damage to delicate corals and sea mounts which are an essential part of the marine ecosystem.	secousse diam caillou rock roc roche sucre d'orge rocher Rock | roche roc rocher rock | rock and roll roc rock 'n' roll roche rocher rock musique rock			
De même, les dispositifs <N1></N1> hoppers qui rebondissent entre les obstacles du fond de la mer pour éviter que les filets ne s'accrochent peuvent causer de sérieux dommages aux coraux et aux monts sous-marins, qui constituent une part essentielle de l'écosystème marin.	Similarly, rock hoppers which bounce across obstacles on the seabed to avoid nets becoming snagged can cause enormous damage to delicate corals and sea mounts which are an essential part of the marine ecosystem.				
FALSE					
					
Je suis d'accord avec la suppression de la lingue, du brosme et de la <L1>dorade</L1> rose du domaine d'application du règlement.	The first amendment is one that the Commission can accept.	brème dorade | Dorade			
Je suis d'accord avec la suppression de la lingue, du brosme et de la <N1></N1> rose du domaine d'application du règlement.	The first amendment is one that the Commission can accept.				
FALSE					
					
Notre expérience nous montre que le système de licence ne fournit in toto qu'une fausse garantie de sécurité car aucun test <L1>prédictif</L1> ne peut garantir avec précision quel sera le degré de toxicité ni la menace potentielle pour la santé des êtres humains et des animaux.	It is our experience that the licensing system in toto provides a false guarantee of safety, in that no predictive testing could accurately ascertain the full extent of toxicity and the potential health threat to humans or animals.	pronostic prédictif			
Notre expérience nous montre que le système de licence ne fournit in toto qu'une fausse garantie de sécurité car aucun test <N1></N1> ne peut garantir avec précision quel sera le degré de toxicité ni la menace potentielle pour la santé des êtres humains et des animaux.	It is our experience that the licensing system in toto provides a false guarantee of safety, in that no predictive testing could accurately ascertain the full extent of toxicity and the potential health threat to humans or animals.				
FALSE					
					
Le rapport soutient également l'analyse comparative, mais il part du point de vue selon lequel une bonne analyse comparative nécessitera non seulement des données plus comparables et fiables, mais aussi un système de définitions plus harmonisé, un enregistrement et un <L1>reporting</L1> des accidents de travail et des maladies.	The report also welcomes benchmarking, but it takes the view that a successful benchmarking approach will need not just more comparable and reliable data but also a harmonised system of definitions, recording and reporting of occupational injuries and diseases.				
Le rapport soutient également l'analyse comparative, mais il part du point de vue selon lequel une bonne analyse comparative nécessitera non seulement des données plus comparables et fiables, mais aussi un système de définitions plus harmonisé, un enregistrement et un <N1>rapport</N1> des accidents de travail et des maladies.	The report also welcomes benchmarking, but it takes the view that a successful benchmarking approach will need not just more comparable and reliable data but also a harmonised system of definitions, recording and reporting of occupational injuries and diseases.				
TRUE					
					
Monsieur le Président, la terreur et la panique que répand le terrorisme sont les mêmes partout, qu'il s'agisse d'un <L1>sniper</L1> isolé à Washington ou d'un vaste réseau tel qu'Al-Qaïda.	Mr President, the dread and panic which terrorism spreads is the same regardless of whether the perpetrator is a lone sniper in Washington or large-scale networks such as Al-Qaeda.	tireur isolé tireur d'élite sniper			
Monsieur le Président, la terreur et la panique que répand le terrorisme sont les mêmes partout, qu'il s'agisse d'un <N1>tireur</N1> isolé à Washington ou d'un vaste réseau tel qu'Al-Qaïda.	Mr President, the dread and panic which terrorism spreads is the same regardless of whether the perpetrator is a lone sniper in Washington or large-scale networks such as Al-Qaeda.				
TRUE					
					
La proposition est déficiente dans plusieurs domaines clés : elle n'opère pas de distinction entre vols réguliers et vols <L1>charter</L1> ; elle ignore, par exemple, la directive sur les voyages à forfait qui assure la couverture des passagers de vols charter.	The proposal is flawed in several key areas: it fails to recognise fundamental differences between scheduled and charter operations; it ignores, for example, the package travel directive covering the rights of charter passengers.	charter charte			
La proposition est déficiente dans plusieurs domaines clés : elle n'opère pas de distinction entre vols réguliers et vols <N1>charter</N1> ; elle ignore, par exemple, la directive sur les voyages à forfait qui assure la couverture des passagers de vols charter.	The proposal is flawed in several key areas: it fails to recognise fundamental differences between scheduled and charter operations; it ignores, for example, the package travel directive covering the rights of charter passengers.				
TRUE					
					
En tout cas, cela n'a été qu'un prétexte au redoublement de la pression exercée par les <L2>lobbies</L2> des journalistes financiers qui veulent, en fait, créer une exception générale en leur faveur en matière de comitologie, je veux parler de l'autorégulation <L1>full point</L1>.	In any event, this was merely an excuse to redouble the pressure exerted by the lobbies of financial journalists who want, in fact, to create a general exception in their favour in the field of comitology; I am talking about self-regulation full stop.				
En tout cas, cela n'a été qu'un prétexte au redoublement de la pression exercée par les <N2>groupes de pression</N2> des journalistes financiers qui veulent, en fait, créer une exception générale en leur faveur en matière de comitologie, je veux parler de l'autorégulation <N1>point final</N1>.	In any event, this was merely an excuse to redouble the pressure exerted by the lobbies of financial journalists who want, in fact, to create a general exception in their favour in the field of comitology; I am talking about self-regulation full stop.				
TRUE					
					
Selon Michael Steiner, représentant des Nations unies dans la région, le Kosovo ressemble à une <L1>patate</L1> chaude que les dirigeants serbes se passent de main en main.	According to Michael Steiner, UN representative for Kosovo, this city is like a hot potato which the Serbian leaders pass quickly on.	patate pomme de terre murphy pomme | solanum tuberosum pomme de terre patate pomme			
Selon Michael Steiner, représentant des Nations unies dans la région, le Kosovo ressemble à une <N1></N1> chaude que les dirigeants serbes se passent de main en main.	According to Michael Steiner, UN representative for Kosovo, this city is like a hot potato which the Serbian leaders pass quickly on.				
FALSE					
					
Les gouvernements européens successifs ont été incapables de gérer les flots ininterrompus d'immigrants, et ce n'est pas le <L1>gadget</L1> médiatique du récent accord franco-britannique sur Sangatte qui va changer les choses.	One European government after another has been incapable of managing the uninterrupted waves of immigrants, and the recent, highly publicised agreement between France and Britain regarding Sangatte is not going to change things.	machin widget engin instrument ustensile appareil bidule truc gadget outil			
Les gouvernements européens successifs ont été incapables de gérer les flots ininterrompus d'immigrants, et ce n'est pas le <N1>gadget</N1> médiatique du récent accord franco-britannique sur Sangatte qui va changer les choses.	One European government after another has been incapable of managing the uninterrupted waves of immigrants, and the recent, highly publicised agreement between France and Britain regarding Sangatte is not going to change things.				
TRUE					
					
On utilise différents types d'acier spécial et/ou de tungstène contenant du <L1>wolfram</L1> pour les missiles télécommandés, mais pas d'uranium appauvri.	Various types of special steel and/or tungsten including wolfram are used for remote-controlled missiles, but not depleted uranium.	wolframite wolfram | tungstène wolfram			
On utilise différents types d'acier spécial et/ou de tungstène contenant du <N1></N1> pour les missiles télécommandés, mais pas d'uranium appauvri.	Various types of special steel and/or tungsten including wolfram are used for remote-controlled missiles, but not depleted uranium.				
FALSE					
					
La commission des droits de la femme se penche actuellement sur une initiative visant à imposer la dimension de genre au Parlement européen. Un programme <L1>fitness</L1> en matière d'égalité des chances, en quelque sorte.	We are at present working in the Committee on Women's Rights and Equal Opportunities on an initiative to achieve gender mainstreaming in the European Parliament, a kind of gender equality health programme if you like.				
La commission des droits de la femme se penche actuellement sur une initiative visant à imposer la dimension de genre au Parlement européen. Un programme <N1>de mise en forme</N1> en matière d'égalité des chances, en quelque sorte.	We are at present working in the Committee on Women's Rights and Equal Opportunities on an initiative to achieve gender mainstreaming in the European Parliament, a kind of gender equality health programme if you like.				
TRUE					
					
L'ordre du jour appelle la déclaration de la Commission sur l'incidence du <L1>sonar</L1> actif à basse fréquence sur la vie marine.	The next item is a statement by the Commission on the effect of low-frequency active sonar on marine life.	Sonar sonar			
L'ordre du jour appelle la déclaration de la Commission sur l'incidence du <N1>sonar</N1> actif à basse fréquence sur la vie marine.	The next item is a statement by the Commission on the effect of low-frequency active sonar on marine life.				
TRUE					
					
Ensuite, l'envoi d'un message <L1>subliminal</L1> que nous n'acceptons pas : l'Union européenne est un super-État qui s'occupe de tout et touche à tout.	Then we are being sent a subliminal message which we do not accept, namely that the European Union is a super-state which has its finger in every pie.				
Ensuite, l'envoi d'un message <N1></N1> que nous n'acceptons pas : l'Union européenne est un super-État qui s'occupe de tout et touche à tout.	Then we are being sent a subliminal message which we do not accept, namely that the European Union is a super-state which has its finger in every pie.				
FALSE					
					
Quant aux pays candidats, c'est à mon sens le moment de leur signifier en toute franchise, avant la ratification des traités d'adhésion, qu'il faut que nous soyons clairs sur notre ambition commune : ne confondons pas nouvelle Europe et <L1>remake</L1> de l'OTAN.	As for the candidate countries, I believe that this is the time to let them know, in all frankness, before the ratification of the accession treaties, that we must be clear about our common ambition: let us not confuse the new Europe with the reform of NATO.	copie remake			
Quant aux pays candidats, c'est à mon sens le moment de leur signifier en toute franchise, avant la ratification des traités d'adhésion, qu'il faut que nous soyons clairs sur notre ambition commune : ne confondons pas nouvelle Europe et <N1>remake</N1> de l'OTAN.	As for the candidate countries, I believe that this is the time to let them know, in all frankness, before the ratification of the accession treaties, that we must be clear about our common ambition: let us not confuse the new Europe with the reform of NATO.				
TRUE					
					
La rue, le milieu carcéral, les <L2>night-clubs</L2>, les <L1>rave parties</L1>, sont autant de lieux où les drogues dures circulent librement et en dehors des critères minimums de sécurité sanitaire.	Streets, the penal system, nightclubs, raves, are all places where hard drugs circulate freely and without regard to the minimum standards of health and safety.				
La rue, le milieu carcéral, les <N2>boites de nuit</N2>, les <N1>soirées rave</N1>, sont autant de lieux où les drogues dures circulent librement et en dehors des critères minimums de sécurité sanitaire.	Streets, the penal system, nightclubs, raves, are all places where hard drugs circulate freely and without regard to the minimum standards of health and safety.				
TRUE					
					
Le rapporteur aurait pu aller plus loin dans la lutte contre le discours <L1>ambivalent</L1> sur l'usage des drogues, si commun à une certaine gauche européenne, qui se refuse à comprendre la consommation comme une perte de responsabilité individuelle de chaque citoyen vis-à-vis des autres.	The rapporteur could have gone further in combating the ambivalent discourse on the use of drugs. So common amongst some parts of the European Left, which refuses to see drug consumption as the breaking of each citizen's responsibility towards their fellow citizens.	équivoque amphibologique ambivalent ambigu			
Le rapporteur aurait pu aller plus loin dans la lutte contre le discours <N1></N1> sur l'usage des drogues, si commun à une certaine gauche européenne, qui se refuse à comprendre la consommation comme une perte de responsabilité individuelle de chaque citoyen vis-à-vis des autres.	The rapporteur could have gone further in combating the ambivalent discourse on the use of drugs. So common amongst some parts of the European Left, which refuses to see drug consumption as the breaking of each citizen's responsibility towards their fellow citizens.				
FALSE					
					
Le Conseil et le Parlement doivent formuler et <L1>implémenter</L1> la directive de telle sorte qu'il ne puisse être question de dumping social ou de protectionnisme obstiné dans le chef d'une des parties. J'espère donc que les négociations seront bien menées.	What is important is that the Council and Parliament draw up and present the directive in such a way as to rule out the possibility of social dumping, and also the possibility of rigid protection of one of the parties, and I hope, therefore, that the negotiations are productive.	implémenter appliquer réviser réaliser rédiger | implémenter appliquer établir exécuter imposer mettre | implémenter appliquer établir			
Le Conseil et le Parlement doivent formuler et <N1>mettre en oeuvre</N1> la directive de telle sorte qu'il ne puisse être question de dumping social ou de protectionnisme obstiné dans le chef d'une des parties. J'espère donc que les négociations seront bien menées.	What is important is that the Council and Parliament draw up and present the directive in such a way as to rule out the possibility of social dumping, and also the possibility of rigid protection of one of the parties, and I hope, therefore, that the negotiations are productive.				
TRUE					
					
Nous savons aussi qu'un <L1>drone</L1> a été découvert, et qu'il est capable de larguer des armes biologiques et chimiques, et nous savons que des bombes à fragmentation ont également été découvertes.	We also know that a drone has been discovered which is capable of spreading biological and chemical weapons, and we know the cluster bombs have also been discovered.				
Nous savons aussi qu'un <N1>drone</N1> a été découvert, et qu'il est capable de larguer des armes biologiques et chimiques, et nous savons que des bombes à fragmentation ont également été découvertes.	We also know that a drone has been discovered which is capable of spreading biological and chemical weapons, and we know the cluster bombs have also been discovered.				
TRUE					
					
En effet, le cabillaud semble servir à celle-ci de <L1>cobaye</L1> pour expérimenter le nouvel instrument qu'elle est parvenue à imposer au Conseil dans le cadre des plans de reconstitution pour les espèces menacées : la limitation de l'effort de pêche.	The Commission seems to be using cod as a guinea pig to test the new tool that it has managed to impose on the Council as part of its regeneration plans for endangered species: limiting fishing.	cavia porcellus cochon d’Inde cobaye cochon d'Inde | cas sujet cause chose cobaye			
En effet, le cabillaud semble servir à celle-ci de <N1></N1> pour expérimenter le nouvel instrument qu'elle est parvenue à imposer au Conseil dans le cadre des plans de reconstitution pour les espèces menacées : la limitation de l'effort de pêche.	The Commission seems to be using cod as a guinea pig to test the new tool that it has managed to impose on the Council as part of its regeneration plans for endangered species: limiting fishing.				
FALSE					
					
Il faut s'attendre à tout avec la culture fondamentaliste de la <L1>phalange</L1> de Bush, y compris à cela.	We can expect even this from the fundamentalist culture of Bush's council.				
Il faut s'attendre à tout avec la culture fondamentaliste de la <N1></N1> de Bush, y compris à cela.	We can expect even this from the fundamentalist culture of Bush's council.				
FALSE					
					
Des travailleurs, des jeunes et des nations entières se révoltent et forment leurs associations, leurs fronts contre cette <L1>tornade</L1> impérialiste, afin de renverser le rapport de force et ce système pourri et barbare.	Workers, young people and whole nations are rising up in protest and forming their own rallies, their own fronts against this imperialist tornado in order to shift the balance of power and overturn this rotten and barbaric system.	cyclone tornade			
Des travailleurs, des jeunes et des nations entières se révoltent et forment leurs associations, leurs fronts contre cette <N1></N1> impérialiste, afin de renverser le rapport de force et ce système pourri et barbare.	Workers, young people and whole nations are rising up in protest and forming their own rallies, their own fronts against this imperialist tornado in order to shift the balance of power and overturn this rotten and barbaric system.				
FALSE					
					
Chaque sommet de printemps me semble être une répétition <L1>non-stop</L1> du Livre blanc Delors.	Every Spring Summit seems to me like a non-stop re-run of the Delors White Paper.				
Chaque sommet de printemps me semble être une répétition <N1>ininterrompue</N1> du Livre blanc Delors.	Every Spring Summit seems to me like a non-stop re-run of the Delors White Paper.				
TRUE					
					
Par exemple, il est prouvé que le <L1>cobalt</L1> a des effets cancérogènes sur l'animal de laboratoire et sur l'homme, en particulier le cancer du poumon et la tumeur du tissu myocardique ; les poussières de cadmium, quant à elles, outre le cancer du poumon, peuvent produire le cancer du testicule.	For example, it has been established that cobalt causes carcinogenic effects in laboratory animals and in human beings, particularly lung cancer and myocardial tissue tumours; cadmium powders, for their part, can cause testicular cancer in addition to lung cancer.				
Par exemple, il est prouvé que le <N1></N1> a des effets cancérogènes sur l'animal de laboratoire et sur l'homme, en particulier le cancer du poumon et la tumeur du tissu myocardique ; les poussières de cadmium, quant à elles, outre le cancer du poumon, peuvent produire le cancer du testicule.	For example, it has been established that cobalt causes carcinogenic effects in laboratory animals and in human beings, particularly lung cancer and myocardial tissue tumours; cadmium powders, for their part, can cause testicular cancer in addition to lung cancer.				
FALSE					
					
Il y avait un <L2>ring</L2> de boxe : les deux boxeurs étaient le Président George W. Bush et le Président Saddam Hussein ; l'arbitre était le Secrétaire général des Nations unies Kofi Annan et <L3>miss</L3> Europe était la <L1>pin-up</L1> qui, en minijupe, montrait le panneau sur lequel était écrit premier <L4>round</L4> .	The referee was the Secretary-General of the UN, Kofi Annan. Miss Europe, dressed in a miniskirt, was the ring girl, holding a board bearing the words 'First round'.	covergirl pin-up			
Il y avait un <N2>ring</N2> de boxe : les deux boxeurs étaient le Président George W. Bush et le Président Saddam Hussein ; l'arbitre était le Secrétaire général des Nations unies Kofi Annan et <N3>miss</N3> Europe était la <N1>pin-up</N1> qui, en minijupe, montrait le panneau sur lequel était écrit premier <N4>round</N4> .	The referee was the Secretary-General of the UN, Kofi Annan. Miss Europe, dressed in a miniskirt, was the ring girl, holding a board bearing the words 'First round'.				
TRUE					
					
Bien qu'aujourd'hui le mot <L1>agora</L1> soit synonyme de marché, l'Agora d'Athènes est restée dans l'histoire pour un événement heureux : c'est là qu'il y a 2500 ans est vraiment née et s'est développée la notion de démocratie, et le symbolisme de cette cérémonie, pour le déroulement de laquelle nous avons choisi ce site particulier, puise sa source dans le fait que la démocratie, et bien d'autres valeurs liées à la démocratie, constituent le dénominateur commun aux quatre coins de l'UE.	Despite the present use of the word 'agora' to mean market, the Ancient Agora in Athens has its place in history for another reason. It was here that the concept of democracy was actually born and developed 2500 years ago and the symbolism of this ceremony, which we have chosen to hold on this particular site, lies in the fact that democracy and the many other values linked to democracy are the common denominator which penetrates every corner of the European Union.	place agora forum			
Bien qu'aujourd'hui le mot <N1></N1> soit synonyme de marché, l'Agora d'Athènes est restée dans l'histoire pour un événement heureux : c'est là qu'il y a 2500 ans est vraiment née et s'est développée la notion de démocratie, et le symbolisme de cette cérémonie, pour le déroulement de laquelle nous avons choisi ce site particulier, puise sa source dans le fait que la démocratie, et bien d'autres valeurs liées à la démocratie, constituent le dénominateur commun aux quatre coins de l'UE.	Despite the present use of the word 'agora' to mean market, the Ancient Agora in Athens has its place in history for another reason. It was here that the concept of democracy was actually born and developed 2500 years ago and the symbolism of this ceremony, which we have chosen to hold on this particular site, lies in the fact that democracy and the many other values linked to democracy are the common denominator which penetrates every corner of the European Union.				
FALSE					
					
Ce sont des sociétés qui attendent de l'Europe un <L1>European way of life</L1> .	They expect the European Union to herald a European way of life.				
Ce sont des sociétés qui attendent de l'Europe un <N1>mode de vie européen</N1> .	They expect the European Union to herald a European way of life.				
TRUE					
					
C'est un peu un <L1>kit</L1> de l'Europe de la défense que nous trouvons dans ce rapport avec une adaptation aux réalités d'aujourd'hui et de demain, et notamment au terrorisme.	In some ways, this report is a step-by-step guide to building a European defence architecture capable of adjusting to meet present and future challenges, especially terrorism.				
C'est un peu un <N1>kit</N1> de l'Europe de la défense que nous trouvons dans ce rapport avec une adaptation aux réalités d'aujourd'hui et de demain, et notamment au terrorisme.	In some ways, this report is a step-by-step guide to building a European defence architecture capable of adjusting to meet present and future challenges, especially terrorism.				
TRUE					
					
La comparaison entre un produit de vaisselle, qui est un détergent et un <L1>shampooing</L1> chimiquement semblable, un produit cosmétique, est tentante, mais il s'agit d'un cas exceptionnel.	The comparison between a washing-up liquid, which is a detergent, and a chemically similar shampoo, a cosmetic, is a tempting one to make, but it is an exceptional case.	shampouiner shampooing			
La comparaison entre un produit de vaisselle, qui est un détergent et un <N1>shampoing</N1> chimiquement semblable, un produit cosmétique, est tentante, mais il s'agit d'un cas exceptionnel.	The comparison between a washing-up liquid, which is a detergent, and a chemically similar shampoo, a cosmetic, is a tempting one to make, but it is an exceptional case.				
TRUE					
					
Dans un vrai <L1>zinc</L1> assuré, dans un avion.	In a real, insured aeroplane.				
Dans un vrai <N1></N1> assuré, dans un avion.	In a real, insured aeroplane.				
FALSE					
					
Comme l'auteur a eu l'occasion de le constater personnellement, des ravages profonds et généralisés ont frappé toutes les productions en serres, en particulier les <L1>ananas</L1> à São Miguel.	The author of this question was able to ascertain in person the extent and severity of the damage caused to the various forms of greenhouse cultivation, especially to the pineapple greenhouses on the island of São Miguel.	ananas ana | ananas ana ananas comosus | Ananas ananas			
Comme l'auteur a eu l'occasion de le constater personnellement, des ravages profonds et généralisés ont frappé toutes les productions en serres, en particulier les <N1></N1> à São Miguel.	The author of this question was able to ascertain in person the extent and severity of the damage caused to the various forms of greenhouse cultivation, especially to the pineapple greenhouses on the island of São Miguel.				
FALSE					
					
Savez-vous qui est l'auteur du <L1>script</L1> de ce film?	Do you know who wrote the script?				
Savez-vous qui est l'auteur du <N1>script</N1> de ce film?	Do you know who wrote the script?				
TRUE					
					
J'ai voté contre le rapport García-Margallo y Marfil, car c'est un <L1>pamphlet</L1> ultralibéral qui trouve au fond que les grandes orientations des politiques économiques n'en font pas assez.	. (FR) I voted against the Garcia-Margallo y Marfil report because it is an ultraliberal document which ultimately takes the view that the Broad Economic Policy Guidelines do not come up to expectations.	parodier pamphlet parodie | brochure pamphlet | livret dossier foliole sécurité-incendie plieuse répertoire chemise pamphlet dépliant brochure plieur			
J'ai voté contre le rapport García-Margallo y Marfil, car c'est un <N1></N1> ultralibéral qui trouve au fond que les grandes orientations des politiques économiques n'en font pas assez.	. (FR) I voted against the Garcia-Margallo y Marfil report because it is an ultraliberal document which ultimately takes the view that the Broad Economic Policy Guidelines do not come up to expectations.				
FALSE					
					
Ce système ne tient pas compte des coûts de transformation du riz <L1>paddy</L1> en riz décortiqué et se traduit en outre par l'importation sur le marché communautaire de riz d'une qualité et d'un prix supérieurs avec des droits tarifaires réduits.	This price does not take account of the costs of processing from unhusked to cargo. Further, it results in better quality, more expensive rice being imported into the Community at lower tariffs.				
Ce système ne tient pas compte des coûts de transformation du riz <N1>non décortiqué</N1> en riz décortiqué et se traduit en outre par l'importation sur le marché communautaire de riz d'une qualité et d'un prix supérieurs avec des droits tarifaires réduits.	This price does not take account of the costs of processing from unhusked to cargo. Further, it results in better quality, more expensive rice being imported into the Community at lower tariffs.				
TRUE					
					
Pour la publicité, elles sont des modèles de longue date, ce dont il faut se réjouir: citons parmi elles les nombreuses personnalités féminines de l'athlétisme, du ski, du <L1>tennis</L1> et de la natation.	In advertising, they have become well-established role models - such as the many female personalities from athletics, skiing, tennis or swimming - which is very gratifying.				
Pour la publicité, elles sont des modèles de longue date, ce dont il faut se réjouir: citons parmi elles les nombreuses personnalités féminines de l'athlétisme, du ski, du <N1></N1> et de la natation.	In advertising, they have become well-established role models - such as the many female personalities from athletics, skiing, tennis or swimming - which is very gratifying.				
FALSE					
					
Par ailleurs, il s'agit d'une industrie dynamique et compétitive qui, grâce aux efforts déployés dans le domaine de la recherche et du développement technologique, grâce au <L1>design</L1> et à la qualité de ses produits et à sa spécialisation, a été en mesure de consolider et d'étendre son influence et son importance pour l'économie européenne et mondiale.	This is furthermore a dynamic and competitive industry which, thanks to the efforts made in research and technological development, thanks to the design and quality of the products and as a result of its having specialised, has been able to consolidate and increase its influence and importance for the European and the world economy.				
Par ailleurs, il s'agit d'une industrie dynamique et compétitive qui, grâce aux efforts déployés dans le domaine de la recherche et du développement technologique, grâce au <N1>design</N1> et à la qualité de ses produits et à sa spécialisation, a été en mesure de consolider et d'étendre son influence et son importance pour l'économie européenne et mondiale.	This is furthermore a dynamic and competitive industry which, thanks to the efforts made in research and technological development, thanks to the design and quality of the products and as a result of its having specialised, has been able to consolidate and increase its influence and importance for the European and the world economy.				
TRUE					
					
Ce système d'échange de quotas apparaît donc comme un véritable <L1>bol</L1> d'air frais qui permettra une réduction de plus de 20% de ces émissions à partir de 2010 sans parler d'une économie d'énergie de 2 milliards d'euros.	This system of trading quotas is therefore a real breath of fresh air that will enable these emissions to be cut by more than 20% from 2010, not to mention EUR 2 000 million in energy savings.				
Ce système d'échange de quotas apparaît donc comme un véritable <N1></N1> d'air frais qui permettra une réduction de plus de 20% de ces émissions à partir de 2010 sans parler d'une économie d'énergie de 2 milliards d'euros.	This system of trading quotas is therefore a real breath of fresh air that will enable these emissions to be cut by more than 20% from 2010, not to mention EUR 2 000 million in energy savings.				
FALSE					
					
C'est encore le parti du rapporteur qui, il y a quelque temps, a démoli à coups de <L1>bulldozer</L1> un foyer d'accueil pour immigrés à Vitry-sur-Seine. Il faut donc rester sérieux.	It was the party of this rapporteur which, some time ago, commissioned the bulldozing of a home for immigrants in Vitry-sur-Seine, so please let us remain serious.	bulldozer bouteur			
C'est encore le parti du rapporteur qui, il y a quelque temps, a démoli à coups de <N1>bulldozer</N1> un foyer d'accueil pour immigrés à Vitry-sur-Seine. Il faut donc rester sérieux.	It was the party of this rapporteur which, some time ago, commissioned the bulldozing of a home for immigrants in Vitry-sur-Seine, so please let us remain serious.				
TRUE					
					
L'Espagne est un pays très riche sur le plan linguistique et nombre des régions et des communautés autonomes qui le composent ont pour langue officielle non seulement le <L1>castillan</L1> - langue officielle de l'État espagnol - mais aussi une autre langue, telle que le basque ou le catalan.	Spain is a country with great wealth when it comes to languages, and there are many regions or Autonomous Communities in which Castilian is co-official - as the official language of the Spanish State - with another language, such as Catalan or Basque, amongst others.				
L'Espagne est un pays très riche sur le plan linguistique et nombre des régions et des communautés autonomes qui le composent ont pour langue officielle non seulement le <N1></N1> - langue officielle de l'État espagnol - mais aussi une autre langue, telle que le basque ou le catalan.	Spain is a country with great wealth when it comes to languages, and there are many regions or Autonomous Communities in which Castilian is co-official - as the official language of the Spanish State - with another language, such as Catalan or Basque, amongst others.				
FALSE					
					
Il est clair que toutes ces mesures d'éloignement sont, dans la pratique, rarement exécutées avec tout le respect et la dignité que chaque individu est en droit d'attendre, notamment de cette instance européenne qui s'érige si souvent en <L1>parangon</L1> des droits de l'homme.	It is clear that these expulsion measures are, in practice, rarely carried out with the respect and dignity that each individual has the right to expect, in particular from this European body, which so often sets itself up as a paragon in the field of human rights.	parangon spécimen perfection idole | parangon apothéose saint idéal			
Il est clair que toutes ces mesures d'éloignement sont, dans la pratique, rarement exécutées avec tout le respect et la dignité que chaque individu est en droit d'attendre, notamment de cette instance européenne qui s'érige si souvent en <N1></N1> des droits de l'homme.	It is clear that these expulsion measures are, in practice, rarely carried out with the respect and dignity that each individual has the right to expect, in particular from this European body, which so often sets itself up as a paragon in the field of human rights.				
FALSE					
					
Cependant, nous en avons tous été témoins, M. Trichet a abjuré sa nationalité en commission économique et monétaire - I'm not a <L1>french</L1> man - pour obtenir les bonnes grâces de la Commission, ce à quoi il a, semble-t-il, réussi.	Nevertheless, as we all saw, Mr Trichet renounced his nationality in the Committee on Economic and Monetary Affairs, saying 'I'm not a Frenchman' - in order to gain the good graces of the Commission, in which he appears to have succeeded.				
Cependant, nous en avons tous été témoins, M. Trichet a abjuré sa nationalité en commission économique et monétaire - I'm not a <N1></N1> man - pour obtenir les bonnes grâces de la Commission, ce à quoi il a, semble-t-il, réussi.	Nevertheless, as we all saw, Mr Trichet renounced his nationality in the Committee on Economic and Monetary Affairs, saying 'I'm not a Frenchman' - in order to gain the good graces of the Commission, in which he appears to have succeeded.				
FALSE					
					
Sa rentabilité est douteuse, les incertitudes en matière de sécurité sont importantes et, surtout, l'impact environnemental serait catastrophique si nous construisions un <L1>pylône</L1> plus haut que l'Empire State Building en périphérie de la ville de Messine.	Its profitability is questionable, there are deep concerns as regards safety and, most importantly, the environmental impact would be terrible if we were to build a pylon taller than the Empire State Building on the outskirts of the city of Messina.	pylône colonne			
Sa rentabilité est douteuse, les incertitudes en matière de sécurité sont importantes et, surtout, l'impact environnemental serait catastrophique si nous construisions un <N1></N1> plus haut que l'Empire State Building en périphérie de la ville de Messine.	Its profitability is questionable, there are deep concerns as regards safety and, most importantly, the environmental impact would be terrible if we were to build a pylon taller than the Empire State Building on the outskirts of the city of Messina.				
FALSE					
					
Nous sommes du côté des communistes israéliens et de tous ceux qui, dans ce pays, comme les 27 pilotes et des centaines de soldats et officiers israéliens, se battent pour stopper la machine <L1>cannibale</L1> de Sharon.	We stand by the Israeli communists and all those in this country who, like the 27 pilots and hundreds of Israeli soldiers and officers, are fighting to stop Sharon's cannibalistic machine.				
Nous sommes du côté des communistes israéliens et de tous ceux qui, dans ce pays, comme les 27 pilotes et des centaines de soldats et officiers israéliens, se battent pour stopper la machine <N1></N1> de Sharon.	We stand by the Israeli communists and all those in this country who, like the 27 pilots and hundreds of Israeli soldiers and officers, are fighting to stop Sharon's cannibalistic machine.				
FALSE					
					
Je pense non seulement au test VPH, mais également au test pour le cancer de la <L1>prostate</L1> au Luxembourg et au test pour le cancer du côlon.	I am thinking of not only the HPV test, but also the test for prostate cancer in Luxembourg and the test for colon cancer.				
Je pense non seulement au test VPH, mais également au test pour le cancer de la <N1></N1> au Luxembourg et au test pour le cancer du côlon.	I am thinking of not only the HPV test, but also the test for prostate cancer in Luxembourg and the test for colon cancer.				
FALSE					
					
-Monsieur le Président, Dear Taoiseach, une maxime du peuple irlandais dit: God invented <L1>whiskey</L1> in order to prevent the Irish from dominating the world .	– Mr President, Dear Taoiseach, there is an Irish saying to the effect that God invented whiskey in order to prevent the Irish from dominating the world.	whiskey whisky			
-Monsieur le Président, Dear Taoiseach, une maxime du peuple irlandais dit: God invented <N1></N1> in order to prevent the Irish from dominating the world .	– Mr President, Dear Taoiseach, there is an Irish saying to the effect that God invented whiskey in order to prevent the Irish from dominating the world.				
FALSE					
					
Quand les assaillants leur crient de se rendre et de se coucher à plat ventre sur le sol pour ensuite les tuer sans pitié à coups de <L1>machette</L1> et de hache?	When the attackers shout at them to surrender and lie face down on the ground, only to kill them mercilessly with machetes and axes?	coupe-coupe machette coupecoupe			
Quand les assaillants leur crient de se rendre et de se coucher à plat ventre sur le sol pour ensuite les tuer sans pitié à coups de <N1></N1> et de hache?	When the attackers shout at them to surrender and lie face down on the ground, only to kill them mercilessly with machetes and axes?				
FALSE					
					
Une administration <L1>pléthorique</L1> et coûteuse réduit cette efficacité.	An unwieldy and costly administration reduces that effectiveness.				
Une administration <N1></N1> et coûteuse réduit cette efficacité.	An unwieldy and costly administration reduces that effectiveness.				
FALSE					
					
Peu importe la façon dont vous battez les cartes, le <L1>joker</L1> est toujours au-dessus du paquet.	However you shuffle the pack, the joker comes to the top.				
Peu importe la façon dont vous battez les cartes, le <N1>joker</N1> est toujours au-dessus du paquet.	However you shuffle the pack, the joker comes to the top.				
TRUE					
					
Cette destruction est particulièrement flagrante dans le traitement des femmes et des enfants, qui sont forcés à se prostituer, obligés à travailler dans des entrepôts, des usines ou des plantations de <L1>caoutchouc</L1> ou encore vendus.	This destruction can be seen particularly clearly in the treatment of women and young children, who are forced into prostitution, taken away to work in warehouses, factories or on rubber plantations or sold for profit.	arctique galoche caoutchouc claque | caoutchouter gomme caoutchouc | latex caoutchouc | gomme caoutchouc			
Cette destruction est particulièrement flagrante dans le traitement des femmes et des enfants, qui sont forcés à se prostituer, obligés à travailler dans des entrepôts, des usines ou des plantations de <N1>caoutchouc</N1> ou encore vendus.	This destruction can be seen particularly clearly in the treatment of women and young children, who are forced into prostitution, taken away to work in warehouses, factories or on rubber plantations or sold for profit.				
TRUE					
					
Une invention brevetable est une solution combinant une idée à un appareil technique, tels notamment un logiciel pour téléphones mobiles ou des systèmes <L1>ABS</L1> sur les voitures.	A patentable invention is a solution that combines an idea with a technical device, such as software for mobile phones or ABS systems in cars.				
Une invention brevetable est une solution combinant une idée à un appareil technique, tels notamment un logiciel pour téléphones mobiles ou des systèmes <N1></N1> sur les voitures.	A patentable invention is a solution that combines an idea with a technical device, such as software for mobile phones or ABS systems in cars.				
FALSE					
					
Il a un œil sur le pétrole, le nouveau <L1>pipeline</L1> Bakou-Tbilisi-Ceyhan ayant été ouvert en mai dernier par le président de BP, Lord Browne.	They have an eye on the oil, the new Baku-Tbilisi-Ceyhan pipeline having been opened last May by BP Chairman Lord Browne.	gazoduc pipeline tuyau oléoduc canalisation conduite			
Il a un œil sur le pétrole, le nouvel <N1>oléoduc</N1> Bakou-Tbilisi-Ceyhan ayant été ouvert en mai dernier par le président de BP, Lord Browne.	They have an eye on the oil, the new Baku-Tbilisi-Ceyhan pipeline having been opened last May by BP Chairman Lord Browne.				
TRUE					
					
Parmi les nombreuses personnes de nationalité <L1>philippine</L1> victimes de ces pratiques se trouve Francisco Larrañaga, qui possède aussi la nationalité espagnole.	Among the many people of Philippine nationality who have fallen victim to them, there is Francisco Larrañaga, who also has Spanish nationality.				
Parmi les nombreuses personnes de nationalité <N1></N1> victimes de ces pratiques se trouve Francisco Larrañaga, qui possède aussi la nationalité espagnole.	Among the many people of Philippine nationality who have fallen victim to them, there is Francisco Larrañaga, who also has Spanish nationality.				
FALSE					
					
En effet, nous pourrons même les emporter au Parlement dans notre <L1>iPod</L1> ou sur tout autre support numérique.	Indeed, we will be carrying them to Parliament in our iPods or whatever other digital mechanism we use.				
En effet, nous pourrons même les emporter au Parlement dans notre <N1></N1> ou sur tout autre support numérique.	Indeed, we will be carrying them to Parliament in our iPods or whatever other digital mechanism we use.				
FALSE					
					
Nous devrions maintenant utiliser cette <L1>estrade</L1> comme tremplin.	We should now use that stage as a springboard.	estrade scène tribune | estrade podium tribune dais chaire			
Nous devrions maintenant utiliser cette <N1></N1> comme tremplin.	We should now use that stage as a springboard.				
FALSE					
					
Selon ce règlement, vous devriez me faire expulser immédiatement par vos huissiers, puisque je porte un <L1>tee-shirt</L1> qui a un petit slogan politique imprimé devant et derrière.	According to those rules, you should have your ushers throw me out immediately, because I am wearing a T-shirt with a small political slogan printed on the front and back.	t-shirt ticheurte Tee-shirt teeshirt T-shirt tee-shirt			
Selon ce règlement, vous devriez me faire expulser immédiatement par vos huissiers, puisque je porte un <N1>t-shirt</N1> qui a un petit slogan politique imprimé devant et derrière.	According to those rules, you should have your ushers throw me out immediately, because I am wearing a T-shirt with a small political slogan printed on the front and back.				
TRUE					
					
- Monsieur le Président, ce débat me rappelle un peu un <L1>sketch</L1> bien connu des comiques télé britanniques, les Monty Python.	Mr President, this debate reminds me a little of a famous sketch by the British TV comedians Monty Python.				
- Monsieur le Président, ce débat me rappelle un peu un <N1>sketch</N1> bien connu des comiques télé britanniques, les Monty Python.	Mr President, this debate reminds me a little of a famous sketch by the British TV comedians Monty Python.				
TRUE					
					
Nous devons donc percevoir les actes de violence raciste et <L1>homophobe</L1> comme des provocations directes et nous devons prendre des mesures résolues à leur encontre.	We must therefore consider acts of racist and homophobic violence as direct provocations, and we must take decisive steps against them.				
Nous devons donc percevoir les actes de violence raciste et <N1></N1> comme des provocations directes et nous devons prendre des mesures résolues à leur encontre.	We must therefore consider acts of racist and homophobic violence as direct provocations, and we must take decisive steps against them.				
FALSE					
					
au nom du groupe Verts/ALE. - Monsieur le Président je suis ressortissant d'un pays <L1>dealer</L1> de technologie nucléaire.	on behalf of the Verts/ALE Group. - (FR) Mr President, I come from a country that 'deals' in nuclear technology.				
au nom du groupe Verts/ALE. - Monsieur le Président je suis ressortissant d'un pays <N1>pourvoyeur</N1> de technologie nucléaire.	on behalf of the Verts/ALE Group. - (FR) Mr President, I come from a country that 'deals' in nuclear technology.				
TRUE					
					
À mes amis espagnols, je dirai ceci: un combat noble opposerait un <L1>matador</L1> désarmé à un taureau désarmé, non traité, dont le dos n'est pas brisé, qui n'est ni drogué ni torturé.	To my Spanish friends I would say the following: a noble fight would be an unarmed matador against an unarmed bull that is untreated, does not have its back broken, is not drugged and is not tortured.				
À mes amis espagnols, je dirai ceci: un combat noble opposerait un <N1>matador</N1> désarmé à un taureau désarmé, non traité, dont le dos n'est pas brisé, qui n'est ni drogué ni torturé.	To my Spanish friends I would say the following: a noble fight would be an unarmed matador against an unarmed bull that is untreated, does not have its back broken, is not drugged and is not tortured.				
TRUE					
					
À présent que de nombreux pays européens ont le <L1>blues</L1> de la mondialisation - vous vous souvenez du référendum en France? -, notre politique de mondialisation doit être plus juste et nous devons parler avec plus d'insistance du commerce équitable et prendre davantage au sérieux nos engagements envers les objectifs du Millénaire pour le développement, au niveau desquels nous accusons un certain retard par rapport au reste du monde pour ce qui est du financement de la lutte contre la pauvreté.	Now that many European countries have the globalisation blues - remember the referendum in France? - our globalisation policy ought to be a more just one, with us speaking out more emphatically in favour of fair trade and getting more serious about our commitment to the Millennium Development Goals, in which respect we are lagging behind the rest of the world when it comes to funding the war on poverty.				
À présent que de nombreux pays européens ont le <N1>cafard</N1> de la mondialisation - vous vous souvenez du référendum en France? -, notre politique de mondialisation doit être plus juste et nous devons parler avec plus d'insistance du commerce équitable et prendre davantage au sérieux nos engagements envers les objectifs du Millénaire pour le développement, au niveau desquels nous accusons un certain retard par rapport au reste du monde pour ce qui est du financement de la lutte contre la pauvreté.	Now that many European countries have the globalisation blues - remember the referendum in France? - our globalisation policy ought to be a more just one, with us speaking out more emphatically in favour of fair trade and getting more serious about our commitment to the Millennium Development Goals, in which respect we are lagging behind the rest of the world when it comes to funding the war on poverty.				
TRUE					
					
Ce rapport mentionne comment un <L1>blog</L1> sur l'internet créé par Woeser, une intellectuelle tibétaine de premier ordre, a été fermé.	This report mentions how an Internet blog created by Woeser, a leading Tibetan intellectual, was shut down.	blog blogue webjournal			
Ce rapport mentionne comment un <N1>blog</N1> sur l'internet créé par Woeser, une intellectuelle tibétaine de premier ordre, a été fermé.	This report mentions how an Internet blog created by Woeser, a leading Tibetan intellectual, was shut down.				
TRUE					
					
Je considère cependant que passer une partie du jeudi après-midi à imposer des interdictions de voyage à toutes sortes de dirigeants du monde, est <L1>démagogue</L1> et que ce n'est pas une façon crédible de faire de la politique.	But as for spending part of Thursday afternoon imposing travel bans on every Head of State you can think of, well, that, I have to say, I regard as demagogy rather than credible policy-making.				
Je considère cependant que passer une partie du jeudi après-midi à imposer des interdictions de voyage à toutes sortes de dirigeants du monde, est <N1></N1> et que ce n'est pas une façon crédible de faire de la politique.	But as for spending part of Thursday afternoon imposing travel bans on every Head of State you can think of, well, that, I have to say, I regard as demagogy rather than credible policy-making.				
FALSE					
					
L'expérience nous a cependant démontré que la libération d'espèces telles que la <L1>carpe</L1> et la truite notamment n'avait eu aucun impact sur les zones concernées.	Historically, of course, for species such as carp, trout and so on, there proved to be no repercussions in the areas in which they were released.	carpe ergoter | carpe cyprinus carpio | carpe cyprinus Cyprinus			
L'expérience nous a cependant démontré que la libération d'espèces telles que la <N1></N1> et la truite notamment n'avait eu aucun impact sur les zones concernées.	Historically, of course, for species such as carp, trout and so on, there proved to be no repercussions in the areas in which they were released.				
FALSE					
					
Dans ce domaine, nous voyons effectivement apparaître un <L1>cluster</L1> qui peut nous permettre de parvenir à une synthèse entre les préoccupations de ceux qui, comme vous, ont une ambition plus grande sur le plan environnemental, et ceux qui, comme d'autres, ont une plus grande ambition sur le plan de la compétitivité.	In this area, we do see the solid outlines of a possible accommodation between the concerns of those who, like yourselves, are more ambitious where the environment is concerned and those who are more ambitious when it comes to competitiveness. The two sets of concerns are not mutually exclusive.				
Dans ce domaine, nous voyons effectivement apparaître un <N1>regroupement</N1> qui peut nous permettre de parvenir à une synthèse entre les préoccupations de ceux qui, comme vous, ont une ambition plus grande sur le plan environnemental, et ceux qui, comme d'autres, ont une plus grande ambition sur le plan de la compétitivité.	In this area, we do see the solid outlines of a possible accommodation between the concerns of those who, like yourselves, are more ambitious where the environment is concerned and those who are more ambitious when it comes to competitiveness. The two sets of concerns are not mutually exclusive.				
TRUE					
					
Deuxièmement, concernant les droits de l'homme, M. Poutine, avec son visage angélique de <L1>judoka</L1> formé au KGB, ne cesse de nous répéter: Je n'ai rien à voir dans cette histoire .	Secondly, with regard to human rights, Mr Putin, with his angelic face of a judoka trained by the KGB, repeats to us time and again: 'I have nothing to do with this business'.				
Deuxièmement, concernant les droits de l'homme, M. Poutine, avec son visage angélique de <N1>judoka</N1> formé au KGB, ne cesse de nous répéter: Je n'ai rien à voir dans cette histoire .	Secondly, with regard to human rights, Mr Putin, with his angelic face of a judoka trained by the KGB, repeats to us time and again: 'I have nothing to do with this business'.				
TRUE					
					
Les commissaires naviguent pendant leurs congés sur le <L1>yacht</L1> Microsoft, le Premier ministre britannique entretient d'étroites relations avec Lord Browne, de BP, et l'on pourrait allonger la liste bien plus encore, mais tout cela n'a strictement aucun rapport avec les entreprises.	The Commissioners go on the Microsoft yacht for their holidays, the British Prime Minister has close relations with Lord Browne of BP, and so on and so forth, but that has nothing whatsoever to do with business.				
Les commissaires naviguent pendant leurs congés sur le <N1>yacht</N1> Microsoft, le Premier ministre britannique entretient d'étroites relations avec Lord Browne, de BP, et l'on pourrait allonger la liste bien plus encore, mais tout cela n'a strictement aucun rapport avec les entreprises.	The Commissioners go on the Microsoft yacht for their holidays, the British Prime Minister has close relations with Lord Browne of BP, and so on and so forth, but that has nothing whatsoever to do with business.				
TRUE					
					
(PL) Monsieur le Président, ceci est une carte de fidélité frequent <L1>flyer</L1> de British Airways.	(PL) Mr President, this is a British Airways frequent flyer card.				
(PL) Monsieur le Président, ceci est une carte de fidélité frequent <N1></N1> de British Airways.	(PL) Mr President, this is a British Airways frequent flyer card.				
FALSE					
					
Servons-nous plutôt du nouvel instrument, sachant toute l'importance de la cohérence et de la stratégie, pour offrir une meilleure solution: que le bauxite soit transformé en <L1>aluminium</L1> à l'échelle locale, à l'aide de procédés respectueux de l'environnement, par des ouvriers jouissant de conditions de travail décentes et de salaires leur permettant de subsister.	Let us instead use the new instrument, knowing how important coherence and policy are, to offer something better, with bauxite being turned into aluminium locally, using environmentally-friendly methods, by workers working under decent conditions and for living wages.	aluminium alu			
Servons-nous plutôt du nouvel instrument, sachant toute l'importance de la cohérence et de la stratégie, pour offrir une meilleure solution: que le bauxite soit transformé en <N1></N1> à l'échelle locale, à l'aide de procédés respectueux de l'environnement, par des ouvriers jouissant de conditions de travail décentes et de salaires leur permettant de subsister.	Let us instead use the new instrument, knowing how important coherence and policy are, to offer something better, with bauxite being turned into aluminium locally, using environmentally-friendly methods, by workers working under decent conditions and for living wages.				
FALSE					
					
À l'avenir, il n'appartiendra pas à quelques grands diffuseurs de faire la télévision et de décider de ce qu'on y voit. L'exemple de <L1>YouTube</L1> montre déjà dans quel sens vont les choses, l'internet étant une nouvelle étape et chaque consommateur effectuant lui-même ses choix.	In future, it will not be just for a few major broadcasters to make television and determine what is shown on it; the example of YouTube already shows the way things are going, with the Internet as a new stage, and each consumer his own director.				
À l'avenir, il n'appartiendra pas à quelques grands diffuseurs de faire la télévision et de décider de ce qu'on y voit. L'exemple de <N1></N1> montre déjà dans quel sens vont les choses, l'internet étant une nouvelle étape et chaque consommateur effectuant lui-même ses choix.	In future, it will not be just for a few major broadcasters to make television and determine what is shown on it; the example of YouTube already shows the way things are going, with the Internet as a new stage, and each consumer his own director.				
FALSE					
					
Citons encore la volonté de mettre en place des conditions identiques, <L1>antithèse</L1> même de la richesse et de la création d'emplois, qui dépend entièrement de la mise en valeur des différences.	There is the drive for a level playing field, the very antithesis of wealth and job creation, which totally depends on finding differences.				
Citons encore la volonté de mettre en place des conditions identiques, <N1></N1> même de la richesse et de la création d'emplois, qui dépend entièrement de la mise en valeur des différences.	There is the drive for a level playing field, the very antithesis of wealth and job creation, which totally depends on finding differences.				
FALSE					
					
L'Europe a souvent voulu trop réglementer, surtout et parfois sur n'importe quoi. Or, l'Un <L1>ion</L1> n'a pas vocation à se mêler de tout.	Europe has often had a tendency to produce too many regulations, sometimes on any old subject, but it is not the role of the Union to interfere in everything.				
L'Europe a souvent voulu trop réglementer, surtout et parfois sur n'importe quoi. Or, l'Un <N1></N1> n'a pas vocation à se mêler de tout.	Europe has often had a tendency to produce too many regulations, sometimes on any old subject, but it is not the role of the Union to interfere in everything.				
FALSE					
					
L'invasion illégale et l'occupation militaire de l'Irak entreprises en 2003 par M. Bush et son <L1>bouledogue</L1> britannique, M. Blair, ont entraîné un désastre sans précédent pour le peuple irakien.	The illegal military invasion and occupation of Iraq undertaken in 2003 by Mr Bush and his British bulldog, Mr Blair, have brought an unprecedented calamity to the people of Iraq.	obstiné tenace bouledogue têtu | bouledogue bouledogue français			
L'invasion illégale et l'occupation militaire de l'Irak entreprises en 2003 par M. Bush et son <N1></N1> britannique, M. Blair, ont entraîné un désastre sans précédent pour le peuple irakien.	The illegal military invasion and occupation of Iraq undertaken in 2003 by Mr Bush and his British bulldog, Mr Blair, have brought an unprecedented calamity to the people of Iraq.				
FALSE					
					
Nos agriculteurs, par exemple, sont confrontés sur le fond à des problèmes similaires à ceux des <L1>campesinos</L1> du Mexique ou des PMI latino-américaines face à la confiscation de leur propriété intellectuelle, de leur savoir-faire et surtout face à leur élimination progressive par un système commercial planétaire qui met en concurrence nos producteurs de bananes des Antilles françaises ou des Canaries avec les producteurs du Honduras ou du Nicaragua, pour le seul profit de multinationales comme Chiquita.	Our farmers, for example, are basically confronted with problems similar to those of the campesinos in Mexico or of Latin American SMIs, faced, as they are, with the confiscation of their intellectual property, their expertise and, above all, faced with their gradual wiping out by a global trade system that pits our banana producers in the French West Indies and the Canaries against producers from Honduras or Nicaragua, solely to benefit multinationals like Chiquita.				
Nos agriculteurs, par exemple, sont confrontés sur le fond à des problèmes similaires à ceux des <N1>agriculteurs</N1> du Mexique ou des PMI latino-américaines face à la confiscation de leur propriété intellectuelle, de leur savoir-faire et surtout face à leur élimination progressive par un système commercial planétaire qui met en concurrence nos producteurs de bananes des Antilles françaises ou des Canaries avec les producteurs du Honduras ou du Nicaragua, pour le seul profit de multinationales comme Chiquita.	Our farmers, for example, are basically confronted with problems similar to those of the campesinos in Mexico or of Latin American SMIs, faced, as they are, with the confiscation of their intellectual property, their expertise and, above all, faced with their gradual wiping out by a global trade system that pits our banana producers in the French West Indies and the Canaries against producers from Honduras or Nicaragua, solely to benefit multinationals like Chiquita.			cultivateurs, paysans, fermiers	
TRUE					
					
Permettez-moi de dire à tous ceux qui se sentent menacés où qu'ils soient - et, en tant que <L2>gay</L2>, j'aurais pu naître en Pologne, en Lettonie ou en République tchèque où j'aurais craint pour ma vie, pour mon <L1>job</L1> -: vous n'êtes pas seuls, nous sommes à vos côtés et nous gagnerons pour la simple raison que la bonté et la justice ont toujours fini par l'emporter.	Let me say to anyone who feels under attack wherever they are - and, as a gay man, I could have been born in Poland, Latvia or the Czech Republic in fear of my life, in fear of my job - you are not alone, we are with you and we will win for the simple reason that goodness and justice always succeed in the end.	job travail ouvrage | Job livre de Job | job travail travailler ouvrage | emploi job travail | emploi métier travail tâche profession job place fonction occupation | Job			
Permettez-moi de dire à tous ceux qui se sentent menacés où qu'ils soient - et, en tant que <N2>homosexuel</N2>, j'aurais pu naître en Pologne, en Lettonie ou en République tchèque où j'aurais craint pour ma vie, pour mon <N1>travail</N1> -: vous n'êtes pas seuls, nous sommes à vos côtés et nous gagnerons pour la simple raison que la bonté et la justice ont toujours fini par l'emporter.	Let me say to anyone who feels under attack wherever they are - and, as a gay man, I could have been born in Poland, Latvia or the Czech Republic in fear of my life, in fear of my job - you are not alone, we are with you and we will win for the simple reason that goodness and justice always succeed in the end.				
TRUE					
					
Souvenons-nous que l'Union européenne vient juste de porter à 10 000 le nombre de personnes décédées, dans cet <L1>épique</L1> et inhumain périple, en franchissant l'Atlantique avec l'aide de mécanismes criminels mafieux.	Let us remember that, as a result of the practice of crossing the Atlantic using the criminal mechanisms of mafias, the European Union has just put at 10 000 the number of deaths recorded as a result of this inhuman epic journey.	épique héroïque épopée | épique épopée			
Souvenons-nous que l'Union européenne vient juste de porter à 10 000 le nombre de personnes décédées, dans cet <N1></N1> et inhumain périple, en franchissant l'Atlantique avec l'aide de mécanismes criminels mafieux.	Let us remember that, as a result of the practice of crossing the Atlantic using the criminal mechanisms of mafias, the European Union has just put at 10 000 the number of deaths recorded as a result of this inhuman epic journey.				
FALSE					
					
Permettez-moi de vous ramener en Arctique, en cette nuit de janvier 1968, alors que nous étions toujours en pleine Guerre froide - car les faits sont dignes d'un <L1>thriller</L1> international.	Let me take you back to an Arctic night in January 1968, still the era of the Cold War - indeed the facts of this story sound like an international thriller.	polar thriller			
Permettez-moi de vous ramener en Arctique, en cette nuit de janvier 1968, alors que nous étions toujours en pleine Guerre froide - car les faits sont dignes d'un <N1>thriller</N1> international.	Let me take you back to an Arctic night in January 1968, still the era of the Cold War - indeed the facts of this story sound like an international thriller.				
TRUE					
					
L'un des arrêts de référence de la Cour de justice concerne une patiente britannique qui s'était rendue dans un autre pays pour se faire placer une <L1>prothèse</L1> de hanche parce que le service de soins de santé de son propre pays - malheureusement le mien - n'était pas en mesure de fournir ces soins dans un délai acceptable.	One of the landmark Court of Justice judgments was because of a British patient who travelled to another country to have a hip replacement operation on the grounds that her own health service - sadly in my own country - could not provide that treatment within anything like an acceptable time.	prothèse dentaire Prothèse dentaire prothèse | prosthesis prothèse			
L'un des arrêts de référence de la Cour de justice concerne une patiente britannique qui s'était rendue dans un autre pays pour se faire placer une <N1></N1> de hanche parce que le service de soins de santé de son propre pays - malheureusement le mien - n'était pas en mesure de fournir ces soins dans un délai acceptable.	One of the landmark Court of Justice judgments was because of a British patient who travelled to another country to have a hip replacement operation on the grounds that her own health service - sadly in my own country - could not provide that treatment within anything like an acceptable time.				
FALSE					
					
Cette situation est comparable à celle d'un client insatisfait, qui retourne au magasin de bicyclettes et dit bien, vous pouvez m'échanger ce vélo, mais uniquement contre un <L1>scooter</L1> .	This situation is comparable to that of an unsatisfied customer who goes back to the bicycle shop and says 'fine, you can swap the bike, but only for a scooter'.	scooter macreuses macreuse | scooter trottinette			
Cette situation est comparable à celle d'un client insatisfait, qui retourne au magasin de bicyclettes et dit bien, vous pouvez m'échanger ce vélo, mais uniquement contre un <N1>scooter</N1> .	This situation is comparable to that of an unsatisfied customer who goes back to the bicycle shop and says 'fine, you can swap the bike, but only for a scooter'.				
TRUE					
					
Le rapport emporte notre soutien, car c'est un document complet qui inclut deux boissons portugaises uniques qui avaient été initialement oubliées par la Commission. Il s'agit du rhum de Madère et du <L1>punch</L1> de Madère.	The report has our backing because it is a complete document that includes two unique Portuguese drinks initially overlooked by the Commission, namely Madeira rum and poncha da Madeira.	entrain tonus pep punch gingembre peps			
Le rapport emporte notre soutien, car c'est un document complet qui inclut deux boissons portugaises uniques qui avaient été initialement oubliées par la Commission. Il s'agit du rhum de Madère et du <N1>ponch</N1> de Madère.	The report has our backing because it is a complete document that includes two unique Portuguese drinks initially overlooked by the Commission, namely Madeira rum and poncha da Madeira.				
TRUE					
					
Qui d'autre peut s'attribuer le mérite de la création du service diplomatique européen et d'un haut-représentant pour renforcer notre rôle sur la scène internationale? Et qui d'autre aurait pu faire autant de choses sans une action qui était hart <L1>aber</L1> herzlich?	Who else can claim credit for creating a European Diplomatic Service and a High Representative to boost our role on the world stage, and who else would have achieved so much without action which was hart aber herzlich?				
Qui d'autre peut s'attribuer le mérite de la création du service diplomatique européen et d'un haut-représentant pour renforcer notre rôle sur la scène internationale? Et qui d'autre aurait pu faire autant de choses sans une action qui était hart <N1></N1> herzlich?	Who else can claim credit for creating a European Diplomatic Service and a High Representative to boost our role on the world stage, and who else would have achieved so much without action which was hart aber herzlich?				
FALSE					
					
Il serait bon de passer aux ampoules <L1>LED</L1> dès que possible, mais cette directive porte sur le mercure dans les dispositifs de mesure, et non sur les ampoules à basse énergie.	It is a good idea to change over to LED lights as soon as possible, but this Directive is about mercury in measuring devices and not about low-energy light bulbs.	LED led DEL diode électroluminescente light-emitting diode			
Il serait bon de passer aux ampoules <N1>DEL</N1> dès que possible, mais cette directive porte sur le mercure dans les dispositifs de mesure, et non sur les ampoules à basse énergie.	It is a good idea to change over to LED lights as soon as possible, but this Directive is about mercury in measuring devices and not about low-energy light bulbs.				
TRUE					
					
Martin, n'oublions pas que ce n'est pas un <L1>penalty</L1> de l'épreuve de tirs au but, mais un <L2>penalty</L2> en plein <L3>match</L3>!	Martin, let us not forget, this is not a penalty shootout, but a penalty awarded mid-game!	penalty peine pénalité sanction | penalty peine sanction			
Martin, n'oublions pas que ce n'est pas un <N1>but de pénalité</N1> de l'épreuve de tirs au but, mais un <N2>but de sanction</N2>en pleine <N3>partie</N3> !	Martin, let us not forget, this is not a penalty shootout, but a penalty awarded mid-game!				
TRUE					
					
Le président Barroso s'est déplacé en Grèce ce <L1>weekend</L1> pour se rendre compte par lui-même de la situation.	President Barroso travelled to Greece this weekend to size up the situation for himself.				
Le président Barroso s'est déplacé en Grèce cette <N1>fin de semaine</N1> pour se rendre compte par lui-même de la situation.	President Barroso travelled to Greece this weekend to size up the situation for himself.				
TRUE					
					
Je ne préconise pas l'interdiction de l'alcool mais je pense que nous sommes passés à côté de notre chance, en tant que membres du Parlement européen, de traiter de l'alcool comme étant une <L1>addiction</L1> destructrice potentielle et dont la consommation doit être doit être restreinte avec sérieux et non pas avec douceur.	I am not advocating alcohol prohibition, but I believe that our chance as MEPs to deal with alcohol as a potentially killer drug of addiction, the use of which needs to be seriously, not mildly, restricted, has been missed.				
Je ne préconise pas l'interdiction de l'alcool mais je pense que nous sommes passés à côté de notre chance, en tant que membres du Parlement européen, de traiter de l'alcool comme étant une <N1>dépendance</N1> destructrice potentielle et dont la consommation doit être doit être restreinte avec sérieux et non pas avec douceur.	I am not advocating alcohol prohibition, but I believe that our chance as MEPs to deal with alcohol as a potentially killer drug of addiction, the use of which needs to be seriously, not mildly, restricted, has been missed.				
TRUE					
					
Un écrivain autrichien, Gerd-Klaus Kaltenbrunner, a un jour dit qu'il existe deux types de communauté opprimée et de victime individuelle: l'une qui a du <L1>sex-appeal</L1> et l'autre qui n'en a pas.	An Austrian writer, Gerd-Klaus Kaltenbrunner, once said that there are two types of oppressed community and individual victim: one with and one without sex appeal.				
Un écrivain autrichien, Gerd-Klaus Kaltenbrunner, a un jour dit qu'il existe deux types de communauté opprimée et de victime individuelle: l'une qui a du <N1>charme sensuel</N1> et l'autre qui n'en a pas.	An Austrian writer, Gerd-Klaus Kaltenbrunner, once said that there are two types of oppressed community and individual victim: one with and one without sex appeal.				
TRUE					
					
Il ressemble parfois au mariage entre un tango argentin et une <L1>samba</L1> brésilienne.	It sometimes resembles the combination of an Argentine tango with a Brazilian samba.				
Il ressemble parfois au mariage entre un tango argentin et une <N1>samba</N1> brésilienne.	It sometimes resembles the combination of an Argentine tango with a Brazilian samba.				
TRUE					
					
Dans mon pays, la Grande-Bretagne, on ne peut acheter des pommes de terre biologiques parce qu'on n'a pas pu les vaporiser et ainsi empêcher le <L1>mildiou</L1> de les attaquer.	In my own country, Britain, you cannot buy organic potatoes because you could not spray them and could not keep the blight away from them.	mildiou moisissure moisi | mildiou moisissure			
Dans mon pays, la Grande-Bretagne, on ne peut acheter des pommes de terre biologiques parce qu'on n'a pas pu les vaporiser et ainsi empêcher le <N1></N1> de les attaquer.	In my own country, Britain, you cannot buy organic potatoes because you could not spray them and could not keep the blight away from them.				
FALSE					
					
Ils demandent une vision et une réponse rapide aux problèmes réels qu'ils rencontrent quotidiennement, et non des idéologies abstraites issues d'un passé <L1>antédiluvien</L1> qui, j'espère, se trouve derrière nous aujourd'hui.	They are asking for vision and a rapid response to the real problems that they face on a day-to-day basis, not some abstract ideologies from an ancient past which I hope we have left behind us.	antédiluvien archaïque			
Ils demandent une vision et une réponse rapide aux problèmes réels qu'ils rencontrent quotidiennement, et non des idéologies abstraites issues d'un passé <N1></N1> qui, j'espère, se trouve derrière nous aujourd'hui.	They are asking for vision and a rapid response to the real problems that they face on a day-to-day basis, not some abstract ideologies from an ancient past which I hope we have left behind us.				
FALSE					
					
Au cours des dernières années, nous avons connu le phénomène de ce que nous appelons les <L1>boy</L1> racers, des jeunes conducteurs qui modifient des vieilles voitures, les font rouler sur la voie publique à toute heure du jour et de la nuit et qui causent des problèmes graves par rapport aux émissions sonores, rappelant le bruit d'un avion à réaction, particulièrement en zone urbaine.	In the last few years we have had the phenomenon of what we know as 'boy racers', who modify old cars, take to the roads at all hours of the day and night and cause a major problem in relation to sound emissions which sound like a jet plane, causing major disturbance, particularly in urban areas.				
Au cours des dernières années, nous avons connu le phénomène de ce que nous appelons les <N1></N1> racers, des jeunes conducteurs qui modifient des vieilles voitures, les font rouler sur la voie publique à toute heure du jour et de la nuit et qui causent des problèmes graves par rapport aux émissions sonores, rappelant le bruit d'un avion à réaction, particulièrement en zone urbaine.	In the last few years we have had the phenomenon of what we know as 'boy racers', who modify old cars, take to the roads at all hours of the day and night and cause a major problem in relation to sound emissions which sound like a jet plane, causing major disturbance, particularly in urban areas.				
FALSE					
					
Pour finir, j'espère à présent que d'autres aspects de la sécurité aérienne pourront être introduits dans l'ensemble de l'UE, dont celui de la surveillance de la porte du <L1>cockpit</L1> et des bagages.	Finally I hope now that other aspects of aviation safety and security can be introduced EU wide, including cockpit door and baggage hold surveillance.				
Pour finir, j'espère à présent que d'autres aspects de la sécurité aérienne pourront être introduits dans l'ensemble de l'UE, dont celui de la surveillance de la porte de la <N1>cabine de pilotage</N1> et des bagages.	Finally I hope now that other aspects of aviation safety and security can be introduced EU wide, including cockpit door and baggage hold surveillance.				
TRUE					
					
La réelle compassion exprimée par le premier ministre <L1>nippon</L1> est aujourd'hui est ébranlée par les autorités japonaises dans le cadre de l'expiration du mandat du Fonds pour les femmes d'Asie en mars 2007, qui n'accordaient que des compensations financières aux victimes.	The sincere sympathy of the Japanese premier is currently being undermined by Japanese officials in connection with the closure of the Asian Women's Fund programme and mandate in March 2007, out of which only monetary compensation was paid to women.	nippon japonais Japonaise			
La réelle compassion exprimée par le premier ministre <N1></N1> est aujourd'hui est ébranlée par les autorités japonaises dans le cadre de l'expiration du mandat du Fonds pour les femmes d'Asie en mars 2007, qui n'accordaient que des compensations financières aux victimes.	The sincere sympathy of the Japanese premier is currently being undermined by Japanese officials in connection with the closure of the Asian Women's Fund programme and mandate in March 2007, out of which only monetary compensation was paid to women.				
FALSE					
					
Mais son importance fondamentale réside dans cet aspect: il reflète et consacre une conviction selon laquelle Bruxelles a le droit d'établir des agendas et de dicter aux États membres comment <L1>prioriser</L1> les questions et les dépenses qui selon toute évidence leur appartiennent, et qui devraient exclusivement relever d'eux, parce que chaque région a le droit de décider dans les limites de son budget quelles sont ses priorités.	But the fundamental importance of it is this: it signifies and typifies a belief that Brussels has a right to set agendas and to dictate to Member States how they should prioritise issues and expenditure that quite patently are within their own domain and should be exclusively so, because any region has the right to decide within its limited budget what its priorities are.				
Mais son importance fondamentale réside dans cet aspect: il reflète et consacre une conviction selon laquelle Bruxelles a le droit d'établir des agendas et de dicter aux États membres comment <N1></N1> les questions et les dépenses qui selon toute évidence leur appartiennent, et qui devraient exclusivement relever d'eux, parce que chaque région a le droit de décider dans les limites de son budget quelles sont ses priorités.	But the fundamental importance of it is this: it signifies and typifies a belief that Brussels has a right to set agendas and to dictate to Member States how they should prioritise issues and expenditure that quite patently are within their own domain and should be exclusively so, because any region has the right to decide within its limited budget what its priorities are.				
FALSE					
					
Nous savons par les médias - sinon nous n'en aurions pas spécialement entendu parler - que, la nuit du 4 janvier 2008, un taudis du district Marconi de Rome où vivaient approximativement 250 Roms a été incendié, et que ensuite, trois jours plus tard, également en Italie, des cocktails Molotov ont été lancés sur le campement <L1>gitan</L1> local à Aprilia, mettant directement en danger la vie de plusieurs centaines de personnes.	We know from the news - or we would not particularly have heard about it - that on the night of 4 January 2008, a slum in the Marconi district of Rome, with approximately 250 Roma living there, was set on fire, and then, three days later, also in Italy, Molotov cocktails were thrown at the local gipsy settlement in Aprilia, directly threatening the lives of several hundred people.				
Nous savons par les médias - sinon nous n'en aurions pas spécialement entendu parler - que, la nuit du 4 janvier 2008, un taudis du district Marconi de Rome où vivaient approximativement 250 Roms a été incendié, et que ensuite, trois jours plus tard, également en Italie, des cocktails Molotov ont été lancés sur le campement <N1></N1> local à Aprilia, mettant directement en danger la vie de plusieurs centaines de personnes.	We know from the news - or we would not particularly have heard about it - that on the night of 4 January 2008, a slum in the Marconi district of Rome, with approximately 250 Roma living there, was set on fire, and then, three days later, also in Italy, Molotov cocktails were thrown at the local gipsy settlement in Aprilia, directly threatening the lives of several hundred people.				
FALSE					
					
Comme le couple est assigné à domicile, il a utilisé un lien par <L1>webcam</L1> pour participer à une audition du Parlement européen sur la situation des droits de l'homme en Chine.	Because the couple are under house arrest they used a webcam link to take part in a hearing of the European Parliament on the human rights situation in China.	Webcam webcaméra cam webcam			
Comme le couple est assigné à domicile, il a utilisé un lien par <N1>cybercaméra</N1> pour participer à une audition du Parlement européen sur la situation des droits de l'homme en Chine.	Because the couple are under house arrest they used a webcam link to take part in a hearing of the European Parliament on the human rights situation in China.				
TRUE					
					
Je pense que nous devons tenir un dialogue sur les questions culturelles - la musique, l'art, l'archéologie, la peinture, la <L1>calligraphie</L1> - pour lesquelles nous partageons tant de références historiques et un potentiel très important pour un enrichissement futur.	I believe we should be having dialogue on cultural issues - music, art, archaeology, painting, calligraphy - in which we share so much historical reference and so much potential for future gain.	calligraphie manuscriture			
Je pense que nous devons tenir un dialogue sur les questions culturelles - la musique, l'art, l'archéologie, la peinture, la <N1></N1> - pour lesquelles nous partageons tant de références historiques et un potentiel très important pour un enrichissement futur.	I believe we should be having dialogue on cultural issues - music, art, archaeology, painting, calligraphy - in which we share so much historical reference and so much potential for future gain.				
FALSE					
					
Notre rapport appelle cependant la Commission à suggérer une prescription de performance en mode de veille d'un <L1>watt</L1> et de faire effectuer une analyse des économies d'énergie possibles en éliminant la consommation inutile en mode de veille.	But our report calls on the Commission to come forward with a one-watt performance requirement for standby, and to carry out an analysis of the potential energy savings to be made from eliminating standby altogether.				
Notre rapport appelle cependant la Commission à suggérer une prescription de performance en mode de veille d'un <N1></N1> et de faire effectuer une analyse des économies d'énergie possibles en éliminant la consommation inutile en mode de veille.	But our report calls on the Commission to come forward with a one-watt performance requirement for standby, and to carry out an analysis of the potential energy savings to be made from eliminating standby altogether.				
FALSE					
					
Nous nous sommes particulièrement concentrés sur le renforcement de nos ressources sur le terrain, dans nos marchés les plus importants, en créant des équipes d'accès aux marchés rassemblant une entreprise, un État membre, un <L1>staff</L1> et des experts de la Commission.	In particular, we have focused on strengthening our resources on the ground in our most important markets by creating market access teams that bring together a business, a Member State and Commission staff and experts.				
Nous nous sommes particulièrement concentrés sur le renforcement de nos ressources sur le terrain, dans nos marchés les plus importants, en créant des équipes d'accès aux marchés rassemblant une entreprise, un État membre, une <N1>équipe</N1> et des experts de la Commission.	In particular, we have focused on strengthening our resources on the ground in our most important markets by creating market access teams that bring together a business, a Member State and Commission staff and experts.				
TRUE					
					
Cette Constitution était donc populaire à bien des égards, mais l'épreuve consiste à remporter le grand <L1>chelem</L1> avec 27 Oui et aucun Non .	So it was a popular Constitution in most respects, but the test is to win the grand slam of 27 'yeses' and zero 'nos'.				
Cette Constitution était donc populaire à bien des égards, mais l'épreuve consiste à remporter le grand <N1>chelem</N1> avec 27 Oui et aucun Non .	So it was a popular Constitution in most respects, but the test is to win the grand slam of 27 'yeses' and zero 'nos'.				
TRUE					
					
Comme le grand <L1>coach</L1> footballistique Giovanni Trapattoni le dirait probablement, tout se résume à enlever sa ceinture et ses chaussures et à vider ses bouteilles!	As top Italian football coach Giovanni Trapattoni would probably put it, 'Belts off, bottles empty, shoes off!'				
Comme le grand <N1>entraineur</N1> footballistique Giovanni Trapattoni le dirait probablement, tout se résume à enlever sa ceinture et ses chaussures et à vider ses bouteilles!	As top Italian football coach Giovanni Trapattoni would probably put it, 'Belts off, bottles empty, shoes off!'				
TRUE					
					
Autrement, le <L1>mentor</L1> de l'innovation n'aurait pas la capacité d'innover, ce qui serait une erreur impardonnable alors que le but est de construire des modèles d'efficience.	Otherwise the mentor of innovation would not have the capacity to innovate, which would be an unforgivable mistake when the intention is to build models of efficiency.	conseiller mentor magicien			
Autrement, le <N1></N1> de l'innovation n'aurait pas la capacité d'innover, ce qui serait une erreur impardonnable alors que le but est de construire des modèles d'efficience.	Otherwise the mentor of innovation would not have the capacity to innovate, which would be an unforgivable mistake when the intention is to build models of efficiency.				
FALSE					
					
Nous ne pouvons nous satisfaire des soi-disant progrès accomplis par la Russie, comme le fait que le président <L1>poutine</L1> n'ait pas violé la constitution russe et ait quitté sa fonction de son plein gré.	We cannot be content with Russia's imagined achievements, such as the fact that President Putin did not breach the Russian constitution and left office of his own accord.	Vladimir Vladimirovitch Poutine Poutine Vladimir Poutine			
Nous ne pouvons nous satisfaire des soi-disant progrès accomplis par la Russie, comme le fait que le président <N1></N1> n'ait pas violé la constitution russe et ait quitté sa fonction de son plein gré.	We cannot be content with Russia's imagined achievements, such as the fact that President Putin did not breach the Russian constitution and left office of his own accord.				
FALSE					
					
C'est en partie la faute, aussi, du <L1>rush</L1> vers les biocarburants: la proposition de l'UE de passer à 10 % de biocarburant dans le carburant utilisé dans les transports; en Amérique, 30 % des récoltes de maïs vont maintenant à l'éthanol, ce qui réduit les terres disponibles pour la production alimentaire et fait monter le prix de la farine de maïs.	It is partly, though, a result of the rush into biofuels: the EU proposal of a 10% increase in fuel for transport; in America, the 30% of corn crops now going into ethanol, reducing the land available for food and pushing up the price of cornflour.	jonc Rush			
C'est en partie la faute, aussi, de la <N1>ruée</N1> vers les biocarburants: la proposition de l'UE de passer à 10 % de biocarburant dans le carburant utilisé dans les transports; en Amérique, 30 % des récoltes de maïs vont maintenant à l'éthanol, ce qui réduit les terres disponibles pour la production alimentaire et fait monter le prix de la farine de maïs.	It is partly, though, a result of the rush into biofuels: the EU proposal of a 10% increase in fuel for transport; in America, the 30% of corn crops now going into ethanol, reducing the land available for food and pushing up the price of cornflour.				
TRUE					
					
au nom du groupe PPE-DE. - (EN) Monsieur le Président, nous débattons aujourd'hui de la Birmanie. En effet, les sanctions ciblées de l'Union européenne doivent être reconduites dans cinq jours et les autorités birmanes font diligence pour organiser le référendum sur leur Constitution de <L1>pacotille</L1> dans un peu plus de deux semaines.	on behalf of the PPE-DE Group. - Mr President, we are discussing Burma today, because the European Union's targeted sanctions are due for renewal in five days' time and the Burmese authorities are pressing ahead with a referendum on their sham constitution in just over two weeks.				
au nom du groupe PPE-DE. - (EN) Monsieur le Président, nous débattons aujourd'hui de la Birmanie. En effet, les sanctions ciblées de l'Union européenne doivent être reconduites dans cinq jours et les autorités birmanes font diligence pour organiser le référendum sur leur Constitution de <N1></N1> dans un peu plus de deux semaines.	on behalf of the PPE-DE Group. - Mr President, we are discussing Burma today, because the European Union's targeted sanctions are due for renewal in five days' time and the Burmese authorities are pressing ahead with a referendum on their sham constitution in just over two weeks.				
FALSE					
					
Toutefois, nous savons que c'est plus facile à dire qu'à faire, et il reste plusieurs problèmes à régler ensemble, concernant la volaille, les hormones, le bétail ou la question très sensible - mentionnée par le commissaire - de l'exigence américaine de <L1>scanner</L1> tous les conteneurs.	Now, as we all know, that too is easier said than done, and there are still a number of problems that we need to solve together, be it regarding poultry, hormones, cattle, or the very sensitive issue - which the Commissioner mentioned - of the US requirement that every container be scanned.	scanner scanneur balayeur numériseur de document | chatte rosse mégère capon cat félin ct-scan chat scanner tomographie axiale calculée par ordinateur tomodensitométrie CT-scan Monts d'Or | scanning scanner			
Toutefois, nous savons que c'est plus facile à dire qu'à faire, et il reste plusieurs problèmes à régler ensemble, concernant la volaille, les hormones, le bétail ou la question très sensible - mentionnée par le commissaire - de l'exigence américaine de <N1>scanner</N1> tous les conteneurs.	Now, as we all know, that too is easier said than done, and there are still a number of problems that we need to solve together, be it regarding poultry, hormones, cattle, or the very sensitive issue - which the Commissioner mentioned - of the US requirement that every container be scanned.				
TRUE					
					
Nous devrions également reconnaître que, bien qu'il soit le sport dominant, le football associatif n'en est pas pour autant le seul sport pratiqué, et que d'autres sports et loisirs aussi divers et variés que le rugby, le hockey, le jeu de boules crown green <L1>bowling</L1> et les concours de pigeons voyageurs, par exemple, ont aussi un rôle important à jouer.	We should also recognise that whilst Association Football is the dominant game, it is not the only game being played, and we must recognise that other sports and pastimes as diverse as rugby league and hurling or crown green bowling and pigeon racing have an important part to play.	allée bowling			
Nous devrions également reconnaître que, bien qu'il soit le sport dominant, le football associatif n'en est pas pour autant le seul sport pratiqué, et que d'autres sports et loisirs aussi divers et variés que le rugby, le hockey, le jeu de boules crown green <N1></N1> et les concours de pigeons voyageurs, par exemple, ont aussi un rôle important à jouer.	We should also recognise that whilst Association Football is the dominant game, it is not the only game being played, and we must recognise that other sports and pastimes as diverse as rugby league and hurling or crown green bowling and pigeon racing have an important part to play.				
FALSE					
					
Cela englobe les règles qui interdisent de voler et de <L1>squatter</L1> les domaines publics, de forcer les enfants à mendier ou de réduire les femmes en esclavage, mais aussi celles qui interdisent la discrimination et les persécutions des pauvres, et la répression ancestrale de gens qui ne savent plus quelle est leur nationalité et qui sont du voyage non pas par choix, mais parce qu'après avoir dû fuir si souvent, la route est la seule chose qui leur reste.	This means rules that prevent people from stealing and squatting on public property, forcing children to beg or women into slavery, but also those that prohibit discrimination and persecution of the poor, and the decades-old repression of people who no longer know what nationality they are and are travellers not through choice, but because after fleeing so many times, the only thing that remains is life on the road.				
Cela englobe les règles qui interdisent de voler et d' <N1>occuper</N1> les domaines publics, de forcer les enfants à mendier ou de réduire les femmes en esclavage, mais aussi celles qui interdisent la discrimination et les persécutions des pauvres, et la répression ancestrale de gens qui ne savent plus quelle est leur nationalité et qui sont du voyage non pas par choix, mais parce qu'après avoir dû fuir si souvent, la route est la seule chose qui leur reste.	This means rules that prevent people from stealing and squatting on public property, forcing children to beg or women into slavery, but also those that prohibit discrimination and persecution of the poor, and the decades-old repression of people who no longer know what nationality they are and are travellers not through choice, but because after fleeing so many times, the only thing that remains is life on the road.				
TRUE					
					
La mine est également en mesure de stocker tout le mercure liquide de l'Union européenne à une profondeur de 200 mètres, dans une enclave de <L1>quartz</L1> et de roche volcanique présentant un degré d'imperméabilité élevé, comme ont pu le vérifier le directeur du développement durable et de l'intégration de la DG Environnement de la Commission, M. Mäkelä, et le ministre slovène de l'environnement, qui ont visité la région en mars 2007.	The mine also has the capacity to store all of the liquid mercury in the European Union, at a depth of 200 metres, in an enclave of quartzite rock and volcanic rock with a high degree of impermeability, as verified by the Director for Sustainable Development and Integration of the European Commission's Environment DG, Mr Mäkelä, and the Slovenian Environment Minister, who visited the area in March 2007.	cristal de roche quartz | cristal cristal de roche quartz			
La mine est également en mesure de stocker tout le mercure liquide de l'Union européenne à une profondeur de 200 mètres, dans une enclave de <N1></N1> et de roche volcanique présentant un degré d'imperméabilité élevé, comme ont pu le vérifier le directeur du développement durable et de l'intégration de la DG Environnement de la Commission, M. Mäkelä, et le ministre slovène de l'environnement, qui ont visité la région en mars 2007.	The mine also has the capacity to store all of the liquid mercury in the European Union, at a depth of 200 metres, in an enclave of quartzite rock and volcanic rock with a high degree of impermeability, as verified by the Director for Sustainable Development and Integration of the European Commission's Environment DG, Mr Mäkelä, and the Slovenian Environment Minister, who visited the area in March 2007.				
FALSE					
					
J'ai bien peur que cette technologie <L1>macho</L1> ne sorte totalement du cadre de la politique étrangère française.	I am afraid this macho technology drives far too much of French foreign policy.				
J'ai bien peur que cette technologie <N1>phallocrate</N1> ne sorte totalement du cadre de la politique étrangère française.	I am afraid this macho technology drives far too much of French foreign policy.				
TRUE					
					
Elles ont entraîné une perte de revenu pour les exploitations agricoles de petite et moyenne taille, un <L1>absentéisme</L1> et l'abandon de l'activité agricole, au seul profit de grands propriétaires terriens.	They have been responsible for loss of income for small and medium-sized farmers, absenteeism and the abandonment of agricultural activity, favouring large landowners only.	faire l'école buissonière absentéisme			
Elles ont entraîné une perte de revenu pour les exploitations agricoles de petite et moyenne taille, un <N1></N1> et l'abandon de l'activité agricole, au seul profit de grands propriétaires terriens.	They have been responsible for loss of income for small and medium-sized farmers, absenteeism and the abandonment of agricultural activity, favouring large landowners only.				
FALSE					
					
Cependant, la plus grande victoire reste probablement d'avoir réussi à rendre cet instrument applicable dans les 24 mois qui ont suivi l'entrée en vigueur du règlement, à toutes les catégories de véhicules, des petites voitures aux <L1>SUV</L1> et aux véhicules de plus grandes dimensions qui, compte tenu de leur poids important, sont souvent ceux qui causent le plus de dégâts physiques aux citoyens.	The greatest victory, though, has probably been succeeding in making the instrument applicable within 24 months of the Regulation's entry into force to all categories of car, from small cars to SUVs and to vehicles of a larger size which often, because of their large weights, are the ones that cause the most physical damage to citizens.	suv sport utility vehicle			
Cependant, la plus grande victoire reste probablement d'avoir réussi à rendre cet instrument applicable dans les 24 mois qui ont suivi l'entrée en vigueur du règlement, à toutes les catégories de véhicules, des petites voitures aux <N1>VUS</N1> et aux véhicules de plus grandes dimensions qui, compte tenu de leur poids important, sont souvent ceux qui causent le plus de dégâts physiques aux citoyens.	The greatest victory, though, has probably been succeeding in making the instrument applicable within 24 months of the Regulation's entry into force to all categories of car, from small cars to SUVs and to vehicles of a larger size which often, because of their large weights, are the ones that cause the most physical damage to citizens.				
TRUE					
					
Le traité de Lisbonne est donc caduc malgré toutes les manœuvres qu'il chercherait à imposer aux peuples européens, la volonté de la <L1>camarilla</L1> euromondialiste dirigeante.	The Lisbon Treaty is therefore void, despite all the schemes that it would seek to impose on the European people, the will of the ruling euro-globalist camarilla.				
Le traité de Lisbonne est donc caduc malgré toutes les manœuvres qu'il chercherait à imposer aux peuples européens, la volonté de la <N1>coterie</N1> euromondialiste dirigeante.	The Lisbon Treaty is therefore void, despite all the schemes that it would seek to impose on the European people, the will of the ruling euro-globalist camarilla.				
TRUE					
					
Or, depuis trente ans, nous avons à faire à un chômage de masse et nous subissons une dénatalité considérable, entraînant à terme, en passant du <L1>baby boom</L1> au <L2>papy boom</L2>, un état de choc de financement de notre système de retraite.	But for the last thirty years we have had mass unemployment and a sharply declining birth rate, which has taken us from baby boom to old folks boom and plunged the funding of our pensions into crisis.				
Or, depuis trente ans, nous avons à faire à un chômage de masse et nous subissons une dénatalité considérable, entraînant à terme, en passant du <N1>baby boom</N1> au <N2>papy boom</N2>, un état de choc de financement de notre système de retraite.	But for the last thirty years we have had mass unemployment and a sharply declining birth rate, which has taken us from baby boom to old folks boom and plunged the funding of our pensions into crisis.				
TRUE					
					
Il est vrai que les marchés attendent de nous que nous y allions doucement, mais ils ne s'attendent pas non plus à une réaction de <L1>carpette</L1> de notre part.	It is true that the markets expect us to be delicate, but they do not expect a knee-jerk reaction either.	carpette tapis			
Il est vrai que les marchés attendent de nous que nous y allions doucement, mais ils ne s'attendent pas non plus à une réaction de <N1></N1> de notre part.	It is true that the markets expect us to be delicate, but they do not expect a knee-jerk reaction either.				
FALSE					
					
Deuxièmement, un engagement clair en faveur de la mise en œuvre des réformes structurelles, telles que définies dans le cadre de la stratégie de Lisbonne et des programmes de réforme nationaux, est indispensable afin de restaurer la confiance des consommateurs et des investisseurs à court terme et pour améliorer la <L1>résilience</L1> et le dynamisme de nos économies à long terme.	Secondly, a clear commitment to implement structural reforms, as defined in the framework of the Lisbon Strategy and the national reform programmes, would be crucial to boost consumer and investor confidence in the short term and to improve the resilience and dynamism of our economies in the longer term.	résilience résistance			
Deuxièmement, un engagement clair en faveur de la mise en œuvre des réformes structurelles, telles que définies dans le cadre de la stratégie de Lisbonne et des programmes de réforme nationaux, est indispensable afin de restaurer la confiance des consommateurs et des investisseurs à court terme et pour améliorer la <N1>résilience</N1> et le dynamisme de nos économies à long terme.	Secondly, a clear commitment to implement structural reforms, as defined in the framework of the Lisbon Strategy and the national reform programmes, would be crucial to boost consumer and investor confidence in the short term and to improve the resilience and dynamism of our economies in the longer term.				
TRUE					
					
Avec un levier de seulement 5 000 dollars, le <L1>trader</L1> de New York a pu mettre en marche une vague spéculative sur le pétrole qui laisse des traces sanglantes dans l'économie mondiale.	With a lever of a mere USD 5 000 the New York trader had succeeded in triggering a wave of speculation on oil that was to wreak havoc throughout the world economy.				
Avec un levier de seulement 5 000 dollars, l' <N1>opérateur financier</N1> de New York a pu mettre en marche une vague spéculative sur le pétrole qui laisse des traces sanglantes dans l'économie mondiale.	With a lever of a mere USD 5 000 the New York trader had succeeded in triggering a wave of speculation on oil that was to wreak havoc throughout the world economy.				
TRUE					
					
Comment les consommateurs pourraient-ils savoir immédiatement que le <L1>ketchup</L1> ou le <L2>yoghourt</L2> qu'ils achètent contient de grandes quantités de sucre?	It is not obvious to consumers when they buy ketchup or yoghurt that they contain lots of sugar.				
Comment les consommateurs pourraient-ils savoir immédiatement que le <N1>ketchup</N1> ou le <N2>yaourt</N2> qu'ils achètent contient de grandes quantités de sucre?	It is not obvious to consumers when they buy ketchup or yoghurt that they contain lots of sugar.				
TRUE					
					
À ce stade, effectuons une <L1>autopsie</L1> et, quelle que soit la crise que subit l'Europe actuellement - nous ne savons pas à quel point elle est grave, comment elle va se terminer ou quelles en seront les conséquences - examinons-là en détail et mettons des solutions en place.	Let us at this stage carry out a forensic analysis and, whatever the crisis that Europe is now experiencing - we do not know how serious it is, where it is going to end up or what the consequences will be - let us examine it forensically and let us put solutions in place.	repêcher autopsie déterrer autopsier | François Coli autopsie nécropsie			
À ce stade, effectuons une <N1></N1> et, quelle que soit la crise que subit l'Europe actuellement - nous ne savons pas à quel point elle est grave, comment elle va se terminer ou quelles en seront les conséquences - examinons-là en détail et mettons des solutions en place.	Let us at this stage carry out a forensic analysis and, whatever the crisis that Europe is now experiencing - we do not know how serious it is, where it is going to end up or what the consequences will be - let us examine it forensically and let us put solutions in place.				
FALSE					
					
La grammaire n'est pas correcte, la <L1>syntaxe</L1> est fracturée.	The sentence is ungrammatical. The syntax is fractured.				
La grammaire n'est pas correcte, la <N1></N1> est fracturée.	The sentence is ungrammatical. The syntax is fractured.				
FALSE					
					
Par rapport aux nombreuses interventions qui ont eu lieu sur la fuite des cerveaux, - notamment celles de MM. Kreissl-Dörfler et Borghezio, de Mme Budreikaitė, de M. Moreno, de Mme Lambert, de Mme Roure -, je crois que le Parlement européen a exprimé ses préoccupations légitimes d'inclure, dans la carte bleue, des sauvegardes pour transformer le <L1>brain drain</L1> en <L2>brain gain</L2>, et il me semble qu'il y a trois moyens principaux pour le faire.	As for the numerous remarks about the brain drain - in particular those of Mr Kreissl-Dörfler and Mr Borghezio, Mrs Budreikaitė, Mr Moreno, Mrs Lambert and Mrs Roure, I believe the European Parliament has expressed its legitimate concerns about including in the Blue Card safeguards to transform the brain drain into a brain gain, and it seems to me that there are three main ways to do this.				
Par rapport aux nombreuses interventions qui ont eu lieu sur la fuite des cerveaux, - notamment celles de MM. Kreissl-Dörfler et Borghezio, de Mme Budreikaitė, de M. Moreno, de Mme Lambert, de Mme Roure -, je crois que le Parlement européen a exprimé ses préoccupations légitimes d'inclure, dans la carte bleue, des sauvegardes pour transformer la <N1>fuite des cerveaux</N1> en <N2>apport de cerveaux</N2>, et il me semble qu'il y a trois moyens principaux pour le faire.	As for the numerous remarks about the brain drain - in particular those of Mr Kreissl-Dörfler and Mr Borghezio, Mrs Budreikaitė, Mr Moreno, Mrs Lambert and Mrs Roure, I believe the European Parliament has expressed its legitimate concerns about including in the Blue Card safeguards to transform the brain drain into a brain gain, and it seems to me that there are three main ways to do this.				
TRUE					
					
Cette initiative parfaitement <L1>hétérodoxe</L1> aura un poids politique considérable puisqu'elle interrogera le nouveau commissaire européen chargé des transports, qui sera auditionné par la commission transports, et elle pèsera donc très lourd dans son agrément par le Parlement européen.	This entirely heterodex initiative will carry considerable political weight, since it will involve questions being put to the new European Commissioner for Transport, who will be heard by the Committee on Transport and Tourism, and it will therefore carry a great deal of weight in terms of his approval by the European Parliament.				
Cette initiative parfaitement <N1></N1> aura un poids politique considérable puisqu'elle interrogera le nouveau commissaire européen chargé des transports, qui sera auditionné par la commission transports, et elle pèsera donc très lourd dans son agrément par le Parlement européen.	This entirely heterodex initiative will carry considerable political weight, since it will involve questions being put to the new European Commissioner for Transport, who will be heard by the Committee on Transport and Tourism, and it will therefore carry a great deal of weight in terms of his approval by the European Parliament.				
FALSE					
					
(DE) Madame la Présidente, le scandale de la viande en Irlande a fait des vagues dans toute l'Europe, y compris en Autriche où - conséquence étrange du scandale - de la viande irlandaise était vendue comme étant du <L1>bacon</L1> tyrolien.	(DE) Madam President, the meat scandal in Ireland has made waves throughout Europe, including Austria where, as a bizarre consequence of the scandal, Irish meat was sold as Tyrolean bacon.				
(DE) Madame la Présidente, le scandale de la viande en Irlande a fait des vagues dans toute l'Europe, y compris en Autriche où - conséquence étrange du scandale - de la viande irlandaise était vendue comme étant du <N1>bacon</N1> tyrolien.	(DE) Madam President, the meat scandal in Ireland has made waves throughout Europe, including Austria where, as a bizarre consequence of the scandal, Irish meat was sold as Tyrolean bacon.				
TRUE					
					
Peut-être serait-il possible de veiller à faciliter à la fois le travail du <L1>caméraman</L1> et le nôtre.	Perhaps it would be possible to ensure that both the cameraman's job and our job are made easier.	cameraman directeur de la photographie cadreur Le directeur de la photographie Directeur de la photographie caméraman le directeur de la photographie			
Peut-être serait-il possible de veiller à faciliter à la fois le travail du <N1>caméraman</N1> et le nôtre.	Perhaps it would be possible to ensure that both the cameraman's job and our job are made easier.				
TRUE					
					
Le cas du joueur de <L1>handball</L1> roumain Marian Cozma, qui a été brutalement assassiné par deux membres de la communauté Rom de Hongrie, nous montre une fois de plus que le crime ne connaît pas de frontières et que nier les problèmes posés par cette communauté est contreproductif.	The case of the Romanian handball player Marian Cozma, brutally murdered by two members of Hungary's Roma community, shows us once again that crime knows no borders and that ignoring the problems of this community is counterproductive.				
Le cas du joueur de <N1>handball</N1> roumain Marian Cozma, qui a été brutalement assassiné par deux membres de la communauté Rom de Hongrie, nous montre une fois de plus que le crime ne connaît pas de frontières et que nier les problèmes posés par cette communauté est contreproductif.	The case of the Romanian handball player Marian Cozma, brutally murdered by two members of Hungary's Roma community, shows us once again that crime knows no borders and that ignoring the problems of this community is counterproductive.				
TRUE					
					
Moi, je peux vivre avec un renvoi au 5 mars, je peux même vivre avec un <L1>speed vote</L1> qui retirerait cet amendement-là.	Personally, I can live with postponing it until 5 March; I can even live with a 'speed vote' withdrawing that amendment.				
Moi, je peux vivre avec un renvoi au 5 mars, je peux même vivre avec un <N1>vote accéléré</N1> qui retirerait cet amendement-là.	Personally, I can live with postponing it until 5 March; I can even live with a 'speed vote' withdrawing that amendment.				
TRUE					
					
Par exemple - et nous ne parlons pas forcément de criminalité, mais de harcèlement en ligne, qui peut devenir terrible pour les jeunes - en cliquant sur un <L1>icône</L1> spéciale de signalement qui leur permet d'appeler à l'aide.	For instance - and we are not necessarily speaking about crime, but about cyber-bullying, which can become terrible for young people - that there is a special report button for them to ask for help.	image icône			
Par exemple - et nous ne parlons pas forcément de criminalité, mais de harcèlement en ligne, qui peut devenir terrible pour les jeunes - en cliquant sur un <N1></N1> spéciale de signalement qui leur permet d'appeler à l'aide.	For instance - and we are not necessarily speaking about crime, but about cyber-bullying, which can become terrible for young people - that there is a special report button for them to ask for help.				
FALSE					
					
Ils appartenaient à la 97e <L1>escadrille</L1> basée à RAF Bourn dans le Cambridgeshire.	They were part of 97 Squadron based at RAF Bourn in Cambridgeshire.				
Ils appartenaient à la 97e <N1></N1> basée à RAF Bourn dans le Cambridgeshire.	They were part of 97 Squadron based at RAF Bourn in Cambridgeshire.				
FALSE					
					
Quand, dans le passé, vous entriez dans un magasin de disques, preniez un CD ou un <L1>vinyle</L1> d'une maison de disques et sortiez sans payer, vous étiez arrêté pour vol à l'étalage, et télécharger de la musique gratuitement sans payer d'honoraires à quiconque revient au même.	When in the past you went into a record store and took a label's CD or vinyl record and walked out with it you would be caught for shoplifting, and downloading music free of charge without paying a fee to somebody is equivalent to that.				
Quand, dans le passé, vous entriez dans un magasin de disques, preniez un CD ou un <N1></N1> d'une maison de disques et sortiez sans payer, vous étiez arrêté pour vol à l'étalage, et télécharger de la musique gratuitement sans payer d'honoraires à quiconque revient au même.	When in the past you went into a record store and took a label's CD or vinyl record and walked out with it you would be caught for shoplifting, and downloading music free of charge without paying a fee to somebody is equivalent to that.				
FALSE					
					
J'attends le jour où les États-Unis ou l'Australie prendront conscience qu'on pratique la <L1>corrida</L1> en Espagne et la chasse à l'élan en Finlande.	I await the day when the United States of America or Australia wake up to the fact that there is bullfighting in Spain and elk hunting in Finland.	tauromachie corrida			
J'attends le jour où les États-Unis ou l'Australie prendront conscience qu'on pratique la <N1>tauromachie</N1> en Espagne et la chasse à l'élan en Finlande.	I await the day when the United States of America or Australia wake up to the fact that there is bullfighting in Spain and elk hunting in Finland.				
TRUE					
					
Le problème est la réaction - <L1>psychanalytique</L1> - que cette question suscite; c'est que c'est une agression culturelle!	The problem is the psychoanalytic reaction that this idea produces, as this is an attack on culture.				
Le problème est la réaction - <N1></N1> - que cette question suscite; c'est que c'est une agression culturelle!	The problem is the psychoanalytic reaction that this idea produces, as this is an attack on culture.				
FALSE					
					
De nombreux facteurs ont fait obstacle au travail de la Présidence <L1>thèque</L1> sortante mais le tableau général en termes de questions relatives aux Roms est néanmoins positif.	There were many factors which hampered the outgoing Czech Presidency's work, but the overall picture in terms of Roma issues is nevertheless positive.				
De nombreux facteurs ont fait obstacle au travail de la Présidence <N1></N1> sortante mais le tableau général en termes de questions relatives aux Roms est néanmoins positif.	There were many factors which hampered the outgoing Czech Presidency's work, but the overall picture in terms of Roma issues is nevertheless positive.				
FALSE					
					
En harmonie avec le nouveau <L1>remix</L1> italo-russe, South Stream, le projet énergétique qui porte ce nom est toutefois menacé d'abandon.	In harmony with the new Italian-Russian remix, South Stream, the energy project of that name is, however, in danger of being scrapped.				
En harmonie avec le nouveau <N1>remix</N1> italo-russe, South Stream, le projet énergétique qui porte ce nom est toutefois menacé d'abandon.	In harmony with the new Italian-Russian remix, South Stream, the energy project of that name is, however, in danger of being scrapped.				
TRUE					
					
Je peux dire néanmoins que nous avons engagé des pénalités contractuelles à l'encontre du consortium Hewlett-Packard-Steria pour le sanctionner, d'une part, pour son incapacité à amener le système au niveau contractuellement requis au terme de la phase contractuelle des tests opérationnels au <L1>ST</L1> et, d'autre part, pour le moment en tout cas, pour les retards, apportés pour les tests internes du VIS.	I can say, however, that we have imposed contractual penalties on the Hewlett-Packard-Steria consortium in order to punish it, on the one hand, for its inability to bring the system up to the contractually required level at the end of the contractual phase of the operational tests on the ST and, on the other - for the time being, in any case - for the delays caused in the internal VIS tests.				
Je peux dire néanmoins que nous avons engagé des pénalités contractuelles à l'encontre du consortium Hewlett-Packard-Steria pour le sanctionner, d'une part, pour son incapacité à amener le système au niveau contractuellement requis au terme de la phase contractuelle des tests opérationnels au <N1></N1> et, d'autre part, pour le moment en tout cas, pour les retards, apportés pour les tests internes du VIS.	I can say, however, that we have imposed contractual penalties on the Hewlett-Packard-Steria consortium in order to punish it, on the one hand, for its inability to bring the system up to the contractually required level at the end of the contractual phase of the operational tests on the ST and, on the other - for the time being, in any case - for the delays caused in the internal VIS tests.				
FALSE					
					
Il n'a jamais fait savoir qu'il voulait devenir un <L1>super-héros</L1> européen de ce genre.	He has never indicated that he wants to become a European superman of that kind.				
Il n'a jamais fait savoir qu'il voulait devenir un <N1></N1> européen de ce genre.	He has never indicated that he wants to become a European superman of that kind.				
FALSE					
					
Les pirates continuent à étendre leurs activités un peu plus à l'est de l'océan Indien, et avec la fin de la <L1>mousson</L1> nous avons récemment été les témoins d'une nouvelle recrudescence d'attaques au nord et au nord-est des Seychelles, soit à une distance assez éloignée.	Pirates continue to extend their activities further to the east into the Indian Ocean, and with the end of the monsoon season, we have recently witnessed a new surge of attacks to the north and north-east of the Seychelles, which is quite a distance away.				
Les pirates continuent à étendre leurs activités un peu plus à l'est de l'océan Indien, et avec la fin de la <N1></N1> nous avons récemment été les témoins d'une nouvelle recrudescence d'attaques au nord et au nord-est des Seychelles, soit à une distance assez éloignée.	Pirates continue to extend their activities further to the east into the Indian Ocean, and with the end of the monsoon season, we have recently witnessed a new surge of attacks to the north and north-east of the Seychelles, which is quite a distance away.				
FALSE					
					
La Commission s'efforcera de faire adopter toutes les mesures prévues dans la <L1>roadmap</L1> aussi tôt que possible.	The Commission will endeavour to have all the measures planned in the roadmap adopted as soon as possible.				
La Commission s'efforcera de faire adopter toutes les mesures prévues dans la <N1>feuille de route</N1> aussi tôt que possible.	The Commission will endeavour to have all the measures planned in the roadmap adopted as soon as possible.				
TRUE					
					
Ce n'est pas une <L1>sinécure</L1> qui nous attend.	This is no small task we are facing.				
Ce n'est pas une <N1></N1> qui nous attend.	This is no small task we are facing.				
FALSE					
					
Montrons, nous, humains, que nous avons la capacité d'apprendre et évitons que le thon rouge devienne le <L1>dodo</L1> du XXIe siècle.	Let us humans show that we have the ability to learn and avoid the bluefin tuna becoming the dodo of the 21st century.	adieu dodo arrivederci farewell au revoir sayonara bonjour salut à bientôt | raphus cucullatus dodo dronte | fossile dodo dronte barbon			
Montrons, nous, humains, que nous avons la capacité d'apprendre et évitons que le thon rouge devienne le <N1></N1> du XXIe siècle.	Let us humans show that we have the ability to learn and avoid the bluefin tuna becoming the dodo of the 21st century.				
FALSE					
					
Cela devait se faire par l'introduction d'un passeport prouvant la vaccination de l'animal contre la rage et prévoyant l'obligation de <L1>tatouer</L1> les animaux afin de les identifier clairement.	This was to be achieved through the introduction of a passport showing that an animal has been inoculated against rabies, and stipulating the obligation to mark animals in order for them to be clearly identified.	tatouage tatouer			
Cela devait se faire par l'introduction d'un passeport prouvant la vaccination de l'animal contre la rage et prévoyant l'obligation de <N1></N1> les animaux afin de les identifier clairement.	This was to be achieved through the introduction of a passport showing that an animal has been inoculated against rabies, and stipulating the obligation to mark animals in order for them to be clearly identified.				
FALSE					
					
A la lecture de la Stratégie Europe 2020 et de notre résolution parlementaire, je constate cependant que nos ambitions se limitent au <L1>flirt</L1> timide avec l'économie libérale du marché.	However, on reading the EU 2020 strategy and our parliamentary resolution, I find that our ambitions are limited to a shy flirtation with the free market economy.	flirt flirter			
A la lecture de la Stratégie Europe 2020 et de notre résolution parlementaire, je constate cependant que nos ambitions se limitent au <N1>flirt</N1> timide avec l'économie libérale du marché.	However, on reading the EU 2020 strategy and our parliamentary resolution, I find that our ambitions are limited to a shy flirtation with the free market economy.				
TRUE					
					
Cette région a d'ailleurs été comparée au <L1>canari</L1> dans la mine.	The region has been compared to a canary in a mine.	fink canari			
Cette région a d'ailleurs été comparée au <N1></N1> dans la mine.	The region has been compared to a canary in a mine.				
FALSE					
					
À cet égard, il convient naturellement - comme d'aucuns l'ont déjà souligné - de prendre pleinement en considération les ports et les connexions avec leur <L1>hinterland</L1> dans le cadre des corridors et des réseaux transeuropéens.	Of course, in this regard it is important - as has already been said - for ports and hinterland connections to be given due consideration in connection with corridors and trans-European networks.	cambrousse hinterland régions arriérées arrière-pays			
À cet égard, il convient naturellement - comme d'aucuns l'ont déjà souligné - de prendre pleinement en considération les ports et les connexions avec leur <N1>arrière-pays</N1> dans le cadre des corridors et des réseaux transeuropéens.	Of course, in this regard it is important - as has already been said - for ports and hinterland connections to be given due consideration in connection with corridors and trans-European networks.				
TRUE					
					
Seule la mise en œuvre cohérente d'une approche de récompenses/pénalités permettra de faire d'Europeana un portail attractif d'une grande utilité pour les lecteurs et les chercheurs, et non un grenier numérique pour l'entreposage <L1>sentimental</L1> de vieilleries.	Only consistent realisation of a 'carrot and stick' approach will ensure that Europeana becomes an attractive portal of great interest to readers and researchers, and not a digital attic used for the sentimental storage of old junk.	sentimental mièvre hystérique affecté démonstratif maniéré larmoyant histrionique pleurnicheur			
Seule la mise en œuvre cohérente d'une approche de récompenses/pénalités permettra de faire d'Europeana un portail attractif d'une grande utilité pour les lecteurs et les chercheurs, et non un grenier numérique pour l'entreposage <N1></N1> de vieilleries.	Only consistent realisation of a 'carrot and stick' approach will ensure that Europeana becomes an attractive portal of great interest to readers and researchers, and not a digital attic used for the sentimental storage of old junk.				
FALSE					
					
président de la Commission. - Vous avez parlé de l'entrée en vigueur du traité de Lisbonne: je soutiens beaucoup le renforcement du rôle du Parlement européen dans ce domaine également et le texte qui va être rendu public demain, pour lequel il fallait obtenir l'autorisation de nos partenaires de négociation, est le texte des négociations, the <L1>draft</L1> negotiation text.	You spoke about the coming into force of the Treaty of Lisbon. I am very much in favour of the European Parliament's role being strengthened in this area as well, and the text to be made public tomorrow, for which we had to obtain permission from our negotiating partners, is the text of the negotiations, the draft negotiation text.				
président de la Commission. - Vous avez parlé de l'entrée en vigueur du traité de Lisbonne: je soutiens beaucoup le renforcement du rôle du Parlement européen dans ce domaine également et le texte qui va être rendu public demain, pour lequel il fallait obtenir l'autorisation de nos partenaires de négociation, est le texte des négociations, the <N1></N1> negotiation text.	You spoke about the coming into force of the Treaty of Lisbon. I am very much in favour of the European Parliament's role being strengthened in this area as well, and the text to be made public tomorrow, for which we had to obtain permission from our negotiating partners, is the text of the negotiations, the draft negotiation text.				
FALSE					
					
(EN) Madame la Présidente, le personnage de Joxer créé par le célèbre <L1>dramaturge</L1> irlandais, Sean O'Casey, considérait le monde entier comme étant dans un état de châssis .	Madam President, the Joxer character created by the great Irish playwright, Sean O'Casey, observed the whole world as 'in a state of chassis'.	auteur dramatique dramaturge			
(EN) Madame la Présidente, le personnage de Joxer créé par le célèbre <N1></N1> irlandais, Sean O'Casey, considérait le monde entier comme étant dans un état de châssis .	Madam President, the Joxer character created by the great Irish playwright, Sean O'Casey, observed the whole world as 'in a state of chassis'.				
FALSE					
					
La Grèce et sa population sont aujourd'hui des victimes d'un système économique et financier de vautours, un système qui a vu les pays du G20 allonger en tout quelques milliers de milliards de dollars en quelques jours pour sauver les banques, mais qui laisse <L1>agoniser</L1> la Grèce pendant plusieurs mois.	Greece and its population are the victims today of a predatory economic and financial system, a system which has seen the G20 countries fork out, all in all, several thousands of billions of dollars in a few days in order to save the banks, but which leaves Greece in agony for several months.				
La Grèce et sa population sont aujourd'hui des victimes d'un système économique et financier de vautours, un système qui a vu les pays du G20 allonger en tout quelques milliers de milliards de dollars en quelques jours pour sauver les banques, mais qui laisse <N1></N1> la Grèce pendant plusieurs mois.	Greece and its population are the victims today of a predatory economic and financial system, a system which has seen the G20 countries fork out, all in all, several thousands of billions of dollars in a few days in order to save the banks, but which leaves Greece in agony for several months.				
FALSE					
					
Imagine all the people <L1>living</L1> life in peace (Imaginez qu'il n'y a plus de pays, ce n'est pas difficile, plus aucune raison de tuer ni de mourir, et plus de religion non plus.	Imagine there's no countries, it isn't hard to do, nothing to kill or die for, and no religion too.				
Imagine all the people <N1></N1> life in peace (Imaginez qu'il n'y a plus de pays, ce n'est pas difficile, plus aucune raison de tuer ni de mourir, et plus de religion non plus.	Imagine there's no countries, it isn't hard to do, nothing to kill or die for, and no religion too.				
FALSE					
					
Kaputt veut dire <L1>kaputt</L1> dans n'importe quelle langue!	Kaput is kaput in any language!				
Kaputt veut dire <N1></N1> dans n'importe quelle langue!	Kaput is kaput in any language!				
FALSE					
					
Madame la Présidente, je dois dire que je suis très émue par la nouvelle <L1>idylle</L1> née entre le PPE et le groupe S&D, mais je suis convaincue que la romantique et tendre embrassade de M. Rapkay et de M. Langen ancre fermement l'Europe dans le passé.	on behalf of the ALDE Group. - Madam President, I have to say that I am very touched by the new romance between the EPP and the S&D Group, but I do feel that the intimate and loving embrace between Mr Rapkay and Mr Lange is keeping Europe firmly stuck in the past.	bucolique églogue idylle			
Madame la Présidente, je dois dire que je suis très émue par la nouvelle <N1></N1> née entre le PPE et le groupe S&D, mais je suis convaincue que la romantique et tendre embrassade de M. Rapkay et de M. Langen ancre fermement l'Europe dans le passé.	on behalf of the ALDE Group. - Madam President, I have to say that I am very touched by the new romance between the EPP and the S&D Group, but I do feel that the intimate and loving embrace between Mr Rapkay and Mr Lange is keeping Europe firmly stuck in the past.				
FALSE					
					
Devra-t-on chaque année se battre pour obtenir une <L1>obole</L1> de la part d'États membres récalcitrants qui accuseront ensuite l'Europe d'être inefficace et superflue?	Will we have to fight each year to obtain a token contribution from stubborn Member States that will subsequently accuse Europe of being ineffective and superfluous?				
Devra-t-on chaque année se battre pour obtenir une <N1></N1> de la part d'États membres récalcitrants qui accuseront ensuite l'Europe d'être inefficace et superflue?	Will we have to fight each year to obtain a token contribution from stubborn Member States that will subsequently accuse Europe of being ineffective and superfluous?				
FALSE					
					
M. Sturdy a également posé une question concernant une récente affaire, baptisée affaire modem, dans le cadre de laquelle la Commission s'est en fait penchée sur trois aspects: le <L1>dumping</L1>, les subventions et la sauvegarde.	Mr Sturdy also put a question with respect to a recent case, the so-called 'modem case', where the Commission had, in fact, looked at three aspects: the dumping, the subsidisation and also the safeguards.				
M. Sturdy a également posé une question concernant une récente affaire, baptisée affaire modem, dans le cadre de laquelle la Commission s'est en fait penchée sur trois aspects: le <N1>dumping</N1>, les subventions et la sauvegarde.	Mr Sturdy also put a question with respect to a recent case, the so-called 'modem case', where the Commission had, in fact, looked at three aspects: the dumping, the subsidisation and also the safeguards.				
TRUE					
					
Conformément à la résolution, je pense qu'une fois le nouveau cadre réglementaire final adopté, il serait judicieux qu'un résumé et de nouvelles <L1>FAQ</L1> (questions les plus fréquemment posées) expliquent ce cadre en détail à l'intention de tous les acteurs du marché.	In accordance with the resolution, I believe that it is crucial that once the final new regulatory framework has been adopted, a summary note and new Frequently Asked Questions should explain this framework in detail to all market players.	foire aux questions FAQ Foire aux questions			
Conformément à la résolution, je pense qu'une fois le nouveau cadre réglementaire final adopté, il serait judicieux qu'un résumé et de nouvelles <N1>FAQ</N1> (questions les plus fréquemment posées) expliquent ce cadre en détail à l'intention de tous les acteurs du marché.	In accordance with the resolution, I believe that it is crucial that once the final new regulatory framework has been adopted, a summary note and new Frequently Asked Questions should explain this framework in detail to all market players.				
TRUE					
					
Le bain de sang révoltant du 31 octobre au cours d'un office se déroulant dans la cathédrale catholique <L1>syriaque</L1> ne constitue donc certainement pas un incident isolé.	The revolting bloodbath of 31 October during a service in the Syriac Catholic cathedral was certainly, therefore, no isolated incident.				
Le bain de sang révoltant du 31 octobre au cours d'un office se déroulant dans la cathédrale catholique <N1></N1> ne constitue donc certainement pas un incident isolé.	The revolting bloodbath of 31 October during a service in the Syriac Catholic cathedral was certainly, therefore, no isolated incident.				
FALSE					
					
Le <L1>tabloïd</L1> local Rolling Stone, qui n'a rien à voir avec la revue du même nom, a effectivement publié des listes avec les noms et les adresses des leaders gays sous un titre immonde: Pendez-les!	The local newspaper Rolling Stone, which has nothing to do with the magazine of the same name, actually published lists with the names and addresses of gay leaders under the revolting headline: 'Hang them!'	tabloïde tabloïd | feuille tabloïd drap tabloïde			
Le <N1></N1> local Rolling Stone, qui n'a rien à voir avec la revue du même nom, a effectivement publié des listes avec les noms et les adresses des leaders gays sous un titre immonde: Pendez-les!	The local newspaper Rolling Stone, which has nothing to do with the magazine of the same name, actually published lists with the names and addresses of gay leaders under the revolting headline: 'Hang them!'				
FALSE					
					
(EN) Europe quite rightly wants to equip herself with a common policy and currency but, most of all, she needs a <L1>soul</L1> .	Europe quite rightly wants to equip herself with a common policy and currency but, most of all, she needs a soul'.				
(EN) Europe quite rightly wants to equip herself with a common policy and currency but, most of all, she needs a <N1></N1> .	Europe quite rightly wants to equip herself with a common policy and currency but, most of all, she needs a soul'.				
FALSE					
					
Si des réseaux de référence sont établis dans le futur, il sera enfin possible aux États membres de partager leurs meilleurs pratiques, leurs informations sur les normes d'or et de <L1>platine</L1> et leurs avancées scientifiques.	If reference networks are set up in future, it will finally be possible for the Member States to share best practices, information about gold and platinum standards and scientific progress.	platine disque plat | platine plat			
Si des réseaux de référence sont établis dans le futur, il sera enfin possible aux États membres de partager leurs meilleurs pratiques, leurs informations sur les normes d'or et de <N1></N1> et leurs avancées scientifiques.	If reference networks are set up in future, it will finally be possible for the Member States to share best practices, information about gold and platinum standards and scientific progress.				
FALSE					
					
Piratage populiste comme si l'on visitait un jardin <L1>botanique</L1> la hache à la main.	Populist hacking, as though going at a botanical garden with an axe.				
Piratage populiste comme si l'on visitait un jardin <N1></N1> la hache à la main.	Populist hacking, as though going at a botanical garden with an axe.				
FALSE					
					
Les éditeurs pourront toujours proposer des abonnements en ligne sur leurs sites Internet, ou par d'autres méthodes, mais ne pourront plus gérer l'abonnement souscrit via une application sur un <L1>iPhone</L1> utilisant Apple comme intermédiaire.	Publishers will still be able to offer online subscriptions through their websites, or by other means, but they will no longer be able to process the subscription via an App on an iPhone using Apple as an intermediary.				
Les éditeurs pourront toujours proposer des abonnements en ligne sur leurs sites Internet, ou par d'autres méthodes, mais ne pourront plus gérer l'abonnement souscrit via une application sur un <N1></N1> utilisant Apple comme intermédiaire.	Publishers will still be able to offer online subscriptions through their websites, or by other means, but they will no longer be able to process the subscription via an App on an iPhone using Apple as an intermediary.				
FALSE					
					
Auraient-ils fait une série de concessions difficiles et pénibles sur la <L1>télé-</L1> et radiodiffusion, le sécularisme, sur Chypre surtout, où les Chypriotes turcs ont voté en faveur du plan de l'UE et où les Chypriotes grecs isolés l'ont rejeté et en ont été récompensés?	Would they have made a series of difficult and painful concessions on broadcasting, on secularism, on Cyprus, above all, where Turkish Cypriots voted in favour of the EU plan and where isolated Greek Cypriots rejected it and were rewarded?				
Auraient-ils fait une série de concessions difficiles et pénibles sur la <N1></N1> et radiodiffusion, le sécularisme, sur Chypre surtout, où les Chypriotes turcs ont voté en faveur du plan de l'UE et où les Chypriotes grecs isolés l'ont rejeté et en ont été récompensés?	Would they have made a series of difficult and painful concessions on broadcasting, on secularism, on Cyprus, above all, where Turkish Cypriots voted in favour of the EU plan and where isolated Greek Cypriots rejected it and were rewarded?				
FALSE					
					
(ES) Monsieur le Président, je ne souhaite pas répéter les remarques importantes déjà formulées par mes collègues députés, j'ajouterai donc simplement qu'il est bon d'entendre l'implication de <L1>lady</L1> Ashton au cours de la session du Conseil des droits de l'homme qui s'est tenue à cette époque très importante.	(ES) Mr President, I do not wish to repeat the important points already made by my fellow Members, so I will simply add that it is good to hear of Lady Ashton's involvement in the Human Rights Council session held at this very important time.	dame Madame Lady madame Dame			
(ES) Monsieur le Président, je ne souhaite pas répéter les remarques importantes déjà formulées par mes collègues députés, j'ajouterai donc simplement qu'il est bon d'entendre l'implication de <N1>lady</N1> Ashton au cours de la session du Conseil des droits de l'homme qui s'est tenue à cette époque très importante.	(ES) Mr President, I do not wish to repeat the important points already made by my fellow Members, so I will simply add that it is good to hear of Lady Ashton's involvement in the Human Rights Council session held at this very important time.				
TRUE					
					
Fidèlement à la <L1>doxa</L1> néolibérale, il accuse la réglementation administrative et la protection des services publics d'entraver la croissance.	True to neoliberal ideology, it blames administrative regulation and the protection of public services for impeding growth.				
Fidèlement à la <N1></N1> néolibérale, il accuse la réglementation administrative et la protection des services publics d'entraver la croissance.	True to neoliberal ideology, it blames administrative regulation and the protection of public services for impeding growth.				
FALSE					
					
À l'époque, vers 2000, j'enseignais l'histoire de l'art à Lisbonne et j'y ai vu, dans une <L1>anthologie</L1> d'artistes contemporains, son énorme lustre, aussi grand qu'une pièce, renversé et cassé.	At that time, in about 2000, I was a lecturer in Art History in Lisbon, and there, in an anthology of modern artists, was his enormous chandelier, the size of a room, overturned and broken.				
À l'époque, vers 2000, j'enseignais l'histoire de l'art à Lisbonne et j'y ai vu, dans une <N1></N1> d'artistes contemporains, son énorme lustre, aussi grand qu'une pièce, renversé et cassé.	At that time, in about 2000, I was a lecturer in Art History in Lisbon, and there, in an anthology of modern artists, was his enormous chandelier, the size of a room, overturned and broken.				
FALSE					
					
À l'heure où le FN français <L1>caracole</L1> dans les sondages et où il y a lieu de s'interroger sur la banalisation générale dont ce parti fait l'objet (tant médiatique que politique), je suis satisfaite que le Parlement européen ne défende pas l'immunité parlementaire de Bruno Gollnisch et ait demandé la levée de celle-ci pour que la justice puisse faire son travail.	At a time when the Front National is riding high in the French polls and when one may question that party's move into the mainstream (in both media and political terms), I am satisfied that the European Parliament will not defend Mr Gollnisch's parliamentary immunity and have called for it to be lifted so that the courts can do their job.				
À l'heure où le FN français <N1></N1> dans les sondages et où il y a lieu de s'interroger sur la banalisation générale dont ce parti fait l'objet (tant médiatique que politique), je suis satisfaite que le Parlement européen ne défende pas l'immunité parlementaire de Bruno Gollnisch et ait demandé la levée de celle-ci pour que la justice puisse faire son travail.	At a time when the Front National is riding high in the French polls and when one may question that party's move into the mainstream (in both media and political terms), I am satisfied that the European Parliament will not defend Mr Gollnisch's parliamentary immunity and have called for it to be lifted so that the courts can do their job.				
FALSE					
					
J'ai voté pour cette résolution qui invite le Conseil à <L1>designer</L1> Sarajevo comme capitale européenne de la culture, à titre exceptionnel, en 2014.	in writing. - I voted for this resolution which calls on the Council to award the title 'European Capital of Culture' exceptionally to Sarajevo in 2014.	appeler nom préciser s'identifier à baptiser désigner dénommer identifier situer | modéliste designer | montrer indiquer désigner | identifier désigner | assigner désigner attribuer déléguer charger nommer | appeler nom succéder désigner attribuer choisir fixer constituer déléguer charger nommer attacher préciser présenter | nommer nominer désigner | impliquer connoter indiquer prédicat désigner | concepteur designer intrigant | nommer désigner | indiquer désigner sous-entendre impliquer connoter signifier | croire désigner percevoir choisir distinguer adopter identifier discerner saisir | nom succéder faire désigner rendre nominer nommer mettre | décider choisir opter préférer désigner | marquer signifier vouloir dire indiquer désigner			
J'ai voté pour cette résolution qui invite le Conseil à <N1></N1> Sarajevo comme capitale européenne de la culture, à titre exceptionnel, en 2014.	in writing. - I voted for this resolution which calls on the Council to award the title 'European Capital of Culture' exceptionally to Sarajevo in 2014.				
FALSE					
					
Le résultat est un <L1>cake</L1> qui leur a donné mal au ventre.	The result is a cake that gives them belly ache.	Cake cake | cake excentrique écrou manivelle			
Le résultat est un <N1>gâteau</N1> qui leur a donné mal au ventre.	The result is a cake that gives them belly ache.				
TRUE					
					
Nous estimons dès lors que <L1>pack</L1> de six est une occasion manquée de mettre en place une véritable gouvernance économique.	We therefore consider the 'six-pack' to be a missed opportunity to put genuine economic governance in place.	emballage pack meute			
Nous estimons dès lors que <N1></N1> de six est une occasion manquée de mettre en place une véritable gouvernance économique.	We therefore consider the 'six-pack' to be a missed opportunity to put genuine economic governance in place.				
FALSE					
					
Dès que l'on eut constaté que la probabilité d'un accident était beaucoup plus élevée qu'on ne l'avait admis au départ, après avoir demandé l'avis de la Commission à Bruxelles, on a installé des filtres à <L1>iode</L1> destinés à empêcher, dans l'hypothèse d'une fonte du coeur, que l'iode radioactif ne s'échappe.	Once it had been found that the probability of an accident was very much higher than had initially been admitted, and after an opinion had been sought from the Commission in Brussels, iodine filters were fitted which are supposed - in the event of a melt-down - to prevent the escape of radioactive iodine.	iode Moi je			
Dès que l'on eut constaté que la probabilité d'un accident était beaucoup plus élevée qu'on ne l'avait admis au départ, après avoir demandé l'avis de la Commission à Bruxelles, on a installé des filtres à <N1></N1> destinés à empêcher, dans l'hypothèse d'une fonte du coeur, que l'iode radioactif ne s'échappe.	Once it had been found that the probability of an accident was very much higher than had initially been admitted, and after an opinion had been sought from the Commission in Brussels, iodine filters were fitted which are supposed - in the event of a melt-down - to prevent the escape of radioactive iodine.				
FALSE					
					
Avant tout, le souhait exprimé par les Verts et les démocrates-chrétiens d'inclure la question de l'emploi dans les critères de l'Union monétaire européenne s'avérerait un <L1>paralogisme</L1> fatal pour l'UEM et aboutirait à une nouvelle hausse du chômage. C'est également valable pour le programme d'épargne non accompagné d'une réforme structurelle.	Unfortunately, however, its objective can also be stated in different terms: a gradual lowering of our social standards to the much lower average required by a globalization we have been unable to control.				
Avant tout, le souhait exprimé par les Verts et les démocrates-chrétiens d'inclure la question de l'emploi dans les critères de l'Union monétaire européenne s'avérerait un <N1></N1> fatal pour l'UEM et aboutirait à une nouvelle hausse du chômage. C'est également valable pour le programme d'épargne non accompagné d'une réforme structurelle.	Unfortunately, however, its objective can also be stated in different terms: a gradual lowering of our social standards to the much lower average required by a globalization we have been unable to control.				
FALSE					
					
Une convention et des orientations en matière de bioéthique sont nécessaires pour que nous ne créions pas les mêmes chimères d'études qu'avec les animaux, comme par exemple cette masse de muscles venant de Belgique, montagne de <L1>bifteck</L1> sur des jambes flageolantes, et rappelant lointainement une vache.	There is a need for agreement and a bioethical guideline to prevent us from creating human beings as uniform, functional monsters, in the same way as we do with animals, such as the bundle of muscle in Belgium vaguely reminiscent of a cow, barely holding up a mass of beef on wobbling legs.	rumsteck steak darne bifteck entrecôte			
Une convention et des orientations en matière de bioéthique sont nécessaires pour que nous ne créions pas les mêmes chimères d'études qu'avec les animaux, comme par exemple cette masse de muscles venant de Belgique, montagne de <N1>bifteck</N1> sur des jambes flageolantes, et rappelant lointainement une vache.	There is a need for agreement and a bioethical guideline to prevent us from creating human beings as uniform, functional monsters, in the same way as we do with animals, such as the bundle of muscle in Belgium vaguely reminiscent of a cow, barely holding up a mass of beef on wobbling legs.				
TRUE					
					
Néanmoins, comme l'a finement fait observer notre rapporteur, les plus grands vecteurs de bureaucratie sont les gouvernements nationaux. C'est le cas au RoyaumeUni plus que partout ailleurs, où les aspirations de Michael Heseltine à un <L1>autodafé</L1> de la bureaucratie n'ont fait que réduire en cendres l'orgueil des Tories.	But as our rapporteur astutely points out, the biggest sticky fingers applying red tape are national governments, and nowhere is this more true than the United Kingdom, where Michael Heseltine's aspiration for a bonfire of red tape has turned into the ashes of a bonfire of Tory vanities.				
Néanmoins, comme l'a finement fait observer notre rapporteur, les plus grands vecteurs de bureaucratie sont les gouvernements nationaux. C'est le cas au RoyaumeUni plus que partout ailleurs, où les aspirations de Michael Heseltine à un <N1></N1> de la bureaucratie n'ont fait que réduire en cendres l'orgueil des Tories.	But as our rapporteur astutely points out, the biggest sticky fingers applying red tape are national governments, and nowhere is this more true than the United Kingdom, where Michael Heseltine's aspiration for a bonfire of red tape has turned into the ashes of a bonfire of Tory vanities.				
FALSE					
					
Je sais que cette mesure est particulièrement critiquée par les Etats membres qui ont bénéficié jusqu'à présent de compensations versées pour la totalité ou pour une grande part au titre de primes agricoles au maïs de <L1>silo</L1> et non de primes au taureau.	I am aware that this measure is the subject of strong criticism, especially in those Member States which, in the past, to a large or very large extent, have claimed the arable premiums for silo corn land as compensation instead of the bullock premium.				
Je sais que cette mesure est particulièrement critiquée par les Etats membres qui ont bénéficié jusqu'à présent de compensations versées pour la totalité ou pour une grande part au titre de primes agricoles au maïs de <N1>silo</N1> et non de primes au taureau.	I am aware that this measure is the subject of strong criticism, especially in those Member States which, in the past, to a large or very large extent, have claimed the arable premiums for silo corn land as compensation instead of the bullock premium.				
TRUE					
					
À peine la capitale Kaboul investie, les taliban ont commencé par imposer la loi coranique à tous: port obligatoire du <L1>tchador</L1> et interdiction de toute forme d'éducation et de travail pour les femmes.	The capital Kabul had scarcely been taken when the Taliban began by imposing Koran law on everyone: compulsory wearing of the chador and prohibition of any form of education and work for women.	tchador chador			
À peine la capitale Kaboul investie, les taliban ont commencé par imposer la loi coranique à tous: port obligatoire du <N1>tchador</N1> et interdiction de toute forme d'éducation et de travail pour les femmes.	The capital Kabul had scarcely been taken when the Taliban began by imposing Koran law on everyone: compulsory wearing of the chador and prohibition of any form of education and work for women.				
TRUE					
					
Ces derniers temps, les médias ont beaucoup parlé des conflits agricoles qui s'y aggravaient, en particulier du cas de la <L1>hacienda</L1> Bellacruz.	The media have recently reported in depth about the increasingly serious conflicts about land there, in particular on the case of Hacienda Bellacruz.				
Ces derniers temps, les médias ont beaucoup parlé des conflits agricoles qui s'y aggravaient, en particulier du cas de la <N1>propriété foncière</N1> Bellacruz.	The media have recently reported in depth about the increasingly serious conflicts about land there, in particular on the case of Hacienda Bellacruz.				
TRUE					
					
Nous n'avons pas perdu de vue les responsables du sort réservé aux 15 000 <L1>boat-people</L1> vietnamiens dans les centres de détention à Hong Kong.	We are still watching those responsible for the 15, 000 former Vietnamese boat people who reside in Hong Kong.				
Nous n'avons pas perdu de vue les responsables du sort réservé aux 15 000 <N1>boat-people</N1> vietnamiens dans les centres de détention à Hong Kong.	We are still watching those responsible for the 15, 000 former Vietnamese boat people who reside in Hong Kong.				
TRUE					
					
À en juger par la faible assistance dans l'hémicycle, on se rend compte que le rapport n'est pas un <L1>best-seller</L1> et pourtant il traite d'un des domaines les plus importants et il s'agit peut-être d'un des meilleurs rapports qu'ait jamais rédigés Mme Theato.	Looking at the Chamber, one can clearly see that this report is not a great best-seller, even though it deals with a most important sector and is perhaps one of the best reports ever produced by Mrs Theato.				
À en juger par la faible assistance dans l'hémicycle, on se rend compte que le rapport n'est pas un <N1>livre à grand succès</N1> et pourtant il traite d'un des domaines les plus importants et il s'agit peut-être d'un des meilleurs rapports qu'ait jamais rédigés Mme Theato.	Looking at the Chamber, one can clearly see that this report is not a great best-seller, even though it deals with a most important sector and is perhaps one of the best reports ever produced by Mrs Theato.				
TRUE					
					
Alors, chers collègues, je vous demande un bref instant de vous mettre dans la peau de ceux qui ont de bonnes raisons de penser que, dans ce scénario-là, ils feraient le <L1>casting</L1> plutôt du côté des nouveaux esclaves que du côté des nouveaux aristocrates.	So, dear colleagues, I would like you for a moment to imagine yourselves in the shoes of those who have good reason to believe that they would be cast, in this scenario, in the role of the new slaves rather than the new aristocrats.				
Alors, chers collègues, je vous demande un bref instant de vous mettre dans la peau de ceux qui ont de bonnes raisons de penser que, dans ce scénario-là, ils feraient le <N1>casting</N1> plutôt du côté des nouveaux esclaves que du côté des nouveaux aristocrates.	So, dear colleagues, I would like you for a moment to imagine yourselves in the shoes of those who have good reason to believe that they would be cast, in this scenario, in the role of the new slaves rather than the new aristocrats.				
TRUE					
					
Les seuls 7 et 8 février, en Allemagne, un Vietnamien, un demandeur d'asile libanais et deux citoyens polonais ont été attaqués et grièvement blessés, tandis qu'un <L1>punk</L1> de 17 ans était victime de violence raciste à Magdebourg.	On 7 and 8 February alone, a Vietnamese, a Lebanese asylum seeker and two Polish citizens were attacked and very seriously injured in Germany, and a 17-year-old punk was a victim of racist violence in Magdeburg.	amadouvier amadou punk agaric de chêne | fromager bon marché punk fromageux économique			
Les seuls 7 et 8 février, en Allemagne, un Vietnamien, un demandeur d'asile libanais et deux citoyens polonais ont été attaqués et grièvement blessés, tandis qu'un <N1>punk</N1> de 17 ans était victime de violence raciste à Magdebourg.	On 7 and 8 February alone, a Vietnamese, a Lebanese asylum seeker and two Polish citizens were attacked and very seriously injured in Germany, and a 17-year-old punk was a victim of racist violence in Magdeburg.				
TRUE					
					
Par ailleurs, ce dernier n'accorde aucune attention à ce que je nommerai le problème insider, <L1>outsider</L1> .	Furthermore, absolutely no attention is paid to what I will call the insider-outsider problem.				
Par ailleurs, ce dernier n'accorde aucune attention à ce que je nommerai le problème insider, <N1></N1> .	Furthermore, absolutely no attention is paid to what I will call the insider-outsider problem.				
FALSE					
					
Il est clair que dès lors que la recherche est orientée non pas vers le <L1>scoop</L1> journalistique mais vers l'amélioration des conditions des être humains - je pense à toutes les recherches sur les médicaments -, celle-ci ne peut pas être arrêtée.	To the extent that research is directed not to scoops for the newspapers, but to improvements in the human condition - thinking of all the research on medication - it cannot be stopped.				
Il est clair que dès lors que la recherche est orientée non pas vers le <N1>scoop</N1> journalistique mais vers l'amélioration des conditions des être humains - je pense à toutes les recherches sur les médicaments -, celle-ci ne peut pas être arrêtée.	To the extent that research is directed not to scoops for the newspapers, but to improvements in the human condition - thinking of all the research on medication - it cannot be stopped.				
TRUE					
					
Nous avons notamment en tête l'exemple de la ville de Buta qui a été prise avec seulement une <L1>jeep</L1> et trois personnes. L'affaire était dans le sac.	We have seen examples such as the town of Buta, which was taken by one jeep and three soldiers.				
Nous avons notamment en tête l'exemple de la ville de Buta qui a été prise avec seulement une <N1></N1> et trois personnes. L'affaire était dans le sac.	We have seen examples such as the town of Buta, which was taken by one jeep and three soldiers.				
FALSE					
					
Le réseau transeuropéen de télécommunications n'est pas entièrement comparable aux réseaux de l'énergie et des transports. Pour ces deux réseaux, il est essentiellement question de l'infrastructure, de leur amélioration ou de leur construction, en d'autres termes de <L1>hardware</L1> .	Telecom TENs, in my view, can only be compared up to a point with the other TENs in energy and transport, where the main aim is to improve or create network infrastructure, in other words hardware.				
Le réseau transeuropéen de télécommunications n'est pas entièrement comparable aux réseaux de l'énergie et des transports. Pour ces deux réseaux, il est essentiellement question de l'infrastructure, de leur amélioration ou de leur construction, en d'autres termes d' <N1>équipement</N1> .	Telecom TENs, in my view, can only be compared up to a point with the other TENs in energy and transport, where the main aim is to improve or create network infrastructure, in other words hardware.				
TRUE					
					
Ils tiennent la banque, ont bluffé adroitement et Sir Leon Brittan s'est retiré avec un royal <L1>flush</L1> en main.	They hold the bank, they were good at bluffing and Sir Leon Brittan has dropped out of the game with a royal flush in his hand.				
Ils tiennent la banque, ont bluffé adroitement et Sir Leon Brittan s'est retiré avec un royal <N1></N1> en main.	They hold the bank, they were good at bluffing and Sir Leon Brittan has dropped out of the game with a royal flush in his hand.				
FALSE					
					
Elle a invité les autorités belarusses à traduire dans les faits leur engagement d'entamer des consultations avec le treizième <L1>soviet</L1> suprême élu pour parvenir à un juste équilibre entre les pouvoirs.	It invited the Belarus authorities to translate into action their commitment to open consultations with the Thirteenth elected Supreme Soviet in order to achieve a fair equilibrium between the powers in the country.	soviétique soviet			
Elle a invité les autorités belarusses à traduire dans les faits leur engagement d'entamer des consultations avec le treizième <N1></N1> suprême élu pour parvenir à un juste équilibre entre les pouvoirs.	It invited the Belarus authorities to translate into action their commitment to open consultations with the Thirteenth elected Supreme Soviet in order to achieve a fair equilibrium between the powers in the country.				
FALSE					
					
A ceux qui prétendent que la protection de l'environnement et en particulier la préservation du climat vont de pair avec une moindre qualité de vie et de moins bons résultats économiques, je donnerai l'exemple suivant: une de mes connaissances a travaillé un certain temps à New-York, et elle racontait qu'en été il fallait porter un pull-over parce que l'air conditionné vous donnait froid, et qu'en hiver il fallait utiliser un <L1>ventilateur</L1> parce que le chauffage vous donnait trop chaud.	Anyone who says that environmental protection, and climate protection in particular, involve reducing the quality of life and economic success, should consider this example: an acquaintance of mine worked in New York for a while, and he told me that in New York people wear sweaters in summer, because the air conditioning is too cold, and turn the fans on in winter because the heating is too hot.	ventilateur éventail			
A ceux qui prétendent que la protection de l'environnement et en particulier la préservation du climat vont de pair avec une moindre qualité de vie et de moins bons résultats économiques, je donnerai l'exemple suivant: une de mes connaissances a travaillé un certain temps à New-York, et elle racontait qu'en été il fallait porter un pull-over parce que l'air conditionné vous donnait froid, et qu'en hiver il fallait utiliser un <N1></N1> parce que le chauffage vous donnait trop chaud.	Anyone who says that environmental protection, and climate protection in particular, involve reducing the quality of life and economic success, should consider this example: an acquaintance of mine worked in New York for a while, and he told me that in New York people wear sweaters in summer, because the air conditioning is too cold, and turn the fans on in winter because the heating is too hot.				
FALSE					
					
Dans ces conditions, le Conseil estime que toute <L1>exégèse</L1> des textes arrêtés à Amsterdam est actuellement inopportune, d'autant plus que la seule institution habilitée à interpréter les textes des traités est la Cour de justice de l'Union européenne.	Given these conditions, the Council considers that any exegesis of texts fixed in Amsterdam would at the moment be inappropriate, all the more so given that the only institution skilled in interpreting the texts of treaties is the Court of Justice of the European Union.				
Dans ces conditions, le Conseil estime que toute <N1></N1> des textes arrêtés à Amsterdam est actuellement inopportune, d'autant plus que la seule institution habilitée à interpréter les textes des traités est la Cour de justice de l'Union européenne.	Given these conditions, the Council considers that any exegesis of texts fixed in Amsterdam would at the moment be inappropriate, all the more so given that the only institution skilled in interpreting the texts of treaties is the Court of Justice of the European Union.				
FALSE					
					
Les <L1>yakusa</L1> japonais n'agissent pas uniquement à Tokyo, mais également à Düsseldorf et à Toronto.	The Japanese Yakuza are not just active in Tokyo, but also in Düsseldorf and Toronto.				
Les <N1>yakusa</N1> japonais n'agissent pas uniquement à Tokyo, mais également à Düsseldorf et à Toronto.	The Japanese Yakuza are not just active in Tokyo, but also in Düsseldorf and Toronto.				
TRUE					
					
Son titre anglais est The comprehensive social impact assessment of MOX use in Light <L1>water</L1> reactors .	It is called  The comprehensive social impact assessment of MOX use in light water reactors' .				
Son titre anglais est The comprehensive social impact assessment of MOX use in Light <N1></N1> reactors .	It is called  The comprehensive social impact assessment of MOX use in light water reactors' .				
FALSE					
					
Il ne s'agit pas de faire une seule grande entreprise européenne de l'espace - un éléphant n'a jamais couru plus vite qu'un <L1>zèbre</L1> - mais, essentiellement, de regrouper l'ensemble des entreprises qui, aujourd'hui, se livrent à une concurrence dérisoire à l'échelle mondiale, dans des projets fédérateurs: la conquête d'un certain nombre de grands marchés commerciaux, mais aussi la fourniture de grands services.	This does not mean setting up one great big European space business - an elephant will never run as fast as a zebra - but to federate all of the organizations which, today, devote themselves to pathetic competition on a world scale, into integrated projects: the conquest of a number of large commercial markets, and the provision of a good service.				
Il ne s'agit pas de faire une seule grande entreprise européenne de l'espace - un éléphant n'a jamais couru plus vite qu'un <N1></N1> - mais, essentiellement, de regrouper l'ensemble des entreprises qui, aujourd'hui, se livrent à une concurrence dérisoire à l'échelle mondiale, dans des projets fédérateurs: la conquête d'un certain nombre de grands marchés commerciaux, mais aussi la fourniture de grands services.	This does not mean setting up one great big European space business - an elephant will never run as fast as a zebra - but to federate all of the organizations which, today, devote themselves to pathetic competition on a world scale, into integrated projects: the conquest of a number of large commercial markets, and the provision of a good service.				
FALSE					
					
Vous pensez, par exemple, au <L1>derby</L1> .	Think of the Derby for instance.	melon orage tempête chapeau melon derby			
Vous pensez, par exemple, au <N1>derby</N1> .	Think of the Derby for instance.				
TRUE					
					
Le traducteur de cette plaquette est Nasreddin Lebatelier: on pourrait peut-être demander à M. Jean Michot, président de la communauté musulmane de Belgique et professeur à l'Université catholique de Louvain, quel est le véritable <L1>pseudonyme</L1> de M. Nasreddin Lebatelier?	The person who translated this pamphlet is Nasreddin Lebatelier: you could perhaps ask Mr Jean Michot, President of the Belgian Muslim community and lecturer at the Catholic University of Louvain, what Mr Nasreddin Lebatelier's real name is?	prête-nom nom de guerre pseudo pseudonyme			
Le traducteur de cette plaquette est Nasreddin Lebatelier: on pourrait peut-être demander à M. Jean Michot, président de la communauté musulmane de Belgique et professeur à l'Université catholique de Louvain, quel est le véritable <N1></N1> de M. Nasreddin Lebatelier?	The person who translated this pamphlet is Nasreddin Lebatelier: you could perhaps ask Mr Jean Michot, President of the Belgian Muslim community and lecturer at the Catholic University of Louvain, what Mr Nasreddin Lebatelier's real name is?				
FALSE					
					
À partir du moment où c'est <L1>techno</L1> et à partir du moment où c'est bio, les jeunes seraient favorables.	As soon as the words  techno' or  bio' are used, young people are likely to be supportive.				
À partir du moment où c'est <N1></N1> et à partir du moment où c'est bio, les jeunes seraient favorables.	As soon as the words  techno' or  bio' are used, young people are likely to be supportive.				
FALSE					
					
Il a glissé sur un tapis placé sur du carrelage et a traversé la porte vitrée d'un <L1>patio</L1> qui n'était pas faite de verre renforcé.	He slipped on a rug on tiles and crashed through a patio door which did not have strengthened glass.	terrasse patio			
Il a glissé sur un tapis placé sur du carrelage et a traversé la porte vitrée d'un <N1></N1> qui n'était pas faite de verre renforcé.	He slipped on a rug on tiles and crashed through a patio door which did not have strengthened glass.				
FALSE					
					
Voilà des années qu'on nous parle donc d'expériences et que les États attribuent au compte-gouttes quelques aumônes pour <L1>bluffer</L1> l'opinion publique.	For years we have been told of such experiments and the Member States grant a handful of pittances in order to fool public opinion.	bluff			
Voilà des années qu'on nous parle donc d'expériences et que les États attribuent au compte-gouttes quelques aumônes pour <N1>tromper</N1> l'opinion publique.	For years we have been told of such experiments and the Member States grant a handful of pittances in order to fool public opinion.				
TRUE					
					
Même si un veto russe fait blocage au Conseil de sécurité, l'UE et l'OTAN peuvent <L1>masser</L1> des troupes à la frontière du Kosovo.	Even if a Russian veto blocks the Security Council, the EU and NATO can station troops on the borders of Kosovo.	pétrir masser massage malaxer			
Même si un veto russe fait blocage au Conseil de sécurité, l'UE et l'OTAN peuvent <N1></N1> des troupes à la frontière du Kosovo.	Even if a Russian veto blocks the Security Council, the EU and NATO can station troops on the borders of Kosovo.				
FALSE					
					
Nous connaissons à Sellafield une situation que je ne pourrais mieux décrire en disant que nous nous attendons à tout moment à un formidable <L1>orgasme</L1> nucléaire, car nous sommes assis là sur un volcan qui peut exploser n'importe quand.	We have in Sellafield a situation I can only describe by saying that we are expecting a spectacular nuclear orgasm any time now because there is in that place a pit which it is suspected may explode at any time.	jouissance orgasme			
Nous connaissons à Sellafield une situation que je ne pourrais mieux décrire en disant que nous nous attendons à tout moment à un formidable <N1></N1> nucléaire, car nous sommes assis là sur un volcan qui peut exploser n'importe quand.	We have in Sellafield a situation I can only describe by saying that we are expecting a spectacular nuclear orgasm any time now because there is in that place a pit which it is suspected may explode at any time.				
FALSE					
					
De vastes campagnes ont été transformées en plantations de drogue et le trafic de la prostitution et de voitures volées continue, florissant, sous la direction des différents <L1>boss</L1> albanais.	Vast areas of the countryside have been transformed into drug plantations, and prostitution and trafficking in stolen cars flourish under the direction of various Albanian bosses.	Bos bos			
De vastes campagnes ont été transformées en plantations de drogue et le trafic de la prostitution et de voitures volées continue, florissant, sous la direction des différents <N1>chefs</N1> albanais.	Vast areas of the countryside have been transformed into drug plantations, and prostitution and trafficking in stolen cars flourish under the direction of various Albanian bosses.				
TRUE					
					
Leur objectif, leur véritable vocation - nous le savons et nous l'avons toujours expliqué - n'est certainement pas d'être usés mais, simplement, de faire tomber en <L1>syncope</L1> les responsables des budgets des États membres.	Their objective, their real intention - as we know, and as we have always stated - is certainly not to be wasted but simply to give those responsible for the budgets in the Member States heart attacks.	s'évanouir syncope			
Leur objectif, leur véritable vocation - nous le savons et nous l'avons toujours expliqué - n'est certainement pas d'être usés mais, simplement, de faire tomber en <N1></N1> les responsables des budgets des États membres.	Their objective, their real intention - as we know, and as we have always stated - is certainly not to be wasted but simply to give those responsible for the budgets in the Member States heart attacks.				
FALSE					
					
Nous voyons à quel point la langue des signes est vivante lorsque ce qui est dit ou montré dans des émissions de télévision est interprété via un <L1>split screen</L1> ou via une fenêtre insérée.	We can see how alive sign language is when what is being said and done in a television programme is interpreted on a split screen or in a window placed on the screen.				
Nous voyons à quel point la langue des signes est vivante lorsque ce qui est dit ou montré dans des émissions de télévision est interprété via un <N1>écran divisé</N1> ou via une fenêtre insérée.	We can see how alive sign language is when what is being said and done in a television programme is interpreted on a split screen or in a window placed on the screen.				
TRUE					
					
Avant de passer au vote suivant, j'ai le grand plaisir de souhaiter la bienvenue à la délégation officielle de l'Assemblée nationale d'Afrique du Sud, conduite par Mme Frene Ginwala, <L1>speaker</L1> de l'Assemblée nationale et chef de la délégation sud-africaine, qui a pris place dans la tribune officielle. Il s'agit de la quatrième rencontre interparlementaire avec la délégation compétente du Parlement européen.	Before we move on to the next vote, I have great pleasure in welcoming to the official gallery a delegation from the South African National Assembly led by Mrs Frene Ginwala, Speaker of the National Assembly and leader of the South African delegation, who are with us for their fourth interparliamentary meeting with the relevant European Parliament delegation.	ancrer ancre speaker présentateur			
Avant de passer au vote suivant, j'ai le grand plaisir de souhaiter la bienvenue à la délégation officielle de l'Assemblée nationale d'Afrique du Sud, conduite par Mme Frene Ginwala, <N1></N1> de l'Assemblée nationale et chef de la délégation sud-africaine, qui a pris place dans la tribune officielle. Il s'agit de la quatrième rencontre interparlementaire avec la délégation compétente du Parlement européen.	Before we move on to the next vote, I have great pleasure in welcoming to the official gallery a delegation from the South African National Assembly led by Mrs Frene Ginwala, Speaker of the National Assembly and leader of the South African delegation, who are with us for their fourth interparliamentary meeting with the relevant European Parliament delegation.				
FALSE					
					
Les nouveautés du marché s'appellent DOB , golden <L1>eagle</L1> , 4MTA ou flatliners , ce dernier étant 33 fois plus puissant que l'ecstasy .	In the meantime, the market novelties are called DOB, Golden Eagle, 4MTA, and flatliners, which are 33 times stronger than Ecstasy.				
Les nouveautés du marché s'appellent DOB , golden <N1></N1> , 4MTA ou flatliners , ce dernier étant 33 fois plus puissant que l'ecstasy .	In the meantime, the market novelties are called DOB, Golden Eagle, 4MTA, and flatliners, which are 33 times stronger than Ecstasy.				
FALSE					
					
En effet, de nombreux <L1>albatros</L1> perdent chaque année la vie en plongeant devant le navire pour manger les déchets de poissons.	Every year it causes the deaths of many albatrosses which dive in front of the ship to eat the fish waste and perish.	albatros thalassarche			
En effet, de nombreux <N1></N1> perdent chaque année la vie en plongeant devant le navire pour manger les déchets de poissons.	Every year it causes the deaths of many albatrosses which dive in front of the ship to eat the fish waste and perish.				
FALSE					
					
Monsieur le Président, la Commission partage l'avis exprimé dans tous les projets de résolution relatifs à l'importance du <L1>doping</L1> dans le sport.	Mr President, the Commission shares the opinions expressed in all the motions for resolutions on the importance of doping in sport.	poupe doping dopant			
Monsieur le Président, la Commission partage l'avis exprimé dans tous les projets de résolution relatifs à l'importance du <N1>dopage</N1> dans le sport.	Mr President, the Commission shares the opinions expressed in all the motions for resolutions on the importance of doping in sport.				
TRUE					
					
Nous devons à présent prendre le temps pour effectivement obtenir de cette Commission - dans les couloirs, on employait déjà l'expression <L1>dead</L1> man walking pour parler de la Commission - qu'elle fasse au moins le nécessaire pour qu'il soit possible d'atteindre ce que M. Martens a très bien formulé: la fin de la bureaucratie et de la technocratie.	We must take this opportunity to make sure that this Commission - which I have already heard described in the corridors as a 'dead man walking' - now at least does whatever is necessary to achieve what Mr Martens rather pompously promised us here: an end to bureaucracy and technocracy.				
Nous devons à présent prendre le temps pour effectivement obtenir de cette Commission - dans les couloirs, on employait déjà l'expression <N1></N1> man walking pour parler de la Commission - qu'elle fasse au moins le nécessaire pour qu'il soit possible d'atteindre ce que M. Martens a très bien formulé: la fin de la bureaucratie et de la technocratie.	We must take this opportunity to make sure that this Commission - which I have already heard described in the corridors as a 'dead man walking' - now at least does whatever is necessary to achieve what Mr Martens rather pompously promised us here: an end to bureaucracy and technocracy.				
FALSE					
					
Et sans avoir encore évalué les conséquences de la crise qui éclatait en août, il se produit cette semaine un nouvel épisode avec la dévaluation du <L1>réal</L1> brésilien, qui engendrera ou rendra nécessaire des ajustements d'autres monnaies du Mercosur.	And now this week, still without having had an approximate assessment of the impact of the crisis that flared up in August, a new episode in the saga has developed with the devaluation of the Brazilian currency. This may drag down other Mercosur currencies or force them to make adjustments.				
Et sans avoir encore évalué les conséquences de la crise qui éclatait en août, il se produit cette semaine un nouvel épisode avec la dévaluation du <N1></N1> brésilien, qui engendrera ou rendra nécessaire des ajustements d'autres monnaies du Mercosur.	And now this week, still without having had an approximate assessment of the impact of the crisis that flared up in August, a new episode in the saga has developed with the devaluation of the Brazilian currency. This may drag down other Mercosur currencies or force them to make adjustments.				
FALSE					
					
Ce bateau prend feu alors qu'il se trouve dans les eaux internationales, passe dans les eaux territoriales danoise, et finit par arriver en zone allemande. Et nous voilà tous figés dans une sorte de jeu de <L1>mikado</L1> pour hauts fonctionnaires.	Here we have a vessel which bursts into flames in international waters, drifts through Danish territorial waters and ends up on German territory, and there we all are, sitting down together and playing a kind of official 'pick up sticks'.	empereur Japonais mikado			
Ce bateau prend feu alors qu'il se trouve dans les eaux internationales, passe dans les eaux territoriales danoise, et finit par arriver en zone allemande. Et nous voilà tous figés dans une sorte de jeu de <N1>mikado</N1> pour hauts fonctionnaires.	Here we have a vessel which bursts into flames in international waters, drifts through Danish territorial waters and ends up on German territory, and there we all are, sitting down together and playing a kind of official 'pick up sticks'.				
TRUE					
					
Ces femmes ont été déportées vers les lieux de plaisir de la <L1>soldatesque</L1> fellaga en Algérie.	These women were deported to houses of pleasure of the Fellaga army rabble in Algeria.				
Ces femmes ont été déportées vers les lieux de plaisir de la <N1></N1> fellaga en Algérie.	These women were deported to houses of pleasure of the Fellaga army rabble in Algeria.				
FALSE					
					
Cette transition - qui avance en <L1>accordéon</L1> - présente - comme il a été démontré par les orateurs qui m'ont précédé - deux caractéristiques évidentes: une tendance vers un monde unipolaire, sur le plan politique, et une accélération du phénomène de mondialisation d'un point de vue économique, mais aussi politique au sens large.	Previous speakers have pointed out that the transition is characterised by two main features. In political terms it is marked by a tendency towards single polarity, and in socio-economic terms - which are also political in their broadest sense - by the acceleration of globalisation.				
Cette transition - qui avance en <N1></N1> - présente - comme il a été démontré par les orateurs qui m'ont précédé - deux caractéristiques évidentes: une tendance vers un monde unipolaire, sur le plan politique, et une accélération du phénomène de mondialisation d'un point de vue économique, mais aussi politique au sens large.	Previous speakers have pointed out that the transition is characterised by two main features. In political terms it is marked by a tendency towards single polarity, and in socio-economic terms - which are also political in their broadest sense - by the acceleration of globalisation.				
FALSE					
					
Il ne s'agit pas d'une <L1>didascalie</L1> journalistique, d'un récapitulatif, mais de la déclaration qui annonçait l'attribution du prix Nobel, le 11 novembre 1996, à Ximenes Belo et à José Ramos Horta.	This is not a piece of journalism or a summary, but the statement that was made when Ximenes Belo and José Ramos Horta were awarded the Nobel Peace Prize on 11 November 1996.				
Il ne s'agit pas d'une <N1></N1> journalistique, d'un récapitulatif, mais de la déclaration qui annonçait l'attribution du prix Nobel, le 11 novembre 1996, à Ximenes Belo et à José Ramos Horta.	This is not a piece of journalism or a summary, but the statement that was made when Ximenes Belo and José Ramos Horta were awarded the Nobel Peace Prize on 11 November 1996.				
FALSE					
					
Je vous remercie de m'avoir proposé une <L1>aspirine</L1> que j'accepterai volontiers tout à l'heure, en espérant qu'il n'en découlera pas un mal de ventre.	I shall gladly take some aspirin C later, hoping that I do not also get stomach ache.	acide acétylsalicylique aspirine			
Je vous remercie de m'avoir proposé une <N1></N1> que j'accepterai volontiers tout à l'heure, en espérant qu'il n'en découlera pas un mal de ventre.	I shall gladly take some aspirin C later, hoping that I do not also get stomach ache.				
FALSE					
					
Vu la façon dont le monde évolue, on ne peut pas arrêter la mondialisation, à moins bien sûr d'ériger des rideaux de fer ou de <L1>bambou</L1> et encore, ceux-ci seraient soufflés par le vent du changement.	Because of the way the world is changing, globalisation is unstoppable unless, of course, we erect iron curtains or bamboo curtains, and those too would be blown away by the winds of change.	bambou bambuseae			
Vu la façon dont le monde évolue, on ne peut pas arrêter la mondialisation, à moins bien sûr d'ériger des rideaux de fer ou de <N1></N1> et encore, ceux-ci seraient soufflés par le vent du changement.	Because of the way the world is changing, globalisation is unstoppable unless, of course, we erect iron curtains or bamboo curtains, and those too would be blown away by the winds of change.				
FALSE					
					
Parce que, oui, je peux rester assise 736 jours au MoMA, une <L1>performance</L1> extrêmement difficile.	Because, yes, I can sit 736 days in a museum in MoMA, an extremely hard performance.	performance exécution | performance fonctionnement opération			
Parce que, oui, je peux rester assise 736 jours au MoMA, une <N1></N1> extrêmement difficile.	Because, yes, I can sit 736 days in a museum in MoMA, an extremely hard performance.				
FALSE					
					
Quand vous pensez à la présentation, c'est comme le <L1>test</L1> de Rorschach.	When you think about the presentation, it's like a Rorschach test.	essai test expérimentation | test examen épreuve | essai test épreuve | essai test examen procès épreuve | test tester | essai test examen épreuve | test interroger tester quiz | test éprouver tester			
Quand vous pensez à la présentation, c'est comme le <N1></N1> de Rorschach.	When you think about the presentation, it's like a Rorschach test.				
FALSE					
					
Combien d'entre vous ont déjà vu le <L1>film</L1> The Matrix ?	How many of you have ever seen the movie  The Matrix ?	feuil pellicule film | cinéma film			
Combien d'entre vous ont déjà vu le <N1></N1> The Matrix ?	How many of you have ever seen the movie  The Matrix ?				
FALSE					
					
Pas du lait de chien, pas du lait de chimpanzé, pas du lait d'éléphant, pas du lait de rhinocéros, pas du lait <L1>hippopotame</L1> , pas du lait de tigre, pas du lait de lion, pas du lait de girafe, pas du lait d'éléphant, je l'ai déjà dit.	Not dog milk, not chimpanzee milk, not elephant milk, not rhino milk, not hippo milk, not tiger milk, not lion milk, not giraffe milk, not elephant milk, did I say that already,	hippopotame hippopotamus amphibius hippopotamus | hippopotame Hippone			
Pas du lait de chien, pas du lait de chimpanzé, pas du lait d'éléphant, pas du lait de rhinocéros, pas du lait <N1></N1> , pas du lait de tigre, pas du lait de lion, pas du lait de girafe, pas du lait d'éléphant, je l'ai déjà dit.	Not dog milk, not chimpanzee milk, not elephant milk, not rhino milk, not hippo milk, not tiger milk, not lion milk, not giraffe milk, not elephant milk, did I say that already,				
FALSE					
					
Combien d'entre vous ont un chien, ou un <L1>chat</L1> ?	I mean, how many of you have a dog, or a cat, right?	pelle chat bêche | qat khat chat | chat à neuf queues chat | chatte rosse mégère capon cat félin ct-scan chat scanner tomographie axiale calculée par ordinateur tomodensitométrie CT-scan Monts d'Or | chat matou | félin fauve chat | chenille chat | mâle chat Tom | felis chat | mec chat homme			
Combien d'entre vous ont un chien, ou un <N1></N1> ?	I mean, how many of you have a dog, or a cat, right?				
FALSE					
					
Si vous vous baladiez dehors et que vous voyiez quelqu'un agitant une batte de <L1>baseball</L1> vers la tête d'un chien, que feriez-vous ?	If you would walk outside right now and you saw somebody taking a baseball bat to a dog's head, what would you do?	bal baseball balle boule			
Si vous vous baladiez dehors et que vous voyiez quelqu'un agitant une batte de <N1>baseball</N1> vers la tête d'un chien, que feriez-vous ?	If you would walk outside right now and you saw somebody taking a baseball bat to a dog's head, what would you do?				
TRUE					
					
Au minimum vous appelleriez la police, <L1>car</L1> vous reconnaissez cela comme une violation du droit de cet animal de ne pas subir de tort.	At the very least you'd call the police, because you recognize it as a violation of this animal's right to be free from harm.	bus autobus car | quand car lorsque puisque aussi comme également que tant pendant que même | car autobus entraîneur répétiteur | gestionnaire administrateur patron car directeur cadre directrice gérant dirigeant entraîneur | car AS arsenic			
Au minimum vous appelleriez la police, <N1></N1> vous reconnaissez cela comme une violation du droit de cet animal de ne pas subir de tort.	At the very least you'd call the police, because you recognize it as a violation of this animal's right to be free from harm.				
FALSE					
					
Donc je vais vous montrer une <L1>vidéo</L1> de 3 minutes encore une fois des mêmes personnes qui ont réalisé la première vidéo, Farm Sanctuary .	So I'm going to show you, a 3-minute video again by the same people that put on the first video,  Farm Sanctuary .	vidéo téléviseur télévision télé | vidéo image			
Donc je vais vous montrer une <N1></N1> de 3 minutes encore une fois des mêmes personnes qui ont réalisé la première vidéo, Farm Sanctuary .	So I'm going to show you, a 3-minute video again by the same people that put on the first video,  Farm Sanctuary .				
FALSE					
					
Et le <L1>business</L1> n'est pas une question de bien-être des animaux, c'est une question de profit.	And the business is not in the welfare of the animals, it's on producing a profit.	patronage commerce business activité commercial clientèle			
Et l' <N1>affaire</N1> n'est pas une question de bien-être des animaux, c'est une question de profit.	And the business is not in the welfare of the animals, it's on producing a profit.				
TRUE					
					
Je ne sais pas où je suis censé <L1>pointer</L1> ça... c'est comme une baguette magique.	I don't know where I am supposed to be pointing this... It's like a magical wand.				
Je ne sais pas où je suis censé <N1></N1> ça... c'est comme une baguette magique.	I don't know where I am supposed to be pointing this... It's like a magical wand.				
FALSE					
					
Toutes les 40 secondes, quelqu'un meurt d'une crise <L1>cardiaque</L1> aux Etats-Unis.	Every 40 seconds somebody suffers a stroke in the U.S.	cordial cardiaque cardial			
Toutes les 40 secondes, quelqu'un meurt d'une crise <N1></N1> aux Etats-Unis.	Every 40 seconds somebody suffers a stroke in the U.S.				
FALSE					
					
Il <L1>court</L1> à du 110 kms/h	Goes 70 miles per hour.	petit court | brusque court abrupt | léger lumière insuffisant court | arrêt-court court brève résumé | petit court succinct bref | court-circuit court court-circuiter | abruptement court | court irascible | Margaret Smith Court court de cour court | manquer résumer court | deçà court | pauvre insuffisant court inadéquat | court myope			
Il <N1></N1> à du 110 kms/h	Goes 70 miles per hour.				
FALSE					
					
En réalité, si nous étions fait pour être au <L1>top</L1> de la chaine alimentaire, ne pensez-vous pas que nous aurions quelques griffes pour déchirer la chair ?	In fact, if we were meant to be on the top of the food chain, don't you think we would have some claws to rip through flesh?				
En réalité, si nous étions fait pour être au <N1>sommet</N1> de la chaine alimentaire, ne pensez-vous pas que nous aurions quelques griffes pour déchirer la chair ?	In fact, if we were meant to be on the top of the food chain, don't you think we would have some claws to rip through flesh?				
TRUE					
					
A vrai dire, il y a un <L1>label</L1> d'avertissement sur le poisson.	In fact, there is a warning label on fish.	étiquette label | étiquetage point coup de circuit circuit label			
A vrai dire, il y a une <N1>étiquette</N1> d'avertissement sur le poisson.	In fact, there is a warning label on fish.				
TRUE					
					
Combien de tranches de <L1>bacon</L1> voudriez-vous ?	How many slices of bacon would you want?				
Combien de tranches de <N1>lard</N1> voudriez-vous ?	How many slices of bacon would you want?				
TRUE					
					
On n'a même pas fini avec le déjeuner, ça ne comprend pas le <L1>toast</L1> avec le beurre de vache que vous pourriez mettre dessus.	We are not even done with breakfast, this is not including the toast with cow's butter you might put on it.	boisson toast boire | toast cadavre | tartine toast			
On n'a même pas fini avec le déjeuner, ça ne comprend pas la <N1>tranche de pain</N1> avec le beurre de vache que vous pourriez mettre dessus.	We are not even done with breakfast, this is not including the toast with cow's butter you might put on it.				
TRUE					
					
Son régime se compose de racines, de pousses, de <L1>bambou</L1> et de bananes.	His diet consists of roots, shoots, bamboo and banana.	bambou bambuseae			
Son régime se compose de racines, de pousses, de <N1></N1> et de bananes.	His diet consists of roots, shoots, bamboo and banana.				
FALSE					
					
Si vous voulez plus d'informations, vous pouvez toujours m'envoyer un <L1>mail</L1> à james@arff.org	If you guys want more information, you can always email me at james@arff.org				
Si vous voulez plus d'informations, vous pouvez toujours m'envoyer un <N1>courriel</N1> à james@arff.org	If you guys want more information, you can always email me at james@arff.org				
TRUE					
					
Voilà comment vous devriez vous pouvez <L1>visualiser</L1> cela.	That's how you should you can view this.	voir imaginer visualiser prévoir comprendre			
Voilà comment vous devriez vous pouvez <N1></N1> cela.	That's how you should you can view this.				
FALSE					
					
Espagne, et d'autres pays européens aujourd'hui face à une catastrophe économique. Parce que le monde utilise notre <L1>dollar</L1> pour le commerce, nous avons une courte période de grâce pour faire face avec nos dangers.	In our economic stagnation and indebtedness, we are only a short distance behind Greece, Spain, and other European countries now facing economic catastrophe.	palourde dollar			
Espagne, et d'autres pays européens aujourd'hui face à une catastrophe économique. Parce que le monde utilise notre <N1></N1> pour le commerce, nous avons une courte période de grâce pour faire face avec nos dangers.	In our economic stagnation and indebtedness, we are only a short distance behind Greece, Spain, and other European countries now facing economic catastrophe.				
FALSE					
					
Mais le temps est compté, si l'on veut éviter le destin de l'Europe, et ces nations autrefois grande de l'histoire qui est passée de la position de <L1>leadership</L1> mondial.	Because the world uses our dollar for trade, we have a short grace period to deal with our dangers. But time is running out, if we are to avoid the fate of				
Mais le temps est compté, si l'on veut éviter le destin de l'Europe, et ces nations autrefois grande de l'histoire qui est passée de la position de <N1></N1> mondial.	Because the world uses our dollar for trade, we have a short grace period to deal with our dangers. But time is running out, if we are to avoid the fate of				
FALSE					
					
L'extrémisme qui étouffe le développement de l'énergie d'ici, ou annule un <L1>pipeline</L1> parfaitement sûr que le serait emploient des dizaines de milliers, ou des vérins jusqu'à factures de consommation d'aucune amélioration soit dans la santé humaine ou la température du monde, est une politique pro-pauvreté.	The extremism that stifles the development of homegrown energy, or cancels a perfectly safe pipeline that would employ tens of thousands, or jacks up consumer utility bills for no improvement in either human health or world temperature, is a pro-poverty policy.	gazoduc pipeline tuyau oléoduc canalisation conduite			
L'extrémisme qui étouffe le développement de l'énergie d'ici, ou annule un <N1></N1> parfaitement sûr que le serait emploient des dizaines de milliers, ou des vérins jusqu'à factures de consommation d'aucune amélioration soit dans la santé humaine ou la température du monde, est une politique pro-pauvreté.	The extremism that stifles the development of homegrown energy, or cancels a perfectly safe pipeline that would employ tens of thousands, or jacks up consumer utility bills for no improvement in either human health or world temperature, is a pro-poverty policy.				
FALSE					
					
Les équipes de <L1>management</L1> sont de plus en plus déconnectées des employés.	Management teams seem increasingly disconnected from their staff.	direction management administration gestion			
Les équipes de <N1>gestion</N1> sont de plus en plus déconnectées des employés.	Management teams seem increasingly disconnected from their staff.				
TRUE					
					
Elles peuvent leur donner plus de contrôle sur leurs prix, c'est ce qu'a fait le groupe Radiohead avec son album In Rainbows , sorti sur <L1>internet</L1> avec le concept de prix libre .	They can give them more control over pricing, which is what the band Radiohead did with its pay-as-you-like online release of its album	filet Internet réseau cyberespace internet net netto NET			
Elles peuvent leur donner plus de contrôle sur leurs prix, c'est ce qu'a fait le groupe Radiohead avec son album In Rainbows , sorti sur <N1>internet</N1> avec le concept de prix libre .	They can give them more control over pricing, which is what the band Radiohead did with its pay-as-you-like online release of its album				
TRUE					
					
La compagnie de <L1>chocolat</L1> danoise Anthon Berg a ouvert ce qu'elle appelle un magasin généreux à Copenhague.	The Danish chocolate company Anthon Berg opened a so-called  generous store  in Copenhagen.	chocolatier chocolat café | chocolat cacao chocolat chaud | chocolat cacao Fève de cacao			
La compagnie de <N1></N1> danoise Anthon Berg a ouvert ce qu'elle appelle un magasin généreux à Copenhague.	The Danish chocolate company Anthon Berg opened a so-called  generous store  in Copenhagen.				
FALSE					
					
Microsoft s'est tout d'abord battu contre ces attaques, mais a changé de <L1>technique</L1> quand il s'est rendu compte qu'encourager cette communauté de manière active pouvait être bénéfique.	Microsoft first fought off the hacks, but then shifted course when it realized that actively supporting the community came with benefits.	compétence technique | technique ingénierie technologie | technique procédé mode méthode | technique technologique | technique méthode | recherche appliquée technique ingénierie technologie			
Microsoft s'est tout d'abord battu contre ces attaques, mais a changé de <N1></N1> quand il s'est rendu compte qu'encourager cette communauté de manière active pouvait être bénéfique.	Microsoft first fought off the hacks, but then shifted course when it realized that actively supporting the community came with benefits.				
FALSE					
					
Prenant position bien plus radicalement contre le <L1>consumérisme</L1> la compagnie a divulgué une publicité clamant N'Achetez Pas Cette Veste au plus fort de la saison de <L2>shopping</L2>.	In an even more radical stance against consumerism, the company placed a  Don't Buy This Jacket  advertisement during the peak of shopping season.				
Prenant position bien plus radicalement contre la <N1>surconsommation</N1> la compagnie a divulgué une publicité clamant N'Achetez Pas Cette Veste au plus fort de la saison de <N2>shopping</N2>.	In an even more radical stance against consumerism, the company placed a  Don't Buy This Jacket  advertisement during the peak of shopping season.				
TRUE					
					
Totalement chamboulée Des nanas qui sont époustouflantes, ding c'est le second <L1>round</L1> Un morceau original et ting mmmmmh	Turned upside down chicks that blew your mind DlNG it's the second round original track and ting you know you cant buy these things!				
Totalement chamboulée Des nanas qui sont époustouflantes, ding c'est le second <N1></N1> Un morceau original et ting mmmmmh	Turned upside down chicks that blew your mind DlNG it's the second round original track and ting you know you cant buy these things!				
FALSE					
					
Il est préférable d'assigner à un petit groupe qualifié la <L1>responsabilité</L1> de l'approbation des messages, pour s'assurer que tous les messages publiés correspondent à votre politique.	A best practice is to have a small qualified group responsible for the approval of messages, to make sure that all published messages are in line with your policy.	faute responsabilité rap | obligation responsabilité devoir | responsabilisation engagement responsable correspondance responsabilité | passif responsabilité | endettement responsabilité | province état responsabilité devoir | responsabilité devoir			
Il est préférable d'assigner à un petit groupe qualifié la <N1></N1> de l'approbation des messages, pour s'assurer que tous les messages publiés correspondent à votre politique.	A best practice is to have a small qualified group responsible for the approval of messages, to make sure that all published messages are in line with your policy.				
FALSE					
					
Et je n'ai rien prévu du <L1>weekend</L1> Donc on devrait se parler ou pas? Rester bons amis?	There may be other people like us Who see the flicker of the clipper when they light up Flames just create us, burns don't heal like before You don't hold me anymore [Pre-chorus]				
Et je n'ai rien prévu du <N1></N1> Donc on devrait se parler ou pas? Rester bons amis?	There may be other people like us Who see the flicker of the clipper when they light up Flames just create us, burns don't heal like before You don't hold me anymore [Pre-chorus]				
FALSE					
					
Cependant, dans les 10 ans, avec les hypothèses des 10 ans passés, nous verrons une augmentation du <L1>trafic</L1> de 30%.	However, the next 10 years, if like the last 10 years, we're going to see 30 percent more traffic.	routier route traite trafic | commerce échange trafic			
Cependant, dans les 10 ans, avec les hypothèses des 10 ans passés, nous verrons une augmentation du <N1>trafic</N1> de 30%.	However, the next 10 years, if like the last 10 years, we're going to see 30 percent more traffic.				
TRUE					
					
Je préfère citer quelqu'un d'autre, qui a témoigné avec moi devant le Congrès, sa position de directeur de la <L1>NASA</L1> promeut cette vision particulière de l'avenir de ce type d'aéronef.	I'd prefer to quote someone else, who testified with me before Congress, and in his position as head of NASA put forward this particular vision of the future of this type of aircraft.	National Aeronautics and Space Administration NASA			
Je préfère citer quelqu'un d'autre, qui a témoigné avec moi devant le Congrès, sa position de directeur de la <N1></N1> promeut cette vision particulière de l'avenir de ce type d'aéronef.	I'd prefer to quote someone else, who testified with me before Congress, and in his position as head of NASA put forward this particular vision of the future of this type of aircraft.				
FALSE					
					
Il y a un système de <L1>vote</L1> -- si un ordinateur n'est pas d'accord avec les 3 autres, il est sorti du système.	There's a voting system -- if one computer is not agreeing with the other three, it's kicked out of the system.	élire voter scrutin votation voix vote | vote voter voix | vote voix			
Il y a un système de <N1></N1> -- si un ordinateur n'est pas d'accord avec les 3 autres, il est sorti du système.	There's a voting system -- if one computer is not agreeing with the other three, it's kicked out of the system.				
FALSE					
					
J'ai caractérisé cette <L1>technologie</L1> émergente dans un aphorisme, qui la décrit, qui parle vraiment de ce que j'ai vécu, et que, j'en suis sûr, d'autres ont vécu aussi dans des technologies émergentes.	I characterized this emerging technology in an aphorism, as it's described, which really talks about what I've experienced, and I'm sure what other people may have experienced in emerging technologies.	technique ingénierie technologie | recherche appliquée technique ingénierie technologie			
J'ai caractérisé cette <N1></N1> émergente dans un aphorisme, qui la décrit, qui parle vraiment de ce que j'ai vécu, et que, j'en suis sûr, d'autres ont vécu aussi dans des technologies émergentes.	I characterized this emerging technology in an aphorism, as it's described, which really talks about what I've experienced, and I'm sure what other people may have experienced in emerging technologies.				
FALSE					
					
Moi, par défaut, j'étais dans le <L1>clan</L1> gay. Parce que je n'étais certainement pas 100% hétéro.	I, by default, fell on team gay, because I certainly wasn't 100 percent straight.	clan tribu			
Moi, par défaut, j'étais dans le <N1></N1> gay. Parce que je n'étais certainement pas 100% hétéro.	I, by default, fell on team gay, because I certainly wasn't 100 percent straight.				
FALSE					
					
Comment pouvait-on <L1>voter</L1> pour dépouiller de ses droits cette vaste variété de gens que je connaissais en se basant sur un seul élément de leur personnalité ?	How could anyone vote to strip the rights of the vast variety of people that I knew based on one element of their character?	voter suffrage droit de vote voix | voter voix | élire voter voix | élire voter scrutin votation voix vote | abstenir voter voix | vote voter voix			
Comment pouvait-on <N1></N1> pour dépouiller de ses droits cette vaste variété de gens que je connaissais en se basant sur un seul élément de leur personnalité ?	How could anyone vote to strip the rights of the vast variety of people that I knew based on one element of their character?				
FALSE					
					
Le <L1>magazine</L1> Life a présenté des générations de gens trop distants, des cultures lointaines qui n'ont jamais su qu'elles existaient à travers des photos.	Life magazine introduced generations of people to distant, far-off cultures they never knew existed through pictures.	revue magazine cartouche | revue magazine			
Le <N1></N1> Life a présenté des générations de gens trop distants, des cultures lointaines qui n'ont jamais su qu'elles existaient à travers des photos.	Life magazine introduced generations of people to distant, far-off cultures they never knew existed through pictures.				
FALSE					
					
(Bruits de tirs) Le but du jeu est d'attraper vos ennemis zombies méchants avant qu'ils ne vous attrapent, <L1>OK</L1> ?	(Shooting noises) The name of the game is to get after your enemy zombie bad guys before they get to you, right?	bien OK bon | okey OK Ernst August Friedrich Ruska			
(Bruits de tirs) Le but du jeu est d'attraper vos ennemis zombies méchants avant qu'ils ne vous attrapent, <N1></N1> ?	(Shooting noises) The name of the game is to get after your enemy zombie bad guys before they get to you, right?				
FALSE					
					
J'aimerais mettre de côté ce genre de discussion de <L1>bar</L1> du vendredi soir et vous amener réellement au laboratoire.	I'd like to put this kind of Friday night bar discussion aside and get you to actually step into the lab.	cabaret bar estaminet pub | bar comptoire | comptoir bar | barreau gâteau beurre bar			
J'aimerais mettre de côté ce genre de discussion de <N1>comptoir</N1> du vendredi soir et vous amener réellement au laboratoire.	I'd like to put this kind of Friday night bar discussion aside and get you to actually step into the lab.				
TRUE					
					
Et à ce moment là, quand j'ai entendu ça, j'ai été catapulté hors du métro, pour me retrouver une nuit où j'ai été transporté en ambulance du trottoir où j'avais été poignardé, à la salle de traumatologie de l'hôpital de Saint Vincent de Manhattan, et voici ce qui c'était passé : un <L1>gang</L1> était venu de Brooklyn.	And at that moment, when I heard that, I just got catapulted out of the subway car into a night when I had been getting a ride in an ambulance from the sidewalk where I had been stabbed to the trauma room of St. Vincent's Hospital in Manhattan, and what had happened was a gang had come in from Brooklyn.	anneau meute bague cercle gang bande | groupe gang bande | équipage gang			
Et à ce moment là, quand j'ai entendu ça, j'ai été catapulté hors du métro, pour me retrouver une nuit où j'ai été transporté en ambulance du trottoir où j'avais été poignardé, à la salle de traumatologie de l'hôpital de Saint Vincent de Manhattan, et voici ce qui c'était passé : une <N1>bande</N1> était venue de Brooklyn.	And at that moment, when I heard that, I just got catapulted out of the subway car into a night when I had been getting a ride in an ambulance from the sidewalk where I had been stabbed to the trauma room of St. Vincent's Hospital in Manhattan, and what had happened was a gang had come in from Brooklyn.				
TRUE					
					
Les mollets étaient de gros blocs de <L1>métal</L1> avec des tuyaux fixés au niveau des chevilles et un pied en <L2>caoutchouc</L2> jaune avec comme une ligne surélevée entre le pouce et la cheville pour ressembler à une veine.	The calves were bulky blocks of metal with pipes bolted together for the ankles and a yellow rubber foot with the raised rubber line from the toe to the ankle to look like a vein.	arctique galoche caoutchouc claque | caoutchouter gomme caoutchouc | latex caoutchouc | gomme caoutchouc			
Les mollets étaient de gros blocs de <N1></N1> avec des tuyaux fixés au niveau des chevilles et un pied en <N2></N2> jaune avec comme une ligne surélevée entre le pouce et la cheville pour ressembler à une veine.	The calves were bulky blocks of metal with pipes bolted together for the ankles and a yellow rubber foot with the raised rubber line from the toe to the ankle to look like a vein.				
FALSE					
					
la vie pleine d'aventures et d'histoires que j'avais toujours voulue ? Et comment allais-je faire du <L1>snowboard</L1> à nouveau ?	How was I ever going to live the life full of adventures and stories as I always wanted?				
la vie pleine d'aventures et d'histoires que j'avais toujours voulue ? Et comment allais-je faire du <N1></N1> à nouveau ?	How was I ever going to live the life full of adventures and stories as I always wanted?				
FALSE					
					
Puis, en 2005, j'ai co-fondé une organisation à but non-lucratif pour les jeunes et les jeunes adultes avec un <L1>handicap</L1> physique afin de leur permettre de faire des sports extrêmes.	Then in 2005 I co-founded a non-profit organization for youth and young adults with physical disabilities so they could get involved with action sports.	handicap invalidité infirmité			
Puis, en 2005, j'ai co-fondé une organisation à but non-lucratif pour les jeunes et les jeunes adultes avec un <N1>handicap</N1> physique afin de leur permettre de faire des sports extrêmes.	Then in 2005 I co-founded a non-profit organization for youth and young adults with physical disabilities so they could get involved with action sports.				
TRUE					
					
Et en février dernier, j'ai gagné deux médailles d'or en Coupe du Monde de <L1>back</L1> to back, (Applaudissements)	And just this past February, I won two back to back World Cup gold medals - (Applause)				
Et en février dernier, j'ai gagné deux médailles d'or en Coupe du Monde de <N1></N1> to back, (Applaudissements)	And just this past February, I won two back to back World Cup gold medals - (Applause)				
FALSE					
					
Est-ce que jamais vous irait ? , vous avez la <L1>syntaxe</L1> de la politesse et un message impoli.	How about never — is never good for you?  what you have is the syntax of politeness and the message of being rude.				
Est-ce que jamais vous irait ? , vous avez la <N1></N1> de la politesse et un message impoli.	How about never — is never good for you?  what you have is the syntax of politeness and the message of being rude.				
FALSE					
					
Employé : Bacon, salade et <L1>tomate</L1> ?	Office worker:	lycopersicon esculentum tomate			
Employé : Bacon, salade et <N1></N1> ?	Office worker:				
FALSE					
					
En fait, dans le contexte de ce livre, qui dit : Dessins que vous n'avez jamais vus et que vous ne verrez jamais dans le New Yorker cet <L1>humour</L1> est parfait.	Now, in fact, within a context of this book, which says,  Cartoons you never saw and never will see in The New Yorker,  this humor is perfect.	humour bon intérêt			
En fait, dans le contexte de ce livre, qui dit : Dessins que vous n'avez jamais vus et que vous ne verrez jamais dans le New Yorker cet <N1></N1> est parfait.	Now, in fact, within a context of this book, which says,  Cartoons you never saw and never will see in The New Yorker,  this humor is perfect.				
FALSE					
					
Le dessin du grand Sam Gross, il l'a fait après la controverse sur Mahomet, on y voit Mahomet au Paradis, le terroriste <L1>kamikaze</L1> est en petits morceaux, et il dit au <L2>kamikaze</L2> :	The great Sam Gross cartoon, this happened after the Muhammad controversy where it's Muhammad in heaven, the suicide bomber is all in little pieces, and he's saying to the suicide bomber,				
Le dessin du grand Sam Gross, il l'a fait après la controverse sur Mahomet, on y voit Mahomet au Paradis, le terroriste <N1>kamikaze</N1> est en petits morceaux, et il dit au <N2>kamikaze</N2> :	The great Sam Gross cartoon, this happened after the Muhammad controversy where it's Muhammad in heaven, the suicide bomber is all in little pieces, and he's saying to the suicide bomber,				
TRUE					
					
C'est 95 pour <L1>cent</L1> de l'humour.	It's 95 percent of the humor.	centime cent | pourcentage pour cent pct commission pourcent cent | 100 siècle cent | centime penny pièce cent | 100 cent			
C'est 95 pour <N1></N1> de l'humour.	It's 95 percent of the humor.				
FALSE					
					
La balle est dans ton <L1>camp</L1> maintenant	The battle's in your hands now	colonie de vacances camp camper | camp camper | côté partie côte camp aspect flanc page | camp de réfugiés camper camp Camp de réfugiés			
La balle est dans ton <N1></N1> maintenant	The battle's in your hands now				
FALSE					
					
Je suis un <L1>manager</L1> et un producteur, on comprend le futur	I see the strings that control the system.				
Je suis un <N1></N1> et un producteur, on comprend le futur	I see the strings that control the system.				
FALSE					
					
Voici mon exemple, quelqu'un pourrait se demander pourquoi l'équipe de <L1>basket-ball</L1> de Duke gagna le national Championnat en 2010 ?	My example, somebody might ask, why did the Duke basketball team win the national championship in 2010?	basket basketball basket-ball			
Voici mon exemple, quelqu'un pourrait se demander pourquoi l'équipe de <N1>basket-ball</N1> de Duke gagna le national Championnat en 2010 ?	My example, somebody might ask, why did the Duke basketball team win the national championship in 2010?				
TRUE					
					
Pourquoi est-ce si léger, un <L1>club</L1> de golf ?	Why is this golf club so light?	club crosse | boîte discothèque club boîte de nuit disco cabaret boite de nuit | club neuf | club corporation ordre société guilde | club gland			
Pourquoi est-ce si léger, une <N1>canne</N1> de golf ?	Why is this golf club so light?				
TRUE					
					
Cette loi a effectivement servie à prévoir le deux plus gros <L1>astéroïde</L1> de la ceinture d'astéroïdes,	This law was actually used to predict both the largest asteroid in the asteroid belt,	planétoïde astéroïde			
Cette loi a effectivement servie à prévoir le deux plus gros <N1></N1> de la ceinture d'astéroïdes,	This law was actually used to predict both the largest asteroid in the asteroid belt,				
FALSE					
					
Eh bien, l'explication vise pour s'adapter à ce <L1>phénomène</L1> particulier en général modèle.	Well, the goal of explanation is to fit this particular phenomenon into a general pattern.	prodige phénomène			
Eh bien, l'explication vise pour s'adapter à ce <N1></N1> particulier en général modèle.	Well, the goal of explanation is to fit this particular phenomenon into a general pattern.				
FALSE					
					
J'étais donc parti m'acheter un <L1>short</L1> <L2>kaki</L2> ou je ne sais quoi, et je tombe sur leur <L3>slogan</L3>, Faites simple .	So I went and bought khaki shorts or whatever, and unfortunately, their branding was all about  Keep It Simple.	plaqueminier kaki			
J'étais donc parti m'acheter un <N1>short</N1> <N2>kaki</N2> ou je ne sais quoi, et je tombe sur leur <N3>slogan</N3>, Faites simple .	So I went and bought khaki shorts or whatever, and unfortunately, their branding was all about  Keep It Simple.				
TRUE					
					
J'ai ouvert un magazine, et le <L1>slogan</L1> de Visa était :	I opened up a magazine, and Visa's branding was,	mantra slogan | devise mot de passe slogan épigraphe			
J'ai ouvert un magazine, et le <N1>slogan</N1> de Visa était :	I opened up a magazine, and Visa's branding was,				
TRUE					
					
Alors j'ai ouvert cette sorte de guide pour télé. Et j'ai vu que sur la chaîne E!, l'émission Simple <L1>life</L1> est très populaire.	So, I opened up this TV Guide thing, and on the E! channel, this  Simple Life  show is very popular.				
Alors j'ai ouvert cette sorte de guide pour télé. Et j'ai vu que sur la chaîne E!, l'émission Simple <N1></N1> est très populaire.	So, I opened up this TV Guide thing, and on the E! channel, this  Simple Life  show is very popular.				
FALSE					
					
Si vous voulez vous pouvez avoir des sortes de <L1>stock</L1> options là-bas, dans la Silicon Valley.	You guys have things here in Silicon Valley like stock options.	réserve porter stock | réserve stock | inventaire réserve stock			
Si vous voulez vous pouvez avoir des sortes de <N1></N1> options là-bas, dans la Silicon Valley.	You guys have things here in Silicon Valley like stock options.				
FALSE					
					
Le Media Lab est un endroit intéressant, et important pour moi. J'étais étudiant en informatique, au départ, et j'ai découvert le <L1>design</L1> plus tard dans ma vie.	But the Media Lab is an interesting place, and it's important to me because as a student, I was a computer science undergrad, and I discovered design later on in my life.				
Le Media Lab est un endroit intéressant, et important pour moi. J'étais étudiant en informatique, au départ, et j'ai découvert le <N1>design</N1> plus tard dans ma vie.	But the Media Lab is an interesting place, and it's important to me because as a student, I was a computer science undergrad, and I discovered design later on in my life.				
TRUE					
					
Certains d'entre vous connaissent Paul Raul, le plus grand <L1>designer</L1> graphique sur Terre -- pas moins.	Some of you guys know Paul Rand, the greatest graphic designer -- I'm sorry -- out there.	appeler nom préciser s'identifier à baptiser désigner dénommer identifier situer | modéliste designer | montrer indiquer désigner | identifier désigner | assigner désigner attribuer déléguer charger nommer | appeler nom succéder désigner attribuer choisir fixer constituer déléguer charger nommer attacher préciser présenter | nommer nominer désigner | impliquer connoter indiquer prédicat désigner | concepteur designer intrigant | nommer désigner | indiquer désigner sous-entendre impliquer connoter signifier | croire désigner percevoir choisir distinguer adopter identifier discerner saisir | nom succéder faire désigner rendre nominer nommer mettre | décider choisir opter préférer désigner | marquer signifier vouloir dire indiquer désigner			
Certains d'entre vous connaissent Paul Raul, le plus grand <N1></N1> graphique sur Terre -- pas moins.	Some of you guys know Paul Rand, the greatest graphic designer -- I'm sorry -- out there.				
FALSE					
					
Le grand designer graphique Paul Rand a conçu le <L1>logo</L1> d'IBM, celui de Westinghouse -- il disait tout simplement j'ai tout conçu .	The great graphic designer Paul Rand designed the IBM logo, the Westinghouse logo. He basically said,  I've designed everything.	logo ligature logotype			
Le grand designer graphique Paul Rand a conçu le <N1>logo</N1> d'IBM, celui de Westinghouse -- il disait tout simplement j'ai tout conçu .	The great graphic designer Paul Rand designed the IBM logo, the Westinghouse logo. He basically said,  I've designed everything.				
TRUE					
					
Ikko Tanaka a aussi été un <L1>mentor</L1> très important dans ma vie -- le Paul Rand japonais.	And also Ikko Tanaka was a very important mentor in my life -- the Paul Rand of Japan.	conseiller mentor magicien			
Ikko Tanaka a aussi été un <N1></N1> très important dans ma vie -- le Paul Rand japonais.	And also Ikko Tanaka was a very important mentor in my life -- the Paul Rand of Japan.				
FALSE					
					
J'ai commencé à gondoler des morceaux de <L1>chips</L1> et des bretzels.	And so, I began to crinkle up potato chip flecks, and also pretzels.	chips Chips			
J'ai commencé à gondoler des morceaux de <N1></N1> et des bretzels.	And so, I began to crinkle up potato chip flecks, and also pretzels.				
FALSE					
					
J'ai un truc qui s'appelle <L1>cookie</L1> versus linge .	I have what's called the cookie versus laundry thing.				
J'ai un truc qui s'appelle <N1></N1> versus linge .	I have what's called the cookie versus laundry thing.				
FALSE					
					
Tout, d'un <L1>hall</L1> d'hôtel bizarre, au cellophane qui remplace votre fenêtre, en passant par ce moment où sur la route pavée de noir, devant chez moi, se trouvait ce papillon blanc, en train de mourir au soleil.	From everything from a weird hotel lobby, to Saran wrap placed over your window, to this moment where I had my road in front of my house paved dark black, and this white moth was sitting there dying in the sun.	vestibule hall antichambre			
Tout, d'un <N1>hall</N1> d'hôtel bizarre, au cellophane qui remplace votre fenêtre, en passant par ce moment où sur la route pavée de noir, devant chez moi, se trouvait ce papillon blanc, en train de mourir au soleil.	From everything from a weird hotel lobby, to Saran wrap placed over your window, to this moment where I had my road in front of my house paved dark black, and this white moth was sitting there dying in the sun.				
TRUE					
					
Et le <L1>scanner</L1> n'a révélé aucun caillot sanguin dans les poumons, mais il a montré des masses dans les seins, des deux côtés, visibles, palpables, des tumeurs du sein, qui avaient métastasé largement dans tout le corps.	And the CAT scan revealed no blood clots in the lung, but it showed bilateral, visible, palpable breast masses, breast tumors, that had metastasized widely all over the body.	scanner scanneur balayeur numériseur de document | chatte rosse mégère capon cat félin ct-scan chat scanner tomographie axiale calculée par ordinateur tomodensitométrie CT-scan Monts d'Or | scanning scanner			
Et le <N1>scanner</N1> n'a révélé aucun caillot sanguin dans les poumons, mais il a montré des masses dans les seins, des deux côtés, visibles, palpables, des tumeurs du sein, qui avaient métastasé largement dans tout le corps.	And the CAT scan revealed no blood clots in the lung, but it showed bilateral, visible, palpable breast masses, breast tumors, that had metastasized widely all over the body.				
TRUE					
					
Comme nous sommes à Édimbourg, je suis un grand <L1>fan</L1> de Conan Doyle.	Since we're in Edinburgh, I'm a big fan of Conan Doyle.	fan supporter éventail			
Comme nous sommes à Édimbourg, je suis un grand <N1>admirateur</N1> de Conan Doyle.	Since we're in Edinburgh, I'm a big fan of Conan Doyle.				
TRUE					
					
Comment était votre traversée sur le <L1>ferry</L1> de Burntisland ?	Bell says,  What sort of crossing did you have on the ferry from Burntisland?	ferry transbordeur bac | ferry bac | ferry bac ferry-boat			
Comment était votre traversée sur le <N1>bac</N1> de Burntisland ?	Bell says,  What sort of crossing did you have on the ferry from Burntisland?				
TRUE					
					
J'ai eu quelques ennuis dans la Silicon Valley pour avoir dit que le patient dans le lit est presque devenu une <L1>icône</L1> qui représente le vrai patient qui est dans l'ordinateur.	I've gotten into some trouble in Silicon Valley for saying that the patient in the bed has almost become an icon for the real patient who's in the computer.	image icône			
J'ai eu quelques ennuis dans la Silicon Valley pour avoir dit que le patient dans le lit est presque devenu une <N1></N1> qui représente le vrai patient qui est dans l'ordinateur.	I've gotten into some trouble in Silicon Valley for saying that the patient in the bed has almost become an icon for the real patient who's in the computer.				
FALSE					
					
Nous avons écouté des exposés extraordinaires, une <L1>pléthore</L1> d'idées magiques, que moi...	We have had extraordinary talks, a brainstorming of magical ideas that I...	superflu pléthore			
Nous avons écouté des exposés extraordinaires, une <N1></N1> d'idées magiques, que moi...	We have had extraordinary talks, a brainstorming of magical ideas that I...				
FALSE					
					
Vous êtes assis ici, et l'inconscient se dit : cette chaise n'est pas <L1>confortable</L1> , ça me gratte, mec, qu'est-ce que je fais ?	You are here sitting and the unconsciousness is saying:  the chair is uncomfortable, I feel itchy dude, what am I doing?	aisé confortable riche			
Vous êtes assis ici, et l'inconscient se dit : cette chaise n'est pas <N1></N1> , ça me gratte, mec, qu'est-ce que je fais ?	You are here sitting and the unconsciousness is saying:  the chair is uncomfortable, I feel itchy dude, what am I doing?				
FALSE					
					
Allez sur <L1>YouTube</L1> et recherchez tout ce que je vous dis.	Get in YouTube and research everything I said.				
Allez sur <N1></N1> et recherchez tout ce que je vous dis.	Get in YouTube and research everything I said.				
FALSE					
					
Première <L1>caractéristique</L1> de l'inconscient.	First feature of unconsciosness.	trait particularité caractéristique lynx | trait trait de caractère caractéristique | spécificité particularité caractéristique | trait caractéristique élément | marque poinçon caractéristique authentification			
Première <N1></N1> de l'inconscient.	First feature of unconsciosness.				
FALSE					
					
Le <L1>marketing</L1> le trompe.	Marketing tricks it.	marketing commercialisation			
Le <N1>marketing</N1> le trompe.	Marketing tricks it.				
TRUE					
					
l équilibre <L1>dynamique</L1> est atteint en modifiant en permanence	On Earth, we have a permanent magnet.	dynamisme élan dynamique quantité de mouvement | Cinétique cinétique dynamique | actif dynamique			
l équilibre <N1></N1> est atteint en modifiant en permanence	On Earth, we have a permanent magnet.				
FALSE					
					
Un fil électrique en matériau conducteur <L1>standard</L1> chauffe quand on fait passer du courant électrique à l'intérieur.	Once the train levitates, because there is no more friction except for air, quite a few energy is needed to make it move.	forfaitaire standard | référence standard | Chinook standard | standard normal | critère étalon norme standard | niveau poteau norme standard			
Un fil électrique en matériau conducteur <N1></N1> chauffe quand on fait passer du courant électrique à l'intérieur.	Once the train levitates, because there is no more friction except for air, quite a few energy is needed to make it move.				
FALSE					
					
Le plus célèbre est sans doute le JR Maglev, au Japon, qui détient le <L1>record</L1> de vitesse pour un train, à 581 km/h, soit 6,2 km/h de plus que le TGV.	Maxime and Nina Beaugeois Graphic design/ credits animation: Michaël Mensier				
Le plus célèbre est sans doute le JR Maglev, au Japon, qui détient le <N1></N1> de vitesse pour un train, à 581 km/h, soit 6,2 km/h de plus que le TGV.	Maxime and Nina Beaugeois Graphic design/ credits animation: Michaël Mensier				
FALSE					
					
Ce que je veux faire c'est partager certaines des choses les plus <L1>cool</L1> qui se passent avec vous.	What I want to do is share some of the coolest things that are going on with you.	frais frisquet cool | frais cool | refroidissement réfrigération cool			
Ce que je veux faire c'est partager certaines des choses les plus <N1>chouettes</N1> qui se passent avec vous.	What I want to do is share some of the coolest things that are going on with you.				
TRUE					
					
Et quand il sortira, une série de sites <L1>wiki</L1> sous le label WISER, seront lancés en même temps.	And when it comes out, a series of wiki sites under the label WlSER, are going to launch at the same time.				
Et quand il sortira, une série de sites <N1></N1> sous le label WISER, seront lancés en même temps.	And when it comes out, a series of wiki sites under the label WlSER, are going to launch at the same time.				
FALSE					
					
Au Guatemala, le gouvernement central - contrôlé par une <L1>oligarchie</L1> d'origine européenne - menait une campagne de la terre brûlée contre la rébellion indigène, et j'ai vu une image qui reflétait l'histoire de l'Amérique latine : la conquête à travers une alliance de la Bible et de l'épée.	In Guatemala, the central government -- controlled by a oligarchy of European decent -- was waging a scorched Earth campaign against an indigenous rebellion, and I saw an image that reflected the history of Latin America: conquest through a combination of the Bible and the sword.				
Au Guatemala, le gouvernement central - contrôlé par une <N1></N1> d'origine européenne - menait une campagne de la terre brûlée contre la rébellion indigène, et j'ai vu une image qui reflétait l'histoire de l'Amérique latine : la conquête à travers une alliance de la Bible et de l'épée.	In Guatemala, the central government -- controlled by a oligarchy of European decent -- was waging a scorched Earth campaign against an indigenous rebellion, and I saw an image that reflected the history of Latin America: conquest through a combination of the Bible and the sword.				
FALSE					
					
Un <L1>guérillero</L1> anti-Sandiniste a été mortellement blessé quand le Commandant Zero a attaqué une ville dans le sud du Nicaragua.	An anti-Sandinista guerrilla was mortally wounded as Commander Zero attacked a town in Southern Nicaragua.	irrégulier insurgé guérillero guérilla			
Un <N1>guérillero</N1> anti-Sandiniste a été mortellement blessé quand le Commandant Zero a attaqué une ville dans le sud du Nicaragua.	An anti-Sandinista guerrilla was mortally wounded as Commander Zero attacked a town in Southern Nicaragua.				
TRUE					
					
Un <L1>tank</L1> détruit appartenant à la garde nationale de Somoza était laissé comme monument dans un parc à Managua, et était transformé par l'énergie et l'inventivité d'un enfant.	A destroyed tank belonging to Somoza's national guard was left as a monument in a park in Managua, and was transformed by the energy and spirit of a child.	tank char de combat | wagon-citerne tank char de combat citerne | tank char de combat citerne | réservoir tank char de combat citerne			
Un <N1>char d'assaut</N1> détruit appartenant à la garde nationale de Somoza était laissé comme monument dans un parc à Managua, et était transformé par l'énergie et l'inventivité d'un enfant.	A destroyed tank belonging to Somoza's national guard was left as a monument in a park in Managua, and was transformed by the energy and spirit of a child.				
TRUE					
					
Sans le monde politique essayant de trouver un terrain d'entente, la friction continuelle de <L1>tactique</L1> et contre-tactique crée uniquement de la suspicion et de la haine et de la vengeance, et perpétue le cycle de violence.	Without the political will to find common ground, the continual friction of tactic and counter-tactic only creates suspicion and hatred and vengeance, and perpetuates the cycle of violence.	tactique manœuvrer manœuvre			
Sans le monde politique essayant de trouver un terrain d'entente, la friction continuelle de <N1></N1> et contre-tactique crée uniquement de la suspicion et de la haine et de la vengeance, et perpétue le cycle de violence.	Without the political will to find common ground, the continual friction of tactic and counter-tactic only creates suspicion and hatred and vengeance, and perpetuates the cycle of violence.				
FALSE					
					
Le jour d'après je suis parti au Rwanda, et c'était comme prendre l'ascenseur <L1>express</L1> pour l'enfer.	The next day I left for Rwanda, and it was like taking the express elevator to hell.	express reflet mention terme réflexion expression			
Le jour d'après je suis parti au Rwanda, et c'était comme prendre l'ascenseur <N1>express</N1> pour l'enfer.	The next day I left for Rwanda, and it was like taking the express elevator to hell.				
TRUE					
					
Un garçon qui a perdu une jambe sur une <L1>mine</L1> abandonnée.	A boy who lost a leg to a leftover mine.	mine mineur | présence manière mine air | excavation mine			
Un garçon qui a perdu une jambe sur une <N1></N1> abandonnée.	A boy who lost a leg to a leftover mine.				
FALSE					
					
Un marché a été touché par un <L1>obus</L1> de mortier qui a tué plusieurs membres d'une même famille.	A marketplace was hit by a mortar shell that killed several members of a single family.				
Un marché a été touché par un <N1></N1> de mortier qui a tué plusieurs membres d'une même famille.	A marketplace was hit by a mortar shell that killed several members of a single family.				
FALSE					
					
Il pleut encore ce <L1>week-end</L1> ?	Come on shitty PC!	week-end fin de semaine			
Il pleut encore ce <N1></N1> ?	Come on shitty PC!				
FALSE					
					
J'ai repensé à la fois où j'ai dû acheter un cadeau pour ma nièce et où j'ai fait une <L1>overdose</L1> de rose, de rose, de rose, rose, rose!	I remembered the time I had to buy my niece a gift and overdosed on pink, pink, pink, pink, pink!	overdose surdoser			
J'ai repensé à la fois où j'ai dû acheter un cadeau pour ma nièce et où j'ai fait une <N1>surdose</N1> de rose, de rose, de rose, rose, rose!	I remembered the time I had to buy my niece a gift and overdosed on pink, pink, pink, pink, pink!				
TRUE					
					
Avec juste le casque, le <L1>casque</L1> intégral, respirer n'est vraiment pas un problème. BG :	Just with the helmet, integral helmet, it's really no problem to breathe.	galea casque | heaume casque			
Avec juste le casque, le <N1></N1> intégral, respirer n'est vraiment pas un problème. BG :	Just with the helmet, integral helmet, it's really no problem to breathe.				
FALSE					
					
Alors, après l'expérience En route pour la haute altitude , on s'est dit que les gens devaient pouvoir faire quelque chose, là-dedans, et on a intégré une commande. Chaque <L1>cabine</L1> a été équipée d'un bouton.	Well, after the experience of the High Altitude Conveyance  we found that people needed something to do in there and we introduced an interactive option.	cabine cloison fiacre | équipage cabine navigant | cabine kiosque échoppe | équipage cabine équipe navigant			
Alors, après l'expérience En route pour la haute altitude , on s'est dit que les gens devaient pouvoir faire quelque chose, là-dedans, et on a intégré une commande. Chaque <N1></N1> a été équipée d'un bouton.	Well, after the experience of the High Altitude Conveyance  we found that people needed something to do in there and we introduced an interactive option.				
FALSE					
					
Nous nous battons contre les forces qui nous retiennent au <L1>sol</L1> et la vie tout entière est un effort pour échapper à la réalité.	It was not a mistake. If anything, the mistake is in nature. Gravity is a mistake.	pays étage plancher sol | négociations sur la limitation des armes stratégiques marais salants Négociations sur la limitation des armements stratégiques loup de mer sól SALT I sel SALT SALT II | pays terre sol | terre sol | terre ferme terre sol			
Nous nous battons contre les forces qui nous retiennent au <N1></N1> et la vie tout entière est un effort pour échapper à la réalité.	It was not a mistake. If anything, the mistake is in nature. Gravity is a mistake.				
FALSE					
					
Je me fait le <L1>leader</L1> de ta bite <L2>molle</L2> de Luftwaffe	I'm on the leader of your limp d^cked Lufwaffe.	molle piano mou | molle mou | facile molle mou aisément | molle non alcoolisé sans alcool mou			
Je me fait le <N1></N1> de ta bite <N2></N2> de Luftwaffe	I'm on the leader of your limp d^cked Lufwaffe.				
FALSE					
					
Faut une telle concentration pour te <L1>supporter</L1> que tes camps c'est rien à côté!	I spit sick sh*t so focused I break your concentration camp	jarretière défenseur partisan supporter | continuer durer supporter | payer donner résulter produire ours supporter | fan supporter éventail | tolérer supporter | ours charge ursidés supporter | épaule supporter porter | demeurer souffrir respecter observer continuer prêter endurer subir supporter accomplir tolérer atteindre soutenir porter rester | endosser épaule supporter			
Faut une telle concentration pour te <N1></N1> que tes camps c'est rien à côté!	I spit sick sh*t so focused I break your concentration camp				
FALSE					
					
C'est le fait d'avoir buté ta pute quand elle était enceinte qui ta plongé dans la haine? Maintenant tu fais 2 mètre, t'es <L1>black</L1> mais et tu n'as pas d'autres chienne?	Yout got one b^tch pregnant then gave it to the hate, now you're 6 6 and black but can't get a date.				
C'est le fait d'avoir buté ta pute quand elle était enceinte qui ta plongé dans la haine? Maintenant tu fais 2 mètre, t'es <N1></N1> mais et tu n'as pas d'autres chienne?	Yout got one b^tch pregnant then gave it to the hate, now you're 6 6 and black but can't get a date.				
FALSE					
					
Récupération Ayala Speedy chanceux et Deborah fille Susie <L1>master</L1>	Speedy Recovery Ayala bat MAzal and Deborah daughter of Susie Amen	maîtrise master Maîtrise			
Récupération Ayala Speedy chanceux et Deborah fille Susie <N1></N1>	Speedy Recovery Ayala bat MAzal and Deborah daughter of Susie Amen				
FALSE					
					
Si vous êtes morts <L1>enthousiasme</L1>	If the excitement in you died	enthousiasme excitation | empressement alacrité enthousiasme avidité | passion enthousiasme enthousiaste | exubérance ébullition enthousiasme			
Si vous êtes morts <N1></N1>	If the excitement in you died				
FALSE					
					
Mère. Je tiens à vous appeler, c'est un peu de profondeur et de la souche, les moyens écrasante de son âme sur sa mort: hors génération d'Egypte, Les enfants terriblement impoli, alors ils demandent à leurs parents, <L1>épisode</L1> de cette semaine de Combien de plus? Non, Standard	I want to read to you, it's a bit deep and make an effort, a stuning explanation to lift his soul on the day of his death: a generation goes out of Egypt,	épisode suite séquence			
Mère. Je tiens à vous appeler, c'est un peu de profondeur et de la souche, les moyens écrasante de son âme sur sa mort: hors génération d'Egypte, Les enfants terriblement impoli, alors ils demandent à leurs parents, <N1></N1> de cette semaine de Combien de plus? Non, Standard	I want to read to you, it's a bit deep and make an effort, a stuning explanation to lift his soul on the day of his death: a generation goes out of Egypt,				
FALSE					
					
Tout est le nombre de femmes sont mauvais, cela comment crémeuse Comment puis-je mal paraître, croyez-moi je suis une mère, je ne vois pas de <L1>spam</L1> femmes avec dix enfants s'entendent mieux que je fais avec ces deux formes sur ma tête ne sais pas je pense que vous n'êtes pas heureux	Everything is up to you. so many women mistake with it how I got fat, How I look bad, believe me I am a terrible mother I do not see women with ten children get along better than I do with these two who climb on my head don't know I feel you are not happy	pourriel spam | pourriel spam SPAM			
Tout est le nombre de femmes sont mauvais, cela comment crémeuse Comment puis-je mal paraître, croyez-moi je suis une mère, je ne vois pas de <N1></N1> femmes avec dix enfants s'entendent mieux que je fais avec ces deux formes sur ma tête ne sais pas je pense que vous n'êtes pas heureux	Everything is up to you. so many women mistake with it how I got fat, How I look bad, believe me I am a terrible mother I do not see women with ten children get along better than I do with these two who climb on my head don't know I feel you are not happy				
FALSE					
					
lumière votre <L1>look</L1> Maison Etes-vous briller le réveil	The look, Are you shining on her or commenting				
lumière votre <N1></N1> Maison Etes-vous briller le réveil	The look, Are you shining on her or commenting				
FALSE					
					
Je suis vraiment tombée en amour avec eux alors, mais quand je suis venu j'ai dit <L1>oups</L1> je ne me sens que l'on noie ses deux enfants dans la salle de bain et que l'on avait noyé ses moisissures fille Et que Ltd ..	I really fell in love with them then, but when I came I said oops I do not feel like it. that one drowned her two children in the bathtub and that one had drowned her daughter in the Yarkon river and that one in? etc...				
Je suis vraiment tombée en amour avec eux alors, mais quand je suis venu j'ai dit <N1></N1> je ne me sens que l'on noie ses deux enfants dans la salle de bain et que l'on avait noyé ses moisissures fille Et que Ltd ..	I really fell in love with them then, but when I came I said oops I do not feel like it. that one drowned her two children in the bathtub and that one had drowned her daughter in the Yarkon river and that one in? etc...				
FALSE					
					
Serait <L1>stand</L1> avec lui comme à l'âge de 106 ans, juste avant sa mort, et parfois le laisserait note comme ça, une fois	They would stand by him in line until the age of 106 just before he died, and sometimes would leave him notes like that, once				
Serait <N1></N1> avec lui comme à l'âge de 106 ans, juste avant sa mort, et parfois le laisserait note comme ça, une fois	They would stand by him in line until the age of 106 just before he died, and sometimes would leave him notes like that, once				
FALSE					
					
Une note chiffonnée était déjà lui déchirer, il a demandé le soleil, il était déjà vieux vieux, cassette, et il câblé comme un <L1>puzzle</L1> comme ça avec	A crumpled note that was already torn, he asked from his assistant, he was already very, very old, scotch tape, and connected it like a puzzle, like that, with the	scie sauteuse puzzle | puzzle énigme | casse-tête puzzle | casse-tête puzzle énigme devinette			
Une note chiffonnée était déjà lui déchirer, il a demandé le soleil, il était déjà vieux vieux, cassette, et il câblé comme un <N1></N1> comme ça avec	A crumpled note that was already torn, he asked from his assistant, he was already very, very old, scotch tape, and connected it like a puzzle, like that, with the				
FALSE					
					
Il y a environ 100 jours, nous avons fait atterrir un <L1>SUV</L1> de deux tonnes sur la surface d'une autre planète, sur la surface de Mars.	About 100 days ago, we landed a two-ton SUV on the surface of another planet, on the surface of Mars.	suv sport utility vehicle			
Il y a environ 100 jours, nous avons fait atterrir un <N1>SUV</N1> de deux tonnes sur la surface d'une autre planète, sur la surface de Mars.	About 100 days ago, we landed a two-ton SUV on the surface of another planet, on the surface of Mars.				
TRUE					
					
Vous ne pourriez jamais mettre un homme à l'intérieur d'un <L1>airbag</L1> parce qu'il se ferait écraser.	You could never put a human inside of an airbag, because they would get squashed.				
Vous ne pourriez jamais mettre un homme à l'intérieur d'un <N1>sac gonflable</N1> parce qu'il se ferait écraser.	You could never put a human inside of an airbag, because they would get squashed.				
TRUE					
					
Je veux vous faire réaliser que le bonheur <L1>synthétique</L1> est tout aussi authentique et durable que le bonheur sur lequel on tombe	I want to suggest to you that synthetic happiness is every bit as real and enduring as the kind of happiness you stumble upon when you get exactly what you were aiming for. I'm a scientist, so I'm going to do this not with rhetoric, but by marinating you in a little bit of data.				
Je veux vous faire réaliser que le bonheur <N1></N1> est tout aussi authentique et durable que le bonheur sur lequel on tombe	I want to suggest to you that synthetic happiness is every bit as real and enduring as the kind of happiness you stumble upon when you get exactly what you were aiming for. I'm a scientist, so I'm going to do this not with rhetoric, but by marinating you in a little bit of data.				
FALSE					
					
La plupart souffrent du <L1>syndrome</L1> de Korsakoff, une psychopolynévrite.	They drank way too much, and they can't make new memories.				
La plupart souffrent du <N1></N1> de Korsakoff, une psychopolynévrite.	They drank way too much, and they can't make new memories.				
FALSE					
					
En effet, même une fois la <L1>date</L1> butoir passée ils ne l'aiment toujours pas.	They don't like their picture, and in fact even after the opportunity to swap has expired, they still don't like their picture.	date dater datte | date présent jour datte | date date limite échéance délai date butoire | date datte			
En effet, même une fois la <N1></N1> butoir passée ils ne l'aiment toujours pas.	They don't like their picture, and in fact even after the opportunity to swap has expired, they still don't like their picture.				
FALSE					
					
Par exemple, je distribue un <L1>pot</L1> à chacun et leur dit qu'il pèse 500g, et qu'à l'intérieur du pot fermé se trouve une serviette en papier mouillée avec 6 ou 7 graines.	For example, I'll give students a jar and say it's 500 grams, and inside that sealed jar is a moist paper towel with about six to seven seeds.	toilettes pot lavabo toilette | pot potentiomètre | bouteille pot | pot vase potiche | abreuvoir chope pot broc			
Par exemple, je distribue un <N1></N1> à chacun et leur dit qu'il pèse 500g, et qu'à l'intérieur du pot fermé se trouve une serviette en papier mouillée avec 6 ou 7 graines.	For example, I'll give students a jar and say it's 500 grams, and inside that sealed jar is a moist paper towel with about six to seven seeds.				
FALSE					
					
Il y a de nombreux concerts gratuits, par exemple, qui ont lieu dans ce quartier: il a un système <L1>acoustique</L1> phénoménal.	There are a lot of free concerts, for example, that go on in this area; it has a phenomenal acoustic system.	nuisance acoustique bruit			
Il y a de nombreux concerts gratuits, par exemple, qui ont lieu dans ce quartier: il a un système <N1></N1> phénoménal.	There are a lot of free concerts, for example, that go on in this area; it has a phenomenal acoustic system.				
FALSE					
					
Comme les gens étaient désoeuvrés, ne savaient pas comment se donner une contenance, ils sont venus spontanément se <L1>masser</L1> autour de ce journal qui leur parlait de leur vie et de ce qui se passait ce jour-là.	As the people were idle, and didn't know how to hide their embarrassment, they spontaneously came and clustered around the paper, which spoke to them of their life, and of what was happening that day.	pétrir masser massage malaxer			
Comme les gens étaient désoeuvrés, ne savaient pas comment se donner une contenance, ils sont venus spontanément se <N1></N1> autour de ce journal qui leur parlait de leur vie et de ce qui se passait ce jour-là.	As the people were idle, and didn't know how to hide their embarrassment, they spontaneously came and clustered around the paper, which spoke to them of their life, and of what was happening that day.				
FALSE					
					
Tout le monde était dans la <L1>panique</L1>	Everybody was in panic	peur terreur panique effroi | pantois paniqué stupéfait effrayé épouvanté affolé effaré			
Tout le monde était dans la <N1></N1>	Everybody was in panic				
FALSE					
					
Le hausse <L1>tarif</L1> de bus est un prétexte.	The bus fare hike is a reason.	prix transportation tarif | droit de douane tarif droit taxe devoir | tau|taux prix taux tarif | menu billet carte tarif			
Le hausse <N1></N1> de bus est un prétexte.	The bus fare hike is a reason.				
FALSE					
					
Quand j'ai entendu la <L1>guitare</L1> massive	When I heard the loud guitar				
Quand j'ai entendu la <N1></N1> massive	When I heard the loud guitar				
FALSE					
					
Ils contrôlent les habitudes et les agissements des masses. et il s'est acheté une <L1>caméra</L1> vidéo parce qu'il ne peut pas écrire aussi vite que fonctionne son esprit.	They control the habits and actions of the masses. and he's bought a video camera, because he can't write as fast as his mind works.	appareil photo caméra			
Ils contrôlent les habitudes et les agissements des masses. et il s'est acheté une <N1></N1> vidéo parce qu'il ne peut pas écrire aussi vite que fonctionne son esprit.	They control the habits and actions of the masses. and he's bought a video camera, because he can't write as fast as his mind works.				
FALSE					
					
Le premier jour -- j'abandonne la fac de médecine et me mets à <L1>dealer</L1> sur le marché noir.	Day one-- I drop out of medical school and start dealing on the black market.				
Le premier jour -- j'abandonne la fac de médecine et me mets à <N1>faire du commerce</N1> sur le marché noir.	Day one-- I drop out of medical school and start dealing on the black market.				
TRUE					
					
Et cette personne était <L1>catégorique</L1> et m'a dit,	And this person was very forceful and said,	catégorique catégoriel inconditionnel			
Et cette personne était <N1></N1> et m'a dit,	And this person was very forceful and said,				
FALSE					
					
Ils sont parvenus au <L1>score</L1> de 28 pour cent après avoir écrit à chaque foyer du pays une lettre qui suppliait les gens de rejoindre le programme de dons d'organes.	It turns out that they got to 28 percent after mailing every household in the country a letter, begging people to join this organ donation program.	marquer marque note score | marquer note score			
Ils sont parvenus au <N1></N1> de 28 pour cent après avoir écrit à chaque foyer du pays une lettre qui suppliait les gens de rejoindre le programme de dons d'organes.	It turns out that they got to 28 percent after mailing every household in the country a letter, begging people to join this organ donation program.				
FALSE					
					
C'est juste qu'elle portait ce <L2>top</L2> à la fête et qu'elle est entrée comme une <L1>star</L1>	She was just wearing this tank top tonight at the party and then she made a cameo appearance	étoile plomb star principal | étoile astre star | étoile star astérisque | étoile star			
C'est juste qu'elle portait ce <N2>débardeur</N2> à la fête et qu'elle est entrée comme une <N1>vedette</N1>	She was just wearing this tank top tonight at the party and then she made a cameo appearance				
TRUE					
					
Je t'ai déjà dit que t'étais très <L1>sexy</L1> dans ta tenue moulante ?	Have I told you you're quite irresistible in that sexy skin-tight getup?	aphrodisiaque sexy			
Je t'ai déjà dit que t'étais très <N1>sexy</N1> dans ta tenue moulante ?	Have I told you you're quite irresistible in that sexy skin-tight getup?				
TRUE					
					
Là, on a une application de dessin <L1>animé</L1> interactif.	Now, this is an interactive cartoon application.	impertinent animé évident ouvert | animé actif vert vif			
Là, on a une application de dessin <N1></N1> interactif.	Now, this is an interactive cartoon application.				
FALSE					
					
Je fais glisser la barre de défilement pour afficher d'autres motifs et j'ajuste le curseur de <L1>zoom</L1> pour obtenir un aperçu de plus petite ou de plus grande taille.	Slide the Scroll bar to see more &amp; adjust the zoom slider for a smaller or larger preview.	téléobjectif zoom			
Je fais glisser la barre de défilement pour afficher d'autres motifs et j'ajuste le curseur de <N1></N1> pour obtenir un aperçu de plus petite ou de plus grande taille.	Slide the Scroll bar to see more &amp; adjust the zoom slider for a smaller or larger preview.				
FALSE					
					
À l'ouverture initiale, le menu <L1>fixe</L1> Connect désancré s'ouvre.	On first open, the Connect docker will open un-docked.	fixation fixe | rigide fixe			
À l'ouverture initiale, le menu <N1></N1> Connect désancré s'ouvre.	On first open, the Connect docker will open un-docked.				
FALSE					
					
On m'a invité à raconter mon histoire, mais la raconter, ce serait parler de mon équipe de <L1>football</L1> préférée, ce qui, je vous assure, n'est pas une bonne idée en ce moment, ou bien parler d'autres sujets dont je m' occupe chaque jour, qui sont liés à la recherche en design dans le contexte de l'intéraction avec la technologie, comment les gens interagissent avec les objets et les machines.	So, I was invited to tell my story, but telling my story would either mean to talk about my favourite football team, which I can assure you, would not be a good idea at the moment, or it would be about some other topics that I'm dealing with every day, basically related to design research in the context of interaction technology, so it would basically be about how people interact with things and with machines.	foot soccer football ballon | soccer football			
On m'a invité à raconter mon histoire, mais la raconter, ce serait parler de mon équipe de <N1>football</N1> préférée, ce qui, je vous assure, n'est pas une bonne idée en ce moment, ou bien parler d'autres sujets dont je m' occupe chaque jour, qui sont liés à la recherche en design dans le contexte de l'intéraction avec la technologie, comment les gens interagissent avec les objets et les machines.	So, I was invited to tell my story, but telling my story would either mean to talk about my favourite football team, which I can assure you, would not be a good idea at the moment, or it would be about some other topics that I'm dealing with every day, basically related to design research in the context of interaction technology, so it would basically be about how people interact with things and with machines.				
TRUE					
					
Un pyjama, un haut de <L1>pyjama</L1> ?	A pajama top? The bottoms of the pajama?				
Un pyjama, un haut de <N1></N1> ?	A pajama top? The bottoms of the pajama?				
FALSE					
					
Je vais faire cette petite <L1>dance</L1> pour toi , tu m'excite trop	I'm doing this little dance for you You got me so excited				
Je vais faire cette petite <N1></N1> pour toi , tu m'excite trop	I'm doing this little dance for you You got me so excited				
FALSE					
					
Aucun ne possède de qualité <L1>pharmaceutique</L1> réelle. Ce n'est que votre croyance qui le rend réel dans votre corps et donne un effet plus fort.	And none of it has any real pharmaceutical quality, it's only your belief that makes it real in your body and makes a stronger effect.	pharmacie pharmaceutique pharmacien			
Aucun ne possède de qualité <N1></N1> réelle. Ce n'est que votre croyance qui le rend réel dans votre corps et donne un effet plus fort.	And none of it has any real pharmaceutical quality, it's only your belief that makes it real in your body and makes a stronger effect.				
FALSE					
					
Le <L1>timing</L1> est une chose très importante, le timing ! &lt;i&gt;Sous-titre traduits par l'équipe Baiser Joueur de viikii.net	Timing is very important thing, timing! Brought to you by the PKer team @ www.Viki	timing minutage			
Le <N1></N1> est une chose très importante, le timing ! &lt;i&gt;Sous-titre traduits par l'équipe Baiser Joueur de viikii.net	Timing is very important thing, timing! Brought to you by the PKer team @ www.Viki				
FALSE					
					
Un futur politicien ou un <L1>avocat</L1> ?	A future politician or lawyer?	conseil avocat défenseur conseiller | recommander prêcher proposer avocat défenseur préconiser | avocat avocatier persea americana | bâtonnier Barrister avocat défenseur barrister | avocat avocatier | avocat défenseur juriste avocate homme de loi | avocat défenseur partisan			
Un futur politicien ou un <N1></N1> ?	A future politician or lawyer?				
FALSE					
					
Il ne s'est pas montré aux <L1>courts de tennis</L1> et a même arrêté de travailler au restaurant familial.	He didn't show up at the tennis courts and even stopped part-timing at the family restaurant.				
Il ne s'est pas montré aux <N1>terrains de tennis</N1> et a même arrêté de travailler au restaurant familial.	He didn't show up at the tennis courts and even stopped part-timing at the family restaurant.				
TRUE					
					
Nous allons préparer le <L1>barbecue</L1> pendant que vous serez parties.	We'll be preparing the bbq while you're gone.				
Nous allons préparer la <N1>grillade</N1> pendant que vous serez parties.	We'll be preparing the bbq while you're gone.				
TRUE					
					
Mo Bros et Mo Sistas (Rires) pour les 17 prochaines minutes, je partagerai avec vous mon parcours de Movember, et comment, avec ce voyage, nous avons redéfini les œuvres caritatives, nous sommes en train de redéfinir la manière dont les chercheurs sur le cancer à la <L1>prostate</L1> travaillent ensemble dans le monde, et j'espère, à travers ce processus, inspirer la création de quelque chose d'important dans votre vie, quelque chose d'important qui continuera et rendra ce monde un meilleur endroit.	Mo Bros and Mo Sistas — (Laughter) — for the next 17 minutes, I'm going to share with you my Movember journey, and how, through that journey, we've redefined charity, we're redefining the way prostate cancer researchers are working together throughout the world, and I hope, through that process, that I inspire you to create something significant in your life, something significant that will go on and make this world a better place.				
Mo Bros et Mo Sistas (Rires) pour les 17 prochaines minutes, je partagerai avec vous mon parcours de Movember, et comment, avec ce voyage, nous avons redéfini les œuvres caritatives, nous sommes en train de redéfinir la manière dont les chercheurs sur le cancer à la <N1></N1> travaillent ensemble dans le monde, et j'espère, à travers ce processus, inspirer la création de quelque chose d'important dans votre vie, quelque chose d'important qui continuera et rendra ce monde un meilleur endroit.	Mo Bros and Mo Sistas — (Laughter) — for the next 17 minutes, I'm going to share with you my Movember journey, and how, through that journey, we've redefined charity, we're redefining the way prostate cancer researchers are working together throughout the world, and I hope, through that process, that I inspire you to create something significant in your life, something significant that will go on and make this world a better place.				
FALSE					
					
King, Murray qui a gagné au <L1>festival</L1> de Cannes 1970 -- la seule copie que j'avais.	King, Murray  won Cannes Film Festival 1970 -- the only print I had.	festival kermesse			
King, Murray qui a gagné au <N1></N1> de Cannes 1970 -- la seule copie que j'avais.	King, Murray  won Cannes Film Festival 1970 -- the only print I had.				
FALSE					
					
Le Kindle 2 a une caractéristique merveilleuse qui permet la <L1>synthèse</L1> vocale.	The Kindle 2 has a wonderful feature that allows for text-to-speech.	déduction synthèse déduction logique | aperçu vue d'ensemble synopsis abrégé synthèse résumé			
Le Kindle 2 a une caractéristique merveilleuse qui permet la <N1></N1> vocale.	The Kindle 2 has a wonderful feature that allows for text-to-speech.				
FALSE					
					
Je pense que ... il faut qu'il se passe une sorte de <L1>forum</L1> majeur, mettant en lumière tous ces préjugés internes et ces problèmes qui affligent les gens, et peut-être que ça va les éclairer.	I think it's race relations. I think that . . uh . . there needs to be some type of major forum, getting all these internal prejudices and problems people have out on the open and perhaps that will give people clarity.	place agora forum			
Je pense que ... il faut qu'il se passe une sorte de <N1></N1> majeur, mettant en lumière tous ces préjugés internes et ces problèmes qui affligent les gens, et peut-être que ça va les éclairer.	I think it's race relations. I think that . . uh . . there needs to be some type of major forum, getting all these internal prejudices and problems people have out on the open and perhaps that will give people clarity.				
FALSE					
					
Elles partagent nos facteurs de <L1>stress</L1> environnementaux, les niveaux d'amiante et les niveaux de plomb, tout ce à quoi vous êtes exposés.	They share your environmental stressors, the asbestos levels and lead levels, whatever you're exposed to.	stress chagrin angoisse anxiété affres souci préoccupations | tendre bander tension stress raidir			
Elles partagent nos facteurs de <N1>stress</N1> environnementaux, les niveaux d'amiante et les niveaux de plomb, tout ce à quoi vous êtes exposés.	They share your environmental stressors, the asbestos levels and lead levels, whatever you're exposed to.				
TRUE					
					
Voilà de la <L1>vodka</L1> avec une solution, et du <L2>gin</L2> avec une solution.	This was vodka and solution, gin and solution.	gin égreneuse | égrenage gin genièvre | gin gin rami			
Voilà de la <N1></N1> avec une solution, et du <N2></N2> avec une solution.	This was vodka and solution, gin and solution.				
FALSE					
					
Ce que la crise <L1>climatique</L1> nous a révélé est une crise secondaire, plus insidieuse et plus envahissante, qui est la crise d'action, qui est ce qui doit être fait.	What the climate crisis has revealed to us is a secondary, more insidious and more pervasive crisis, which is the crisis of agency, which is what to do.				
Ce que la crise <N1></N1> nous a révélé est une crise secondaire, plus insidieuse et plus envahissante, qui est la crise d'action, qui est ce qui doit être fait.	What the climate crisis has revealed to us is a secondary, more insidious and more pervasive crisis, which is the crisis of agency, which is what to do.				
FALSE					
					
C'est construit comme une grange, en utilisant un logiciel <L1>open source</L1>.	It's built as a barn raising, using open source hardware.				
C'est construit comme une grange, en utilisant un logiciel <N1>à source ouverte</N1>.	It's built as a barn raising, using open source hardware.				
FALSE					
					
Vous savez, un <L1>coyote</L1> dans Central Park, une baleine dans le canal de Gowanus, un élan dans le conté de Westchester.	You know, coyote in Central Park, a whale in the Gowanus Canal, elk in Westchester County.	coyote canis latrans			
Vous savez, un <N1>coyote</N1> dans Central Park, une baleine dans le canal de Gowanus, un élan dans le conté de Westchester.	You know, coyote in Central Park, a whale in the Gowanus Canal, elk in Westchester County.				
TRUE					
					
Enfin, Newton proposa la loi de la <L1>gravitation</L1> universelle, démontrant que tous les corps s'attirent entre eux.	And then, Newton proposed the theory of universal gravitation, demonstrating that all objects are pulling on each other.	gravitation pesanteur gravité			
Enfin, Newton proposa la loi de la <N1></N1> universelle, démontrant que tous les corps s'attirent entre eux.	And then, Newton proposed the theory of universal gravitation, demonstrating that all objects are pulling on each other.				
FALSE					
					
Avant de passer à l'écran suivant, notez que je peux faire du <L1>jogging</L1> l'axe de la machine sans quitter l'écran	Before we move on to the next screen, note that I can jog the machine axis without leaving the display	jogging footing			
Avant de passer à l'écran suivant, notez que je peux faire du <N1></N1> l'axe de la machine sans quitter l'écran	Before we move on to the next screen, note that I can jog the machine axis without leaving the display				
FALSE					
					
D'un ancien <L1>volcan</L1>	From an ancient volcano				
D'un ancien <N1></N1>	From an ancient volcano				
FALSE					
					
Imaginez que nous voulions que ce quad réalise un triple <L1>flip</L1> et finisse à l'endroit exact où il avait commencé.	Suppose we want this quad here to perform a triple flip and finish off at the exact same spot that it started.				
Imaginez que nous voulions que ce quad réalise un triple <N1>retournement</N1> et finisse à l'endroit exact où il avait commencé.	Suppose we want this quad here to perform a triple flip and finish off at the exact same spot that it started.				
TRUE					
					
Quatrièmement, nous réalisons cette <L1>stratégie</L1> en seulement 20 millisecondes.	Fourth, we only execute 20 milliseconds' worth of that strategy.	projet stratégie			
Quatrièmement, nous réalisons cette <N1></N1> en seulement 20 millisecondes.	Fourth, we only execute 20 milliseconds' worth of that strategy.				
FALSE					
					
De la même façon, nous utilisons l'analogie entre le <L1>sport</L1> et l'ambition athlétique pour créer de nouveaux algorithmes et pousser les machines jusqu'aux limites de leurs possibilités.	Similarly, we use the analogy of sports and athleticism to create new algorithms for machines to push them to their limits.	catch sport | sportif jouer sport jeu | cabrioler alouette gambader sport | sportif sportive sport | caractériser sport figurer			
De la même façon, nous utilisons l'analogie entre le <N1></N1> et l'ambition athlétique pour créer de nouveaux algorithmes et pousser les machines jusqu'aux limites de leurs possibilités.	Similarly, we use the analogy of sports and athleticism to create new algorithms for machines to push them to their limits.				
FALSE					
					
Expulsée d' école d'art <L1>dramatique</L1> On perd du temps.	Dismissed from drama school with a note that read,  Wasting her time.	spectaculaire imposant dramatique			
Expulsée d' école d'art <N1></N1> On perd du temps.	Dismissed from drama school with a note that read,  Wasting her time.				
FALSE					
					
Vous avez dit un certain retour sur l'efficacité <L1>énergétique</L1> .	I was reading online, I was reading blogs especially Rod Adams. Taxpayers in the United States sent me to sea on submarines.	énergétique énergique | vigueur énergétique force énergie | courageux énergétique énergique			
Vous avez dit un certain retour sur l'efficacité <N1></N1> .	I was reading online, I was reading blogs especially Rod Adams. Taxpayers in the United States sent me to sea on submarines.				
FALSE					
					
Ca n'a jamais pu être accompli au niveau du réseau en raison du coût de stockage d'un <L1>watt</L1> heure dans une batterie.	You have fissile nuclei. That means this is a nucleus. If you hit it with a neutron, it's going to fission and split into two pieces, two fission products.				
Ca n'a jamais pu être accompli au niveau du réseau en raison du coût de stockage d'un <N1></N1> heure dans une batterie.	You have fissile nuclei. That means this is a nucleus. If you hit it with a neutron, it's going to fission and split into two pieces, two fission products.				
FALSE					
					
Venant de découvrir le plutonium, il pensait: je me demande si on peut impacter le thorium avec un <L1>neutron</L1> et le transformer en quelquechose. Il faut se souvenir, la fission avait été découverte 3 ans plus tôt, donc ils étaient encore aux prémices.	And that's how they made the first nuclear weapon, the Trinity blast in New Mexico, and that's also how they made the Nagasaki bomb, Fat Man. Seaborg says,  OK, well, maybe we can do the same thing with Thorium. Maybe we can expose it to neutrons, and we can make it into uranium-233.				
Venant de découvrir le plutonium, il pensait: je me demande si on peut impacter le thorium avec un <N1></N1> et le transformer en quelquechose. Il faut se souvenir, la fission avait été découverte 3 ans plus tôt, donc ils étaient encore aux prémices.	And that's how they made the first nuclear weapon, the Trinity blast in New Mexico, and that's also how they made the Nagasaki bomb, Fat Man. Seaborg says,  OK, well, maybe we can do the same thing with Thorium. Maybe we can expose it to neutrons, and we can make it into uranium-233.				
FALSE					
					
Vous imaginez brûler du <L1>platine</L1> pour de l'énergie ?	It goes to the turbine, spins the turbine, which spins the generator makes electricity. And when I was at Watts Bar this is the part I got to go see.	platine disque plat | platine plat			
Vous imaginez brûler du <N1></N1> pour de l'énergie ?	It goes to the turbine, spins the turbine, which spins the generator makes electricity. And when I was at Watts Bar this is the part I got to go see.				
FALSE					
					
C'était de la follie douce. Weinberg était un homme <L1>pragmatique</L1> et il se dit:	When I was waiting to go into Iraq since we began invasion in 2003 some of generals couldn't get spare parts or supplies out forward because the convoys were busy carrying fuel and water.	pragmatique pratique			
C'était de la follie douce. Weinberg était un homme <N1></N1> et il se dit:	When I was waiting to go into Iraq since we began invasion in 2003 some of generals couldn't get spare parts or supplies out forward because the convoys were busy carrying fuel and water.				
FALSE					
					
Si on ouvre une brèche ici, disons une rupture de soudure, et il fait <L1>boom</L1> , en éjectant les crayons de contrôle, il est là pour les empêcher de faire de mauvaises choses comme percer un trou en haut.	You burn the gas, that radon's being released. Nobody counts that radon against the gas. If they did, the regulatory commission would shut the gas plant down, same with coal.	bôme boom			
Si on ouvre une brèche ici, disons une rupture de soudure, et il fait <N1></N1> , en éjectant les crayons de contrôle, il est là pour les empêcher de faire de mauvaises choses comme percer un trou en haut.	You burn the gas, that radon's being released. Nobody counts that radon against the gas. If they did, the regulatory commission would shut the gas plant down, same with coal.				
FALSE					
					
Un membre du <L1>comité</L1> conjoint du congrès sur l'énergie atomique... Qui a dit à Alvin Weinberg, il a dit:	We set it down in 1974 for kind of dumb reasons, and I think it's high time that we picked that thread back up again.	commission comité | paragraphe égard respecter relatif matière comité aspect lieu respect			
Un membre du <N1></N1> conjoint du congrès sur l'énergie atomique... Qui a dit à Alvin Weinberg, il a dit:	We set it down in 1974 for kind of dumb reasons, and I think it's high time that we picked that thread back up again.				
FALSE					
					
A quelle fin? Et tout ce que j'ai pu lire sur leur objectif est, qu'ils ne veulent jamais avoir à <L1>recycler</L1> ou à remplacer le combustible.	Just last year we had a natural gas explosion at a clean energy facility in Middletown,	réutiliser recycler			
A quelle fin? Et tout ce que j'ai pu lire sur leur objectif est, qu'ils ne veulent jamais avoir à <N1></N1> ou à remplacer le combustible.	Just last year we had a natural gas explosion at a clean energy facility in Middletown,				
FALSE					
					
Vous savez, au mini-golf vous avez le volcan, et le volcan a le trou tout au sommet, et il faut <L1>putter</L1> la balle de sorte qu'elle monte	You'll see an awful lot of stories of somebody in the gas or oil industry working against nuclear and trying to raise the barriers of entry. That's a simulated nuclear fuel pellet.				
Vous savez, au mini-golf vous avez le volcan, et le volcan a le trou tout au sommet, et il faut <N1></N1> la balle de sorte qu'elle monte	You'll see an awful lot of stories of somebody in the gas or oil industry working against nuclear and trying to raise the barriers of entry. That's a simulated nuclear fuel pellet.				
FALSE					
					
Ouais, c'est ça, je me ferais un <L1>steak</L1> ici si ça me chante !	Yeah, whatever, I'll check a forty ounce up here if I feel like it!	rumsteck steak darne bifteck entrecôte			
Ouais, c'est ça, je me ferais un <N1></N1> ici si ça me chante !	Yeah, whatever, I'll check a forty ounce up here if I feel like it!				
FALSE					
					
Peut-être que si j'étais suffisamment bourré je pourrais grimper sur le toit et me pendre au <L1>rail</L1> électrifié.	I guess if I was drunk enough I might climb out the window here and hold some hang time at the electrified train rail.	fulminer rail | rail rails | honnir insulter diffamer calomnier rail | piste route voie chemin rail | rail fer | garde-corps rampe rail | voie ferrée train rail chemin de fer			
Peut-être que si j'étais suffisamment bourré je pourrais grimper sur le toit et me pendre au <N1></N1> électrifié.	I guess if I was drunk enough I might climb out the window here and hold some hang time at the electrified train rail.				
FALSE					
					
(En cas d'absence lors d'une <L1>analyse</L1> d'urine où un test de radiation...)	(Missing a scheduled urine analysis or radiation check up...)	psychanalyse analyse | examen étudier analyse enquête | analyse analyse qualitative			
(En cas d'absence lors d'une <N1></N1> d'urine où un test de radiation...)	(Missing a scheduled urine analysis or radiation check up...)				
FALSE					
					
Vous savez, je peux faire une <L1>interview</L1> par moi-même.	You know, I can do an interview by myself.	entrevue entretien interview | entrevue concertation audience consultation auditoire interview | entrevue interview entretenir avoir | entrevue interview entretenir			
Vous savez, je peux faire un <N1>entretien</N1> par moi-même.	You know, I can do an interview by myself.				
TRUE					
					
Oh, ce bus Broadway ... (Bruit de <L1>klaxon</L1> du bus par)	Oh, that Broadway bus... (sound of bus honking by)	avertisseur klaxon corne			
Oh, ce bus Broadway ... (Bruit de <N1></N1> du bus par)	Oh, that Broadway bus... (sound of bus honking by)				
FALSE					
					
Cette protéine de signal dit aux autres protéines dans les noyaux de la cellule d'ouvrir une partie de la double <L1>hélice</L1> d'ADN, le gène de l'insuline, et de commencer à faire des protéines d'insuline.	That signal protein tells other proteins in the cell's nuclei to open up a part of the DNA double helix, the insulin gene, and start making insulin proteins.	escalade engrenage spirale hélice | hélix helix hélice | vis hélice | hélice Hélice | spirale hélice			
Cette protéine de signal dit aux autres protéines dans les noyaux de la cellule d'ouvrir une partie de la double <N1></N1> d'ADN, le gène de l'insuline, et de commencer à faire des protéines d'insuline.	That signal protein tells other proteins in the cell's nuclei to open up a part of the DNA double helix, the insulin gene, and start making insulin proteins.				
FALSE					
					
Et ce qui est bien avec la <L1>fluorescence</L1> c'est que ce n'est pas seulement brillant, ça peut en fait briller à travers les tissus.	And the cool thing about fluorescence is that it's not only bright, it actually can shine through tissue.				
Et ce qui est bien avec la <N1></N1> c'est que ce n'est pas seulement brillant, ça peut en fait briller à travers les tissus.	And the cool thing about fluorescence is that it's not only bright, it actually can shine through tissue.				
FALSE					
					
Dans sa partie supérieure, la cavité abdominale est séparée de la cavité <L1>thoracique</L1> par un muscle très développé: le diaphragme.	In its upper part, the abdominal cavity is separated from the thoracic cavity by a very well-developed muscle: the diaphragm.				
Dans sa partie supérieure, la cavité abdominale est séparée de la cavité <N1></N1> par un muscle très développé: le diaphragme.	In its upper part, the abdominal cavity is separated from the thoracic cavity by a very well-developed muscle: the diaphragm.				
FALSE					
					
Ensuite, le mouvement <L1>hippie</L1> était né, pas vrai ?	Then the hippie movement was born, right?	hippie hipster Hippie hippies babacool			
Ensuite, le mouvement <N1>hippie</N1> était né, pas vrai ?	Then the hippie movement was born, right?				
TRUE					
					
On a découvert récemment une chose qu'on appelle un <L1>neurone</L1> miroir qui entre autres choses contribuent à la façon dont les gens se situent par rapport aux autres et font preuve d'empathie.	There's something called a mirror-neuron which they've recently discovered that is one of the things that contributes to how people relate to each other and how we empathize.	cellule nerveuse neurone			
On a découvert récemment une chose qu'on appelle un <N1></N1> miroir qui entre autres choses contribuent à la façon dont les gens se situent par rapport aux autres et font preuve d'empathie.	There's something called a mirror-neuron which they've recently discovered that is one of the things that contributes to how people relate to each other and how we empathize.				
FALSE					
					
Maintenant, le service client signifie obtenir une réponse à votre <L1>email</L1> dans les 24 heures.	Now customer service means getting a reply to your email within 24 hours.	émail laque | émail émail dentaire | émail			
Maintenant, le service client signifie obtenir une réponse à votre <N1>courriel</N1> dans les 24 heures.	Now customer service means getting a reply to your email within 24 hours.				
TRUE					
					
En fait, j'ai vu une <L1>pub</L1> d'une banque disant que vous pouviez vraiment parler à une personne.	I actually saw a bank advertising that you could talk to a person.	cabaret bar estaminet pub | pub réclame publicité annonce message publicitaire			
En fait, j'ai vu une <N1></N1> d'une banque disant que vous pouviez vraiment parler à une personne.	I actually saw a bank advertising that you could talk to a person.				
FALSE					
					
Votre réseau n'est pas sur LinkedIn, votre conversation ne se se déroule pas sur un <L1>blog</L1> et vous ne pouvez pas avoir une discussion sur Twitter.	Your network is not on Linkedln, your conversation does not happen on a blog and you can't have a discussion on Twitter.	blog blogue webjournal			
Votre réseau n'est pas sur LinkedIn, votre conversation ne se se déroule pas sur un <N1>blog</N1> et vous ne pouvez pas avoir une discussion sur Twitter.	Your network is not on Linkedln, your conversation does not happen on a blog and you can't have a discussion on Twitter.				
TRUE					
					
Apprends moi <L1>baby</L1> ou mieux encore	Kiss me baby, or better yet freak me baby!				
Apprends moi <N1></N1> ou mieux encore	Kiss me baby, or better yet freak me baby!				
FALSE					
					
Pensez à un <L1>hamster</L1> dans la poche.	Think of a hamster in the pocket.	rat de blé hamster hamsters			
Pensez à un <N1></N1> dans la poche.	Think of a hamster in the pocket.				
FALSE					
					
Si l'on concevait un <L1>ventilateur</L1> dont les pales n'étaient pas inclinées, le ventilateur tournerait, mais ne brasserait pas d'air.	In fact, if you made a blade of a fan and had no pitch it would turn, but it wouldn't blow wind.	ventilateur éventail			
Si l'on concevait un <N1></N1> dont les pales n'étaient pas inclinées, le ventilateur tournerait, mais ne brasserait pas d'air.	In fact, if you made a blade of a fan and had no pitch it would turn, but it wouldn't blow wind.				
FALSE					
					
Si un docteur découvre que vos capteurs sont endommagés, il recommande des lunettes, une chirurgie des yeux, une <L1>prothèse</L1> rétinienne ou un appareil auditif.	So if a doctor knows that you have damaged sensors they recommend eyeglasses or eye surgery or retinal damage replacement or hearing aids.	prothèse dentaire Prothèse dentaire prothèse | prosthesis prothèse			
Si un docteur découvre que vos capteurs sont endommagés, il recommande des lunettes, une chirurgie des yeux, une <N1></N1> rétinienne ou un appareil auditif.	So if a doctor knows that you have damaged sensors they recommend eyeglasses or eye surgery or retinal damage replacement or hearing aids.				
FALSE					
					
[Vidéo: Vote bot... [un <L1>bot</L1> qui vote automatiquement sur l'internet]	- (laughing)  Vote bot?	robogiciel bot			
[Vidéo: Vote bot... [un <N1></N1> qui vote automatiquement sur l'internet]	- (laughing)  Vote bot?				
FALSE					
					
Je ne peux pas changer, <L1>mème</L1> si j'essaierais.	I can't change you, even if I tried.				
Je ne peux pas changer, <N1></N1> si j'essaierais.	I can't change you, even if I tried.				
FALSE					
					
Mes amis utilise le mot <L1>gay</L1> tout le temps, mais avec une autre définition.	- My friends talk about it all the time. They use the word  gay  as something else.	homophile gay			
Mes amis utilise le mot <N1></N1> tout le temps, mais avec une autre définition.	- My friends talk about it all the time. They use the word  gay  as something else.				
FALSE					
					
Alors au lieu de dépenser beaucoup d'argent dans un <L1>clip</L1> vidéo, nous l'avons fait nous même à travers notre tournée	I'm gonna getcha getcha getcha getcha One way or another I'm gonna win ya				
Alors au lieu de dépenser beaucoup d'argent dans un <N1></N1> vidéo, nous l'avons fait nous même à travers notre tournée	I'm gonna getcha getcha getcha getcha One way or another I'm gonna win ya				
FALSE					
					
Et comme nous l'avons vu, une façon d'expliquer les choses consiste à examiner le matériel. Si vous voulez comprendre pourquoi un <L1>MacBook</L1> air est si léger, la réponse est, parce qu' il est fabriqué en aluminium.	Similarly, if we want to understand arguments, we're going to gain understanding by looking carefully at the material that they're made out of.				
Et comme nous l'avons vu, une façon d'expliquer les choses consiste à examiner le matériel. Si vous voulez comprendre pourquoi un <N1></N1> air est si léger, la réponse est, parce qu' il est fabriqué en aluminium.	Similarly, if we want to understand arguments, we're going to gain understanding by looking carefully at the material that they're made out of.				
FALSE					
					
Si, au lieu de dire, donne-moi un <L1>pepperoni</L1> Pizza, vous l'avez dit, Pizza un pepperoni gimme, ils pourraient comprends pas du tout ce que vous dites.	If, instead of saying, gimme a pepperoni pizza, you said, Pizza a gimme pepperoni, they might not understand at all what you're saying.				
Si, au lieu de dire, donne-moi un <N1></N1> Pizza, vous l'avez dit, Pizza un pepperoni gimme, ils pourraient comprends pas du tout ce que vous dites.	If, instead of saying, gimme a pepperoni pizza, you said, Pizza a gimme pepperoni, they might not understand at all what you're saying.				
FALSE					
					
La production physique, la <L1>sémantique</L1> ou la signification des mots, la syntaxe ou des règles de grammaire et la politesse.	Physical production, semantics, or the meanings of words, syntax, or the rules of grammar, and etiquette.				
La production physique, la <N1></N1> ou la signification des mots, la syntaxe ou des règles de grammaire et la politesse.	Physical production, semantics, or the meanings of words, syntax, or the rules of grammar, and etiquette.				
FALSE					
					
Les groupes de pression de l'industrie du <L1>tabac</L1> sont trop puissants.	The tobacco lobby, it's too strong.	fumer cigarette fumée tabac | Bureau of Alcohol tabac			
Les groupes de pression de l'industrie du <N1></N1> sont trop puissants.	The tobacco lobby, it's too strong.				
FALSE					
					
Le nouveau <L1>budget</L1> de Bush se chiffre en trillions, et ce sont des chiffres que notre cerveau n'est tout simplement pas en mesure de convevoir.	Bush's new budget is in the trillions, and these are numbers that our brain just doesn't have the ability to comprehend.				
Le nouveau <N1></N1> de Bush se chiffre en trillions, et ce sont des chiffres que notre cerveau n'est tout simplement pas en mesure de convevoir.	Bush's new budget is in the trillions, and these are numbers that our brain just doesn't have the ability to comprehend.				
FALSE					
					
Le premier <L1>spot</L1> touristique d'observation a été construit à la fin des années 80 à l'ouest de l'Australie, et aujourd'hui, il existe des destinations d'observation des requins-baleines dans plus de 20 pays : au Mexique, au Belize, au Mozambique, au Kenya, aux Philippines, aux Seychelles, et bien sûr, en Australie.	So, the first whale shark tourism spot was set up in the late 1980s, in western Australia, and today, there are whale shark tourism destinations in over 20 countries: in Mexico, and Belize, in Mozambique, and Kenya, in the Philippines, in the Seychelles, and of course, in Australia.	terrain peu bit spot point | spot comptant			
Le premier <N1>site</N1> touristique d'observation a été construit à la fin des années 80 à l'ouest de l'Australie, et aujourd'hui, il existe des destinations d'observation des requins-baleines dans plus de 20 pays : au Mexique, au Belize, au Mozambique, au Kenya, aux Philippines, aux Seychelles, et bien sûr, en Australie.	So, the first whale shark tourism spot was set up in the late 1980s, in western Australia, and today, there are whale shark tourism destinations in over 20 countries: in Mexico, and Belize, in Mozambique, and Kenya, in the Philippines, in the Seychelles, and of course, in Australia.				
TRUE					
					
Mais le <L1>tourisme</L1> des requins-baleines est en train de changer ça.	But whale shark tourism is changing that.				
Mais le <N1></N1> des requins-baleines est en train de changer ça.	But whale shark tourism is changing that.				
FALSE					
					
Nous avons soustrait 148 millions de livres - soit 74 000 tonnes - de moquettes usagées, des décharges. Bouclant la boucle sur les flux de matière via la <L1>logistique</L1> inversée et les technologies de recyclage post-consommation qui n'existaient pas quand nous avons démarré il y a 14 ans.	We have diverted 148 million pounds -- that's 74,000 tons -- of used carpet from landfills, closing the loop on material flows through reverse logistics and post-consumer recycling technologies that did not exist when we started 14 years ago.	logistique gestion du matériel			
Nous avons soustrait 148 millions de livres - soit 74 000 tonnes - de moquettes usagées, des décharges. Bouclant la boucle sur les flux de matière via la <N1></N1> inversée et les technologies de recyclage post-consommation qui n'existaient pas quand nous avons démarré il y a 14 ans.	We have diverted 148 million pounds -- that's 74,000 tons -- of used carpet from landfills, closing the loop on material flows through reverse logistics and post-consumer recycling technologies that did not exist when we started 14 years ago.				
FALSE					
					
Et je dois vous parler d'astronomie sans vous montrer la moindre image de nébuleuse, de galaxie ou autre.. parce que mon <L1>job</L1> c'est la spectroscopie.	I have to talk about astronomy without showing you any single image of nebulae or galaxies, etc. because my job is spectroscopy.	job travail ouvrage | Job livre de Job | job travail travailler ouvrage | emploi job travail | emploi métier travail tâche profession job place fonction occupation | Job			
Et je dois vous parler d'astronomie sans vous montrer la moindre image de nébuleuse, de galaxie ou autre.. parce que mon <N1>travail</N1> c'est la spectroscopie.	I have to talk about astronomy without showing you any single image of nebulae or galaxies, etc. because my job is spectroscopy.				
TRUE					
					
Lippmann dit: Les humains ne sont pas capables de prendre des décisions et donc lui a plutôt tendance finalement à justifier une tyrannie un <L1>despote</L1> éclairé qui sera mieux	Lippmann says :   Humans are not able to take decisions . So he tends ultimately to justify a tyranny, an enlighted despot who will be better and then Dewey says :	despote autocrate tyran			
Lippmann dit: Les humains ne sont pas capables de prendre des décisions et donc lui a plutôt tendance finalement à justifier une tyrannie un <N1></N1> éclairé qui sera mieux	Lippmann says :   Humans are not able to take decisions . So he tends ultimately to justify a tyranny, an enlighted despot who will be better and then Dewey says :				
FALSE					
					
L'exemple athénien, vous verrez je suis <L1>enthousiaste</L1> là-dessus	The athenian example, you will see I am enthusiastic about this.	courageux enthousiaste | partisan enthousiaste | passion enthousiasme enthousiaste			
L'exemple athénien, vous verrez je suis <N1></N1> là-dessus	The athenian example, you will see I am enthusiastic about this.				
FALSE					
					
Pour cette raison, le processus de fission continue dans les réacteurs, et je crois qu'il y aura quelque dix a quatorze: c'est a dire une avec quatorze zéros de becquerels de radioactivité qui part <L1>dan</L1> la nature tous les jours.	So, we've got fissioning taking place in those reactors, and I believe there's about ten to the fourteen: that's one and fourteen zeros of becquerels of radioactivity leaking out every day.				
Pour cette raison, le processus de fission continue dans les réacteurs, et je crois qu'il y aura quelque dix a quatorze: c'est a dire une avec quatorze zéros de becquerels de radioactivité qui part <N1></N1> la nature tous les jours.	So, we've got fissioning taking place in those reactors, and I believe there's about ten to the fourteen: that's one and fourteen zeros of becquerels of radioactivity leaking out every day.				
FALSE					
					
T' essayes d'être <L2>cool</L2>, de jouer le <L1>bluff</L1> mais tu sais que tu vas te faire baiser.	You try to play it cool, play the bluff... Bu you know you're gonna fuck up.				
T' essayes d'être <N2>cool</N2>, de jouer le <N1>bluff</N1> mais tu sais que tu vas te faire baiser.	You try to play it cool, play the bluff... Bu you know you're gonna fuck up.				
TRUE					
					
Si on vous accuse d'un crime, vous avez le droit d'avoir un procès public rapide et un <L1>jury</L1> impartial.	If you're accused of a crime, you have the right to a speedy public trial and an impartial jury.	groupe jury expert			
Si on vous accuse d'un crime, vous avez le droit d'avoir un procès public rapide et un <N1></N1> impartial.	If you're accused of a crime, you have the right to a speedy public trial and an impartial jury.				
FALSE					
					
L'évier plein de vaisselle quand je passe dans la cuisine, de la <L1>coke</L1> pour le petit déj', vraiment ?	Sink full of dishes pacin' in the kitchen, cocaine for breakfast, yikes	Coke coke coca | neiger neige coke | coke cocaïne			
L'évier plein de vaisselle quand je passe dans la cuisine, de la <N1></N1> pour le petit déj', vraiment ?	Sink full of dishes pacin' in the kitchen, cocaine for breakfast, yikes				
FALSE					
					
Mais soyons réaliste, et supposons que les parois de notre cube soient en <L1>aluminium</L1> de 1cm d épaisseur.	But let's be realistic and suppose that the sides of our cube are 1cm thick and made of aluminium.	aluminium alu			
Mais soyons réaliste, et supposons que les parois de notre cube soient en <N1></N1> de 1cm d épaisseur.	But let's be realistic and suppose that the sides of our cube are 1cm thick and made of aluminium.				
FALSE					
					
Mars abrite le grand <L1>canyon</L1> du système solaire, Valles Marineris.	Mars has the Grand Canyon of the solar system, Valles Marineris.	canyon chanoine			
Mars abrite le grand <N1>canyon</N1> du système solaire, Valles Marineris.	Mars has the Grand Canyon of the solar system, Valles Marineris.				
TRUE					
					
Bien que je veux faire tout une <L1>playlist</L1> de philosophie, je suis conscient de ne pas offenser n'importe qui, parce que ce n'est vraiment, vraiment, vraiment pas mon intention.	I'm one to stray away from theological arguments, although I might eventually do a whole philosophy playlist, but I want to be very careful not to offend anyone's sensibilities, because that truly, truly, truly is not my intention.	playlist liste d'écoute liste de lecture			
Bien que je veux faire tout une <N1>liste de lecture</N1> de philosophie, je suis conscient de ne pas offenser n'importe qui, parce que ce n'est vraiment, vraiment, vraiment pas mon intention.	I'm one to stray away from theological arguments, although I might eventually do a whole philosophy playlist, but I want to be very careful not to offend anyone's sensibilities, because that truly, truly, truly is not my intention.				
TRUE					
					
Alors, l'argument que je suis en train de construire, c'est que pour <L1>accréditer</L1> au tout-puissant, à mon avis, un système qui est fondé sur des notions de bases comme la sélection naturelle, et les variations, dont celles dans l'ADN sont nommées des mutations , selon la loi de la physique et de la chimie, et de cela, de cette notion de base très élégante, émerge la complexité.	So the argument I'm making here is that in order to give credit to the all powerful, at least to my mind, a system that comes from very simple and elegant basic ideas like natural selection and variations, that in our DNA, we call those mutations, in the laws of physics and chemistry, and those, from that simple and elegant basic ideas, for complexity to emerge.	croire attribuer comporter accréditer admettre crédit | agréer croire accréditer | attribuer admettre accréditer comporter croire			
Alors, l'argument que je suis en train de construire, c'est que pour <N1></N1> au tout-puissant, à mon avis, un système qui est fondé sur des notions de bases comme la sélection naturelle, et les variations, dont celles dans l'ADN sont nommées des mutations , selon la loi de la physique et de la chimie, et de cela, de cette notion de base très élégante, émerge la complexité.	So the argument I'm making here is that in order to give credit to the all powerful, at least to my mind, a system that comes from very simple and elegant basic ideas like natural selection and variations, that in our DNA, we call those mutations, in the laws of physics and chemistry, and those, from that simple and elegant basic ideas, for complexity to emerge.				
FALSE					
					
J'ai tendance à affirmer qu'aller travailler le vendredi en <L1>jean</L1> et T-shirt, ce n'est pas vraiment l'essentiel du problème.	It's my contention that going to work on Friday in jeans and [a] T-shirt isn't really getting to the nub of the issue.	Jean John Le Roi Jean | Jean John | Jean John Saint Jean l'Évangéliste			
J'ai tendance à affirmer qu'aller travailler le vendredi en <N1></N1> et T-shirt, ce n'est pas vraiment l'essentiel du problème.	It's my contention that going to work on Friday in jeans and [a] T-shirt isn't really getting to the nub of the issue.				
FALSE					
					
Pourquoi joues-tu du <L1>koto</L1> ?	Why are you playing the koto?				
Pourquoi joues-tu du <N1>koto</N1> ?	Why are you playing the koto?				
TRUE					
					
De toute façon, je suis déjà à 11 minutes et de personnes sur YouTube apparemment <L1>let</L1> me go maintenant bien au-delà de la limite, mais on dit me qu'ils aiment les nuggets 10 minute de la connaissance, donc je vais arrêter maintenant et je vais continuer ces problèmes en une future vidéo.	Anyway, I'm already at 11 minutes and people at YouTube apparently let me go well past the limit now, but people told me that they like the 10 minute nuggets of knowledge, so I will stop now and I'll continue these problems in a future video.				
De toute façon, je suis déjà à 11 minutes et de personnes sur YouTube apparemment <N1></N1> me go maintenant bien au-delà de la limite, mais on dit me qu'ils aiment les nuggets 10 minute de la connaissance, donc je vais arrêter maintenant et je vais continuer ces problèmes en une future vidéo.	Anyway, I'm already at 11 minutes and people at YouTube apparently let me go well past the limit now, but people told me that they like the 10 minute nuggets of knowledge, so I will stop now and I'll continue these problems in a future video.				
FALSE					
					
Et ensuite, on a commencé élaborer la pièce - un travail de 9, 10 mois. incroyablement exigeant : on n'a jamais utilisé autant de points lumineux. plus de 30 000 <L1>LED</L1> soudées à la main sur des petits circuits imprimés, tous faits main en Angleterre.	Then we started building the piece, which was a nine - or ten-month process. Incredibly laborious. The biggest, most light points we've ever used.	LED led DEL diode électroluminescente light-emitting diode			
Et ensuite, on a commencé élaborer la pièce - un travail de 9, 10 mois. incroyablement exigeant : on n'a jamais utilisé autant de points lumineux. plus de 30 000 <N1>DEL</N1> soudées à la main sur des petits circuits imprimés, tous faits main en Angleterre.	Then we started building the piece, which was a nine - or ten-month process. Incredibly laborious. The biggest, most light points we've ever used.				
TRUE					
					
L <L1>œsophage</L1> est un tube simple qui part de la bouche, traverse le cou, la région thoracique et le diaphragme, pour rejoindre l'estomac.	The oesophagus is a simple tube going from the mouth, through the neck, the thoracic region and the diaphragm, to the stomach.	gosier sophage gueule œsophage			
L <N1></N1> est un tube simple qui part de la bouche, traverse le cou, la région thoracique et le diaphragme, pour rejoindre l'estomac.	The oesophagus is a simple tube going from the mouth, through the neck, the thoracic region and the diaphragm, to the stomach.				
FALSE					
					
*Le fils prodigue était un peintre* 28 ans plus tôt, Rembrandt peint sa première vision de la <L1>parabole</L1> :	Part 2.	apologue parabole allégorie fable			
*Le fils prodigue était un peintre* 28 ans plus tôt, Rembrandt peint sa première vision de la <N1></N1> :	Part 2.				
FALSE					
					
Un jeune <L1>albatros</L1> de Laysan âgé de 4 mois est mort avec ça dans son estomac.	A four-month old Laysan Albatross chick died with this in its stomach.	albatros thalassarche			
Un jeune <N1></N1> de Laysan âgé de 4 mois est mort avec ça dans son estomac.	A four-month old Laysan Albatross chick died with this in its stomach.				
FALSE					
					
Quand les soldats sont entrés dans la cellule pour violer sa fille aînée, elle s'est accrochée à elle et a refusé de les laisser faire malgré le <L1>revolver</L1> qu'ils tenaient contre sa tempe.	When the soldiers burst in her cell to rape her oldest daughter, she grabs hold of her and refuses to let go, even when they hold a gun to her head.				
Quand les soldats sont entrés dans la cellule pour violer sa fille aînée, elle s'est accrochée à elle et a refusé de les laisser faire malgré le <N1>révolver</N1> qu'ils tenaient contre sa tempe.	When the soldiers burst in her cell to rape her oldest daughter, she grabs hold of her and refuses to let go, even when they hold a gun to her head.				
TRUE					
					
Le féminisme n'a jamais été <L2>sexy</L2> mais soyez-en certains ça ne m'a jamais empêchée de <L1>flirter</L1> et d'avoir des hommes autour de moi.	Feminism has never been sexy, but let me assure you that it never stopped me from flirting, and I have seldom suffered from lack of men.	allumeuse flirter | allumeuse papillon flirter | flirt flirter			
Le féminisme n'a jamais été <N2>sexy</N2> mais soyez-en certains ça ne m'a jamais empêchée de <N1>flirter</N1> et d'avoir des hommes autour de moi.	Feminism has never been sexy, but let me assure you that it never stopped me from flirting, and I have seldom suffered from lack of men.				
TRUE					
					
Michael Biehn est le Sergent Rex Power Colt dans la cyber-aventure la plus <L1>épique</L1> de l'année... Île et enfants vendus séparément	Michael Biehn is sergent Rex Power Colt in this year's most thrilling, action packed cyber adventure... island and children sold separately	épique héroïque épopée | épique épopée			
Michael Biehn est le Sergent Rex Power Colt dans la cyber-aventure la plus <N1></N1> de l'année... Île et enfants vendus séparément	Michael Biehn is sergent Rex Power Colt in this year's most thrilling, action packed cyber adventure... island and children sold separately				
FALSE					
					
OK, <L1>bye</L1> !	OK. Bye.				
OK, <N1></N1> !	OK. Bye.				
FALSE					
					
Au début, le terme <L1>remix</L1> ne s'appliquait qu'à la musique.	The term remix originally applied to music.				
Au début, le terme <N1>remix</N1> ne s'appliquait qu'à la musique.	The term remix originally applied to music.				
TRUE					
					
Un des premiers exemples: The Sugarhill Gang utilise le <L1>riff</L1> de basse du morceau Good Times de Chic dans leur <L2>hit</L2> intitulé Rapper's Delight .	Early example: the Sugarhill Gang samples the bass riff from Chic's  Good Times  in the 1979 hit  Rapper's Delight .				
Un des premiers exemples: The Sugarhill Gang utilise le <N1>riff</N1> de basse du morceau Good Times de Chic dans leur <N2>tube</N2> intitulé Rapper's Delight .	Early example: the Sugarhill Gang samples the bass riff from Chic's  Good Times  in the 1979 hit  Rapper's Delight .				
TRUE					
					
Ils jouent du <L1>blues</L1> extrêmement fort, un genre de musique qui sera bientôt appelé -	They play extremely loud blues music that soon will be known as—				
Ils jouent du <N1>blues</N1> extrêmement fort, un genre de musique qui sera bientôt appelé -	They play extremely loud blues music that soon will be known as—				
TRUE					
					
Au milieu des années 70, Led Zeppelin est le groupe de <L1>rock</L1> faisant le plus de tournées en Amérique, ce qui n'empêche pas différents critiques et autres chanteurs de les apppeler des... arnaqueurs .	By the mid-1970s Led Zeppelin are the biggest touring rock band in America, yet many critics and peers label them as rip-offs.	secousse diam caillou rock roc roche sucre d'orge rocher Rock | roche roc rocher rock | rock and roll roc rock 'n' roll roche rocher rock musique rock			
Au milieu des années 70, Led Zeppelin est le groupe de <N1>rock</N1> faisant le plus de tournées en Amérique, ce qui n'empêche pas différents critiques et autres chanteurs de les apppeler des... arnaqueurs .	By the mid-1970s Led Zeppelin are the biggest touring rock band in America, yet many critics and peers label them as rip-offs.				
TRUE					
					
Vous pouvez dire quelque chose avant que ce <L1>gentleman</L1> que vous pouvez me dire.	You may say before this gentleman anything which you may say to me.				
Vous pouvez dire quelque chose avant que ce <N1>gentleman</N1> que vous pouvez me dire.	You may say before this gentleman anything which you may say to me.				
TRUE					
					
Dans ce cas, j'ai trouvé sa biographie prise en <L1>sandwich</L1> entre celle d'un hébreu rabbin et celle d'un personnel commandant qui avait écrit une monographie sur la haute mer poissons.	In this case I found her biography sandwiched in between that of a Hebrew rabbi and that of a staff-commander who had written a monograph upon the deep-sea fishes.				
Dans ce cas, j'ai trouvé sa biographie prise en <N1>sandwich</N1> entre celle d'un hébreu rabbin et celle d'un personnel commandant qui avait écrit une monographie sur la haute mer poissons.	In this case I found her biography sandwiched in between that of a Hebrew rabbi and that of a staff-commander who had written a monograph upon the deep-sea fishes.				
TRUE					
					
Il n'ya rien de bien formidable, dit-il, en tenant un long rouleau en forme de <L1>cigare</L1> de son poche.	It is nothing very formidable,  he said, taking a long cigar-shaped roll from his pocket.	Cigarette cigarette cigare			
Il n'ya rien de bien formidable, dit-il, en tenant un long rouleau en forme de <N1></N1> de son poche.	It is nothing very formidable,  he said, taking a long cigar-shaped roll from his pocket.				
FALSE					
					
Regarde dans le ciel, tu reconnaîtras un <L1>boss</L1>	Bon voyage, left haters in the fog	Bos bos			
Regarde dans le ciel, tu reconnaîtras un <N1></N1>	Bon voyage, left haters in the fog				
FALSE					
					
Le même raisonnement est employé à l'égard de la chimio <L1>thérapie</L1> ..	The same reasoning is employed with regard to chemo  therapy ..	thérapie thérapeutique			
Le même raisonnement est employé à l'égard de la chimio <N1></N1> ..	The same reasoning is employed with regard to chemo  therapy ..				
FALSE					
					
L'approche <L1>thérapeutique</L1> prises dans chacun de ces cas devraient être basées indivudually sur chaque contexte spécifique.	The therapeutical approach taken in each of these cases would have to be based indivudually on each specific background.	thérapie thérapeutique | thérapeutique curatif guérison			
L'approche <N1></N1> prises dans chacun de ces cas devraient être basées indivudually sur chaque contexte spécifique.	The therapeutical approach taken in each of these cases would have to be based indivudually on each specific background.				
FALSE					
					
Ce que nous vivons sur le plan <L1>psychique</L1> à travers nos pensées, un changement de notre vision envers le monde, est un symptôme, pas une cause.	What we experience on the psychical level through our thoughts, a change of our view towards the world, is a symptom, not a cause.				
Ce que nous vivons sur le plan <N1></N1> à travers nos pensées, un changement de notre vision envers le monde, est un symptôme, pas une cause.	What we experience on the psychical level through our thoughts, a change of our view towards the world, is a symptom, not a cause.				
FALSE					
					
Le <L1>thérapeute</L1> doit même prendre soin de lui que les conversations sont souvent déconcertant.	The therapist must even take care of himself as the conversations are often unnerving.				
Le <N1></N1> doit même prendre soin de lui que les conversations sont souvent déconcertant.	The therapist must even take care of himself as the conversations are often unnerving.				
FALSE					
					
Symptômes associés auparavant whit polio sont nowdiagnosed la <L1>sclérose</L1> en plaques ou d'autres maladies et où ne pas déclarées comme des cas de polio et ne pas entrer dans les statistiques plus.	Symptoms previously associated whit polio are nowdiagnosed as multiple sclerosis or other diseases and where not reported as cases of polio and don't enter the statistics any more.				
Symptômes associés auparavant whit polio sont nowdiagnosed la <N1></N1> en plaques ou d'autres maladies et où ne pas déclarées comme des cas de polio et ne pas entrer dans les statistiques plus.	Symptoms previously associated whit polio are nowdiagnosed as multiple sclerosis or other diseases and where not reported as cases of polio and don't enter the statistics any more.				
FALSE					
					
Voici la notice du <L1>kit</L1> de test d'Abbott Laboratories.	Here is the test kit package insert from Abbott Laboratories.				
Voici la notice du <N1>kit</N1> de test d'Abbott Laboratories.	Here is the test kit package insert from Abbott Laboratories.				
TRUE					
					
Die sind in diesem Größenbereich, sehen alle <L1>aber</L1> aus unterschiedlich brute, sind auch nicht gemacht natürlich dafür, den ganzen Zellverbund zu und sind verlassen deswegen nicht stabilité, haben nicht immer das gleiche Aussehen, haben (((nicht - eine nicht das Nukleinsäure beinhaltet))) a été ich durch einfachste Färbetechniken schon darstellen kann.	Die sind in diesem Größenbereich, sehen aber alle unterschiedlich groß aus, sind natürlich auch nicht dafür gemacht, den ganzen Zellverbund zu verlassen und sind deswegen nicht stabil, haben nicht immer das gleiche Aussehen, haben (((nicht - eine Nukleinsäure beinhaltet das nicht))) was ich durch einfachste Färbetechniken schon darstellen kann.				
Die sind in diesem Größenbereich, sehen alle <N1></N1> aus unterschiedlich brute, sind auch nicht gemacht natürlich dafür, den ganzen Zellverbund zu und sind verlassen deswegen nicht stabilité, haben nicht immer das gleiche Aussehen, haben (((nicht - eine nicht das Nukleinsäure beinhaltet))) a été ich durch einfachste Färbetechniken schon darstellen kann.	Die sind in diesem Größenbereich, sehen aber alle unterschiedlich groß aus, sind natürlich auch nicht dafür gemacht, den ganzen Zellverbund zu verlassen und sind deswegen nicht stabil, haben nicht immer das gleiche Aussehen, haben (((nicht - eine Nukleinsäure beinhaltet das nicht))) was ich durch einfachste Färbetechniken schon darstellen kann.				
FALSE					
					
Par exemple, si vous essayez de repousser <L1>paroxysme</L1> musculaires lieu de détente.	For example if you try to push back muscular paroxysm instead of relaxing.				
Par exemple, si vous essayez de repousser <N1></N1> musculaires lieu de détente.	For example if you try to push back muscular paroxysm instead of relaxing.				
FALSE					
					
Par exemple, un <L1>kyste</L1> de l'ovaire rend une femme regarde dix ans plus jeune de façon permanente.	For example, an ovarian cyst makes a woman look ten years younger permanently.	ampoule vésicule Vésicule kyste			
Par exemple, un <N1></N1> de l'ovaire rend une femme regarde dix ans plus jeune de façon permanente.	For example, an ovarian cyst makes a woman look ten years younger permanently.				
FALSE					
					
Un patient souffrant de douleurs peuvent consulter un médecin, un thérapeute ou praticien de guérisseur acupuncture, le massage, l'homéopathie ou mentale ou <L1>chaman</L1> de son propre choix, et peut-être soulager la douleur est déjà dans la salle d'attente, de sorte qu'il se sent mal à l'aise maintenant venu là du tout.	A patient with pain may visit a doctor, therapist or practitioner of accupuncture, massage, homeopathy or mental healer or shaman of his own choice, and perhaps the pain is relieving already in the waiting room, so that he now feels uncomfortable to have come there at all.				
Un patient souffrant de douleurs peuvent consulter un médecin, un thérapeute ou praticien de guérisseur acupuncture, le massage, l'homéopathie ou mentale ou <N1></N1> de son propre choix, et peut-être soulager la douleur est déjà dans la salle d'attente, de sorte qu'il se sent mal à l'aise maintenant venu là du tout.	A patient with pain may visit a doctor, therapist or practitioner of accupuncture, massage, homeopathy or mental healer or shaman of his own choice, and perhaps the pain is relieving already in the waiting room, so that he now feels uncomfortable to have come there at all.				
FALSE					
					
Les gauchers ne constituent pas une si petite <L1>minorité</L1> comme on le croit mais leur proportion est d'environ 38%.	Left handers don't constitute such a small minority as widely believed but their proportion is about 38%.	minorité minoritaire			
Les gauchers ne constituent pas une si petite <N1></N1> comme on le croit mais leur proportion est d'environ 38%.	Left handers don't constitute such a small minority as widely believed but their proportion is about 38%.				
FALSE					
					
Je ne peux pas être soumis à cette <L1>pédophilie</L1> pas plus, et même si je serais enlevé je ne pouvais me défendre.	I cannot be subject to this pedophilia any more, and even if I would be abducted I could defend myself.	pédophilie môme enfant enfance			
Je ne peux pas être soumis à cette <N1></N1> pas plus, et même si je serais enlevé je ne pouvais me défendre.	I cannot be subject to this pedophilia any more, and even if I would be abducted I could defend myself.				
FALSE					
					
Notre site a une <L1>FAQ</L1> aborder certaines des questions typiques de débutants.	Our homepage has an FAQ addressing some of the typical questions from beginners.	foire aux questions FAQ Foire aux questions			
Notre site a une <N1></N1> aborder certaines des questions typiques de débutants.	Our homepage has an FAQ addressing some of the typical questions from beginners.				
FALSE					
					
Il exige que nous apportiions tous nos sens à la tâche, et que nous appliquions le meilleur de notre réflexion, de notre ressenti et de notre application au <L1>challenge</L1> que nous avons devant nous.	It demands that we bring all of our senses to the task, and that we apply the very best of our thinking, our feeling and our doing to the challenge that we have at hand.				
Il exige que nous apportiions tous nos sens à la tâche, et que nous appliquions le meilleur de notre réflexion, de notre ressenti et de notre application au <N1>défi</N1> que nous avons devant nous.	It demands that we bring all of our senses to the task, and that we apply the very best of our thinking, our feeling and our doing to the challenge that we have at hand.				
TRUE					
					
- Qu'est-ce que c'est ? , - <L1>kangourou</L1> .	- 'What is that?' - 'Kangaroo.' - 'Ah!'	macropodidae kangourou			
- Qu'est-ce que c'est ? , - <N1>kangourou</N1> .	- 'What is that?' - 'Kangaroo.' - 'Ah!'				
TRUE					
					
Veux-tu insinuer que je suis la cause du <L1>séisme</L1> ?	Are you saying that I caused the earthquake?	tremblement de terre séisme | séisme carquois | tremblement tremblement de terre séisme			
Veux-tu insinuer que je suis la cause du <N1></N1> ?	Are you saying that I caused the earthquake?				
FALSE					
					
La Palestine a quelque chose d'une <L1>anomalie</L1> cartographique, parce qu'elle est composée de deux morceaux Palestinien, et d'un morceau Israélien.	Palestine is something of a cartographic anomaly because it's two parts Palestinian, one part Israel.				
La Palestine a quelque chose d'une <N1></N1> cartographique, parce qu'elle est composée de deux morceaux Palestinien, et d'un morceau Israélien.	Palestine is something of a cartographic anomaly because it's two parts Palestinian, one part Israel.				
FALSE					
					
Pour beaucoup de pays dans cette partie du monde, avoir un oléoduc est le <L1>ticket</L1> d'entrée dans l'économie mondiale et pour avoir un sens en tant que pays, au-delà des simples frontières, qui ne représentent plus ce qu'elles étaient.	For a number of countries in this part of the world, having pipelines is the ticket to becoming part of the global economy and for having some meaning besides the borders that they are not loyal to themselves.	coupon ticket bon | ticket amende | billet ticket | ardoise ticket | billet billetterie ticket			
Pour beaucoup de pays dans cette partie du monde, avoir un oléoduc est le <N1></N1> d'entrée dans l'économie mondiale et pour avoir un sens en tant que pays, au-delà des simples frontières, qui ne représentent plus ce qu'elles étaient.	For a number of countries in this part of the world, having pipelines is the ticket to becoming part of the global economy and for having some meaning besides the borders that they are not loyal to themselves.				
FALSE					
					
Agis comme une <L1>superstar</L1>	Act like a superstar				
Agis comme une <N1>vedette</N1>	Act like a superstar				
TRUE					
					
A worrying divide has grown between what we call the elites, I would say those who have power <L1>because</L1> the word elite is a bit pejorative, and the people of the base.	le quatrième pouvoir, ont pris une importance considérable, tout en essayant de tout simplifier, il s'est creusé un écart inquiétant entre ce que I'on appelle les élites, je dirais ceux qui ont le pouvoir, parce que le mot élite est un peu péjoratif, et les gens de la base.				
A worrying divide has grown between what we call the elites, I would say those who have power <N1></N1> the word elite is a bit pejorative, and the people of the base.	le quatrième pouvoir, ont pris une importance considérable, tout en essayant de tout simplifier, il s'est creusé un écart inquiétant entre ce que I'on appelle les élites, je dirais ceux qui ont le pouvoir, parce que le mot élite est un peu péjoratif, et les gens de la base.				
FALSE					
					
This second point makes it <L1>hard</L1> to explain: why Europe?	Ce deuxième point rend plus difficile d'expliquer: pourquoi l'Europe?	Fucking Hard Autriche			
This second point makes it <N1></N1> to explain: why Europe?	Ce deuxième point rend plus difficile d'expliquer: pourquoi l'Europe?				
FALSE					
					
This atmosphere is neither favourable to bringing together points of view between European states on the one hand, nor on the other to creating a <L1>feeling</L1> among citizens of belonging to something in addition to their nation, which remains essential to this overall ambition and to this common vessel which is Europe.	Ce climat-là n'est pas favorable d'une part au rapprochement des points de vue entre les États européens, et d'autre part à créer un sentiment chez les citoyens d'appartenir en plus de leur nation, ce qui reste essentielle, à cette ambition globale, à ce navire en commun qui est l'Europe.				
This atmosphere is neither favourable to bringing together points of view between European states on the one hand, nor on the other to creating a <N1></N1> among citizens of belonging to something in addition to their nation, which remains essential to this overall ambition and to this common vessel which is Europe.	Ce climat-là n'est pas favorable d'une part au rapprochement des points de vue entre les États européens, et d'autre part à créer un sentiment chez les citoyens d'appartenir en plus de leur nation, ce qui reste essentielle, à cette ambition globale, à ce navire en commun qui est l'Europe.				
FALSE					
					
Not because France and Germany <L1>must</L1> dominate Europe.	Pas seulement parce que la France et l'Allemagne doivent dominer l'Europe.				
Not because France and Germany <N1></N1> dominate Europe.	Pas seulement parce que la France et l'Allemagne doivent dominer l'Europe.				
FALSE					
					
We do not ask the other to be <L1>like</L1> us.	Et on ne demande pas à I'autre d'être comme nous.				
We do not ask the other to be <N1></N1> us.	Et on ne demande pas à I'autre d'être comme nous.				
FALSE					
					
Between us, Merkel hesitated a great <L1>deal</L1> on the euro.	Et entre nous, Merkel a beaucoup hésité sur I'euro.				
Between us, Merkel hesitated a great <N1></N1> on the euro.	Et entre nous, Merkel a beaucoup hésité sur I'euro.				
FALSE					
					
Et ensuite, si elles marchent dans le salon et que le mari regarde un <L1>show</L1> télé où les femmes ressemblent à ça, ne pensez pas, messieurs, que cela n'impacte pas votre femme négativement.	And then, if they walk in the living room and the husband is watching a television show where the women do look like that, don't think, man, that that doesn't impact your wife negatively.				
Et ensuite, si elles marchent dans le salon et que le mari regarde une <N1>émission</N1> télé où les femmes ressemblent à ça, ne pensez pas, messieurs, que cela n'impacte pas votre femme négativement.	And then, if they walk in the living room and the husband is watching a television show where the women do look like that, don't think, man, that that doesn't impact your wife negatively.				
TRUE					
					
Des sortes de trucs <L1>techno</L1> <L2>punk</L2> européens, vous savez.	Just European techno punk kind of stuff, you know.	amadouvier amadou punk agaric de chêne | fromager bon marché punk fromageux économique			
Des sortes de trucs <N1>techno</N1> <N2>punk</N2> européens, vous savez.	Just European techno punk kind of stuff, you know.				
TRUE					
					
En 2030, si les variétés de <L1>maïs</L1> -- qui est la culture dominante, 50% de la nutrition en Afrique du Sud -- sont toujours les mêmes, en 2030, nous aurons une baisse de 30% de la production de maïs à cause du changement climatique. Dès 2030.	By 2030, if the maize, or corn, varieties, which is the dominant crop -- 50 percent of the nutrition in Southern Africa are still in the field -- in 2030, we'll have a 30 percent decrease in production of maize because of the climate change already in 2030.	maïs maïs sucré | maïs céréale | maïs zea mays | maïs whisky de maïs | froment maïs blé épeautre | maïs maïs doux maïs sucré | maïs citronnier citron			
En 2030, si les variétés de <N1></N1> -- qui est la culture dominante, 50% de la nutrition en Afrique du Sud -- sont toujours les mêmes, en 2030, nous aurons une baisse de 30% de la production de maïs à cause du changement climatique. Dès 2030.	By 2030, if the maize, or corn, varieties, which is the dominant crop -- 50 percent of the nutrition in Southern Africa are still in the field -- in 2030, we'll have a 30 percent decrease in production of maize because of the climate change already in 2030.				
FALSE					
					
Le <L1>HTML</L1> de base pour saisir l'objet canvas est assez simple.	The basic HTML for grabbing the canvas object is pretty straightforward.	HTML Hypertext Markup Language			
Le <N1>HTML</N1> de base pour saisir l'objet canvas est assez simple.	The basic HTML for grabbing the canvas object is pretty straightforward.				
TRUE					
					
Quel joueur de <L1>poker</L1> êtes-vous ?	What kind of poker player are you ?	poker tisonnier | salamandre poker tisonnier			
Quel joueur de <N1></N1> êtes-vous ?	What kind of poker player are you ?				
FALSE					
					
Je me rappelle que notre souffle faisait gelé les boulons du <L1>wagon</L1> et on grattait la glace, pleine de poussières, afin d'obtenir quelques gouttes d'eau.	This was really our first, tormenting experience, for 5 days. I remember that our breath would freeze on the car bolts and we would compete, scraping off the frost, full of rust as it was, to have a few drops with which to wet our lips. And the baby cried from morning to night because his mother had no milk left.	wagon voiture | Grande Ourse charrette chariot wagon Cinclidae | wagon carrosse | position carrosse wagon			
Je me rappelle que notre souffle faisait gelé les boulons du <N1></N1> et on grattait la glace, pleine de poussières, afin d'obtenir quelques gouttes d'eau.	This was really our first, tormenting experience, for 5 days. I remember that our breath would freeze on the car bolts and we would compete, scraping off the frost, full of rust as it was, to have a few drops with which to wet our lips. And the baby cried from morning to night because his mother had no milk left.				
FALSE					
					
Et j'ai pensé, je peux peut-être devenir <L1>reporter</L1> et gynécologue.	And I thought, maybe I can be a reporter and doctor gynecologist.	mouvoir fermer reporter retirer se retirer ajourner | retarder reculer reporter différer postposer repousser | passer accorder représenter consacrer placer exercer déposer élaborer arrêter exposer formuler remettre reporter adresser concrétiser mettre | journaliste reporter			
Et j'ai pensé, je peux peut-être devenir <N1>journaliste</N1> et gynécologue.	And I thought, maybe I can be a reporter and doctor gynecologist.				
TRUE					
					
Cependant, seulement un ou deux de mes invités n'a jamais été assez audacieux pour rester et manger un hâtif <L1>pudding</L1> avec moi, mais quand ils ont vu que la crise approcher ils ont battu une hâtives retraite plutôt, comme si elle allait secouer la maison jusque dans ses fondements.	However, only one or two of my guests were ever bold enough to stay and eat a hasty- pudding with me; but when they saw that crisis approaching they beat a hasty retreat rather, as if it would shake the house to its foundations.				
Cependant, seulement un ou deux de mes invités n'a jamais été assez audacieux pour rester et manger un hâtif <N1>pudding</N1> avec moi, mais quand ils ont vu que la crise approcher ils ont battu une hâtives retraite plutôt, comme si elle allait secouer la maison jusque dans ses fondements.	However, only one or two of my guests were ever bold enough to stay and eat a hasty- pudding with me; but when they saw that crisis approaching they beat a hasty retreat rather, as if it would shake the house to its foundations.				
TRUE					
					
Il ya beaucoup de sillons dans le sable, où une créature a parcouru environ et doublé sur ses traces, et, pour les épaves, il est parsemé des cas de trichoptères-les vers faite de petits grains de <L1>quartz</L1> blanc.	There are many furrows in the sand where some creature has travelled about and doubled on its tracks; and, for wrecks, it is strewn with the cases of caddis-worms made of minute grains of white quartz.	cristal de roche quartz | cristal cristal de roche quartz			
Il ya beaucoup de sillons dans le sable, où une créature a parcouru environ et doublé sur ses traces, et, pour les épaves, il est parsemé des cas de trichoptères-les vers faite de petits grains de <N1></N1> blanc.	There are many furrows in the sand where some creature has travelled about and doubled on its tracks; and, for wrecks, it is strewn with the cases of caddis-worms made of minute grains of white quartz.				
FALSE					
					
Dans les années précédentes j'avais souvent allés de prospection sur certains coteaux nus, où un bois de <L1>pitchpin</L1> avait se trouvait autrefois, et a obtenu les racines de pin graisse.	In previous years I had often gone prospecting over some bare hillside, where a pitch pine wood had formerly stood, and got out the fat pine roots.				
Dans les années précédentes j'avais souvent allés de prospection sur certains coteaux nus, où un bois de <N1></N1> avait se trouvait autrefois, et a obtenu les racines de pin graisse.	In previous years I had often gone prospecting over some bare hillside, where a pitch pine wood had formerly stood, and got out the fat pine roots.				
FALSE					
					
Il ya un peu qui se souviennent de son <L1>patch</L1> peu entre les noix de Grenoble, où il laisse pousser jusqu'à il devrait être vieux et ont besoin, mais un spéculateur plus jeune et plus blanc les ai au dernier.	There are a few who remember his little patch among the walnuts, which he let grow up till he should be old and need them; but a younger and whiter speculator got them at last.				
Il ya un peu qui se souviennent de son <N1></N1> peu entre les noix de Grenoble, où il laisse pousser jusqu'à il devrait être vieux et ont besoin, mais un spéculateur plus jeune et plus blanc les ai au dernier.	There are a few who remember his little patch among the walnuts, which he let grow up till he should be old and need them; but a younger and whiter speculator got them at last.				
FALSE					
					
Il a été bercé par la sympathie que ma seule présence implicite, et m'a montré, comme ainsi que l'obscurité permise, où le bien a été couvert, ce qui, Dieu merci, ne pourrait jamais être brûlés, et il tâtonne longtemps sur le mur pour trouver le bien-balayage qui son père avait coupé et monté, sentiment pour le crochet de fer ou des agrafes par lequel un fardeau avait été fixé à l'extrémité lourde - tous qu'il pouvait désormais s'accrocher à - de me convaincre que ce n'était pas commun <L1>rider</L1> .	He was soothed by the sympathy which my mere presence implied, and showed me, as well as the darkness permitted, where the well was covered up; which, thank Heaven, could never be burned; and he groped long about the wall to find the well-sweep which his father had cut and mounted, feeling for the iron hook or staple by which a burden had been fastened to the heavy end--all that he could now cling to--to convince me that it was no common  rider.	ride rider sillon | sillon ligne ride rider			
Il a été bercé par la sympathie que ma seule présence implicite, et m'a montré, comme ainsi que l'obscurité permise, où le bien a été couvert, ce qui, Dieu merci, ne pourrait jamais être brûlés, et il tâtonne longtemps sur le mur pour trouver le bien-balayage qui son père avait coupé et monté, sentiment pour le crochet de fer ou des agrafes par lequel un fardeau avait été fixé à l'extrémité lourde - tous qu'il pouvait désormais s'accrocher à - de me convaincre que ce n'était pas commun <N1></N1> .	He was soothed by the sympathy which my mere presence implied, and showed me, as well as the darkness permitted, where the well was covered up; which, thank Heaven, could never be burned; and he groped long about the wall to find the well-sweep which his father had cut and mounted, feeling for the iron hook or staple by which a burden had been fastened to the heavy end--all that he could now cling to--to convince me that it was no common  rider.				
FALSE					
					
Il y avait là ses vieux habits recroquevillé par l'usage, comme si elles étaient lui-même, sur sa soulevées Sa pipe cassée jeter sur le foyer, au lieu d'un <L1>bol</L1> cassé à la fontaine.	There lay his old clothes curled up by use, as if they were himself, upon his raised plank bed.				
Il y avait là ses vieux habits recroquevillé par l'usage, comme si elles étaient lui-même, sur sa soulevées Sa pipe cassée jeter sur le foyer, au lieu d'un <N1></N1> cassé à la fontaine.	There lay his old clothes curled up by use, as if they were himself, upon his raised plank bed.				
FALSE					
					
Parfois, un <L1>pack</L1> de la chasse en se passerait ma porte, et mon cercle autour maison, et yelp et lévrier, sans me concernant, comme si affligé par une espèce de la folie, de sorte que rien ne pouvait les détourner de la poursuite.	Sometimes a pack hunting by themselves would pass my door, and circle round my house, and yelp and hound without regarding me, as if afflicted by a species of madness, so that nothing could divert them from the pursuit.	emballage pack meute			
Parfois, un <N1></N1> de la chasse en se passerait ma porte, et mon cercle autour maison, et yelp et lévrier, sans me concernant, comme si affligé par une espèce de la folie, de sorte que rien ne pouvait les détourner de la poursuite.	Sometimes a pack hunting by themselves would pass my door, and circle round my house, and yelp and hound without regarding me, as if afflicted by a species of madness, so that nothing could divert them from the pursuit.				
FALSE					
					
Ledges Fair Haven, et d'échanger leurs peaux pour le <L1>rhum</L1> à Concord village; qui lui a dit, même, qu'il avait vu un orignal là.	Fair Haven Ledges, and exchange their skins for rum in Concord village; who told him, even, that he had seen a moose there.	rhum rami | débris poussière débri rhum déblai			
Ledges Fair Haven, et d'échanger leurs peaux pour le <N1></N1> à Concord village; qui lui a dit, même, qu'il avait vu un orignal là.	Fair Haven Ledges, and exchange their skins for rum in Concord village; who told him, even, that he had seen a moose there.				
FALSE					
					
Dans le Livre Wast d'un <L1>trader</L1> anciens de cette ville, qui était aussi un capitaine, la ville-clerc, et représentatif, je trouve l'entrée suivante.	In the  Wast Book  of an old trader of this town, who was also a captain, town-clerk, and representative, I find the following entry.				
Dans le Livre Wast d'un <N1></N1> anciens de cette ville, qui était aussi un capitaine, la ville-clerc, et représentatif, je trouve l'entrée suivante.	In the  Wast Book  of an old trader of this town, who was also a captain, town-clerk, and representative, I find the following entry.				
FALSE					
					
Nos bois fourmillent de tous les deux, et autour de chaque marécage peut être vu de la perdrix ou de promener lapins, assailli par des clôtures Twiggy et crin de cheval pièges, dont certains <L1>cow-boy</L1> tend. &gt;	Our woods teem with them both, and around every swamp may be seen the partridge or rabbit walk, beset with twiggy fences and horse-hair snares, which some cow-boy tends. &gt;	vacher cow-boy			
Nos bois fourmillent de tous les deux, et autour de chaque marécage peut être vu de la perdrix ou de promener lapins, assailli par des clôtures Twiggy et crin de cheval pièges, dont certains <N1></N1> tend. &gt;	Our woods teem with them both, and around every swamp may be seen the partridge or rabbit walk, beset with twiggy fences and horse-hair snares, which some cow-boy tends. &gt;				
FALSE					
					
Alors je serai dans le <L1>lobby</L1> buvant pour deux Dix huit Atteint de calvitie naissante	Then I'll be in the lobby drinking for two 18, balding, star	groupe d'intérêt lobby groupe de pression			
Alors je serai dans le <N1></N1> buvant pour deux Dix huit Atteint de calvitie naissante	Then I'll be in the lobby drinking for two 18, balding, star				
FALSE					
					
Au lieu de cela, vous devez <L1>implémenter</L1> un objet sub dans la sous-classe.	Instead you should implement a sub object in the subclass.	implémenter appliquer réviser réaliser rédiger | implémenter appliquer établir exécuter imposer mettre | implémenter appliquer établir			
Au lieu de cela, vous devez <N1></N1> un objet sub dans la sous-classe.	Instead you should implement a sub object in the subclass.				
FALSE					
					
Ohhh je suis un lion, au fond de la <L1>jungle</L1>	Down in the jungle I am a marching band	jungle forêt vierge			
Ohhh je suis un lion, au fond de la <N1></N1>	Down in the jungle I am a marching band				
FALSE					
					
Au bout d'un <L1>tunnel</L1> (C'est le plus grand)	At the end of the rainbow	tunnel antre terrier trou | galerie tunnel			
Au bout d'un <N1></N1> (C'est le plus grand)	At the end of the rainbow				
FALSE					
					
Rationalité et <L1>résilience</L1> émotionnelle fonctionnent de la même manière.	Rationality and emotional resilience work the same way.	résilience résistance			
Rationalité et <N1></N1> émotionnelle fonctionnent de la même manière.	Rationality and emotional resilience work the same way.				
FALSE					
					
Si un physicien dont le corps a été fait d'antimatière, veut faire des expériences en laboratoire aussi faite d'antimatière, à l'aide de substances chimiques et des antiparticules, il trouverait presque exactement les mêmes résultats que son <L1>homologue</L1> de matière.	If a physicist whose body was made of antimatter, would do experiments in a laboratory also made of antimatter, using chemicals and substances made of antiparticles, he would find almost exactly the same results as his matter counterpart.	homologue contrepartie			
Si un physicien dont le corps a été fait d'antimatière, veut faire des expériences en laboratoire aussi faite d'antimatière, à l'aide de substances chimiques et des antiparticules, il trouverait presque exactement les mêmes résultats que son <N1></N1> de matière.	If a physicist whose body was made of antimatter, would do experiments in a laboratory also made of antimatter, using chemicals and substances made of antiparticles, he would find almost exactly the same results as his matter counterpart.				
FALSE					
					
Lorsque le bras était intact, mais paralysé, le cerveau envoyait des commandes au bras, la partie frontale du cerveau disant bouge, le <L1>feedback</L1> visuel répondant non.	When the arm was intact, but paralyzed, the brain sends commands to the arm, the front of the brain, saying,  Move,  but it's getting visual feedback saying,  No.				
Lorsque le bras était intact, mais paralysé, le cerveau envoyait des commandes au bras, la partie frontale du cerveau disant bouge, la <N1>rétroaction</N1> visuelle répondant non.	When the arm was intact, but paralyzed, the brain sends commands to the arm, the front of the brain, saying,  Move,  but it's getting visual feedback saying,  No.				
TRUE					
					
Et lorsque le bras disparaît, le <L1>bonus</L1> c'est que la douleur disparaît parce qu'il est impossible de ressentir une douleur incorporelle, flottant là, dans l'espace.	And when the arm disappears, the bonus is, the pain disappears because you can't have disembodied pain floating out there, in space.	bonus chiquenaude pichenette coup de pouce | bonus prime intérêt			
Et lorsque le bras disparaît, le <N1>bonus</N1> c'est que la douleur disparaît parce qu'il est impossible de ressentir une douleur incorporelle, flottant là, dans l'espace.	And when the arm disappears, the bonus is, the pain disappears because you can't have disembodied pain floating out there, in space.				
TRUE					
					
Une autre théorie dit que ce sont des drogués adeptes de <L1>LSD</L1> et de marijuana, d'accord ?	Another theory is they are acid junkies and potheads, right?	LSD acide lysergique diéthylamide lsd			
Une autre théorie dit que ce sont des drogués adeptes de <N1>LSD</N1> et de marijuana, d'accord ?	Another theory is they are acid junkies and potheads, right?				
TRUE					
					
Les principales cultures sont le coton et le tabac, et on est très fiers de notre <L1>cacahuète</L1> du Comté de Bertie.	The biggest crops are cotton and tobacco, and we're very proud of our Bertie County peanut.	cacahuète arachide arachis hypogaea | insignifiant mineur cacahuète | arachide cacahuète			
Les principales cultures sont le coton et le tabac, et on est très fiers de notre <N1></N1> du Comté de Bertie.	The biggest crops are cotton and tobacco, and we're very proud of our Bertie County peanut.				
FALSE					
					
Il a lancé quelques unes des premières <L1>charter</L1> schools (écoles publiques semi autonomes) du pays dans la fin des années 80 aux Etats-Unis.	He started some of the country's first charter schools in the late '80s in the U.S.	charter charte			
Il a lancé quelques unes des premières <N1></N1> schools (écoles publiques semi autonomes) du pays dans la fin des années 80 aux Etats-Unis.	He started some of the country's first charter schools in the late '80s in the U.S.				
FALSE					
					
Et c'est un vrai <L1>renégat</L1> visionnaire, et il est la raison pour laquelle je vis et je travaille aujourd'hui là-bas.	And he is an absolute renegade and a visionary, and he is the reason that I now live and work there.	traitre déserteur girouette traître renégat apostat			
Et c'est un vrai <N1></N1> visionnaire, et il est la raison pour laquelle je vis et je travaille aujourd'hui là-bas.	And he is an absolute renegade and a visionary, and he is the reason that I now live and work there.				
FALSE					
					
Et sortir au contact de la communauté et <L1>interviewer</L1> vos voisins sur le type de nourriture qu'ils achètent l'origine de ces produits alimentaires et les raisons de cet achat c'est un devoir.	And going out into the community and interviewing your neighbors about what kind of food they buy and from where and why -- that's a homework assignment.				
Et sortir au contact de la communauté et <N1>interroger</N1> vos voisins sur le type de nourriture qu'ils achètent l'origine de ces produits alimentaires et les raisons de cet achat c'est un devoir.	And going out into the community and interviewing your neighbors about what kind of food they buy and from where and why -- that's a homework assignment.				
TRUE					
					
Eh bien, le fait est que la guêpe <L1>bijou</L1> fait sa maison à l'intérieur d'un cafard vivant.	Well, the thing is that the jewel wasp makes its house inside a living cockroach.	pierre précieuse gemme bijou joyau | joyau bijou | fleuron joyau bijou pierre précieuse | muffin joyau bijou			
Eh bien, le fait est que la guêpe <N1></N1> fait sa maison à l'intérieur d'un cafard vivant.	Well, the thing is that the jewel wasp makes its house inside a living cockroach.				
FALSE					
					
D'un seul coup, sa conscience est intervenue Bon, <L1>stop</L1> !	And suddenly, his conscience comes into play... ( Shit is mine, I gotta do this.. gotta do this )	stop de du stop faire de pouce du autostop			
D'un seul coup, sa conscience est intervenue Bon, <N1></N1> !	And suddenly, his conscience comes into play... ( Shit is mine, I gotta do this.. gotta do this )				
FALSE					
					
Et quand elles parlent je les suis Découvrez Stan, âgé de 21 ans Après avoir rencontré une jeune fille à une <L1>rave</L1> <L2>party</L2>	Meet Stan, twenty-one years old.( Give me a kiss! ) After meeting a young girl at a rave party, things start getting hot and heavy in an upstairs bedroom.				
Et quand elles parlent je les suis Découvrez Stan, âgé de 21 ans Après avoir rencontré une jeune fille à une <N1></N1> <N2></N2>	Meet Stan, twenty-one years old.( Give me a kiss! ) After meeting a young girl at a rave party, things start getting hot and heavy in an upstairs bedroom.				
FALSE					
					
&gt;&gt; Vous pensez que les stars ont tout le <L1>fun</L1> ?	&gt;&gt; Think stars are having all of the fun?				
&gt;&gt; Vous pensez que les stars ont tout le <N1></N1> ?	&gt;&gt; Think stars are having all of the fun?				
FALSE					
					
Nous allons faire un tour de la haie de mega-maisons qu'ils achètent avec le <L1>cash</L1> de leurs fonds d'investissement... &gt;&gt;Wade Carrington est la plus grand propriété de Grenitch, 25 millions de dollards.	We'll tour the hedgerow mega-homes they're buying with all that hedge fund cash... &gt;&gt; Wade Carrington's the largest estate in Grenitch, and it's 25 million dollars.				
Nous allons faire un tour de la haie de mega-maisons qu'ils achètent avec le <N1></N1> de leurs fonds d'investissement... &gt;&gt;Wade Carrington est la plus grand propriété de Grenitch, 25 millions de dollards.	We'll tour the hedgerow mega-homes they're buying with all that hedge fund cash... &gt;&gt; Wade Carrington's the largest estate in Grenitch, and it's 25 million dollars.				
FALSE					
					
C'est le <L1>flush</L1> royal.	This is the royal flush.				
C'est le <N1></N1> royal.	This is the royal flush.				
FALSE					
					
Rob Hopkins du Transition Network cherche des solutions à ce problème de pic du pétrole. &gt;&gt; Cela a commencé lorsque je travaillais à Kinsake en Irelande à l'école d'éducation supérieure et que nous avons commencé à observer qu'il doit y avoir des endroits utilisant les principes de <L1>permaculture</L1> de pensée durable, de pensée systèmique, pour voir comment les villes, villages et communautés vont pouvoir se sortir du pic de pétrole avec succès.	Rob Hopkins of transition network is seeking solutions to the problem of peak oil. &gt;&gt; It started when I was working in Kinsale in Ireland at the  further education college  there and we started looking around for... ...there must be places who are using permaculture principles and sustainability thinking, systems thinking, to work out how cities and towns and communities are going to get through peak oil sucessfully.				
Rob Hopkins du Transition Network cherche des solutions à ce problème de pic du pétrole. &gt;&gt; Cela a commencé lorsque je travaillais à Kinsake en Irelande à l'école d'éducation supérieure et que nous avons commencé à observer qu'il doit y avoir des endroits utilisant les principes de <N1></N1> de pensée durable, de pensée systèmique, pour voir comment les villes, villages et communautés vont pouvoir se sortir du pic de pétrole avec succès.	Rob Hopkins of transition network is seeking solutions to the problem of peak oil. &gt;&gt; It started when I was working in Kinsale in Ireland at the  further education college  there and we started looking around for... ...there must be places who are using permaculture principles and sustainability thinking, systems thinking, to work out how cities and towns and communities are going to get through peak oil sucessfully.				
FALSE					
					
Est-il possible que nous, être humains, qui sommes sensibles à la détresse empathique est-il possible que nous puissions réellement étendre notre <L1>empathie</L1> à la race humaine entière comme une famille étendue et à nos braves animaux comme faisant partie de la famille de notre évolution et la biosphère comme étant notre communauté commune ?	Is it possible that we human beings, who are soft-wired for empathic distress is it possible we could actually extend our empathy to the entire human race as an extended family and to our fellow creatures as part of our evolutionary family and to the biosphere as our common community?				
Est-il possible que nous, être humains, qui sommes sensibles à la détresse empathique est-il possible que nous puissions réellement étendre notre <N1></N1> à la race humaine entière comme une famille étendue et à nos braves animaux comme faisant partie de la famille de notre évolution et la biosphère comme étant notre communauté commune ?	Is it possible that we human beings, who are soft-wired for empathic distress is it possible we could actually extend our empathy to the entire human race as an extended family and to our fellow creatures as part of our evolutionary family and to the biosphere as our common community?				
FALSE					
					
Et si ils ont un <L1>smartphone</L1> et sont sur google ils ont un meilleur accès à l'information et la connaissance que le président Clinton il y a 15 ans.	And if they're on a smart phone on Google they've got access to more knowledge and information than president Clinton did 15 years ago.				
Et si ils ont un <N1>téléphone intelligent</N1> et sont sur google ils ont un meilleur accès à l'information et la connaissance que le président Clinton il y a 15 ans.	And if they're on a smart phone on Google they've got access to more knowledge and information than president Clinton did 15 years ago.				
TRUE					
					
J'ai rencontré Derek quand il avait quatre ans et demi, et pour être honnête, Derek, au début j'ai cru que tu étais fou, parce que, quand tu jouais du piano, tu semblais vouloir jouer toutes les touches du clavier en même temps, et tu avais aussi la <L1>manie</L1> de me taper pour m'écarter.	Now, along -- Derek and I met when he was four and a half years old, and at first, Derek, I thought you were mad, to be honest, because when you played the piano, you seemed to want to play every single note on the keyboard, and also you had this little habit of hitting me out of the way.	Passion manie			
J'ai rencontré Derek quand il avait quatre ans et demi, et pour être honnête, Derek, au début j'ai cru que tu étais fou, parce que, quand tu jouais du piano, tu semblais vouloir jouer toutes les touches du clavier en même temps, et tu avais aussi la <N1></N1> de me taper pour m'écarter.	Now, along -- Derek and I met when he was four and a half years old, and at first, Derek, I thought you were mad, to be honest, because when you played the piano, you seemed to want to play every single note on the keyboard, and also you had this little habit of hitting me out of the way.				
FALSE					
					
C'est ta capacité à reconnaître des sons simultanés, pas seulement des sons distincts, mais quand tout un <L1>orchestre</L1> joue,	And it's that ability, that ability to hear simultaneous sounds, not only just single sounds, but when a whole orchestra is playing,				
C'est ta capacité à reconnaître des sons simultanés, pas seulement des sons distincts, mais quand tout un <N1></N1> joue,	And it's that ability, that ability to hear simultaneous sounds, not only just single sounds, but when a whole orchestra is playing,				
FALSE					
					
Le sillon en spirale d'un disque <L1>vinyle</L1> présente de petites déformations horizontales et une profondeur variable, caractéristique du son à reproduire.	Then, mechanical oscillations are transformed into electric signals and amplified before reaching the loudspeakers.				
Le sillon en spirale d'un disque <N1></N1> présente de petites déformations horizontales et une profondeur variable, caractéristique du son à reproduire.	Then, mechanical oscillations are transformed into electric signals and amplified before reaching the loudspeakers.				
FALSE					
					
Alors, comme elle l'a dit, c'est clairement exagéré, mais, c'est la raison pour laquelle ils m'ont appelé le parrain du <L1>skateboard</L1> de rue moderne.	So, as she mentioned, that is overstated for sure, but that's why they called me the godfather of modern street skating.	faire du skate planche à roulettes skateboard skater | planche à roulettes skate skateboard | planche à roulettes skateboard			
Alors, comme elle l'a dit, c'est clairement exagéré, mais, c'est la raison pour laquelle ils m'ont appelé le parrain de la <N1>plance à roulettes</N1> de rue moderne.	So, as she mentioned, that is overstated for sure, but that's why they called me the godfather of modern street skating.				
TRUE					
					
Vous pouvez coder sous iOS, et permettre à votre <L1>iPhone</L1> de faire des choses qu'il n'était pas censé faire.	You can be an iOS hacker, make your iPhone do stuff it wasn't supposed to.				
Vous pouvez coder sous iOS, et permettre à votre <N1></N1> de faire des choses qu'il n'était pas censé faire.	You can be an iOS hacker, make your iPhone do stuff it wasn't supposed to.				
FALSE					
					
Mais comment ça se fait que tu vendes des <L1>tacos</L1> ? et il me raconte qu'il a fait un prêt il a fait un prêt de 120 000 pesos, et il a déjà remboursé 240 000 pesos, et il en a encore 120 000 à rembourser.	But how come that you are selling tacos?  and he tells me how he has taken a loan, he's taken a 120 000 pesos loan, and has already paid back 240 000 pesos, and he's got 120 000 left to pay back.				
Mais comment ça se fait que tu vendes des <N1>tacos</N1> ? et il me raconte qu'il a fait un prêt il a fait un prêt de 120 000 pesos, et il a déjà remboursé 240 000 pesos, et il en a encore 120 000 à rembourser.	But how come that you are selling tacos?  and he tells me how he has taken a loan, he's taken a 120 000 pesos loan, and has already paid back 240 000 pesos, and he's got 120 000 left to pay back.				
TRUE					
					
Est ce que l'on parle de <L1>copyright</L1> ainsi que de partage de fichiers sur leur site ?	Is copyright and file sharing discussed on their website?	droit d'auteur copyright | auteur droit d'auteur copyright			
Est ce que l'on parle de <N1>droit d’auteur</N1> ainsi que de partage de fichiers sur leur site ?	Is copyright and file sharing discussed on their website?				
TRUE					
					
Ce n'était pas du tout de la <L1>romance</L1> pirate avec du maquillage et tout le reste.	It wasn't about romanticizing pirate stuff- -with eye patches and stuff. We've never liked that.				
Ce n'était pas du tout de la <N1></N1> pirate avec du maquillage et tout le reste.	It wasn't about romanticizing pirate stuff- -with eye patches and stuff. We've never liked that.				
FALSE					
					
Lorsque the Pirate Bay a été coupé après le <L1>raid</L1> vous n'aviez plus de serveurs à disposition, c'est exact?	When the Pirate Bay was shut down after the raid- -you didn't have any servers left, right?	raid perquisition			
Lorsque the Pirate Bay a été coupé après le <N1>raid</N1> vous n'aviez plus de serveurs à disposition, c'est exact?	When the Pirate Bay was shut down after the raid- -you didn't have any servers left, right?				
TRUE					
					
Je n'étais qu'un <L1>pion</L1> dans leur jeu comme tous les autres	You have been selected to deliver a double order - immediately!	instrument pion outil			
Je n'étais qu'un <N1></N1> dans leur jeu comme tous les autres	You have been selected to deliver a double order - immediately!				
FALSE					
					
Pour cette force à droite, il vous faut plutôt un <L1>flic</L1> de 40 ans.	That force on the right is more like a 40-year-old cop.	keuf flic bobby | keuf porc taureau cuivre cochon poulet flic			
Pour cette force à droite, il vous faut plutôt un <N1></N1> de 40 ans.	That force on the right is more like a 40-year-old cop.				
FALSE					
					
C'est encore plus difficile à Edinburgh parce que vous devez compter tout le <L1>whisky</L1> et le tartan.	It's even more difficult in Edinburgh because you have to count all the whisky and the tartan.	whiskey whisky | marque écossais whisky			
C'est encore plus difficile à Edinburgh parce que vous devez compter tout le <N1>whisky</N1> et le tartan.	It's even more difficult in Edinburgh because you have to count all the whisky and the tartan.				
TRUE					
					
Dès l'instant où vous sortez du complexe de Dieu -- essayons d'avoir un ensemble de choses, et d'avoir un moyen <L1>systématique</L1> pour déterminer ce qui marche bien et mal.	And the moment you step back from the God complex -- let's just try to have a bunch of stuff; let's have a systematic way of determining what's working and what's not -- you can solve your problem.	systématique dans un certain ordre			
Dès l'instant où vous sortez du complexe de Dieu -- essayons d'avoir un ensemble de choses, et d'avoir un moyen <N1></N1> pour déterminer ce qui marche bien et mal.	And the moment you step back from the God complex -- let's just try to have a bunch of stuff; let's have a systematic way of determining what's working and what's not -- you can solve your problem.				
FALSE					
					
Je fais des boulettes de <L1>crack</L1> à partir d'arêtes de tarlouses	Swallow the cinnamon, I'mma scribble this sin and shit				
Je fais des boulettes de <N1></N1> à partir d'arêtes de tarlouses	Swallow the cinnamon, I'mma scribble this sin and shit				
FALSE					
					
Ce <L1>négro</L1> Jasper essaye de faire pousser Environ 1m70 de putes dans ma chambre Avale la cannelle, je vais taguer ces péchés	While Syd is telling me that she's been getting intimate with men (Syd, shut the fuck up) Here's the number to my therapist (Shit) You tell him all your problems, he's fucking awesome with listening	bougnoule négro nègre pelle bêche			
Ce <N1></N1> Jasper essaye de faire pousser Environ 1m70 de putes dans ma chambre Avale la cannelle, je vais taguer ces péchés	While Syd is telling me that she's been getting intimate with men (Syd, shut the fuck up) Here's the number to my therapist (Shit) You tell him all your problems, he's fucking awesome with listening				
FALSE					
					
TV depuis la Chine au reste du monde, transmettant une sorte de direct non censuré, faisant presque de Copenhague un speakers' <L1>corner</L1> mondial pour la Chine.	TV feed from China to the rest of the world, trasmitting a sort of uncensored live footage, almost turning Copenhagen into this sort of global speakers' corner for China.	corner corne cor coup de pied de coin loi 17 du football : coup de pied de coin			
TV depuis la Chine au reste du monde, transmettant une sorte de direct non censuré, faisant presque de Copenhague un speakers' <N1></N1> mondial pour la Chine.	TV feed from China to the rest of the world, trasmitting a sort of uncensored live footage, almost turning Copenhagen into this sort of global speakers' corner for China.				
FALSE					
					
Nous pensions que, au lieu d'avoir cette <L1>dichotomie</L1> traditionnelle avec les hommes politiques à l'intérieur et le public à l'extérieur, Nous placerions l'hôtel de ville au-dessus du sol, permettant au public d'envahir le rez de chaussée dans ce que nous appelions la place de marché de service public, où ils peuvent interagir avec les fonctionnaires et même voir les politiciens au travail.	We thought that instead of having this sort of traditional dicotomy of the politicians inside and the public outside, we would harbour the city hall above the ground allowing the public to invade the ground floor in what we called the public service market place, where they can interact with the public servants and even sort of see the politicians at work.	dichotomie dualité			
Nous pensions que, au lieu d'avoir cette <N1></N1> traditionnelle avec les hommes politiques à l'intérieur et le public à l'extérieur, Nous placerions l'hôtel de ville au-dessus du sol, permettant au public d'envahir le rez de chaussée dans ce que nous appelions la place de marché de service public, où ils peuvent interagir avec les fonctionnaires et même voir les politiciens au travail.	We thought that instead of having this sort of traditional dicotomy of the politicians inside and the public outside, we would harbour the city hall above the ground allowing the public to invade the ground floor in what we called the public service market place, where they can interact with the public servants and even sort of see the politicians at work.				
FALSE					
					
Et en gros elles forment cette boucle où les gens donnent leurs déchets à l'usine d'incinération et ils le récupèrent en <L1>électricité</L1>	And essentially they form this loop that people give their trash to the incineration plant and they get it back as power.	énergie électrique électricité			
Et en gros elles forment cette boucle où les gens donnent leurs déchets à l'usine d'incinération et ils le récupèrent en <N1></N1>	And essentially they form this loop that people give their trash to the incineration plant and they get it back as power.				
FALSE					
					
Dans ce bel endroit où tu aimes faire du <L1>shopping</L1> Est-ce que tu peux me rejoindre ?	Let's meet at our favourite spot You know the one, right around the block	chalandage course shopping courses			
Dans ce bel endroit où tu aimes faire du <N1></N1> Est-ce que tu peux me rejoindre ?	Let's meet at our favourite spot You know the one, right around the block				
FALSE					
					
Et j'ai appris à <L1>surfer</L1> après des études d'économie ou les cours que je donnais aux salariés de la banque.	I was on the edge of the lagoon next to the House of the singer Antoine. And I learned how to surf after studying economics or classes I gave to the employees of the Bank.				
Et j'ai appris à <N1></N1> après des études d'économie ou les cours que je donnais aux salariés de la banque.	I was on the edge of the lagoon next to the House of the singer Antoine. And I learned how to surf after studying economics or classes I gave to the employees of the Bank.				
FALSE					
					
Il raconta qu'il avait écouté une <L1>symphonie</L1> et qu'elle était fabuleuse et tout à la fin de la lecture, il y a eu un horrible son strident.	He said he'd been listening to a symphony, and it was absolutely glorious music and at the very end of the recording, there was a dreadful screeching sound.				
Il raconta qu'il avait écouté une <N1></N1> et qu'elle était fabuleuse et tout à la fin de la lecture, il y a eu un horrible son strident.	He said he'd been listening to a symphony, and it was absolutely glorious music and at the very end of the recording, there was a dreadful screeching sound.				
FALSE					
					
Danny, le <L1>leitmotiv</L1> des USA est entièrement basé sur la vie, la liberté et la recherche du bonheur.	But Danny, the whole American endeavor is about life, liberty, the pursuit of happiness.				
Danny, le <N1>leitmotiv</N1> des USA est entièrement basé sur la vie, la liberté et la recherche du bonheur.	But Danny, the whole American endeavor is about life, liberty, the pursuit of happiness.				
TRUE					
					
Des Junkies dans le couloir avec une batte de <L1>base-ball</L1>	# junkies in the alley with the baseball bat.				
Des Junkies dans le couloir avec une batte de <N1>base-ball</N1>	# junkies in the alley with the baseball bat.				
TRUE					
					
On disait qu'elle danserait le tango, sauterait sur le <L1>light</L1> <L2>fandango</L2> (danse sexuelle hispanique)	# Said she danced the tango, skipped the light fandango,				
On disait qu'elle danserait le tango, sauterait sur le <N1></N1> <N2></N2> (danse sexuelle hispanique)	# Said she danced the tango, skipped the light fandango,				
FALSE					
					
Mon <L1>bachelor</L1> en poche, j'ai commencé une carrière qui m'a emmenée, littéralement, autour du monde.	After undergraduate, I went to a coporate career that, literally, took me around the world.				
Mon <N1>baccalauréat</N1> en poche, j'ai commencé une carrière qui m'a emmenée, littéralement, autour du monde.	After undergraduate, I went to a coporate career that, literally, took me around the world.				
TRUE					
					
Les lèvres font plutôt <L1>pin-up</L1> des années 40.	It has that sort of puckered lips, 1940s-era look.	covergirl pin-up			
Les lèvres font plutôt <N1></N1> des années 40.	It has that sort of puckered lips, 1940s-era look.				
FALSE					
					
Vous devrez prendre en compte la nourriture, le nombre de personnes en partance pour l'expédition, et le <L1>fuel</L1> pour une telle journée	You will take into account the food, the number of people going on this expedition, and the fuel for such a journey.				
Vous devrez prendre en compte la nourriture, le nombre de personnes en partance pour l'expédition, et le <N1>fioul</N1> pour une telle journée	You will take into account the food, the number of people going on this expedition, and the fuel for such a journey.				
TRUE					
					
Parfois, un effet fixe peut expliquer le changement, mais un effet fixe ne peut expliquer le changement qu'en <L1>interaction</L1> avec des choses qui changent.	Sometimes a fixed effect can explain change, but a fixed effect only explains changes in interaction with the things that change.	interaction fondamentale interaction interactions élémentaires interaction élémentaire			
Parfois, un effet fixe peut expliquer le changement, mais un effet fixe ne peut expliquer le changement qu'en <N1>interaction</N1> avec des choses qui changent.	Sometimes a fixed effect can explain change, but a fixed effect only explains changes in interaction with the things that change.				
FALSE					
					
Quand on met tout ça ensemble on peut <L1>mixer</L1> de la musique extraordinaire, magnifique, qu'on peut jouer partout.	So, you put all those together and you can make some really amazing, wonderful music that you can do anywhere.				
Quand on met tout ça ensemble on peut <N1>mixer</N1> de la musique extraordinaire, magnifique, qu'on peut jouer partout.	So, you put all those together and you can make some really amazing, wonderful music that you can do anywhere.				
TRUE					
					
Tu peux faire du <L1>beatbox</L1> dans la voiture, non ?	We can make beats in the car, right?				
Tu peux faire du <N1>beatbox</N1> dans la voiture, non ?	We can make beats in the car, right?				
TRUE					
					
Mon <L1>swing</L1> est plus vigoureux et rapide.	My golf swing is stronger and faster.	balançoire swing			
Mon <N1>swing</N1> est plus vigoureux et rapide.	My golf swing is stronger and faster.				
TRUE					
					
Dans Chromeless, on accède à de nouvelles <L1>API</L1> en utilisant la fonction globale require.	Within Chromeless the global require function is how you can access new APls.				
Dans Chromeless, on accède à de nouvelles <N1></N1> en utilisant la fonction globale require.	Within Chromeless the global require function is how you can access new APls.				
FALSE					
					
Betty est une third culture <L1>kid</L1> , une TCK (enfant de troisième culture).	Betty is a third-culture kid or TCK.				
Betty est une third culture <N1></N1> , une TCK (enfant de troisième culture).	Betty is a third-culture kid or TCK.				
FALSE					
					
Durant toute la série, elle demande de l'aide à Mac pour pirater des connexions wifi, créer des sites web et pour <L1>hacker</L1> des trucs et elles travaillent ensemble sur différents projets.	So throughout the television series she is constantly going to Mac asking her for help in how to break into wifi networks and how to create websites and how to hack into different things and they work together as a pair on various projects.	hacker esclave			
Durant toute la série, elle demande de l'aide à Mac pour pirater des connexions wifi, créer des sites web et pour <N1>pirater</N1> des trucs et elles travaillent ensemble sur différents projets.	So throughout the television series she is constantly going to Mac asking her for help in how to break into wifi networks and how to create websites and how to hack into different things and they work together as a pair on various projects.				
TRUE					
					
Placer des boîtes remplies de <L1>mousse</L1> sous la poche Carrousel du fuseau et outil de remplissage	Place boxes filled with packing foam under the spindle and tool carousel pocket	bryophyte bryophyta mousse | écume mousse | bryophyta mousse			
Placer des boîtes remplies de <N1></N1> sous la poche Carrousel du fuseau et outil de remplissage	Place boxes filled with packing foam under the spindle and tool carousel pocket				
FALSE					
					
Il y a donc ce complot dirigé par Roberto Viaux pour <L1>kidnapper</L1> René Schneider, qui pourait le déstituer de sa position de chef des armées, afin de mettre à sa place quelqu'un qui serait plus susceptible de faire un coup d'État et de renverser Allende.	So all around, he wasn't the most popular president. It didn't look like his, especially his economic policies, were working out that well. People who are pro-Allende would say, well look, just like what the United States did to Cuba they started doing in Chile.	enlever kidnapper ravir			
Il y a donc ce complot dirigé par Roberto Viaux pour <N1></N1> René Schneider, qui pourait le déstituer de sa position de chef des armées, afin de mettre à sa place quelqu'un qui serait plus susceptible de faire un coup d'État et de renverser Allende.	So all around, he wasn't the most popular president. It didn't look like his, especially his economic policies, were working out that well. People who are pro-Allende would say, well look, just like what the United States did to Cuba they started doing in Chile.				
FALSE					
					
Cette <L1>balise</L1> sattellite aura désormais le numéro de téléphone de votre requin et enverra un message.	That satellite tag will now have your shark phone home and send in a message.				
Cette <N1></N1> sattellite aura désormais le numéro de téléphone de votre requin et enverra un message.	That satellite tag will now have your shark phone home and send in a message.				
FALSE					
					
Bref, nous étions là, à nous dévisager, et il se baisse, saisit une brassée de gravier et la lâche dans le <L1>jet</L1> d'eau qui entre dans l'aquarium depuis le système de filtration, et tchac tchac tchac tchac tchac ! -- ce gravier frappe le devant de la vitre et tombe par terre. il tend un bras, prend une autre brassée de gravier, la lâche...	Anyway, there we were, staring at each other, and he reaches down and grabs an armful of gravel and releases it in the jet of water entering the tank from the filtration system, and -- chk chk chk chk chk! -- this gravel hits the front of the glass and falls down.	jais jet | vacance congé jet fête | coup mouvement jet accident vasculaire cérébral jeter | jeter jet | jeter rejeter jet précipiter | jais jet gicler | jais jet fontaine			
Bref, nous étions là, à nous dévisager, et il se baisse, saisit une brassée de gravier et la lâche dans le <N1></N1> d'eau qui entre dans l'aquarium depuis le système de filtration, et tchac tchac tchac tchac tchac ! -- ce gravier frappe le devant de la vitre et tombe par terre. il tend un bras, prend une autre brassée de gravier, la lâche...	Anyway, there we were, staring at each other, and he reaches down and grabs an armful of gravel and releases it in the jet of water entering the tank from the filtration system, and -- chk chk chk chk chk! -- this gravel hits the front of the glass and falls down.				
FALSE					
					
Donc, un certain nombre de choses que j'ai créé sont, il y a un <L1>poster</L1> ici sur lequel vous pouvez jouer de la batterie.	So a couple of things I've created are, there's a poster over here that you can play drums on.	poster affiche | courrier poste poster			
Donc, un certain nombre de choses que j'ai créé sont, il y a un <N1></N1> ici sur lequel vous pouvez jouer de la batterie.	So a couple of things I've created are, there's a poster over here that you can play drums on.				
FALSE					
					
Au fait, il y a deux jours, nous allions filmer ça sur un parcours de course, et on a mis un gars dans une voiture, et on a mis un <L1>caméraman</L1> à l'arrière, mais à mi-chemin, il me dit qu'il avait un -- je crois que c'était un neuf-millimètre ou quelque chose comme ça, collé à sa jambe. Du coup je me suis arrêté rapidement, et on s'en est tenu à ça.	By the way, two days ago, we were going to film this down there, at the race course, and we got a guy into a car, and we got a camera man in the back, but halfway through the drive, he told me he had, I think it was a nine-millimeter, stuck to his leg.	cameraman directeur de la photographie cadreur Le directeur de la photographie Directeur de la photographie caméraman le directeur de la photographie			
Au fait, il y a deux jours, nous allions filmer ça sur un parcours de course, et on a mis un gars dans une voiture, et on a mis un <N1></N1> à l'arrière, mais à mi-chemin, il me dit qu'il avait un -- je crois que c'était un neuf-millimètre ou quelque chose comme ça, collé à sa jambe. Du coup je me suis arrêté rapidement, et on s'en est tenu à ça.	By the way, two days ago, we were going to film this down there, at the race course, and we got a guy into a car, and we got a camera man in the back, but halfway through the drive, he told me he had, I think it was a nine-millimeter, stuck to his leg.				
FALSE					
					
Et voici une ligne de texte qui en fait évolue d'un échappement de <L1>scooter</L1> passant à travers la page.	And here's a line of text that actually evolves from the exhaust of a scooter zipping across the page.	scooter macreuses macreuse | scooter trottinette			
Et voici une ligne de texte qui en fait évolue d'un échappement de <N1></N1> passant à travers la page.	And here's a line of text that actually evolves from the exhaust of a scooter zipping across the page.				
FALSE					
					
Il y a beaucoup de <L1>folklore</L1> qui s'est développé autour de l'océan, principalement négatif.	There's been a lot of folklore developed around the ocean, mostly negative.				
Il y a beaucoup de <N1></N1> qui s'est développé autour de l'océan, principalement négatif.	There's been a lot of folklore developed around the ocean, mostly negative.				
FALSE					
					
Donc si vous avez déjà rêvé de voyager dans le temps et de voir à quoi ressemblait un dinosaure, voilà à quoi un <L1>dinosaure</L1> ressemble.	So if you ever fantasize about going back in time and seeing what a dinosaur looked like, that's what a dinosaur looks like.				
Donc si vous avez déjà rêvé de voyager dans le temps et de voir à quoi ressemblait un dinosaure, voilà à quoi un <N1></N1> ressemble.	So if you ever fantasize about going back in time and seeing what a dinosaur looked like, that's what a dinosaur looks like.				
FALSE					
					
Et le bon moment, c'était l'année 1994, quand lui et son épouse, Mackenzie Tuttle Bezos, de notre cohorte de 1992, ont troqué la sécurité de leur emploi à Wall Street, au sein de la <L1>firme</L1> D.E. Shaw &amp; Co., contre les promesses chancelantes d'une nouvelle entreprise en ligne.	And the time was 1994, when he and his wife Mackenzie Tuttle Bezos, of the class of 1992, exchanged the security of Wall Street, where they worked at D.E. Shaw &amp; Co., for the uncertain prospects of a dot com start-up.	firme entreprise			
Et le bon moment, c'était l'année 1994, quand lui et son épouse, Mackenzie Tuttle Bezos, de notre cohorte de 1992, ont troqué la sécurité de leur emploi à Wall Street, au sein de la <N1>firme</N1> D.E. Shaw &amp; Co., contre les promesses chancelantes d'une nouvelle entreprise en ligne.	And the time was 1994, when he and his wife Mackenzie Tuttle Bezos, of the class of 1992, exchanged the security of Wall Street, where they worked at D.E. Shaw &amp; Co., for the uncertain prospects of a dot com start-up.				
TRUE					
					
Vous pouvez noter les petits trous, l'eau va couler dans ce <L1>drain</L1> et il y a une pente.	You can notice the small holes the water will fall on this catchment, and there is a slope.				
Vous pouvez noter les petits trous, l'eau va couler dans ce <N1></N1> et il y a une pente.	You can notice the small holes the water will fall on this catchment, and there is a slope.				
FALSE					
					
C'était le <L1>terminus</L1> de la route de la soie.	So, this was the terminal point for silk route.	résiliation terminus fin | terminal dépôt terminus | terme terminus | destination destinataire terminus			
C'était le <N1>terminus</N1> de la route de la soie.	So, this was the terminal point for silk route.				
TRUE					
					
Mais en réalité, ça fait une différence, il y a un <L1>geek</L1> en particulier qui est un altruiste particulièrement efficace car il possède ceci.	But in fact it does make a difference, and in fact there's one particular nerd who has been a particularly effective altruist because he got this.				
Mais en réalité, ça fait une différence, il y a un <N1>passionné</N1> en particulier qui est un altruiste particulièrement efficace car il possède ceci.	But in fact it does make a difference, and in fact there's one particular nerd who has been a particularly effective altruist because he got this.				
TRUE					
					
(Angl) How can we <L1>speed</L1> up the stages of our children's development? Traduction: Comment [peut-on] accélérer	How can we speed up the stages of our children's development?				
(Angl) How can we <N1></N1> up the stages of our children's development? Traduction: Comment [peut-on] accélérer	How can we speed up the stages of our children's development?				
FALSE					
					
Vous êtes loin de votre territoire de compétence, <L1>détective</L1> McClane.	You're out of your jurisdiction, Detective McClane, aren't you?	détective privé détective privé sherlock | enquêteur tec détective | limier détective chien de saint-hubert			
Vous êtes loin de votre territoire de compétence, <N1></N1> McClane.	You're out of your jurisdiction, Detective McClane, aren't you?				
FALSE					
					
En gros, on branche un téléphone ordinaire à ce boîtier qu'ils vous fournissent que l'on branche à son tour à un <L1>modem</L1> câble.	Basically you take an ordinary telephone, you plug it into this little box that they give you and the box plugs into your cable modem.				
En gros, on branche un téléphone ordinaire à ce boîtier qu'ils vous fournissent que l'on branche à son tour à un <N1></N1> câble.	Basically you take an ordinary telephone, you plug it into this little box that they give you and the box plugs into your cable modem.				
FALSE					
					
Cela pourrait être n'importe quoi, de la salsa ou un <L1>sketch</L1> comique, cela n'a aucune importance.	It could be anything. It could be salsa music or a comedy routine -- it doesn't matter.				
Cela pourrait être n'importe quoi, de la salsa ou un <N1>sketch</N1> comique, cela n'a aucune importance.	It could be anything. It could be salsa music or a comedy routine -- it doesn't matter.				
TRUE					
					
Bonjour, pourrais-je avoir 400 <L1>bagel</L1> avec glaçage?	Hi, could I have 400 with a schmear?	bagel beguel			
Bonjour, pourrais-je avoir 400 <N1></N1> avec glaçage?	Hi, could I have 400 with a schmear?				
FALSE					
					
Quel est la recette de ce <L1>cocktail</L1> ?	What's the recipe for a certain cocktail?				
Quel est la recette de ce <N1></N1> ?	What's the recipe for a certain cocktail?				
FALSE					
					
La batterie de son <L1>iPod</L1> était morte après 3 heures, le laissant inactif, réduit à tendre l'oreille vers ce que disait le couple d'âge moyen qui se tenait devant lui.	The batteries on his iPod died after the third hour, leaving him with nothing to do except eavesdrop on the middle-aged couple ahead of him.				
La batterie de son <N1>iPod</N1> était morte après 3 heures, le laissant inactif, réduit à tendre l'oreille vers ce que disait le couple d'âge moyen qui se tenait devant lui.	The batteries on his iPod died after the third hour, leaving him with nothing to do except eavesdrop on the middle-aged couple ahead of him.				
TRUE					
					
Quand tous les objets sont en place, vous pouvez utiliser un <L1>script</L1> d'expression qui crée des liens entre les parties du corps.	Once all the artwork is in place, you can use an expression script that creates links between the body parts.				
Quand tous les objets sont en place, vous pouvez utiliser un <N1>script</N1> d'expression qui crée des liens entre les parties du corps.	Once all the artwork is in place, you can use an expression script that creates links between the body parts.				
TRUE					
					
On peut faire la même chose, puisque les coûts baissent, pour la perruche de Caroline, pour le grand pingouin pour le tétras des prairies, pour le pic à bec ivoire, pour le courlis esquimau, pour le phoque moine des Caraïbes, pour le <L1>mammouth</L1> laineux.	You can do the same thing, as the costs come down, for the Carolina parakeet, for the great auk, for the heath hen, for the ivory-billed woodpecker, for the Eskimo curlew, for the Caribbean monk seal, for the woolly mammoth.	gigantesque énorme mammouth géant			
On peut faire la même chose, puisque les coûts baissent, pour la perruche de Caroline, pour le grand pingouin pour le tétras des prairies, pour le pic à bec ivoire, pour le courlis esquimau, pour le phoque moine des Caraïbes, pour le <N1></N1> laineux.	You can do the same thing, as the costs come down, for the Carolina parakeet, for the great auk, for the heath hen, for the ivory-billed woodpecker, for the Eskimo curlew, for the Caribbean monk seal, for the woolly mammoth.				
FALSE					
					
Ces personnes n'avaient pas de mauvaises intentions, et nos relations avec elles n'avaient rien de <L1>mesquin</L1> ou superficiel.	These are not bad people; these are not narrow or superficial relationships.	pauvre mesquin misérable | avare pauvre maigre mesquin			
Ces personnes n'avaient pas de mauvaises intentions, et nos relations avec elles n'avaient rien de <N1>étriqué</N1> ou superficiel.	These are not bad people; these are not narrow or superficial relationships.				
TRUE					
					
Cela serait probablement mieux si vous aviez un ami pour vous aider avec ce passage. Juste pour l'aspect du mien, j'ai décidé de le <L1>bomber</L1> en noir.	It would probably be beneficial if you had a friend help you out with this part.Just for the look of mine	sac bomber			
Cela serait probablement mieux si vous aviez un ami pour vous aider avec ce passage. Juste pour l'aspect du mien, j'ai décidé de le <N1></N1> en noir.	It would probably be beneficial if you had a friend help you out with this part.Just for the look of mine				
FALSE					
					
Ou peut être un serre <L1>joint</L1> pour micro canon à mettre en haut du support comme ça il y a tout en un.	Or maybe a shotgun mic clamp to put on top of the rig so it's all in one nice little package.	joint flansch jante | cachet joint seal sceau phoque | joint articulation | joint splif herbe			
Ou peut être un serre <N1></N1> pour micro canon à mettre en haut du support comme ça il y a tout en un.	Or maybe a shotgun mic clamp to put on top of the rig so it's all in one nice little package.				
FALSE					
					
On a essayé de le faire avec des foulards, et finalement avec le <L1>T-shirt</L1> rouge d'Independentzia.	How we wanted to be identified ourselves and in which way we wanted to identify that political environment.	t-shirt ticheurte Tee-shirt teeshirt T-shirt tee-shirt			
On a essayé de le faire avec des foulards, et finalement avec le <N1>T-shirt</N1> rouge d'Independentzia.	How we wanted to be identified ourselves and in which way we wanted to identify that political environment.				
TRUE					
					
Au <L1>bowling</L1> ?	Bowling ?	allée bowling			
Au <N1>bowling</N1> ?	Bowling ?				
TRUE					
					
Pourquoi il agit soudain comme ça ? Est-ce qu'il est encore <L1>soul</L1> ?	Why is he suddenly acting like this?&lt;br /&gt;Is he still drunk?				
Pourquoi il agit soudain comme ça ? Est-ce qu'il est encore <N1></N1> ?	Why is he suddenly acting like this?&lt;br /&gt;Is he still drunk?				
FALSE					
					
C'est mal de prendre son téléphone, parce que c'est un individu et il a des droits et il a une dignité, et nous ne pouvons pas <L1>interférer</L1> avec ça.	It's wrong to take his phone because he's a person and he has rights and he has dignity, and we can't just interfere with that.				
C'est mal de prendre son téléphone, parce que c'est un individu et il a des droits et il a une dignité, et nous ne pouvons pas <N1></N1> avec ça.	It's wrong to take his phone because he's a person and he has rights and he has dignity, and we can't just interfere with that.				
FALSE					
					
Nous pensons à tous les <L1>power shift</L1> locaux et régionaux en cours en Ukraine, en Belgique, au Canada, en Suède et en Nouvelle-Zélande.	We're thinking about all the local power shifts, regional power shifts going on in the Ukraine and Belgium, Canada and Sweden and New Zealand.				
Nous pensons à tous les <N1>changements de pouvoir </N1> locaux et régionaux en cours en Ukraine, en Belgique, au Canada, en Suède et en Nouvelle-Zélande.	We're thinking about all the local power shifts, regional power shifts going on in the Ukraine and Belgium, Canada and Sweden and New Zealand.				
TRUE					
					
Puis tous les trois quitté l'appartement ensemble, quelque chose qu'ils n'avaient pas fait depuis des mois maintenant, et a pris le <L1>tramway</L1> électrique à l'air libre en dehors de la ville.	Then all three left the apartment together, something they had not done for months now, and took the electric tram into the open air outside the city.	tram téléphérique tramway | tram trolley tramway trolleybus | tram tramway			
Puis tous les trois quitté l'appartement ensemble, quelque chose qu'ils n'avaient pas fait depuis des mois maintenant, et a pris le <N1>tramway</N1> électrique à l'air libre en dehors de la ville.	Then all three left the apartment together, something they had not done for months now, and took the electric tram into the open air outside the city.				
TRUE					
					
Et dans ce <L1>panthéon</L1> vous avez tout un groupe de statues de dieux païens.	And inside that pantheon you have a whole bunch of pagan god statues.				
Et dans ce <N1>panthéon</N1> vous avez tout un groupe de statues de dieux païens.	And inside that pantheon you have a whole bunch of pagan god statues.				
TRUE					
					
Mais avant de vous le donner, je voudrais vous demander de faire tout de suite un petit <L1>audit</L1> de votre corps; ce que vous faites avec votre corps.	And we're particularly interested in other people's body language. You know, we're interested in like, you know, an awkward interaction or a smile, or contemptuous glance, or maybe a very awkward wink.				
Mais avant de vous le donner, je voudrais vous demander de faire tout de suite un petit <N1></N1> de votre corps; ce que vous faites avec votre corps.	And we're particularly interested in other people's body language. You know, we're interested in like, you know, an awkward interaction or a smile, or contemptuous glance, or maybe a very awkward wink.				
FALSE					
					
Heleen demande: tu vas organiser un autre fois un <L1>meeting</L1> de Misslipgloss? Oui!	Ga je nog weer eens een misslipgloss meeting organiseren?'.				
Heleen demande: tu vas organiser un autre fois un <N1></N1> de Misslipgloss? Oui!	Ga je nog weer eens een misslipgloss meeting organiseren?'.				
FALSE					
					
Elle m'a tourné le dos, aucun <L1>freestyle</L1> n'aurait pu la ramener	You're lookin for the nigga with the tallest 'fetti You're overlookin every nigga that ain't quite ready				
Elle m'a tourné le dos, aucun <N1>freestyle</N1> n'aurait pu la ramener	You're lookin for the nigga with the tallest 'fetti You're overlookin every nigga that ain't quite ready				
TRUE					
					
Ce premier Congrès Continental a soutenu la destruction du thé, se sont engagés à soutenir un <L1>boycott</L1> continu, et est rentré chez lui fin octobre 1774 encore plus unis dans leur détermination pour protéger leurs droits et leurs libertés.	This first Continental Congress supported destruction of the tea, pledged to support a continued boycott, and went home in late October 1774 even more united in their determination to protect their rights and liberties.	boycottage boycotter boycott | embargo boycottage boycotter boycott			
Ce premier Congrès Continental a soutenu la destruction du thé, se sont engagés à soutenir un <N1>boycottage</N1> continu, et est rentré chez lui fin octobre 1774 encore plus unis dans leur détermination pour protéger leurs droits et leurs libertés.	This first Continental Congress supported destruction of the tea, pledged to support a continued boycott, and went home in late October 1774 even more united in their determination to protect their rights and liberties.				
TRUE					
					
Ou pensez simplement au <L1>jazz</L1> américain ou aux films américains -- ils vont partout.	Or just think about American jazz or American movies -- they go everywhere.	éolienne vent jazz néant			
Ou pensez simplement au <N1>jazz</N1> américain ou aux films américains -- ils vont partout.	Or just think about American jazz or American movies -- they go everywhere.				
TRUE					
					
Si vous avez un iPhone, il y a un <L1>sonar</L1> dedans - c'est ce même bip bip qui descend jusqu'au fond et revient vers nous.	If you've got an iPhone you've got sonar on there -- it's that same pinging that goes down to the bottom and comes back up.	Sonar sonar			
Si vous avez un iPhone, il y a un <N1>sonar</N1> dedans - c'est ce même bip bip qui descend jusqu'au fond et revient vers nous.	If you've got an iPhone you've got sonar on there -- it's that same pinging that goes down to the bottom and comes back up.				
TRUE					
					
Ce navire, Le <L1>paquebot</L1> de rêve : il y aura un siècle en avril prochain, ce navire aurait dû arriver à New-York.	This ship,  The Ship of Dreams  -- a hundred years ago this coming April, this ship was supposed to show up in New York.	paquebot paquet | paquebot Navire de croisière navire de croisière			
Ce navire, Le <N1></N1> de rêve : il y aura un siècle en avril prochain, ce navire aurait dû arriver à New-York.	This ship,  The Ship of Dreams  -- a hundred years ago this coming April, this ship was supposed to show up in New York.				
FALSE					
					
C'est une histoire sur le <L1>yacht-club</L1> c'est au fond très col bleu.	This is a story on the yacht club that's all basically blue collar.				
C'est une histoire sur le <N1>club nautique</N1> c'est au fond très col bleu.	This is a story on the yacht club that's all basically blue collar.				
TRUE					
					
Un <L1>yacht</L1> club col bleu, où vous pourrez adhérer au <L1>yacht-club</L1>, mais où vous travaillez dans le chantier naval, comme une sorte de condition d'adhésion.	Blue-collar yacht club, where you can join the yacht club, but you've got to work in the boat yard, as sort of condition of membership.				
Un <N1>yacht</N1> club col bleu, où vous pourrez adhérer au <N1>club nautique</N1>, mais où vous travaillez dans le chantier naval, comme une sorte de condition d'adhésion.	Blue-collar yacht club, where you can join the yacht club, but you've got to work in the boat yard, as sort of condition of membership.				
TRUE					
					
Nous voyons aussi le phénomène - certains d'entre vous ont peut-être enfants <L1>boomerang</L1> - Ce sont des anciens étudiants boomerang , où les universités en fait renouent avec les anciens diplômés en les aidant à la recherche d'emplois, au partage des compétences et à la formation continue.	We also see the phenomenon -- some of you may have  boomerang kids  -- these are  boomerang alumni,  where universities are actually reconnecting with alumni in helping them with jobs, sharing skills and retraining.				
Nous voyons aussi le phénomène - certains d'entre vous ont peut-être enfants <N1></N1> - Ce sont des anciens étudiants boomerang , où les universités en fait renouent avec les anciens diplômés en les aidant à la recherche d'emplois, au partage des compétences et à la formation continue.	We also see the phenomenon -- some of you may have  boomerang kids  -- these are  boomerang alumni,  where universities are actually reconnecting with alumni in helping them with jobs, sharing skills and retraining.				
FALSE					
					
Tu as interet a te reprendre avant le prochain show, <L1>gogol</L1> !	You'd better get a hold of yourself before the next show, gimp!				
Tu as interet a te reprendre avant le prochain show, <N1></N1> !	You'd better get a hold of yourself before the next show, gimp!				
FALSE					
					
D'accord, et d'après ce que vous dites, pour ceux qui pourraient avoir des facteurs de risque de cancer, recommanderiez vous de suivre un traitement de manière <L1>prophylactique</L1> ou juste de suivre un régime approprié avec beaucoup de sauce tomate?	Right. And along those lines, for people who might have risk factors for cancer, would you recommend pursuing any treatments prophylactically, or simply pursuing the right diet, with lots of tomato sauce?	contraceptif prophylactique | préventif prophylactique			
D'accord, et d'après ce que vous dites, pour ceux qui pourraient avoir des facteurs de risque de cancer, recommanderiez vous de suivre un traitement de manière <N1></N1> ou juste de suivre un régime approprié avec beaucoup de sauce tomate?	Right. And along those lines, for people who might have risk factors for cancer, would you recommend pursuing any treatments prophylactically, or simply pursuing the right diet, with lots of tomato sauce?				
FALSE					
					
Le 6 Octobre, c'est le premier anniversaire de ce <L1>flash</L1> mob qu'on avait fait pour toi - pour rendre ce jour spécial cette année, on va organiser un Challenge Mondial du Carton en invitant le monde entier à jouer.	On October 6th, the one year anniversary of that flash mob we did for you - to make your day this year, we do a Global Cardboard Challenge inviting the whole world to play.	tirer flash trait | faire le malin flash crâner parader frimer | flash ciller clignoter			
Le 6 Octobre, c'est le premier anniversaire de ce <N1></N1> mob qu'on avait fait pour toi - pour rendre ce jour spécial cette année, on va organiser un Challenge Mondial du Carton en invitant le monde entier à jouer.	On October 6th, the one year anniversary of that flash mob we did for you - to make your day this year, we do a Global Cardboard Challenge inviting the whole world to play.				
FALSE					
					
l'insulte de tous. Elle était meulage des dents et en disant cela, encore et encore quand elle entendit sa la mère de sortir sur la <L1>véranda</L1> avec quelqu'un.	She was grinding her teeth and saying this over and over again when she heard her mother come out on the veranda with some one.	galerie véranda			
l'insulte de tous. Elle était meulage des dents et en disant cela, encore et encore quand elle entendit sa la mère de sortir sur la <N1></N1> avec quelqu'un.	She was grinding her teeth and saying this over and over again when she heard her mother come out on the veranda with some one.				
FALSE					
					
Comment <L1>queer</L1> et tranquille, il est , dit-elle.	How queer and quiet it is,  she said.				
Comment <N1>queer</N1> et tranquille, il est , dit-elle.	How queer and quiet it is,  she said.				
TRUE					
					
Et elle tourna son visage vers le <L1>streaming</L1> de vitres de la fenêtre du transport ferroviaire et contempla le gris de pluie tempête qui a regardé comme si elle irait éternellement et à jamais.	And she turned her face toward the streaming panes of the window of the railway carriage and gazed out at the gray rain-storm which looked as if it would go on forever and ever.				
Et elle tourna son visage vers la <N1>diffusion en continu</N1> de vitres de la fenêtre du transport ferroviaire et contempla le gris de pluie tempête qui a regardé comme si elle irait éternellement et à jamais.	And she turned her face toward the streaming panes of the window of the railway carriage and gazed out at the gray rain-storm which looked as if it would go on forever and ever.				
TRUE					
					
Notre Dickon, il a douze ans et il a un <L1>poney</L1> jeunes qu'il appelle lui-même.	Our Dickon, he's twelve years old and he's got a young pony he calls his own.	poney trotter | poney dé à coudre			
Notre Dickon, il a douze ans et il a un <N1></N1> jeunes qu'il appelle lui-même.	Our Dickon, he's twelve years old and he's got a young pony he calls his own.				
FALSE					
					
Mais après quelques jours passé presque entièrement à l'extérieur, elle réveille un matin sachant ce que c'était d'avoir faim, et quand elle s'assit à son déjeuner, elle n'a pas regard avec dédain à son <L1>porridge</L1> et le repousser, mais a pris sa cuillère et commença à manger et ensuite le manger jusqu'à ce son bol était vide.	But after a few days spent almost entirely out of doors she wakened one morning knowing what it was to be hungry, and when she sat down to her breakfast she did not glance disdainfully at her porridge and push it away, but took up her spoon and began to eat it and went on eating it until her bowl was empty.	Porridge porridge			
Mais après quelques jours passé presque entièrement à l'extérieur, elle réveille un matin sachant ce que c'était d'avoir faim, et quand elle s'assit à son déjeuner, elle n'a pas regard avec dédain à son <N1>porridge</N1> et le repousser, mais a pris sa cuillère et commença à manger et ensuite le manger jusqu'à ce son bol était vide.	But after a few days spent almost entirely out of doors she wakened one morning knowing what it was to be hungry, and when she sat down to her breakfast she did not glance disdainfully at her porridge and push it away, but took up her spoon and began to eat it and went on eating it until her bowl was empty.				
TRUE					
					
* Il y a un espoir <L1>anonyme</L1> dans les mesures et politiques de la justice transitionelle, et cet espoir c'est ça,*	*There is an anonymous hope in transitional justice policies and measures, and that hope is that, *	public anonyme | inconnu innomé sans nom anonyme			
* Il y a un espoir <N1></N1> dans les mesures et politiques de la justice transitionelle, et cet espoir c'est ça,*	*There is an anonymous hope in transitional justice policies and measures, and that hope is that, *				
FALSE					
					
Maintenant, je ne sais pas pour vous, mais je pense que cette chasse manuelle de <L1>bogue</L1> est un peu fastidieuse, alors pourquoi nous ne vous présentons pas quelques outils qui rendront nos vies un peu plus facile.	Now, I don't know about you, but I think this manual bug hunting is a little bit tedious, so why don't we introduce you to some tools that will make our lives a little bit easier.	punaise bogue insecte écoute			
Maintenant, je ne sais pas pour vous, mais je pense que cette chasse manuelle de <N1></N1> est un peu fastidieuse, alors pourquoi nous ne vous présentons pas quelques outils qui rendront nos vies un peu plus facile.	Now, I don't know about you, but I think this manual bug hunting is a little bit tedious, so why don't we introduce you to some tools that will make our lives a little bit easier.				
FALSE					
					
Le film a battu les records du <L1>box-office</L1> prouvant une fois de plus que des femmes peuvent être les têtes d'affiches de films à succès.	The film broke records at the box office proving yet again, that women can lead successful blockbuster films.				
Le film a battu les records du <N1></N1> prouvant une fois de plus que des femmes peuvent être les têtes d'affiches de films à succès.	The film broke records at the box office proving yet again, that women can lead successful blockbuster films.				
FALSE					
					
Néanmoins, comme Jennifer Lawrence fait un travail d'actrice formidable dans le rôle de Katniss, nous devrions prendre un moment pour parler du <L1>casting</L1> et des couleurs de peaux.	Although, Jennifer Lawrence does a phenomenal job in the role of Katniss, we should take a moment to talk about race and casting in the film.				
Néanmoins, comme Jennifer Lawrence fait un travail d'actrice formidable dans le rôle de Katniss, nous devrions prendre un moment pour parler de la <N1>distribution</N1> et des couleurs de peaux.	Although, Jennifer Lawrence does a phenomenal job in the role of Katniss, we should take a moment to talk about race and casting in the film.				
TRUE					
					
Vous avez créé un <L1>set</L1> complet de sous-titres, grâce à Universal Subtitles !	You'll have created a complete set of subtitles, using Universal Subtitles!	set service jeu appareil Seth scene Ready poste ensemble | set jeu			
Vous avez créé un <N1>ensemble</N1> complet de sous-titres, grâce à Universal Subtitles !	You'll have created a complete set of subtitles, using Universal Subtitles!				
TRUE					
					
Il écrit qu'il y a aujourd'hui une offre légale <L1>pléthorique</L1> mais que le partage et le téléchargement illégaux de fichiers représentent 95% de l'ensemble du trafic de fichiers musicaux	Today there's plenty of options to legally buy music online, he writes But nevertheless illegal filesharing and streaming accounts for 95 % of all music traffic				
Il écrit qu'il y a aujourd'hui une offre légale <N1></N1> mais que le partage et le téléchargement illégaux de fichiers représentent 95% de l'ensemble du trafic de fichiers musicaux	Today there's plenty of options to legally buy music online, he writes But nevertheless illegal filesharing and streaming accounts for 95 % of all music traffic				
FALSE					
					
À Tierro del Fuego, un <L1>autochtone</L1> a touché du doigt des restes de viande conservée pendant que je mangeais... et a clairement manifesté son dégoût à la douceur du toucher, alors que je ressentais un vrai dégoût à voir ma viande touchée par un sauvage nu (Rires) bien que ses mains n'aient pas l'air sales.	In Tierro del Fuego a native touched with his finger some cold preserved meat while I was eating ... and plainly showed disgust at its softness, whilst I felt utter disgust at my food being touched by a naked savage — (Laughter) — though his hands did not appear dirty.	aborigène indigène congénital autochtone endémique inné | aborigène autochtone | natif autochtone | aborigène Géographie du Soudan indigène Autochtone			
À Tierro del Fuego, un <N1></N1> a touché du doigt des restes de viande conservée pendant que je mangeais... et a clairement manifesté son dégoût à la douceur du toucher, alors que je ressentais un vrai dégoût à voir ma viande touchée par un sauvage nu (Rires) bien que ses mains n'aient pas l'air sales.	In Tierro del Fuego a native touched with his finger some cold preserved meat while I was eating ... and plainly showed disgust at its softness, whilst I felt utter disgust at my food being touched by a naked savage — (Laughter) — though his hands did not appear dirty.				
FALSE					
					
Juifs, aux femmes, aux homosexuels, à la <L1>caste</L1> des intouchables, aux classes sociales les plus pauvres -- tous ces groupes sont rattachés à une certaine saleté corporelle.	Jews, women, homosexuals, untouchables, lower-class people -- all of those are imagined as tainted by the dirt of the body.				
Juifs, aux femmes, aux homosexuels, à la <N1></N1> des intouchables, aux classes sociales les plus pauvres -- tous ces groupes sont rattachés à une certaine saleté corporelle.	Jews, women, homosexuals, untouchables, lower-class people -- all of those are imagined as tainted by the dirt of the body.				
FALSE					
					
Voici un extrait d'un livre pour enfants <L1>nazi</L1> publié en 1938 :	This comes from a Nazi children's book published in 1938:				
Voici un extrait d'un livre pour enfants <N1></N1> publié en 1938 :	This comes from a Nazi children's book published in 1938:				
FALSE					
					
Regardez de forage sur les autres baux fédéraux, <L1>okay</L1> ?	look at drilling on the other federal leases, okay?				
Regardez de forage sur les autres baux fédéraux, <N1>okay</N1> ?	look at drilling on the other federal leases, okay?				
TRUE					
					
Vous y trouverez des groupes comme Access Now, qui n'ont pas eu de <L1>badge</L1> pour venir ici, l'Association pour le Progrès des Communications.	You can see groups such as Access Now who couldn't get a badge to enter here the Association for Progressive Communications				
Vous y trouverez des groupes comme Access Now, qui n'ont pas eu de <N1></N1> pour venir ici, l'Association pour le Progrès des Communications.	You can see groups such as Access Now who couldn't get a badge to enter here the Association for Progressive Communications				
FALSE					
					
Vous êtes autorisé à intégrer vos <L1>sponsors</L1> dans les supports de communication TEDx : mettre leur logo sur les invitations, les affiches, sur votre site Internet ou dans le programme.	You are allowed to integrate sponsors in TEDx communiation measures. Show their logo on the invite, a poster, your website or your program booklet.	promoteur parrain sponsor mécène | fréquent sponsor | bailleur promoteur sponsor			
Vous êtes autorisé à intégrer vos <N1>financeurs</N1> dans les supports de communication TEDx : mettre leur logo sur les invitations, les affiches, sur votre site Internet ou dans le programme.	You are allowed to integrate sponsors in TEDx communiation measures. Show their logo on the invite, a poster, your website or your program booklet.				
TRUE					
					
Et avant même que je le sache, j'étais sur une <L1>estrade</L1> entouré par des milliers de gens enthousiastes	And before I even knew it, I was suddenly on a stage surrounded by thousands of cheering people during a political rally.	estrade scène tribune | estrade podium tribune dais chaire			
Et avant même que je le sache, j'étais sur une <N1></N1> entouré par des milliers de gens enthousiastes	And before I even knew it, I was suddenly on a stage surrounded by thousands of cheering people during a political rally.				
FALSE					
					
Rebecca <L1>MacKinnon</L1> : Le message implicite de cette vidéo reste très puissant encore aujourd'hui.	So the underlying message of this video remains very powerful even today.				
Rebecca <N1></N1> : Le message implicite de cette vidéo reste très puissant encore aujourd'hui.	So the underlying message of this video remains very powerful even today.				
FALSE					
					
Bon vous savez, elle se considère comme noire, même si elle est plutôt couleur <L1>caramel</L1> si vous la regardez.	Well you know, she calls herself black -- she's really more like a caramel color if you look at her.				
Bon vous savez, elle se considère comme noire, même si elle est plutôt couleur <N1></N1> si vous la regardez.	Well you know, she calls herself black -- she's really more like a caramel color if you look at her.				
FALSE					
					
la commande est \sqrt pour <L1>square</L1> root suivi du bloc à mettre sous la racine.	To write a square root, the command is \sqrt followed by the block to put under the root.				
la commande est \sqrt pour <N1></N1> root suivi du bloc à mettre sous la racine.	To write a square root, the command is \sqrt followed by the block to put under the root.				
FALSE					
					
La plage en forme de croissant parfait de Saint-Sébastien l'a rendue célèbre quand la Reine d'Espagne décida d'y ériger son <L1>palace</L1> d été, transformant ainsi un village de pêcheurs en station touristique royale, et ce n'est pas difficile de comprendre pourquoi.	San Sebastian's perfect crescent-shaped beach made it famous when the Queen of Spain decided to build her summer place here, transforming a fishing village into a royal resort. And it's not hard to see why.				
La plage en forme de croissant parfait de Saint-Sébastien l'a rendue célèbre quand la Reine d'Espagne décida d'y ériger son <N1></N1> d été, transformant ainsi un village de pêcheurs en station touristique royale, et ce n'est pas difficile de comprendre pourquoi.	San Sebastian's perfect crescent-shaped beach made it famous when the Queen of Spain decided to build her summer place here, transforming a fishing village into a royal resort. And it's not hard to see why.				
FALSE					
					
(Nikos, activiste) On collecte des signatures, des contributions économiques, si quelqu'un peut en donner et on distribue aussi un <L1>tract</L1> de solidarité à la grève des ouvriers.	We collect signatures and money for the strikers and we also hand out a proclamation of support to their struggle.	circulaire prospectus tract			
(Nikos, activiste) On collecte des signatures, des contributions économiques, si quelqu'un peut en donner et on distribue aussi un <N1></N1> de solidarité à la grève des ouvriers.	We collect signatures and money for the strikers and we also hand out a proclamation of support to their struggle.				
FALSE					
					
les vieux ne viennent pas car ils sont fâchés après Bouddha, Parce qu'à chaque fois qu'il est de passage dans leur ville, il accepte toujours la première invitation qu'il reçoit, de qui que se soit, et la <L1>geisha</L1> locale, une sorte de star de cinéma, doubla les anciens de la ville avec son chariot et l'invita en premier.	The old fogeys don't come because they're mad at Buddha, because when he came to their city he accepted -- he always accepts the first invitation that comes to him, from whoever it is, and the local geisha, a movie-star sort of person, raced the elders of the city in a chariot and invited him first.				
les vieux ne viennent pas car ils sont fâchés après Bouddha, Parce qu'à chaque fois qu'il est de passage dans leur ville, il accepte toujours la première invitation qu'il reçoit, de qui que se soit, et la <N1></N1> locale, une sorte de star de cinéma, doubla les anciens de la ville avec son chariot et l'invita en premier.	The old fogeys don't come because they're mad at Buddha, because when he came to their city he accepted -- he always accepts the first invitation that comes to him, from whoever it is, and the local geisha, a movie-star sort of person, raced the elders of the city in a chariot and invited him first.				
FALSE					
					
Le dalai <L1>lama</L1> aime toujours dire - il dit que quand vous vous laisser grandir dans votre esprit l'idée de compassion, c'est parce que vous réaliser que vous, vous-même, vos souffrances et vos plaisirs sont finalement une scène trop petite pour votre intelligence.	The Dalai Lama always likes to say -- he says that when you give birth in your mind to the idea of compassion, it's because you realize that you yourself and your pains and pleasures are finally too small a theater for your intelligence.	Lama lama | lama blanc lama llama			
Le dalai <N1></N1> aime toujours dire - il dit que quand vous vous laisser grandir dans votre esprit l'idée de compassion, c'est parce que vous réaliser que vous, vous-même, vos souffrances et vos plaisirs sont finalement une scène trop petite pour votre intelligence.	The Dalai Lama always likes to say -- he says that when you give birth in your mind to the idea of compassion, it's because you realize that you yourself and your pains and pleasures are finally too small a theater for your intelligence.				
FALSE					
					
Et au risque de vous <L1>embarrasser</L1> un instant, je voudrais tester une théorie.	And at risk of putting in the spot for a moment I want to try and test that theory out.	confondre embarrasser troubler | bloquer entraver gêner obstruer embarrasser			
Et au risque de vous <N1></N1> un instant, je voudrais tester une théorie.	And at risk of putting in the spot for a moment I want to try and test that theory out.				
FALSE					
					
Paul Washer lit un extrait du livre du <L1>puritain</L1> John Flavel Le marché du Père.	Paul Washer reading an excerpt by Puritan john Flavel from  The Father's Bargain.	bleu bleue puritain | bégueule puritain prude			
Paul Washer lit un extrait du livre du <N1></N1> John Flavel Le marché du Père.	Paul Washer reading an excerpt by Puritan john Flavel from  The Father's Bargain.				
FALSE					
					
Quelque chose se met à courir, et j'ai rencontré des tas de gens qui courrent pendant ce voyage, ça ressemble plutôt à un <L1>marathon</L1> !	Something is running, and I've met a lot of runners [Laughter] in this journey, feels more like marathon.	bataille de marathon marathon Marathon			
Quelque chose se met à courir, et j'ai rencontré des tas de gens qui courrent pendant ce voyage, ça ressemble plutôt à un <N1></N1> !	Something is running, and I've met a lot of runners [Laughter] in this journey, feels more like marathon.				
FALSE					
					
C'était le <L1>mérou</L1> voile	This was the sailfin grouper.				
C'était le <N1></N1> voile	This was the sailfin grouper.				
FALSE					
					
Les crabes ont une structure très complexe sous leur <L1>carapace</L1> que l'on appelle le moulin gastrique et qui meule la nourriture de plusieurs façons différentes.	Crabs have this complicated structure under their carapace called the gastric mill that grinds their food in a variety of different ways.				
Les crabes ont une structure très complexe sous leur <N1></N1> que l'on appelle le moulin gastrique et qui meule la nourriture de plusieurs façons différentes.	Crabs have this complicated structure under their carapace called the gastric mill that grinds their food in a variety of different ways.				
FALSE					
					
A la fin de ce cours, vous devrez connaître la structure d'un récepteur couplé aux protéines G et la cascade d'événements résultant de la liaison d'un <L1>agoniste</L1> au récepteur.	On the top right hand corner is the activated receptor with the drug in equilibrium and the drug binding to the receptor to bring about the activated form of the receptor bound to the drug. You can see here, that if you have a drug that binds to a receptor, you bring about a large affect.				
A la fin de ce cours, vous devrez connaître la structure d'un récepteur couplé aux protéines G et la cascade d'événements résultant de la liaison d'un <N1></N1> au récepteur.	On the top right hand corner is the activated receptor with the drug in equilibrium and the drug binding to the receptor to bring about the activated form of the receptor bound to the drug. You can see here, that if you have a drug that binds to a receptor, you bring about a large affect.				
FALSE					
					
l'activateur <L1>endogène</L1> naturel est l'augmentation de l'action de l'activateur naturel sur la molécule effectrice ce qui induit une augmentation de l'effet.	Receptors are activated by an array of endogenous compounds, examples that I just gave you. More than a thousand different receptors have been identified in the human genome. This is a very large concept to appreciate.	endogène intérieur			
l'activateur <N1></N1> naturel est l'augmentation de l'action de l'activateur naturel sur la molécule effectrice ce qui induit une augmentation de l'effet.	Receptors are activated by an array of endogenous compounds, examples that I just gave you. More than a thousand different receptors have been identified in the human genome. This is a very large concept to appreciate.				
FALSE					
					
Il allait <L1>tatouer</L1> de petits points noirs sur le côté droit de mon visage pour me donner un aspect symétrique.	He was going to tattoo little black dots on the right side of my face and make me look very symmetric.	tatouage tatouer			
Il allait <N1></N1> de petits points noirs sur le côté droit de mon visage pour me donner un aspect symétrique.	He was going to tattoo little black dots on the right side of my face and make me look very symmetric.				
FALSE					
					
Eh bien, parce que nous savons que X est supérieur que l'élément racine Y, alors nous aurions un <L1>récursif</L1> à inclure à la, sur le droit côté de l'arbre.	Why?				
Eh bien, parce que nous savons que X est supérieur que l'élément racine Y, alors nous aurions un <N1></N1> à inclure à la, sur le droit côté de l'arbre.	Why?				
FALSE					
					
Un <L1>moustique</L1>	A mosquito.	moucheron moustique | maringouins moustiques culicidae moustique Culicidae maringouin			
Un <N1></N1>	A mosquito.				
FALSE					
					
Pourtant, l'UEFA se comporte comme un vieux <L1>monarque</L1> souverain.	But the UEFA behaves like an old established monarch.	danaus plexippus danaidae monarque | monarque souverain			
Pourtant, l'UEFA se comporte comme un vieux <N1></N1> souverain.	But the UEFA behaves like an old established monarch.				
FALSE					
					
En tant qu'étudiants d'une grande université américaine, j'imagine que vous avez accès à un large <L1>panel</L1> de journaux académiques.	By virtue of being students at a major U.S. university, I assume you have access to a wide variety of scholarly journals.	tableau panel			
En tant qu'étudiants d'une grande université américaine, j'imagine que vous avez accès à un large <N1>échantillon</N1> de journaux académiques.	By virtue of being students at a major U.S. university, I assume you have access to a wide variety of scholarly journals.				
TRUE					
					
Swartz s'enregistre sur le réseau du MIT avec son nouveau PC portable Acer, sous le <L1>pseudonyme</L1> Garry Host .	Swartz registered a newly purchased Acer laptop on the MlT network, under the name  Garry Host .	prête-nom nom de guerre pseudo pseudonyme			
Swartz s'enregistre sur le réseau du MIT avec son nouveau PC portable Acer, sous le <N1></N1> Garry Host .	Swartz registered a newly purchased Acer laptop on the MlT network, under the name  Garry Host .				
FALSE					
					
Il n'y a rien d'imprévisible, aucune surprise. Mais si on considère qu'au lieu de da da da , le bébé dit da <L1>ba</L1> ma - soit trois messages. Dans ce cas, M serait égal à 3 et H serait égal au log en base 2 de 3.	Now, suppose now that instead of  da da da , our baby said  da ba ma , that is three messages, so if that were the case, then M would be equal to 3, and H would be equal to log base 2 of 3, which, according to my calculator, is 1.58.	baryum BA			
Il n'y a rien d'imprévisible, aucune surprise. Mais si on considère qu'au lieu de da da da , le bébé dit da <N1></N1> ma - soit trois messages. Dans ce cas, M serait égal à 3 et H serait égal au log en base 2 de 3.	Now, suppose now that instead of  da da da , our baby said  da ba ma , that is three messages, so if that were the case, then M would be equal to 3, and H would be equal to log base 2 of 3, which, according to my calculator, is 1.58.				
FALSE					
					
Cette mutilation de son <L1>clitoris</L1> a bien sûr eu des conséquences sur sa vie et l'a changée de façon dévastatrice.	That mutilation of her clitoris had actually obviously impacted her life and changed it in a way that was devastating.	clito clitoris			
Cette mutilation de son <N1></N1> a bien sûr eu des conséquences sur sa vie et l'a changée de façon dévastatrice.	That mutilation of her clitoris had actually obviously impacted her life and changed it in a way that was devastating.				
FALSE					
					
Quand vous ne faites pas cela, quand vous mangez des aliments sains normaux et pas de glutamate et dans pratiquement tout ce que vous trouvez dans les rayons de supermarchés, il y a du glutamate il est partout; au restaurant, parce que les restaurateurs savent que le glutamate provoque une <L1>addiction</L1> et les gens reviennent.	When you don't do that, when you eat good normal healthy food and no MSG, and MSG is now being put into virtually everything you buy on the shelves in the grocery store. And it's in everything; in restaurants, because the restaurant people also know that it's addictive and people come back for it.				
Quand vous ne faites pas cela, quand vous mangez des aliments sains normaux et pas de glutamate et dans pratiquement tout ce que vous trouvez dans les rayons de supermarchés, il y a du glutamate il est partout; au restaurant, parce que les restaurateurs savent que le glutamate provoque une <N1>addiction</N1> et les gens reviennent.	When you don't do that, when you eat good normal healthy food and no MSG, and MSG is now being put into virtually everything you buy on the shelves in the grocery store. And it's in everything; in restaurants, because the restaurant people also know that it's addictive and people come back for it.				
TRUE					
					
Retour à la robe <L1>vintage</L1> de velours rouge, couleur du pouvoir et clin d'oeil à la précédente reine, simple et dévote.	Back to the regulation red-velvet dress.** The colour of power and a discreet nod to her simple, pious predecessor.				
Retour à la robe <N1>millésimée</N1> de velours rouge, couleur du pouvoir et clin d'oeil à la précédente reine, simple et dévote.	Back to the regulation red-velvet dress.** The colour of power and a discreet nod to her simple, pious predecessor.				
TRUE					
					
La <L1>pastèque</L1> est un mot fort.	Watermelon is a safe word.	melon d'eau pastèque melon d’eau citrullus vulgaris | melon d'eau pastèque melon d’eau			
La <N1>pastèque</N1> est un mot fort.	Watermelon is a safe word.				
TRUE					
					
Aujourd'hui, cet examen de <L1>cobalt</L1> Ci	Today, this examination of cobalt Ci				
Aujourd'hui, cet examen de <N1></N1> Ci	Today, this examination of cobalt Ci				
FALSE					
					
Will <L1>drainer</L1> le monde étrange des mauvais esprits est toujours tirée	Will drain off the strange world of evil spirits is still driven	drainer descente puisard | assécher drainer | drainer affaiblir abattre débiliter | drainer puisard | drainer fuite			
Will <N1></N1> le monde étrange des mauvais esprits est toujours tirée	Will drain off the strange world of evil spirits is still driven				
FALSE					
					
L'étude de Jackson se concentre sur le <L1>storytelling</L1> avec les Coronco au Sierra Leone.	The study Jackson performed focuses on storytelling with the Coronco people in Sierra Leone.				
L'étude de Jackson se concentre sur le <N1>récit</N1> avec les Coronco au Sierra Leone.	The study Jackson performed focuses on storytelling with the Coronco people in Sierra Leone.				
TRUE					
					
C'est une vraie <L1>panoplie</L1> de conditions requises.	And, I mean, there is a set of conditions.				
C'est une vraie <N1></N1> de conditions requises.	And, I mean, there is a set of conditions.				
FALSE					
					
Ensuite,comme on voit dans le dessin, en approchant x=0 on met un <L1>asymptote</L1> et on approche le negatif infini,pas vrai?	And then as we see from what we drew, as we approach x is equal to 0, we asymptote, and we approach negative infinity, right?	Asymptote asymptote			
Ensuite,comme on voit dans le dessin, en approchant x=0 on met un <N1></N1> et on approche le negatif infini,pas vrai?	And then as we see from what we drew, as we approach x is equal to 0, we asymptote, and we approach negative infinity, right?				
FALSE					
					
Oprah n'a jamais été une grande <L1>héroïne</L1> pour moi.	Okay. Oprah was never necessarily a big hero of mine.	diacétylmorphine héroïne			
Oprah n'a jamais été une grande <N1></N1> pour moi.	Okay. Oprah was never necessarily a big hero of mine.				
FALSE					
					
Et le <L1>gag</L1> c'est que bien sûr, ils ne se contentent pas de fonctionner pour le marché.	And the gag is that, of course, these aren't just running through the market.				
Et le <N1>gag</N1> c'est que bien sûr, ils ne se contentent pas de fonctionner pour le marché.	And the gag is that, of course, these aren't just running through the market.				
TRUE					
					
Il essaye de vous mettre le grappin dessus, sur le <L1>firmware</L1> à l'intérieur du crâne humain, pour vous recommander quel film vous pourriez avoir envie de voir ensuite, ce qui est un problème très, très difficile.	It's trying to get a grasp on you, on the firmware inside the human skull, so that it can recommend what movie you might want to watch next -- which is a very, very difficult problem.	microcode firmware logiciel interne micrologiciel			
Il essaye de vous mettre le grappin dessus, sur le <N1>micrologiciel</N1> à l'intérieur du crâne humain, pour vous recommander quel film vous pourriez avoir envie de voir ensuite, ce qui est un problème très, très difficile.	It's trying to get a grasp on you, on the firmware inside the human skull, so that it can recommend what movie you might want to watch next -- which is a very, very difficult problem.				
TRUE					
					
Tu veux dire m'envoyer un <L1>fax</L1> ?	You mean sending me a fax?	fax télécopieur			
Tu veux dire m'envoyer un <N1>fax</N1> ?	You mean sending me a fax?				
TRUE					
					
C'est plus <L1>underground</L1> parce ce que plus dans le vent.	It's more underground because it's more up-to-date..				
C'est plus <N1>clandestin</N1> parce ce que plus dans le vent.	It's more underground because it's more up-to-date..				
TRUE					
					
Et quand il me donne sa dernière dissertation, dans laquelle il prétend que l'impératif catégorique est peut-être trop <L1>intransigeant</L1> pour traiter du conflit qui affecte notre quotidien et me met au défi de lui dire si nous sommes par conséquent condamnés à l'échec moral, je lui dis:	So when he gives me his final paper, in which he argues that the categorical imperative is perhaps too uncompromising to deal with the conflict that affects our everyday and challenges me to tell him whether therefore we are condemned to moral failure,	impitoyable inexorable intransigeant | impitoyable intransigeant			
Et quand il me donne sa dernière dissertation, dans laquelle il prétend que l'impératif catégorique est peut-être trop <N1></N1> pour traiter du conflit qui affecte notre quotidien et me met au défi de lui dire si nous sommes par conséquent condamnés à l'échec moral, je lui dis:	So when he gives me his final paper, in which he argues that the categorical imperative is perhaps too uncompromising to deal with the conflict that affects our everyday and challenges me to tell him whether therefore we are condemned to moral failure,				
FALSE					
					
Ce n'est pas une suite, un <L1>remake</L1> ou une adaptation, mais c'est un film de genre, la science-fiction et de plus, c'est le membre d'un sous-genre où des personnes blanches sympathiques sont affligées par tous les meurtres, pillages et annihilations qui ont eu lieu en leur nom.	Now it's not a sequel, remake or adaptation but it is a genre film, sci-fi and most tellingly it's a member of a tiny subgenre where sympathetic white people feel bad about all the murder, pillaging and annihilation being done on their behalf.	copie remake			
Ce n'est pas une suite, un <N1>remake</N1> ou une adaptation, mais c'est un film de genre, la science-fiction et de plus, c'est le membre d'un sous-genre où des personnes blanches sympathiques sont affligées par tous les meurtres, pillages et annihilations qui ont eu lieu en leur nom.	Now it's not a sequel, remake or adaptation but it is a genre film, sci-fi and most tellingly it's a member of a tiny subgenre where sympathetic white people feel bad about all the murder, pillaging and annihilation being done on their behalf.				
TRUE					
					
Le bandeau est une référence au personnage principal de Crime à froid et la musique fredonnée vient du <L1>thriller</L1> de 1968, Twisted Nerve .	Darryl Hannah's eye patch is a not to the lead characher in The Call Her One Eye and the tune she is whistling is taken from the 1968 thriller Twisted Nerve	polar thriller			
Le bandeau est une référence au personnage principal de Crime à froid et la musique fredonnée vient du <N1>thriller</N1> de 1968, Twisted Nerve .	Darryl Hannah's eye patch is a not to the lead characher in The Call Her One Eye and the tune she is whistling is taken from the 1968 thriller Twisted Nerve				
TRUE					
					
Alors que j'étais là-bas, j'ai, comme la plupart des gens je crois, supposé qu'il ne s'agissait en fait que d'un <L1>aspirine</L1> pour l'esprit.	Now as I was there, I guess, like a lot of people, I assumed that it was just an aspirin for the mind.	acide acétylsalicylique aspirine			
Alors que j'étais là-bas, j'ai, comme la plupart des gens je crois, supposé qu'il ne s'agissait en fait que d'un <N1></N1> pour l'esprit.	Now as I was there, I guess, like a lot of people, I assumed that it was just an aspirin for the mind.				
FALSE					
					
Nous avons un <L1>canoë</L1> en aluminium au lieu d'une barque de bouleau, c'est difficile de trouver des bouleaux de cette taille de nos jours, mais nous cultivons toujours du riz.	We got an aluminum canoe now instead of a birch bark. Hard to get trees that size these days, but we still rice.	kayak canoë canot canoës			
Nous avons un <N1>canoë</N1> en aluminium au lieu d'une barque de bouleau, c'est difficile de trouver des bouleaux de cette taille de nos jours, mais nous cultivons toujours du riz.	We got an aluminum canoe now instead of a birch bark. Hard to get trees that size these days, but we still rice.				
TRUE					
					
Par exemple, les écailles d'un <L1>ananas</L1> s'enroulent en deux spirales qui tournent en sens inverse.	If we count these spirals, we find 8 in one way and 13 in the other way: two consecutive Fibonacci numbers.	ananas ana | ananas ana ananas comosus | Ananas ananas			
Par exemple, les écailles d'un <N1></N1> s'enroulent en deux spirales qui tournent en sens inverse.	If we count these spirals, we find 8 in one way and 13 in the other way: two consecutive Fibonacci numbers.				
FALSE					
					
Ici, je vous ai ramené deux calligraphies : à droite vous voyez la <L1>calligraphie</L1> anglo-saxonne avec laquelle mes filles ont appris à lire et à écrire, à gauche la calligraphie française que vous connaissez tous.	Here you can see two different styles of handwriting: on the right is the Anglo-Saxon handwriting that my daughters learned to read and write with, on the left, the French handwriting that you all know.	calligraphie manuscriture			
Ici, je vous ai ramené deux calligraphies : à droite vous voyez la <N1></N1> anglo-saxonne avec laquelle mes filles ont appris à lire et à écrire, à gauche la calligraphie française que vous connaissez tous.	Here you can see two different styles of handwriting: on the right is the Anglo-Saxon handwriting that my daughters learned to read and write with, on the left, the French handwriting that you all know.				
FALSE					
					
Moi j'habitais au village de Waris, ou on faisais du <L1>cacao</L1> et ceux de Hampas faisaient du sagou.	I used to live in the Waris village where I farmed cocoa, while those who farm sago lived in the Hampas Village	cacaoyer cacao fève de cacao cacaotier theobroma cacao | chocolat cacao chocolat chaud | chocolat cacao Fève de cacao			
Moi j'habitais au village de Waris, ou on faisais du <N1></N1> et ceux de Hampas faisaient du sagou.	I used to live in the Waris village where I farmed cocoa, while those who farm sago lived in the Hampas Village				
FALSE					
					
Ces lois sont nos lois - vraiment comme un <L1>patchwork</L1> de lois étatiques - qui évitent à un journaliste d'avoir à trahir une source.	The shield laws are our laws -- pretty much a patchwork of state laws -- that prevent a journalist from having to betray a source.	patchwork mosaïque			
Ces lois sont nos lois - vraiment comme un <N1>patchwork</N1> de lois étatiques - qui évitent à un journaliste d'avoir à trahir une source.	The shield laws are our laws -- pretty much a patchwork of state laws -- that prevent a journalist from having to betray a source.				
TRUE					
					
Ce que nous pouvons faire pour aider les jeunes femmes et les femmes de tout age c'est d'avoir une economie forte, si forte que les employeurs ont devoir trouver de bons employes et les integrer a leur <L1>staff</L1> et s'adapter a un emploi du temps flexible qui donne des opportunites aux femmes qu'elles n'auraient autrement pas eu.	How do you convince a great American company to bring that manufacturing back here? ROMNEY: The answer is very straightforward.				
Ce que nous pouvons faire pour aider les jeunes femmes et les femmes de tout age c'est d'avoir une economie forte, si forte que les employeurs ont devoir trouver de bons employes et les integrer a leur <N1></N1> et s'adapter a un emploi du temps flexible qui donne des opportunites aux femmes qu'elles n'auraient autrement pas eu.	How do you convince a great American company to bring that manufacturing back here? ROMNEY: The answer is very straightforward.				
FALSE					
					
les pays riches du monde avec des monnaies fortes raison pour laquelle les spéculateurs anglosaxons ne les ont pas attaqué. Je voulais encore expliquer pourquoi il n'y avait pas eu de réglementation de cette finance sauvage complètement délirante, qui n'est absolument sujette à aucun contrôle ni même à la compréhension du citoyen moyen. C'est tout simplement le fait d'un <L1>lobbying</L1> tout à fait inquiétant.	Nicolas Brillet who knows all the answers :-)				
les pays riches du monde avec des monnaies fortes raison pour laquelle les spéculateurs anglosaxons ne les ont pas attaqué. Je voulais encore expliquer pourquoi il n'y avait pas eu de réglementation de cette finance sauvage complètement délirante, qui n'est absolument sujette à aucun contrôle ni même à la compréhension du citoyen moyen. C'est tout simplement le fait d'un <N1></N1> tout à fait inquiétant.	Nicolas Brillet who knows all the answers :-)				
FALSE					
					
Je sais, c'est inquiétant, mais ce que nous avons tenté de faire c'était perturber ce champ de bataille intellectuel et <L1>chic</L1> du marketing du soda.	I know, that's disturbing, but what we were attempting to do was to disturb that lofty intellectual battle ground of soda marketing.	chic chique huppé élégante élégant			
Je sais, c'est inquiétant, mais ce que nous avons tenté de faire c'était perturber ce champ de bataille intellectuel et <N1></N1> du marketing du soda.	I know, that's disturbing, but what we were attempting to do was to disturb that lofty intellectual battle ground of soda marketing.				
FALSE					
					
Tu peux me trouver à une table pleine de vodka et de <L1>tequila</L1> Entouré de lapins (filles) Et ce n'est pas ce putin de pâque	You can find me on a table full of vodka and tequila Surrounded by some bunnies, and it ain't fucking Easter	tequila téquila			
Tu peux me trouver à une table pleine de vodka et de <N1></N1> Entouré de lapins (filles) Et ce n'est pas ce putin de pâque	You can find me on a table full of vodka and tequila Surrounded by some bunnies, and it ain't fucking Easter				
FALSE					
					
Année après année, je suis devenu d'un <L1>gamer</L1> de trouveur de connaissances.	Year after year, i became from a gamer to knowledge finder.				
Année après année, je suis devenu d'un <N1></N1> de trouveur de connaissances.	Year after year, i became from a gamer to knowledge finder.				
FALSE					
					
Aussi l'an dernier, <L1>BMW</L1> a annoncé cette voiture électrique en fibre de carbone, ils ont dit que le coût de la fibre de carbone est compensé par le fait qu'elle nécessite moins de batteries.	Also last year, BMW announced this carbon fiber electric car, they said that its carbon fiber is paid for by needing fewer batteries.				
Aussi l'an dernier, <N1></N1> a annoncé cette voiture électrique en fibre de carbone, ils ont dit que le coût de la fibre de carbone est compensé par le fait qu'elle nécessite moins de batteries.	Also last year, BMW announced this carbon fiber electric car, they said that its carbon fiber is paid for by needing fewer batteries.				
FALSE					
					
Notre équipe accélère ce genre d'économies de pétrole avec ce que nous appelons l' <L1>acupuncture</L1> institutionnelle .	Our team speeds up these kinds of oil savings by what we call  institutional acupuncture.	acupuncture acuponcture			
Notre équipe accélère ce genre d'économies de pétrole avec ce que nous appelons l' <N1></N1> institutionnelle .	Our team speeds up these kinds of oil savings by what we call  institutional acupuncture.				
FALSE					
					
Ce que j'ai appris en parlant avec ces gens c'est que nous avons en commun un désir de comprendre et d'accepter la mort et de <L1>minimiser</L1> l'impact de notre mort sur l'environnement.	What I've learned from talking to these folks is that we share a common desire to understand and accept death and to minimize the impact of our death on the environment.	réduire minimiser			
Ce que j'ai appris en parlant avec ces gens c'est que nous avons en commun un désir de comprendre et d'accepter la mort et de <N1></N1> l'impact de notre mort sur l'environnement.	What I've learned from talking to these folks is that we share a common desire to understand and accept death and to minimize the impact of our death on the environment.				
FALSE					
					
C'est quoi, <L1>bitcoin</L1> ?	What is Bitcoin?				
C'est quoi, <N1></N1> ?	What is Bitcoin?				
FALSE					
					
Et j'ai commencé à comprendre qu'il y a différentes façons de faire de la diplomatie, que la diplomatie, comme les affaires, consiste à résoudre des problèmes, et pourtant le mot innovation n'existe pas en diplomatie ; tout n'est que jeu à somme nulle et <L1>realpolitik</L1> et d'anciennes institutions qui ont été établies il y a des générations et qui font les choses comme elles les ont toujours faites.	And I began to realize that there are different ways of doing diplomacy -- that diplomacy, like business, is a business of solving problems, and yet the word innovation doesn't exist in diplomacy; it's all zero sum games and realpolitik and ancient institutions that have been there for generations and do things the same way they've always done things.				
Et j'ai commencé à comprendre qu'il y a différentes façons de faire de la diplomatie, que la diplomatie, comme les affaires, consiste à résoudre des problèmes, et pourtant le mot innovation n'existe pas en diplomatie ; tout n'est que jeu à somme nulle et <N1>realpolitik</N1> et d'anciennes institutions qui ont été établies il y a des générations et qui font les choses comme elles les ont toujours faites.	And I began to realize that there are different ways of doing diplomacy -- that diplomacy, like business, is a business of solving problems, and yet the word innovation doesn't exist in diplomacy; it's all zero sum games and realpolitik and ancient institutions that have been there for generations and do things the same way they've always done things.				
TRUE					
					
Il est commun d'entendre que, à son époque primitive, l'Islam s'est répandue par l'épée et c'est en partie vrai, sauf pour... <L1>suspense</L1> les Mongols.	It's common to hear that in these early years Islam quote spread by the sword, and that's partly true, unless you are—wait for it— the Mongols.				
Il est commun d'entendre que, à son époque primitive, l'Islam s'est répandue par l'épée et c'est en partie vrai, sauf pour... <N1></N1> les Mongols.	It's common to hear that in these early years Islam quote spread by the sword, and that's partly true, unless you are—wait for it— the Mongols.				
FALSE					
					
Je suis à la fois douce et violente Quand je mets mon vagin sur ta tête tu me fais avoir un <L1>orgasme</L1>	Je suis unique un mélange de douceur et de danger, lorsque je parle autour de moi je dit du bien sur toi	jouissance orgasme			
Je suis à la fois douce et violente Quand je mets mon vagin sur ta tête tu me fais avoir un <N1></N1>	Je suis unique un mélange de douceur et de danger, lorsque je parle autour de moi je dit du bien sur toi				
FALSE					
					
Je sais ce que c'est qu'une <L1>mole</L1> (mole en anglais = taupe), c'est un petit animal poilu qui creuse des trous dans le sol et détruit les jardins .	I know what a mole is, it's a small furry creature that digs holes in the ground and destroys gardens.	taupe mole | taupe embarcadère digue aine jetée brise-lames mole | mola môle | taupe mole mol			
Je sais ce que c'est qu'une <N1></N1> (mole en anglais = taupe), c'est un petit animal poilu qui creuse des trous dans le sol et détruit les jardins .	I know what a mole is, it's a small furry creature that digs holes in the ground and destroys gardens.				
FALSE					
					
Mec, mets des ordures dans les veines d'un autre gars Je vais à mon stand de <L1>hot-dog</L1> préféré	I go to my favorite hot dog stand and the dude says, you come here all the time!	franc chien hot-dog | red hot hot-dog			
Mec, mets des ordures dans les veines d'un autre gars Je vais à mon stand de <N1></N1> préféré	I go to my favorite hot dog stand and the dude says, you come here all the time!				
FALSE					
					
Je parle de la vie et d'autre chose de temps à autre ; la bonne nouvelle c'est que vous pouvez <L1>zapper</L1>	And I talk about life and so on as we go along, and the good news is you can always skip parts you don't enjoy.				
Je parle de la vie et d'autre chose de temps à autre ; la bonne nouvelle c'est que vous pouvez <N1></N1>	And I talk about life and so on as we go along, and the good news is you can always skip parts you don't enjoy.				
FALSE					
					
Je pene qu'à 5 ans il pensait que Google était la personne vraiment cool qui savait tout sur tout et mon père est un <L1>loser</L1> Je vous parle de ça parce que Google est un truc super non?	I would say to Gabe, Gabriel,  Gabriel, why don't you Google?  So I think by about five he thought Google was this really cool person who knew everything and my dad is a loser.				
Je pene qu'à 5 ans il pensait que Google était la personne vraiment cool qui savait tout sur tout et mon père est un <N1></N1> Je vous parle de ça parce que Google est un truc super non?	I would say to Gabe, Gabriel,  Gabriel, why don't you Google?  So I think by about five he thought Google was this really cool person who knew everything and my dad is a loser.				
FALSE					
					
On peut voir l'insuline comme une <L1>hormone</L1> maîtresse qui contrôle ce que le corps fait des aliments que nous mangeons : les brûler ou les emmagasiner.	You can think of insulin as this master hormone that controls what our body does with the foods we eat, whether we burn it or store it.				
On peut voir l'insuline comme une <N1></N1> maîtresse qui contrôle ce que le corps fait des aliments que nous mangeons : les brûler ou les emmagasiner.	You can think of insulin as this master hormone that controls what our body does with the foods we eat, whether we burn it or store it.				
FALSE					
					
Les filles pensent que c'est du <L1>charisme</L1> ?	Girls think that is charismatic?				
Les filles pensent que c'est du <N1></N1> ?	Girls think that is charismatic?				
FALSE					
					
En regardant ce Tweet nous pouvons voir la photo et les mentions, plus d'informations sur qui est mentionné dans le Tweet et autres Tweets pertinentes le <L1>tag</L1> avec le <L2>hashtag</L2> même, et je peux plonger plus profondément dans aucune de ces Tweets pour voir plus.	Looking at this Tweet we can see the photo and mentions, more information about who's mentioned in the Tweet and other relevant Tweets tagged with the same hashtag, and I can dive deeper into any of these Tweets to see more.				
En regardant ce Tweet nous pouvons voir la photo et les mentions, plus d'informations sur qui est mentionné dans le Tweet et autres Tweets pertinentes le <N1></N1> avec le <N2></N2> même, et je peux plonger plus profondément dans aucune de ces Tweets pour voir plus.	Looking at this Tweet we can see the photo and mentions, more information about who's mentioned in the Tweet and other relevant Tweets tagged with the same hashtag, and I can dive deeper into any of these Tweets to see more.				
FALSE					
					
Alors est <L1>dandy</L1> maintenant traiter maintenant que comment il saute d'arbre en arbre lentement quand vous êtes un être humain	So is dandy now treat now that how he jumps from tree to tree slowly when you're a human	étendoir dandy mec bellâtre sigisbée mon pote muguet pinpin pote type gars			
Alors est <N1></N1> maintenant traiter maintenant que comment il saute d'arbre en arbre lentement quand vous êtes un être humain	So is dandy now treat now that how he jumps from tree to tree slowly when you're a human				
FALSE					
					
Roue de Jacob et disparus quatrième étape <L1>coach</L1> puis quelque chose d'étonnant arrive	Jacob's Wheel and missing fourth leg coach then something amazing happens				
Roue de Jacob et disparus quatrième étape <N1></N1> puis quelque chose d'étonnant arrive	Jacob's Wheel and missing fourth leg coach then something amazing happens				
FALSE					
					
Et bien sûr, le Waylakamaspin, la trajectoire de la route, est marquée par des monticules sacrés de Terre où la <L1>coca</L1> est donnée à la terre, des libations d'alcool au vent, le tourbillon du féminin est porté au sommet de la montagne.	And of course, the waylakama spin, the trajectory of the route, is marked by holy mounds of Earth, where coke is given to the Earth, libations of alcohol to the wind, the vortex of the feminine is brought to the mountaintop.	Coke coke coca | coca cola			
Et bien sûr, le Waylakamaspin, la trajectoire de la route, est marquée par des monticules sacrés de Terre où la <N1></N1> est donnée à la terre, des libations d'alcool au vent, le tourbillon du féminin est porté au sommet de la montagne.	And of course, the waylakama spin, the trajectory of the route, is marked by holy mounds of Earth, where coke is given to the Earth, libations of alcohol to the wind, the vortex of the feminine is brought to the mountaintop.				
FALSE					
					
Cette <L1>calebasse</L1> que vous voyez là est -- tout dans leur vie est symbolique.	The gourd you see here is -- everything in their lives is symbolic.				
Cette <N1></N1> que vous voyez là est -- tout dans leur vie est symbolique.	The gourd you see here is -- everything in their lives is symbolic.				
FALSE					
					
Ça va ressembler à un <L1>western</L1> de John Ford.	It's going to look like a John Ford Western.				
Ça va ressembler à un <N1>western</N1> de John Ford.	It's going to look like a John Ford Western.				
TRUE					
					
Rien ne peut bouger, il n'y a pas de réelle <L1>autonomie</L1> pour les parties.	Within the permissive will of the supreme being.	autonomie autosuffisance Autosuffisance | autonomie liberté			
Rien ne peut bouger, il n'y a pas de réelle <N1></N1> pour les parties.	Within the permissive will of the supreme being.				
FALSE					
					
Et c'est pourquoi je suis allé faire des courses et j'ai choisi un <L1>best-seller</L1> sur la réussite en affaires.	And that's why I went out and I picked up a best-selling business book.				
Et c'est pourquoi je suis allé faire des courses et j'ai choisi un <N1>best-seller</N1> sur la réussite en affaires.	And that's why I went out and I picked up a best-selling business book.				
TRUE					
					
Ensuite, nous allons faire un <L1>escalator</L1> qui vous aidera à monter là-haut.	Then we're going to make an escalator that helps you get up there.	escalator escalateur | escalator escalier mécanique			
Ensuite, nous allons faire un <N1>escalier mécanique</N1> qui vous aidera à monter là-haut.	Then we're going to make an escalator that helps you get up there.				
TRUE					
					
Je me sentais piégé parce que la vie que je vivais m'a coûté 11 heures par jour à l'intérieur de ce <L1>bunker</L1> sans fenêtres.	I felt trapped because the life I was living cost me 11 hours a day inside a windowless bunker.	bunker piège soute			
Je me sentais piégé parce que la vie que je vivais m'a coûté 11 heures par jour à l'intérieur de cet <N1>abri</N1> sans fenêtres.	I felt trapped because the life I was living cost me 11 hours a day inside a windowless bunker.				
TRUE					
					
Allegro était le seul <L1>agnostique</L1> dans l équipe internationale des traducteurs des Parchemins de la Mer Morte.	Allegro was the only agnostic on the international team of Dead Sea Scrolls translators.				
Allegro était le seul <N1></N1> dans l équipe internationale des traducteurs des Parchemins de la Mer Morte.	Allegro was the only agnostic on the international team of Dead Sea Scrolls translators.				
FALSE					
					
C'est un <L1>barman</L1> de l'Eagle.	He's a bartender at the Eagle.	Employé de bar barman barmaid employé de bar			
C'est un <N1>barman</N1> de l'Eagle.	He's a bartender at the Eagle.				
FALSE					
					
Têtu comme une <L1>bourrique</L1> ! 300 yuans ?	What a pig-headed bastard.				
Têtu comme une <N1></N1> ! 300 yuans ?	What a pig-headed bastard.				
FALSE					
					
Ceci est un <L1>container</L1> maritime.	This is a shipping container.	baquet récipient container bac conteneur			
Ceci est un <N1>conteneur</N1> maritime.	This is a shipping container.				
TRUE					
					
Mais une fois il y avait une commotion cérébrale et un bruit de bouteilles sonner ensemble comme si la table avait été frappé, et le <L1>smash</L1> d'une bouteille jetée violemment vers le bas, puis une stimulation rapide en travers de la pièce.	But once there was a concussion and a sound of bottles ringing together as though the table had been hit, and the smash of a bottle flung violently down, and then a rapid pacing athwart the room.				
Mais une fois il y avait une commotion cérébrale et un bruit de bouteilles sonner ensemble comme si la table avait été frappé, et le <N1></N1> d'une bouteille jetée violemment vers le bas, puis une stimulation rapide en travers de la pièce.	But once there was a concussion and a sound of bottles ringing together as though the table had been hit, and the smash of a bottle flung violently down, and then a rapid pacing athwart the room.				
FALSE					
					
Comme il est descendu, le <L1>rush</L1> de la direction de la place du village est venu rondes le coin.	As he went down, the rush from the direction of the village green came round the corner.	jonc Rush			
Comme il est descendu, le <N1></N1> de la direction de la place du village est venu rondes le coin.	As he went down, the rush from the direction of the village green came round the corner.				
FALSE					
					
Le visage de M. Cuss était en colère et résolue, mais son costume était défectueux, une sorte de <L1>pagne</L1> blanc, mou qui ne pouvait rassembler passé en Grèce.	The face of Mr. Cuss was angry and resolute, but his costume was defective, a sort of limp white kilt that could only have passed muster in Greece.	string pagne | sarong paréo pagne Sarong			
Le visage de M. Cuss était en colère et résolue, mais son costume était défectueux, une sorte de <N1></N1> blanc, mou qui ne pouvait rassembler passé en Grèce.	The face of Mr. Cuss was angry and resolute, but his costume was defective, a sort of limp white kilt that could only have passed muster in Greece.				
FALSE					
					
Laisse-moi aller à l'intérieur , a déclaré Marvel, et jetaient de grands cris comme un coup soudain, fait le fixé frisson porte et a été suivie par un <L1>rapper</L1> précipitée et un en dehors en criant.	Lemme go inside,  said Marvel, and shrieked aloud as a blow suddenly made the fastened door shiver and was followed by a hurried rapping and a shouting outside.				
Laisse-moi aller à l'intérieur , a déclaré Marvel, et jetaient de grands cris comme un coup soudain, fait le fixé frisson porte et a été suivie par un <N1></N1> précipitée et un en dehors en criant.	Lemme go inside,  said Marvel, and shrieked aloud as a blow suddenly made the fastened door shiver and was followed by a hurried rapping and a shouting outside.				
FALSE					
					
J'entends des voix, mais le puits, c'est surtout cette <L1>cacophonie</L1> d'hommes qui toussent, et de pierres cassées par des outils primitifs.	I hear voices talking, but mostly the shaft is this cacophony of men coughing, and stone being broken with primitive tools.				
J'entends des voix, mais le puits, c'est surtout cette <N1></N1> d'hommes qui toussent, et de pierres cassées par des outils primitifs.	I hear voices talking, but mostly the shaft is this cacophony of men coughing, and stone being broken with primitive tools.				
FALSE					
					
les filles doivent acheter des princesses et tous les garçons doivent acheter des <L1>super-héros</L1>	It wouldn't be fair for all the GlRLS to buy princesses And all the BOYS to buy, to buy superheros!				
les filles doivent acheter des princesses et tous les garçons doivent acheter des <N1></N1>	It wouldn't be fair for all the GlRLS to buy princesses And all the BOYS to buy, to buy superheros!				
FALSE					
					
Les gens de Vlasic Pickles sont venus le voir, et lui ont dit: M. Moskowitz -- Docteur Moskowitz -- nous voulons faire la sauce <L1>pickle</L1> parfaite. Il a répondu :	Vlasic Pickles came to him, and they said,  Doctor Moskowitz, we want to make the perfect pickle.				
Les gens de Vlasic Pickles sont venus le voir, et lui ont dit: M. Moskowitz -- Docteur Moskowitz -- nous voulons faire la sauce <N1></N1> parfaite. Il a répondu :	Vlasic Pickles came to him, and they said,  Doctor Moskowitz, we want to make the perfect pickle.				
FALSE					
					
Ces scènes contribuent à la distinguer des nombreux personnages de soi-disant femmes fortes présents dans la culture populaire et qui ne font qu'imiter l'archétype <L1>macho</L1> stoïque et détaché, ne ressentant aucune émotion, qui, je ne sais comment, peut subir une violence et un traumatisme extrêmes sans effet visible.	These scenes help to separate her from many of the so called strong female characters in popular culture who just replicate the stoic, unemotional, unaffected, macho archetype where somehow they go through extreme violence and trauma with no visible effect at all.				
Ces scènes contribuent à la distinguer des nombreux personnages de soi-disant femmes fortes présents dans la culture populaire et qui ne font qu'imiter l'archétype <N1>macho</N1> stoïque et détaché, ne ressentant aucune émotion, qui, je ne sais comment, peut subir une violence et un traumatisme extrêmes sans effet visible.	These scenes help to separate her from many of the so called strong female characters in popular culture who just replicate the stoic, unemotional, unaffected, macho archetype where somehow they go through extreme violence and trauma with no visible effect at all.				
TRUE					
					
Le fusil que j'opérais était un fusil standard de <L1>sniper</L1> M24.	The rifle I was operating was standard M24 sniper rifle.	tireur isolé tireur d'élite sniper			
Le fusil que j'opérais était un fusil standard de <N1>tireur d'élite</N1> M24.	The rifle I was operating was standard M24 sniper rifle.				
TRUE					
					
Mitrailleuses marins étaient partout après le début de la fusillade, a fait une petite <L1>halte</L1>	Marine machine guns were everywhere after the beginning of the shooting, did a quick stopover	arrêt escale halte point | arrêt halte arrêter point | arrêt halte arrêter | arrêt halte être debout surplace | arrêt halte domicile arrêter			
Mitrailleuses marins étaient partout après le début de la fusillade, a fait une petite <N1></N1>	Marine machine guns were everywhere after the beginning of the shooting, did a quick stopover				
FALSE					
					
Vous pouvez créer un onglet Trendspottr faisant ressortir les meilleures sources créant le <L1>buzz</L1> pour le mot voyage afin de vous aider à cibler des influenceurs, clients ou partenaires potentiels.	You can set up Trendspottr tabs to show who the top trending sources are for  travel  to help you target key potential influencers, clients and affiliates.				
Vous pouvez créer un onglet Trendspottr faisant ressortir les meilleures sources créant le <N1>buzz</N1> pour le mot voyage afin de vous aider à cibler des influenceurs, clients ou partenaires potentiels.	You can set up Trendspottr tabs to show who the top trending sources are for  travel  to help you target key potential influencers, clients and affiliates.				
TRUE					
					
Nous en avons besoin comment il est paresseux et n'a rien fait rien d'utile dans sa vie , bu arak et joué au <L1>backgammon</L1> Et se regardait comme un artiste art du temps	We need it how he's lazy and did nothing nothing useful in his life, drank arak and played backgammon and looked himself as an artist art time	trictrac backgammon			
Nous en avons besoin comment il est paresseux et n'a rien fait rien d'utile dans sa vie , bu arak et joué au <N1></N1> Et se regardait comme un artiste art du temps	We need it how he's lazy and did nothing nothing useful in his life, drank arak and played backgammon and looked himself as an artist art time				
FALSE					
					
Arrêtez votre esprit, vous mule plutôt <L1>mulet</L1> avec Balaam va maudire le peuple d'Israël Go go go	Stop your spirit, you mule rather mule with Balaam is going to curse the people of Israel = = go go go	mulet mule			
Arrêtez votre esprit, vous mule plutôt <N1></N1> avec Balaam va maudire le peuple d'Israël Go go go	Stop your spirit, you mule rather mule with Balaam is going to curse the people of Israel = = go go go				
FALSE					
					
Dégusté sa salade d'aubergine, le samedi, die <L1>dysenterie</L1> regardez comment bien j'en ai mangé	Tasted her eggplant salad on Saturday, die dysentery				
Dégusté sa salade d'aubergine, le samedi, die <N1></N1> regardez comment bien j'en ai mangé	Tasted her eggplant salad on Saturday, die dysentery				
FALSE					
					
Ensuite la peau de ces animaux est envoyée aux tanneries qui utilisent des substances toxiques comme le <L1>chrome</L1> pour stopper la décomposition Rappelez vous : le cuir est de la chair morte	Afterwards, the skins from these animals are sent to tanneries that use deadly substances like Chromium and other toxins to stop decomposition.				
Ensuite la peau de ces animaux est envoyée aux tanneries qui utilisent des substances toxiques comme le <N1></N1> pour stopper la décomposition Rappelez vous : le cuir est de la chair morte	Afterwards, the skins from these animals are sent to tanneries that use deadly substances like Chromium and other toxins to stop decomposition.				
FALSE					
					
Le terme combat contre un taureau serait injuste, car il y a peu de compétition entre l'épée de l'agile <L1>matador</L1> (tueur en espagnol) et un taureau confus, mutilé, psychologiquement tourmenté et physiquement affaibli.	BULLFlGHTlNG At best, the term  bullfighting  is a misnomer, as there is little competition between the sword of a nimble matador (which is Spanish for killer), and a confused, maimed, psychologically tormented, and physically debilitated bull.				
Le terme combat contre un taureau serait injuste, car il y a peu de compétition entre l'épée de l'agile <N1></N1> (tueur en espagnol) et un taureau confus, mutilé, psychologiquement tourmenté et physiquement affaibli.	BULLFlGHTlNG At best, the term  bullfighting  is a misnomer, as there is little competition between the sword of a nimble matador (which is Spanish for killer), and a confused, maimed, psychologically tormented, and physically debilitated bull.				
FALSE					
					
Certains animaux sont maintenus dans le noir pendant 48h avant la confrontation 01:10:52,514 --&gt; 01:10:55,390 et sont lâchés aveuglés dans l'arène de lumière. 690 Dans la <L1>corrida</L1> typique,	Some of the animals are placed in darkness for 48 hours before the confrontation, then are released blinded into the bright arena.	tauromachie corrida			
Certains animaux sont maintenus dans le noir pendant 48h avant la confrontation 01:10:52,514 --&gt; 01:10:55,390 et sont lâchés aveuglés dans l'arène de lumière. 690 Dans la <N1></N1> typique,	Some of the animals are placed in darkness for 48 hours before the confrontation, then are released blinded into the bright arena.				
FALSE					
					
Et ce qui était encore plus dérangeant -- si c'est possible ! -- dans cet étalage de <L1>misogynie</L1> à grande échelle, c'est que les auteurs parlaient ouvertement de cette campagne de harcèlement et de leurs abus comme d'un jeu .	What's even more disturbing, if that's even possible, in this overt display of misogyny on a grand scale, is that the perpetrators openly referred to this harassment campaign and their abuse as a  Game .				
Et ce qui était encore plus dérangeant -- si c'est possible ! -- dans cet étalage de <N1></N1> à grande échelle, c'est que les auteurs parlaient ouvertement de cette campagne de harcèlement et de leurs abus comme d'un jeu .	What's even more disturbing, if that's even possible, in this overt display of misogyny on a grand scale, is that the perpetrators openly referred to this harassment campaign and their abuse as a  Game .				
FALSE					
					
Mais je ne voulais pas la visiter comme un <L1>touriste</L1> lambda.	But I did not want to go as a typical tourist.	touriste vacancier			
Mais je ne voulais pas la visiter comme un <N1></N1> lambda.	But I did not want to go as a typical tourist.				
FALSE					
					
Il y a de nombreuses usines de <L1>sidérurgie</L1> et des usines de produits chimiques.	There are many metal complexes and many chemical complexes here.	acier sidérurgie			
Il y a de nombreuses usines de <N1></N1> et des usines de produits chimiques.	There are many metal complexes and many chemical complexes here.				
FALSE					
					
Après avoir fait une partie de <L1>volley-ball</L1> matinale - RPDC contre les impérialistes - ma visite de la Corée du Nord touchait à sa fin.	After a morning game of beach volleyball -  DPRK vs. the imperialists  my Korean experience was slowly coming to an end.				
Après avoir fait une partie de <N1></N1> matinale - RPDC contre les impérialistes - ma visite de la Corée du Nord touchait à sa fin.	After a morning game of beach volleyball -  DPRK vs. the imperialists  my Korean experience was slowly coming to an end.				
FALSE					
					
(...imagine all the people <L1>living</L1> live in peace...)	(...imagine all the people living live in peace...)				
(...imagine all the people <N1></N1> live in peace...)	(...imagine all the people living live in peace...)				
FALSE					
					
Puis reproduscamoslo en <L1>slow</L1> motion	Then reproduscamoslo in slow motion				
Puis reproduscamoslo en <N1></N1> motion	Then reproduscamoslo in slow motion				
FALSE					
					
Dans le mot <L1>atone</L1> (expier), nous trouvons la préposition familier at combinée à la base O-N-E.	In the word  atone,  we find the familiar preposition  at  compounded with the base O-N-E.	tiède avachi tiédasse ramollo mou atone tépide indifférent | atone impassible			
Dans le mot <N1></N1> (expier), nous trouvons la préposition familier at combinée à la base O-N-E.	In the word  atone,  we find the familiar preposition  at  compounded with the base O-N-E.				
FALSE					
					
Je suis vraiment passionné par les triathlons et le <L1>fitness</L1> car je me sens physiquement mieux en les pratiquant. Ils me donnent beaucoup de confiance dans la vie, de la structure et de la discipline, qui me permettent d'utiliser mon temps de manière fructueuse.	I'm really passionate about my triathlons and about keeping fit, because I think keeping fit makes you feel good, gives me a lot of confidence in my life, it gives me structure and also I feel the discipline enables me to really use my time productively.				
Je suis vraiment passionné par les triathlons et le <N1>fitness</N1> car je me sens physiquement mieux en les pratiquant. Ils me donnent beaucoup de confiance dans la vie, de la structure et de la discipline, qui me permettent d'utiliser mon temps de manière fructueuse.	I'm really passionate about my triathlons and about keeping fit, because I think keeping fit makes you feel good, gives me a lot of confidence in my life, it gives me structure and also I feel the discipline enables me to really use my time productively.				
TRUE					
					
Mais il y a déjà un <L1>loose</L1> cannon courir devant moi.	But there's already a loose cannon running around before me.				
Mais il y a déjà un <N1></N1> cannon courir devant moi.	But there's already a loose cannon running around before me.				
FALSE					
					
Un programme spécial pour la souris, pour le <L1>widget</L1> horloge, pour la webradio, et pour la gestion des lettres envoyées par le clavier.	There are programs for everything that the CPU does.	machin widget engin instrument ustensile appareil bidule truc gadget outil			
Un programme spécial pour la souris, pour le <N1></N1> horloge, pour la webradio, et pour la gestion des lettres envoyées par le clavier.	There are programs for everything that the CPU does.				
FALSE					
					
C'est un <L1>steward</L1> sur une compagnie aérienne qui l'a introduit aux États-Unis. Il avait contracté la maladie en Afrique et l'a rapportée.	The epidemic was introduced to the US by actually one male steward on an airline flight, who got the disease in Africa and brought it back.				
C'est un <N1>hôte de l’air</N1> sur une compagnie aérienne qui l'a introduit aux États-Unis. Il avait contracté la maladie en Afrique et l'a rapportée.	The epidemic was introduced to the US by actually one male steward on an airline flight, who got the disease in Africa and brought it back.				
TRUE					
					
Ils ont aussi pratiqué un numéro de <L1>clown</L1> à l'époque où l'avenir du meuble n'était pas d'aussi bon augure qu'il s'est avéré l'être par la suite.	They also practiced a clown act when the future of furniture was not nearly as auspicious as it turned out to be.	bouffon baladin clown arlequin			
Ils ont aussi pratiqué un numéro de <N1>clown</N1> à l'époque où l'avenir du meuble n'était pas d'aussi bon augure qu'il s'est avéré l'être par la suite.	They also practiced a clown act when the future of furniture was not nearly as auspicious as it turned out to be.				
TRUE					
					
Ainsi, l'odeur de <L1>vanille</L1> pourrait changer les quatre sur la gauche en marron et celui sur la droite en jaune, pour que cette matrice puisse produire des milliers de combinaisons de couleurs différentes pour représenter des milliers de différentes odeurs.	So the smell of vanilla, that might change the four on the left to brown and the one on the right to yellow. This matrix can produce thousands of different color combinations to represent thousands of different smells.				
Ainsi, l'odeur de <N1></N1> pourrait changer les quatre sur la gauche en marron et celui sur la droite en jaune, pour que cette matrice puisse produire des milliers de combinaisons de couleurs différentes pour représenter des milliers de différentes odeurs.	So the smell of vanilla, that might change the four on the left to brown and the one on the right to yellow. This matrix can produce thousands of different color combinations to represent thousands of different smells.				
FALSE					
					
Peut être qu'ils ont l'air un peu <L1>préhistorique</L1> ou pas finis, peut être raccourcis, mais en fait, ils rivalisent pour la première place du poisson le plus évolué de la mer, juste là haut avec le poisson plat.	They look -- maybe they look kind of prehistoric and unfinished, abridged perhaps, but in fact, in fact they are the -- they vie for the top position of the most evolutionarily-derived fish in the sea, right up there with flat fish.				
Peut être qu'ils ont l'air un peu <N1></N1> ou pas finis, peut être raccourcis, mais en fait, ils rivalisent pour la première place du poisson le plus évolué de la mer, juste là haut avec le poisson plat.	They look -- maybe they look kind of prehistoric and unfinished, abridged perhaps, but in fact, in fact they are the -- they vie for the top position of the most evolutionarily-derived fish in the sea, right up there with flat fish.				
FALSE					
					
Le lion de mer de Californie prends les Molas dès qu'ils arrivent dans la baie, arrachent leurs nageoires, et ils deviennent le dernier cri en <L1>frisbee</L1> style Mola, et il les balance d'en arrière en avant.	The California sea lion takes the Molas as soon as they come into the bay, rips off their fins, fashions them into the ultimate Frisbee, Mola style, and then tosses them back and forth.				
Le lion de mer de Californie prends les Molas dès qu'ils arrivent dans la baie, arrachent leurs nageoires, et ils deviennent le dernier cri en <N1>frisbee</N1> style Mola, et il les balance d'en arrière en avant.	The California sea lion takes the Molas as soon as they come into the bay, rips off their fins, fashions them into the ultimate Frisbee, Mola style, and then tosses them back and forth.				
TRUE					
					
Ils jouent avec les pistolets et il y a du <L1>soda</L1> à volonté et puis les boules géantes en gros, à leurs yeux, je travaille à Disneyland	They play with the guns and there is free soda and there is the giant balls basically I work at Disneyland as far as they're concerned.	carbonate de sodium soude carbonate de soude soda | boisson gazeuse soda | boisson gazeuse soda limonade			
Ils jouent avec les pistolets et il y a du <N1>soda</N1> à volonté et puis les boules géantes en gros, à leurs yeux, je travaille à Disneyland	They play with the guns and there is free soda and there is the giant balls basically I work at Disneyland as far as they're concerned.				
TRUE					
					
Il dégaine alors son <L1>katana</L1> et crie :	AND HE PULLS OUT HlS NlNJA SWORD AND SAYS,				
Il dégaine alors son <N1>katana</N1> et crie :	AND HE PULLS OUT HlS NlNJA SWORD AND SAYS,				
TRUE					
					
C'était comme partager son bureau avec une <L1>tornade</L1> :	SHARlNG AN OFFlCE WlTH DON WAS REALLY LlKE SHARlNG AN OFFlCE WlTH A TORNADO.	cyclone tornade			
C'était comme partager son bureau avec une <N1></N1> :	SHARlNG AN OFFlCE WlTH DON WAS REALLY LlKE SHARlNG AN OFFlCE WlTH A TORNADO.				
FALSE					
					
Avant, nous nous arrêterons à la Basilique de Maxence, le dernier des grands <L1>building</L1> publics érigés à Rome avant que Constantin ne déplace sa capitale.	And we'll stop first at the Basilica of Maxentius, the last of the great civic buildings built in Rome before Constantine moved the capital.				
Avant, nous nous arrêterons à la Basilique de Maxence, le dernier des grands <N1>bâtiments</N1> publics érigés à Rome avant que Constantin ne déplace sa capitale.	And we'll stop first at the Basilica of Maxentius, the last of the great civic buildings built in Rome before Constantine moved the capital.				
TRUE					
					
Mais, à l'école - aussi bien qu'étant - réussissant mal scolairement, vous étiez aussi le capitaine de l'équipe de <L1>cricket</L1> et de football, donc vous étiez un genre de -- vous étiez un leader naturel, mais juste un peu un -- étiez-vous un rebelle à ce moment-là, ou comment ...	But, I mean, at school -- so as well as being, you know, doing pretty miserably academically, but you were also the captain of the cricket and football teams. So you were kind of a -- you were a natural leader, but just a bit of a ... Were you a rebel then, or how would you ...	grillon cricket | grillon cricket criquet			
Mais, à l'école - aussi bien qu'étant - réussissant mal scolairement, vous étiez aussi le capitaine de l'équipe de <N1></N1> et de football, donc vous étiez un genre de -- vous étiez un leader naturel, mais juste un peu un -- étiez-vous un rebelle à ce moment-là, ou comment ...	But, I mean, at school -- so as well as being, you know, doing pretty miserably academically, but you were also the captain of the cricket and football teams. So you were kind of a -- you were a natural leader, but just a bit of a ... Were you a rebel then, or how would you ...				
FALSE					
					
En fait, je ne pense pas que le stéréotype du <L1>businessman</L1> écrasant les gens pour arriver au sommet, de manière générale, fonctionne.	I don't actually think that the stereotype of a businessperson treading all over people to get to the top, generally speaking, works.	businessman marchand homme d'affaires commerçant			
En fait, je ne pense pas que le stéréotype de l' <N1>homme d'affaires</N1> écrasant les gens pour arriver au sommet, de manière générale, fonctionne.	I don't actually think that the stereotype of a businessperson treading all over people to get to the top, generally speaking, works.				
TRUE					
					
Je suis amoureux de toi mais la <L1>vibe</L1> est mauvaise	I'm in love with you, but the vibe is wrong				
Je suis amoureux de toi mais l' <N1>ambiance</N1> est mauvaise	I'm in love with you, but the vibe is wrong				
TRUE					
					
H2O en équilibre avec un <L1>ion</L1> H+ qui s'en va. Tout restant bien sur en solution aqueuse.	H2O in equilibrium with just 1 hydrogen ion popping off.				
H2O en équilibre avec un <N1></N1> H+ qui s'en va. Tout restant bien sur en solution aqueuse.	H2O in equilibrium with just 1 hydrogen ion popping off.				
FALSE					
					
Je suis surtout un prof par passion, et un <L1>autodidacte</L1> professionnel.	I'm above all a teacher by passion, and a professional autodidact.				
Je suis surtout un prof par passion, et un <N1></N1> professionnel.	I'm above all a teacher by passion, and a professional autodidact.				
FALSE					
					
Distrayez votre audience avec une diapositive <L1>minimaliste</L1> et moderne.	Distract your audience with a modern minimalist slide.				
Distrayez votre audience avec une diapositive <N1></N1> et moderne.	Distract your audience with a modern minimalist slide.				
FALSE					
					
En d'autres termes, le jeu est notre <L1>joker</L1> d'adaptation.	In other words, play is our adaptive wildcard.				
En d'autres termes, le jeu est notre <N1>joker</N1> d'adaptation.	In other words, play is our adaptive wildcard.				
TRUE					
					
Vous me raccrochez au nez quand vous voulez, vous vous fâchez quand je viens, vous devenez <L1>hystérique</L1> quand je vous invite à déjeuner.	You hang up on me whenever you want, you get mad when I show up, you get madder when I try to buy you lunch.	sentimental mièvre hystérique affecté démonstratif maniéré larmoyant histrionique pleurnicheur			
Vous me raccrochez au nez quand vous voulez, vous vous fâchez quand je viens, vous devenez <N1></N1> quand je vous invite à déjeuner.	You hang up on me whenever you want, you get mad when I show up, you get madder when I try to buy you lunch.				
FALSE					
					
Il y a dix ans, nous avons fait un voyage déterminant, au cours duquel nous avons exploré ce gros iceberg, B-15, le plus gros <L1>iceberg</L1> connu, qui s'est séparé de la banquise de Ross.	Ten years ago was a seminal trip, where we explored that big iceberg, B-15, the largest iceberg in history, that broke off the Ross Ice Shelf.	berg iceberg			
Il y a dix ans, nous avons fait un voyage déterminant, au cours duquel nous avons exploré ce gros iceberg, B-15, le plus gros <N1>iceberg</N1> connu, qui s'est séparé de la banquise de Ross.	Ten years ago was a seminal trip, where we explored that big iceberg, B-15, the largest iceberg in history, that broke off the Ross Ice Shelf.				
TRUE					
					
J'ai six ans et je ne pleure pas quand nous quittons la maison et arrivons aux États-Unis, parce que je m'attends à découvrir un endroit truffé de bonnes choses, comme des bananes, du chocolat et des <L1>chewing-gum</L1> Bazooka.	I am six years old, and I don't cry when we leave home and we come to America, because I expect it to be a place filled with rare and wonderful things like bananas and chocolate and Bazooka bubble gum,	chewing-gum gencive			
J'ai six ans et je ne pleure pas quand nous quittons la maison et arrivons aux États-Unis, parce que je m'attends à découvrir un endroit truffé de bonnes choses, comme des bananes, du chocolat et des <N1>gommes à mâcher</N1> Bazooka.	I am six years old, and I don't cry when we leave home and we come to America, because I expect it to be a place filled with rare and wonderful things like bananas and chocolate and Bazooka bubble gum,				
TRUE					
					
Nous trouvons donc ce <L1>penny</L1> pratiquement fossilisé sur le sol et nous pensons qu'un homme très riche a dû la laisser là, parce que les personnes normales ne perdent pas leur argent.	So we find this penny kind of fossilized in the floor, and we think that a very wealthy man must have left it there because regular people don't just lose money.	franc centime penny sou | centime penny pièce cent			
Nous trouvons donc ce <N1>penny</N1> pratiquement fossilisé sur le sol et nous pensons qu'un homme très riche a dû la laisser là, parce que les personnes normales ne perdent pas leur argent.	So we find this penny kind of fossilized in the floor, and we think that a very wealthy man must have left it there because regular people don't just lose money.				
TRUE					
					
Vous avez un <L1>tétraèdre</L1> qui est l élément logique, qui va faire tous les calculs, et vous avez deux tétraèdres.	You have one tetrahedron which is the gate that's going to do your computing, and you have two input tetrahedrons.	tetraèdre tétraèdre			
Vous avez un <N1></N1> qui est l élément logique, qui va faire tous les calculs, et vous avez deux tétraèdres.	You have one tetrahedron which is the gate that's going to do your computing, and you have two input tetrahedrons.				
FALSE					
					
En fait, si je me connecte à nos systèmes de laboratoire via le web, nous pouvons avoir en temps réel une idée du nombre de virus, du nombre d'exemples de nouveaux <L1>malware</L1> que nous identifions chaque jour.	In fact, if I just connect back to our lab systems through the Web, we can see in real time just some kind of idea of how many viruses, how many new examples of malware we find every single day.				
En fait, si je me connecte à nos systèmes de laboratoire via le web, nous pouvons avoir en temps réel une idée du nombre de virus, du nombre d'exemples de nouveaux <N1>logiciels malveillants</N1> que nous identifions chaque jour.	In fact, if I just connect back to our lab systems through the Web, we can see in real time just some kind of idea of how many viruses, how many new examples of malware we find every single day.				
TRUE					
					
Le petit gros qui était noir et puait le moisi dit: Si tu ne recules pas je vais sortir ma <L1>machette</L1>	The fat, black, short, musty motherfucker says, yo, if you don't back the fuck up I'ma go fucking get a machete.	coupe-coupe machette coupecoupe			
Le petit gros qui était noir et puait le moisi dit: Si tu ne recules pas je vais sortir ma <N1></N1>	The fat, black, short, musty motherfucker says, yo, if you don't back the fuck up I'ma go fucking get a machete.				
FALSE					
					
Si bien que la vitalité du Qatar est liée au fait que c'est un <L1>offshore</L1> criminel britannique.	So that the vitality of Qatar is due to the fact that it is an offshore British criminal.				
Si bien que la vitalité du Qatar est liée au fait que c'est un <N1>offshore</N1> criminel britannique.	So that the vitality of Qatar is due to the fact that it is an offshore British criminal.				
TRUE					
					
La première institution <L1>botanique</L1> majeure est à Londres. Elle a ce projet extraordinaire de collecter 25% de toutes les espèces de plantes du monde.	And the world's first major botanical institution is in London, and they have this extraordinary project where they've been collecting 25 percent of all the world's plant species.				
La première institution <N1></N1> majeure est à Londres. Elle a ce projet extraordinaire de collecter 25% de toutes les espèces de plantes du monde.	And the world's first major botanical institution is in London, and they have this extraordinary project where they've been collecting 25 percent of all the world's plant species.				
FALSE					
					
Vous avez vu ça ? Avec tous ces mets devant moi, et ma coupe de <L1>saké</L1> pleine, c'est vraiment luxe et volupté !	Do you see that ? with all these fine dishes in front of me, and my cup filled with sake,	saké intéresser intérêt | nom saké souci			
Vous avez vu ça ? Avec tous ces mets devant moi, et ma coupe de <N1></N1> pleine, c'est vraiment luxe et volupté !	Do you see that ? with all these fine dishes in front of me, and my cup filled with sake,				
FALSE					
					
On se croirait à la cour du <L1>shogun</L1> !	What luxury and abundance! You'd think you were at the Shogun's court !				
On se croirait à la cour du <N1></N1> !	What luxury and abundance! You'd think you were at the Shogun's court !				
FALSE					
					
Ce seigneur n'est qu'une <L1>carpe</L1> de parade !	That Lord is nothing but parade-carp !	carpe ergoter | carpe cyprinus carpio | carpe cyprinus Cyprinus			
Ce seigneur n'est qu'une <N1></N1> de parade !	That Lord is nothing but parade-carp !				
FALSE					
					
Donner du pouvoir aux victimes pour qu'elles aient une voix change des vies, des communautés et des pays de l'intérieur, de façon organique et durable, en créant un effet <L1>catalytique</L1> à travers l'individu.	Empowering victims to have a voice changes lives, communities and countries from within, organically and sustainably, creating a catalytic effect through the individual.				
Donner du pouvoir aux victimes pour qu'elles aient une voix change des vies, des communautés et des pays de l'intérieur, de façon organique et durable, en créant un effet <N1></N1> à travers l'individu.	Empowering victims to have a voice changes lives, communities and countries from within, organically and sustainably, creating a catalytic effect through the individual.				
FALSE					
					
Les gens peuvent la déchirer, la <L1>tagger</L1> ou même pisser dessus -- il y en a qui se prêtent tout à fait à ça, je suis d'accord -- mais les gens de la rue, ce sont eux le conservateur.	People can tear it, tag on it, or even pee on it -- some are a bit high for that, I agree -- but the people in the street, they are the curator.				
Les gens peuvent la déchirer, la <N1></N1> ou même pisser dessus -- il y en a qui se prêtent tout à fait à ça, je suis d'accord -- mais les gens de la rue, ce sont eux le conservateur.	People can tear it, tag on it, or even pee on it -- some are a bit high for that, I agree -- but the people in the street, they are the curator.				
FALSE					
					
Regarde toi, en pleine <L1>euphorie</L1> parcequ'on a ramené tout cet argent; connard.	We'll all have one together next time, huh? Look at you, in such fucking high spirits cos we brought in all that money.	euphorie frite pêche euphoria			
Regarde toi, en pleine <N1></N1> parcequ'on a ramené tout cet argent; connard.	We'll all have one together next time, huh? Look at you, in such fucking high spirits cos we brought in all that money.				
FALSE					
					
Alors tu étais un <L1>bad boy</L1> depuis ce moment?	So you were a bad boy from then on?				
Alors tu étais un <N1>mauvais garçon</N1> depuis ce moment?	So you were a bad boy from then on?				
TRUE					
					
Ça doit rester littéraire, pas un <L1>pamphlet</L1> journalistique ardent.	It ought to still be a literary piece, not a journalistic inflammatory pamphlet.	parodier pamphlet parodie | brochure pamphlet | livret dossier foliole sécurité-incendie plieuse répertoire chemise pamphlet dépliant brochure plieur			
Ça doit rester littéraire, pas un <N1></N1> journalistique ardent.	It ought to still be a literary piece, not a journalistic inflammatory pamphlet.				
FALSE					
					
J'aime les enfants, je peux être une <L1>baby-sitter</L1> aussi.	I love kids, I can be a babysitter too.	baby-sitter d enfant			
J'aime les enfants, je peux être une <N1>nourrice</N1> aussi.	I love kids, I can be a babysitter too.				
TRUE					
					
Sans un souffle de brise, l étendard est en <L1>berne</L1> [lolls] sur le mât !	A pennant lolls on upon a mast, when there is no breeze!	canton de Berne Berne			
Sans un souffle de brise, l étendard est en <N1></N1> [lolls] sur le mât !	A pennant lolls on upon a mast, when there is no breeze!				
FALSE					
					
Je ne sais pas ce que fait chaque <L1>transistor</L1> dans la machine de connexion.	I don't know what every transistor in the connection machine does.				
Je ne sais pas ce que fait chaque <N1></N1> dans la machine de connexion.	I don't know what every transistor in the connection machine does.				
FALSE					
					
Et - j'espère que la lumière n'est pas trop vive - on va voir, sans doute, que ton <L1>iris</L1> va se contracter quand j'allumerai la lumière.	And what we hope to see is that your iris will contract when I shine the light in.	iris drapeau			
Et - j'espère que la lumière n'est pas trop vive - on va voir, sans doute, que ton <N1></N1> va se contracter quand j'allumerai la lumière.	And what we hope to see is that your iris will contract when I shine the light in.				
FALSE					
					
Pas Madame, je suis un missionnaire <L1>mormon</L1>	No Ma'am I'm a mormon missionary				
Pas Madame, je suis un missionnaire <N1>mormon</N1>	No Ma'am I'm a mormon missionary				
TRUE					
					
Vous êtes trop tard loverboy... vous serait mieux betcha ils mettent votre petits amis butt, sur un plan de maison, cet après-midi et maintenant nous devons déplacer à nouveau cause nous ne pouvons pas vivre en face de certains homo de <L1>flamer</L1> big doodah Merci beaucoup	You're too late loverboy.. you'd better betcha they're putting your boyfriends butt on a plane home this afternoon and now we have to move again cause we can't live across from some big doodah flamer homo thank you very much				
Vous êtes trop tard loverboy... vous serait mieux betcha ils mettent votre petits amis butt, sur un plan de maison, cet après-midi et maintenant nous devons déplacer à nouveau cause nous ne pouvons pas vivre en face de certains homo de <N1></N1> big doodah Merci beaucoup	You're too late loverboy.. you'd better betcha they're putting your boyfriends butt on a plane home this afternoon and now we have to move again cause we can't live across from some big doodah flamer homo thank you very much				
FALSE					
					
Venez sur la jeune fille, qu'elle a été si haut <L1>plug</L1> secrète dans, Let ' s go	Come on girl it's been so top secret plug it in, let's go				
Venez sur la jeune fille, qu'elle a été si haut <N1></N1> secrète dans, Let ' s go	Come on girl it's been so top secret plug it in, let's go				
FALSE					
					
Le <L1>muffin</L1> :	Muffin:	muffin joyau bijou			
Le <N1></N1> :	Muffin:				
FALSE					
					
On peut les utiliser pour se faire <L1>marrer</L1> les uns les autres, et c'est ce qu'on va faire.	We can use it to crack each other up, and we're going to do that.	malade écœuré marre			
On peut les utiliser pour se faire <N1></N1> les uns les autres, et c'est ce qu'on va faire.	We can use it to crack each other up, and we're going to do that.				
FALSE					
					
Quelle est la différence entre un statisticien <L1>introverti</L1> et un statisticien <L2>extraverti</L2> ?	How do you tell the introverted statistician from the extroverted statistician?	extraverti extroverti			
Quelle est la différence entre un statisticien <N1></N1> et un statisticien <N2></N2> ?	How do you tell the introverted statistician from the extroverted statistician?				
FALSE					
					
Ce n'est pas parce qu'ils aiment vraiment bien être au bureau et ils n'aiment pas se promener dans le parc ou prendre un <L1>brunch</L1> paresseux.	It's not because they really, really like being in the office and they can't stand strolling in the park or having a lazy brunch.				
Ce n'est pas parce qu'ils aiment vraiment bien être au bureau et ils n'aiment pas se promener dans le parc ou prendre un <N1>brunch</N1> paresseux.	It's not because they really, really like being in the office and they can't stand strolling in the park or having a lazy brunch.				
TRUE					
					
Quelques autres choses que l'on peut vouloir à Noël, en plus d'une histoire d'amour : passer du temps avec ses amis et sa famille, des vacances pour se relaxer, de bon petits plats faits maison, ou une réplique de 30 cm en <L1>zinc</L1> moulé de la faux de Buffy la Tueuse de vampires, avec un manche fait main en bois et en véritable peau d'autruche... ... juste une idée comme ça.	Here are some other things that you might want for christmas in addition to romance: quality time with friends and family, days off for relaxation, good homemade food, or an 11 inch, cast zinc, life size, replica of Buffy's Slayer Scythe complete with authentic ostrich skin wrapped hand crafted wooden handle... ...just an idea.				
Quelques autres choses que l'on peut vouloir à Noël, en plus d'une histoire d'amour : passer du temps avec ses amis et sa famille, des vacances pour se relaxer, de bon petits plats faits maison, ou une réplique de 30 cm en <N1></N1> moulé de la faux de Buffy la Tueuse de vampires, avec un manche fait main en bois et en véritable peau d'autruche... ... juste une idée comme ça.	Here are some other things that you might want for christmas in addition to romance: quality time with friends and family, days off for relaxation, good homemade food, or an 11 inch, cast zinc, life size, replica of Buffy's Slayer Scythe complete with authentic ostrich skin wrapped hand crafted wooden handle... ...just an idea.				
FALSE					
					
Apprécie chaque cassette de <L1>mix</L1> que tes amis font	Appreciate every mixtape your friends make				
Apprécie chaque cassette de <N1>compilation</N1> que tes amis font	Appreciate every mixtape your friends make				
TRUE					
					
Alors je pose une annonce et quelques semaines plus tard, un <L1>skipper</L1> me contacte.	So I applied, and a few weeks later, I got contacted by a skipper.				
Alors je pose une annonce et quelques semaines plus tard, un <N1>skipper</N1> me contacte.	So I applied, and a few weeks later, I got contacted by a skipper.				
TRUE					
					
Et pensez à cela comme passer une ville au <L1>bulldozer</L1> ou une forêt, parce que ça balaye tout.	Think of it as being kind of the bulldozing of a city or of a forest, because it clears it away.	bulldozer bouteur			
Et pensez à cela comme passer une ville au <N1>bulldozer</N1> ou une forêt, parce que ça balaye tout.	Think of it as being kind of the bulldozing of a city or of a forest, because it clears it away.				
TRUE					
					
Aujourd'hui notre système financier que l'on soit créationniste, que l'on soit évolutionniste, que l'on soit artiste, scientifique, citoyen <L1>lambda</L1> de cette planète, nous savons tous que ce système est arrivé à sa perdition, que ce système est arrivé à sa corruption extrême et qu'il n'y a pas de marche arrière possible.	Today our financial system, whether you are a creationist, whether you are an evolutionist, whether you are artist, scientist, average citizen of this planet, we all know that this system has reached its perdition, that this system has reached its extreme corruption and that there is no turning back.				
Aujourd'hui notre système financier que l'on soit créationniste, que l'on soit évolutionniste, que l'on soit artiste, scientifique, citoyen <N1></N1> de cette planète, nous savons tous que ce système est arrivé à sa perdition, que ce système est arrivé à sa corruption extrême et qu'il n'y a pas de marche arrière possible.	Today our financial system, whether you are a creationist, whether you are an evolutionist, whether you are artist, scientist, average citizen of this planet, we all know that this system has reached its perdition, that this system has reached its extreme corruption and that there is no turning back.				
FALSE					
					
Pardon je ne t'ai pas vu debout qui est mort je l'ai dit de regarder la télévision ou kaplan qui sont ses mots avec soin je ne crois pas je le comprends raxle et les exportations ça vous dérange si je me joins dans le monde gm un étranger ici et vous savez ce que c'est que je fais de <L1>handball</L1> Mais je ne suis pas une promenade J'ai continué à avoir une copie du fichier dans ma chambre et qu'il était donc i_ vos yeux armée m'a montré baguio merci	lives yeah animation mississippi will man that's a pretty penny ali standard you've got plenty of me and again okay used to you hw men are getting somewhere uh... sleeping down intelligent coupon for a building here had cellblock on this all well ite it a few nights later at another hotel in the downtown district beg your pardon i didn't see you standing there that died i said to be watching or kaplan who his words carefully i don't believe i understand it raxle and exports do you mind if i join in the world gm a stranger here in and you know how it is handball i do however i am not taking a walk i kept going to have a copy of the file into my room and so was i_ your army eyes showed me baguio thank you i think the rotor reservoir tapi yet say actors registered room on the floor how hide my views on the eight q to get better acquainted yet we we'll everywhere observatory on the beach old-fashioned financing guru minimum visit here reasoning haha exam rather happy about han square and then somebody along that line here your honor thank you sir well cannot you're young yet maybe i can make something out cerebral into camp you know i've been losing too much sleep living that what you felt we'll be				
Pardon je ne t'ai pas vu debout qui est mort je l'ai dit de regarder la télévision ou kaplan qui sont ses mots avec soin je ne crois pas je le comprends raxle et les exportations ça vous dérange si je me joins dans le monde gm un étranger ici et vous savez ce que c'est que je fais de <N1></N1> Mais je ne suis pas une promenade J'ai continué à avoir une copie du fichier dans ma chambre et qu'il était donc i_ vos yeux armée m'a montré baguio merci	lives yeah animation mississippi will man that's a pretty penny ali standard you've got plenty of me and again okay used to you hw men are getting somewhere uh... sleeping down intelligent coupon for a building here had cellblock on this all well ite it a few nights later at another hotel in the downtown district beg your pardon i didn't see you standing there that died i said to be watching or kaplan who his words carefully i don't believe i understand it raxle and exports do you mind if i join in the world gm a stranger here in and you know how it is handball i do however i am not taking a walk i kept going to have a copy of the file into my room and so was i_ your army eyes showed me baguio thank you i think the rotor reservoir tapi yet say actors registered room on the floor how hide my views on the eight q to get better acquainted yet we we'll everywhere observatory on the beach old-fashioned financing guru minimum visit here reasoning haha exam rather happy about han square and then somebody along that line here your honor thank you sir well cannot you're young yet maybe i can make something out cerebral into camp you know i've been losing too much sleep living that what you felt we'll be				
FALSE					
					
- Attaque de requin. On s'en fout si on leur <L1>cale</L1> une balle dans la tęte.	Why don't you just shoot them and fuck all this?	coin cale | cale tenir			
- Attaque de requin. On s'en fout si on leur <N1></N1> une balle dans la tęte.	Why don't you just shoot them and fuck all this?				
FALSE					
					
- Oui, c'est mon <L1>hobby</L1> ; ça me relaxe.	Yeah, it's more of a hobby, really.	hobby écart touche passe-temps | cheval à bascule hobby passe-temps | falco subbuteo hobby faucon hobereau passe-temps faucon			
- Oui, c'est mon <N1></N1> ; ça me relaxe.	Yeah, it's more of a hobby, really.				
FALSE					
					
Et en conséquence: qu'est-ce que cela signifierait pour l'avenir de l'Europe et du <L1>tandem</L1> franco-allemand?	How would the vote affect the future of Europe... and the German-French tandem in the EU?				
Et en conséquence: qu'est-ce que cela signifierait pour l'avenir de l'Europe et du <N1></N1> franco-allemand?	How would the vote affect the future of Europe... and the German-French tandem in the EU?				
FALSE					
					
Donc j'ai en fait développé une proposition pour partir avec un <L1>cargo</L1> et deux chalutiers réformés, une grue, un broyeur et une machine de moulage à froid.	So I actually developed a proposal to go out with a cargo ship and two decommissioned fishing trawlers, a crane, a chipping machine and a cold-molding machine.	cargaison cargo Transport de marchandises transport de marchandises charge chargement fret			
Donc j'ai en fait développé une proposition pour partir avec un <N1></N1> et deux chalutiers réformés, une grue, un broyeur et une machine de moulage à froid.	So I actually developed a proposal to go out with a cargo ship and two decommissioned fishing trawlers, a crane, a chipping machine and a cold-molding machine.				
FALSE					
					
Big up, Big up, c'est un hold-up, <L1>hold-up</L1>	A : Big up, Big up, c'est un hold-up, hold-up				
Big up, Big up, c'est un hold-up, <N1></N1>	A : Big up, Big up, c'est un hold-up, hold-up				
FALSE					
					
Le Beretta, crée tous ces trous dans ton <L1>sweat</L1>	B : Le Beretta, crée tous ces trous dans ton sweat				
Le Beretta, crée tous ces trous dans ton <N1></N1>	B : Le Beretta, crée tous ces trous dans ton sweat				
FALSE					
					
Dans la <L1>jeep</L1> Isuzu A :	Dans la jeep Isuzu				
Dans la <N1></N1> Isuzu A :	Dans la jeep Isuzu				
FALSE					
					
Vous atterrissez à l'aéroport, et vous êtes accueillis par une dame indienne qui vous emmène à Al Maha Services, où vous rencontrerez une dame <L1>philippine</L1> qui vous laisse aux mains d'une dame Sud-Africaine qui vous emmène alors à un Coréen qui vous emmène à un Pakistanais avec les bagages qui vous emmène à la voiture avec un Sri-lankais. Vous allez à l'hôtel et vous vous enregistrez.	You land at the airport, and you're welcomed by an Indian lady who takes you to Al Maha Services, where you meet a Filipino lady who hands you off to a South African lady who then takes you to a Korean who takes you to a Pakistani guy with the luggage who takes you to the car with a Sri Lankan.				
Vous atterrissez à l'aéroport, et vous êtes accueillis par une dame indienne qui vous emmène à Al Maha Services, où vous rencontrerez une dame <N1></N1> qui vous laisse aux mains d'une dame Sud-Africaine qui vous emmène alors à un Coréen qui vous emmène à un Pakistanais avec les bagages qui vous emmène à la voiture avec un Sri-lankais. Vous allez à l'hôtel et vous vous enregistrez.	You land at the airport, and you're welcomed by an Indian lady who takes you to Al Maha Services, where you meet a Filipino lady who hands you off to a South African lady who then takes you to a Korean who takes you to a Pakistani guy with the luggage who takes you to the car with a Sri Lankan.				
FALSE					
					
Alors je dis quelques fois que c'est comme je dis habituellement, un <L1>samouraï</L1> qui vient vers vous, un samuraï divin et il dit : Je suis venu pour prendre ce que je ne peux pas avoir; donne-moi...	So I say sometimes, it's like I used to say, a samurai comes to you, a divine samurai, and he says, 'I've come to take what I cannot have.'				
Alors je dis quelques fois que c'est comme je dis habituellement, un <N1></N1> qui vient vers vous, un samuraï divin et il dit : Je suis venu pour prendre ce que je ne peux pas avoir; donne-moi...	So I say sometimes, it's like I used to say, a samurai comes to you, a divine samurai, and he says, 'I've come to take what I cannot have.'				
FALSE					
					
La moitié gros monsieur se leva de sa chaise et a donné un <L1>bob</L1> de salutation, avec un Rapide coup d'œil interrogateur peu de sa petite graisse encerclé yeux.	The stout gentleman half rose from his chair and gave a bob of greeting, with a quick little questioning glance from his small fat-encircled eyes.				
La moitié gros monsieur se leva de sa chaise et a donné un <N1></N1> de salutation, avec un Rapide coup d'œil interrogateur peu de sa petite graisse encerclé yeux.	The stout gentleman half rose from his chair and gave a bob of greeting, with a quick little questioning glance from his small fat-encircled eyes.				
FALSE					
					
Il portait plutôt pantalon bouffant vérifier grise berger, une <L1>redingote</L1> pas trop propre noire manteau, déboutonnée sur le devant, et un gilet terne, avec une chaîne d'Albert cuivrée lourds, et un carré percé peu de métal pendent vers le bas comme un ornement.	He wore rather baggy grey shepherd's check trousers, a not over-clean black frock- coat, unbuttoned in the front, and a drab waistcoat with a heavy brassy Albert chain, and a square pierced bit of metal dangling down as an ornament.				
Il portait plutôt pantalon bouffant vérifier grise berger, une <N1></N1> pas trop propre noire manteau, déboutonnée sur le devant, et un gilet terne, avec une chaîne d'Albert cuivrée lourds, et un carré percé peu de métal pendent vers le bas comme un ornement.	He wore rather baggy grey shepherd's check trousers, a not over-clean black frock- coat, unbuttoned in the front, and a drab waistcoat with a heavy brassy Albert chain, and a square pierced bit of metal dangling down as an ornament.				
FALSE					
					
Et maintenant, Monsieur Wilson, vous partez au <L1>scratch</L1> et dites-nous tout sur vous, votre des ménages, et l'effet que cette annonce avait sur votre fortune.	And now, Mr. Wilson, off you go at scratch and tell us all about yourself, your household, and the effect which this advertisement had upon your fortunes.	scratch griffer gratter			
Et maintenant, Monsieur Wilson, vous partez au <N1></N1> et dites-nous tout sur vous, votre des ménages, et l'effet que cette annonce avait sur votre fortune.	And now, Mr. Wilson, off you go at scratch and tell us all about yourself, your household, and the effect which this advertisement had upon your fortunes.				
FALSE					
					
Notre parti est terminée , a déclaré Holmes, boutonnant sa vareuse et en prenant son <L1>cravache</L1> lourds de l'armoire.	Our party is complete,  said Holmes, buttoning up his pea-jacket and taking his heavy hunting crop from the rack.				
Notre parti est terminée , a déclaré Holmes, boutonnant sa vareuse et en prenant son <N1></N1> lourds de l'armoire.	Our party is complete,  said Holmes, buttoning up his pea-jacket and taking his heavy hunting crop from the rack.				
FALSE					
					
Il est brave comme un <L1>bouledogue</L1> et aussi tenace qu'un homard s'il obtient ses griffes à quiconque.	He is as brave as a bulldog and as tenacious as a lobster if he gets his claws upon anyone.	obstiné tenace bouledogue têtu | bouledogue bouledogue français			
Il est brave comme un <N1></N1> et aussi tenace qu'un homard s'il obtient ses griffes à quiconque.	He is as brave as a bulldog and as tenacious as a lobster if he gets his claws upon anyone.				
FALSE					
					
Prenons un <L1>bécher</L1> et entourons-le d'une bande de papier noir pour le rendre opaque.	Let's take a beaker and put a strip of paper around to make it opaque.				
Prenons un <N1></N1> et entourons-le d'une bande de papier noir pour le rendre opaque.	Let's take a beaker and put a strip of paper around to make it opaque.				
FALSE					
					
Zeynepciğim, can you get her some <L1>water</L1> and stuff?	Зейнеп, мила, можеш ли да донесеш вода?				
Zeynepciğim, can you get her some <N1></N1> and stuff?	Зейнеп, мила, можеш ли да донесеш вода?				
FALSE					
					
Won't you say <L1>trust</L1> me this time?	Няма ли да ми кажеш  довери ми се ?	trust commission confiance foi espère			
Won't you say <N1></N1> me this time?	Няма ли да ми кажеш  довери ми се ?				
FALSE					
					
Okay then, let the <L1>driver</L1> take you home.	Okay then, let the driver take you home.	chauffeur driver pilote pilote informatique			
Okay then, let the <N1></N1> take you home.	Okay then, let the driver take you home.				
FALSE					
					
Just <L1>drop</L1> it, or it will do no good to dad.	Just drop it, or it will do no good to dad.				
Just <N1></N1> it, or it will do no good to dad.	Just drop it, or it will do no good to dad.				
FALSE					
					
You wanted to fix your <L1>mistake</L1> by making an even bigger one.	You wanted to fix your mistake by making an even bigger one.				
You wanted to fix your <N1></N1> by making an even bigger one.	You wanted to fix your mistake by making an even bigger one.				
FALSE					
					
My mind won't be <L1>full</L1> of questions.	My mind won't be full of questions.				
My mind won't be <N1></N1> of questions.	My mind won't be full of questions.				
FALSE					
					
Okay but sweetie, Kuzey didn't say <L1>yes</L1> to you this time either.	Okay but sweetie, Kuzey didn't say  yes  to you this time either.	Virginie Yes			
Okay but sweetie, Kuzey didn't say <N1></N1> to you this time either.	Okay but sweetie, Kuzey didn't say  yes  to you this time either.				
FALSE					
					
- Would you like to <L1>drink</L1> tea?	- Would you like to drink tea?				
- Would you like to <N1></N1> tea?	- Would you like to drink tea?				
FALSE					
					
I want to <L1>break</L1> up.	I want to break up.	break charrette chariot familiale			
I want to <N1></N1> up.	I want to break up.				
FALSE					
					
A cause de ça, je me suis intéressé au <L1>scotch</L1> bleu, donc à San Francisco, à CC, j'ai fait une exposition complète sur le <L2>scotch</L2> bleu.	Because of that, I became interested in blue tape, so in San Francisco, at C.C., I had a whole exhibition on blue tape.	scotch Scotch | whisky pur malt scotch scotch whisky Scotch whisky | scotch papier collant			
A cause de ça, je me suis intéressé au <N1>ruban adhésif</N1> bleu, donc à San Francisco, à CC, j'ai fait une exposition complète sur le <N2>ruban adhésif</N2> bleu.	Because of that, I became interested in blue tape, so in San Francisco, at C.C., I had a whole exhibition on blue tape.				
TRUE					
					
La <L1>cochenille</L1> est un produit d'un insecte qui vit sur les cactus.	Cochineal is a product of an insect that lives off these cacti.	cochenille dactylopius coccus Dactylopius coccus | coccus cocci cochenille			
La <N1>cochenille</N1> est un produit d'un insecte qui vit sur les cactus.	Cochineal is a product of an insect that lives off these cacti.				
TRUE					
					
Et je travaille très dur avec mon collègue, Arnold <L1>van</L1> Huis, à dire aux gens ce que sont les insectes, quelles choses magnifiques ils sont, le travail magnifique qu'ils font dans la nature.	And I'm working very hard with my colleague, Arnold van Huis, in telling people what insects are, what magnificent things they are, what magnificent jobs they do in nature.	Région méditerranéenne République de Turquie Turquie Van | avant-garde van			
Et je travaille très dur avec mon collègue, Arnold <N1></N1> Huis, à dire aux gens ce que sont les insectes, quelles choses magnifiques ils sont, le travail magnifique qu'ils font dans la nature.	And I'm working very hard with my colleague, Arnold van Huis, in telling people what insects are, what magnificent things they are, what magnificent jobs they do in nature.				
FALSE					
					
Les patients qui souffrent de dégénérescence dans cette région, ce qu'on appelle une <L1>ataxie</L1> spino-cérébelleuse, montrent un manque de coordination qui se traduit par des jambes raides, de grands pas et une marche pénible.	Patients who suffer degeneration from this region, something called spino-cerebellar ataxia, show a lack of coordination that results in stiff legs, wide stance, and a lumbering walk.				
Les patients qui souffrent de dégénérescence dans cette région, ce qu'on appelle une <N1></N1> spino-cérébelleuse, montrent un manque de coordination qui se traduit par des jambes raides, de grands pas et une marche pénible.	Patients who suffer degeneration from this region, something called spino-cerebellar ataxia, show a lack of coordination that results in stiff legs, wide stance, and a lumbering walk.				
FALSE					
					
Vous savez, ça ressemble un peu à l'aphasie expressive ou <L1>aphasie</L1> de Broca, qui rend difficile la production des mots.	You know, it sounds kind of like expressive aphasia, or Broca's aphasia, which makes producing words difficult.	Aphasie aphasie			
Vous savez, ça ressemble un peu à l'aphasie expressive ou <N1></N1> de Broca, qui rend difficile la production des mots.	You know, it sounds kind of like expressive aphasia, or Broca's aphasia, which makes producing words difficult.				
FALSE					
					
Il m'a dit qu'il chantait du <L1>gospel</L1> :	Y me dijo:  pero.. soy cantante de gospel				
Il m'a dit qu'il chantait du <N1></N1> :	Y me dijo:  pero.. soy cantante de gospel				
FALSE					
					
On dit Guetta, <L1>bitch</L1> ! Oh là là !	Soy David Guetta, perr@!				
On dit Guetta, <N1></N1> ! Oh là là !	Soy David Guetta, perr@!				
FALSE					
					
Le rythme de la house, de la dance, de la funky house, <L1>électro</L1> house, c'est fort. Le tempo donne envie de danser.	El ritmo de la musica House, la musica Dance, funky house, electro-house, todos tienen ese trasfondo. su TEMPO que te hace querer bailar.				
Le rythme de la house, de la dance, de la funky house, <N1></N1> house, c'est fort. Le tempo donne envie de danser.	El ritmo de la musica House, la musica Dance, funky house, electro-house, todos tienen ese trasfondo. su TEMPO que te hace querer bailar.				
FALSE					
					
J'ai fait une <L1>sieste</L1> de 3/4 d'heure. J'ai les cheveux en pétard.	Cos I went for a 45 minutes nap and my hair is like this!	roupillon sieste			
J'ai fait un <N1>somme</N1> de 3/4 d'heure. J'ai les cheveux en pétard.	Cos I went for a 45 minutes nap and my hair is like this!				
TRUE					
					
Saisissez une valeur <L1>pixel</L1> dans la Barre de propriétés.	Enter a pixel value on the [Property bar].	px pixel			
Saisissez une valeur <N1>pixel</N1> dans la Barre de propriétés.	Enter a pixel value on the [Property bar].				
TRUE					
					
Tu vois chérie, nique ces filles, je voudrais quitter le Monde avant de te quitter toi may God say even eve and adam aint got <L1>shit</L1> on these two (?)	May God say even Eve and Adam ain't got shit on these two				
Tu vois chérie, nique ces filles, je voudrais quitter le Monde avant de te quitter toi may God say even eve and adam aint got <N1></N1> on these two (?)	May God say even Eve and Adam ain't got shit on these two				
FALSE					
					
Mais le prix de son <L1>hégémonie</L1> est exorbitant.	But the price of its dominance is enormous.	hégémonie Hégémonie			
Mais le prix de son <N1></N1> est exorbitant.	But the price of its dominance is enormous.				
FALSE					
					
- Qu'est-ce que ceci ? - Ceci représente un <L1>drone</L1> de surveillance afin d'examiner la zone, le mouvement des courants, et de surveiller les systèmes planétaires.	- This represents a surveillance equipment aircraft to survey the areas, the movement of the currents, and to monitor Earth systems.				
- Qu'est-ce que ceci ? - Ceci représente un <N1>drone</N1> de surveillance afin d'examiner la zone, le mouvement des courants, et de surveiller les systèmes planétaires.	- This represents a surveillance equipment aircraft to survey the areas, the movement of the currents, and to monitor Earth systems.				
TRUE					
					
Vous ne pouvez pas être un architecte ou un ingénieur conventionnel, travailler pour la compagnie des téléphones ou toute autre organisation du vieil <L1>establishment</L1> et proposer une idée radicalement innovante.	You cannot be a conventional architect, a conventional engineer, work for the telephone company, or any other of the old establishment and come up with an idea that is a radical innovation.				
Vous ne pouvez pas être un architecte ou un ingénieur conventionnel, travailler pour la compagnie des téléphones ou toute autre organisation du vieil <N1>ordre</N1> et proposer une idée radicalement innovante.	You cannot be a conventional architect, a conventional engineer, work for the telephone company, or any other of the old establishment and come up with an idea that is a radical innovation.				
TRUE					
					
Ces gamins sur Internet, ils ont ce groupe de gamins et ils aiment dire des choses drôles comme <L1>barrel</L1> roll .	These kids on the Internet, they have this group of kids and they like to say funny words like  barrel roll.				
Ces gamins sur Internet, ils ont ce groupe de gamins et ils aiment dire des choses drôles comme <N1></N1> roll .	These kids on the Internet, they have this group of kids and they like to say funny words like  barrel roll.				
FALSE					
					
Et mable <L1>cake</L1> est significatif parce que c'est le canal que ce groupe appelle Anonymes organisés.	And  marble cake  is significant because it is the channel that this group called Anonymous organized.	Cake cake | cake excentrique écrou manivelle			
Et mable <N1></N1> est significatif parce que c'est le canal que ce groupe appelle Anonymes organisés.	And  marble cake  is significant because it is the channel that this group called Anonymous organized.				
FALSE					
					
J'ai fait en sorte que ce <L1>thread</L1> reste en ligne quelques jours.	I stuck that thread so it lasted a few days.				
J'ai fait en sorte que ce <N1>fil de discussion</N1> reste en ligne quelques jours.	I stuck that thread so it lasted a few days.				
TRUE					
					
Alors qu'y avait-il de mieux à utiliser que le <L1>goéland</L1> argenté, avec sa liberté, décrivant des cercles et plongeant au dessus de la mer, et le prendre comme modèle?	So what would be better than to use the herring gull, in its freedom, circling and swooping over the sea, and to use this as a role model?	goéland mouette			
Alors qu'y avait-il de mieux à utiliser que le <N1></N1> argenté, avec sa liberté, décrivant des cercles et plongeant au dessus de la mer, et le prendre comme modèle?	So what would be better than to use the herring gull, in its freedom, circling and swooping over the sea, and to use this as a role model?				
FALSE					
					
Au premier abord, il s'agit d'une version citadine d'Adam et Eve ... ... ou d'un <L1>flirt</L1> en forêt.	Our first impression is of an urban Adam and Eve, ... ... or a moment of flirtation in the forest.	flirt flirter			
Au premier abord, il s'agit d'une version citadine d'Adam et Eve ... ... ou d'un <N1>flirt</N1> en forêt.	Our first impression is of an urban Adam and Eve, ... ... or a moment of flirtation in the forest.				
TRUE					
					
Ici, nous avons un <L1>zèbre</L1> et un rhinocéros, pas à l échelle, et vous pouvez voir qu'ils sont plus proches l'un à l'autre qu'ils ne le sont avec ces animaux aux sabots fendus: les bisons, les moutons et les chèvres.	Here, we have a zebra and a rhino, not to scale, and you can see that they are more closely related to one other, than either of them is to these cloven-hoofed animals: the bison, the sheep, and the goat.				
Ici, nous avons un <N1></N1> et un rhinocéros, pas à l échelle, et vous pouvez voir qu'ils sont plus proches l'un à l'autre qu'ils ne le sont avec ces animaux aux sabots fendus: les bisons, les moutons et les chèvres.	Here, we have a zebra and a rhino, not to scale, and you can see that they are more closely related to one other, than either of them is to these cloven-hoofed animals: the bison, the sheep, and the goat.				
FALSE					
					
Quand les gens écrivent leur expériences bizarres aux journaux c'est pareil, car le lectorat d'un <L1>tabloïd</L1> se compte dans les millions, et puisqu'il n'en faut qu'un seul pour rapporter son expérience, vous comprenez ce qui se produit.	Now, when people write into the papers with uncanny experiences, it's just like that, because the circulation of a tabloid newspaper is up in the million, and if only one of them has to write in, then you can see exactly what happens.	tabloïde tabloïd | feuille tabloïd drap tabloïde			
Quand les gens écrivent leur expériences bizarres aux journaux c'est pareil, car le lectorat d'un <N1></N1> se compte dans les millions, et puisqu'il n'en faut qu'un seul pour rapporter son expérience, vous comprenez ce qui se produit.	Now, when people write into the papers with uncanny experiences, it's just like that, because the circulation of a tabloid newspaper is up in the million, and if only one of them has to write in, then you can see exactly what happens.				
FALSE					
					
Ça donne trois dollars par <L1>goyave</L1> au tarif normal.	That's $three per guava at full price.	goyavier goyave | psidium littorale goyavier goyavier fraise goyave goyavier de chine | goyavier goyave psidium guajava			
Ça donne trois dollars par <N1>goyave</N1> au tarif normal.	That's $three per guava at full price.				
TRUE					
					
Que nous les croyions activement ou que nous les rejetions consciemment, notre culture reste sous l'emprise de certaines archétypes d'histoires qui parlent de notre <L1>suprématie</L1> sur les autres et sur la nature. Le récit de la frontière nouvellement découverte et du pionnier conquérant, le récit de la destinée manifeste,	Whether we actively believe them or consciously reject them, our culture remains in the grips of certain archetypal stories about our supremacy over others and over nature -- the narrative of the newly discovered frontier and the conquering pioneer, the narrative of manifest destiny, the narrative of apocalypse and salvation.	domination suprématie			
Que nous les croyions activement ou que nous les rejetions consciemment, notre culture reste sous l'emprise de certaines archétypes d'histoires qui parlent de notre <N1></N1> sur les autres et sur la nature. Le récit de la frontière nouvellement découverte et du pionnier conquérant, le récit de la destinée manifeste,	Whether we actively believe them or consciously reject them, our culture remains in the grips of certain archetypal stories about our supremacy over others and over nature -- the narrative of the newly discovered frontier and the conquering pioneer, the narrative of manifest destiny, the narrative of apocalypse and salvation.				
FALSE					
					
Donc c'est idéal pour dormir en <L1>hamac</L1> !	Perfect for sleeping in a hammock!	butte hamac monticule colline			
Donc c'est idéal pour dormir en <N1>hamac</N1> !	Perfect for sleeping in a hammock!				
TRUE					
					
On est séduit par le prochain <L1>gadget</L1> génial.	I love the next coolest gadget.	machin widget engin instrument ustensile appareil bidule truc gadget outil			
On est séduit par le prochain <N1>gadget</N1> génial.	I love the next coolest gadget.				
TRUE					
					
On a toujours demandé aux porteurs de projet de mettre son <L1>obole</L1> dans le projet pour qu'il s'instaure entre lui et nous une véritable relation de coopération et non pas d'assistanat.	We always asked the project bearers to contribute to the project to make sure that between them and us a genuine cooperation would flourish and not a form of welfare.				
On a toujours demandé aux porteurs de projet de mettre son <N1></N1> dans le projet pour qu'il s'instaure entre lui et nous une véritable relation de coopération et non pas d'assistanat.	We always asked the project bearers to contribute to the project to make sure that between them and us a genuine cooperation would flourish and not a form of welfare.				
FALSE					
					
Le mythe <L1>misogyne</L1> nocif que ce trope renforce est que les femmes utilisent essentiellement leur soi-disant pouvoir sexuel comme un moyen de manipuler, piéger et contrôler les hommes.	The harmful misogynist myth that this tropes reinforces is that women primarily use their so-called sexual power as a way to manipulate, trick and control men.				
Le mythe <N1></N1> nocif que ce trope renforce est que les femmes utilisent essentiellement leur soi-disant pouvoir sexuel comme un moyen de manipuler, piéger et contrôler les hommes.	The harmful misogynist myth that this tropes reinforces is that women primarily use their so-called sexual power as a way to manipulate, trick and control men.				
FALSE					
					
Nous leur avons demandé ce qu'ils entendaient par le mot <L1>drastique</L1> .	We asked them what they meant by the word drastic.	extrême draconien énergique drastique			
Nous leur avons demandé ce qu'ils entendaient par le mot <N1></N1> .	We asked them what they meant by the word drastic.				
FALSE					
					
Et nous essayerons en fait d'arriver au point où nous avons un modèle <L1>prédictif</L1> dans lequel nous pouvons comprendre, quand le cancer se produit, ce qui se passe vraiment là dedans et quel traitement soignera ce cancer.	And we will actually try to get to the point where we have a predictive model where we can understand, when cancer happens, what's actually happening in there and which treatment will treat that cancer.	pronostic prédictif			
Et nous essayerons en fait d'arriver au point où nous avons un modèle <N1></N1> dans lequel nous pouvons comprendre, quand le cancer se produit, ce qui se passe vraiment là dedans et quel traitement soignera ce cancer.	And we will actually try to get to the point where we have a predictive model where we can understand, when cancer happens, what's actually happening in there and which treatment will treat that cancer.				
FALSE					
					
Ensuite, nous avons la hauteur, la <L1>cathète</L1> qui est à la verticale.	And then we have the side on the right, the side that goes straight up and down.				
Ensuite, nous avons la hauteur, la <N1></N1> qui est à la verticale.	And then we have the side on the right, the side that goes straight up and down.				
FALSE					
					
C'est un personnage du <L1>manga</L1> Rozen Maiden.	She's a character in this doll anime called  Rozen Maiden.				
C'est un personnage du <N1>manga</N1> Rozen Maiden.	She's a character in this doll anime called  Rozen Maiden.				
TRUE					
					
Ils l'ont appelé <L1>patate</L1> douce.	They named him sweet potato.	patate pomme de terre murphy pomme | solanum tuberosum pomme de terre patate pomme			
Ils l'ont appelé <N1></N1> douce.	They named him sweet potato.				
FALSE					
					
Le <L1>KGB</L1> était à ma recherche Prenez mon nom et laissez-moi tranquille Puis un mendiant m'a appelé	With an incredible number of motorbikes, the traffic in the city increases more and more CO2 ? a harmful pollutant that creates global warming.	KGB Komitet Gossoudarstvennoï Bezopasnosti			
Le <N1></N1> était à ma recherche Prenez mon nom et laissez-moi tranquille Puis un mendiant m'a appelé	With an incredible number of motorbikes, the traffic in the city increases more and more CO2 ? a harmful pollutant that creates global warming.				
FALSE					
					
Voici quelque chose que l'un de mes amis a réellement travaillaient sur, qui est, utilisation de clusters pour organiser les calculs grappes ou organiser les données centres mieux parce que, si vous savoir quels ordinateurs dans la Centre de données sont dans le <L1>cluster</L1> il ont tendance à travailler ensemble.	Here's something that one of my friends actually worked on, which is, use clustering to organize compute clusters or to organize data centers better because, if you know which computers in the data center are in the cluster there tend to work together.				
Voici quelque chose que l'un de mes amis a réellement travaillaient sur, qui est, utilisation de clusters pour organiser les calculs grappes ou organiser les données centres mieux parce que, si vous savoir quels ordinateurs dans la Centre de données sont dans le <N1></N1> il ont tendance à travailler ensemble.	Here's something that one of my friends actually worked on, which is, use clustering to organize compute clusters or to organize data centers better because, if you know which computers in the data center are in the cluster there tend to work together.				
FALSE					
					
Pour y répondre, cette <L1>pédagogie</L1> met à la disposition de l'enfant un environnement structuré.	To heed its call, this teaching method puts a structured environment at the child's disposal.	enseignement pédagogie | méthode pédagogique pédagogie			
Pour y répondre, cette <N1></N1> met à la disposition de l'enfant un environnement structuré.	To heed its call, this teaching method puts a structured environment at the child's disposal.				
FALSE					
					
Ils se rencontrent au milieu, et ils créent des particules subatomiques comme le <L1>quark</L1> charm et le tauon.	They meet in the middle, and they create subatomic particles like the charm quark and the tau lepton.	quarks quark			
Ils se rencontrent au milieu, et ils créent des particules subatomiques comme le <N1></N1> charm et le tauon.	They meet in the middle, and they create subatomic particles like the charm quark and the tau lepton.				
FALSE					
					
Dans les temps anciens, nous construisions un cimetière à côté de la métropole ou la <L1>nécropole</L1> à côté de la métropole.	In ancient times we built a graveyard &lt;br/&gt;next to the metropolis or the necropolis next to the metropolis.	Cimetière nécropole cimetière			
Dans les temps anciens, nous construisions un cimetière à côté de la métropole ou la <N1></N1> à côté de la métropole.	In ancient times we built a graveyard &lt;br/&gt;next to the metropolis or the necropolis next to the metropolis.				
FALSE					
					
Par exemple, en océanographie, on est en train d'établir un vrai <L1>lexique</L1> du langage des dauphins en visualisant en gros les faisceaux sonar que les dauphins émettent.	For example, in oceanography, a lexicon of dolphin language is actually being created by basically visualizing the sonar beams that the dolphins emit.	lexique tableau associatif dictionnaire | lexique vocabulaire			
Par exemple, en océanographie, on est en train d'établir un vrai <N1></N1> du langage des dauphins en visualisant en gros les faisceaux sonar que les dauphins émettent.	For example, in oceanography, a lexicon of dolphin language is actually being created by basically visualizing the sonar beams that the dolphins emit.				
FALSE					
					
Un <L1>sprinter</L1> jamaïcain qui continue d'exceller en 2012 et depuis le début de cette année, il est l'homme le plus rapide de la planète... il est probablement l'homme le plus rapide de tous les temps vous ne voyez peut-être pas le rapport entre ces trois personnalités.	It'd be velocity if we also specified the direction. And we can figure out what that is. Let me get a calculator out.	sprinter sprinteur			
Un <N1></N1> jamaïcain qui continue d'exceller en 2012 et depuis le début de cette année, il est l'homme le plus rapide de la planète... il est probablement l'homme le plus rapide de tous les temps vous ne voyez peut-être pas le rapport entre ces trois personnalités.	It'd be velocity if we also specified the direction. And we can figure out what that is. Let me get a calculator out.				
FALSE					
					
À cause de l'Internet, nous sommes dans l'oeil du <L1>cyclone</L1> d'un processus impliquant toute la société, et dont nous ne pouvons encore voir la fin.	Because of the internet we are at the eye of the storm of a process involving all of society, the end of which we can not see yet.	cyclone tornade | cyclone tourbillon			
À cause de l'Internet, nous sommes dans l'oeil du <N1></N1> d'un processus impliquant toute la société, et dont nous ne pouvons encore voir la fin.	Because of the internet we are at the eye of the storm of a process involving all of society, the end of which we can not see yet.				
FALSE					
					
Un exemple d'innovation de rupture pourrait être l'Ipod. Ainsi on est passé du <L1>walkman</L1> ou du discman à l'Ipod. La dernière catégorie, c'est l'innovation paradigmatique	25 people are in charge of logistic and back-office and the others are  master tailors  with more than 15 years'experience.				
Un exemple d'innovation de rupture pourrait être l'Ipod. Ainsi on est passé du <N1></N1> ou du discman à l'Ipod. La dernière catégorie, c'est l'innovation paradigmatique	25 people are in charge of logistic and back-office and the others are  master tailors  with more than 15 years'experience.				
FALSE					
					
Voyons si nous ne pouvons pas concevoir une <L1>agora</L1> européenne, pas simplement pour les produits et les services, mais pour nos concitoyens, où ils puissent travailler ensemble, délibérer, apprendre les uns des autres, échanger entre l'art et les cultures, où ils peuvent trouver des solutions créatives.	Let's see if we can't design a European agora, not simply for products and services, but for our citizens, where they can work together, deliberate, learn from each other, exchange between art and cultures, where they can come up with creative solutions.	place agora forum			
Voyons si nous ne pouvons pas concevoir une <N1></N1> européenne, pas simplement pour les produits et les services, mais pour nos concitoyens, où ils puissent travailler ensemble, délibérer, apprendre les uns des autres, échanger entre l'art et les cultures, où ils peuvent trouver des solutions créatives.	Let's see if we can't design a European agora, not simply for products and services, but for our citizens, where they can work together, deliberate, learn from each other, exchange between art and cultures, where they can come up with creative solutions.				
FALSE					
					
L'un des plaisirs d'être <L1>lexicographe</L1> -- outre être invitée à venir à TED -- est de prononcer des mots très rigolos, comme lexicographique .	Now one of the perks of being a lexicographer -- besides getting to come to TED -- is that you get to say really fun words, like lexicographical.				
L'un des plaisirs d'être <N1></N1> -- outre être invitée à venir à TED -- est de prononcer des mots très rigolos, comme lexicographique .	Now one of the perks of being a lexicographer -- besides getting to come to TED -- is that you get to say really fun words, like lexicographical.				
FALSE					
					
Ils l'utilisent comme <L1>synecdoque</L1> -- et un des problème de connaître un mot comme synecdoque , c'est que vous cherchez toujours une excuse pour dire synecdoque.	They use it synecdochically. And one of the problems of knowing a word like  synecdochically  is that you really want an excuse to say  synecdochically.				
Ils l'utilisent comme <N1></N1> -- et un des problème de connaître un mot comme synecdoque , c'est que vous cherchez toujours une excuse pour dire synecdoque.	They use it synecdochically. And one of the problems of knowing a word like  synecdochically  is that you really want an excuse to say  synecdochically.				
FALSE					
					
La princesse Lee Seol, un <L1>mégaphone</L1> rouge, la princesse pieds nus, la conférence de presse sur le parking, etc. C'est dans le top 10 des recherches sur internet.	Princess Lee Seol, red megaphone, barefoot princess, parking lot press conference, etc... are taking up all the top 10 terms searched.	porte-voix mégaphone			
La princesse Lee Seol, un <N1></N1> rouge, la princesse pieds nus, la conférence de presse sur le parking, etc. C'est dans le top 10 des recherches sur internet.	Princess Lee Seol, red megaphone, barefoot princess, parking lot press conference, etc... are taking up all the top 10 terms searched.				
FALSE					
					
J'ai un autre <L1>scoop</L1> pour vous.	I have another scoop for you.				
J'ai un autre <N1>scoop</N1> pour vous.	I have another scoop for you.				
TRUE					
					
Beatsy nous dit ça, que de la même façon qu'on peut explorer les territoires de la conscience, de la même façon qu'Halim dit qu'on peut s'augmenter avec du beurre dans le café et un <L1>monitoring</L1> très précis du corps et trouver ce qui nous convient pour passer de 120 kg à 75 kg avec 0,5% de graisse,	Beatsy tells us that. Just as way we can explore the territories of our conscience, just as Halim says we can improve with butter in our coffee, and a very accurate monitoring of our body and find what could help us drop from 120 kg to 75 kg with 0.5% body fat.	monitorage monitoring surveillance			
Beatsy nous dit ça, que de la même façon qu'on peut explorer les territoires de la conscience, de la même façon qu'Halim dit qu'on peut s'augmenter avec du beurre dans le café et un <N1>monitorage</N1> très précis du corps et trouver ce qui nous convient pour passer de 120 kg à 75 kg avec 0,5% de graisse,	Beatsy tells us that. Just as way we can explore the territories of our conscience, just as Halim says we can improve with butter in our coffee, and a very accurate monitoring of our body and find what could help us drop from 120 kg to 75 kg with 0.5% body fat.				
TRUE					
					
Noam et moi avons eu le sentiment que si nous voulions que nos étudiants comprennent comment les ordinateurs fonctionnent, et qu'ils en soient pénétrés jusqu'à la moelle des os, alors peut-être que la meilleure façon de s'y prendre était de leur faire construire un ordinateur complet, fonctionnel, utile et à usage général, <L1>hardware</L1> et logiciel, depuis le début, en partant des principes premiers.	So Noam and I had this insight that if we want our students to understand how computers work, and understand it in the marrow of their bones, then perhaps the best way to go about it is to have them build a complete, working, general-purpose, useful computer, hardware and software, from the ground up, from first principles.				
Noam et moi avons eu le sentiment que si nous voulions que nos étudiants comprennent comment les ordinateurs fonctionnent, et qu'ils en soient pénétrés jusqu'à la moelle des os, alors peut-être que la meilleure façon de s'y prendre était de leur faire construire un ordinateur complet, fonctionnel, utile et à usage général, <N1>matériel</N1> et logiciel, depuis le début, en partant des principes premiers.	So Noam and I had this insight that if we want our students to understand how computers work, and understand it in the marrow of their bones, then perhaps the best way to go about it is to have them build a complete, working, general-purpose, useful computer, hardware and software, from the ground up, from first principles.				
TRUE					
					
C'est un de nos points d'accès wifi municipaux, . équipés d'une <L1>webcam</L1> grand angle.	No cleared person wants to even eat lunch with an un-clearable.	Webcam webcaméra cam webcam			
C'est un de nos points d'accès wifi municipaux, . équipés d'une <N1>caméra web</N1> grand angle.	No cleared person wants to even eat lunch with an un-clearable.				
FALSE					
					
Maintenant c'est au moins 3 ou 4, sinon le blé il est pourri avant d'arriver dans le <L1>silo</L1> donc il y a quand même une énorme différence si vous voulez mais ça se voit pas parce que comme on a balancé des produits on dit tiens le blé il est bien... sauf que si il se casse la figure alors... parce que comme on met trop d'azote, il tombe	Now it's at least 3 or 4, otherwise the wheat is rotten before even reaching the silo so you can feel the difference... Even if you can't see it, as we threw chemicals people says  oh, the wheat is good looking...  even if the wheat can't stand up... because as we put so much nitrogen, it falls				
Maintenant c'est au moins 3 ou 4, sinon le blé il est pourri avant d'arriver dans le <N1></N1> donc il y a quand même une énorme différence si vous voulez mais ça se voit pas parce que comme on a balancé des produits on dit tiens le blé il est bien... sauf que si il se casse la figure alors... parce que comme on met trop d'azote, il tombe	Now it's at least 3 or 4, otherwise the wheat is rotten before even reaching the silo so you can feel the difference... Even if you can't see it, as we threw chemicals people says  oh, the wheat is good looking...  even if the wheat can't stand up... because as we put so much nitrogen, it falls				
FALSE					
					
Quatre à cinq jours par semaine, de psychothérapie et <L1>psychanalytique</L1> pendant des décennies et une constante et excellente psychopharmacologie.	Four- to five-day-a-week psychoanalytic psychotherapy for decades and continuing, and excellent psychopharmacology.				
Quatre à cinq jours par semaine, de psychothérapie et <N1></N1> pendant des décennies et une constante et excellente psychopharmacologie.	Four- to five-day-a-week psychoanalytic psychotherapy for decades and continuing, and excellent psychopharmacology.				
FALSE					
					
Regardons la colère proprement dite ; elle a l'air menaçante, un nuage noir de <L1>mousson</L1> ou un orage.	Look at anger itself. It looks very menacing, like a billowing monsoon cloud or thunderstorm.				
Regardons la colère proprement dite ; elle a l'air menaçante, un nuage noir de <N1></N1> ou un orage.	Look at anger itself. It looks very menacing, like a billowing monsoon cloud or thunderstorm.				
FALSE					
					
Il m'a dit qu'il inviterait un <L1>cobaye</L1> et il dirait, Vous savez, il y a un serpent dans la pièce d'à côté et nous allons y aller.	He told me that he'd invite the test subject in, and he'd say,  You know, there's a snake in the next room and we're going to go in there.	cavia porcellus cochon d’Inde cobaye cochon d'Inde | cas sujet cause chose cobaye			
Il m'a dit qu'il inviterait un <N1></N1> et il dirait, Vous savez, il y a un serpent dans la pièce d'à côté et nous allons y aller.	He told me that he'd invite the test subject in, and he'd say,  You know, there's a snake in the next room and we're going to go in there.				
FALSE					
					
Si j'étais pas chrétien, je t'enverrais par la fenêtre, <L1>macaque</L1> !	If I wasn't no Christian, I'd be throwin' your fat pineapple-eatin' ass through the window.				
Si j'étais pas chrétien, je t'enverrais par la fenêtre, <N1></N1> !	If I wasn't no Christian, I'd be throwin' your fat pineapple-eatin' ass through the window.				
FALSE					
					
Allumez. - Allez dévisser du <L1>ketchup</L1> après ça !	Your wife's gonna be opening your ketchup bottles the rest of your life.				
Allumez. - Allez dévisser du <N1></N1> après ça !	Your wife's gonna be opening your ketchup bottles the rest of your life.				
FALSE					
					
- Watts, verrouillage <L1>cockpit</L1> !	- Watts, air lock the cockpit now!				
- Watts, verrouillage <N1></N1> !	- Watts, air lock the cockpit now!				
FALSE					
					
Les filles noires, blanches, minces, grosses Tout le monde est demandé sur la piste de danse C'est votre opportunité pour une petite <L1>idylle</L1>	I'm calling all girls Everyone report to the dance floor It's your chance for a little romentor Butt squeezin' it's the season Just go...	bucolique églogue idylle			
Les filles noires, blanches, minces, grosses Tout le monde est demandé sur la piste de danse C'est votre opportunité pour une petite <N1></N1>	I'm calling all girls Everyone report to the dance floor It's your chance for a little romentor Butt squeezin' it's the season Just go...				
FALSE					
					
Tu veux faire qu'après mon <L1>tee-shirt</L1> colle sur moi.	Really?	t-shirt ticheurte Tee-shirt teeshirt T-shirt tee-shirt			
Tu veux faire qu'après mon <N1></N1> colle sur moi.	Really?				
FALSE					
					
C'était Internet, cette boîte noire avec une lumière rouge tel qu'il est représenté dans la <L1>sitcom</L1> The IT crowd.	This was the Internet, this black box with a red light on it, as represented in the sitcom  The IT Crowd.				
C'était Internet, cette boîte noire avec une lumière rouge tel qu'il est représenté dans la <N1>comédie de situation</N1> The IT crowd.	This was the Internet, this black box with a red light on it, as represented in the sitcom  The IT Crowd.				
TRUE					
					
Vous pouvez voir ses cheveux rouges, je ne sais pas si vous voyez son <L1>piercing</L1> au nez.	You can see the red hair, and I don't know if you can see the nose ring there.				
Vous pouvez voir ses cheveux rouges, je ne sais pas si vous voyez son <N1>piercing</N1> au nez.	You can see the red hair, and I don't know if you can see the nose ring there.				
TRUE					
					
les gens commencèrent à dire: OH, il rit de nous autres alors pendant les 3-4 heures suivantes dans les rues au tour du Palais des Congrès les gens se sont presque engagés dans la <L1>guérilla</L1> urbaine, ils répliquaient et plusieurs fois les flics ont du se replier	like people start to say,  Oh, he's laughing about us.  so over the course of the next three, four hours in the street around the Palais de Congrés you know, engage in almost urban guerrilla, people fighting back and quite a few times the cops had to retreat	irrégulier guérilla | irrégulier insurgé guérillero guérilla			
les gens commencèrent à dire: OH, il rit de nous autres alors pendant les 3-4 heures suivantes dans les rues au tour du Palais des Congrès les gens se sont presque engagés dans la <N1></N1> urbaine, ils répliquaient et plusieurs fois les flics ont du se replier	like people start to say,  Oh, he's laughing about us.  so over the course of the next three, four hours in the street around the Palais de Congrés you know, engage in almost urban guerrilla, people fighting back and quite a few times the cops had to retreat				
FALSE					
					
En fait, la seule vraie <L1>anarchie</L1> est celle du pouvoir.	We Fascists are the only true anarchists				
En fait, la seule vraie <N1></N1> est celle du pouvoir.	We Fascists are the only true anarchists				
FALSE					
					
Tu sais ce que fait un <L1>bolchevique</L1> qui plonge dans la Mer Rouge?	What does a Bolshevik do when he dives into the Red Sea? You don't know what a Bolshevik does?	bolchevique marxiste rouge			
Tu sais ce que fait un <N1></N1> qui plonge dans la Mer Rouge?	What does a Bolshevik do when he dives into the Red Sea? You don't know what a Bolshevik does?				
FALSE					
					
Il existe. Qu'est ce qu'un <L1>snob</L1> ?	What is a snob?				
Il existe. Qu'est ce qu'un <N1></N1> ?	What is a snob?				
FALSE					
					
Supposons maintenant qu'un champion du monde de <L1>sprint</L1> affronte notre plongeur - Usian Bolt commence à dix mètres de la ligne d'arrivée, et le plongeur commence dix mètres au-dessus. Qui arrive le premier ?	But now suppose a world record sprinter races our olympic diver - that is, Usain Bolt starts ten meters from the finish line, and the diver starts ten meters above it.	sprint course de vitesse			
Supposons maintenant qu'un champion du monde de <N1></N1> affronte notre plongeur - Usian Bolt commence à dix mètres de la ligne d'arrivée, et le plongeur commence dix mètres au-dessus. Qui arrive le premier ?	But now suppose a world record sprinter races our olympic diver - that is, Usain Bolt starts ten meters from the finish line, and the diver starts ten meters above it.				
FALSE					
					
les ingénieurs eurent tenté sans succès de transmettre le concept d' <L1>entropie</L1> au service marketing [rire], ils trouvèrent une autre solution - solution - ils développèrent une lessive qui utilise des enzimes attaquant le bout des fibres décousues, celles des fibres cassés qui font que vos habits semblent vieux.	Well after the engineers had tried unsuccessfully to convey the concept of  entropy  to the marketing department [audience laughs], they arrived at another solution --  solution  -- they'd develop a detergent that used enzymes that attacked loose fiber ends, the kind that you get with broken fibers that make your clothes look old.	hasard entropie | information entropie renseignement			
les ingénieurs eurent tenté sans succès de transmettre le concept d' <N1></N1> au service marketing [rire], ils trouvèrent une autre solution - solution - ils développèrent une lessive qui utilise des enzimes attaquant le bout des fibres décousues, celles des fibres cassés qui font que vos habits semblent vieux.	Well after the engineers had tried unsuccessfully to convey the concept of  entropy  to the marketing department [audience laughs], they arrived at another solution --  solution  -- they'd develop a detergent that used enzymes that attacked loose fiber ends, the kind that you get with broken fibers that make your clothes look old.				
FALSE					
					
Elle donne une nouvelle définition au mot courbe qu'un tas de filles dans le club de <L1>striptease</L1> l'envie Elle a un corps tellement explosif qu'elle peut poser son verre sur son cul Son jeu de langue donne un nouveau type de séduction que je me dois de lui donner quelque chose	I would only take that girl end of search she give a new definition to the word curve got chicks in the strip club envying her's bodies like weapons a mass eruptions seal the glad on that phat obstruction tongue game give a new type seduction				
Elle donne une nouvelle définition au mot courbe qu'un tas de filles dans le club de <N1></N1> l'envie Elle a un corps tellement explosif qu'elle peut poser son verre sur son cul Son jeu de langue donne un nouveau type de séduction que je me dois de lui donner quelque chose	I would only take that girl end of search she give a new definition to the word curve got chicks in the strip club envying her's bodies like weapons a mass eruptions seal the glad on that phat obstruction tongue game give a new type seduction				
FALSE					
					
Vous voyez comment le <L1>smiley</L1> sort de sous le triangle, et puis disparaît de nouveau sous son bord.	You see how the smiley face slides out from under the triangle, and then slinks back under its edge.	frimousse smiley émoticône			
Vous voyez comment l' <N1>émoticône</N1> sort de sous le triangle, et puis disparaît de nouveau sous son bord.	You see how the smiley face slides out from under the triangle, and then slinks back under its edge.				
TRUE					
					
Bien que le récit soit quelque peu abstrait, il devient finalement clair que la demoiselle tente en fait d'échapper au <L1>protagoniste</L1> depuis le début.	Although the narrative is somewhat abstract, it eventually becomes clear that the Damsel has actually been trying to get away from the protagonist the whole time.	protagoniste joueur | ami protagoniste admirateur champion			
Bien que le récit soit quelque peu abstrait, il devient finalement clair que la demoiselle tente en fait d'échapper au <N1></N1> depuis le début.	Although the narrative is somewhat abstract, it eventually becomes clear that the Damsel has actually been trying to get away from the protagonist the whole time.				
FALSE					
					
C'est bien, parce que vraiment si jamais ils essaient de sortir un clip mignon et <L1>espiègle</L1> à la Bilasa,	Good, because really if they ever try to pull of a cute and playful Bilasa kind of video,	farceur espiègle mystificateur | espiègle perfide sournois matois artificieux malin rusé astucieux			
C'est bien, parce que vraiment si jamais ils essaient de sortir un clip mignon et <N1></N1> à la Bilasa,	Good, because really if they ever try to pull of a cute and playful Bilasa kind of video,				
FALSE					
					
Il a fait ce diaporama <L1>trampoline</L1> pour sa sœur pour que le jour de son anniversaire, elle puisse être la vedette de l'émission, sauter sur le trampoline pour faire avancer les diapos.	He made this trampoline slideshow advancer for his sister so that on her birthday, she could be the star of the show, jumping on the trampoline to advance the slides.				
Il a fait ce diaporama <N1></N1> pour sa sœur pour que le jour de son anniversaire, elle puisse être la vedette de l'émission, sauter sur le trampoline pour faire avancer les diapos.	He made this trampoline slideshow advancer for his sister so that on her birthday, she could be the star of the show, jumping on the trampoline to advance the slides.				
FALSE					
					
Mon <L1>phénotype</L1> est ce dont mes cheveux ont l'air.	My phenotype is what my hair really looks like.				
Mon <N1></N1> est ce dont mes cheveux ont l'air.	My phenotype is what my hair really looks like.				
FALSE					
					
J'ai finalement mis un pied dans ce <L1>biopic</L1> sur John Wayne Gacy	Yeah, I finally got in on that John Wayne Gacy bio pic.				
J'ai finalement mis un pied dans ce <N1>film biographique</N1> sur John Wayne Gacy	Yeah, I finally got in on that John Wayne Gacy bio pic.				
TRUE					
					
Que c'est le mental ou le mental a-t-il encore trop de... <L1>sex-appeal</L1> ?	That it is the mind? Or does the mind still has so much sex appeal?				
Que c'est le mental ou le mental a-t-il encore trop de... <N1>séduction</N1> ?	That it is the mind? Or does the mind still has so much sex appeal?				
TRUE					
					
Depuis août 2012, des phosphores nocifs ont été trouvés dans des paquets de <L1>nouille</L1> instantanée de toutes les marques célèbres vendues dans les supermarchés de la Chine.	This one is called Instant Noodles.	nouilles nouille | morve nouille | haricot dôme nouille			
Depuis août 2012, des phosphores nocifs ont été trouvés dans des paquets de <N1></N1> instantanée de toutes les marques célèbres vendues dans les supermarchés de la Chine.	This one is called Instant Noodles.				
FALSE					
					
<L1>BIP</L1> / Erreur	Well played, Mr. Bennett.	bip | radiomessagerie bip			
<N1></N1> / Erreur	Well played, Mr. Bennett.				
FALSE					
					
Elle est si petite et laide, toute cabossée comme si elle avait fait du <L1>rugby</L1>	Hey yo, come on man, this is Lonely Island. People are countin' on us.				
Elle est si petite et laide, toute cabossée comme si elle avait fait du <N1></N1>	Hey yo, come on man, this is Lonely Island. People are countin' on us.				
FALSE					
					
Tout comme un mot symbolise un objet, ou une ombre simplifie un objet, je pense que c'est la façon dont notre esprit fait sens de la réalité <L1>amorphe</L1> et fluide.	(Laughter)				
Tout comme un mot symbolise un objet, ou une ombre simplifie un objet, je pense que c'est la façon dont notre esprit fait sens de la réalité <N1></N1> et fluide.	(Laughter)				
FALSE					
					
Quand j'étais enfant, je pensais que les côtes de porc et les coups de <L1>karaté</L1> , c'était la même chose.	I knew I didn't have to hold up my paper of 28 out of 30, but my satisfaction was complete when he looked at me, puzzled, and I thought to myself,  Smarter than the average bear, motherfucker.  (Laughter) (Applause)	karaté Karaté			
Quand j'étais enfant, je pensais que les côtes de porc et les coups de <N1></N1> , c'était la même chose.	I knew I didn't have to hold up my paper of 28 out of 30, but my satisfaction was complete when he looked at me, puzzled, and I thought to myself,  Smarter than the average bear, motherfucker.  (Laughter) (Applause)				
FALSE					
					
Ce crocodile, qui peut atteindre 6 mètres de long dans les rivières du nord, et [ l'autre est ]ce charismatique serpent, le <L1>cobra</L1> royal.	It's been a roller coaster ride.	Cobra naja cobra			
Ce crocodile, qui peut atteindre 6 mètres de long dans les rivières du nord, et [ l'autre est ]ce charismatique serpent, le <N1></N1> royal.	It's been a roller coaster ride.				
FALSE					
					
À partir de là, vous pouvez répondre ou <L1>retweeter</L1> des messages directement depuis votre fenêtre de navigation, et même ajouter la recherche à votre tableau de bord Hootsuite - Ajoutant une couche d'engagement instantané auquel vous référez à un autre moment.	The third and most unique feature of the Hootlet is that it simplifies social sharing by providing context for your searches.				
À partir de là, vous pouvez répondre ou <N1></N1> des messages directement depuis votre fenêtre de navigation, et même ajouter la recherche à votre tableau de bord Hootsuite - Ajoutant une couche d'engagement instantané auquel vous référez à un autre moment.	The third and most unique feature of the Hootlet is that it simplifies social sharing by providing context for your searches.				
FALSE					
					
Je crois aussi que c'est une morale du pouvoir doux, du <L1>soft</L1> power, comme disent les Américains, c'est-à-dire ce pouvoir de la douceur.	I think that the kind person is someone that gives.				
Je crois aussi que c'est une morale du pouvoir doux, du <N1></N1> power, comme disent les Américains, c'est-à-dire ce pouvoir de la douceur.	I think that the kind person is someone that gives.				
FALSE					
					
Je prendrais ce pyjama en <L1>flanelle</L1> zébrée, d'occasion, ce connard me va bien...] [Chanson: ...la grenouillère avec les chaussettes en plus de ça, connard.]	Aw, she's fine. She's very, very attractive.	gabardine tweed flanelle blanc | gant de toilette flanelle			
Je prendrais ce pyjama en <N1></N1> zébrée, d'occasion, ce connard me va bien...] [Chanson: ...la grenouillère avec les chaussettes en plus de ça, connard.]	Aw, she's fine. She's very, very attractive.				
FALSE					
					
Avez-vous déjà essayé de voir ça si vous avez de la <L1>vaseline</L1> devant les yeux?	I always end up in the gents' toilets.				
Avez-vous déjà essayé de voir ça si vous avez de la <N1></N1> devant les yeux?	I always end up in the gents' toilets.				
FALSE					
					
Et puis, je ne pense pas que quiconque voudrait naviguer avec Kara la <L1>cannibale</L1>	I... thought about it.				
Et puis, je ne pense pas que quiconque voudrait naviguer avec Kara la <N1></N1>	I... thought about it.				
FALSE					
					
Et Nimoy, je suis désolé, Spock s'assied au piano, et il commence à jouer cette <L1>valse</L1> de Brahms, et ils dansent tous dessus.	The episode of  Star Trek  for me was James Daly played Methuselah -- remember this one?				
Et Nimoy, je suis désolé, Spock s'assied au piano, et il commence à jouer cette <N1></N1> de Brahms, et ils dansent tous dessus.	The episode of  Star Trek  for me was James Daly played Methuselah -- remember this one?				
FALSE					
					
Le degré de <L1>syncope</L1> (shuffle) est une chose qu'on apprend en écoutant.	It's that kind of thing.	s'évanouir syncope			
Le degré de <N1></N1> (shuffle) est une chose qu'on apprend en écoutant.	It's that kind of thing.				
FALSE					
					
Un projet, présenté dans une exposition à Copenhague il y a 10 ans, la modélisation d'un <L1>hippocampe</L1> -- la région du cerveau qui enregistre la mémoire à court-terme -- et la production de sa documentation, documentation imaginaire en une série de dessins qui essaient d'organiser ce phénomène.	And so, in the formation of things, in giving it form, in concretizing these things, it starts with some notion of how one organizes.	corne d'ammon hippocampus hippocampe corne d'Ammon | hippocampus hippocampe corne d'ammon			
Un projet, présenté dans une exposition à Copenhague il y a 10 ans, la modélisation d'un <N1></N1> -- la région du cerveau qui enregistre la mémoire à court-terme -- et la production de sa documentation, documentation imaginaire en une série de dessins qui essaient d'organiser ce phénomène.	And so, in the formation of things, in giving it form, in concretizing these things, it starts with some notion of how one organizes.				
FALSE					
					
Aujourd'hui, je vais avec mon jardin enfants alors un petit toboggan, et élevé, et le <L1>curling</L1> et le...	What's hot, such steel endlessly huge giant and hot days when you had you used to skate here. ..				
Aujourd'hui, je vais avec mon jardin enfants alors un petit toboggan, et élevé, et le <N1></N1> et le...	What's hot, such steel endlessly huge giant and hot days when you had you used to skate here. ..				
FALSE					
					
Je vais faire un <L1>lasso</L1> avec ma bite géante Hey !	Ronnie motha fucka and I'm back from the dead	corde lasso			
Je vais faire un <N1></N1> avec ma bite géante Hey !	Ronnie motha fucka and I'm back from the dead				
FALSE					
					
Dans le film Alien un être humain est l'hôte d'un <L1>alien</L1> parasite, jusqu'à ce qu'il soit prêt à naître.	[ UFOs and Extraterrestrial life]				
Dans le film Alien un être humain est l'hôte d'un <N1></N1> parasite, jusqu'à ce qu'il soit prêt à naître.	[ UFOs and Extraterrestrial life]				
FALSE					
					
Le choix des aliens pour le film Star <L1>ship</L1> Trooper	The alien of choice for the film  Star ship Trooper .				
Le choix des aliens pour le film Star <N1></N1> Trooper	The alien of choice for the film  Star ship Trooper .				
FALSE					
					
A cela je n'ai qu'à ajouter, Ez a mi munkank ; es <L1>nem</L1> is keves.	This defines the imagined futures of our fellow Hungarians --	rouleau de printemps Nem rouleau impérial nem pâté impérial			
A cela je n'ai qu'à ajouter, Ez a mi munkank ; es <N1></N1> is keves.	This defines the imagined futures of our fellow Hungarians --				
FALSE					
					
Quelqu'un a soulevé un parallèle à ce que nous appelons le <L1>fondamentalisme</L1> du marché.	It's a brilliant form of social control which, by the way, was practiced in the Soviet Union.	fondamentalisme intégrisme			
Quelqu'un a soulevé un parallèle à ce que nous appelons le <N1></N1> du marché.	It's a brilliant form of social control which, by the way, was practiced in the Soviet Union.				
FALSE					
					
Fils, avant de <L1>taximètre</L1> commence à compter, aujourd'hui est le jour!	Ha?				
Fils, avant de <N1></N1> commence à compter, aujourd'hui est le jour!	Ha?				
FALSE					
					
Il ne fut pas longtemps à s'en apercevoir et abandonna sa chasse et retourna à travers l'île vers <L1>dead</L1> Tree Island.	We found the old male leopard out on the edge of a flood plain watching a herd of impala and one male waterbuck.				
Il ne fut pas longtemps à s'en apercevoir et abandonna sa chasse et retourna à travers l'île vers <N1></N1> Tree Island.	We found the old male leopard out on the edge of a flood plain watching a herd of impala and one male waterbuck.				
FALSE					
					
Temps de <L1>complétion</L1> estimé : moins de 5 minutes	Thomas DaFaq You have initiated a download from our insecure cloud ser-				
Temps de <N1></N1> estimé : moins de 5 minutes	Thomas DaFaq You have initiated a download from our insecure cloud ser-				
FALSE					
					
J'avais un vieux Dell Dimension <L1>XPS</L1> dans un coin et décidé à l'utiliser.	Oh, I know it's blatantly OT but I'm beginning to go insane.				
J'avais un vieux Dell Dimension <N1></N1> dans un coin et décidé à l'utiliser.	Oh, I know it's blatantly OT but I'm beginning to go insane.				
FALSE					
					
On a le <L1>schtroumpf</L1> paresseux, le schtroumpf grincheux, le schtroumpf farceur,	You've probably guessed by now that this trope was named after the only female smurf in all of Smurfville.				
On a le <N1></N1> paresseux, le schtroumpf grincheux, le schtroumpf farceur,	You've probably guessed by now that this trope was named after the only female smurf in all of Smurfville.				
FALSE					
					
Les outils les plus puissants en <L1>origami</L1> sont ceux qui permettent d'obtenir les différentes parties des créatures.	Or you can ramp up and go up to 50 stars on a flag, with 13 stripes.				
Les outils les plus puissants en <N1></N1> sont ceux qui permettent d'obtenir les différentes parties des créatures.	Or you can ramp up and go up to 50 stars on a flag, with 13 stripes.				
FALSE					
					
Souvent, j'écris un programme CNC à mon bureau et je l'amène vers le bas à la machine pour <L1>déboguer</L1> le programme alors que j'ai mis en place la première partie	And another four years of Obama in my mind will be detrimental but honestly I don't have much hope that four years of Romney would be a whole lot better.	désinsectiser déboguer			
Souvent, j'écris un programme CNC à mon bureau et je l'amène vers le bas à la machine pour <N1></N1> le programme alors que j'ai mis en place la première partie	And another four years of Obama in my mind will be detrimental but honestly I don't have much hope that four years of Romney would be a whole lot better.				
FALSE					
					
Nous allons <L1>customiser</L1> des pousse-pousse.	(Applause)				
Nous allons <N1></N1> des pousse-pousse.	(Applause)				
FALSE					
					
Donc, une façon de voir le filtrage de motif est comme une généralisation de l'instruction <L1>switch</L1> de C ou Java.	So, that's a syntactic convenience, but the orchard classes that we have here are now all empty.				
Donc, une façon de voir le filtrage de motif est comme une généralisation de l'instruction <N1></N1> de C ou Java.	So, that's a syntactic convenience, but the orchard classes that we have here are now all empty.				
FALSE					
					
Moi je sais pas si... pendant longtemps on a appelé à occuper ici et c était afin de se retrouver à plus nombreux à <L1>squatter</L1> ici sur cette zone et actuellement on est quand même... dans une sorte de dilemne c'est que pour s'opposer au projet on a besoin d être plus nombreux et en même temps pour être un peu bien organisés et efficaces il faut que ça soit plus dense nos liens entre nous déjà.	And at the time, this step if really important because it's like... it's the concrete realization of the project and during that time associations thought they could give their opinions say  us, we think this project is not interessant and we don't want give our land for that  and they came toward institutions that say that but they were not heared whereas for instance in other struggles against nuclear plants for instance in Plogoff in the peak of the Brittany from the start inhabitants were opposed to this project and from the start they said				
Moi je sais pas si... pendant longtemps on a appelé à occuper ici et c était afin de se retrouver à plus nombreux à <N1></N1> ici sur cette zone et actuellement on est quand même... dans une sorte de dilemne c'est que pour s'opposer au projet on a besoin d être plus nombreux et en même temps pour être un peu bien organisés et efficaces il faut que ça soit plus dense nos liens entre nous déjà.	And at the time, this step if really important because it's like... it's the concrete realization of the project and during that time associations thought they could give their opinions say  us, we think this project is not interessant and we don't want give our land for that  and they came toward institutions that say that but they were not heared whereas for instance in other struggles against nuclear plants for instance in Plogoff in the peak of the Brittany from the start inhabitants were opposed to this project and from the start they said				
FALSE					
					
Et vous avez des gens qui se mettent à écrire, genre, qui proposent le même article plusieurs fois, ou qui <L1>spin</L1> cet article et qui le proposent au même éditeur.	And it could be a great way for someone who is not quite as well known but writes really really well to get to be known a little bit better.				
Et vous avez des gens qui se mettent à écrire, genre, qui proposent le même article plusieurs fois, ou qui <N1></N1> cet article et qui le proposent au même éditeur.	And it could be a great way for someone who is not quite as well known but writes really really well to get to be known a little bit better.				
FALSE					
					
Et cette sonnette pour un peu de <L1>punch</L1> et vous avez fait un appareil pour faire du bruit.	You put a blue to a green, you can make light.	entrain tonus pep punch gingembre peps			
Et cette sonnette pour un peu de <N1></N1> et vous avez fait un appareil pour faire du bruit.	You put a blue to a green, you can make light.				
FALSE					
					
Ici, je voulais vraiment dire <L1>volt</L1> et vous voyez que le tout premier résultat est 12 volts, suivi d'autre modèle de 18 volts, 12 volts...	So here I really did mean volt. So you can see, what we're seeing in the very first result, is 14 volt battery.				
Ici, je voulais vraiment dire <N1></N1> et vous voyez que le tout premier résultat est 12 volts, suivi d'autre modèle de 18 volts, 12 volts...	So here I really did mean volt. So you can see, what we're seeing in the very first result, is 14 volt battery.				
FALSE					
					
Ils existent toujours, mais qu'est-ce qu'un <L1>griot</L1> ?	An element we don't see so much in the television or the radio, perhaps.				
Ils existent toujours, mais qu'est-ce qu'un <N1></N1> ?	An element we don't see so much in the television or the radio, perhaps.				
FALSE					
					
Qu'il s'agisse d'augmenter le nombre de pages vues ou les ventes, connecter vos comptes de médias sociaux à vos outils de <L1>reporting</L1> web peut vous fournir les données nécessaires pour optimiser votre stratégie numérique dans son ensemble.	- No.				
Qu'il s'agisse d'augmenter le nombre de pages vues ou les ventes, connecter vos comptes de médias sociaux à vos outils de <N1></N1> web peut vous fournir les données nécessaires pour optimiser votre stratégie numérique dans son ensemble.	- No.				
FALSE					
					
Aussi appelées <L1>soap</L1> operas ou tele novellas.	That's where I found out about	télénovela soap opera feuilleton soap			
Aussi appelées <N1></N1> operas ou tele novellas.	That's where I found out about				
FALSE					
					
J'ai fait du <L1>softball</L1> pendant 5 ans plus jeune.	AM:				
J'ai fait du <N1></N1> pendant 5 ans plus jeune.	AM:				
FALSE					
					
Comment vous, en tant que conseillère en génétique, disons que vous étudiez un caractère en particulier. Comment vous faites la distinction quand vous vous intéressez un a caractère qui, un caractère <L1>récessif</L1> ou dominant, et le mettez en en relations avec le contexte que vous envisagez ? Donc, le, bon, essayer de déterminer un caractère qu'il soit dominant, récessif ou vera-axeling qui sont	So the ped, and, and people don't have that many children, so the pedigrees can be very sparse.				
Comment vous, en tant que conseillère en génétique, disons que vous étudiez un caractère en particulier. Comment vous faites la distinction quand vous vous intéressez un a caractère qui, un caractère <N1></N1> ou dominant, et le mettez en en relations avec le contexte que vous envisagez ? Donc, le, bon, essayer de déterminer un caractère qu'il soit dominant, récessif ou vera-axeling qui sont	So the ped, and, and people don't have that many children, so the pedigrees can be very sparse.				
FALSE					
					
Les leurs sont parfumés au <L1>miso</L1> et à la pâte de sésame, ils ne sont pas aussi sucrés que notre version.	The short answer is, actually, they're from Japan.				
Les leurs sont parfumés au <N1></N1> et à la pâte de sésame, ils ne sont pas aussi sucrés que notre version.	The short answer is, actually, they're from Japan.				
FALSE					
					
Le <L1>ressac</L1> choque contre les noires roches,	My sister!				
Le <N1></N1> choque contre les noires roches,	My sister!				
FALSE					
					
Un <L1>phasme</L1> doit avoir la forme exacte d'une brindille. quand vous mordez, la dent du haut de la mâchoire doit reposer sur la dent du bas.	But the lock is just a parable.				
Un <N1></N1> doit avoir la forme exacte d'une brindille. quand vous mordez, la dent du haut de la mâchoire doit reposer sur la dent du bas.	But the lock is just a parable.				
FALSE					
					
Alors, la prochaine fois que vous vous trouvez face à un tableau périodique, que ce soit sur le mur d'une classe de fac ou sur un <L1>mug</L1> à cinq dollars, n'oubliez pas que Dimitri Mendeleïev, l'architecte du tableau périodique, vous observe.	Dmitri died without a Nobel Prize in 1907, but he wound up receiving a much more exclusive honor. In 1955, scientists at UC Berkeley successfully created 17 atoms of a previously undiscovered element.				
Alors, la prochaine fois que vous vous trouvez face à un tableau périodique, que ce soit sur le mur d'une classe de fac ou sur un <N1></N1> à cinq dollars, n'oubliez pas que Dimitri Mendeleïev, l'architecte du tableau périodique, vous observe.	Dmitri died without a Nobel Prize in 1907, but he wound up receiving a much more exclusive honor. In 1955, scientists at UC Berkeley successfully created 17 atoms of a previously undiscovered element.				
FALSE					
					
Beaucoup de gens savent que le <L1>quinoa</L1> est un super-aliment, une quasi-céréale, mais beaucoup ignorent que le Colorado est l'endroit parfait pour le cultiver.	Serviceberry is a perennial shrub that's native to Colorado.				
Beaucoup de gens savent que le <N1></N1> est un super-aliment, une quasi-céréale, mais beaucoup ignorent que le Colorado est l'endroit parfait pour le cultiver.	Serviceberry is a perennial shrub that's native to Colorado.				
FALSE					
					
Un harmonica. On dit un ou une <L1>harmonica</L1> ? Un, je crois.	Everyone loves him, but he doesn't love a soul.	harpe ruine-babines harmonica			
Un harmonica. On dit un ou une <N1></N1> ? Un, je crois.	Everyone loves him, but he doesn't love a soul.				
FALSE					
					
Et la ligne en <L1>accordéon</L1> est un chemin le long d'une crique qui est maintenant à l'air libre.	This is another re-greening example.				
Et la ligne en <N1></N1> est un chemin le long d'une crique qui est maintenant à l'air libre.	This is another re-greening example.				
FALSE					
					
Ceci reste vrai pour -- on était ici au début du siècle -- toute la musique populaire du XXe siècle, que ce soit du rock, de la musique <L1>latino</L1> ou d'autres.	These are played mainly in small rooms.				
Ceci reste vrai pour -- on était ici au début du siècle -- toute la musique populaire du XXe siècle, que ce soit du rock, de la musique <N1></N1> ou d'autres.	These are played mainly in small rooms.				
FALSE					
					
Donc nous commençons par un <L1>dropper</L1> Windows.	The gray boxes don't run Windows software; they are a completely different technology.				
Donc nous commençons par un <N1></N1> Windows.	The gray boxes don't run Windows software; they are a completely different technology.				
FALSE					
					
Et puis vous avez les villes des pays émergents, avec un mélange <L1>éclectique</L1> de véhicules, différentes modalités d'utilisation du terrain, là encore peu unifiées mais souvent avec un noyau urbain très dense.	But then, on the other hand, you have the American cities.				
Et puis vous avez les villes des pays émergents, avec un mélange <N1></N1> de véhicules, différentes modalités d'utilisation du terrain, là encore peu unifiées mais souvent avec un noyau urbain très dense.	But then, on the other hand, you have the American cities.				
FALSE					
					
Elle se donnait généralement de très bons conseils, (si elle a suivi très rarement celle-ci), et parfois elle grondé si gravement que d'apporter des larmes dans ses yeux; et une fois qu'elle se souvenait essayer de boîte de son propres oreilles pour s'être trompés dans un jeu de <L1>croquet</L1> qu'elle jouait contre elle-même, pour cet enfant curieux, a été très friands de faire semblant d'être deux personnes.	And she tried to fancy what the flame of a candle is like after the candle is blown out, for she could not remember ever having seen such a thing.				
Elle se donnait généralement de très bons conseils, (si elle a suivi très rarement celle-ci), et parfois elle grondé si gravement que d'apporter des larmes dans ses yeux; et une fois qu'elle se souvenait essayer de boîte de son propres oreilles pour s'être trompés dans un jeu de <N1></N1> qu'elle jouait contre elle-même, pour cet enfant curieux, a été très friands de faire semblant d'être deux personnes.	And she tried to fancy what the flame of a candle is like after the candle is blown out, for she could not remember ever having seen such a thing.				
FALSE					
					
Certains des oiseaux courut à la fois: une vieille pie a commencé à se lever très enveloppant attentivement, en remarquant: Je dois vraiment être rentrer à la maison, la nuit, l'air ne répond pas à ma gorge! et un <L1>canari</L1> cria d'une voix tremblante à ses enfants, Venez, mes chers enfants!	And oh, I wish you could see her after the birds!	fink canari			
Certains des oiseaux courut à la fois: une vieille pie a commencé à se lever très enveloppant attentivement, en remarquant: Je dois vraiment être rentrer à la maison, la nuit, l'air ne répond pas à ma gorge! et un <N1></N1> cria d'une voix tremblante à ses enfants, Venez, mes chers enfants!	And oh, I wish you could see her after the birds!				
FALSE					
					
Elle s'étira sur la pointe des pieds, et regarda sur le bord du champignon, et son regard rencontra immédiatement celui d'une grosse chenille, qui était assis sur le sommet avec ses bras croisés, fumait tranquillement une <L1>narguilé</L1> longtemps, et sans prêter la moindre attention à Alice ou de toute autre chose. &gt;	I suppose I ought to eat or drink something or other; but the great question is, what?' The great question certainly was, what?	Narguilé narguilé Ghelyan houka arguileh narjila chilam narghilé Chilam chicha ghelyan			
Elle s'étira sur la pointe des pieds, et regarda sur le bord du champignon, et son regard rencontra immédiatement celui d'une grosse chenille, qui était assis sur le sommet avec ses bras croisés, fumait tranquillement une <N1></N1> longtemps, et sans prêter la moindre attention à Alice ou de toute autre chose. &gt;	I suppose I ought to eat or drink something or other; but the great question is, what?' The great question certainly was, what?				
FALSE					
					
Elle bouge, elle <L1>groove</L1>	Ah babe, move it baby.				
Elle bouge, elle <N1></N1>	Ah babe, move it baby.				
FALSE					
					
Et dans ce cas, j'ai utilisé du plastique <L1>ABS</L1> pour produire les colonnes, nous avons utilisé une machine plus grande, plus rapide, et elles ont un noyau d'acier à l'intérieur, elles sont donc structurelles, elles peuvent supporter des charges pour une fois.	But it is increasingly possible.				
Et dans ce cas, j'ai utilisé du plastique <N1></N1> pour produire les colonnes, nous avons utilisé une machine plus grande, plus rapide, et elles ont un noyau d'acier à l'intérieur, elles sont donc structurelles, elles peuvent supporter des charges pour une fois.	But it is increasingly possible.				
FALSE					
					
Tout ce que je peux faire est de vendre des poissons, des poulets et des fleurs de <L1>papaye</L1> et aussi de bois de feu pour gagner un peu d'argent pour acheter du riz et pour payer l'ecole de notre enfant	My dear, I feel lonely every day and night.	papaye carica papaya			
Tout ce que je peux faire est de vendre des poissons, des poulets et des fleurs de <N1></N1> et aussi de bois de feu pour gagner un peu d'argent pour acheter du riz et pour payer l'ecole de notre enfant	My dear, I feel lonely every day and night.				
FALSE					
					
Une autre distraction pourrait être illustrée par le mot <L1>locavore</L1> qui vient d'être prononcé Mot de l'Année par le New Oxford American Dictionary.	That's just the United States.				
Une autre distraction pourrait être illustrée par le mot <N1></N1> qui vient d'être prononcé Mot de l'Année par le New Oxford American Dictionary.	That's just the United States.				
FALSE					
					
J'aime pas son <L1>baggy</L1> mais je pourrais aimer ce qu'il y a en-dessous	I just met this 5 foot 7 guys				
J'aime pas son <N1></N1> mais je pourrais aimer ce qu'il y a en-dessous	I just met this 5 foot 7 guys				
FALSE					
					
Si il y a une tradition Québécoise à conserver ce n'est pas la <L1>poutine</L1> ou la xénophobie. :)	Not only against the Liberal Government.	Vladimir Vladimirovitch Poutine Poutine Vladimir Poutine			
Si il y a une tradition Québécoise à conserver ce n'est pas la <N1></N1> ou la xénophobie. :)	Not only against the Liberal Government.				
FALSE					
					
Nous pourrions dire qu'une <L1>synapse</L1> dans le cerveau, le point de connexion entre deux neurons, est comme un lien hypertexte, le point de connexion entre deux pages Web.	Well, a human at any age has about 100 billion neurons in the brain, but the Internet has 10 times that-- 1 trillion web pages.				
Nous pourrions dire qu'une <N1></N1> dans le cerveau, le point de connexion entre deux neurons, est comme un lien hypertexte, le point de connexion entre deux pages Web.	Well, a human at any age has about 100 billion neurons in the brain, but the Internet has 10 times that-- 1 trillion web pages.				
FALSE					
					
Le mot <L1>fantasy</L1> en anglais, vient de la racine grecque Phantasia qui signifie litteralement	What air resistance is it trying to evade as the boat put so long?	fantasy fantasme fantaisie illusion			
Le mot <N1></N1> en anglais, vient de la racine grecque Phantasia qui signifie litteralement	What air resistance is it trying to evade as the boat put so long?				
FALSE					
					
Quant à un dépôt inaccessibles <L1>guano</L1> a été une autre histoire.	He was really taking too much to heart an empty formality which to Chester's rigorous criticism seemed unworthy the notice of a man who could see things as they were.	crottin engrais guano fumier			
Quant à un dépôt inaccessibles <N1></N1> a été une autre histoire.	He was really taking too much to heart an empty formality which to Chester's rigorous criticism seemed unworthy the notice of a man who could see things as they were.				
FALSE					
					
Which sounds kinda <L1>weird</L1> for a dessert, but without that salt, you're gonna get a very flat taste.	Nous allons également ajouter de la cannelle, une pincée de cinq-épices chinois, vous savez, pour rester mystérieux, et du gingembre en poudre !				
Which sounds kinda <N1></N1> for a dessert, but without that salt, you're gonna get a very flat taste.	Nous allons également ajouter de la cannelle, une pincée de cinq-épices chinois, vous savez, pour rester mystérieux, et du gingembre en poudre !				
FALSE					
					
Which of course is gonna let us <L1>cover</L1> any flaws.	Oui, un petit peu !				
Which of course is gonna let us <N1></N1> any flaws.	Oui, un petit peu !				
FALSE					
					
Aidez-moi Je sais <L1>crumble</L1> miettes des miettes -être pas une boule dure	Our role in this coupons and touch and hug and you'll be fine				
Aidez-moi Je sais <N1></N1> miettes des miettes -être pas une boule dure	Our role in this coupons and touch and hug and you'll be fine				
FALSE					
					
Prenez <L1>iode</L1> iode début de votre nom s Ioshiac l'avocat d'espions où vient le nom soudainement rattrapé avec lui une lettre pour	SOS Come Home save, you take a shower today.	iode Moi je			
Prenez <N1></N1> iode début de votre nom s Ioshiac l'avocat d'espions où vient le nom soudainement rattrapé avec lui une lettre pour	SOS Come Home save, you take a shower today.				
FALSE					
					
Ceci provient d'une <L1>autopsie</L1> virtuelle.	And one of the applications that we've been working on -- and this has gotten a little bit of traction worldwide -- is the application of virtual autopsies.	repêcher autopsie déterrer autopsier | François Coli autopsie nécropsie			
Ceci provient d'une <N1></N1> virtuelle.	And one of the applications that we've been working on -- and this has gotten a little bit of traction worldwide -- is the application of virtual autopsies.				
FALSE					
					
tu me fais un <L1>lift</L1> jusqu'à chez moi ça veut dire tu me déposes [en voiture] ou, comme je disais au début,	le chat est trop cute  (the cat is so cute !)				
tu me fais un <N1></N1> jusqu'à chez moi ça veut dire tu me déposes [en voiture] ou, comme je disais au début,	le chat est trop cute  (the cat is so cute !)				
FALSE					
					
Elle devient folle devant un <L1>chili</L1> et des spaghettis.	The only crime she's committed was granting her sick grandfather's last wish.	république du chili chili piment | République du Chili Chili Concepción			
Elle devient folle devant un <N1></N1> et des spaghettis.	The only crime she's committed was granting her sick grandfather's last wish.				
FALSE					
					
<L1>ST</L1> : MemoryOnSmells, UKsubtitles.ru. Trad : flydu, www.addic7ed.com	Ladies and gentlemen, I'm James Randi, and I'm waiting.				
<N1></N1> : MemoryOnSmells, UKsubtitles.ru. Trad : flydu, www.addic7ed.com	Ladies and gentlemen, I'm James Randi, and I'm waiting.				
FALSE					
					
Mais j'ai fait le serment de garder mon <L1>hymen</L1> intact	Walk the halls of high school with my purity ring Unlike those other girls, I've got my morals in check	virginité maidenhead hymen			
Mais j'ai fait le serment de garder mon <N1></N1> intact	Walk the halls of high school with my purity ring Unlike those other girls, I've got my morals in check				
FALSE					
					
Et donc je suis ici aujourd'hui, un Afghan de sang, un <L1>plouc</L1> par la grâce divine, (Rires) un athée et un artiste radicalement politisé qui depuis neuf ans vit, travaile, crée en Afghanistan.	And this was my first time in Afghanistan.	plouc laboureur cul-terreux paquet péquenaud			
Et donc je suis ici aujourd'hui, un Afghan de sang, un <N1></N1> par la grâce divine, (Rires) un athée et un artiste radicalement politisé qui depuis neuf ans vit, travaile, crée en Afghanistan.	And this was my first time in Afghanistan.				
FALSE					
					
Prenez votre <L1>lime</L1> à ongle, et sur votre majeur, grattez votre ongle juste une fois avec la lime,	Where you think that will came?				
Prenez votre <N1></N1> à ongle, et sur votre majeur, grattez votre ongle juste une fois avec la lime,	Where you think that will came?				
FALSE					
					
Il élève ses petits dans une poche, comme un <L1>koala</L1> ou un kangourou le ferait, Il a une longue histoire, une histoire longue et fascinante, qui remonte à 25 millions d'années.	The thylacine looks a bit, to most people, like a dog, or maybe like a tiger, because it has stripes.	phascolarctos cinereus koala paresseux australien koala cendré			
Il élève ses petits dans une poche, comme un <N1></N1> ou un kangourou le ferait, Il a une longue histoire, une histoire longue et fascinante, qui remonte à 25 millions d'années.	The thylacine looks a bit, to most people, like a dog, or maybe like a tiger, because it has stripes.				
FALSE					
					
Elle était si défoncée par ses pilules donc j'ai baisé ta <L1>lady</L1>	From the streets to the sheets with some freaks, I aint yawnin	dame Madame Lady madame Dame			
Elle était si défoncée par ses pilules donc j'ai baisé ta <N1></N1>	From the streets to the sheets with some freaks, I aint yawnin				
FALSE					
					
Roger nage plus rapidement et la rattrape et la pieuvre essaye de <L1>bluffer</L1> en agrandissant son œil.	That's his eye.	bluff			
Roger nage plus rapidement et la rattrape et la pieuvre essaye de <N1></N1> en agrandissant son œil.	That's his eye.				
FALSE					
					
And i didnt score a <L1>goal</L1> !	Да... он сдал на 4	gardien de but goal			
And i didnt score a <N1></N1> !	Да... он сдал на 4				
FALSE					
					
Cela signifie que votre base deviendra <L1>chutney</L1> avec une charge relais.	Jintha means base	chutney chatni			
Cela signifie que votre base deviendra <N1></N1> avec une charge relais.	Jintha means base				
FALSE					
					
Mastication de la feuille de <L1>bétel</L1> il va demander où est-il?	What would've happened had it hit little up?				
Mastication de la feuille de <N1></N1> il va demander où est-il?	What would've happened had it hit little up?				
FALSE					
					
Les privations volontaires font partie de notre condition nouvellement <L1>liminal</L1> où nous rencontrons le dangereux inconnu afin de ramener un cadeau, une chanson, une cérémonie.	Wonderful.				
Les privations volontaires font partie de notre condition nouvellement <N1></N1> où nous rencontrons le dangereux inconnu afin de ramener un cadeau, une chanson, une cérémonie.	Wonderful.				
FALSE					
					
liens vers le mot en grec <L1>catharsis</L1> ou purge.	We secretly believe in what Bakhtin called the bodily canon, the belief that human beings somehow exist outside the hierarchy of the cosmos.	catharsis défoulement			
liens vers le mot en grec <N1></N1> ou purge.	We secretly believe in what Bakhtin called the bodily canon, the belief that human beings somehow exist outside the hierarchy of the cosmos.				
FALSE					
					
Elles relatent les raisons alternatives pourquoi la voiture ne pourrait démarrer, comme pas d'huile, pas d'essence, la carburateur pourrait être bloquer, ou le <L1>starter</L1> pourrait être cassé.	And there's many other ways to look at reasons why the car might not start.				
Elles relatent les raisons alternatives pourquoi la voiture ne pourrait démarrer, comme pas d'huile, pas d'essence, la carburateur pourrait être bloquer, ou le <N1></N1> pourrait être cassé.	And there's many other ways to look at reasons why the car might not start.				
FALSE					
					
S'il vous plaît, traitez mon <L1>anorexie</L1> dit le fantôme.	You are not an object but you are that intelligence, that Spirit Being in whose presence all somethingness arise as appearances have their momentary expression and then go again back into silence.				
S'il vous plaît, traitez mon <N1></N1> dit le fantôme.	You are not an object but you are that intelligence, that Spirit Being in whose presence all somethingness arise as appearances have their momentary expression and then go again back into silence.				
FALSE					
					
Bon, l'île Maurice est une petite île à l'est de Madagascar dans l'Océan indien, et c'est l'endroit où l'on a découvert le <L1>dodo</L1> et exterminé, tout cela en approximativement 150 ans.	So we have a sense of which direction time flows in by looking at these kinds of movies.	adieu dodo arrivederci farewell au revoir sayonara bonjour salut à bientôt | raphus cucullatus dodo dronte | fossile dodo dronte barbon			
Bon, l'île Maurice est une petite île à l'est de Madagascar dans l'Océan indien, et c'est l'endroit où l'on a découvert le <N1></N1> et exterminé, tout cela en approximativement 150 ans.	So we have a sense of which direction time flows in by looking at these kinds of movies.				
FALSE					
					
Nous allons faire une <L1>rainure</L1> étroite en bas de la mâchoire	The master jaws at mid-stroke	rainure bande | cannelure rainure flûte sillon | cannelure rainure sillon			
Nous allons faire une <N1></N1> étroite en bas de la mâchoire	The master jaws at mid-stroke				
FALSE					
					
Nous devons <L1>clamp</L1> OD serrage des mâchoires - à juste un peu plus petit que le diamètre extérieur de morceau de travail	After finding and retrieving the jaws, he needs to re-cut them before he can run his parts again				
Nous devons <N1></N1> OD serrage des mâchoires - à juste un peu plus petit que le diamètre extérieur de morceau de travail	After finding and retrieving the jaws, he needs to re-cut them before he can run his parts again				
FALSE					
					