					
					
Frau Präsidentin, zunächst besten Dank dafür, daß Sie Wort gehalten haben und nun in der ersten Sitzungsperiode des neuen Jahres das Angebot an Fernsehprogrammen in unseren Büros tatsächlich <L1>enorm</L1> erweitert ist.	Madam President, I would firstly like to compliment you on the fact that you have kept your word and that, during this first part-session of the new year, the number of television channels in our offices has indeed increased considerably.	deutlich weit sehr enorm wesentlich erheblich immens ausgeprägt tierisch ziemlich arg viel ausnehmend ordentlich was eine gehörige Portion jede Menge ein gerüttelt Maß haushoch beträchtlich allerhand | üppig bombastisch unglaublich fulminant imposant außerordentlich weit enorm bedeutend erheblich groß extrem pompös immens gewaltig exorbitant mächtig krass riesig weithin weitläufig makro | formidabel aberwitzig enorm immens gewaltig mächtig riesig astronomisch unermesslich Mammut... riesenhaft Herkules... ungeheuer groß kolossal überdimensional monumental monströs Spitzen... gigantisch überdimensioniert immensurabel riesengroß von ungeheurer Größe titanisch ungeheuer | besonders außerordentlich außergewöhnlich stark ausgesprochen zutiefst höchlichst ungemein massiv sehr himmelweit in höchstem Maße äußerst enorm überaus sonderlich allerbest hochgradig				
Frau Präsidentin, zunächst besten Dank dafür, daß Sie Wort gehalten haben und nun in der ersten Sitzungsperiode des neuen Jahres das Angebot an Fernsehprogrammen in unseren Büros tatsächlich <N1>stark</N1> erweitert ist.	Madam President, I would firstly like to compliment you on the fact that you have kept your word and that, during this first part-session of the new year, the number of television channels in our offices has indeed increased considerably.					
TRUE						
						
Gefordert werden deshalb auch die Erfassung dieser Aktivitäten in Form von Jahresberichten oder Betriebsanalysen und eventuell die Einbeziehung in die Zertifizierung nach <L1>ISO</L1> 9002.	It is therefore also being requested that ISO 9002 certificates possibly include the finer details of these activities in the form of annual reports and company analyses.	Internationale Organisation für Standardisierung ISO	Not loanword			
Gefordert werden deshalb auch die Erfassung dieser Aktivitäten in Form von Jahresberichten oder Betriebsanalysen und eventuell die Einbeziehung in die Zertifizierung nach <N1>ISO</N1> 9002.	It is therefore also being requested that ISO 9002 certificates possibly include the finer details of these activities in the form of annual reports and company analyses.					
TRUE						
						
Der Erfolg dieser Leitlinien wird daran zu messen sein, ob es der EU-Regionalpolitik, gestützt auf gute, <L1>solide</L1> und umsetzbare Leitlinien, gelingt, neue Möglichkeiten zu erschließen und dafür zu sogen, daß unsere armen und strukturschwachen Regionen einen umfassenden Beitrag zu Wachstum und Wohlstand in der EU leisten können.	This is how we are going to judge the success of these guidelines: whether EU regional policy with a good, solid, enabling guideline, can open up new opportunities and allow our poor and structurally weak regions to play their full part in contributing to the growth and prosperity of the EU.	zuverlässig solide vertrauenerweckend ordentlich verlässlich integer reliabel man kann darauf zählen währschaft | überlegt solide nicht nur so dahergesagt wohlüberlegt | ausgereift solide fundiert substantiiert gerechtfertigt untermauert begründet | stabil langlebig dauerhaft solide währschaft reell Da weiß man, was man hat. wertbeständig | stark stattlich stabil fest zäh tragfähig solide haltbar belastbar ehern robust taff resilient kräftig				
Der Erfolg dieser Leitlinien wird daran zu messen sein, ob es der EU-Regionalpolitik, gestützt auf gute, <N1>sichere</N1> und umsetzbare Leitlinien, gelingt, neue Möglichkeiten zu erschließen und dafür zu sogen, daß unsere armen und strukturschwachen Regionen einen umfassenden Beitrag zu Wachstum und Wohlstand in der EU leisten können.	This is how we are going to judge the success of these guidelines: whether EU regional policy with a good, solid, enabling guideline, can open up new opportunities and allow our poor and structurally weak regions to play their full part in contributing to the growth and prosperity of the EU.					
TRUE						
						
Frau Berichterstatterin, Sie haben unterstrichen, daß es hier darum geht, zu einer Reihe von oft sehr <L1>präzise</L1> festgelegten europäischen Zielen Vorgaben zu machen.	On the subject of the role of the guidelines, Mrs Schroedter, you pointed out that this is the context in which guidelines on a number of European objectives, often very precise ones, should be provided.	spezifisch gezielt präzise präzis | genau gewissenhaft akkurat korrekt prägnant fehlerfrei exakt richtig präzise präzis haargenau				
Frau Berichterstatterin, Sie haben unterstrichen, daß es hier darum geht, zu einer Reihe von oft sehr <N1>genau</N1> festgelegten europäischen Zielen Vorgaben zu machen.	On the subject of the role of the guidelines, Mrs Schroedter, you pointed out that this is the context in which guidelines on a number of European objectives, often very precise ones, should be provided.					
TRUE						
						
Sehr wichtig ist die Einführung der modernsten Technik und des neuesten <L1>Know-how</L1> bei Unternehmen in Regionen mit Entwicklungsrückstand.	It is absolutely essential that companies in areas developing more slowly adopt the latest technology and know-how.	Sicherheit Routine Übung Wissen Know-how Kenntnis Erfahrung Praxis Geübtheit Kenntnisse Erfahrungen | Fähigkeit Rüstzeug Kompetenz Horizont Ahnung Wissen Expertise Sachkunde Sachkenntnis Know-how Techne Kenntnis Können Kenne Kenntnisstand Wissensstand Sachverstand				
Sehr wichtig ist die Einführung der modernsten Technik und des neuesten <N1>Fachwissens</N1> bei Unternehmen in Regionen mit Entwicklungsrückstand.	It is absolutely essential that companies in areas developing more slowly adopt the latest technology and know-how.					
TRUE						
						
In den Ziel 1-Regionen sind zeitlich befristete Maßnahmen <L1>parallel</L1> dazu unbedingt erforderlich, nämlich Arbeitsbeschaffungsmaßnahmen, spezielle Programme für die Förderung von Frauenerwerbstätigkeit und Initiativen zur Förderung des Beginns von selbständiger Tätigkeit.	It is absolutely crucial that parallel temporary measures be introduced in the Objective 1 Regions, that is to say job creation measures, special programmes for supporting employment opportunities for women and initiatives to help people set up their own business.	parallel korrespondierend in Analogie zu übereinstimmend entsprechend ähnlich gleichartig gleichermaßen kommensurabel einheitlich analog vergleichbar kongruent komparabel | parallel nebeneinander Seite an Seite | parallel gleichzeitig begleitend konkomitierend | zugleich parallel in zeitlicher Übereinstimmung gleichlaufend zu zur selben Zeit in Koinzidenz koinzident zusammenfallend im selben Augenblick zeitgleich synchron in demselben Augenblick im gleichen Augenblick zeitlich übereinstimmend simultan in Echtzeit gleichzeitig zur gleichen Zeit				
In den Ziel 1-Regionen sind zeitlich befristete Maßnahmen <N1>gleichzeitig</N1> dazu unbedingt erforderlich, nämlich Arbeitsbeschaffungsmaßnahmen, spezielle Programme für die Förderung von Frauenerwerbstätigkeit und Initiativen zur Förderung des Beginns von selbständiger Tätigkeit.	It is absolutely crucial that parallel temporary measures be introduced in the Objective 1 Regions, that is to say job creation measures, special programmes for supporting employment opportunities for women and initiatives to help people set up their own business.					
TRUE						
						
Daraus ergibt sich auch die Möglichkeit einer positiven Entwicklung der Regionen, denn die Menschen <L1>engagieren</L1> sich und arbeiten, wenn die Bedingungen dafür geschaffen sind.	In this way, positive development of the regions is also possible, because people will start business and will work if they are given the chance.	anstellen anheuern anwerben beschäftigen einstellen verpflichten einem Bewerber eine Chance geben berufen rekrutieren engagieren dingen in Lohn und Brot nehmen unter Vertrag nehmen				
Daraus ergibt sich auch die Möglichkeit einer positiven Entwicklung der Regionen, denn die Menschen <N1>bemühen</N1> sich und arbeiten, wenn die Bedingungen dafür geschaffen sind.	In this way, positive development of the regions is also possible, because people will start business and will work if they are given the chance.					
TRUE						
						
Wir führen heute eine wichtige Debatte über die Wettbewerbspolitik der Europäischen Union. Wir <L1>debattieren</L1> über ein sehr umstrittenes Modernisierungsvorhaben im europäischen Kartellrecht, nämlich den Bericht von Wogau, und das ist sehr viel umstrittener, als es vielleicht die Abstimmung im Wirtschaftsausschuß deutlich gemacht hat.	We are debating a highly controversial modernisation proposal for European monopolies law, that is Mr von Wogau' s report, and it is far more controversial than the vote in the Committee on Economic and Monetary Affairs may have given us reason to believe.	erörtern bereden konferieren diskutieren ausdiskutieren auf etwas eingehen wörteln besprechen durchsprechen debattieren disputieren				
Wir führen heute eine wichtige Debatte über die Wettbewerbspolitik der Europäischen Union. Wir <N1>sprechen uns</N1> über ein sehr umstrittenes Modernisierungsvorhaben im europäischen Kartellrecht aus, nämlich den Bericht von Wogau, und das ist sehr viel umstrittener, als es vielleicht die Abstimmung im Wirtschaftsausschuß deutlich gemacht hat.	We are debating a highly controversial modernisation proposal for European monopolies law, that is Mr von Wogau' s report, and it is far more controversial than the vote in the Committee on Economic and Monetary Affairs may have given us reason to believe.					
TRUE						
						
Die Aufträge in der Eisen- und Stahlindustrie sowie im Schiffbau - über dieses Thema haben wir kürzlich auch gesprochen - sind <L1>drastisch</L1> zurückgegangen und haben zu einem entsprechenden Verlust von Arbeitsplätzen geführt.	Orders in the steel industry and the ship-building industry - we also spoke about this a while ago - have decreased drastically, resulting in a loss of jobs.	besorgniserregend dramatisch gravierend schwerwiegend empfindlich schwer drastisch | überzeugend effizient leistungsfähig drastisch einschneidend verlustfrei durchschlagend mit hohem Wirkungsgrad tiefgreifend effektiv rationell schlagkräftig wirkungsvoll wirksam verlustarm | dringend essentiell essenziell drastisch bedeutend wesentlich wichtig grundlegend prinzipiell primär heftig fundamental substanziell eminent von essentieller Bedeutung von essenzieller Bedeutung elementar von elementarer Bedeutung basal von grundlegender Bedeutung vehement resolut ins Gewicht fallend | hart drastisch einschneidend schockierend krass ultrakrass gravierend dramatisch durchgreifend streng heftig drakonisch				
Die Aufträge in der Eisen- und Stahlindustrie sowie im Schiffbau - über dieses Thema haben wir kürzlich auch gesprochen - sind <N1>in hohem Maß</N1> zurückgegangen und haben zu einem entsprechenden Verlust von Arbeitsplätzen geführt.	Orders in the steel industry and the ship-building industry - we also spoke about this a while ago - have decreased drastically, resulting in a loss of jobs.					
TRUE						
						
Der heutigen Aussprache, für die ich dem Haus sehr dankbar bin, entnehme ich, daß das Europäische Parlament die Wettbewerbspolitik inhaltlich und <L1>politisch</L1> offenbar durchgängig unterstützt, die von der Kommission geleistete Arbeit grundsätzlich würdigt und darauf vertraut, daß sie diese Arbeit in Zukunft weiter wird leisten können; für all dies bin ich besonders dankbar.	So, Mr President, I will walk away from this debate, for which I am very grateful to Parliament, in the knowledge that we have the European Parliament' s intellectual and political support, which appears to come from all sides of the House, for competition policy, its basic appreciation for the work the Commission is carrying out and its confidence in our ability to continue to deliver in the future.		Not loanword			
Der heutigen Aussprache, für die ich dem Haus sehr dankbar bin, entnehme ich, daß das Europäische Parlament die Wettbewerbspolitik inhaltlich und <N1>politisch</N1> offenbar durchgängig unterstützt, die von der Kommission geleistete Arbeit grundsätzlich würdigt und darauf vertraut, daß sie diese Arbeit in Zukunft weiter wird leisten können; für all dies bin ich besonders dankbar.	So, Mr President, I will walk away from this debate, for which I am very grateful to Parliament, in the knowledge that we have the European Parliament' s intellectual and political support, which appears to come from all sides of the House, for competition policy, its basic appreciation for the work the Commission is carrying out and its confidence in our ability to continue to deliver in the future.					
TRUE						
						
Herr Präsident! Wir sind im wesentlichen für den vorliegenden Entschließungsantrag, auch wenn es sich unseres Erachtens dabei lediglich um eine Aufforderung des Parlaments an den Rat <L1>handeln</L1> kann, durch eine Vertragsänderung einen wirksamen strafrechtlichen Schutz der finanziellen Interessen der Union zu gewährleisten.	Mr President, we are basically in favour of the resolution that has been tabled, even if we think that this can only be interpreted as an invitation by Parliament to the Council to amend the Treaties, so that effective protection under criminal law of the Union' s financial interests can be guaranteed.	handeln Handel treiben Geschäfte machen negoziieren | handeln feilschen wie ein Teppichhändler feilschen feilschen wie im türkischen Basar schachern | reagieren handeln agieren benehmen | Auftreten Handlungsweise Benehmen Tun und Lassen Tun Handeln Habitus Verhaltensweise Gebaren Verhalten Betragen | handeln tauschen kaupeln | Strategie Handeln Politik | leiten handhaben umgehen hantieren handeln | bewerkstelligen handhaben handeln managen zurechtkommen | wirken handeln tun agieren machen walten	Not loanword			
Herr Präsident! Wir sind im wesentlichen für den vorliegenden Entschließungsantrag, auch wenn es sich unseres Erachtens dabei lediglich um eine Aufforderung des Parlaments an den Rat <N1>handeln</N1> kann, durch eine Vertragsänderung einen wirksamen strafrechtlichen Schutz der finanziellen Interessen der Union zu gewährleisten.	Mr President, we are basically in favour of the resolution that has been tabled, even if we think that this can only be interpreted as an invitation by Parliament to the Council to amend the Treaties, so that effective protection under criminal law of the Union' s financial interests can be guaranteed.					
TRUE						
						
Halten Sie es nach Seattle schließlich für seriös, eine größere Rolle der <L1>WTO</L1> zu befürworten?	Finally, after Seattle, do you really think you can advocate increasing the role of the WTO?	World Trade Organization Welthandelsorganisation WTO				
Halten Sie es nach Seattle schließlich für seriös, eine größere Rolle der <N1>Welthandelsorganisation</N1> zu befürworten?	Finally, after Seattle, do you really think you can advocate increasing the role of the WTO?					
TRUE						
						
Es gilt, ein Team europäischer Inspektoren einzusetzen, die den Zustand der Schiffe effektiv und effizient <L1>kontrollieren</L1> können.	A European inspection body must be established which can monitor the condition of vessels effectively and efficiently.	beaufsichtigen überwachen aufpassen im Visier haben nachhalten beobachten checken kontrollieren im Visier behalten im Blick haben im Sichtfeld haben | führen leiten kontrollieren sagen, wo es langgeht was zu sagen haben Kontrolle behalten Chef von't Janze sein die Richtschnur vorgeben Kontrolle haben führend sein das Heft in der Hand halten die erste Geige spielen lenken das Sagen haben dominieren den Ton angeben Takt vorgeben das Heft in der Hand haben vorangehen | führen leiten kontrollieren regieren dirigieren manövrieren lenken Weichen stellen steuern | in den Griff bekommen kontrollieren in Schach halten unter Kontrolle haben im Griff haben Kontrolle gewinnen über | untersuchen kontrollieren abchecken nachprüfen abklären prüfen | kontrollieren jemandem auf die Finger schauen jemandem über die Schulter schauen | überprüfen kontrollieren prüfen revidieren				
Es gilt, ein Team europäischer Inspektoren einzusetzen, die den Zustand der Schiffe effektiv und effizient <N1>überprüfen</N1> können.	A European inspection body must be established which can monitor the condition of vessels effectively and efficiently.					
TRUE						
						
Man muß denen danken, die angesichts der Schutzlosigkeit und fehlender Mittel <L1>couragiert</L1> gegen die schwerwiegenden Auswirkungen dieser Katastrophe für die Küstenregionen, für das Ökosystem des Meeres und die Fischereiressourcen Europas gekämpft haben.	We must thank those who, while defenceless and lacking in resources, have battled courageously against the grave effects that this disaster has had on coastal regions, the marine ecosystem and European fishing stocks.	kühn wacker weder Tod noch Teufel fürchten Eier in der Hose haben couragiert wagemutig tapfer mutig				
Man muß denen danken, die angesichts der Schutzlosigkeit und fehlender Mittel <N1>beherzt</N1> gegen die schwerwiegenden Auswirkungen dieser Katastrophe für die Küstenregionen, für das Ökosystem des Meeres und die Fischereiressourcen Europas gekämpft haben.	We must thank those who, while defenceless and lacking in resources, have battled courageously against the grave effects that this disaster has had on coastal regions, the marine ecosystem and European fishing stocks.					
TRUE						
						
Erstens: Anfang 1999 hat die <L1>NATO</L1> unter Beteiligung der meisten Mitgliedstaaten der Europäischen Union das Kosovo im Namen der Freiheit mit Bomben plattgemacht.	Firstly, at the beginning of 1999, NATO, with the participation of most Member States of the European Union, flattened Kosovo with bombs in the name of freedom.	North Atlantic Treaty Organization Atlantisches Bündnis NATO	Not loanword			
Erstens: Anfang 1999 hat die <N1>NATO</N1> unter Beteiligung der meisten Mitgliedstaaten der Europäischen Union das Kosovo im Namen der Freiheit mit Bomben plattgemacht.	Firstly, at the beginning of 1999, NATO, with the participation of most Member States of the European Union, flattened Kosovo with bombs in the name of freedom.					
TRUE						
						
Wir müssen den CO2-Ausstoß herunterbringen, erneuerbare Energie einsetzen und <L1>generell</L1> in diesem Zusammenhang fragen, wie es den Wäldern Europas geht.	We must reduce CO2 emissions, employ renewable energies, and generally make enquiries, in this connection, as to how the forests of Europe are faring.	generell vollständig gesamt komplett in Gänze in Bausch und Bogen pauschal durchweg hundertprozentig durchwegs einstimmig durchgängig alle, wie sie da sind samt und sonders ausnahmslos restlos alle miteinander alle, wie sie da waren ohne Ausnahme vollzählig durch die Bank in jeder Richtung praktisch alle | alles in allem insgesamt im Grundsatz weitgehend zusammenfassend grundsätzlich summa summarum in Summe in der Regel im Großen und Ganzen generell wenn man alles berücksichtigt im Allgemeinen in der Summe auf einen Nenner gebracht in der Gesamtheit im großen Ganzen | umfassend generell global absolut allumfassend allgemein gültig universell allgemeingültig unbestimmt immersiv | generell allgemein soweit				
Wir müssen den CO2-Ausstoß herunterbringen, erneuerbare Energie einsetzen und <N1>allgemein</N1> in diesem Zusammenhang fragen, wie es den Wäldern Europas geht.	We must reduce CO2 emissions, employ renewable energies, and generally make enquiries, in this connection, as to how the forests of Europe are faring.					
TRUE						
						
In einer Branche mit einem Jahresumsatz von ca. 600 Mrd. EUR kann sich schon der kleinste Rückgang der Kauffreudigkeit <L1>massiv</L1> auswirken.	In an industry worth some EUR 600 billion annually, even a slight dip in confidence levels can have significant effects.	scharf hitzig hart aggressiv massiv verbissen erbittert heftig vehement | massiv gedrungen zusammengedrängt kompakt stabil | massiv großzügig in großem Umfang in großem Stil in großem Rahmen in großem Maßstab | massiv fest dicht eng | aus der Form geraten massiv monströs ungestalt unförmig monströs dick tonnenförmig | ernst zu nehmen tiefgreifend massiv weitreichend maßgeblich bedeutsam bedeutend entscheidend großgeschrieben werden zentral von Bedeutung von Relevanz nicht zu vernachlässigen wesentlich von Belang kommt darauf an erheblich ins Gewicht fallen von großer Bedeutung hat Gewicht wichtig hat Bedeutung gewichtig relevant von großer Wichtigkeit groß nicht zu unterschätzen von Gewicht steht hoch im Kurs ernst gravierend ernstlich folgenschwer schwer wiegend schwer wiegend schwerwiegend | Massengebirge Massiv Gipfelstock Gebirgsmassiv Gebirgsstock | besonders außerordentlich außergewöhnlich stark ausgesprochen zutiefst höchlichst ungemein massiv sehr himmelweit in höchstem Maße äußerst enorm überaus sonderlich allerbest hochgradig				
In einer Branche mit einem Jahresumsatz von ca. 600 Mrd. EUR kann sich schon der kleinste Rückgang der Kauffreudigkeit <N1>äußerst stark</N1> auswirken.	In an industry worth some EUR 600 billion annually, even a slight dip in confidence levels can have significant effects.					
TRUE						
						
Es gibt verschiedene Dinge, die das Vertrauen der Verbraucher <L1>unterminieren</L1> können, beispielsweise der Mangel an Informationen.	There are a number of things that undermine consumer confidence - lack of information is one.	zersetzen aushöhlen unterhöhlen unterminieren untergraben erodieren lassen				
Es gibt verschiedene Dinge, die das Vertrauen der Verbraucher <N1>aushöhlen</N1> können, beispielsweise der Mangel an Informationen.	There are a number of things that undermine consumer confidence - lack of information is one.					
TRUE						
						
Natürlich muß ein neues soziales Aktionsprogramm auch der Entwicklung, beispielsweise auf dem Gebiet der Informationstechnologie, Rechnung tragen, muß <L1>modern</L1> und zeitgemäß sein.	Clearly, any future social action programme should take account of developments, for example within information technology, and, in time, become a modern social action programme.	verfallen verwesen verkommen faulen gammeln verfaulen vergammeln herunterkommen verlottern verrotten vermodern modern | auf der Höhe der Zeit auf dem neuesten Stand neoterisch zeitgerecht neumodisch fortschrittlich neuartig neuzeitlich topaktuell neu modern aktuell heutig up to date von heute zeitgemäß à jour				
Natürlich muß ein neues soziales Aktionsprogramm auch der Entwicklung, beispielsweise auf dem Gebiet der Informationstechnologie, Rechnung tragen, muß <N1>fortschrittlich</N1> und zeitgemäß sein.	Clearly, any future social action programme should take account of developments, for example within information technology, and, in time, become a modern social action programme.					
TRUE						
						
Auch das Europäische Parlament verurteilt in einer Entschließung unter Hinweis auf bestimmte Greueltaten gegen Serben und Roma nachdrücklich die anhaltende Gewalt gegen die serbische Bevölkerung und fordert die Führer der Albaner im Kosovo auf, die <L1>UN-Resolution</L1> 1244 uneingeschränkt zu respektieren.	In its resolution referring to specific atrocities committed against Serbs and Romanies, Parliament also vigorously condemns the continuing violence against the Serb population and calls on the leaders of the Kosovo Albanians to fully respect UN Resolution 1244.					
Auch das Europäische Parlament verurteilt in einer Entschließung unter Hinweis auf bestimmte Greueltaten gegen Serben und Roma nachdrücklich die anhaltende Gewalt gegen die serbische Bevölkerung und fordert die Führer der Albaner im Kosovo auf, den <N1>UN-Beschluss</N1> 1244 uneingeschränkt zu respektieren.	In its resolution referring to specific atrocities committed against Serbs and Romanies, Parliament also vigorously condemns the continuing violence against the Serb population and calls on the leaders of the Kosovo Albanians to fully respect UN Resolution 1244.					
TRUE						
						
Ich glaube, dazu müssen wir auch überlegen, wie wir das in der Öffentlichkeit am besten <L1>präsentieren</L1> können.	I think that we need to consider how we can best present this to the general public.	präsentieren offen zeigen zur Schau stellen herzeigen | zeigen präsentieren darstellen vorzeigen abbilden vorführen demonstrieren vorstellen				
Ich glaube, dazu müssen wir auch überlegen, wie wir das in der Öffentlichkeit am besten <N1>darstellen</N1> können.	I think that we need to consider how we can best present this to the general public.					
TRUE						
						
Sie werden verstehen, daß diese Frage im Rahmen der Regierungskonferenz geprüft werden muß, und sie gehört zu den Themen, bei denen nur ein Sondergipfel des Europäischen Rates den portugiesischen Vorsitz <L1>autorisieren</L1> kann, es weiter zu verfolgen, weil es eine der Fragen ist, die außerhalb des institutionellen Rahmens liegen, in dem die nächste Regierungskonferenz durchgeführt wird.	This is an issue which, as you will understand, will have to be addressed at IGC level and is an issue that only a Special European Council can authorise the Portuguese Presidency to pursue, because this kind of issue falls outside the institutional framework in which the forthcoming Intergovernmental Conference will take place.	bevollmächtigen berechtigen ermächtigen mandatieren autorisieren legitimieren befugen | erlauben zulassen autorisieren gewähren gestatten sanktionieren lassen legalisieren lizenzieren ermöglichen möglich machen bewilligen Möglichkeit schaffen				
Sie werden verstehen, daß diese Frage im Rahmen der Regierungskonferenz geprüft werden muß, und sie gehört zu den Themen, bei denen nur ein Sondergipfel des Europäischen Rates den portugiesischen Vorsitz <N1>ermächtigen</N1> kann, es weiter zu verfolgen, weil es eine der Fragen ist, die außerhalb des institutionellen Rahmens liegen, in dem die nächste Regierungskonferenz durchgeführt wird.	This is an issue which, as you will understand, will have to be addressed at IGC level and is an issue that only a Special European Council can authorise the Portuguese Presidency to pursue, because this kind of issue falls outside the institutional framework in which the forthcoming Intergovernmental Conference will take place.					
TRUE						
						
Einige der Zentren des weltweiten Devisenhandels werden kaum einwilligen, daß die Steuereinnahmen beispielsweise über die <L1>UNO</L1> für gute Zwecke auf der ganzen Welt verwendet werden, ohne daß ihnen ein wesentlicher Teil der Steuererträge verbliebe.	The world' s currency dealing centres will hardly agree to the tax revenue being used, for example, for a variety of well-meaning, UN-backed purposes throughout the world without a considerable amount of the revenue remaining with them.	UN Vereinte Nationen Staatengemeinschaft UNO				
Einige der Zentren des weltweiten Devisenhandels werden kaum einwilligen, daß die Steuereinnahmen beispielsweise über die <N1>UNO</N1> für gute Zwecke auf der ganzen Welt verwendet werden, ohne daß ihnen ein wesentlicher Teil der Steuererträge verbliebe.	The world' s currency dealing centres will hardly agree to the tax revenue being used, for example, for a variety of well-meaning, UN-backed purposes throughout the world without a considerable amount of the revenue remaining with them.					
TRUE						
						
Es kann doch nicht so bleiben, daß Investitionen und die Schaffung von Arbeitsplätzen weniger <L1>lukrativ</L1> sind als kurzfristige Devisen- und Aktienumsätze.	We cannot maintain a situation in which investments and the creation of jobs are less lucrative than short-term sales of foreign currency and shares.	zugkräftig rentabel gewinnbringend lukrativ profitabel einbringlich einträglich ergiebig Gewinn bringend rentierlich ertragreich lohnend renditestark wirtschaftlich nutzbringend vorteilhaft erstrebsam				
Es kann doch nicht so bleiben, daß Investitionen und die Schaffung von Arbeitsplätzen weniger <N1>gewinnbringend</N1> sind als kurzfristige Devisen- und Aktienumsätze.	We cannot maintain a situation in which investments and the creation of jobs are less lucrative than short-term sales of foreign currency and shares.					
TRUE						
						
Die Geschichte hat uns gelehrt, daß die Faschisten nach der Wechselbad-Taktik vorgehen: Zuerst heiß - populistische und fremdenfeindliche Reden - dann kalt - sie werden vorzeigbar, sind in Institutionen vertreten, die sie nach und nach <L1>infiltrieren</L1> und untergraben, um dann eines Tages zuzuschlagen.	History has taught us that Fascists start to blow hot and cold: using heated words first, in populist, xenophobic speeches, and then cool words in order to make themselves acceptable to institutions and to infiltrate them gradually, poisoning them, until the day they start to take action.	durchsetzen sich einschmuggeln sich einschleichen einsickern unterwandern langsam eindringen infiltrieren				
Die Geschichte hat uns gelehrt, daß die Faschisten nach der Wechselbad-Taktik vorgehen: Zuerst heiß - populistische und fremdenfeindliche Reden - dann kalt - sie werden vorzeigbar, sind in Institutionen vertreten, in die sie nach und nach <N1>eindringen</N1> und sie untergraben, um dann eines Tages zuzuschlagen.	History has taught us that Fascists start to blow hot and cold: using heated words first, in populist, xenophobic speeches, and then cool words in order to make themselves acceptable to institutions and to infiltrate them gradually, poisoning them, until the day they start to take action.					
TRUE						
						
Was werden wohl die Bürgerinnen und Bürger sagen, wenn ihnen Rechte feierlich verkündet werden, sie diese aber nicht <L1>individuell</L1> einklagen können?	After all, what will the citizens say if we make a solemn announcement about rights to them but they are unable to take legal action in respect of these rights as individuals?	individuell entsprechend den Wünschen hergerichtet maßgeschneidert zugeschnitten individualisiert angepasst | beispiellos einzigartig unvergleichlich individuell nicht vergleichbar alleinig einzig einzig und allein wie kein zweiter wie nichts sonst unnachahmlich sondergleichen gibt's nur einmal unverwechselbar unikal einmalig ohnegleichen nie gekannt der seinesgleichen sucht sui generis steht allein kommt nicht wieder wie kein anderer singulär | unabhängig abgetrennt geteilt einzeln abgesondert getrennt individuell separat | eigenwillig individuell eigensinnig				
Was werden wohl die Bürgerinnen und Bürger sagen, wenn ihnen Rechte feierlich verkündet werden, sie diese aber nicht <N1>einzeln</N1> einklagen können?	After all, what will the citizens say if we make a solemn announcement about rights to them but they are unable to take legal action in respect of these rights as individuals?					
TRUE						
						
Der frühere Kommissionspräsident Jacques Delors hat den Gedanken der Europäischen Konföderation erneut öffentlich zur Sprache gebracht und dabei auch darauf verwiesen, daß die an der Spitze der Vereinigung stehenden <L0>Avantgarde-Länder</L0> schneller als andere vorankommen und sie der Klarheit halber eigene Institutionen <L1>etablieren</L1> sollten.	The Commission' s former president, Jacques Delors, has once again publicly raised the issue of a European Confederation. He has also said that the countries in the vanguard of integration should be able to proceed faster and that they should have their own institutions, for the sake of clarity.	durchsetzen gründen einrichten aufbauen ins Leben rufen konstituieren etablieren greifen	added 1 loanword			
Der frühere Kommissionspräsident Jacques Delors hat den Gedanken der Europäischen Konföderation erneut öffentlich zur Sprache gebracht und dabei auch darauf verwiesen, daß die an der Spitze der Vereinigung stehenden <N0>Vorreiter-Länder</N0> schneller als andere vorankommen und sie der Klarheit halber eigene Institutionen <N1>einrichten</N1> sollten.	The Commission' s former president, Jacques Delors, has once again publicly raised the issue of a European Confederation. He has also said that the countries in the vanguard of integration should be able to proceed faster and that they should have their own institutions, for the sake of clarity.					
TRUE						
						
Das Hauptproblem liegt darin, daß zum gegenwärtigen Zeitpunkt die Verteilung der Belastung zwischen den verschiedenen Gebern - das ist wahr - in den Erklärungen der <L1>high level steering group</L1> festgelegt ist, aber wahr ist auch, daß sie keine Rechtskraft haben, sondern daß es sich nur um eine politische Verpflichtung handelt.	The fundamental problem is that, at the moment, the distribution of the burden amongst the different donors has been established in the statements of the High Level Steering Group, but it is also true that they have no legal status. This is simply a political commitment.	berauscht überschwänglich enthusiasmiert himmelhoch jauchzend mit strahlenden Augen entflammt angetan rasend vor Begeisterung enthusiastisch voller Begeisterung tobend vor Begeisterung aus dem Häuschen dithyrambisch begeistert glühend vor Begeisterung entzückt wie auf Droge wie von Sinnen hellauf begeistert euphorisch Feuer und Flamme wie im Rausch fasziniert wild begeistert mit glänzenden Augen verzückt gebannt mitgerissen von den Socken hin und weg erregt hingerissen im Überschwang der Gefühle high	extended the tags ... from "high" to "high level steering group"			
Das Hauptproblem liegt darin, daß zum gegenwärtigen Zeitpunkt die Verteilung der Belastung zwischen den verschiedenen Gebern - das ist wahr - in den Erklärungen der <N1>höheren Lenkungsgruppe</N1> festgelegt ist, aber wahr ist auch, daß sie keine Rechtskraft haben, sondern daß es sich nur um eine politische Verpflichtung handelt.	The fundamental problem is that, at the moment, the distribution of the burden amongst the different donors has been established in the statements of the High Level Steering Group, but it is also true that they have no legal status. This is simply a political commitment.					
TRUE						
						
Wenn man erreichen will, daß 50 % oder mehr des Energiemix aus erneuerbaren Energiequellen stammen, darf man sich nicht mit einigen <L1>hot spots</L1> begnügen, die auf kurze Sicht wirtschaftlicher sind.	In order to ensure that at least 50% of the energy mix comes from renewable energy sources, it is not enough to deal with a few hot spots that will be more profitable in the short term.		extended tags again			
Wenn man erreichen will, daß 50 % oder mehr des Energiemix aus erneuerbaren Energiequellen stammen, darf man sich nicht mit einigen <N1>Brennpunkten</N1> begnügen, die auf kurze Sicht wirtschaftlicher sind.	In order to ensure that at least 50% of the energy mix comes from renewable energy sources, it is not enough to deal with a few hot spots that will be more profitable in the short term.					
TRUE						
						
Rückwirkende Rechtsakte sind schlechte Rechtsakte, sie sind <L1>unfair</L1> und häufig undurchführbar.	Retrospective law is bad law, it is unfair law and often it is unworkable law.	nicht in Ordnung nicht fair unfair nicht gerecht nicht okay ungerecht | regelwidrig nicht fair unsportlich unfair				
Rückwirkende Rechtsakte sind schlechte Rechtsakte, sie sind <N1>ungerecht</N1> und häufig undurchführbar.	Retrospective law is bad law, it is unfair law and often it is unworkable law.					
TRUE						
						
Welches sind denn die Werte dieser Sozialisten, die im vorigen Jahrhundert <L1>raffiniert</L1> auf Stimmenfang gingen, indem sie den Ärmsten mehr soziale Gerechtigkeit vorgaukelten, und die heute nur noch die Partei der begünstigten Beamten, der Gewerkschaftsfunktionäre und des Staatskapitalismus sind?	What, then, are the values of these Socialists who feathered their electoral nest in the last century by painting the idea of greater social justice in glowing colours for the benefit of the underprivileged, and who today are nothing more than the party of protected civil servants, full-time union officials and state capitalism?	originell geschickt einfallsreich erfinderisch findig pfiffig clever schlau gescheit raffiniert gewieft aufgeweckt gefitzt ausgeschlafen auf Draht ausgebufft auf Zack helle plietsch gewitzt jenisch alert | durchdacht komplex kompliziert kunstvoll ausgeklügelt raffiniert ausgefeilt vielfältig verflochten feingesponnen fein gesponnen kaum zu durchschauen hochkomplex mit großer Kunstfertigkeit geknüpft mit viel Raffinement | abgebrüht ausgekocht abgefeimt schlau raffiniert durchtrieben verschlagen ausgebufft gerissen es faustdick hinter den Ohren haben gewieft (auch) kein Waisenknabe abgezockt (dem) machst du nichts vor mit allen Wassern gewaschen				
Welches sind denn die Werte dieser Sozialisten, die im vorigen Jahrhundert <N1>durchtrieben</N1> auf Stimmenfang gingen, indem sie den Ärmsten mehr soziale Gerechtigkeit vorgaukelten, und die heute nur noch die Partei der begünstigten Beamten, der Gewerkschaftsfunktionäre und des Staatskapitalismus sind?	What, then, are the values of these Socialists who feathered their electoral nest in the last century by painting the idea of greater social justice in glowing colours for the benefit of the underprivileged, and who today are nothing more than the party of protected civil servants, full-time union officials and state capitalism?					
TRUE						
						
Die Regionen in äußerster Randlage, und vor allem die vier französischen überseeischen Departements, müssen in der Lage sein, eine Koordinierung von INTERREG III und dem EEF vorzunehmen, um in ihren entsprechenden geographischen Zonen Kooperationsprojekte mit ihren AKP-Nachbarn <L1>finanzieren</L1> zu können.	The most remote regions, particularly the four French overseas departments, must be able to coordinate INTERREG III and the EDF in order to fund, in turn, cooperation projects with their ACP neighbours in their respective geographical areas.	bestreiten bezahlen finanzieren				
Die Regionen in äußerster Randlage, und vor allem die vier französischen überseeischen Departements, müssen in der Lage sein, eine Koordinierung von INTERREG III und dem EEF vorzunehmen, um in ihren entsprechenden geographischen Zonen Kooperationsprojekte mit ihren AKP-Nachbarn <N1>bezahlen</N1> zu können.	The most remote regions, particularly the four French overseas departments, must be able to coordinate INTERREG III and the EDF in order to fund, in turn, cooperation projects with their ACP neighbours in their respective geographical areas.					
TRUE						
						
Bitte <L1>demokratisieren</L1> Sie die internationalen Organisationen.	Do please try to make the international organisations democratic.					
Bitte <N1>demokratisieren</N1> Sie die internationalen Organisationen.	Do please try to make the international organisations democratic.					
TRUE						
						
Angst und Unruhe greifen auch in den Regionen um sich, die <L1>prosperieren</L1> und von Arbeitslosigkeit nahezu verschont sind.	We have noted increasing levels of apprehension and disquiet, even within regions where unemployment is quite low and prosperity very high.	florieren gut laufen (gut) vorankommen gedeihen prosperieren sich gut entwickeln gut gehen es geht aufwärts wachsen, blühen und gedeihen wächst, blüht und gedeiht sich erfreulich entwickeln | entwickeln zunehmen wachsen ausprägen gedeihen prosperieren entfalten				
Angst und Unruhe greifen auch in den Regionen um sich, die <N1>gedeihen</N1> und von Arbeitslosigkeit nahezu verschont sind.	We have noted increasing levels of apprehension and disquiet, even within regions where unemployment is quite low and prosperity very high.					
TRUE						
						
Glauben Sie niemals, daß die Reform des Haushalts, die Sie uns vorschlagen, die Beschränkungen des Finanzsystems der Gemeinschaft <L1>kaschieren</L1> wird.	Do not believe for one moment that your proposed reform of the budget will disguise the limitations of the Community financial system.	verbergen verhüllen kaschieren verhehlen dissimulieren verheimlichen | umhüllen tarnen verbergen vernebeln verwischen verhüllen vertuschen zudecken kaschieren unter den Teppich kehren verfälschen verdecken verstecken verschleiern umnebeln | tarnen verbergen kaschieren verstecken maskieren verhehlen verheimlichen den Blicken entziehen camouflieren				
Glauben Sie niemals, daß die Reform des Haushalts, die Sie uns vorschlagen, die Beschränkungen des Finanzsystems der Gemeinschaft <N1>verbergen</N1> wird.	Do not believe for one moment that your proposed reform of the budget will disguise the limitations of the Community financial system.					
TRUE						
						
So schlägt Frau McCarthy die Erhöhung der Mittelausstattung für URBAN und die Bekanntmachung dieser Gemeinschaftsinitiative mittels einer kostspieligen <L1>PR-Kampagne</L1> vor, mit der die Wohltaten des föderalen Europas gepriesen werden sollen.	Mrs McCarthy is therefore suggesting an increase in the funds allocated to URBAN and the promotion of this Community initiative through a costly communication campaign extolling the benefits of a federal Europe.	Werbefeldzug PR-Kampagne Promotion Werbekampagne				
So schlägt Frau McCarthy die Erhöhung der Mittelausstattung für URBAN und die Bekanntmachung dieser Gemeinschaftsinitiative mittels einer kostspieligen <N1>Werbekampagne</N1> vor, mit der die Wohltaten des föderalen Europas gepriesen werden sollen.	Mrs McCarthy is therefore suggesting an increase in the funds allocated to URBAN and the promotion of this Community initiative through a costly communication campaign extolling the benefits of a federal Europe.					
TRUE						
						
Wir haben jedoch den im Landwirtschaftsausschuß angenommenen Berichtsentwurf abgeändert, um bestimmte Punkte zu <L1>präzisieren</L1> und diese Gemeinschaftsinitiative so praxiswirksamer zu gestalten.	However, we amended the draft report adopted by the Committee on Agriculture and Rural Development in order to clarify certain points which will make this Community initiative more effective.	ausführen beibringen vermitteln erklären darlegen erläutern präzisieren rüberbringen darbringen klarmachen konkretisieren verklickern explizieren verklugfiedeln herüberbringen				
Wir haben jedoch den im Landwirtschaftsausschuß angenommenen Berichtsentwurf abgeändert, um bestimmte Punkte zu <N1>genauer zu fassen</N1> und diese Gemeinschaftsinitiative so praxiswirksamer zu gestalten.	However, we amended the draft report adopted by the Committee on Agriculture and Rural Development in order to clarify certain points which will make this Community initiative more effective.					
TRUE						
						
Meine Frage, Herr Kommissar Byrne: Gerade wurde auf der <L1>UN-Konferenz</L1> in Montreal durchgesetzt, daß es im internationalen Handelsverkehr eine Kennzeichnung von genetisch veränderten Organismen geben muß.	My question, Commissioner Byrne is this: the UN conference in Montreal decided that genetically-modified organisms must be labelled for international trade.					
Meine Frage, Herr Kommissar Byrne: Gerade wurde auf der <N1>UN-Zusammenkunft</N1> in Montreal durchgesetzt, daß es im internationalen Handelsverkehr eine Kennzeichnung von genetisch veränderten Organismen geben muß.	My question, Commissioner Byrne is this: the UN conference in Montreal decided that genetically-modified organisms must be labelled for international trade.					
TRUE						
						
Deshalb treten wir seit jeher für ein progressives System der Kostendeckung ein, für ein System, das in sehr starkem Maße die sozialen, umweltpolitischen und wirtschaftlichen Effekte berücksichtigt und dessen Anwendung aufgrund der unterschiedlichen geographischen und klimatischen Bedingungen <L1>variabel</L1> sein sollte.	We have therefore always argued for a progressive system of recuperation of costs. This system should take good account of social, environmental and economic effects, and its implementation should be modulated in accordance with differing geographical and climatic conditions.	beweglich variabel flink behände biegsam gewandt agil flexibel elastisch mobil gelenkig wendig leichtfüßig | mutabel veränderlich fluid veränderbar beweglich variabel variant wandelbar abwandelbar				
Deshalb treten wir seit jeher für ein progressives System der Kostendeckung ein, für ein System, das in sehr starkem Maße die sozialen, umweltpolitischen und wirtschaftlichen Effekte berücksichtigt und dessen Anwendung aufgrund der unterschiedlichen geographischen und klimatischen Bedingungen <N1>abwandelbar</N1> sein sollte.	We have therefore always argued for a progressive system of recuperation of costs. This system should take good account of social, environmental and economic effects, and its implementation should be modulated in accordance with differing geographical and climatic conditions.					
TRUE						
						
Meiner Meinung nach ist es nicht erforderlich, alle nationalen Sozialschutzsysteme zu vereinheitlichen, davon ist nie die Rede gewesen, sondern es geht einfach darum, in einem Europa mit 30 oder 27 Ländern die besten Bedingungen für das Funktionieren des Binnenmarktes zu gewährleisten, ohne daß ein Staat die anderen 26 oder 27 <L1>blockieren</L1> kann.	This has never been the case. We are simply trying to ensure, in a Europe with 30 or 27 Member States, the best conditions for the operation of the internal market without one country being able to block the other 26 or 27.	versperren blockieren verstellen zustellen | blocken behindern abhalten sperren abblocken versperren verhindern abwehren blockieren obstruieren stoppen jemandem entgegentreten hemmen nicht mitspielen Steine in den Weg legen sich querstellen Weg versperren Knüppel zwischen die Beine werfen mauern hindern in den Weg stellen reingrätschen | Versperren Sperren Blockieren				
Meiner Meinung nach ist es nicht erforderlich, alle nationalen Sozialschutzsysteme zu vereinheitlichen, davon ist nie die Rede gewesen, sondern es geht einfach darum, in einem Europa mit 30 oder 27 Ländern die besten Bedingungen für das Funktionieren des Binnenmarktes zu gewährleisten, ohne daß ein Staat die anderen 26 oder 27 <N1>stoppen</N1> kann.	This has never been the case. We are simply trying to ensure, in a Europe with 30 or 27 Member States, the best conditions for the operation of the internal market without one country being able to block the other 26 or 27.					
TRUE						
						
Dies macht mir Sorgen, denn es würde bedeuten, wenn wir einen Text verabschieden, <L1>riskieren</L1> wir ständig, vor der Welthandelsorganisation verklagt zu werden, was darauf hinausläuft, daß die europäische Gesetzgebung im Umweltbereich und insbesondere dieser Vorschlag völlig in Frage gestellt werden.	This worries me because this means that, when adopting texts, we are going to be continually threatened by attack from the World Trade Organisation. This will fundamentally weaken European environmental legislation and particularly this proposal.	gefährden aufs Spiel setzen riskieren				
Dies macht mir Sorgen, denn es würde bedeuten, wenn wir einen Text verabschieden, <N1>laufen wir ständig Gefahr</N1>, vor der Welthandelsorganisation verklagt zu werden, was darauf hinausläuft, daß die europäische Gesetzgebung im Umweltbereich und insbesondere dieser Vorschlag völlig in Frage gestellt werden.	This worries me because this means that, when adopting texts, we are going to be continually threatened by attack from the World Trade Organisation. This will fundamentally weaken European environmental legislation and particularly this proposal.					
TRUE						
						
Wenn wir alle <L1>motivieren</L1> wollen, so muß meiner Meinung nach diese Botschaft von oben nach unten - oder, wenn Sie so wollen, von unten nach oben - über alle Ebenen verbreitet werden.	If we are to be able to motivate everybody, I believe it is extremely important for this message to be sent all the way from the top down or, if you prefer, from the bottom up.	anspornen motivieren beflügeln anregen befruchten bereichern von der Muse geküsst werden begeistern inspirieren | anspornen motivieren ermutigen animieren beflügeln | motivieren animieren veranlassen (dazu) bringen zu jemandem Anlass geben				
Wenn wir alle <N1>anspornen</N1> wollen, so muß meiner Meinung nach diese Botschaft von oben nach unten - oder, wenn Sie so wollen, von unten nach oben - über alle Ebenen verbreitet werden.	If we are to be able to motivate everybody, I believe it is extremely important for this message to be sent all the way from the top down or, if you prefer, from the bottom up.					
TRUE						
						
Ich möchte wissen, ob Sie die Mittel zum jetzigen Zeitpunkt <L1>komplett</L1> stoppen werden, bis eine ordnungsgemäße Untersuchung stattgefunden hat.	I would like to know whether you are going to stop completely the funding at this stage until there is a proper investigation.	der Länge nach total vollumfänglich von A bis Z auf ganzer Linie vollständig gesamt heillos völlig komplett voll und ganz ganz in Gänze exhaustiv | komplett perfekt gültig valide rechtskräftig | generell vollständig gesamt komplett in Gänze in Bausch und Bogen pauschal durchweg hundertprozentig durchwegs einstimmig durchgängig alle, wie sie da sind samt und sonders ausnahmslos restlos alle miteinander alle, wie sie da waren ohne Ausnahme vollzählig durch die Bank in jeder Richtung praktisch alle | komplett ausgebucht nichts mehr frei voll belegt				
Ich möchte wissen, ob Sie die Mittel zum jetzigen Zeitpunkt <N1>vollständig</N1> stoppen werden, bis eine ordnungsgemäße Untersuchung stattgefunden hat.	I would like to know whether you are going to stop completely the funding at this stage until there is a proper investigation.					
TRUE						
						
Mitten im Wahlkampf hielt eine Reihe von Persönlichkeiten, alle von der Regierungspartei, eindeutige Wahlkampfreden, die darüber hinaus <L1>live</L1> im Fernsehen übertragen wurden.	In the middle of an election campaign, a series of authorities, all of them run by the party in government, made clearly electioneering speeches which, furthermore, were broadcast live on television.		one of the most clear loanwords!			
Mitten im Wahlkampf hielt eine Reihe von Persönlichkeiten, alle von der Regierungspartei, eindeutige Wahlkampfreden, die darüber hinaus <N1>zeitgleich</N1> im Fernsehen übertragen wurden.	In the middle of an election campaign, a series of authorities, all of them run by the party in government, made clearly electioneering speeches which, furthermore, were broadcast live on television.					
TRUE						
						
Viele dieser Anträge <L1>basieren</L1> auf den äußerst konstruktiven, informellen Gesprächen, die im Zusammenhang mit der ersten Lesung zwischen Parlament und Rat geführt wurden.	Many of them are based upon the very constructive, informal discussions which have taken place between Parliament and the Council in connection with the first reading.	sich herausbilden sich entwickeln sich einstellen sich ergeben hervorgehen folgen sich herauskristallisieren Form annehmen resultieren sich herleiten basieren Ergebnis sein | gründen aufbauen basieren sich speisen aufsatteln abhangen abhängen fußen beruhen				
Viele dieser Anträge <N1>fußen</N1> auf den äußerst konstruktiven, informellen Gesprächen, die im Zusammenhang mit der ersten Lesung zwischen Parlament und Rat geführt wurden.	Many of them are based upon the very constructive, informal discussions which have taken place between Parliament and the Council in connection with the first reading.					
TRUE						
						
Bekanntlich kommt heute ein erheblicher Teil der Hilfe über die Maßnahmen der Mitgliedstaaten zum Einsatz, die nicht immer <L1>komplementär</L1> und koordiniert ablaufen.	It is widely known that a significant proportion of aid is today granted under the Member States' national policies, which are not always complementary or well coordinated.	komplementär ergänzend supplementär				
Bekanntlich kommt heute ein erheblicher Teil der Hilfe über die Maßnahmen der Mitgliedstaaten zum Einsatz, die nicht immer <N1>unterstützend</N1> und koordiniert ablaufen.	It is widely known that a significant proportion of aid is today granted under the Member States' national policies, which are not always complementary or well coordinated.					
TRUE						
						
In bezug auf die Ergebnisse dieser Bewertungen möchte ich folgende Probleme nennen: In der Gemeinschaftspolitik gibt es zu viele und zu <L1>vage</L1> Zielsetzungen, und dies wirkt sich nachteilig auf die Kohärenz aus.	To focus on the input coming from the evaluations, I would mention the following problems: the objections of Community policy are too numerous and too vague and this adversely affects coherence.	unklar unsauber unscharf schwammig vage unpräzise unspezifisch ungenau wischi-waschi | launig ungefähr wolkig vage unverbindlich blumig unpräzise | undeutlich unklar schemenhaft verschwommen diffus nicht deutlich zu erkennen vage nebelhaft konturlos schleierhaft nebulös nicht klar zu erkennen				
In bezug auf die Ergebnisse dieser Bewertungen möchte ich folgende Probleme nennen: In der Gemeinschaftspolitik gibt es zu viele und zu <N1>schwammige</N1> Zielsetzungen, und dies wirkt sich nachteilig auf die Kohärenz aus.	To focus on the input coming from the evaluations, I would mention the following problems: the objections of Community policy are too numerous and too vague and this adversely affects coherence.					
TRUE						
						
Schon jetzt <L1>repräsentieren</L1> diese Länder 13 % der Menschheit, aber weltweit nur 0,4 % der Ausfuhren und 0,6 % Einfuhren. Oder an den bedauerlichen Umstand, daß die von den reichen Ländern geförderte staatliche Entwicklungshilfe seit 1990 um etwa 23 % zurückgegangen ist.	You only have to realise that the category of  least developed countries  has grown from 25 to 48 countries over the last 30 years, and now represents 13% of the world' s population, yet this category only accounts for 0.4% of world exports and 0.6% of world imports or be aware of the unfortunate fact that official development aid from rich countries has fallen by around 23% since 1990.	zeigen repräsentieren wiedergeben bildlich darstellen darstellen abbilden zur Darstellung bringen | repräsentieren stehen für verkörpern symbolisieren versinnbildlichen der Inbegriff sein | widerspiegeln zurückwerfen repräsentieren spiegeln wiedergeben reflektieren	needed to insert "dar"			
Schon jetzt <N1>stellen</N1> diese Länder 13 % der Menschheit dar, aber weltweit nur 0,4 % der Ausfuhren und 0,6 % Einfuhren. Oder an den bedauerlichen Umstand, daß die von den reichen Ländern geförderte staatliche Entwicklungshilfe seit 1990 um etwa 23 % zurückgegangen ist.	You only have to realise that the category of  least developed countries  has grown from 25 to 48 countries over the last 30 years, and now represents 13% of the world' s population, yet this category only accounts for 0.4% of world exports and 0.6% of world imports or be aware of the unfortunate fact that official development aid from rich countries has fallen by around 23% since 1990.					
TRUE						
						
Ich habe mich noch aus einem anderen Grund der Stimme enthalten: Ich meine, es ist an der Zeit, daß die Institutionen der Europäischen Union aufhören, zu <L1>experimentieren</L1> und nach guten Praktiken für die notwendigen Schritte zu suchen und statt dessen beginnen, den Unionsbürgern konkrete Anhaltspunkte dafür zu geben, was Europa eigentlich sein will.	I also abstained for another reason. I think the time has come for the European institutions to stop experimenting and trying to establish best practices for doing what we should do and begin to give European citizens some firm indication regarding what Europe wants Europe to be.					
Ich habe mich noch aus einem anderen Grund der Stimme enthalten: Ich meine, es ist an der Zeit, daß die Institutionen der Europäischen Union aufhören,  <N1>Versuche zu starten</N1> und nach guten Praktiken für die notwendigen Schritte zu suchen und statt dessen beginnen, den Unionsbürgern konkrete Anhaltspunkte dafür zu geben, was Europa eigentlich sein will.	I also abstained for another reason. I think the time has come for the European institutions to stop experimenting and trying to establish best practices for doing what we should do and begin to give European citizens some firm indication regarding what Europe wants Europe to be.					
TRUE						
						
Ich wende mich gegen eine unwürdige und unmenschliche Organisation, die hunderte Millionen menschlicher Wesen buchstäblich vor Armut <L1>krepieren</L1> läßt, um den Reichtum einer Minderheit zu mehren.	I protest against an ignoble and inhuman organisation which literally condemns hundreds of millions of human beings to a wretched death to enrich a minority.	verrecken Arsch zukneifen krepieren elendig sterben Löffel abgeben hopsgehen abkratzen elendig verrecken abnippeln | krepieren sterben eingehen verenden				
Ich wende mich gegen eine unwürdige und unmenschliche Organisation, die hunderte Millionen menschlicher Wesen buchstäblich vor Armut <N1>verrecken</N1> läßt, um den Reichtum einer Minderheit zu mehren.	I protest against an ignoble and inhuman organisation which literally condemns hundreds of millions of human beings to a wretched death to enrich a minority.					
TRUE						
						
Die Frage bestimmter Organismen für gemeinsame Anlagen in Wertpapieren (OGAW) mag kompliziert sowie technisch und politisch <L1>riskant</L1> erscheinen.	The issue of UCITS may appear difficult, technical and a political minefield.	kühn unsicher gefährlich riskant risikobehaftet gewagt mit einem Risiko verbunden Risiken bergen nicht ungefährlich mit ungewissem Ausgang Risiko bergen heiß mit Risiken verbunden auf dünnem Eis | vermessen riskant risikofreudig waghalsig tolldreist mit Todesverachtung Wer wagt, gewinnt. draufgängerisch tollkühn risikobereit verwegen todesmutig | unsicher kritisch ernst brenzlig bedenklich bedrohlich Besorgnis erregend beunruhigend gefährlich besorgniserregend riskant gefahrenträchtig abenteuerlich				
Die Frage bestimmter Organismen für gemeinsame Anlagen in Wertpapieren (OGAW) mag kompliziert sowie technisch und politisch <N1>gefährlich</N1> erscheinen.	The issue of UCITS may appear difficult, technical and a political minefield.					
TRUE						
						
Abschließend möchte ich erwähnen, daß ein Teil der Kollegen meint, dieser Vorschlag ginge zu weit, während andere der Auffassung sind, ich wäre nicht <L1>liberal</L1> genug.	I just want to conclude by saying that a number of Members of Parliament think that the present proposal goes too far, while others think that I am not sufficiently liberal.	vorurteilsfrei liberal vorurteilslos | libertär freiheitlich liberalistisch liberal freisinnig				
Abschließend möchte ich erwähnen, daß ein Teil der Kollegen meint, dieser Vorschlag ginge zu weit, während andere der Auffassung sind, ich wäre nicht <N1>großzügig</N1> genug.	I just want to conclude by saying that a number of Members of Parliament think that the present proposal goes too far, while others think that I am not sufficiently liberal.					
TRUE						
						
Rechte der inhaftierten Personen; Behörden, die berechtigt sind, Rechtshilfeersuchen zu stellen - sind unserem Eindruck nach etwas <L1>leger</L1> vom Rat behandelt worden.	It would seem to us that the Council has taken the various issues - those of legitimate interceptions, the rights of the defence, the rights of detainees and of the authorities legally empowered to request mutual assistance - a little too lightly.	leger lax locker | leger informell lässig salopp sportlich | leger locker sorglos unbesorgt geschmeidig bequem geruhsam formlos entspannt tiefenentspannt zwanglos unförmlich erholsam ausgeruht unverkrampft chillig relaxed ruhig unbeschwert ungezwungen relaxt gelöst lässig				
Rechte der inhaftierten Personen; Behörden, die berechtigt sind, Rechtshilfeersuchen zu stellen - sind unserem Eindruck nach etwas <N1>locker</N1> vom Rat behandelt worden.	It would seem to us that the Council has taken the various issues - those of legitimate interceptions, the rights of the defence, the rights of detainees and of the authorities legally empowered to request mutual assistance - a little too lightly.					
TRUE						
						
Mehr als 95 % aller mit <L1>HIV</L1> infizierten Personen leben in Entwicklungsländern, und die am schlimmsten betroffene Region in der Welt ist das subsaharische Afrika.	Over 95% of all HIV infected individuals live in the developing countries and sub-Saharan Africa is the worst affected region in the world.	HIV HI-Virus human immunodeficiency virus AIDS-Erreger HIV-Virus Virus der Immunschwächekrankheit	not loanword			
Mehr als 95 % aller mit <N1>HIV</N1> infizierten Personen leben in Entwicklungsländern, und die am schlimmsten betroffene Region in der Welt ist das subsaharische Afrika.	Over 95% of all HIV infected individuals live in the developing countries and sub-Saharan Africa is the worst affected region in the world.					
TRUE						
						
Zweitens ist es auch nicht <L1>fair</L1> gegenüber Arbeitnehmern anderer Unternehmen, in denen ebenfalls reorganisiert wird und Arbeitsplätze wegfallen.	Secondly, this is not fair towards employees of other companies where reorganisations also take place and where it hurts too.	billig fair recht gerechtfertigt gerecht recht und billig | fair ritterlich | anständig sportlich fair | okay vertretbar akzeptabel in Ordnung fair adäquat OK passabel | aufrichtig wahrhaft anständig treu geradeheraus ehrbar lauter fair unverstellt ehrlich treu und brav grundgut redlich kreuzbrav rechtschaffen patent aufrecht veritabel grundehrlich grundanständig				
Zweitens ist es auch nicht <N1>gerecht</N1> gegenüber Arbeitnehmern anderer Unternehmen, in denen ebenfalls reorganisiert wird und Arbeitsplätze wegfallen.	Secondly, this is not fair towards employees of other companies where reorganisations also take place and where it hurts too.					
TRUE						
						
Die Menschenrechte werden dort systematisch und <L1>permanent</L1> verletzt, nicht nur durch die UNITA, sondern auch von der Regierung selbst.	Human rights are being violated consistently and have been for a long period of time, not only by UNITA, but also by the government itself.	ständig unablässig ununterbrochen dauernd ohne Unterbrechung pausenlos permanent beständig andauernd immerfort fortlaufend in einem durch durchgängig durchgehend unterbrechungsfrei die ganze Zeit die ganze Zeit hindurch in einem fort die ganze Zeit über fortgesetzt unverwandt immerzu | permanent durchgehend rund um die Uhr Tag und Nacht 24/24 | ständig permanent ausdauernd hartnäckig dauerhaft nachhaltig langanhaltend beständig persistent | ständig dauernd pausenlos ewig permanent andauernd immerfort				
Die Menschenrechte werden dort systematisch und <N1>unablässig</N1> verletzt, nicht nur durch die UNITA, sondern auch von der Regierung selbst.	Human rights are being violated consistently and have been for a long period of time, not only by UNITA, but also by the government itself.					
TRUE						
						
Die angolanische Regierung muß unverzüglich <L1>UN-Vertreter</L1> zulassen, die vermitteln und über die Menschenrechte berichten können.	The Angolan Government must immediately authorise a substantial UN presence which can mediate and can report on human rights.					
Die angolanische Regierung muß unverzüglich <N1>UN-Vertreter</N1> zulassen, die vermitteln und über die Menschenrechte berichten können.	The Angolan Government must immediately authorise a substantial UN presence which can mediate and can report on human rights.					
TRUE						
						
Darum <L1>plädieren</L1> wir dafür, daß die Journalisten - im vergangenen Jahr wurden mehr als zwanzig inhaftiert - ihre Meinung weiterhin frei äußern können.	The government too is responsible for this continuing violence. This is why we insist that the journalists - more than 20 were imprisoned last year - keep speaking their minds.					
Darum <N1>möchten</N1> wir, daß die Journalisten - im vergangenen Jahr wurden mehr als zwanzig inhaftiert - ihre Meinung weiterhin frei äußern können.	The government too is responsible for this continuing violence. This is why we insist that the journalists - more than 20 were imprisoned last year - keep speaking their minds.					
TRUE						
						
Es ist deshalb sehr beschämend, daß so etwas überhaupt <L1>passieren</L1> kann.	That an accident like this can happen at all is therefore an extremely shameful state of affairs.	ertragen erleiden durchlaufen durchmachen mitmachen überstehen hinnehmen passieren durchhalten verleben erleben durchleben ausstehen zustoßen auf sich wirken lassen in Kauf nehmen einen Streifen mitmachen am eigenen Leib erfahren einstecken miterleben erfahren | vorbeigehen passieren vorübergehen | passieren kommen zu sich ereignen vorfallen erfolgen sich tun sich zutragen sich begeben geschehen nicht ausbleiben ergehen sich abspielen | passieren überschreiten übertreten | durchgehen seihen durchseihen sieben passieren				
Es ist deshalb sehr beschämend, daß so etwas überhaupt <N1>vorkommen</N1> kann.	That an accident like this can happen at all is therefore an extremely shameful state of affairs.					
TRUE						
						
Zweitens möchte ich mit einem <L0>Klischee</L0> aufräumen und dabei von einem augenscheinlichen <L1>Paradoxon</L1> ausgehen, das sich klar aus den Eurostat-<L2>Statistiken</L2> ergibt: die weltweit führenden <L3>Tourismusländer</L3> sind nicht die <L4>traditionell</L4> als <L5>touristisch</L5> geltenden Länder, sondern die entwickelteren Nationen, wo die Lebensqualität der einheimischen Bevölkerung ein ausschlaggebender <L6>Faktor</L6> für die Werbung und für ihre Anziehungskraft ist.	Secondly, I would like to explode a myth, taking as a starting point an apparent paradox, which is clearly highlighted by Eurostat figures: the main international tourist countries are not those traditionally regarded as tourist destinations, but on the contrary the most advanced nations, whose quality of life is one of their main attractions and most heavily promoted features.		added 5 loanwords!			
Zweitens möchte ich mit einer <N0>eingefahrenen Vorstellung</N0> aufräumen und dabei von einem augenscheinlichen <N1>Widerspruch</N1> ausgehen, der sich klar aus den Eurostat-<N2>Datenerhebungen</N2> ergibt: die weltweit führenden <N3>Urlaubsländer</N3> sind nicht die, die <N4>schon seit jeher</N4> als <N5>Urlaubsländer</N5> gelten, sondern die entwickelteren Nationen, wo die Lebensqualität der einheimischen Bevölkerung ein ausschlaggebender <N6>Punkt</N6> für die Werbung und für ihre Anziehungskraft ist.	Secondly, I would like to explode a myth, taking as a starting point an apparent paradox, which is clearly highlighted by Eurostat figures: the main international tourist countries are not those traditionally regarded as tourist destinations, but on the contrary the most advanced nations, whose quality of life is one of their main attractions and most heavily promoted features.					
TRUE						
						
Ich glaube aber auch, daß es in Zukunft notwendig sein wird, den Universaldienst dementsprechend <L1>attraktiv</L1> zu gestalten.	But I also believe that in future we will have to make the universal service sufficiently attractive.	hinreißend schön hold ansehnlich fesch entzückend eine Augenweide wahre Pracht gut aussehend reizend schmuck lieblich herrlich hübsch Wohltat fürs Auge hübsch anzusehen attraktiv allerliebst schön anzusehen wie gemalt liebreizend ein erfreulicher Anblick Blicke auf sich ziehen | hinreißend reizend attraktiv ansprechend verführerisch reizvoll betörend zum Anbeißen gefällig herzig liebenswert anmächelig zauberhaft anlockend anziehend bezaubernd bestrickend verlockend | attraktiv zugkräftig schlagkräftig von Interesse spannend packend faszinierend hochinteressant interessant fesselnd hochspannend Interesse weckend | scharf geil atemraubend atemberaubend reizend attraktiv Blicke auf sich ziehen aufreizend ansprechend Lust machen weiblichen Reize zur Geltung bringen lustvoll heiß wohlgestaltet lasziv aufregend Phantasien auslösen aphrodisierend mit heißen Kurven verführerisch Hormone ankurbelnd erregend erotisierend sinnlich rassig erotisch Männerherzen höher schlagen lassen stimulierend wohlgeformt lecker knackig knusprig reizvoll Hormone in Wallung bringen wohlproportioniert kurvig sexy betörend zum Anbeißen				
Ich glaube aber auch, daß es in Zukunft notwendig sein wird, den Universaldienst dementsprechend <N1>ansprechend</N1> zu gestalten.	But I also believe that in future we will have to make the universal service sufficiently attractive.					
TRUE						
						
Das ist die Verteidigung eines <L0>Territoriums</L0>, die Erhaltung eines Vaterlandes sowie ganz allgemein die Wahrung von Interessen, die als <L1>vital</L1> angesehen werden.	It is the defence of a territory, the protection of a country and in general of interests considered to be vital?	lebendig vital munter lebenskräftig sanguin aktiv in Bewegung nicht kaputt zu kriegen quicklebendig lebhaft quirlig quietschlebendig springlebendig rührig putzmunter tätig rege umtriebig | vital munter agil rüstig unternehmungslustig junggeblieben | essentiell lebenswichtig vital essenziell überlebenswichtig lebensnotwendig wichtig wie die Luft zum Atmen existenziell lebenserhaltend | vital quicklebendig voller Leben gesund und munter	added 1 loanword!			
Das ist die Verteidigung eines <N0>Hoheitsgebietes</N0>, die Erhaltung eines Vaterlandes sowie ganz allgemein die Wahrung von Interessen, die als <N1>unabdingbar</N1> angesehen werden.	It is the defence of a territory, the protection of a country and in general of interests considered to be vital?					
TRUE						
						
Wie Sie wissen, hat sich die irakische Regierung geweigert, der <L1>UNO-Resolution</L1> 1284 beizutreten, was aller Voraussicht nach in den nächsten sechs bis sieben Wochen dazu führen wird, daß den Mitgliedern der <L2>Sonderkommission</L2>, welche die Zerstörung der nuklearen, biologischen und chemischen Waffen <L3>kontrollieren</L3> soll, kein Einreise<L4>visum</L4> erteilt wird.	As you know, the Iraqi Government has refused to abide by United Nations Resolution 1284, and this is likely to lead, within the next six or seven weeks, to a refusal to issue entrance visas to the committee monitoring the destruction of nuclear, biological and chemical weapons.		added 3 loanwords!			
Wie Sie wissen, hat sich die irakische Regierung geweigert, der <N1>UN-Übereinkunft</N1> 1284 beizutreten, was aller Voraussicht nach in den nächsten sechs bis sieben Wochen dazu führen wird, daß den Mitgliedern der <N2>Sondergruppe</N2>, welche die Zerstörung der nuklearen, biologischen und chemischen Waffen <N3>überwachen</N3> soll, keine <N4>Einreiseerlaubnis</N4> erteilt wird.	As you know, the Iraqi Government has refused to abide by United Nations Resolution 1284, and this is likely to lead, within the next six or seven weeks, to a refusal to issue entrance visas to the committee monitoring the destruction of nuclear, biological and chemical weapons.					
TRUE						
						
Der <L1>WWF</L1> berichtet, daß italienischen, französischen und spanischen Zolldienststellen zufolge der illegale Fang von Rotem Thun und die Anlandung von Jungfischen zunehmen.	The WWF reports that, according to Italian, French and Spanish customs authorities, illegal bluefin fishing and landings of small fish are on the increase.	WWF World Wide Fund For Nature	not loanword			
Der <N1>WWF</N1> berichtet, daß italienischen, französischen und spanischen Zolldienststellen zufolge der illegale Fang von Rotem Thun und die Anlandung von Jungfischen zunehmen.	The WWF reports that, according to Italian, French and Spanish customs authorities, illegal bluefin fishing and landings of small fish are on the increase.					
TRUE						
						
Und wir möchten vor allem diese Wirtschaft anklagen, in der ein Unternehmen um zusätzlicher <L0>Profite</L0> willen eine ganze <L1>Region</L1> verseuchen oder durch Betriebsschließungen <L2>ruinieren</L2> kann.	We feel we must condemn, above all, this economy in which, in order to make extra profits, a firm can ruin a region with pollution in the same way that it can ruin a region by closing factories.	ruinieren um Hab und Gut bringen arm machen zum Bettler machen jemandem sein Vermögen nehmen an den Bettelstab bringen zum Bettler werden lassen verarmen lassen Vermögen verlieren | in Trümmer legen zerschlagen zu Kleinholz verarbeiten kurz und klein schlagen entzweischlagen ramponieren hinmachen schrotten in Kleinholz verwandeln zernichten zerstören verwüsten trashen in Schutt und Asche legen zertrümmern kaputt machen zerbrechen demolieren himmeln ruinieren zuschanden machen von Grund auf zerstören destruieren zerhackstückeln niederreißen devastieren kaputtmachen zunichtemachen torpedieren vernichten zerfetzen einschlagen zerschmettern zerdeppern plattmachen einhauen etwas plattmachen zu Kleinholz machen | ruinieren verderben in Verruf bringen zu Grunde richten zugrunde richten | ruinieren zu Grunde richten zugrunde richten (ein Unternehmen) herunterwirtschaften Existenz zerstören an den Bettelstab bringen jemandem den Rest geben jemandem die Existenzgrundlage entziehen | verhunzen verunstalten ruinieren sich verderben | ruinieren zu Grunde richten zugrunde richten zerrütten runterwirtschaften abwirtschaften	added 2 loanwords			
Und wir möchten vor allem diese Wirtschaft anklagen, in der ein Unternehmen um zusätzlicher <N0>Gewinne</N0> willen eine ganze <N1>Gegend</N1> verseuchen oder durch Betriebsschließungen <N2>verarmen lassen</N2> kann.	We feel we must condemn, above all, this economy in which, in order to make extra profits, a firm can ruin a region with pollution in the same way that it can ruin a region by closing factories.					
TRUE						
						
Deshalb wäre es wesentlich vernünftiger zu prüfen, weshalb einige Länder und einige <L0>Regionen</L0> so <L1>miserabel</L1> abschneiden, anstatt zu erklären, wir würden den Vereinigten Staaten erheblich hinterherhinken.	It is then far more sensible to find out why some countries or regions are doing so very badly, rather than saying that we are underperforming compared to the United States.	mies sehr schlecht vernichtend katastrophal saumäßig unterirdisch zum Abgewöhnen unter aller Kanone hundsmiserabel miserabel unter aller Sau grottig lausig grottenschlecht lausig schlecht eine Katastrophe verderblich unheilvoll verheerend desaströs | unglücklich heruntergekommen hoffnungslos armselig arm kläglich erbärmlich beklagenswert miserabel bemitleidenswert bejammernswert erbarmungswürdig Mitleid erregend arm dran bedauernswert letztklassig jammervoll jämmerlich zu bedauern | abgrundtief miserabel entsetzlich abgründig	added 1 loanword			
Deshalb wäre es wesentlich vernünftiger zu prüfen, weshalb einige Länder und einige <N0>Gegenden</N0> so <N1>schlecht</N1> abschneiden, anstatt zu erklären, wir würden den Vereinigten Staaten erheblich hinterherhinken.	It is then far more sensible to find out why some countries or regions are doing so very badly, rather than saying that we are underperforming compared to the United States.					
TRUE						
						
Daraus <L1>resultieren</L1> sowohl die Verantwortung des Marktes als auch die öffentliche Verantwortung.	Therefore, our responsibility is both economic and social.	sich herausbilden sich entwickeln sich einstellen sich ergeben hervorgehen folgen sich herauskristallisieren Form annehmen resultieren sich herleiten basieren Ergebnis sein | resultieren führen zu zur Folge haben münden | sich ergeben herkommen abstammen entspringen stammen resultieren				
Daraus <N1>folgen</N1> sowohl die Verantwortung des Marktes als auch die öffentliche Verantwortung.	Therefore, our responsibility is both economic and social.					
TRUE						
						
Wir wollen aber Europa weder <L1>bürokratisieren</L1> noch zentralisieren.	That said, we do not want to bureaucratise Europe and neither do we want to centralise it.					
Wir wollen aber in Europa weder <N1>mehr starre Verwaltung einführen</N1> noch zentralisieren.	That said, we do not want to bureaucratise Europe and neither do we want to centralise it.					
TRUE						
						
Ich bin nun wirklich nicht sonderlich radikal oder <L1>revolutionär</L1> veranlagt, aber meinen Kollegen schien, daß etwas fehlte und das zu einer Zeit, da wir versuchen, den Bürgern Europa wieder nahezubringen, da wir wollen, daß sie wissen, was wir hier tun.	Now, I am not particularly radical or revolutionary, but it seemed to my colleagues that this process lacked something, especially at a time when we are trying to reconnect Europe with its citizens, when we want them to be clear about what we are doing here.	epochemachend stilbildend revolutionär bahnbrechend umwälzend epochal				
Ich bin nun wirklich nicht sonderlich radikal oder <N1>umstürzerisch</N1> veranlagt, aber meinen Kollegen schien, daß etwas fehlte und das zu einer Zeit, da wir versuchen, den Bürgern Europa wieder nahezubringen, da wir wollen, daß sie wissen, was wir hier tun.	Now, I am not particularly radical or revolutionary, but it seemed to my colleagues that this process lacked something, especially at a time when we are trying to reconnect Europe with its citizens, when we want them to be clear about what we are doing here.					
TRUE						
						
Wenn im Vereinigten Königreich Tag für Tag Landwirte in <L0>Konkurs</L0> gehen, wenn die Selbstmord<L1>rate</L1> unter Landwirten und Landarbeitern so hoch ist wie noch nie, wenn es mit der Wirtschaft in den ländlichen Gebieten Großbritanniens <L2>rapide</L2> abwärts geht, wie soll ich da erklären, daß es besser ist, 300 Mio. Euro für das Kosovo auszugeben?	When farmers are going bankrupt every day in the UK, when the level of suicides amongst farmers and farm-workers has reached unprecedented levels, when the economy of rural Britain is in spiral decline, how can I explain to them that EUR 300 million would be better off spent in Kosovo? In such circumstances, it would be mad to slash the budget to this extent.	zackig munter zeitsparend schleunig flott dalli rapide rasch subito zeitnah schnell geschwind rapid eilig fix in lebhafter Fortbewegungsweise hurtig flink mit Schmackes speditiv mit Karacho behände eilends zügig Zeit sparend flugs unerwartet schnell				
Wenn im Vereinigten Königreich Tag für Tag Landwirte in <N0>die Zahlungsunfähigkeit</N0> gehen, wenn der Selbstmord<N1>anteil</N1> unter Landwirten und Landarbeitern so hoch ist wie noch nie, wenn es mit der Wirtschaft in den ländlichen Gebieten Großbritanniens <N2>schnell</N2> abwärts geht, wie soll ich da erklären, daß es besser ist, 300 Mio. Euro für das Kosovo auszugeben?	When farmers are going bankrupt every day in the UK, when the level of suicides amongst farmers and farm-workers has reached unprecedented levels, when the economy of rural Britain is in spiral decline, how can I explain to them that EUR 300 million would be better off spent in Kosovo? In such circumstances, it would be mad to slash the budget to this extent.					
TRUE						
						
Warum greifen wir beispielsweise nicht den Gedanken auf, daß eine bestimmte Anzahl von Bürgern - sagen wir einmal aus drei verschiedenen EU-Staaten - eine Bürgerinitiative <L1>starten</L1> kann, für die man dann über das Europäische Parlament Kanäle finden könnte?	Why, for example, could we not take up the notion that a certain number of citizens - let us say from three different EU countries - could formulate a citizens' initiative that then could be channelled though the European Parliament?	starten losgehen anheben einsetzen anbrechen entbrennen losbrechen in Gang kommen beginnen anfangen | aufbrechen starten abmarschieren ausrücken Standort verlassen | beginnen etwas antreten etwas anpacken herangehen an sich daranmachen zu durchstarten einleiten anfangen an etwas gehen in Angriff nehmen etwas angreifen einsteigen etwas aufnehmen Startschuss geben loslegen darangehen zu zur Tat schreiten angehen starten anschmeißen anwerfen initiieren etwas anleiern induzieren in Gang bringen entfachen etwas in Gang setzen anheben eröffnen einsteigen in aufnehmen | starten ins Leben rufen initiieren in Gang bringen ankurbeln entstehen lassen in Gang setzen ans Laufen bringen Initiator sein anleiern | starten anfahren in Betrieb nehmen hochfahren in Dienst stellen in Betrieb setzen | anmachen starten anschmeißen anwerfen einschalten anknipsen aktivieren anschalten anstellen anlassen in Gang setzen in Betrieb setzen Startknopf drücken | starten initialisieren anschmeißen anwerfen hochfahren booten urladen | starten abheben sich in die Lüfte erheben				
Warum greifen wir beispielsweise nicht den Gedanken auf, daß eine bestimmte Anzahl von Bürgern - sagen wir einmal aus drei verschiedenen EU-Staaten - eine Bürgerinitiative <N1>beginnen</N1> kann, für die man dann über das Europäische Parlament Kanäle finden könnte?	Why, for example, could we not take up the notion that a certain number of citizens - let us say from three different EU countries - could formulate a citizens' initiative that then could be channelled though the European Parliament?					
TRUE						
						
Meint die Kommission nicht, daß sie sich angesichts der Befürwortung der UN-Resolutionen zur Westsahara durch die EU und der Beunruhigung, die dieser doppeldeutige Brief ausgelöst hat, rasch und im Einvernehmen mit dem Rat <L0>offiziell</L0> beim <L1>UN-Generalsekretär</L1> über den völkerrechtlichen <L2>Status</L2> der Gewässer der Westsahara Gewißheit verschaffen sollte?	Given the EU' s support for UN resolutions on the Western Sahara and the concern generated by the ambiguous content of the letter sent to Mr Galland, does the Commission not think that, as a matter of urgency and in agreement with the Council, it should officially consult the UN Secretary-General regarding a legal definition of the Western Sahara' s waters based on international law?		not loanword, added two loanwords			
Meint die Kommission nicht, daß sie sich angesichts der Befürwortung der UN-Resolutionen zur Westsahara durch die EU und der Beunruhigung, die dieser doppeldeutige Brief ausgelöst hat, rasch und im Einvernehmen mit dem Rat <N0>amtlich</N0> beim <N1>UN-Generalsekretär</N1> über die völkerrechtliche <N2>Stellung</N2> der Gewässer der Westsahara Gewißheit verschaffen sollte?	Given the EU' s support for UN resolutions on the Western Sahara and the concern generated by the ambiguous content of the letter sent to Mr Galland, does the Commission not think that, as a matter of urgency and in agreement with the Council, it should officially consult the UN Secretary-General regarding a legal definition of the Western Sahara' s waters based on international law?					
TRUE						
						
Es kann nicht angehen, daß weiterhin ungehindert <L1>eklatant</L1> gegen grundsätzliche Rechtsvorschriften im Umweltbereich verstoßen wird.	This flagrant violation of our basic environmental laws must not be allowed to continue.	augenfällig offensichtlich offenkundig flagrant eklatant | hervorragend hervorstechend eklatant herausstehend hervorspringend hervorstehend salient				
Es kann nicht angehen, daß weiterhin ungehindert <N1>offensichtlich</N1> gegen grundsätzliche Rechtsvorschriften im Umweltbereich verstoßen wird.	This flagrant violation of our basic environmental laws must not be allowed to continue.					
TRUE						
						
Ich möchte hier nur auf drei eingehen, an denen meine Fraktion aktiv beteiligt war: Die Forderung, gegen Angriffe auf unabhängige Journalisten einzutreten, die Forderung, Militärdienstverweigerer und <L0>Deserteure</L0> zu schützen, und die Forderung, kluge <L1>Sanktionen</L1>, <L2>smart sanctions</L2>, zu entwickeln, die nicht gegen breite Teile der Bevölkerung, sondern gegen die tyrannischen <L3>Chefs</L3> <L4>korrupter</L4> Regierungen gerichtet sind, die sich Vermögen angeeignet haben.	I would like to draw your attention here to just three, regarding which my Group has been active. They are: the need to act when independent journalists are attacked, the need to protect conscientious objectors and deserters, and the need to develop smart sanctions, which do not make conditions wretched for vast sections of the population, but which are targeted at the political tyrants that have amassed riches.	pfiffig clever smart	added 3 loanwords			
Ich möchte hier nur auf drei eingehen, an denen meine Fraktion aktiv beteiligt war: Die Forderung, gegen Angriffe auf unabhängige Journalisten einzutreten, die Forderung, Militärdienstverweigerer und <N0>Fahnenflüchtige</N0> zu schützen, und die Forderung, kluge <N1>Strafen</N1>, <N2>"smart sanctions"</N2>, zu entwickeln, die nicht gegen breite Teile der Bevölkerung, sondern gegen die tyrannischen <N3>Vorsitzenden</N3> <N4>käuflicher</N4> Regierungen gerichtet sind, die sich Vermögen angeeignet haben.	I would like to draw your attention here to just three, regarding which my Group has been active. They are: the need to act when independent journalists are attacked, the need to protect conscientious objectors and deserters, and the need to develop smart sanctions, which do not make conditions wretched for vast sections of the population, but which are targeted at the political tyrants that have amassed riches.					
TRUE						
						
Ich meine, wer über die Menschenrechte in der EU <L1>seriös</L1> <L2>diskutieren</L2> will, sollte tatsächlich auch über die Menschenrechte reden und nicht versuchen, diese wertvollen und guten Berichte zu taktischen innenpolitischen Spielchen zu mißbrauchen.	Anyone who wants to hold a serious discussion on human rights in the EU should talk about human rights and not abuse these valuable and excellent reports for tactical domestic policy games.	ernst zu nehmen seriös nicht von der Hand zu weisen | vertrauenswürdig seriös Vertrauen erweckend vertrauenerweckend | ernst seriös ernsthaft	added 1 loanword			
Ich meine, wer über die Menschenrechte in der EU <N1>in ernsthafter Weise</N1> <N2>sprechen</N2> will, sollte tatsächlich auch über die Menschenrechte reden und nicht versuchen, diese wertvollen und guten Berichte zu taktischen innenpolitischen Spielchen zu mißbrauchen.	Anyone who wants to hold a serious discussion on human rights in the EU should talk about human rights and not abuse these valuable and excellent reports for tactical domestic policy games.					
TRUE						
						
Wir werden auch prüfen, wie wir diese Maßnahmen noch <L1>intensivieren</L1> können.	We are also open to opportunities for strengthening them.	stützen stärken intensivieren ankurbeln verstärken untermauern vertiefen				
Wir werden auch prüfen, wie wir diese Maßnahmen noch <N1>verstärken</N1> können.	We are also open to opportunities for strengthening them.					
TRUE						
						
Zur Geschäftsordnung hat der <L0>Kollege</L0> Pirker nicht gesprochen, sondern, <L1>clever</L1> wie er ist, hat er unter dem Deckmantel eines Antrags zur Geschäftsordnung eine kleine Rede von zweieinhalb Minuten gehalten, was man ihm als Österreicher, der zudem aus Kärnten kommt, nachsehen muß.	Clever as he is, he has taken cover under a point of order to give a short, two-and-a-half minute speech as to what we must forgive him for as an Austrian who also comes from Carinthia.	pfiffig clever smart | tückisch heimtückisch pfiffig listig clever gerissen hinterlistig schlau verschlagen durchtrieben | originell geschickt einfallsreich erfinderisch findig pfiffig clever schlau gescheit raffiniert gewieft aufgeweckt gefitzt ausgeschlafen auf Draht ausgebufft auf Zack helle plietsch gewitzt jenisch alert	added 1 loanword			
Zur Geschäftsordnung hat der <N0>Amtsgenosse</N0> Pirker nicht gesprochen, sondern, <N1>schlau</N1> wie er ist, hat er unter dem Deckmantel eines Antrags zur Geschäftsordnung eine kleine Rede von zweieinhalb Minuten gehalten, was man ihm als Österreicher, der zudem aus Kärnten kommt, nachsehen muß.	Clever as he is, he has taken cover under a point of order to give a short, two-and-a-half minute speech as to what we must forgive him for as an Austrian who also comes from Carinthia.					
TRUE						
						
Sie sind sogar sehr unterschiedlich und müssen <L1>separat</L1> behandelt werden.	They are quite different and must be dealt with quite separately.	getrennt separat extra gesondert | abgeschlossen separat | unabhängig abgetrennt geteilt einzeln abgesondert getrennt individuell separat				
Sie sind sogar sehr unterschiedlich und müssen <N1>getrennt</N1> behandelt werden.	They are quite different and must be dealt with quite separately.					
TRUE						
						
Wie <L1>kreieren</L1> wir neue Märkte?	How can we create new markets?	realisieren entwerfen schaffen entwickeln gestalten anfertigen schöpfen formen hervorbringen erstellen erzeugen kreieren produzieren erschaffen				
Wie <N1>schaffen</N1> wir neue Märkte?	How can we create new markets?					
TRUE						
						
Außerdem ist die demokratische <L0>Kontrolle</L0> über die nationalen Geheimdienste in jedem Fall <L1>primär</L1> eine Sache der nationalen Parlamente.	Furthermore, the democratic oversight of national intelligence services is, in any case, primarily a matter for national parliaments.	überwiegend größtenteils vorwiegend vor allem vorrangig primär hauptsächlich insbesondere in der Hauptsache schwerpunktmäßig vor allen Dingen | erst einmal zuvörderst zuallererst zuerst erstmal an erster Stelle in erster Linie vor allem vorrangig primär zunächst | dringend essentiell essenziell drastisch bedeutend wesentlich wichtig grundlegend prinzipiell primär heftig fundamental substanziell eminent von essentieller Bedeutung von essenzieller Bedeutung elementar von elementarer Bedeutung basal von grundlegender Bedeutung vehement resolut ins Gewicht fallend	added 1 loanword			
Außerdem ist die demokratische <N0>Überwachung</N0> der nationalen Geheimdienste in jedem Fall <N1>vorrangig</N1> eine Sache der nationalen Parlamente.	Furthermore, the democratic oversight of national intelligence services is, in any case, primarily a matter for national parliaments.					
TRUE						
						
Die polizeilichen Gegenstrategien, die dafür notwendig sind, verbleiben jedoch immer noch <L1>prioritär</L1> im nationalstaatlichen Zuständigkeitsbereich.	However, the police counter-strategies needed still mainly come within the jurisdiction of the nation states.	vorrangig prioritär mit Priorität | wesentlich wichtig prioritär oben auf der Prioritätenliste hat Vorfahrt steht im Vordergrund				
Die polizeilichen Gegenstrategien, die dafür notwendig sind, verbleiben jedoch immer noch <N1>vorrangig</N1> im nationalstaatlichen Zuständigkeitsbereich.	However, the police counter-strategies needed still mainly come within the jurisdiction of the nation states.					
TRUE						
						
Erstens: die Schaffung besserer internationaler Normen im Rahmen der ICAO, die Zusammenarbeit in dieser Organisation, um ein gemeinsames Ziel zu erreichen, nämlich die weitere Senkung des Lärms auf den Flughäfen und somit eine geringere Lärmbelastung durch die Anwendung modernster Technologien mit einer Frist für das <L1>phasing out</L1> der lärmintensivsten Flugzeuge durch die Errichtung eines Kapitels 4.	Firstly, we are going to seek higher international standards within the framework of the ICAO, we are going to cooperate within the ICAO and we are going to seek a common objective, which will be to reduce noise at airports even further and thereby achieve lower noise levels, by applying more modern technologies, with a phasing out period for the most noisy aircraft with the establishment of a chapter 4.	abgegriffen abgedroschen überkommen überholt veraltet hat seine Zeit gehabt passé vernutzt altmodisch nostalgisch hat seine Zeit hinter sich abgenudelt out längst vergessen geglaubt veraltend nicht mehr angesagt Schnee von gestern obsolet abgelutscht | überholt veraltet antiquiert passé altmodisch out nicht mehr angesagt Schnee von gestern abgelutscht ausgelutscht unmodern vorbei altbacken ausgedient haben aus der Mode anachronistisch uncool hat seine Chance gehabt zum alten Eisen gehörend war mal. hat seine besten Zeiten hinter sich Vergangenheit sein nicht mehr zeitgemäß damit lockt man keinen Hund mehr hinter dem Ofen hervor nicht mehr aktuell nicht mehr auf der Höhe der Zeit unzeitgemäß Die Zeiten sind vorbei nicht mehr Stand der Technik gute alte der Vergangenheit angehören gehört entsorgt nicht mehr State of the Art Old School abgemeldet nicht mehr in Mode vorsintflutlich nicht mehr up to date hatte seine Chance hat sich erledigt	extended tags: out -> phasing out			
Erstens: die Schaffung besserer internationaler Normen im Rahmen der ICAO, die Zusammenarbeit in dieser Organisation, um ein gemeinsames Ziel zu erreichen, nämlich die weitere Senkung des Lärms auf den Flughäfen und somit eine geringere Lärmbelastung durch die Anwendung modernster Technologien mit einer Frist für <N1>die Außerdienststellung</N1> der lärmintensivsten Flugzeuge durch die Errichtung eines Kapitels 4.	Firstly, we are going to seek higher international standards within the framework of the ICAO, we are going to cooperate within the ICAO and we are going to seek a common objective, which will be to reduce noise at airports even further and thereby achieve lower noise levels, by applying more modern technologies, with a phasing out period for the most noisy aircraft with the establishment of a chapter 4.					
TRUE						
						
Dabei könnte die EU unverzüglich konkrete und wirksame Maßnahmen beispielsweise in der Schuldenfrage oder hinsichtlich des Technologie<L0>transfers</L0> ergreifen, wo allerdings nur Unentschlossenheit und <L1>Ineffizienz</L1> zu <L2>konstatieren</L2> sind.	It could, on the other hand, be adopting direct, specific and effective measures on issues such as debt or technology transfer, where we see hesitancy and a lack of effectiveness.	feststellen festsetzen konstatieren festlegen | sehen aufklären erkennen feststellen entdecken konstatieren festmachen ausmachen verorten aufdecken eruieren auf die Spur kommen auf die Schliche kommen identifizieren detektieren ausfindig machen zutage fördern herausfinden zu Tage fördern ermitteln				added 2 loanwords
Dabei könnte die EU unverzüglich konkrete und wirksame Maßnahmen beispielsweise in der Schuldenfrage oder hinsichtlich des Technologie<N0>austauschs</N0> ergreifen, wo allerdings nur Unentschlossenheit und <N1>Langsamkeit</N1> <N2>festzustellen</N2> sind.	It could, on the other hand, be adopting direct, specific and effective measures on issues such as debt or technology transfer, where we see hesitancy and a lack of effectiveness.					
TRUE						
						
Die Rolle der <L1>NGO</L1> ist dabei ausdrücklich zu betonen.	The role of NGOs is particularly important in this context.	Nichtregierungsorganisation NGO nichtstaatliche Organisation				
Die Rolle der <N1>NRO</N1> ist dabei ausdrücklich zu betonen.	The role of NGOs is particularly important in this context.					
TRUE						
						
Dementsprechend ist die Fraktion Union für das Europa der Nationen auch dagegen, die 5,5 Mrd. Euro für die Balkanregion über eine Erhöhung der Obergrenze der Außenausgaben Europas und über eine Senkung der Obergrenzen in der Rubrik Landwirtschaft zu finanzieren. Wir sind gegen das <L1>perfide</L1> Argument, wonach diese Mittel nicht aus der Rubrik Landwirtschaft stammen, sondern aus den zusätzlichen Spielräumen für 2001 und 2002.	The Union for a Europe of Nations Group is equally opposed, out of concern for consistency, to any annual financing of the EUR 5.5 billion sought for the Balkans by increasing the ceiling on external expenditure by Europe and lowering the ceilings for the agricultural headings, on the deceitful pretext that the appropriations would not be taken from agriculture, but that it would be appropriate to release margins for 2001 and 2002.	bösartig übel mies garstig gemein boshaft gehässig böse tückisch arglistig verabscheuungswürdig verabscheuenswert unbarmherzig niederträchtig über Leichen gehend hundsgemein verwerflich ruchlos perfide fies verrucht infam schuftig intrigant abgefeimt hundig | meuchlings heimtückisch hinterhältig trickreich niederträchtig verräterisch perfide intrigant hinterlistig verschlagen hinterfotzig perfid hintertrieben				
Dementsprechend ist die Fraktion Union für das Europa der Nationen auch dagegen, die 5,5 Mrd. Euro für die Balkanregion über eine Erhöhung der Obergrenze der Außenausgaben Europas und über eine Senkung der Obergrenzen in der Rubrik Landwirtschaft zu finanzieren. Wir sind gegen das <N1>hinterhältige</N1> Argument, wonach diese Mittel nicht aus der Rubrik Landwirtschaft stammen, sondern aus den zusätzlichen Spielräumen für 2001 und 2002.	The Union for a Europe of Nations Group is equally opposed, out of concern for consistency, to any annual financing of the EUR 5.5 billion sought for the Balkans by increasing the ceiling on external expenditure by Europe and lowering the ceilings for the agricultural headings, on the deceitful pretext that the appropriations would not be taken from agriculture, but that it would be appropriate to release margins for 2001 and 2002.					
TRUE						
						
Ist es da verwunderlich, daß einige Menschen, die im besten Fall psychologisch anfällig sind und im schlimmsten Fall ganz bewußt <L1>kriminell</L1> handeln, jede Orientierung verlieren und sich nicht nur aufgrund der geographischen Entfernung oder der kulturellen Unterschiede, sondern auch, weil in ihrem eigenen Land diese Wertbezüge verloren gehen, verwerfliche Taten begehen?	We can hardly be surprised that certain individuals, at best psychologically weak, at worst deliberately criminal, lose all their moral principles and commit reprehensible acts not because of any geographic remoteness or cultural difference, but because, in their own countries, those moral principles have disintegrated.	kriminell verbrecherisch straffällig delinquent auf der schiefen Bahn | schwarz gesetzwidrig unberechtigt ungenehmigt unzulässig unautorisiert krumm illegal widerrechtlich ungesetzlich kriminell gesetzeswidrig rechtswidrig untersagt unrechtmäßig nicht erlaubt verboten unerlaubt | illegal ungesetzlich kriminell rechtswidrig verbrecherisch mafiös sträflich				
Ist es da verwunderlich, daß einige Menschen, die im besten Fall psychologisch anfällig sind und im schlimmsten Fall ganz bewußt <N1>verbrecherisch</N1> handeln, jede Orientierung verlieren und sich nicht nur aufgrund der geographischen Entfernung oder der kulturellen Unterschiede, sondern auch, weil in ihrem eigenen Land diese Wertbezüge verloren gehen, verwerfliche Taten begehen?	We can hardly be surprised that certain individuals, at best psychologically weak, at worst deliberately criminal, lose all their moral principles and commit reprehensible acts not because of any geographic remoteness or cultural difference, but because, in their own countries, those moral principles have disintegrated.					
TRUE						
						
Es besteht die Gefahr, daß Kinder im Internet <L1>surfen</L1> und selbst auf pornographische Bilder ihresgleichen stoßen und dadurch psychische Schäden davontragen.	There is the danger that children themselves may surf the Internet and come across pornographic images of their peers, thereby sustaining psychological damage.	browsen einen Webbrowser benutzen surfen | Surfing Wellenreiten Surfen				
Es besteht die Gefahr, daß Kinder das Internet <N1>benutzen</N1> und selbst auf pornographische Bilder ihresgleichen stoßen und dadurch psychische Schäden davontragen.	There is the danger that children themselves may surf the Internet and come across pornographic images of their peers, thereby sustaining psychological damage.					
TRUE						
						
Ich bin der Auffassung, daß der <L0>Fonds</L0> Maßnahmen zur <L1>Information</L1> der Öffentlichkeit über die Politik und Praxis der Mitgliedstaaten in bezug auf Flüchtlinge, Asylsuchende und andere <L2>temporär</L2> geschützte Personen <L3>finanzieren</L3> sollte.	I am of the opinion that the Fund should finance measures to inform the public concerning the policy and practice of the Member States with regard to refugees, asylum seekers and other temporarily protected persons.	zeitweilig nicht dauerhaft vorübergehend nicht auf Dauer zur Überbrückung nicht für immer für eine Übergangszeit kurzzeitig für eine Weile übergangsweise transient nicht von Dauer zeitlich begrenzt für den Übergang eine Zeit lang nicht für die Ewigkeit keine endgültige Lösung temporär	added 3 loanwords			
Ich bin der Auffassung, daß der <N0>Vermögensschatz</N0> Maßnahmen zur <N1>Unterrichtung</N1> der Öffentlichkeit über die Politik und Praxis der Mitgliedstaaten in bezug auf Flüchtlinge, Asylsuchende und andere <N2>zeitlich</N2> geschützte Personen <N3>bezahlen</N3> sollte.	I am of the opinion that the Fund should finance measures to inform the public concerning the policy and practice of the Member States with regard to refugees, asylum seekers and other temporarily protected persons.					
TRUE						
						
Ich möchte dem Berichterstatter für die gründliche Arbeit danken. Bei der Erarbeitung des Berichts wurde meiner Ansicht nach aber zu <L1>pedantisch</L1> vorgegangen und das Vorsorgeprinzip überbetont.	Mr President, Commissioner, ladies and gentlemen, I wish to thank the rapporteur for his thorough work but, in my opinion, the preparatory work has been carried out far too meticulously, with too much weight given to the precautionary principle.	kleinlich kleinkariert peinlich genau akribisch minuziös penibel minutiös detailversessen detailbesessen überpenibel pedantisch päpstlicher als der Papst hyperkorrekt übergenau buchhalterisch perfektionistisch pingelig detailverliebt	added 1 loanword			
Ich möchte dem Berichterstatter für die gründliche Arbeit danken. Bei der Erarbeitung des Berichts wurde meiner Ansicht nach aber zu <N1>kleinlich</N1> vorgegangen und der <N2>Vorsorgegrundsatz</N2> überbetont.	Mr President, Commissioner, ladies and gentlemen, I wish to thank the rapporteur for his thorough work but, in my opinion, the preparatory work has been carried out far too meticulously, with too much weight given to the precautionary principle.					
TRUE						
						
Pflanzen und Tiere sind keine <L0>Produktions</L0>faktoren, die sich so einfach <L1>manipulieren</L1> lassen.	Plants and animals are not production factors which can simply be manipulated.	frisieren verfälschen manipulieren klittern fälschen faken schönen | vertuschen zudecken verdecken verschleiern verheimlichen verschweigen in die Irre führen etwas unter den Teppich kehren manipulieren Nebelkerzen werfen jemandem Sand in die Augen streuen | etwas vorgeben vortäuschen einseifen manipulieren Nebelkerzen werfen so tun als ob einnebeln auftischen Floh ins Ohr setzen Bären aufbinden suggerieren (jemanden von etwas) zu überzeugen versuchen vormachen hinwegtäuschen über einreden Köpfe vernebeln (jemanden etwas) glauben machen jemandem Sand in die Augen streuen weismachen Augenwischerei betreiben einflüstern | beherrschen verändern beeinflussen lenken manipulieren steuern	added 1 loanword			
Pflanzen und Tiere sind keine <N0>Herstellungsfaktoren</N0>, die sich so einfach <N1>verfälschen</N1> lassen.	Plants and animals are not production factors which can simply be manipulated.					
TRUE						
						
Wenn wir in der EU den Einsatz gentechnisch veränderter Organismen erschweren oder gar <L0>blockieren</L0>, <L1>manövrieren</L1> wir uns in diesem wichtigen Bereich endgültig ins Abseits.	If we in the EU hamper or even block the use of genetically modified organisms, we shall be manoeuvring ourselves into a backwater in this important area.	führen navigieren leiten regieren bugsieren lotsen dirigieren schleusen geleiten manövrieren | führen leiten kontrollieren regieren dirigieren manövrieren lenken Weichen stellen steuern	added 1 loanword			
Wenn wir in der EU den Einsatz gentechnisch veränderter Organismen erschweren oder gar <N0>verhindern</N0>, <N1>bewegen</N1> wir uns in diesem wichtigen Bereich endgültig ins Abseits.	If we in the EU hamper or even block the use of genetically modified organisms, we shall be manoeuvring ourselves into a backwater in this important area.					
TRUE						
						
Im übrigen wird in den Schlußfolgerungen der Ratspräsidentschaft ja kühn erklärt, gefragt sei die Verbesserung der Beschäftigungsfähigkeit , und getreu dieser Logik werden sowohl die Informationsgesellschaft als auch die Bildung <L1>ungeniert</L1> als Werkzeuge zum Ausbau der Teilzeitbeschäftigung, der <L2>Tele</L2>arbeit und der Heimarbeit benutzt.	Besides, the Presidency' s conclusions boldly state that the aim is 'improved employability' and both the information society and education are dragged along in chains to serve that rationale as tools to support part-time work, tele-employment and piecework employment.	unbekümmert vorlaut zwanglos ungezwungen schamlos frech kess keck vorwitzig ungeniert schmerzfrei locker-flockig locker vom Hocker ohne falsche Scham | schamlos ohne Bedenken ungeniert ohne Hemmungen | unverdrossen fröhlich ungeniert einfach weiter lustig munter einfach nicht aufhören zu | schlankweg spontan einfach so umstandslos ohne viel Federlesens bedenkenlos ohne langes Überlegen ohne Umschweife ungeniert ohne weiteres ohne Weiteres a limine mir nichts dir nichts kurzentschlossen ohne viel Aufhebens kurz entschlossen ohne lange zu fackeln ohne Wenn und Aber brevi manu ohne Zögern vom Fleck weg unbesehen ohne lange zu überlegen kurzerhand ohne zu fragen ohne zu zögern kurzweg ohneweiters kurz und schmerzlos | ungeziert ungeniert	added 1 loanword			
Im übrigen wird in den Schlußfolgerungen der Ratspräsidentschaft ja kühn erklärt, gefragt sei die Verbesserung der Beschäftigungsfähigkeit , und getreu dieser Logik werden sowohl die Informationsgesellschaft als auch die Bildung <N1>schamlos</N1> als Werkzeuge zum Ausbau der Teilzeitbeschäftigung, der <N2>Fern</N2>arbeit und der Heimarbeit benutzt.	Besides, the Presidency' s conclusions boldly state that the aim is 'improved employability' and both the information society and education are dragged along in chains to serve that rationale as tools to support part-time work, tele-employment and piecework employment.					
TRUE						
						
Zweitens <L1>reservieren</L1> sich die bevölkerungsreichen Mitgliedstaaten den Löwenanteil.	Secondly, Member States with a large population get more than their fair share.	bestellen buchen blocken vorbestellen vormerken reservieren sich freihalten lassen widmen zuteilen hinterlegen zusichern belegen vorbehalten zurückhalten zurücklegen auf die Seite legen beiseitelegen zuweisen allozieren				
Zweitens <N1>beanspruchen</N1> die bevölkerungsreichen Mitgliedstaaten den Löwenanteil.	Secondly, Member States with a large population get more than their fair share.					
TRUE						
						
Dennis Halliday, der aus <L0>Protest</L0> gegen die <L1>Sanktionen</L1> von seinem <L2>Posten</L2> als <L3>Direktor</L3> der humanitären <L4>UN-Mission</L4> im Irak zurückgetreten ist, bestätigte die UNICEF-<L5>Statistik</L5>, daß monatlich fünf- bis sechstausend Kinder als eine direkte Folge von <L3>Sanktionen</L3> sterben.	Denis Halliday, who resigned his position as Director of the UN Humanitarian Mission in Iraq in protest at the sanctions, confirmed the UNICEF statistics that 5 000 to 6 000 children die every month as a direct result of sanctions.		added 5 loanwords			
Dennis Halliday, der aus <N0>Einspruch</N0> gegen die <N1>Strafen</N1> von seinem <N2>Amt</N2> als <N3>Leitender</N3> des humanitären <N4>UN-Auftrags</N4> im Irak zurückgetreten ist, bestätigte die UNICEF-<N5>Datenerhebung</N5>, daß monatlich fünf- bis sechstausend Kinder als eine direkte Folge von Sanktionen sterben.	Denis Halliday, who resigned his position as Director of the UN Humanitarian Mission in Iraq in protest at the sanctions, confirmed the UNICEF statistics that 5 000 to 6 000 children die every month as a direct result of sanctions.					
TRUE						
						
Wir müssen außerdem die Bombardierungen ansprechen, die ohne <L1>UN-Mandat</L1> stattfinden.	We also have to address the bombings that are taking place without any UN mandate.					
Wir müssen außerdem die Bombardierungen ansprechen, die ohne <N1>UN-Auftrag</N1> stattfinden.	We also have to address the bombings that are taking place without any UN mandate.					
TRUE						
						
<L1>UNICEF</L1> spricht von etwa einer halben Million Kinder, die infolge dieses Embargos seit neun Jahren umgekommen sind, und zwar ohne daß die <L2>zivilisierte</L2> Gemeinschaft die geringste <L3>Notiz</L3> davon nahm.	UNICEF estimates that half a million children have died as a result of nine years of sanctions, to the utter indifference of the civilised world.	Kinderhilfswerk der Vereinten Nationen Weltkinderhilfswerk UNICEF	added 2 loanwords			
<N1>UNICEF</N1> spricht von etwa einer halben Million Kinder, die infolge dieses Embargos seit neun Jahren umgekommen sind, und zwar ohne daß die <N2>bürgerliche</N2> Gemeinschaft die geringste <N3>Kenntnis</N3> davon nahm.	UNICEF estimates that half a million children have died as a result of nine years of sanctions, to the utter indifference of the civilised world.					
TRUE						
						
Landreformen sind eines der wichtigsten Dinge im ganzen südlichen Afrika. Darum ist es gerade so <L1>banal</L1> zu sehen, daß dies von Mugabe, wie er es auch bei vorangegangenen Wahlen getan hat, wieder kurz vor den Wahlen mißbraucht wird.	Land reform is one of the most important issues throughout southern Africa, so it is therefore not surprising to see that it is again being exploited by Mugabe to his advantage, just prior to the elections, exactly as he has done in previous elections.	schlicht banal simpel | schlicht einfach banal ordinär gewöhnlich stinknormal überall vorhanden nichts Besonderes schnöde gibt's im Überfluss mittelprächtig normal mittelmäßig profan alltäglich gemein handelsüblich durchschnittlich Plain Vanilla | nichtssagend billig leer witzlos wohlfeil beliebig geistlos trivial oberflächlich platt inhaltsleer seicht flau ohne Aussage abgedroschen banal abgeschmackt schal nichts sagend hohl				
Landreformen sind eines der wichtigsten Dinge im ganzen südlichen Afrika. Darum ist es gerade so <N1>ernüchternd</N1> zu sehen, daß dies von Mugabe, wie er es auch bei vorangegangenen Wahlen getan hat, wieder kurz vor den Wahlen mißbraucht wird.	Land reform is one of the most important issues throughout southern Africa, so it is therefore not surprising to see that it is again being exploited by Mugabe to his advantage, just prior to the elections, exactly as he has done in previous elections.					
TRUE						
						
Es kommt ja nicht oft vor, daß wir dringliche Angelegenheiten besprechen, die Veränderungen zum Besseren bewirken könnten, denn eigentlich sind wir sehr <L1>reaktionär</L1> und <L2>diskutieren</L2> ständig über Dinge, auf die wir keinen Einfluß haben.	It is not often that we discuss urgencies that might be able to change something for the better. We are always very reactionary and talk about things that we really cannot affect.	reaktionär rückwärtsgewandt ewig gestrig unfortschrittlich rückschrittlich restaurativ	added 1 loanword			
Es kommt ja nicht oft vor, daß wir dringliche Angelegenheiten besprechen, die Veränderungen zum Besseren bewirken könnten, denn eigentlich sind wir sehr <N1>forschrittsfeindlich</N1> und <N2>sprechen</N2> ständig über Dinge, auf die wir keinen Einfluß haben.	It is not often that we discuss urgencies that might be able to change something for the better. We are always very reactionary and talk about things that we really cannot affect.					
TRUE						
						
Die <L0>Delegation</L0> der Kommission muß hinreichend ausgestattet sein, um dies selbständig und <L1>professionell</L1> tun zu können.	The Commission delegation must be sufficiently equipped to be able to do this independently and to a professional standard.	beruflich professionell | professionell fachgemäß fachgerecht fachmännisch Gelernt ist gelernt. vom Fach | erfahren bewandert professionell beschlagen qualifiziert kompetent fachkundig kundig hat Ahnung kenntnisreich kennt sich aus sachverständig sachkundig	added 1 loanword			
Die <N0>Abgesandten</N0> der Kommission müssen hinreichend ausgestattet sein, um dies selbständig und <N1>ordentlich</N1> tun zu können.	The Commission delegation must be sufficiently equipped to be able to do this independently and to a professional standard.					
TRUE						
						
Wir hatten eine solche Summe vorgeschlagen, um die genehmigten Mittel effizienter und nutzbringender einzusetzen und strategische Ziele <L1>anvisieren</L1> zu können, anstatt sich mit den Details einzelner Projekte zu beschäftigen.	We proposed such a level in order to use the committed resources in a more efficient and useful way and to deal with strategic issues rather than the details of individual projects.	anpeilen etwas in den Blick nehmen es abgesehen haben auf willens sein beabsichtigen etwas fixieren erstreben hinter etwas her sein streben nach sich konzentrieren anvisieren (erreichen) wollen anstreben ringen um bezwecken es anlegen auf alles tun, um zu sich auf die Fahnen geschrieben haben darauf aus sein abzielen vorhaben gewillt sein intendieren zum Ziel setzen hinarbeiten trachten nach in den Kopf setzen (zu tun) gedenken im Sinne haben fest vornehmen | in den Blick nehmen anvisieren fokussieren in den Fokus nehmen sich konzentrieren auf in den Mittelpunkt stellen Fokus richten auf				
Wir hatten eine solche Summe vorgeschlagen, um die genehmigten Mittel effizienter und nutzbringender einzusetzen und strategische Ziele <N1>ins Auge nehmen</N1> zu können, anstatt sich mit den Details einzelner Projekte zu beschäftigen.	We proposed such a level in order to use the committed resources in a more efficient and useful way and to deal with strategic issues rather than the details of individual projects.					
TRUE						
						
Der Reformplan von Herrn Kinnock ist <L1>visionär</L1> und realistisch.	Mr Kinnock' s reform plan is, on the whole, both visionary and realistic.	vorausahnend visionär vorahnend ahnungsvoll | visionär richtungsweisend zukunftsweisend bahnbrechend seiner Zeit voraus wegweisend | visionär realitätsfern utopisch nur in der Phantasie möglich über den Wolken schweben unrealistisch realitätsfremd wirklichkeitsfremd nur in der Fantasie möglich unerfüllbar				
Der Reformplan von Herrn Kinnock ist <N1>zukunftsweisend</N1> und <N2>an der WIrklichkeit orientiert</N2>.	Mr Kinnock' s reform plan is, on the whole, both visionary and realistic.					
TRUE						
						
Die Sonntagsarbeit hat uns vor allem deshalb vor große Probleme gestellt, weil die Kommission früher etwas zu <L1>nonchalant</L1> über dieses <L2>komplizierte</L2> Thema hinweggegangen ist.	This was a major obstacle for us, mainly because the Commission had skirted this thorny issue a little too easily in the past.	unbekümmert nonchalant salopp unernst hanswurstig flapsig | locker unerschütterlich detachiert ruhig lässig cool kühl gelassen seelenruhig nonchalant ungerührt ohne mit der Wimper zu zucken gleichmütig gezügelt nervenstark gefasst stoisch kaltblütig nicht aus der Ruhe zu bringen souverän unaufgeregt	added 1 loanword			
Die Sonntagsarbeit hat uns vor allem deshalb vor große Probleme gestellt, weil die Kommission früher etwas zu <N1>unbekümmert</N1> über dieses <N2>vertrackte</N2> Thema hinweggegangen ist.	This was a major obstacle for us, mainly because the Commission had skirted this thorny issue a little too easily in the past.					
TRUE						
						
Auch der Kommission möchte ich danken, denn hier ist nicht genug gewürdigt worden, daß sie dem Parlament in dieser ganzen Debatte fast immer - Frau Diamantopoulou, ich möchte Sie nicht <L1>kompromittieren</L1> - ihre technische und sogar auch politische Unterstützung gewährt hat, insbesondere bei bedeutsamen Änderungsanträgen.	I should like to pay tribute to the Commission. Without wishing to embarrass you, Mrs Diamantopoulou, throughout almost all this debate Parliament has had the technical and even political support of the Commission, particularly on the important amendments.	vorführen an den Pranger stellen bloßstellen kompromittieren blamieren lächerlich machen zum Gespött machen mit heruntergelassener Hose dastehen lassen desavouieren				
Auch der Kommission möchte ich danken, denn hier ist nicht genug gewürdigt worden, daß sie dem Parlament in dieser ganzen Debatte fast immer - Frau Diamantopoulou, ich möchte Sie nicht <N1>vorführen</N1> - ihre technische und sogar auch politische Unterstützung gewährt hat, insbesondere bei bedeutsamen Änderungsanträgen.	I should like to pay tribute to the Commission. Without wishing to embarrass you, Mrs Diamantopoulou, throughout almost all this debate Parliament has had the technical and even political support of the Commission, particularly on the important amendments.					
TRUE						
						
Als wesentliches politisches Thema dieser gesamten Debatte erwies sich die Ausarbeitung einer kohärenten Strategie für die Raumfahrt sowie die Förderung der Zusammenarbeit zwischen der Europäischen Union und der <L1>ESA</L1> auf der Grundlage konkreter Ziele und innerhalb eines klar abgesteckten Rahmens.	The main political issue in the entire discussion concerned the development of a coherent approach to space and the promotion of collaboration between the European Union and the ESA on the basis of specific targets and within a clear framework.	Europäische Weltraumbehörde Europäische Weltraumorganisation ESA European Space Agency	not loanword			
Als wesentliches politisches Thema dieser gesamten Debatte erwies sich die Ausarbeitung einer kohärenten Strategie für die Raumfahrt sowie die Förderung der Zusammenarbeit zwischen der Europäischen Union und der <N1>ESA</N1> auf der Grundlage konkreter Ziele und innerhalb eines klar abgesteckten Rahmens.	The main political issue in the entire discussion concerned the development of a coherent approach to space and the promotion of collaboration between the European Union and the ESA on the basis of specific targets and within a clear framework.					
TRUE						
						
Dann wäre mein Änderungsantrag 63, in dem Religion positiv erwähnt wird, auch nicht nötig, und das Gleichgewicht wäre wieder vollkommen hergestellt. Dann hätten wir auch einen Bericht, der <L1>clean</L1> ist.	This would then render my Amendment No 63 redundant, where religion is seen in a positive light, as we would thus redress the balance and have a clean report.					
Dann wäre mein Änderungsantrag 63, in dem Religion positiv erwähnt wird, auch nicht nötig, und das Gleichgewicht wäre wieder vollkommen hergestellt. Dann hätten wir auch einen Bericht, der <N1>sauber</N1> ist.	This would then render my Amendment No 63 redundant, where religion is seen in a positive light, as we would thus redress the balance and have a clean report.					
TRUE						
						
Im Grunde ist jedoch der uns heute vorliegende Text dermaßen von der <L1>fixen</L1> <L2>Idee</L2> durchdrungen, Jagd auf Diskriminierungen zu machen, daß er die elementaren Grundsätze des Rechtsstaates und sogar den Gleichbehandlungsgrundsatz aus dem Auge verliert.	In reality, however, the text before us is so obsessed with hunting down discrimination that it completely loses sight of the basic principles of the rule of law and even, to crown it all, the principle of equal treatment between persons.	drücken fixen sich Drogen spritzen | verbessern ausbessern überarbeiten berichtigen ausbügeln korrigieren fixen emendieren	added 1 loanword			
Im Grunde ist jedoch der uns heute vorliegende Text dermaßen von dem <N1>festgefahrenen</N1> <N2>Gedankens</N2> durchdrungen, Jagd auf Diskriminierungen zu machen, daß er die elementaren Grundsätze des Rechtsstaates und sogar den Gleichbehandlungsgrundsatz aus dem Auge verliert.	In reality, however, the text before us is so obsessed with hunting down discrimination that it completely loses sight of the basic principles of the rule of law and even, to crown it all, the principle of equal treatment between persons.					
TRUE						
						
Gewiß, aber es ist auch unlogisch, das Kosovo zu <L1>bombardieren</L1> und anschließend für den Wiederaufbau zu zahlen, ebenso wie es unlogisch ist, die Grenzen abzuschaffen und auf diese Weise die Zolleinnahmen zu verlieren, nur um anschließend zum Schutz der finanziellen Interessen der Europäischen Union das OLAF zu gründen.	True, but it is just as inconsistent to bomb Kosovo and then pay to rebuild it, or to eliminate internal borders and lose customs duties and then set up OLAF to defend the financial interests of the European Union.	bombardieren reich bedenken überhäufen überschütten eindecken zumüllen zuscheißen				
Gewiß, aber es ist auch unlogisch, das Kosovo <N1>aus der Luft anzugreifen</N1> und anschließend für den Wiederaufbau zu zahlen, ebenso wie es unlogisch ist, die Grenzen abzuschaffen und auf diese Weise die Zolleinnahmen zu verlieren, nur um anschließend zum Schutz der finanziellen Interessen der Europäischen Union das OLAF zu gründen.	True, but it is just as inconsistent to bomb Kosovo and then pay to rebuild it, or to eliminate internal borders and lose customs duties and then set up OLAF to defend the financial interests of the European Union.					
TRUE						
						
Die Kommission bestätigt, daß sämtliche Projekte aus dem Dritten und Vierten Rahmenprogramm gemäß den Vertragsbestimmungen <L1>regulär</L1> zu Ende geführt werden müssen.	The Commission confirms that, pursuant to contractual arrangements, all outstanding projects from the Third and Fourth Framework Programmes must be completed properly.	gleichmäßig regulär regelmäßig in gleichen Abständen | vorschriftsmäßig laut Vorschrift ordnungsgemäß regelgemäß nach Vorschrift regelrecht wie vorgeschrieben reglementarisch ordnungsmäßig regulär				
Die Kommission bestätigt, daß sämtliche Projekte aus dem Dritten und Vierten Rahmenprogramm gemäß den Vertragsbestimmungen <N1>ordentlich</N1> zu Ende geführt werden müssen.	The Commission confirms that, pursuant to contractual arrangements, all outstanding projects from the Third and Fourth Framework Programmes must be completed properly.					
TRUE						
						
Erstens: Das sicherheitspolitische Leitbild ist militärisch, nicht politisch, <L1>zivil</L1> und kooperativ geprägt. Darüber kann der Abschnitt zur präventiven und zivilen Sicherheitspolitik nicht hinwegtäuschen.	First: the security policy template is a military, not a political, civil or cooperative one and the section on preventive and civil security policy cannot hide that fact.	zivil nichtmilitärisch	hard			
Erstens: Das sicherheitspolitische Leitbild ist militärisch, nicht politisch, <N1>öffentlich</N1> und kooperativ geprägt. Darüber kann der Abschnitt zur präventiven und zivilen Sicherheitspolitik nicht hinwegtäuschen.	First: the security policy template is a military, not a political, civil or cooperative one and the section on preventive and civil security policy cannot hide that fact.					
TRUE						
						
Zu sagen, dies sei nicht Sache des Rates, ist Drückebergerei, um es einmal <L1>salopp</L1> auszudrücken.	To use a slang word it is a 'cop-out' to say that it is not a matter for the Council.	dreist unverschämt impertinent nassforsch rotzfrech unangemessen pampig präpotent anmaßend respektlos unbotmäßig unartig ungehobelt unflätig unhöflich ungeschliffen unmanierlich rotznäsig unanständig frech unverfroren ungezogen schlecht erzogen rücksichtslos ungehörig ungebührlich salopp nickelig schnodderig kodderig ungesittet dreibastig kotzbrockig koddrig patzig frech wie Dreck flapsig ungebührend | locker hemdsärmelig bequem ungezwungen salopp hemdärmelig hemdärmlig | leger informell lässig salopp sportlich | kess salopp | unbekümmert nonchalant salopp unernst hanswurstig flapsig				
Zu sagen, dies sei nicht Sache des Rates, ist Drückebergerei, um es einmal <N1>vereinfacht</N1> auszudrücken.	To use a slang word it is a 'cop-out' to say that it is not a matter for the Council.					
TRUE						
						
Wir distanzieren uns von der ideologischen Tagesordnung, die im Entschließungsantrag <L1>ambitiös</L1> genannt wird, aber eine katastrophale Aushöhlung der demokratischen Systeme der Mitgliedstaaten beinhaltet.	We disassociate ourselves from the ideological agenda, which the motion for a resolution calls ambitious and which involves a disastrous undermining of democracy in the Member States.	anspruchsvoll ambitioniert sportlich ambitiös ehrgeizig				
Wir distanzieren uns von der ideologischen Tagesordnung, die im Entschließungsantrag <N1>ehrgeizig</N1> genannt wird, aber eine katastrophale Aushöhlung der demokratischen Systeme der Mitgliedstaaten beinhaltet.	We disassociate ourselves from the ideological agenda, which the motion for a resolution calls ambitious and which involves a disastrous undermining of democracy in the Member States.					
TRUE						
						
Sagen Sie das Ihren Kolleginnen und Kollegen, sorgen Sie dafür, daß sie hier <L0>präsent</L0> sind, und <L1>hacken</L1> Sie nicht auf ihnen herum.	Spread the word to your fellow delegates, persuade them to attend without biting their heads off.	implementieren proggen programmieren entwickeln coden hacken | hacken zerhäckseln häckseln zerschnetzeln zerstückeln zerhacken schnetzeln zerkleinern | Absatz Stöckel Hacken | eingeben hacken tippen (auf einer Tastatur) schreiben	not loanword, added 1 loanword			
Sagen Sie das Ihren Kolleginnen und Kollegen, sorgen Sie dafür, daß sie hier <N0>präsent</N0> sind, und <N1>hacken</N1> Sie nicht auf ihnen herum.	Spread the word to your fellow delegates, persuade them to attend without biting their heads off.					
TRUE						
						
Bei Nußbäumen <L1>rentieren</L1> sich die Investitionen erst über einen Zeitraum von etwa 18 Jahren, und daher denke ich, daß die Logik und die wirtschaftliche sowie finanzielle Kohärenz wie auch die politische Kohärenz erfordern, daß die Kommission sich diesen Produktionsarten gegenüber von Kontinuität, Logik und gesundem Menschenverstand leiten läßt.	For walnut trees, for example, the return on investment is around 18 years, and consequently, I believe that economic and financial logic and coherence, and also political coherence, require that for these crops, the Commission should show continuity, logic and common sense.					
Bei Nußbäumen <N1>lohnen</N1> sich die Investitionen erst über einen Zeitraum von etwa 18 Jahren, und daher denke ich, daß die Logik und die wirtschaftliche sowie finanzielle Kohärenz wie auch die politische Kohärenz erfordern, daß die Kommission sich diesen Produktionsarten gegenüber von Kontinuität, Logik und gesundem Menschenverstand leiten läßt.	For walnut trees, for example, the return on investment is around 18 years, and consequently, I believe that economic and financial logic and coherence, and also political coherence, require that for these crops, the Commission should show continuity, logic and common sense.					
TRUE						
						
Einen Ausweg muß es geben, ob er aber <L1>elegant</L1> ist, bezweifle ich.	There will certainly be a way out, but I doubt that it will be a graceful one.	geil fesch schmuck elegant flott schnittig schnatz cool frech schmissig modisch schnieke todschick chic todchic kleidsam schick | elegant beweglich geschickt gewandt wendig anpassungsfähig glattzüngig | elegant extravagant nobel exklusiv fein vornehm mondän | elegant nobel fein distinguiert vornehm betont vornehm | gazellenhaft graziös voller Anmut geschmeidig edel zart grazil zierlich elegant anmutig				
Einen Ausweg muß es geben, ob er aber <N1>schön</N1> ist, bezweifle ich.	There will certainly be a way out, but I doubt that it will be a graceful one.					
TRUE						
						
Wir müssen allerdings eingestehen, daß die Union unter ihrem institutionellen Deckmantel noch immer wenig <L1>originell</L1> agiert, während gewisse europapolitische Entscheidungsträger über die Presse diverse Ideen verbreiten, die die europäischen Bürger zur Kenntnis nehmen, ohne allerdings in irgendeiner Weise an den jeweiligen Diskussionen teilnehmen zu können.	However, we must concede that, institutionally, the Union is in a rut. At the same time, certain parties responsible for European policy are voicing various ideas in the press which the citizens of Europe can follow, but without the opportunity to take part in any debate.	originell neuartig innovativ frisch neu entwickelt nie dagewesen neu auf dem Markt der letzte Schrei neu entstanden noch nicht dagewesen | originell ingeniös ideenreich einfallsreich erfinderisch fantasiebegabt phantasiebegabt phantasievoll innovativ gestalterisch kreativ fantasievoll schöpferisch erfindungsreich | originell eigenartig eigen ausgefallen eigentümlich idiosynkratisch besonders | originell geschickt einfallsreich erfinderisch findig pfiffig clever schlau gescheit raffiniert gewieft aufgeweckt gefitzt ausgeschlafen auf Draht ausgebufft auf Zack helle plietsch gewitzt jenisch alert | originell vigilant mit Witz findig geistreich blitzgescheit witzig pfiffig				
Wir müssen allerdings eingestehen, daß die Union unter ihrem institutionellen Deckmantel noch immer wenig <N1>schöpferisch</N1> agiert, während gewisse europapolitische Entscheidungsträger über die Presse diverse Ideen verbreiten, die die europäischen Bürger zur Kenntnis nehmen, ohne allerdings in irgendeiner Weise an den jeweiligen Diskussionen teilnehmen zu können.	However, we must concede that, institutionally, the Union is in a rut. At the same time, certain parties responsible for European policy are voicing various ideas in the press which the citizens of Europe can follow, but without the opportunity to take part in any debate.					
TRUE						
						
Wir haben eine historische Verantwortung zur Überwindung von Grenzen - und nicht dazu, <L0>Konflikte</L0> <L1>eskalieren</L1> zu lassen, wie dies im Fall Österreich geschehen ist.	We have an historic responsibility to overcome barriers and not to intensify conflicts in the way that happened in the case of Austria.	eskalieren weit kommen sich ausweiten zu | eskalieren sich aufschaukeln sich hochschaukeln Spirale der Gewalt dreht sich weiter Spirale in Gang setzen (immer) schlimmer werden | ausarten eskalieren sich verschärfen an Schärfe gewinnen aggressiver werden schärfer werden auf die Spitze getrieben werden sich zuspitzen	added 1 loanword			
Wir haben eine historische Verantwortung zur Überwindung von Grenzen - und nicht dazu, <N0>Streite</N0> <N1>ausarten</N1> zu lassen, wie dies im Fall Österreich geschehen ist.	We have an historic responsibility to overcome barriers and not to intensify conflicts in the way that happened in the case of Austria.					
TRUE						
						
Wir brauchen, um es auf Englisch zu sagen, einen <L1>nice</L1> treaty in Nice, und dabei zähle ich auf Sie.	What we need is, if I might use the English phrase, a 'nice treaty in Nice' , and I am counting on you.		not comphrenesible			
Wir brauchen, um es auf Englisch zu sagen, einen <N1>nice</N1> treaty in Nice, und dabei zähle ich auf Sie.	What we need is, if I might use the English phrase, a 'nice treaty in Nice' , and I am counting on you.					
TRUE						
						
Präsident Chirac hat erneut betont, daß Frankreich das Ersuchen Deutschlands um einen Sitz als ständiges Mitglied im <L1>UN-Sicherheitsrat</L1> unterstützen wird, wobei er den Willen bekräftigt hat, die deutsch-französische Achse im Rahmen einer lediglich zwischenstaatlichen Vision von der künftigen Architektur der Europäischen Union zu stärken.	President Chirac once again expressed French support for the German application for a permanent seat at the United Nations Security Council, confirming his intention to strengthen the French-German axis in the context of a purely intergovernmental vision of the future structure of the European Union.		not loanword			
Präsident Chirac hat erneut betont, daß Frankreich das Ersuchen Deutschlands um einen Sitz als ständiges Mitglied im <N1>UN-Sicherheitsrat</N1> unterstützen wird, wobei er den Willen bekräftigt hat, die deutsch-französische Achse im Rahmen einer lediglich zwischenstaatlichen Vision von der künftigen Architektur der Europäischen Union zu stärken.	President Chirac once again expressed French support for the German application for a permanent seat at the United Nations Security Council, confirming his intention to strengthen the French-German axis in the context of a purely intergovernmental vision of the future structure of the European Union.					
TRUE						
						
Die jüngsten Zwischenfälle waren Gegenstand von Beschwerden bei <L1>UNO-Generalsekretär</L1> Kofi Annan wegen <L2>massiver</L2> Verletzungen des zypriotischen Luftraums und des F.I.R. von Nikosia durch insgesamt 78 türkische Kampfflugzeuge am 27. und 30. April, am 1., 4., 5., 8., 9., 10., 12., 17., 18. und 19. sowie am 26. Mai 2000.	The latest incidents have been the subject of complaints to UN Secretary-General Kofi Annan on mass violations of Cypriot airspace and the Nicosia F.I.R. by a total of 78 Turkish fighter-planes on 27 and 30 April, and on 1, 4, 5, 8, 9, 10, 12, 17, 18, 19 and 26 May 2000.		not loanword, added 1 loanword			
Die jüngsten Zwischenfälle waren Gegenstand von Beschwerden bei <N1>UNO-Generalsekretär</N1> Kofi Annan wegen <N2>außerordentlicher</N2> Verletzungen des zypriotischen Luftraums und des F.I.R. von Nikosia durch insgesamt 78 türkische Kampfflugzeuge am 27. und 30. April, am 1., 4., 5., 8., 9., 10., 12., 17., 18. und 19. sowie am 26. Mai 2000.	The latest incidents have been the subject of complaints to UN Secretary-General Kofi Annan on mass violations of Cypriot airspace and the Nicosia F.I.R. by a total of 78 Turkish fighter-planes on 27 and 30 April, and on 1, 4, 5, 8, 9, 10, 12, 17, 18, 19 and 26 May 2000.					
TRUE						
						
Wir würden es für das bevorstehende Haushaltsverfahren außerordentlich begrüßen, wenn der Rat sich hier <L1>kulant</L1> zeigen und gemeinsam mit uns beschließen könnte.	It really would be most welcome for the forthcoming budgetary procedure if the Council could be accommodating here and vote with us.	gütig wohlwollend sanftmütig gefällig kulant milde gnädig großmütig mild entgegenkommend huldvoll großherzig				
Wir würden es für das bevorstehende Haushaltsverfahren außerordentlich begrüßen, wenn der Rat sich hier <N1>großzügig</N1> zeigen und gemeinsam mit uns beschließen könnte.	It really would be most welcome for the forthcoming budgetary procedure if the Council could be accommodating here and vote with us.					
TRUE						
						
Wir alle haben in den letzten Tagen sehr viele Briefe, Unterlagen und Gesprächsangebote bekommen, fast alle von Vertretern nationaler Eisenbahnen. Sie alle warnen <L1>unisono</L1> davor, die <L2>obligatorische</L2> Trennung zwischen Betrieb und Infrastruktur durchzuführen, wie es in den Vorschlägen des Berichterstatters Georg Jarzembowski verlangt wird.	We have all received a lot of letters, documents and requests for interviews over the last few days, nearly all from representatives of national railways and nearly all warning us, unisono against the compulsory separation of management and infrastructure called for in the proposals by the rapporteur Georg Jarzembowski.	übereinstimmend kongruent einhellig einmütig einstimmig unisono konform konkordant	added 1 loanword			
Wir alle haben in den letzten Tagen sehr viele Briefe, Unterlagen und Gesprächsangebote bekommen, fast alle von Vertretern nationaler Eisenbahnen. Sie alle warnen <N1>einstimmig</N1> davor, die <N2>verpflichtende</N2> Trennung zwischen Betrieb und Infrastruktur durchzuführen, wie es in den Vorschlägen des Berichterstatters Georg Jarzembowski verlangt wird.	We have all received a lot of letters, documents and requests for interviews over the last few days, nearly all from representatives of national railways and nearly all warning us, unisono against the compulsory separation of management and infrastructure called for in the proposals by the rapporteur Georg Jarzembowski.					
TRUE						
						
Wenn der Schienenverkehr liberalisiert wird, können wir dem Leben auf dem Lande <L1>adieu</L1> sagen, und aus diesem Grund widersetzen wir uns dieser blinden Liberalisierung und ihren Auswirkungen!	If the railways are liberalised, we can kiss rural life goodbye, which is why we are opposed to this blind liberalisation and its consequences.	lebe wohl habe die Ehre servus Adieu Tschauie Wiedersehen Auf Wiedersehen Tschüssikowski guten Tag bye-bye Tschö Tschüssie ciao Ade und tschüss salü leb wohl Bye Tschau cheerio gehab dich wohl Tüsskes Tschüss Tschüs Tschüssle baba pfiat di Tschü Adele Wiederhören | Servus lebe wohl ade vale adieu tschüs ciao tschüss				
Wenn der Schienenverkehr liberalisiert wird, können wir dem Leben auf dem Lande <N1>Tschüß</N1> sagen, und aus diesem Grund widersetzen wir uns dieser blinden Liberalisierung und ihren Auswirkungen!	If the railways are liberalised, we can kiss rural life goodbye, which is why we are opposed to this blind liberalisation and its consequences.					
TRUE						
						
Tatsächlich wurde bereits gegen dieses Verbot geklagt, das Verfahren wurde jedoch gestoppt, nachdem die Kommission sich bereiterklärt hatte, bis Ende des Jahres Validierungsverfahren für die Testmethoden vorzulegen, damit wir diese Stoffe und die alternativen Ersatzstoffe <L1>testen</L1> können.	Indeed, the case was to be brought to court but was put on hold when the Commission agreed to work to produce validation systems for the test methods by the end of this year; so we can test these and test the alternatives.	versuchen testen probieren es auf einen Versuch ankommen lassen sich wagen hineinschnuppern auf einen Versuch ankommen ausprobieren Test machen die Probe aufs Exempel machen erproben Versuch wagen es versuchen mit auf die Probe stellen sein Glück versuchen antesten sich herantrauen | versuchen verkosten abschmecken testen kosten degustieren probieren schmecken | überprüfen untersuchen inspizieren herausfinden ermitteln testen prüfen abtesten begutachten				
Tatsächlich wurde bereits gegen dieses Verbot geklagt, das Verfahren wurde jedoch gestoppt, nachdem die Kommission sich bereiterklärt hatte, bis Ende des Jahres Validierungsverfahren für die Testmethoden vorzulegen, damit wir diese Stoffe und die alternativen Ersatzstoffe <N1>prüfen</N1> können.	Indeed, the case was to be brought to court but was put on hold when the Commission agreed to work to produce validation systems for the test methods by the end of this year; so we can test these and test the alternatives.					
TRUE						
						
Die Briten <L1>trimmen</L1> ihre Kühe mit Tiermehl auf Höchstleistungen, um ihre <L2>Quoten</L2> zu erhöhen.	In order to increase their yield, the British stuffed their cows with bonemeal.	trainieren einüben abrichten dressieren konditionieren trimmen				
Die Briten <N1>bringen</N1> ihre Kühe mit Tiermehl auf Höchstleistungen, um ihre <N2>Anteile</N2> zu erhöhen.	In order to increase their yield, the British stuffed their cows with bonemeal.					
TRUE						
						
Damit haben wir wohl auch geklärt, wie <L0>Information</L0> weitergegeben werden soll, und wir haben darauf hingewiesen, daß die <L1>indoor</L1> <L2>pollution</L2> auch ein großes Problem ist, das in den Forschungsprogrammen der Europäischen Union behandelt werden sollte.	I have no doubt that these amendments will also have answered the question as to how information is to be communicated. Moreover, we have also drawn attention to the fact that indoor pollution is also a major problem which should be addressed by EU research programmes.		added 2 loanwords			
Damit haben wir wohl auch geklärt, wie <N0>Wissen</N0> weitergegeben werden soll, und wir haben darauf hingewiesen, daß die <N1>innerräumliche</N1> <N2>Verschmutzung</N2> auch ein großes Problem ist, das in den Forschungsprogrammen der Europäischen Union behandelt werden sollte.	I have no doubt that these amendments will also have answered the question as to how information is to be communicated. Moreover, we have also drawn attention to the fact that indoor pollution is also a major problem which should be addressed by EU research programmes.					
TRUE						
						
Wir können jetzt keine Debatte eröffnen, auch wenn das Thema sehr <L1>brisant</L1> ist.	We cannot start a debate now, even if the matter is an extremely sensitive issue.	mit Vorsicht zu genießen nicht ohne knifflig prekär schwierig heikel haarig kritisch neuralgisch brisant problembehaftet nicht unbedenklich nicht geheuer problematisch delikat verfänglich spinös brenzlig bedenklich | brisant konfliktgeladen explosiv hochexplosiv konfliktträchtig				
Wir können jetzt keine Debatte eröffnen, auch wenn das Thema sehr <N1>heiß</N1> ist.	We cannot start a debate now, even if the matter is an extremely sensitive issue.					
TRUE						
						
Dieses System muß unabhängig davon, wie streng die Regelungen sind, flexibler sein, damit alle Sektoren und alle Unternehmen in der Europäischen Union die Möglichkeit haben, sich im Rahmen des Gemeinschaftssystems für das Umweltmanagement und die Umweltbetriebsprüfung <L1>akkreditieren</L1> zu lassen.	There must be greater flexibility within this system no matter how stringent the rules are to ensure that all sectors and all businesses in the European Union have an opportunity to secure accreditation under the Community Eco-Management and Audit scheme.	bestätigen beglaubigen beurkunden zertifizieren bevollmächtigen testieren verbürgen vidimieren authentisieren akkreditieren vidieren quittieren				
Dieses System muß unabhängig davon, wie streng die Regelungen sind, flexibler sein, damit alle Sektoren und alle Unternehmen in der Europäischen Union die Möglichkeit haben, sich im Rahmen des Gemeinschaftssystems für das Umweltmanagement und die Umweltbetriebsprüfung <N1>zuzulassen</N1>.	There must be greater flexibility within this system no matter how stringent the rules are to ensure that all sectors and all businesses in the European Union have an opportunity to secure accreditation under the Community Eco-Management and Audit scheme.					
TRUE						
						
Kurzum, sorgen Sie, Frau Präsidentin, dafür, daß es zu einem wirklichen Dialog nach den Vorgaben des Fünfpunkte-Friedensplans des Dalai Lama kommt; dann wird es ein <L1>happy</L1> <L2>day</L2> für das gesamte tibetische Volk.	In sum, Madam President, I would urge you to ensure that a real dialogue is established according to the Dalai Lama' s five-point peace plan; it will then be a happy day for Tibet' s entire population.	froh glücklich zufrieden happy	added 1 loanword			
Kurzum, sorgen Sie, Frau Präsidentin, dafür, daß es zu einem wirklichen Dialog nach den Vorgaben des Fünfpunkte-Friedensplans des Dalai Lama kommt; dann wird es ein <N1>schöner</N1> <N2>Tag</N2> für das gesamte tibetische Volk.	In sum, Madam President, I would urge you to ensure that a real dialogue is established according to the Dalai Lama' s five-point peace plan; it will then be a happy day for Tibet' s entire population.					
TRUE						
						
<L0>Faktum</L0> ist aber auch, daß die Situation nach wie vor <L1>prekär</L1> ist, wobei ich ebenfalls behaupte, wie Frau Dr. Winkler, daß leider nicht nur die österreichische Regierung, sondern auch einige andere Regierungen der Beobachtungsstelle zumindest nicht genügend Unterstützung geben.	But it is also a fact that the situation remains precarious; and here I, like Dr Winkler, must also state that unfortunately not just the Austrian Government but also some other governments do not give the Monitoring Centre sufficient support.	bescheiden prekär schlecht schwach übel nicht rosig mau beschissen mies | schwer verständlich komplex verschachtelt knifflig prekär verhatscht vertrackt schwierig vigelinsch kein Zuckerschlecken vielschichtig mit einigen Unannehmlichkeiten verbunden heikel nicht einfach kompliziert keine einfache Lösung kein Zuckerlecken tricky verklausuliert diffizil verwickelt unübersichtlich schwer verzwickt mit Mühe verbunden | prekär labil | mit Vorsicht zu genießen nicht ohne knifflig prekär schwierig heikel haarig kritisch neuralgisch brisant problembehaftet nicht unbedenklich nicht geheuer problematisch delikat verfänglich spinös brenzlig bedenklich	added 1 loanword			
<N0>Klar</N0> ist aber auch, daß die Situation nach wie vor <N1>aussichtslos</N1> ist, wobei ich ebenfalls behaupte, wie Frau Dr. Winkler, daß leider nicht nur die österreichische Regierung, sondern auch einige andere Regierungen der Beobachtungsstelle zumindest nicht genügend Unterstützung geben.	But it is also a fact that the situation remains precarious; and here I, like Dr Winkler, must also state that unfortunately not just the Austrian Government but also some other governments do not give the Monitoring Centre sufficient support.					
TRUE						
						
Es war ihnen ein Leichtes, die Zuständigkeiten der übrigen Ministerien auf die europäische Ebene zu <L1>delegieren</L1> bzw. zu verlagern, doch wenn es um die ihrigen geht, sieht die Sache anders aus.	They had no trouble delegating and taking the powers of the other ministries to the European level, but when it comes to their own power, it is a different question altogether.	schicken fortschicken wegschicken beordern aussenden delegieren deputieren entsenden abordnen abkommandieren				
Es war ihnen ein Leichtes, die Zuständigkeiten der übrigen Ministerien auf die europäische Ebene zu <N1>verlegen</N1> bzw. zu verlagern, doch wenn es um die ihrigen geht, sieht die Sache anders aus.	They had no trouble delegating and taking the powers of the other ministries to the European level, but when it comes to their own power, it is a different question altogether.					
TRUE						
						
Darüber hinaus darf der breiten Masse der Millionen von HIV-Infizierten das gesamte Spektrum der Versorgung von der Grundversorgung opportunistischer Infektionen bis hin zur antiretroviralen Therapie der <L1>HIV-Infektion</L1> nicht länger vorenthalten werden.	At the same time a full spectrum of care from basic treatment of opportunistic infections to entry retroviral therapy for HIV infection can no longer be denied to the vast majority of the millions of people infected with the virus.					
Darüber hinaus darf der breiten Masse der Millionen von HIV-Infizierten das gesamte Spektrum der Versorgung von der Grundversorgung opportunistischer Infektionen bis hin zur antiretroviralen Therapie der <N1>HIV-Ansteckung</N1> nicht länger vorenthalten werden.	At the same time a full spectrum of care from basic treatment of opportunistic infections to entry retroviral therapy for HIV infection can no longer be denied to the vast majority of the millions of people infected with the virus.					
TRUE						
						
Deshalb beunruhigt es mich, dass es keine Möglichkeit gibt, zu <L1>sondieren</L1> und zu suchen.	It therefore concerns me that there is no way of searching or taking soundings.	ergründen untersuchen herausfinden ermitteln erforschen erkunden durchforschen ausloten explorieren sondieren | Sondierung Sondieren				
Deshalb beunruhigt es mich, dass es keine Möglichkeit gibt, <N1>abzuklären</N1> und zu suchen.	It therefore concerns me that there is no way of searching or taking soundings.					
TRUE						
						
Und keineswegs zufällig hat Blair ebenfalls den Vorschlag zur kostenlosen Verbreitung der <L0>set</L0> <L1>top</L1> <L2>box</L2> unterbreitet, wobei er einen doppelten Vorteil vor Augen hatte: zum einen für die Wirtschaft und zum anderen für den Pluralismus in der Information und Kultur seines Landes.	And it is also no coincidence that Mr Blair also proposed free distribution of set top boxes, perceiving that this would benefit both the economy and the information and cultural pluralism of his country.	Tagesordnungspunkt TOP Traktandum | genial geil brillant glänzend absolut super exzellent beispiellos von außerordentlicher Qualität atemraubend magnifik wunderbar begnadet einzigartig affengeil sagenhaft unglaublich absoluter Wahnsinn hinreißend unübertroffen fetzt berückend überragend saugeil fulminant absolut irre erstklassig top süperb überwältigend ohne Beispiel atemberaubend phantastisch phänomenal ganz großes Kino urst zum Sterben schön unvergleichlich vom Feinsten wumbaba unübertrefflich fantastisch bestens hervorragend nicht zu toppen nicht zu fassen du kriegst die Motten allererste Sahne herausragend umwerfend hammergeil zum Niederknien toll traumhaft himmelsgleich rockt grandios megacool ganz große Klasse himmlisch wundervoll großartig super superb klasse fabelhaft ausgezeichnet stark sauber cool tipptopp prima leiwand knorke dufte doll zum Reinlegen töfte astrein phatt hasenrein 1A tofte der Hit erste Sahne leinwand spitze nicht schlecht bombig	added 2 loanwords, incomphrenensible			
Und keineswegs zufällig hat Blair ebenfalls den Vorschlag zur kostenlosen Verbreitung der <N0>set</N0> <N1>top</N1> <N2>box</N2> unterbreitet, wobei er einen doppelten Vorteil vor Augen hatte: zum einen für die Wirtschaft und zum anderen für den Pluralismus in der Information und Kultur seines Landes.	And it is also no coincidence that Mr Blair also proposed free distribution of set top boxes, perceiving that this would benefit both the economy and the information and cultural pluralism of his country.					
TRUE						
						
Das eigentliche Problem ist, dass die Völker ihren Widerstand <L1>forcieren</L1> und ihr Recht auf gründliche Information durchsetzen.	The real problem is that the people need to develop their resistance and enforce their right to fundamental information.	einfordern einspannen anhalten abkommandieren verdonnern zu forcieren in die Pflicht nehmen erzwingen bestimmen verpflichten zwingen vergattern zu | ankurbeln forcieren vorantreiben befördern befeuern nach vorne bringen anschieben anheizen weitertreiben (mit Nachdruck) betreiben				
Das eigentliche Problem ist, dass die Völker ihren Widerstand <N1>verstärken</N1> und ihr Recht auf gründliche Information durchsetzen.	The real problem is that the people need to develop their resistance and enforce their right to fundamental information.					
TRUE						
						
Die digitale Revolution wird viele neue Formen der Nutzung audiovisueller Werke erschließen: zum Beispiel <L1>Video-on-Demand</L1> über das Internet.	The digital revolution will open up many new ways of exploiting audiovisual works: video on demand via the Internet, for example.					
Die digitale Revolution wird viele neue Formen der Nutzung audiovisueller Werke erschließen: zum Beispiel <N1>Filme-auf-Abruf</N1> über das Internet.	The digital revolution will open up many new ways of exploiting audiovisual works: video on demand via the Internet, for example.					
TRUE						
						
Wir alle leben länger, und der Sport nimmt in unserem Leben breiteren Raum ein. Dabei geht es nicht nur darum, unseren Körper <L1>fit</L1> zu halten, sondern auch unseren Geist und unsere Seele, und dieser Tatsache müssen wir in der europäischen Gesetzgebung Rechnung tragen.	It is there not just to revitalise our bodies but also our minds and our souls, and we have to recognise the importance of that fact in European legislation.	tauglich qualifiziert im Stande fähig firm fit | gut in Form fit gesund auf dem Damm bei guter Gesundheit wohlbehalten wohlauf gesund und munter in Form bei Kräften | sicher firm fit sattelfest routiniert versiert				
Wir alle leben länger, und der Sport nimmt in unserem Leben breiteren Raum ein. Dabei geht es nicht nur darum, unseren Körper <N1>gesund</N1> zu halten, sondern auch unseren Geist und unsere Seele, und dieser Tatsache müssen wir in der europäischen Gesetzgebung Rechnung tragen.	It is there not just to revitalise our bodies but also our minds and our souls, and we have to recognise the importance of that fact in European legislation.					
TRUE						
						
Unsere Aufgabe muss es sein, den Sport in einer veränderten Gesellschaft mit neuen modernen, technischen und medizinischen Möglichkeiten neu zu <L1>platzieren</L1> und ihm dabei seine Werte zu erhalten.	It should be our job to give sport a new role in a changed society, with new and modern technical and medical facilities, and in this way to preserve its values.	stellen anbringen platzieren | abstellen ausrichten ablegen hinstellen platzieren zurechtrücken positionieren | platzieren unterbringen einschleusen				
Unsere Aufgabe muss es sein, den Sport in einer veränderten Gesellschaft mit neuen modernen, technischen und medizinischen Möglichkeiten neu <N1>aufzustellen</N1> und ihm dabei seine Werte zu erhalten.	It should be our job to give sport a new role in a changed society, with new and modern technical and medical facilities, and in this way to preserve its values.					
TRUE						
						
Sie erkennen, dass es eine Voraussetzung dafür ist, dass Verbraucher <L1>online</L1> einkaufen, und unser Hauptziel muss deshalb die Förderung dieses Vertrauens sein, das wiederum den Unternehmen in Form eines breiteren Kunden- und Verbraucherstamms zugute kommen wird.	They recognise it is a precondition for persuading the consumer to shop on-line and therefore our key objective has to be to encourage that trust and confidence which in turn will benefit business by broadening their customer and consumer market base.	verbunden zugreifbar angeschlossen zugänglich erreichbar online ansprechbar				
Sie erkennen, dass es eine Voraussetzung dafür ist, dass Verbraucher <N1>im Internet</N1> einkaufen, und unser Hauptziel muss deshalb die Förderung dieses Vertrauens sein, das wiederum den Unternehmen in Form eines breiteren Kunden- und Verbraucherstamms zugute kommen wird.	They recognise it is a precondition for persuading the consumer to shop on-line and therefore our key objective has to be to encourage that trust and confidence which in turn will benefit business by broadening their customer and consumer market base.					
TRUE						
						
Wir müssen Vertrauen schaffen. Doch auch wenn diese neuen Systeme noch nicht vorliegen, gibt es keinen Grund, weshalb die Verbraucher <L0>online</L0> nicht die gleichen Rechte wie <L1>offline</L1> genießen sollten.	We need to create trust but, until these new systems are in place, there is no reason why consumers should not enjoy the same rights on-line as they do offline.	getrennt offline unangeschlossen nicht online nicht angeschlossen nicht am Netz rechnerunabhängig	added 1 loanword			
Wir müssen Vertrauen schaffen. Doch auch wenn diese neuen Systeme noch nicht vorliegen, gibt es keinen Grund, weshalb die Verbraucher <N0>online</N0> nicht die gleichen Rechte wie <N1>sonst</N1> genießen sollten.	We need to create trust but, until these new systems are in place, there is no reason why consumers should not enjoy the same rights on-line as they do offline.					
TRUE						
						
(Beifall)Der Dialog darf kein <L1>Make-up</L1> für die Gewalt und den Terror sein, der Dialog darf keine Kapitulation vor dem Verbrechen sein, der politische Dialog ist nur möglich, wenn die Bomben und die Pistolen schweigen und die demokratischen Werte anerkannt werden.	(Applause)Dialogue cannot serve to cover up violence and terror, nor can it mean surrender in the face of crime. Political dialogue is only possible when the bombs cease to go off, the guns are silent and democratic values have been accepted.	Schminke Make-up				
(Beifall)Der Dialog darf kein <N1>Feigenblatt</N1> für die Gewalt und den Terror sein, der Dialog darf keine Kapitulation vor dem Verbrechen sein, der politische Dialog ist nur möglich, wenn die Bomben und die Pistolen schweigen und die demokratischen Werte anerkannt werden.	(Applause)Dialogue cannot serve to cover up violence and terror, nor can it mean surrender in the face of crime. Political dialogue is only possible when the bombs cease to go off, the guns are silent and democratic values have been accepted.					
TRUE						
						
Viertens: Wie wollen Sie gewährleisten, dass die im Bericht gewünschte stärkere Einbeziehung von Rentenfonds in Risikokapital nicht zu möglichen Verlusten der eingezahlten Beträge führt und damit dem Ziel der Beitragszahler, sich einen sicheren Lebensabend zu verschaffen, <L1>konträr</L1> läuft?	Fourthly, how can you guarantee that the greater involvement by pension funds in risk capital called for in the report may not lead to pension contributions being lost, which would run counter to the contributors' objective of ensuring a secure retirement?	absurd widersprüchlich folgewidrig sinnwidrig widerspruchsvoll konträr unlogisch kontradiktorisch vernunftwidrig sich selbst widersprechend paradox irrational widersinnig | widersprüchlich diskrepant unvereinbar advers widerstreitend konträr entgegengesetzt antagonistisch gegensätzlich adversativ dualistisch gegenteilig oppositär sich widersprechend diametral antithetisch polar | widersprüchlich disparat konträr paradox widersinnig gegensätzlich antithetisch				
Viertens: Wie wollen Sie gewährleisten, dass die im Bericht gewünschte stärkere Einbeziehung von Rentenfonds in Risikokapital nicht zu möglichen Verlusten der eingezahlten Beträge führt und daher mit dem Ziel der Beitragszahler, sich einen sicheren Lebensabend zu verschaffen, im <N1>Widerspruch</N1> steht?	Fourthly, how can you guarantee that the greater involvement by pension funds in risk capital called for in the report may not lead to pension contributions being lost, which would run counter to the contributors' objective of ensuring a secure retirement?					
TRUE						
						
Die Frage der europäischen Abmessungen für Busse hört sich <L1>trivial</L1> an, aber so ist es keineswegs.	European bus measurements may seem a trivial matter, but it is no such thing.	einfach trivial leicht simpel pille-palle nichts leichter als das jedes Kind kann das spielend einfach ich bin jahrelang ... gewesen supereinfach babyeinfach jeder Idiot kann das kinderleicht ganz leicht so einfach wie eins und eins ist zwei unschwer keine Kunst babyleicht ganz einfach nicht allzu viel dazu gehören zu | glaubhaft klar triftig schlüssig überzeugend sinnfällig plausibel einsichtig fassbar einleuchtend noetisch augenfällig evident intelligibel nachzuvollziehen eingängig fasslich erklärlich ersichtlich begreiflich verständlich verstehbar nachvollziehbar schlagend trivial selbstverständlich | trivial leicht simpel | trivial einleuchtend auf der Hand liegend selbsterklärend keiner weiteren Erklärung bedürfen selbstdokumentierend unmittelbar einleuchtend unmittelbar verständlich selbst erklärend | nichtssagend billig leer witzlos wohlfeil beliebig geistlos trivial oberflächlich platt inhaltsleer seicht flau ohne Aussage abgedroschen banal abgeschmackt schal nichts sagend hohl				
Die Frage der europäischen Abmessungen für Busse hört sich <N1>einfach</N1> an, aber so ist es keineswegs.	European bus measurements may seem a trivial matter, but it is no such thing.					
TRUE						
						
Man kann sich leicht vorstellen, dass die Unterschiede von Land zu Land noch größer sind, zumal es für die Staaten vorteilhaft ist, zu <L1>tricksen</L1> , um die Grundlage für die abzuführenden MWSt- oder BSP-Eigenmittel möglichst gering zu halten.	It is therefore all the easier to imagine the possible variation from one country to the next. Especially since it is in States' interest to 'cheat' and understate their basic taxable amount for VAT or the GNP levy.	mogeln schwindeln täuschen schummeln tricksen mauscheln Schmu machen				
Man kann sich leicht vorstellen, dass die Unterschiede von Land zu Land noch größer sind, zumal es für die Staaten vorteilhaft ist, zu <N1>täuschen</N1> , um die Grundlage für die abzuführenden MWSt- oder BSP-Eigenmittel möglichst gering zu halten.	It is therefore all the easier to imagine the possible variation from one country to the next. Especially since it is in States' interest to 'cheat' and understate their basic taxable amount for VAT or the GNP levy.					
TRUE						
						
Doch das trifft nicht zu auf elementare Rechte wie das Recht für alle Werktätigen, zu <L1>streiken</L1> oder sich einer Gewerkschaft anzuschließen.	This is not, however, the case for basic rights such as the right of all employees to strike or join unions.	streiken in Streik treten in den Ausstand treten die Arbeit niederlegen | ausgehen streiken stehenbleiben nicht funktionieren aufhören zu laufen				
Doch das trifft nicht zu auf elementare Rechte wie das Recht für alle Werktätigen, <N1>in den Ausstand zu treten</N1> oder sich einer Gewerkschaft anzuschließen.	This is not, however, the case for basic rights such as the right of all employees to strike or join unions.					
TRUE						
						
Nun, lasst uns allen sagen, dass gerade die neuen Möglichkeiten der Erweiterung um ehemals diktatorisch und <L1>totalitär</L1> regierte Länder uns befähigen, über uns selbst hinauszuwachsen.	Well, Mr President, let us spread the word that it is precisely these new opportunities arising from enlargement, to include former dictatorships and countries under totalitarian regimes, which can help us broaden our horizons.	diktatorisch totalitär				
Nun, lasst uns allen sagen, dass gerade die neuen Möglichkeiten der Erweiterung um ehemals diktatorisch und <N1>allgewalting</N1> regierte Länder uns befähigen, über uns selbst hinauszuwachsen.	Well, Mr President, let us spread the word that it is precisely these new opportunities arising from enlargement, to include former dictatorships and countries under totalitarian regimes, which can help us broaden our horizons.					
TRUE						
						
Die Gemeinschaftsaktionen, die das Gemeinschaftsprogramm unterstützt, stellen nicht nur eine Ergänzung zu dem Rechtsrahmen der Richtlinie dar, sondern sollen auch die zusätzlichen Informationen, die Sachkenntnis und die Grundlagen sicherstellen, um diesen Rechtsrahmen zu <L1>komplettieren</L1> und zu verbessern.	Not only do the social activities which underpin the social programme complement the directive' s legal framework, they also need to generate the extra information, the expertise and the support structure to complement and improve this legal framework.	ergänzen arrondieren vollenden komplementieren komplettieren vervollständigen abrunden vervollkommnen				
Die Gemeinschaftsaktionen, die das Gemeinschaftsprogramm unterstützt, stellen nicht nur eine Ergänzung zu dem Rechtsrahmen der Richtlinie dar, sondern sollen auch die zusätzlichen Informationen, die Sachkenntnis und die Grundlagen sicherstellen, um diesen Rechtsrahmen zu <N1>vervollständigen</N1> und zu verbessern.	Not only do the social activities which underpin the social programme complement the directive' s legal framework, they also need to generate the extra information, the expertise and the support structure to complement and improve this legal framework.					
TRUE						
						
Des Weiteren halte ich es für notwendig, dass auch Programme anzubieten sind, die helfen, Gewalt und Aggressionen abzubauen und zu verarbeiten, die sicher nicht so <L1>spektakulär</L1> zu vermarkten sind und folglich geringere Einschaltquoten haben werden, dafür aber zu einer gewissen Schadensbegrenzung und -bekämpfung einen wesentlichen Beitrag leisten können.	Furthermore, I believe programmes that help reduce and overcome violence and aggression should also be on offer. No doubt they could not be marketed so spectacularly and would therefore produce lower ratings, but in return they could make a considerable contribution to damage limitation and to combating the adverse effects.	imposant effektvoll filmreif aufsehenerregend dramatisch medienwirksam spektakulär Aufsehen erregend hollywoodreif sensationell				
Des Weiteren halte ich es für notwendig, dass auch Programme anzubieten sind, die helfen, Gewalt und Aggressionen abzubauen und zu verarbeiten, die sicher nicht so <N1>aufsehenerregend</N1> zu vermarkten sind und folglich geringere Einschaltquoten haben werden, dafür aber zu einer gewissen Schadensbegrenzung und -bekämpfung einen wesentlichen Beitrag leisten können.	Furthermore, I believe programmes that help reduce and overcome violence and aggression should also be on offer. No doubt they could not be marketed so spectacularly and would therefore produce lower ratings, but in return they could make a considerable contribution to damage limitation and to combating the adverse effects.					
TRUE						
						
Wir haben die Verantwortung für unsere Jugend, dass die eine zukünftige Gesellschaft gestalten kann, in der Gewalt und Aggression sich nicht als <L0>hip</L0>, <L1>cool</L1> oder nachahmenswert, sondern als zutiefst verwerflich darstellen.	We are responsible for ensuring that our young people can shape a future society in which violence and aggression are not presented as hip or cool or as examples to be copied but as deeply reprehensible.	geil fesch schmuck elegant flott schnittig schnatz cool frech schmissig modisch schnieke todschick chic todchic kleidsam schick | bombastisch fulminant phantastisch phänomenal fantastisch großartig stark abgefahren cool krass ultrakrass | gefühllos hartgesotten gefühlskalt cool abgebrüht kaltschnäuzig verroht eiskalt gemütsarm gefühlsarm | locker unerschütterlich detachiert ruhig lässig cool kühl gelassen seelenruhig nonchalant ungerührt ohne mit der Wimper zu zucken gleichmütig gezügelt nervenstark gefasst stoisch kaltblütig nicht aus der Ruhe zu bringen souverän unaufgeregt | genial geil brillant glänzend absolut super exzellent beispiellos von außerordentlicher Qualität atemraubend magnifik wunderbar begnadet einzigartig affengeil sagenhaft unglaublich absoluter Wahnsinn hinreißend unübertroffen fetzt berückend überragend saugeil fulminant absolut irre erstklassig top süperb überwältigend ohne Beispiel atemberaubend phantastisch phänomenal ganz großes Kino urst zum Sterben schön unvergleichlich vom Feinsten wumbaba unübertrefflich fantastisch bestens hervorragend nicht zu toppen nicht zu fassen du kriegst die Motten allererste Sahne herausragend umwerfend hammergeil zum Niederknien toll traumhaft himmelsgleich rockt grandios megacool ganz große Klasse himmlisch wundervoll großartig super superb klasse fabelhaft ausgezeichnet stark sauber cool tipptopp prima leiwand knorke dufte doll zum Reinlegen töfte astrein phatt hasenrein 1A tofte der Hit erste Sahne leinwand spitze nicht schlecht bombig | cool abgeklärt in sich ruhen drüber stehen erhaben sein kann nichts erschüttern über den Dingen stehen nicht leicht zu beeindrucken				
Wir haben die Verantwortung für unsere Jugend, dass die eine zukünftige Gesellschaft gestalten kann, in der Gewalt und Aggression sich nicht als <N0>angesagt</N0>, <N1>stark</N1> oder nachahmenswert, sondern als zutiefst verwerflich darstellen.	We are responsible for ensuring that our young people can shape a future society in which violence and aggression are not presented as hip or cool or as examples to be copied but as deeply reprehensible.					
TRUE						
						
Sie können sich den Gesetzestext <L1>zufaxen</L1> lassen, aber sie haben keinen Einfluss darauf und können ihn nicht verhindern, auch wenn noch so viele Bürger dagegen gestimmt haben.	They can have the legislation sent to them by fax without exercising any contributory influence. What they cannot do is avoid the legislation, no matter how many people vote no in the referendums.		not possible to replace without slight meaning loss			
Sie können sich den Gesetzestext <N1>zusenden</N1> lassen, aber sie haben keinen Einfluss darauf und können ihn nicht verhindern, auch wenn noch so viele Bürger dagegen gestimmt haben.	They can have the legislation sent to them by fax without exercising any contributory influence. What they cannot do is avoid the legislation, no matter how many people vote no in the referendums.					
TRUE						
						
Geschwätz hinsichtlich der Form findet sich zum Beispiel unter Ziffer 11 des Berichtes Duhamel, in dem die Verfassung - ich zitiere - un <L1>retour</L1> en arrière verhindern soll.	The hot air as regards the form is to be found, for example in paragraph 11 of the French version of the Duhamel report, a constitution against, I quote,  a backward step  going backwards.	zurück retour nach hinten rückwärts retro	quote			
Geschwätz hinsichtlich der Form findet sich zum Beispiel unter Ziffer 11 des Berichtes Duhamel, in dem die Verfassung - ich zitiere - un <N1>retour</N1> en arrière verhindern soll.	The hot air as regards the form is to be found, for example in paragraph 11 of the French version of the Duhamel report, a constitution against, I quote,  a backward step  going backwards.					
TRUE						
						
Auch im Rat sollte es eigentlich nicht passieren, dass z. B. was jüngst passiert ist - die Agrarminister einen Einsparvorschlag der Kommission ablehnen, d. h. die Agrarminister für höhere Ausgaben <L1>votieren</L1> und anschließend der Rat der Finanzminister die Ausgaben im Agrarbereich reduziert.	Nor should we have to contend with things of the kind that have gone on recently in the Council, for example when the agricultural ministers rejected a cost-cutting proposal from the Council, i.e. they voted for higher expenditure and then the Council of Finance Ministers reduced expenditure in the agricultural sector.	entscheiden voten wählen votieren abstimmen stimmen				
Auch im Rat sollte es eigentlich nicht passieren, dass z. B. was jüngst passiert ist - die Agrarminister einen Einsparvorschlag der Kommission ablehnen, d. h. die Agrarminister für höhere Ausgaben <N1>stimmen</N1> und anschließend der Rat der Finanzminister die Ausgaben im Agrarbereich reduziert.	Nor should we have to contend with things of the kind that have gone on recently in the Council, for example when the agricultural ministers rejected a cost-cutting proposal from the Council, i.e. they voted for higher expenditure and then the Council of Finance Ministers reduced expenditure in the agricultural sector.					
TRUE						
						
Der zweite Aspekt: Hebt man die sich aus der zunehmenden Differenz zwischen den eingegangenen Verpflichtungen, den erteilten Genehmigungen und den erfolgten Zahlungen, vor allem in der Kategorie 4 externe Politikbereiche , ergebende systematische Erhöhung dessen, was übrig bleibt - der <L1>LAN</L1> - hervor, dann muss man ein höheres Tempo, größere Transparenz und mehr Effektivität in der Verwaltung fordern.	The second point is that there must be greater speed, transparency and efficiency in administration given the systematic increase in the RAL, that is in amounts still to be paid. This results from the increasing disparity between commitments that have been entered into, payments that have been authorised and payments made, particularly under category 4 -  External Actions  .		unclear			
Der zweite Aspekt: Hebt man die sich aus der zunehmenden Differenz zwischen den eingegangenen Verpflichtungen, den erteilten Genehmigungen und den erfolgten Zahlungen, vor allem in der Kategorie 4 externe Politikbereiche , ergebende systematische Erhöhung dessen, was übrig bleibt - der <N1>LAN</N1> - hervor, dann muss man ein höheres Tempo, größere Transparenz und mehr Effektivität in der Verwaltung fordern.	The second point is that there must be greater speed, transparency and efficiency in administration given the systematic increase in the RAL, that is in amounts still to be paid. This results from the increasing disparity between commitments that have been entered into, payments that have been authorised and payments made, particularly under category 4 -  External Actions  .					
TRUE						
						
Dem Haushalt 2001 - dies zum Trost - haftet ein Hauch von <L1>Déjà-vu</L1> an, denn er sieht dem Haushalt 2000 sehr ähnlich, weil Rubrik 4 alles überstrahlt.	For the 2001 budget - that is for conciliation - there is a touch of déja vu in that it is so similar to the 2000 budget because category 4 is overriding everything.					
Dem Haushalt 2001 - dies zum Trost - haftet ein Hauch von <N1>Erinnerungstäuschung</N1> an, denn er sieht dem Haushalt 2000 sehr ähnlich, weil Rubrik 4 alles überstrahlt.	For the 2001 budget - that is for conciliation - there is a touch of déja vu in that it is so similar to the 2000 budget because category 4 is overriding everything.					
TRUE						
						
Der Brok-Antrag zeigt seinerseits die politische Dimension dieser Arbeit auf, und die mündlichen Anfragen von Herrn Brok und Herrn Miranda an die Kommission <L1>charakterisieren</L1> Leitlinien, die von zentraler Bedeutung sind.	The Brok resolution, for its part, offers a political dimension to this work and the questions for oral answer put to the Commission by Mr Brok and Mr Miranda offer guidelines that are of major importance.	beschreiben kennzeichnen charakterisieren | auszeichnen kennzeichnen charakterisieren jemandem zukommen jemandem eigen sein				
Der Brok-Antrag zeigt seinerseits die politische Dimension dieser Arbeit auf, und die mündlichen Anfragen von Herrn Brok und Herrn Miranda an die Kommission <N1>beschreiben</N1> Leitlinien, die von zentraler Bedeutung sind.	The Brok resolution, for its part, offers a political dimension to this work and the questions for oral answer put to the Commission by Mr Brok and Mr Miranda offer guidelines that are of major importance.					
TRUE						
						
Dem Präsidentschaftskandidaten Bush, in dessen Staat 144 Hinrichtungen vorgenommen wurden, ist es gelungen, die Frage der Todesstrafe aus dem Wahlkampf auszuklammern, und er hat die Vollstreckungen in seinem Staat <L1>diskret</L1> und scheinheilig auf die Zeit nach den Wahlen verschoben.	Mr Bush, in whose State 144 executions have been carried out, succeeded in removing the issue of the death penalty from the electoral campaign and discreetly and hypocritically postponed the executions in his State until after the elections.	diskret digital | diskret trennbar separierbar | diskontinuierlich inkrementell schrittweise diskret Zug um Zug Schritt für Schritt stufenweise | schonend unaufdringlich diskret rücksichtsvoll zurückhaltend verhalten dezent unauffällig leise vorsichtig taktvoll				
Dem Präsidentschaftskandidaten Bush, in dessen Staat 144 Hinrichtungen vorgenommen wurden, ist es gelungen, die Frage der Todesstrafe aus dem Wahlkampf auszuklammern, und er hat die Vollstreckungen in seinem Staat <N1>unauffällig</N1> und scheinheilig auf die Zeit nach den Wahlen verschoben.	Mr Bush, in whose State 144 executions have been carried out, succeeded in removing the issue of the death penalty from the electoral campaign and discreetly and hypocritically postponed the executions in his State until after the elections.					
TRUE						
						
Die meisten amerikanischen Politiker und Beamten scheinen diese Auffassung zu vertreten. Manchmal vertreten Amtsträger, gewählte Volksvertreter, jedoch auch eine bestimmte Haltung, weil sie diese für <L1>populär</L1> halten.	Most American politicians, public officials, seem to take that view and it is sometimes the case that public officials, elected officials, take particular points of view because they think they are popular.	(wird) gern gekauft begehrt gesucht in jemandes Gunst beliebt populär (wird) viel gekauft gut eingeführt nachgefragt gefragt | populär massentauglich für die breite Masse massenkompatibel (für den) Massengeschmack				
Die meisten amerikanischen Politiker und Beamten scheinen diese Auffassung zu vertreten. Manchmal vertreten Amtsträger, gewählte Volksvertreter, jedoch auch eine bestimmte Haltung, weil sie diese für <N1>beliebt</N1> halten.	Most American politicians, public officials, seem to take that view and it is sometimes the case that public officials, elected officials, take particular points of view because they think they are popular.					
TRUE						
						
Sie können den Zahlungsverkehr zwischen Banken in verschiedenen Ländern erleichtern, beschleunigen und verbilligen. Die Banken müssen dann allerdings ihre Kunden genau informieren, dass sie auf ihren Belegen neben der feststehenden BLZ- auch ihre <L1>IBAN-Nummer</L1> anzugeben haben.	These systems can make payments between banks in different countries easier, quicker and cheaper, provided that the banks talk to their customers and make it clear to them that in addition to the permanent VAT number, their IBAN code should now also feature on their letter-headed paper.		not a loanword			
Sie können den Zahlungsverkehr zwischen Banken in verschiedenen Ländern erleichtern, beschleunigen und verbilligen. Die Banken müssen dann allerdings ihre Kunden genau informieren, dass sie auf ihren Belegen neben der feststehenden BLZ- auch ihre <N1>IBAN-Nummer</N1> anzugeben haben.	These systems can make payments between banks in different countries easier, quicker and cheaper, provided that the banks talk to their customers and make it clear to them that in addition to the permanent VAT number, their IBAN code should now also feature on their letter-headed paper.					
TRUE						
						
Da die so genannten liberalen Parteien, auch die europäischen, immer mehr dazu neigen, sich mit fremdenfeindlich, <L0>rassistisch</L0> und <L1>autoritär</L1> gesinnten Kräften zu verbünden, ist das nicht nur eine ernste Gefahr für Italien, sondern es deutet auch auf ein Problem hin, das ganz Europa betrifft.	Since the allegedly liberal parties, including the European liberal parties, always tend to ally themselves with parties of xenophobic, racist, authoritarian inspiration, I feel that this is not only a serious danger for Italy, but also an indication of something which concerns the whole of Europe.	autoritär hart rigoros streng katonisch unnachsichtig (mit jemandem) ist nicht gut Kirschen essen strikt Haare auf den Zähnen haben rigide | paternalistisch obrigkeitlich herrisch bevormundend autoritär | herrisch autoritär gebieterisch durchsetzungsfähig durchsetzungsstark				
Da die so genannten liberalen Parteien, auch die europäischen, immer mehr dazu neigen, sich mit fremdenfeindlich,<N0>völkisch</N0> und <N1>herrisch</N1> gesinnten Kräften zu verbünden, ist das nicht nur eine ernste Gefahr für Italien, sondern es deutet auch auf ein Problem hin, das ganz Europa betrifft.	Since the allegedly liberal parties, including the European liberal parties, always tend to ally themselves with parties of xenophobic, racist, authoritarian inspiration, I feel that this is not only a serious danger for Italy, but also an indication of something which concerns the whole of Europe.					
TRUE						
						
Wie viel wünschenswerter und akzeptabler wäre das Ziel einer <L1>losen</L1> Gemeinschaft von Nationalstaaten, die freien Handel miteinander treiben und in einer begrenzten Anzahl von Politikbereichen einheitlich handeln, und wie viel einfacher wäre es dann, einem Land wie der Türkei Rechnung zu tragen.	How much more desirable and acceptable would be the goal of a looser community of nation-states trading freely and acting in unison over a limited range of policy areas and how much easier it would then be to accommodate a country such as Turkey.	abtrennen lösen | loshaken losschnallen gehen lassen lösen abschnallen | lösen Schutz aufheben entsperren entsichern | trennen lösen losmachen locker machen lockern | lösen klären aus der Welt schaffen (Missstand) abstellen ins Reine bringen (Problem) bewältigen Kuh vom Eis holen (Problem) beseitigen abhelfen (Fehler) ausmerzen geradebiegen in Ordnung bringen Abhilfe schaffen bereinigen (Mangel) beheben	no loanword			
Wie viel wünschenswerter und akzeptabler wäre das Ziel einer <N1>losen</N1> Gemeinschaft von Nationalstaaten, die freien Handel miteinander treiben und in einer begrenzten Anzahl von Politikbereichen einheitlich handeln, und wie viel einfacher wäre es dann, einem Land wie der Türkei Rechnung zu tragen.	How much more desirable and acceptable would be the goal of a looser community of nation-states trading freely and acting in unison over a limited range of policy areas and how much easier it would then be to accommodate a country such as Turkey.					
TRUE						
						
Herr Präsident! Ich hätte gerne eine Erklärung, was gemeint war, als Sie sagten, wir <L1>checken</L1> , da das Wort sich nicht in meinem deutschen Vokabular befindet.	Mr President, I would like to have an explanation of what you meant when you said  wir checken , as that word is not part of my German vocabulary.	beaufsichtigen überwachen aufpassen im Visier haben nachhalten beobachten checken kontrollieren im Visier behalten im Blick haben im Sichtfeld haben | aufnehmen erschließen durchsehen fassen checken erfassen blicken verstehen der Groschen fällt dahintersteigen durchblicken klar sehen hinter etwas steigen durchschauen raffen bewusst werden durchsteigen kapieren jemandem eingehen schnallen überreißen peilen Klick machen begreifen spannen verarbeiten rallen | checken austesten abchecken ausprobieren antesten herumexperimentieren				
Herr Präsident! Ich hätte gerne eine Erklärung, was gemeint war, als Sie sagten, wir <N1>überprüfen</N1> , da das Wort sich nicht in meinem deutschen Vokabular befindet.	Mr President, I would like to have an explanation of what you meant when you said  wir checken , as that word is not part of my German vocabulary.					
TRUE						
						
Wir <L1>balancieren</L1> tatsächlich auf einem gespannten Seil und sollten Entscheidungen über die Zusatzversicherung, die wir allen Mitgliedstaaten auferlegen wollen, nur mit Bedacht und nach gründlicher Überlegung treffen.	We really are on a tightrope and I think that decisions on supplementary insurance which will apply to all the Member States need to be taken cautiously and with a great deal of circumspection.					
Wir <N1>bewegen uns</N1> tatsächlich auf einem gespannten Seil und sollten Entscheidungen über die Zusatzversicherung, die wir allen Mitgliedstaaten auferlegen wollen, nur mit Bedacht und nach gründlicher Überlegung treffen.	We really are on a tightrope and I think that decisions on supplementary insurance which will apply to all the Member States need to be taken cautiously and with a great deal of circumspection.					
TRUE						
						
Ein Teil dieser europäischen Spareinlagen dient dazu, dass die europäischen Unternehmen im Rahmen der Globalisierung ins Ausland gehen; in manchen Fällen sind es europäische Investitionen, die im Ausland vorgenommen werden, und in anderen sind es einfach Länder oder Emittenten, die in Europa agieren, wo sie ihre Ressourcen besser auffangen und danach ins Ausland <L1>transferieren</L1> können.	Part of these European savings are allowing European firms to go abroad and become international; in some cases they are European investments produced abroad, and in others still they are just countries or issuers that act in Europe, where they can raise funds better and then transfer them abroad.	veräußern übertragen transferieren | transferieren tauschen austauschen ablösen ersetzen substituieren auswechseln				
Ein Teil dieser europäischen Spareinlagen dient dazu, dass die europäischen Unternehmen im Rahmen der Globalisierung ins Ausland gehen; in manchen Fällen sind es europäische Investitionen, die im Ausland vorgenommen werden, und in anderen sind es einfach Länder oder Emittenten, die in Europa agieren, wo sie ihre Ressourcen besser auffangen und danach ins Ausland <N1>übertragen</N1> können.	Part of these European savings are allowing European firms to go abroad and become international; in some cases they are European investments produced abroad, and in others still they are just countries or issuers that act in Europe, where they can raise funds better and then transfer them abroad.					
TRUE						
						
Eines Tages muss es doch endlich so weit sein, dass Europa sein eigenes Cape Canaveral, seine eigene <L1>NASA</L1> und sein eigenes Silicon Valley hat.	It is about time Europe had its own Cape Canaveral, its own ÍÁSÁ and its own Silicon Valley.	National Aeronautics and Space Administration Nationale Luft- und Raumfahrtbehörde NASA US-Raumfahrtbehörde	no loanword			
Eines Tages muss es doch endlich so weit sein, dass Europa sein eigenes Cape Canaveral, seine eigene <N1>NASA</N1> und sein eigenes Silicon Valley hat.	It is about time Europe had its own Cape Canaveral, its own ÍÁSÁ and its own Silicon Valley.					
TRUE						
						
Ich sage voraus, auch diese Richtlinie wird vor dem EuGH fallen, und das Parlament und die Kommission werden sich genauso <L1>blamieren</L1> wie beim ersten Mal, wenn wir nicht bereit sind, die rechtlichen Aspekte zu prüfen!	I predict that this directive, too, will fall before the European Court of Justice, and Parliament and the Commission will make a fool of themselves just as they did the first time, if we are not prepared to examine the legal aspects.	vorführen an den Pranger stellen bloßstellen kompromittieren blamieren lächerlich machen zum Gespött machen mit heruntergelassener Hose dastehen lassen desavouieren | verlegen machen bloßstellen blamieren beschämen sehr peinlich sein jemandem Schande machen				
Ich sage voraus, auch diese Richtlinie wird vor dem EuGH fallen, und das Parlament und die Kommission werden sich genauso <N1>bloßstellen</N1> wie beim ersten Mal, wenn wir nicht bereit sind, die rechtlichen Aspekte zu prüfen!	I predict that this directive, too, will fall before the European Court of Justice, and Parliament and the Commission will make a fool of themselves just as they did the first time, if we are not prepared to examine the legal aspects.					
TRUE						
						
Diejenigen, welche die Charta als zu <L1>lasch</L1> betrachten - und ich weiß, dass dazu auch viele in diesem Hohen Haus gehören -, möchte ich jedoch darauf hinweisen, dass sie sorgfältig mit dem Ziel ausgearbeitet und verfasst wurde, sie zu einer Rechtsnorm zu erheben.	I personally have no doubt that this is a seminal text and I would like to remind those who feel that it does not go far enough - and I know that many in this House are of this opinion - that it was drafted and conceived with care precisely with a view to giving it legal status.	muffig fade schal fad lasch abgestanden wie Laternenpfahl ganz unten vermufft labberig | uninteressant langweilig wenig aufregend lasch | schlaff kraftlos kaputt platt down daneben schlapp matt lasch alle saft- und kraftlos duhne lurig fix und foxi ausgelutscht ohne Saft und Kraft groggy geschafft ausgepowert nüntig abgeschlafft	no loanword			
Diejenigen, welche die Charta als zu <N1>lasch</N1> betrachten - und ich weiß, dass dazu auch viele in diesem Hohen Haus gehören -, möchte ich jedoch darauf hinweisen, dass sie sorgfältig mit dem Ziel ausgearbeitet und verfasst wurde, sie zu einer Rechtsnorm zu erheben.	I personally have no doubt that this is a seminal text and I would like to remind those who feel that it does not go far enough - and I know that many in this House are of this opinion - that it was drafted and conceived with care precisely with a view to giving it legal status.					
TRUE						
						
Meine persönliche Erfahrung ist, dass ich mehr und mehr begeistert bin, wenn ich auf junge, aufgeschlossene und gut ausgebildete Russen treffe, aber dass mich weiterhin russische Strukturen, sei es in Staat, Wirtschaft oder gar Mafiastrukturen, mehr und mehr <L1>depressiv</L1> machen.	I personally become more and more enthusiastic when I meet young, open, well-educated Russians and more and more depressed by Russian structures, be they state, economic or even mafia structures.	hoffnungslos freudlos gemütskrank depressiv dysthymisch				
Meine persönliche Erfahrung ist, dass ich mehr und mehr begeistert bin, wenn ich auf junge, aufgeschlossene und gut ausgebildete Russen treffe, aber dass mich weiterhin russische Strukturen, sei es in Staat, Wirtschaft oder gar Mafiastrukturen, mehr und mehr <N1>niedergeschlagen</N1> machen.	I personally become more and more enthusiastic when I meet young, open, well-educated Russians and more and more depressed by Russian structures, be they state, economic or even mafia structures.					
TRUE						
						
Gemäß dem Vorschlag soll der zollfreie Marktzugang für Waren aus den <L1>LCD</L1> im Rahmen einer Änderung des derzeit von der Gemeinschaft angewandten Systems der allgemeinen Zollpräferenzen gewährt werden.	The proposal provides for granting products from LDCs duty free access, amending the generalised tariff preference scheme currently implemented by the Community.	TFT-Display Flüssigkristallbildschirm LCD	no loanword			
Gemäß dem Vorschlag soll der zollfreie Marktzugang für Waren aus den <N1>LCD</N1> im Rahmen einer Änderung des derzeit von der Gemeinschaft angewandten Systems der allgemeinen Zollpräferenzen gewährt werden.	The proposal provides for granting products from LDCs duty free access, amending the generalised tariff preference scheme currently implemented by the Community.					
TRUE						
						
Europäischer Vorschriften bedarf es auch schon deswegen, weil für Luftfahrtgesellschaften künftig nicht mehr die Möglichkeit des <L1>shoppen</L1> bestehen sollte.	We also need European legislation because, in my opinion, we can no longer allow aviation companies to 'shop around' .	kaufen erstehen erkaufen besorgen einkaufen sich holen käuflich erwerben anschaffen sich zulegen shoppen | Shoppen Einkaufsbummel Erlebniskauf Shopping				
Europäischer Vorschriften bedarf es auch schon deswegen, weil für Luftfahrtgesellschaften künftig nicht mehr die Möglichkeit des <N1>anschaffen</N1> bestehen sollte.	We also need European legislation because, in my opinion, we can no longer allow aviation companies to 'shop around' .					
TRUE						
						
Wir können den Nutzen für den Hersteller darin erkennen, dass dieses Stück Karotte <L1>orange</L1> bleibt und sich nicht grau färbt.	We can see the manufacturer's benefit that this piece of carrot stays orange and does not turn grey.	orangen orangefarben orange pfirsichfarben | Apfelsine Orange				
Wir können den Nutzen für den Hersteller darin erkennen, dass dieses Stück Karotte <N1>apfelsinenfarben</N1> bleibt und sich nicht grau färbt.	We can see the manufacturer's benefit that this piece of carrot stays orange and does not turn grey.					
TRUE						
						
Wir wollen unsere kulturellen Produkte <L1>balkanisieren</L1> !	We are going to  balkanise  our cultural products!					
Wir wollen unsere kulturellen Produkte <N1>aufteilen</N1> !	We are going to  balkanise  our cultural products!					
TRUE						
						
Das kann für einzelne Betriebe nur <L1>ruinös</L1> sein.	It will inevitably push individual companies over the edge.	baufällig schadhaft ruinös				
Das kann für einzelne Betriebe nur <N1>zerstörerisch</N1> sein.	It will inevitably push individual companies over the edge.					
TRUE						
						
Aber ich will doch auf diese Geschichte eingehen, denn sie ist sehr beunruhigend, zugleich in gewisser Hinsicht auch <L1>amüsant</L1> und auf jeden Fall bezeichnend für den gegenwärtigen Zustand Europas zum Zeitpunkt von Nizza.	But I must still point out that, however worrying, this affair also has its amusing side and, if nothing else, illustrates the current state of Europe, the Europe of Nice.	komisch lustig scherzhaft witzig urkomisch zum Schießen belustigend brüllend komisch rasend komisch zum Kaputtlachen grobhumorig zum Schreien schreiend komisch humorig äußerst komisch ulkig spaßig amüsant zum Totlachen | amüsant vergnüglich kurzweilig				
Aber ich will doch auf diese Geschichte eingehen, denn sie ist sehr beunruhigend, zugleich in gewisser Hinsicht auch <N1>lustig</N1> und auf jeden Fall bezeichnend für den gegenwärtigen Zustand Europas zum Zeitpunkt von Nizza.	But I must still point out that, however worrying, this affair also has its amusing side and, if nothing else, illustrates the current state of Europe, the Europe of Nice.					
TRUE						
						
Ich beglückwünsche Herrn Varela zu diesem politischen Vorausdenken, das ich fast <L1>poetisch</L1> nennen möchte.	I congratulate Mr Varela on his political foresight, which could almost be called poetic.	poetisch dichterisch				
Ich beglückwünsche Herrn Varela zu diesem politischen Vorausdenken, das ich fast <N1>dichterisch</N1> nennen möchte.	I congratulate Mr Varela on his political foresight, which could almost be called poetic.					
TRUE						
						
Das Subsidiaritätsprinzip ist zwar nützlich - wobei ich es allerdings <L1>grotesk</L1> fände, allen Betrunkenen den Führerschein zu entziehen -, doch muss erkennbar sein, wann die Kraftfahrer gemäß unserer Straßenverkehrsordnung als betrunken gelten.	The principle of subsidiarity is all very well - although I feel that it would be grossly inappropriate to take away the licences of all drunk drivers - but the problem is working out at what point a driver is to be considered drunk according to our highway code.	absurd grotesk fratzenhaft | eigenartig eigentümlich eigenwillig komisch schräg verquer ungewöhnlich skurril sonderbar befremdend befremdlich bizarr fällt aus dem Rahmen abstrus absurd lächerlich aberwitzig grotesk kurios merkwürdig abgedreht | grotesk bedrohlich beängstigend rätselhaft kafkaesk				
Das Subsidiaritätsprinzip ist zwar nützlich - wobei ich es allerdings <N1>ungewöhnlich</N1> fände, allen Betrunkenen den Führerschein zu entziehen -, doch muss erkennbar sein, wann die Kraftfahrer gemäß unserer Straßenverkehrsordnung als betrunken gelten.	The principle of subsidiarity is all very well - although I feel that it would be grossly inappropriate to take away the licences of all drunk drivers - but the problem is working out at what point a driver is to be considered drunk according to our highway code.					
TRUE						
						
Nur muss es ihnen - aber genau so den Männern - möglich sein, häusliche Aufgaben genau so gut zu <L1>managen</L1> wie berufliche Anforderungen.	However, they, and this applies equally to men, have to be able to manage their domestic commitments just as well as they cope with the professional demands placed on them.	beherrschen herrschen managen regeln | bewerkstelligen handhaben handeln managen zurechtkommen				
Nur muss es ihnen - aber genau so den Männern - möglich sein, häusliche Aufgaben genau so gut zu <N1>handhaben</N1> wie berufliche Anforderungen.	However, they, and this applies equally to men, have to be able to manage their domestic commitments just as well as they cope with the professional demands placed on them.					
TRUE						
						
Denn Hass, Zwang und der Versuch, den Partner, das <L1>vis-à-vis</L1> unter Druck zu setzen, haben leider wieder die Oberhand gewonnen.	Because unfortunately, hatred, coercion and attempts to put the partner under pressure using these methods, have regained the upper hand.	jenseits entgegengesetzt gegenüberliegend gegenüber vis-à-vis am anderen Ufer vis-a-vis auf der anderen Straßenseite auf der anderen Seite				
Denn Hass, Zwang und der Versuch, den Partner, das <N1>gegenüber</N1> unter Druck zu setzen, haben leider wieder die Oberhand gewonnen.	Because unfortunately, hatred, coercion and attempts to put the partner under pressure using these methods, have regained the upper hand.					
TRUE						
						
Herr Präsident, meine Damen und Herren, Kolleginnen und Kollegen! Die Frau Kollegin McNally hat vorhin gesagt, dass es sich bei ihrem Bericht um eine Angelegenheit handelt, die nicht besonders <L1>sexy</L1> ist.	Mr President, ladies and gentlemen, as Mrs McNally said earlier, her report was not a particularly sexy matter.	aktuell sexy steht hoch im Kurs gefragt kultig en vogue trendy (voll) im Trend angesagt im Trend liegen im Schwange in Mode Mode sein in dem Zeitgeist entsprechend hip trendig zum guten Ton gehören | scharf geil atemraubend atemberaubend reizend attraktiv Blicke auf sich ziehen aufreizend ansprechend Lust machen weiblichen Reize zur Geltung bringen lustvoll heiß wohlgestaltet lasziv aufregend Phantasien auslösen aphrodisierend mit heißen Kurven verführerisch Hormone ankurbelnd erregend erotisierend sinnlich rassig erotisch Männerherzen höher schlagen lassen stimulierend wohlgeformt lecker knackig knusprig reizvoll Hormone in Wallung bringen wohlproportioniert kurvig sexy betörend zum Anbeißen				
Herr Präsident, meine Damen und Herren, Kolleginnen und Kollegen! Die Frau Kollegin McNally hat vorhin gesagt, dass es sich bei ihrem Bericht um eine Angelegenheit handelt, die nicht besonders <N1>ansprechend</N1> ist.	Mr President, ladies and gentlemen, as Mrs McNally said earlier, her report was not a particularly sexy matter.					
TRUE						
						
Deshalb hoffe ich, dass das erneute Verbot der Verwendung dieses Hormonfleisches bei uns in Europa die amerikanischen Verbraucher und Gesundheitsbehörden <L1>alarmieren</L1> wird, so dass sich weitere Diskussion darüber im Rahmen der WTO erübrigen werden.	I therefore hope that the renewed adoption of a ban on the use of this hormone-treated meat here in Europe might capture the attention both of American consumers and of the American health authorities so that we avoid having to have further discussions of this matter under the auspices of the WTO.	alarmieren beunruhigen für Unruhe sorgen in Alarmstimmung versetzen | avertieren vorwarnen aufschrecken aufzeigen Alarm schlagen alarmieren warnen Alarm auslösen Alarm geben | aufschrecken alarmieren aufscheuchen wachrütteln wecken emporreißen aufrütteln aufwecken elektrisieren erschüttern				
Deshalb hoffe ich, dass das erneute Verbot der Verwendung dieses Hormonfleisches bei uns in Europa die amerikanischen Verbraucher und Gesundheitsbehörden <N1>beunruhigen</N1> wird, so dass sich weitere Diskussion darüber im Rahmen der WTO erübrigen werden.	I therefore hope that the renewed adoption of a ban on the use of this hormone-treated meat here in Europe might capture the attention both of American consumers and of the American health authorities so that we avoid having to have further discussions of this matter under the auspices of the WTO.					
TRUE						
						
Der Absatz 12 verlangt, erbittet, ersucht, Gedanken darüber anzustellen, wie man eine spezifische Mehrwertsteuerregelung für das <L1>downloaden</L1> von Veröffentlichungen finden könnte.	Paragraph 12 demands, requests, calls on the Member States to consider how to apply specific VAT arrangements to publications which are downloaded.	laden herunterladen herunterkopieren runterladen downloaden				
Der Absatz 12 verlangt, erbittet, ersucht, Gedanken darüber anzustellen, wie man eine spezifische Mehrwertsteuerregelung für das <N1>herunterladen</N1> von Veröffentlichungen finden könnte.	Paragraph 12 demands, requests, calls on the Member States to consider how to apply specific VAT arrangements to publications which are downloaded.					
TRUE						
						
With cod supplies at an all-time low Mr Nicholson is calling for restrictions to <L1>stop</L1> trawlers from catching juvenile cod.	With cod supplies at an all-time low Mr Nicholson is calling for restrictions to stop trawlers from catching juvenile cod.		not a german sentence			
With cod supplies at an all-time low Mr Nicholson is calling for restrictions to <N1>stop</N1> trawlers from catching juvenile cod.	With cod supplies at an all-time low Mr Nicholson is calling for restrictions to stop trawlers from catching juvenile cod.					
TRUE						
						
Meine Verantwortung als Kulturpolitikerin ist erstens, diese Existenzgrundlage von Urhebern zu ermöglichen und zu sichern, und zweitens - und das möchte ich nicht in der Reihenfolge verstanden wissen, sondern als gleichwertig - der Öffentlichkeit nicht nur einen <L1>free</L1> access zu garantieren, sondern auch dafür Sorge zu tragen, dass der Öffentlichkeit qualitativ hochwertige Inhalte in ihrer ganzen Vielfalt zur Verfügung gestellt werden.	As a politician for culture, my responsibility is, firstly, to give rightholders a secure basis for their existence and, secondly - and I do not mean secondarily but equally - to guarantee the public free access and, at the same time, ensure that high-quality works are available to the public in all their diversity.					
Meine Verantwortung als Kulturpolitikerin ist erstens, diese Existenzgrundlage von Urhebern zu ermöglichen und zu sichern, und zweitens - und das möchte ich nicht in der Reihenfolge verstanden wissen, sondern als gleichwertig - der Öffentlichkeit nicht nur einen <N1>freien</N1> access zu garantieren, sondern auch dafür Sorge zu tragen, dass der Öffentlichkeit qualitativ hochwertige Inhalte in ihrer ganzen Vielfalt zur Verfügung gestellt werden.	As a politician for culture, my responsibility is, firstly, to give rightholders a secure basis for their existence and, secondly - and I do not mean secondarily but equally - to guarantee the public free access and, at the same time, ensure that high-quality works are available to the public in all their diversity.					
TRUE						
						
Die einzige Frage, die sich stellt, betrifft ihre sofortige Freilassung aus den serbischen Gefängnissen und ihre Übergabe an die <L1>UNO-Mission</L1> im Kosovo.	The only issue to consider is their immediate release from Serbian prisons and their transfer to the UN mission in Kosovo.		no loanword			
Die einzige Frage, die sich stellt, betrifft ihre sofortige Freilassung aus den serbischen Gefängnissen und ihre Übergabe an die <N1>UNO-Mission</N1> im Kosovo.	The only issue to consider is their immediate release from Serbian prisons and their transfer to the UN mission in Kosovo.					
TRUE						
						
Die Wahl der Politik ist frei. Wenn ein Land von der empfohlenen Richtung <L1>markant</L1> abweicht, kann es kritisiert werden, mehr nicht.	There is a free choice of policy, and if a country goes down a markedly different path than the one recommended, it can be criticised, but nothing more.	stark deutlich wahrnehmbar augenfällig ersichtlich klar und deutlich nicht zu übersehen unübersehbar ausgeprägt apparent ins Auge fallend auffällig deutlich sichtbar intensiv offensichtlich ins Auge stechend dick und fett offenkundig hervorstechend auffallend markant deutlich erkennbar | scharf stark deutlich klar prägnant kräftig ausgeprägt intensiv markant regelmäßig umrissen gestochen heftig | stark deutlich merklich augenfällig prägnant ausgeprägt markant spürbar fühlbar charakteristisch in großem Umfang signifikant bezeichnend				
Die Wahl der Politik ist frei. Wenn ein Land von der empfohlenen Richtung <N1>auffallend</N1> abweicht, kann es kritisiert werden, mehr nicht.	There is a free choice of policy, and if a country goes down a markedly different path than the one recommended, it can be criticised, but nothing more.					
TRUE						
						
Die Schuld Irlands besteht in seinem Streben nach wirtschaftlicher Stabilität, und in diesem Zusammenhang wurde unser letzter Haushalt als zu <L1>inflationär</L1> beurteilt.	The charge is that Ireland is to seek to achieve economic stability and, in that context, our last budget was deemed to be over-inflationary.	überbordend sich unmäßig ausweitend inflationär inflatorisch in übermäßiger Weise auftretend inflationistisch sich unmäßig ausbreitend				
Die Schuld Irlands besteht in seinem Streben nach wirtschaftlicher Stabilität, und in diesem Zusammenhang wurde unser letzter Haushalt als zu <N1>überbordend</N1> beurteilt.	The charge is that Ireland is to seek to achieve economic stability and, in that context, our last budget was deemed to be over-inflationary.					
TRUE						
						
Hätte sich die Europäische Kommission bewusst für einen Kurs entschieden, mit dem das Vereinigte Königreich vom Beitritt zum Euro abgehalten werden soll, indem sich die Kommission als eine überholte Bürokratie zeigt, die gewählte Regierungen auf eine völlig abwegige Art und Weise zu <L1>schikanieren</L1> sucht, dann hätte sie es tatsächlich nicht besser bewerkstelligen können.	In fact, if the European Commission had deliberately decided on a course which would alienate the UK from joining the euro, by revealing itself to be an out-of-date bureaucracy which tries to bully elected governments in ways that are completely outside its brief, it could not have done better.	piesacken zur Sau machen fertigmachen mobben aufs Korn nehmen drangsalieren intrigieren schikanieren kujonieren schurigeln				
Hätte sich die Europäische Kommission bewusst für einen Kurs entschieden, mit dem das Vereinigte Königreich vom Beitritt zum Euro abgehalten werden soll, indem sich die Kommission als eine überholte Bürokratie zeigt, die gewählte Regierungen auf eine völlig abwegige Art und Weise zu <N1>drangsalieren</N1> sucht, dann hätte sie es tatsächlich nicht besser bewerkstelligen können.	In fact, if the European Commission had deliberately decided on a course which would alienate the UK from joining the euro, by revealing itself to be an out-of-date bureaucracy which tries to bully elected governments in ways that are completely outside its brief, it could not have done better.					
TRUE						
						
Ich habe im Auftrag des Parlaments einen Bericht erstellt, der im vergangenen Jahr fast einstimmig gebilligt wurde und in dem das Parlament die Kommission ermahnt, die Reformen so schnell wie möglich durchzuführen, um nicht die Mitarbeiter zu <L1>demoralisieren</L1> und die Öffentlichkeit zu enttäuschen.	I drew up on behalf of Parliament a report, which was approved almost unanimously last year, in which Parliament warned the Commission that the reforms must be implemented as quickly as possible to avoid staff demoralisation and public disenchantment.	abschrecken ins Bockshorn jagen einschüchtern demoralisieren demotivieren den Schneid nehmen entmutigen den Schneid abkaufen Wind aus den Segeln nehmen decouragieren | demoralisieren kleinkriegen erniedrigen jemanden fertig machen				
Ich habe im Auftrag des Parlaments einen Bericht erstellt, der im vergangenen Jahr fast einstimmig gebilligt wurde und in dem das Parlament die Kommission ermahnt, die Reformen so schnell wie möglich durchzuführen, um nicht die Mitarbeiter zu <N1>entmutigen</N1> und die Öffentlichkeit zu enttäuschen.	I drew up on behalf of Parliament a report, which was approved almost unanimously last year, in which Parliament warned the Commission that the reforms must be implemented as quickly as possible to avoid staff demoralisation and public disenchantment.					
TRUE						
						
Herr Präsident, ich bitte um das Wort wegen Anspielungen nicht auf meine Person, sondern auf den Vorsitzenden meiner Fraktion, um in meiner Eigenschaft als stellvertretender Fraktionsvorsitzender zu sagen, dass der Redebeitrag von Herrn Poettering für mich absolut <L1>genial</L1> war.	Mr President, I have requested the floor not for personal reasons but on behalf of the President of my group and in my capacity as Vice-President of that group, to say that I thought Mr Poettering' s speech was marvellous.	genial brillant glänzend wunderbar wundervoll splendid herrlich prächtig dass es eine ein Gedicht Ich kann mein Glück noch gar nicht fassen wahre Wonne famos | genial geil brillant glänzend absolut super exzellent beispiellos von außerordentlicher Qualität atemraubend magnifik wunderbar begnadet einzigartig affengeil sagenhaft unglaublich absoluter Wahnsinn hinreißend unübertroffen fetzt berückend überragend saugeil fulminant absolut irre erstklassig top süperb überwältigend ohne Beispiel atemberaubend phantastisch phänomenal ganz großes Kino urst zum Sterben schön unvergleichlich vom Feinsten wumbaba unübertrefflich fantastisch bestens hervorragend nicht zu toppen nicht zu fassen du kriegst die Motten allererste Sahne herausragend umwerfend hammergeil zum Niederknien toll traumhaft himmelsgleich rockt grandios megacool ganz große Klasse himmlisch wundervoll großartig super superb klasse fabelhaft ausgezeichnet stark sauber cool tipptopp prima leiwand knorke dufte doll zum Reinlegen töfte astrein phatt hasenrein 1A tofte der Hit erste Sahne leinwand spitze nicht schlecht bombig | genial ingeniös				
Herr Präsident, ich bitte um das Wort wegen Anspielungen nicht auf meine Person, sondern auf den Vorsitzenden meiner Fraktion, um in meiner Eigenschaft als stellvertretender Fraktionsvorsitzender zu sagen, dass der Redebeitrag von Herrn Poettering für mich absolut <N1>wunderbar</N1> war.	Mr President, I have requested the floor not for personal reasons but on behalf of the President of my group and in my capacity as Vice-President of that group, to say that I thought Mr Poettering' s speech was marvellous.					
TRUE						
						
Es wäre gut, wenn der Konsument in Echtzeit erfahren könnte, was sein Gespräch gerade kostet, oder wenn er zumindest das Recht bekommt, im Nachhinein eine <L1>SMS</L1> innerhalb kürzester Zeit zu bekommen, die die Kosten des Gesprächs bekannt gibt.	It would be good if consumers really could find out exactly what their conversations cost or if they at least received a follow-up SMS straight away, telling them what the call had cost.	SMS Dienst für Kurznachrichten | Short Message Kurznachricht SMS				
Es wäre gut, wenn der Konsument in Echtzeit erfahren könnte, was sein Gespräch gerade kostet, oder wenn er zumindest das Recht bekommt, im Nachhinein eine <N1>Kurznachricht</N1> innerhalb kürzester Zeit zu bekommen, die die Kosten des Gesprächs bekannt gibt.	It would be good if consumers really could find out exactly what their conversations cost or if they at least received a follow-up SMS straight away, telling them what the call had cost.					
TRUE						
						
Denn bei einer Sitzung des nichtständigen, mit der Untersuchung des Falles Echelon beauftragten Ausschusses hat ein hoher Beamter, der für die Verschlüsselung vertraulicher Informationen zuständig ist, Folgendes erklärt: Ich hatte schon immer sehr gute Kontakte mit der <L1>NSA</L1> in Washington. Die NSA prüft normalerweise unsere Systeme, ob sie 100-prozentig dicht sind und richtig verwendet werden.	At a meeting of the Temporary Committee investigating the Echelon affair, a senior official responsible for the encryption of confidential information said that he had always been on very good terms with the NSA in Washington and that they check our systems on a regular basis to ensure that they really are secure and are being used correctly.		no loanword			
Denn bei einer Sitzung des nichtständigen, mit der Untersuchung des Falles Echelon beauftragten Ausschusses hat ein hoher Beamter, der für die Verschlüsselung vertraulicher Informationen zuständig ist, Folgendes erklärt: Ich hatte schon immer sehr gute Kontakte mit der <N1>NSA</N1> in Washington. Die NSA prüft normalerweise unsere Systeme, ob sie 100-prozentig dicht sind und richtig verwendet werden.	At a meeting of the Temporary Committee investigating the Echelon affair, a senior official responsible for the encryption of confidential information said that he had always been on very good terms with the NSA in Washington and that they check our systems on a regular basis to ensure that they really are secure and are being used correctly.					
TRUE						
						
In Italien gibt es bereits einen Arzt, der Menschen reproduktiv zu <L1>klonen</L1> bereit ist, und 60 Freiwillige haben sich schon dafür angemeldet.	There is a doctor in Italy who already wants to clone people reproductively, and 60 volunteers have already come forward for this experiment.	sich unterhalten plaudern schnacken miteinander reden plauschen konversieren Smalltalk machen quatschen parlieren babbeln Small Talk machen quatern ratschen babbele quasseln Konversation machen klönen | Klonen ungeschlechtliche Vermehrung asexuelle Vermehrung vegetative Vermehrung | kopieren vervielfältigen klonen replizieren verdoppeln klonieren duplizieren				
In Italien gibt es bereits einen Arzt, der Menschen reproduktiv zu <N1>vervielfältigen</N1> bereit ist, und 60 Freiwillige haben sich schon dafür angemeldet.	There is a doctor in Italy who already wants to clone people reproductively, and 60 volunteers have already come forward for this experiment.					
TRUE						
						
Ab jetzt sollen jedoch die größten Beträge aus diesen Operationen als Aktiva behandelt werden, die nicht als Staatsschulden zu verbuchen sind. Dadurch wäre es möglich, die Nettoverschuldung und damit das übermäßige öffentliche Defizit zu <L1>frisieren</L1> oder zu verschleiern.	However, from now on, the main amounts of these transactions are going to be considered as financial assets that do not count as public debt, which could enable the net debt, and therefore excessive public debt, to be disguised or hidden, which is unacceptable.	frisieren verhüllen verschleiern maskieren verbrämen aufputzen übertünchen schönen günstig darstellen verharmlosen ins rechte Licht setzen beschönigen ins rechte Licht rücken weichspülen schönreden bemänteln positiv darstellen in ein gutes Licht rücken herunterspielen schönfärben | frisieren verfälschen manipulieren klittern fälschen faken schönen | frisieren kämmen bürsten | aufmöbeln verbessern aufpolieren tunen aufpeppen aufblasen pimpen aufmotzen aufbohren frisieren				
Ab jetzt sollen jedoch die größten Beträge aus diesen Operationen als Aktiva behandelt werden, die nicht als Staatsschulden zu verbuchen sind. Dadurch wäre es möglich, die Nettoverschuldung und damit das übermäßige öffentliche Defizit zu <N1>beschönigen</N1> oder zu verschleiern.	However, from now on, the main amounts of these transactions are going to be considered as financial assets that do not count as public debt, which could enable the net debt, and therefore excessive public debt, to be disguised or hidden, which is unacceptable.					
TRUE						
						
Ein solcher Zeitrahmen ist erforderlich, um ein Forschungsprojekt zu genehmigen, es zu finanzieren, durchzuführen, danach vom ECVAM <L1>validieren</L1> sowie vom Wissenschaftlichen Ausschuss genehmigen zu lassen und es schließlich in Anhang 5 aufzunehmen.	Agreeing a research project, funding it, undertaking it and then having it validated by ECVAM, endorsed by the Scientific Committee and incorporated into Annex 5 requires that sort of timescale.	verifizieren validieren überprüfen bestätigen | validieren für gültig erklären rechtswirksam machen				
Ein solcher Zeitrahmen ist erforderlich, um ein Forschungsprojekt zu genehmigen, es zu finanzieren, durchzuführen, danach vom ECVAM <N1>bestätigen</N1> sowie vom Wissenschaftlichen Ausschuss genehmigen zu lassen und es schließlich in Anhang 5 aufzunehmen.	Agreeing a research project, funding it, undertaking it and then having it validated by ECVAM, endorsed by the Scientific Committee and incorporated into Annex 5 requires that sort of timescale.					
TRUE						
						
Diese Erkenntnisse der Industrie, die sollten wir uns zu eigen machen und nicht sporadisch auf Ersatzstoffe <L1>tippen</L1> oder solche fordern, die wir selbst noch nicht geprüft haben, bei denen wir selbst nicht wissen, wo es lang geht.	We should appropriate industry's findings and not randomly back or call for substitutes which we ourselves have not yet investigated, and about which we ourselves do not know the full facts.	spielen tippen wetten zocken auf etwas setzen | tippen Maschine schreiben | eingeben hacken tippen (auf einer Tastatur) schreiben				
Diese Erkenntnisse der Industrie, die sollten wir uns zu eigen machen und nicht sporadisch auf Ersatzstoffe <N1>wetten</N1> oder solche fordern, die wir selbst noch nicht geprüft haben, bei denen wir selbst nicht wissen, wo es lang geht.	We should appropriate industry's findings and not randomly back or call for substitutes which we ourselves have not yet investigated, and about which we ourselves do not know the full facts.					
TRUE						
						
Meinen drei Kollegen, die keine Entlastung erteilen wollen, möchte ich sagen, dass ich wirklich <L1>nervös</L1> geworden wäre, wenn sie gesagt hätten, sie möchten doch Entlastung erteilen.	To my three colleagues, who do not wish to grant discharge, I would like to say that it would really have worried me if they had said that they wanted to grant discharge.	aufgewühlt nervös zitterig gespannt angespannt nervlich angespannt die Nerven liegen bloß unter Spannung unter Anspannung unter Spannung aufgerührt in Anspannung in atemloser Spannung Nerven sind zum Zerreißen gespannt nervlich angespannt | durcheinander ruhelos zappelig fickerig erregt wie ein aufgescheuchtes Huhn aufgeregt aufgedreht kirre unruhig schreckhaft rapplig aufgewühlt kribbelig nervös beunruhigt fieberhaft rappelig gereizt kabbelig wie angestochen aufgekratzt | nervös nervlich				
Meinen drei Kollegen, die keine Entlastung erteilen wollen, möchte ich sagen, dass ich wirklich <N1>angespannt</N1> geworden wäre, wenn sie gesagt hätten, sie möchten doch Entlastung erteilen.	To my three colleagues, who do not wish to grant discharge, I would like to say that it would really have worried me if they had said that they wanted to grant discharge.					
TRUE						
						
Ich bin der Berichterstatter für diesen Bericht und hoffe, das Europäische Parlament wird ihn schnell behandeln, damit die Aussprache dazu noch vor der für die dritte Juniwoche geplanten internationalen <L1>UNO-Konferenz</L1> zu diesem Thema stattfinden kann.	I am the rapporteur for that report and I hope this Parliament will put it on fast track so that it can be debated before the UN international conference on the subject in the third week of June.		no loanword			
Ich bin der Berichterstatter für diesen Bericht und hoffe, das Europäische Parlament wird ihn schnell behandeln, damit die Aussprache dazu noch vor der für die dritte Juniwoche geplanten internationalen <N1>UNO-Konferenz</N1> zu diesem Thema stattfinden kann.	I am the rapporteur for that report and I hope this Parliament will put it on fast track so that it can be debated before the UN international conference on the subject in the third week of June.					
TRUE						
						
Wenn es für einen Mitgliedstaat annehmbar ist, etwas mit einer <L1>UNO-Organisation</L1> gemeinsam zu tun und ihre Berichterstattung zu akzeptieren, sollte es auch für die Europäische Union möglich sein, im Grunde genommen dasselbe zu tun.	If it is good enough for a Member State to do this together with a UN organisation and have its reporting accepted, it should be good enough for the European Union to do basically the same.					
Wenn es für einen Mitgliedstaat annehmbar ist, etwas mit einer <N1>UNO-Verband</N1> gemeinsam zu tun und ihre Berichterstattung zu akzeptieren, sollte es auch für die Europäische Union möglich sein, im Grunde genommen dasselbe zu tun.	If it is good enough for a Member State to do this together with a UN organisation and have its reporting accepted, it should be good enough for the European Union to do basically the same.					
TRUE						
						
Die Tabakhersteller betreiben diesbezüglich eine zielgerichtete Politik, indem sie das Zigarettenrauchen in der Werbung als <L1>sportlich</L1> und cool hinstellen.	The policy of tobacco manufactures expressly targets this market by giving cigarette smoking a tough and sporting image in advertising.	anspruchsvoll ambitioniert sportlich ambitiös ehrgeizig | athletisch durchtrainiert sportlich trainiert fit wie ein Turnschuh sportiv (körperlich) fit nur aus Muskeln bestehend | anständig sportlich fair | leger informell lässig salopp sportlich				
Die Tabakhersteller betreiben diesbezüglich eine zielgerichtete Politik, indem sie das Zigarettenrauchen in der Werbung als <N1>kraftstrotzend</N1> und cool hinstellen.	The policy of tobacco manufactures expressly targets this market by giving cigarette smoking a tough and sporting image in advertising.					
TRUE						
						
An der Powrie-Primarschule in Dundee will man, dass der Genuss von Alkohol als <L1>uncool</L1> dargestellt wird.	Powrie primary school in Dundee asked that alcohol should be made 'uncool' ;	überholt veraltet antiquiert passé altmodisch out nicht mehr angesagt Schnee von gestern abgelutscht ausgelutscht unmodern vorbei altbacken ausgedient haben aus der Mode anachronistisch uncool hat seine Chance gehabt zum alten Eisen gehörend war mal. hat seine besten Zeiten hinter sich Vergangenheit sein nicht mehr zeitgemäß damit lockt man keinen Hund mehr hinter dem Ofen hervor nicht mehr aktuell nicht mehr auf der Höhe der Zeit unzeitgemäß Die Zeiten sind vorbei nicht mehr Stand der Technik gute alte der Vergangenheit angehören gehört entsorgt nicht mehr State of the Art Old School abgemeldet nicht mehr in Mode vorsintflutlich nicht mehr up to date hatte seine Chance hat sich erledigt | ätzend uncool lahm doof scheiße ungeil				
An der Powrie-Primarschule in Dundee will man, dass der Genuss von Alkohol als <N1>altmodisch</N1> dargestellt wird.	Powrie primary school in Dundee asked that alcohol should be made 'uncool' ;					
TRUE						
						
Frau Ratspräsidentin, Herr Kommissar, es ist an der Zeit, laut und deutlich zu sagen <L1>basta</L1> ya!	Madam President-in-Office of the Council, Commissioner, it is now time to say, loudly and firmly, 'basta ya!'					
Frau Ratspräsidentin, Herr Kommissar, es ist an der Zeit, laut und deutlich zu sagen <N1>Schluss</N1> ya!	Madam President-in-Office of the Council, Commissioner, it is now time to say, loudly and firmly, 'basta ya!'					
TRUE						
						
Auch hier muss allerdings primär das Prinzip der Qualifikation und erst <L1>sekundär</L1> das ethnische Prinzip gelten.	Here again the primary concern must be qualification, with the ethnic principle coming second.	marginal unbedeutend zweitrangig nicht der Rede wert peripher egal ohne Belang nicht ins Gewicht fallend zu vernachlässigen nicht entscheidend uninteressant nichtssagend hat es nicht viel auf sich unmaßgeblich bedeutungslos unter ferner liefen irrelevant sekundär unwesentlich nebensächlich von untergeordneter Bedeutung belanglos unbeträchtlich keinen Schuss Pulver wert vernachlässigbar nachgeordnet unerheblich unwichtig kannste vergessen nicht wichtig sei's drum nachrangig nicht von Interesse | zweitrangig unter ferner liefen sekundär nebensächlich nachrangig zweite Geige beiläufig auch ebenfalls untergeordnet				
Auch hier muss allerdings primär das Prinzip der Qualifikation und erst <N1>zweitrangig</N1> das ethnische Prinzip gelten.	Here again the primary concern must be qualification, with the ethnic principle coming second.					
TRUE						
						
General Morillon, der heute Nachmittag hier ist, diente in Srebrenica und anderen Orten mit Würde, obwohl das <L1>UNO-Mandat</L1> sehr schwierig war und zu seiner Umsetzung praktisch keine Möglichkeit bestand.	General Morillon, here this afternoon, served at Srebrenica and other places with dignity, despite having a very difficult and effectively impossible UN mandate.					
General Morillon, der heute Nachmittag hier ist, diente in Srebrenica und anderen Orten mit Würde, obwohl der <N1>UNO-Auftrag</N1> sehr schwierig war und zu seiner Umsetzung praktisch keine Möglichkeit bestand.	General Morillon, here this afternoon, served at Srebrenica and other places with dignity, despite having a very difficult and effectively impossible UN mandate.					
TRUE						
						
Das Unterfangen ist inzwischen so unkontrollierbar geworden - ich hörte übrigens vorhin das Wort <L1>extravagant</L1> - dass einige Sozialdemokraten offen den Wunsch nach einem neuen Nationalismus, diesmal aber einem europäischen, äußern, während dieselben Leute sich als unfähig erweisen, im eigenen Land ihrer Verantwortung gerecht zu werden.	The whole thing has spiralled so far out of control - I actually heard the word 'extravagant' being used earlier - that some of the social democrats are beginning to openly call for a new type of nationalism, but, this time, one with a European edge, whereas even they are proving to be unable to shoulder their rightful responsibilities on behalf of their own countries.	elegant extravagant nobel exklusiv fein vornehm mondän | extravagant überspannt verstiegen | dandyhaft extravagant überspannt überdreht snobistisch überkandidelt exaltiert verstiegen exzentrisch				
Das Unterfangen ist inzwischen so unkontrollierbar geworden - ich hörte übrigens vorhin das Wort <N1>übertrieben</N1> - dass einige Sozialdemokraten offen den Wunsch nach einem neuen Nationalismus, diesmal aber einem europäischen, äußern, während dieselben Leute sich als unfähig erweisen, im eigenen Land ihrer Verantwortung gerecht zu werden.	The whole thing has spiralled so far out of control - I actually heard the word 'extravagant' being used earlier - that some of the social democrats are beginning to openly call for a new type of nationalism, but, this time, one with a European edge, whereas even they are proving to be unable to shoulder their rightful responsibilities on behalf of their own countries.					
TRUE						
						
Nach Angaben der <L1>UN-Organisation</L1> IOM werden jährlich eine halbe Million Frauen nach Europa gelockt oder gezwungen, um hier ein Leben als Sexsklaven zu fristen.	According to the UN body the IOM, half a million women are lured or forced into Europe every year for a life as sex slaves.					
Nach Angaben des <N1>UN-Verbands</N1> IOM werden jährlich eine halbe Million Frauen nach Europa gelockt oder gezwungen, um hier ein Leben als Sexsklaven zu fristen.	According to the UN body the IOM, half a million women are lured or forced into Europe every year for a life as sex slaves.					
TRUE						
						
Der Konzern Air France hat beispielsweise kürzlich einen Betriebsüberschuss von <L1>brutto</L1> 10 Milliarden Francs angekündigt; dies entspricht etwa 200 000 Francs pro Beschäftigten, und trotz der stark gestiegenen Treibstoffpreise hat das Unternehmen gerade die jährliche Dividende für seine Aktionäre um 57 % erhöht.	The Air France group has, for example, just announced a gross operating surplus of FRF 10 billion, or approximately FRF 200 000 per company employee, and, in spite of the substantial increase in the price of kerosene, the company has just increased its shareholder dividends by 57% this year.					
Der Konzern Air France hat beispielsweise kürzlich einen Betriebsüberschuss von <N1>ohne Abzug der Steuern</N1> 10 Milliarden Francs angekündigt; dies entspricht etwa 200 000 Francs pro Beschäftigten, und trotz der stark gestiegenen Treibstoffpreise hat das Unternehmen gerade die jährliche Dividende für seine Aktionäre um 57 % erhöht.	The Air France group has, for example, just announced a gross operating surplus of FRF 10 billion, or approximately FRF 200 000 per company employee, and, in spite of the substantial increase in the price of kerosene, the company has just increased its shareholder dividends by 57% this year.					
TRUE						
						
Heute früh war vom Mailänder Flughafen Malpensa ein Flugzeug mit 18 Plätzen vorgesehen, weshalb beispielsweise Frau Morgantini wie andere unserer Kolleginnen und Kollegen auf die Warteliste gesetzt wurde und nicht <L1>einchecken</L1> konnte, um rechtzeitig zum Tagungsbeginn hier zu sein, und das, obwohl sie um 7.30 Uhr von Rom abgeflogen war.	This morning, there were only 18 seats in total on the flight from Milan Malpensa to Strasbourg, as a result of which Mrs Morgantini and other Members found that their seats had been double-booked, and she was unable to get a plane in time to be here before the beginning of the part-session, despite the fact that she had left Rome at 7.30 this morning.	sich anmelden einchecken				
Heute früh war vom Mailänder Flughafen Malpensa ein Flugzeug mit 18 Plätzen vorgesehen, weshalb beispielsweise Frau Morgantini wie andere unserer Kolleginnen und Kollegen auf die Warteliste gesetzt wurde und sich nicht <N1>anmelden</N1> konnte, um rechtzeitig zum Tagungsbeginn hier zu sein, und das, obwohl sie um 7.30 Uhr von Rom abgeflogen war.	This morning, there were only 18 seats in total on the flight from Milan Malpensa to Strasbourg, as a result of which Mrs Morgantini and other Members found that their seats had been double-booked, and she was unable to get a plane in time to be here before the beginning of the part-session, despite the fact that she had left Rome at 7.30 this morning.					
TRUE						
						
Auf der einen Seite sehen wir die angelsächsische Tradition, die von den Prinzipien des <L1>Laissez-faire</L1> und Open-market geprägt ist.	On the one hand, there is the Anglo-Saxon tradition, characterised by laissez-faire and open market principles.					
Auf der einen Seite sehen wir die angelsächsische Tradition, die von den Prinzipien des <N1>Nichteinmischens</N1> und Open-market geprägt ist.	On the one hand, there is the Anglo-Saxon tradition, characterised by laissez-faire and open market principles.					
TRUE						
						
Wir müssen meiner Meinung nach feststellen, dass Bush und seine Regierung sich als so <L1>primitiv</L1> und populistisch erwiesen haben, wie dies zu befürchten war.	I think we have to acknowledge that Mr Bush and his administration have shown themselves to be just as primitive and populist as might have been feared.	schlecht Billig... platt seicht fadenscheinig flach derb primitiv ohne Anspruch unambitioniert ohne Niveau ohne Ambition nicht besonders einfallsreich nicht ambitioniert wie in einem schlechten Film niveaulos | grobschlächtig roh primitiv kulturlos banausisch prollig | Raumbezugsgrundform Grundobjekt grafisches Primitiv grafische Grundform Primitiv | einfach unkompliziert leicht ohne Probleme reibungslos störungsfrei wie ein Glöckerl klaglos anstandslos wie am Schnürchen unaufwändig wie geschmiert problemlos mühelos umstandslos ohne Schwierigkeiten simpel unproblematisch geschenkt primitiv				
Wir müssen meiner Meinung nach feststellen, dass Bush und seine Regierung sich als so <N1>einfach</N1> und populistisch erwiesen haben, wie dies zu befürchten war.	I think we have to acknowledge that Mr Bush and his administration have shown themselves to be just as primitive and populist as might have been feared.					
TRUE						
						
Deshalb muss die Geschäftsordnung <L1>rationell</L1> angewendet werden.	It is therefore necessary to apply the Rules of Procedure in a rational way.	überzeugend effizient leistungsfähig drastisch einschneidend verlustfrei durchschlagend mit hohem Wirkungsgrad tiefgreifend effektiv rationell schlagkräftig wirkungsvoll wirksam verlustarm				
Deshalb muss die Geschäftsordnung <N1>zweckdienlich</N1> angewendet werden.	It is therefore necessary to apply the Rules of Procedure in a rational way.					
TRUE						
						
Das gehört <L1>originär</L1> dort hinein.	That is where it really belongs.	echt ursprünglich unverändert gestanden unverfälscht originär original authentisch genuin				
Das gehört <N1>ursprünglich</N1> dort hinein.	That is where it really belongs.					
TRUE						
						
In Wahrheit jedoch <L1>schockieren</L1> die negativen Beispiele dieser so herbeigesehnten Mobilität der Unternehmen und Unternehmer noch heute die Öffentlichkeit in meinem Land.	The truth is that the damaging examples of this much sought after mobility of companies and employers are still shocking public opinion in my country even today.	schockieren erschrecken erschüttern | schockieren schocken einen Skandal hervorrufen				
In Wahrheit jedoch <N1>erschrecken</N1> die negativen Beispiele dieser so herbeigesehnten Mobilität der Unternehmen und Unternehmer noch heute die Öffentlichkeit in meinem Land.	The truth is that the damaging examples of this much sought after mobility of companies and employers are still shocking public opinion in my country even today.					
TRUE						
						
Die Beschwerden der Bürger betrafen die Tatsache, dass DVDs in der Union erheblich teurer sind als in den USA und dass es aufgrund der regionalen Kodierungssysteme für DVDs, durch die die Welt in sechs geografische Regionen unterteilt wird, nicht möglich ist, eine in den USA erworbene <L1>DVD</L1> auf einem in der Union verkauften DVD-Gerät abzuspielen.	The citizens' complaints related to the fact that DVD prices were significantly higher in the Community than in the United States and that, because of the DVD regional coding system under which the world is divided into six geographic regions, a DVD obtained from the US could not be played on a DVD player sold in the Community.	Digital Versatile Disc DVD	no loanword			
Die Beschwerden der Bürger betrafen die Tatsache, dass DVDs in der Union erheblich teurer sind als in den USA und dass es aufgrund der regionalen Kodierungssysteme für DVDs, durch die die Welt in sechs geografische Regionen unterteilt wird, nicht möglich ist, eine in den USA erworbene <N1>DVD</N1> auf einem in der Union verkauften DVD-Gerät abzuspielen.	The citizens' complaints related to the fact that DVD prices were significantly higher in the Community than in the United States and that, because of the DVD regional coding system under which the world is divided into six geographic regions, a DVD obtained from the US could not be played on a DVD player sold in the Community.					
TRUE						
						
Drittens wird durch die Reduzierung der Ökopunkte der Transitverkehr durch die Alpen insgesamt nicht reduziert. Dieser wird entweder auf die Schweiz verlagert oder <L1>trickreich</L1> zu bilateralem Verkehr nach und von Österreich umgestaltet oder von osteuropäischen LKW durchgeführt, die aufgrund einer anderen Genehmigung ebenso nicht ökopunktepflichtig sind.	Thirdly, reducing ecopoints does not reduce transit traffic through the Alps as a whole because it will either be switched to routes through Switzerland or trickily converted to bilateral traffic to and from Austria or traffic using east European lorries which are subject to a different licensing system and do not come under the ecopoint system.	meuchlings heimtückisch hinterhältig trickreich niederträchtig verräterisch perfide intrigant hinterlistig verschlagen hinterfotzig perfid hintertrieben | tricky listenreich listig ausgefuchst ausgekocht mit List und Tücke trickreich				
Drittens wird durch die Reduzierung der Ökopunkte der Transitverkehr durch die Alpen insgesamt nicht reduziert. Dieser wird entweder auf die Schweiz verlagert oder <N1>listig</N1> zu bilateralem Verkehr nach und von Österreich umgestaltet oder von osteuropäischen LKW durchgeführt, die aufgrund einer anderen Genehmigung ebenso nicht ökopunktepflichtig sind.	Thirdly, reducing ecopoints does not reduce transit traffic through the Alps as a whole because it will either be switched to routes through Switzerland or trickily converted to bilateral traffic to and from Austria or traffic using east European lorries which are subject to a different licensing system and do not come under the ecopoint system.					
TRUE						
						
Der Vorschlag sieht die Einrichtung eines Beobachtungs- und Informationszentrums vor, das die angeforderte und angebotene Unterstützung <L1>zentralisieren</L1> kann und mit von den Mitgliedstaaten festgelegten Kontaktstellen verbunden sein wird.	That draft provides for the setting up of an observation and information centre that can collate requests for aid and centralise the aid offered and that will be linked with contact points specified by the Member States.	zusammenführen zusammenfassen bündeln zentralisieren				
Der Vorschlag sieht die Einrichtung eines Beobachtungs- und Informationszentrums vor, das die angeforderte und angebotene Unterstützung <N1>zusammenführen</N1> kann und mit von den Mitgliedstaaten festgelegten Kontaktstellen verbunden sein wird.	That draft provides for the setting up of an observation and information centre that can collate requests for aid and centralise the aid offered and that will be linked with contact points specified by the Member States.					
TRUE						
						
Die Grundfrage ist also nach wie vor: Warum brauchen wir ein eigenes europäisches Satellitennavigationssystem, wo doch die Amerikaner bereits mit <L1>GPS</L1> ein funktionierendes Modell geliefert haben?	The fundamental issue is now as it was before: why do we need a European satellite navigation system of our own, when the Americans have already supplied a working model in the form of GPS?	GPS Globales Positionsbestimmungssystem	no loanword			
Die Grundfrage ist also nach wie vor: Warum brauchen wir ein eigenes europäisches Satellitennavigationssystem, wo doch die Amerikaner bereits mit <N1>GPS</N1> ein funktionierendes Modell geliefert haben?	The fundamental issue is now as it was before: why do we need a European satellite navigation system of our own, when the Americans have already supplied a working model in the form of GPS?					
TRUE						
						
Mit diesem Vorschlag für eine Richtlinie werden wir schlicht und einfach dazu aufgefordert, der <L1>CIA</L1> zu vertrauen, indem wir 27 Gruppierungen, die von dieser Behörde zu Recht oder zu Unrecht als terroristisch eingestuft werden, den Geldhahn zudrehen, wobei diese übrigens zur Gründung einer dieser Gruppierungen beigetragen hat.	This draft regulation quite simply asks us to trust the CIA in cutting off the means of subsistence from the 27 groups described, rightly or wrongly, as terrorists by the very agency which, more importantly, is behind some of them.	CIA Central Intelligence Agency	no loanword			
Mit diesem Vorschlag für eine Richtlinie werden wir schlicht und einfach dazu aufgefordert, der <N1>CIA</N1> zu vertrauen, indem wir 27 Gruppierungen, die von dieser Behörde zu Recht oder zu Unrecht als terroristisch eingestuft werden, den Geldhahn zudrehen, wobei diese übrigens zur Gründung einer dieser Gruppierungen beigetragen hat.	This draft regulation quite simply asks us to trust the CIA in cutting off the means of subsistence from the 27 groups described, rightly or wrongly, as terrorists by the very agency which, more importantly, is behind some of them.					
TRUE						
						
Herr Kommissar, Sie können sich nicht bis <L1>ultimo</L1> Zeit lassen.	Commissioner, you cannot take an infinite amount of time over this.	Ultimo letzter Banktag Letzte Monatsende | Fristende letzte Frist Liefertermin Lieferdatum Abgabetermin Ablieferungstermin letzter Termin Ultimo Stichtag Deadline				
Herr Kommissar, Sie können sich nicht bis <N1>Fristende</N1> Zeit lassen.	Commissioner, you cannot take an infinite amount of time over this.					
TRUE						
						
Frau Präsidentin, ich weiß, dass hier einige denken, man kann über Schottland nicht nach Straßburg gelangen, aber ich möchte dazu nur in der Muttersprache von Patricia McKenna sagen, <L1>what goes up, must come down</L1> .	Madam President, I am aware that some here will find themselves thinking that it is not possible to travel to Strasbourg via Scotland; but I would merely like to say - in Patricia McKenna's native language - that  what goes up, must come down .	bedrückt voller Wehmut niedergedrückt melancholisch gedankenschwer schwermütig voller Weltschmerz wehmutsvoll bekümmert wehmütig trübsinnig down | bedrückt down niedergeschlagen deprimiert Tief haben depri Moralischen haben im Stimmungstief heulende Elend haben Ohren hängen lassen | schlaff kraftlos kaputt platt down daneben schlapp matt lasch alle saft- und kraftlos duhne lurig fix und foxi ausgelutscht ohne Saft und Kraft groggy geschafft ausgepowert nüntig abgeschlafft	no loanword			
Frau Präsidentin, ich weiß, dass hier einige denken, man kann über Schottland nicht nach Straßburg gelangen, aber ich möchte dazu nur in der Muttersprache von Patricia McKenna sagen, <N1> what goes up, must come </N1> .	Madam President, I am aware that some here will find themselves thinking that it is not possible to travel to Strasbourg via Scotland; but I would merely like to say - in Patricia McKenna's native language - that  what goes up, must come down .					
TRUE						
						
Frau Präsidentin, wir sind eine kleine Delegation von Mitgliedern des Europäischen Parlaments, die gerade von der Clinique Sainte Barbe hier in Straßburg zurückgekommen ist, wo ein ehemaliger Minister aus Tschetschenien, Herr Ibragimow, nach einem Hungerstreik von 27 Tagen <L1>stationär</L1> behandelt wird.	Madam President, we are a small delegation of MEPs who have just come back from the Clinique Sainte Barbe here in Strasbourg, to which a former Chechen minister, Mr Ibragimov, had been admitted after having been on hunger strike for 27 days.	stationär mit Aufnahme im Krankenhaus im Krankenhaus | stationär ortsgebunden | unbewegt bewegungslos starr ruhig ruhend ortsfest stationär				
Frau Präsidentin, wir sind eine kleine Delegation von Mitgliedern des Europäischen Parlaments, die gerade von der Clinique Sainte Barbe hier in Straßburg zurückgekommen ist, wo ein ehemaliger Minister aus Tschetschenien, Herr Ibragimow, nach einem Hungerstreik von 27 Tagen <N1>im Krankenhaus</N1> behandelt wird.	Madam President, we are a small delegation of MEPs who have just come back from the Clinique Sainte Barbe here in Strasbourg, to which a former Chechen minister, Mr Ibragimov, had been admitted after having been on hunger strike for 27 days.					
TRUE						
						
Ich danke Ihnen, Herr Vande Lanotte für Ihre Ausführungen, in denen Sie diesen Aspekt - die Bereitschaft zur Verhandlung - auch noch einmal betont haben, denn ich glaube, dass man diese Forderung gerade auch an den Rat <L1>adressieren</L1> muss, dass Flexibilität in den Verhandlungen notwendig ist und dass in den verschiedenen Sitzungen nicht nur das wiederholt wird, was von den Hauptstädten festgelegt wurde.	I thank you, Mr Vande Lanotte, for re-emphasising in your speech this aspect - the willingness to negotiate - for I believe that this demand must also be addressed to the Council, that flexibility is necessary in negotiations and that what is said in the various sittings must not be merely a repetition of what was decided by governments in the capitals.	ansprechen adressieren anreden anquasseln anlabern anquatschen das Wort richten | Adressieren Adressierung | in Angriff nehmen angehen behandeln adressieren befassen				
Ich danke Ihnen, Herr Vande Lanotte für Ihre Ausführungen, in denen Sie diesen Aspekt - die Bereitschaft zur Verhandlung - auch noch einmal betont haben, denn ich glaube, dass man diese Forderung gerade auch an den Rat <N1>richten</N1> muss, dass Flexibilität in den Verhandlungen notwendig ist und dass in den verschiedenen Sitzungen nicht nur das wiederholt wird, was von den Hauptstädten festgelegt wurde.	I thank you, Mr Vande Lanotte, for re-emphasising in your speech this aspect - the willingness to negotiate - for I believe that this demand must also be addressed to the Council, that flexibility is necessary in negotiations and that what is said in the various sittings must not be merely a repetition of what was decided by governments in the capitals.					
TRUE						
						
Außerdem muss die Patentierbarkeit von lebenden Organismen verboten werden, da sie das Erbe der gesamten Menschheit darstellen. Dieses gemeinsame Erbe kann und darf nicht zum Alleinbesitz privater Interessen werden, die das Leben <L1>kommerzialisieren</L1> wollen.	Furthermore, the patenting of living organisms must be prohibited, because these are the heritage of all humanity and cannot and must not be hijacked by private interests that want to turn life into a commodity.					
Außerdem muss die Patentierbarkeit von lebenden Organismen verboten werden, da sie das Erbe der gesamten Menschheit darstellen. Dieses gemeinsame Erbe kann und darf nicht zum Alleinbesitz privater Interessen werden, die das Leben <N1>ausbeuten</N1> wollen.	Furthermore, the patenting of living organisms must be prohibited, because these are the heritage of all humanity and cannot and must not be hijacked by private interests that want to turn life into a commodity.					
TRUE						
						
Es hieß Unser Freund, das Atom und war so <L1>brillant</L1> illustriert wie alle Arbeiten von Walt Disney, die inzwischen - das können wir ruhig sagen - weltweit bekannt sind.	Its title was 'Our friend the atom' , and it was illustrated in that marvellous way that Walt Disney used to illustrate his universally famous works, as we might call them.	genial brillant glänzend wunderbar wundervoll splendid herrlich prächtig dass es eine ein Gedicht Ich kann mein Glück noch gar nicht fassen wahre Wonne famos | (geschliffener) Diamant Brilli Brillant | genial geil brillant glänzend absolut super exzellent beispiellos von außerordentlicher Qualität atemraubend magnifik wunderbar begnadet einzigartig affengeil sagenhaft unglaublich absoluter Wahnsinn hinreißend unübertroffen fetzt berückend überragend saugeil fulminant absolut irre erstklassig top süperb überwältigend ohne Beispiel atemberaubend phantastisch phänomenal ganz großes Kino urst zum Sterben schön unvergleichlich vom Feinsten wumbaba unübertrefflich fantastisch bestens hervorragend nicht zu toppen nicht zu fassen du kriegst die Motten allererste Sahne herausragend umwerfend hammergeil zum Niederknien toll traumhaft himmelsgleich rockt grandios megacool ganz große Klasse himmlisch wundervoll großartig super superb klasse fabelhaft ausgezeichnet stark sauber cool tipptopp prima leiwand knorke dufte doll zum Reinlegen töfte astrein phatt hasenrein 1A tofte der Hit erste Sahne leinwand spitze nicht schlecht bombig | brillant gekonnt mit Bravour virtuos				
Es hieß Unser Freund, das Atom und war so <N1>wunderbar</N1> illustriert wie alle Arbeiten von Walt Disney, die inzwischen - das können wir ruhig sagen - weltweit bekannt sind.	Its title was 'Our friend the atom' , and it was illustrated in that marvellous way that Walt Disney used to illustrate his universally famous works, as we might call them.					
TRUE						
						
Ein weiterer Änderungsvorschlag betrifft die Verpflichtung, bei den Bankkommunikationen die internationale Kontonummer <L1>IBAN</L1> und die internationale Bankleitzahl BIC zu verwenden.	Another proposal for change concerns the obligation to communicate with the banking country by using the IBAN and BIC codes.	Internationale Bankkontonummer IBAN International Bank Account Number	no loanword			
Ein weiterer Änderungsvorschlag betrifft die Verpflichtung, bei den Bankkommunikationen die internationale Kontonummer <N1>IBAN</N1> und die internationale Bankleitzahl BIC zu verwenden.	Another proposal for change concerns the obligation to communicate with the banking country by using the IBAN and BIC codes.					
TRUE						
						
Fluggesellschaften sind <L1>bankrott</L1> gegangen.	Airlines have gone bankrupt.	in Konkurs bankrott illiquide zahlungsunfähig pleite insolvent | blank bankrott zahlungsunfähig pleite insolvent finanzschwach mittellos illiquide (finanziell) am Ende ohne Geld abgebrannt | Pleite Insolvenz Zahlungseinstellung Konkursfall Ruin Illiquidität Konkurs Zahlungsunfähigkeit Bankrottfall Bankrott				
Fluggesellschaften sind <N1>pleite</N1> gegangen.	Airlines have gone bankrupt.					
TRUE						
						
Ich greife nur einen Punkt heraus: Wenn Sie diesem Konvent nicht einmal das Recht geben, seinen Präsidenten aus seiner Mitte zu wählen, dann <L1>desavouieren</L1> Sie ihn doch vor der gesamten europäischen Öffentlichkeit!	Just to single out one point: if you do not even give this Convention the right to elect its own president from among its own members, you are disowning it before the eyes of the European public as a whole.	vorführen an den Pranger stellen bloßstellen kompromittieren blamieren lächerlich machen zum Gespött machen mit heruntergelassener Hose dastehen lassen desavouieren				
Ich greife nur einen Punkt heraus: Wenn Sie diesem Konvent nicht einmal das Recht geben, seinen Präsidenten aus seiner Mitte zu wählen, dann <N1>stellen</N1> Sie ihn doch vor der gesamten europäischen Öffentlichkeit <N1>bloß</N1> !	Just to single out one point: if you do not even give this Convention the right to elect its own president from among its own members, you are disowning it before the eyes of the European public as a whole.					
TRUE						
						
Bei einer Abstimmung im Ausschuss stimmte eine Mehrheit der Mitglieder für eine noch schnellere Umsetzung, als die Kommission vorgeschlagen hatte, auch wenn einige von uns Bedenken angesichts des Hinweises der Kommission äußerten, dass damit <L1>netto</L1> ein Anstieg der CO2-Emissionen verbunden sei.	A majority vote in the committee demanded a rather faster implementation than the Commission proposed even if some of us were concerned at the Commission's assertion that this will, in fact, produce a net increase in CO2 emissions.					
Bei einer Abstimmung im Ausschuss stimmte eine Mehrheit der Mitglieder für eine noch schnellere Umsetzung, als die Kommission vorgeschlagen hatte, auch wenn einige von uns Bedenken angesichts des Hinweises der Kommission äußerten, dass damit <N1>nach Abzug</N1> ein Anstieg der CO2-Emissionen verbunden sei.	A majority vote in the committee demanded a rather faster implementation than the Commission proposed even if some of us were concerned at the Commission's assertion that this will, in fact, produce a net increase in CO2 emissions.					
TRUE						
						
Es ist verständlich, dass die Abgeordneten unsere Strategie für die gesamte Region für etwas <L1>konfus</L1> halten, aber ich sehe keinen Widerspruch darin, wenn ich geltend mache, dass wir einerseits EuropeAid reformieren und die Dekonzentration umsetzen müssen, die nunmehr begonnen hat und so rasch wie möglich voranzutreiben ist, während ich andererseits sage, dass es gelegentlich zu Situationen, insbesondere zu Krisen kommen kann, die eine andere Art von Regelungen erfordern.	It is understandable that honourable Members should think that there is some confusion in our management strategy for the whole region, But I do not feel that I am being inconsistent in arguing, on the one hand, that we have to work through Europe Aid, through deconcentration, which has now begun and which we must now push as rapidly as possible, while on the other hand, saying there may be odd occasions, particularly crises, which require different sort of arrangements.	umnachtet durcheinander fassungslos von allen guten Geistern verlassen entgeistert neben der Rolle sein konfus verwirrt tüdelig verstört derangiert neben sich stehen | konfus gedankenlos geistesabwesend zerstreut | unklar töricht absurd aberwitzig konfus verrückt sinnlos sinnfrei unsinnig unlogisch vernunftwidrig paradox irrational widersinnig irre irrsinnig unvernünftig idiotisch nicht rational schwachsinnig ohne Sinn und Verstand wahnwitzig hirnverbrannt blöd dämlich selten dämlich blödsinnig (totaler) Quatsch irrwitzig antinomisch reiner Blödsinn bescheuert hirnrissig | abstrus wüst konfus wirr an den Haaren herbeigezogen wild abenteuerlich | verwickelt unübersichtlich durcheinander konfus chaotisch verworren wirr | konfus unüberlegt chaotisch wirr hektisch unsystematisch unreflektiert konzeptionslos unkontrolliert unkoordiniert einfach drauflos nicht organisiert planlos ohne roten Faden ziellos kopflos				
Es ist verständlich, dass die Abgeordneten unsere Strategie für die gesamte Region für etwas <N1>durcheinander</N1> halten, aber ich sehe keinen Widerspruch darin, wenn ich geltend mache, dass wir einerseits EuropeAid reformieren und die Dekonzentration umsetzen müssen, die nunmehr begonnen hat und so rasch wie möglich voranzutreiben ist, während ich andererseits sage, dass es gelegentlich zu Situationen, insbesondere zu Krisen kommen kann, die eine andere Art von Regelungen erfordern.	It is understandable that honourable Members should think that there is some confusion in our management strategy for the whole region, But I do not feel that I am being inconsistent in arguing, on the one hand, that we have to work through Europe Aid, through deconcentration, which has now begun and which we must now push as rapidly as possible, while on the other hand, saying there may be odd occasions, particularly crises, which require different sort of arrangements.					
TRUE						
						
Das kann natürlich auch <L1>fifty-fifty</L1> sein, das muss nicht zwei Drittel von einer Geschlechtsart und nur ein Drittel von der anderen sein.	That can, of course, also be fifty-fifty, it need not be two thirds one gender and only one third the other.	halbpart halbe-halbe fifty-fifty gleichmäßig aufteilen in zwei gleiche Teile teilen in zwei gleiche Hälften teilen				
Das kann natürlich auch <N1>halb-halb</N1> sein, das muss nicht zwei Drittel von einer Geschlechtsart und nur ein Drittel von der anderen sein.	That can, of course, also be fifty-fifty, it need not be two thirds one gender and only one third the other.					
TRUE						
						
Wichtiger ist, ob man nun noch <L1>graduell</L1> das Verfahren diskutieren will oder nicht.	What is more important is to decide whether or not to still discuss the procedure gradually.	zögernd mit der Zeit graduell sukzessiv peu à peu sukzessive langsam langsam langsam aber sicher allmählich nach und nach				
Wichtiger ist, ob man nun noch <N1>allmählich</N1> das Verfahren diskutieren will oder nicht.	What is more important is to decide whether or not to still discuss the procedure gradually.					
TRUE						
						
Deswegen glaube ich, und da setzen wir auch Vertrauen in Sie, Frau Kommissarin, dass Sie sehr <L1>penibel</L1> kontrollieren müssen, wie die Mitgliedstaaten diese Dinge, die wir jetzt auf den Weg gebracht haben, auch umsetzen.	I therefore believe - and here we are putting our trust in you, Commissioner - that you will have to check very punctiliously how the Member States transpose the things we have just brought into being.	genau sorgfältig gewissenhaft bis ins letzte Detail akkurat aufs Sorgfältigste peinlich genau aufs Gewissenhafteste akribisch fein säuberlich korrekt mit äußerster Sorgfalt aufs Genaueste skrupulös minuziös sehr genau penibel minutiös bis zur letzten Kleinigkeit | kleinlich kleinkariert peinlich genau akribisch minuziös penibel minutiös detailversessen detailbesessen überpenibel pedantisch päpstlicher als der Papst hyperkorrekt übergenau buchhalterisch perfektionistisch pingelig detailverliebt				
Deswegen glaube ich, und da setzen wir auch Vertrauen in Sie, Frau Kommissarin, dass Sie sehr <N1>sorgfältig</N1> kontrollieren müssen, wie die Mitgliedstaaten diese Dinge, die wir jetzt auf den Weg gebracht haben, auch umsetzen.	I therefore believe - and here we are putting our trust in you, Commissioner - that you will have to check very punctiliously how the Member States transpose the things we have just brought into being.					
TRUE						
						
Home, <L1>sweet</L1> home!	Home, sweet home!		no loanword			
Home, <N1>sweet</N1> home!	Home, sweet home!					
TRUE						
						
Ein internationales Gerichtsorgan, das über Verbrechen gegen die Menschlichkeit urteilt, muss vollkommen unabhängig sein, was im konkreten Fall des Internationalen Strafgerichtshofs nicht sichergestellt ist, da er außerordentlich stark vom <L1>UNO-Sicherheitsrat</L1> abhängig ist.	An international judicial body which prosecutes crimes against humanity must be totally independent, of which there is no guarantee in the case of the ICC, because it is closely tied to the United Nations Security Council.		no loanword			
Ein internationales Gerichtsorgan, das über Verbrechen gegen die Menschlichkeit urteilt, muss vollkommen unabhängig sein, was im konkreten Fall des Internationalen Strafgerichtshofs nicht sichergestellt ist, da er außerordentlich stark vom <N1>UNO-Sicherheitsrat</N1> abhängig ist.	An international judicial body which prosecutes crimes against humanity must be totally independent, of which there is no guarantee in the case of the ICC, because it is closely tied to the United Nations Security Council.					
TRUE						
						
Hier liegt also ein Problem vor, Herr Kommissar, das dazu führt, dass wir unsere Informationsformate <L1>standardisieren</L1> und gleichzeitig anerkennen müssen, dass es innerhalb der EU unterschiedliche Gewohnheiten gibt, was das Vorgehen der Polizei und die Informationserfassung betrifft.	So there is an issue here, Commissioner, in that we do need to standardise our information formats while recognising that there are different cultures on policing and information collection across the EU.	normieren vereinheitlichen standardisieren				
Hier liegt also ein Problem vor, Herr Kommissar, das dazu führt, dass wir unsere Informationsformate <N1>vereinheitlichen</N1> und gleichzeitig anerkennen müssen, dass es innerhalb der EU unterschiedliche Gewohnheiten gibt, was das Vorgehen der Polizei und die Informationserfassung betrifft.	So there is an issue here, Commissioner, in that we do need to standardise our information formats while recognising that there are different cultures on policing and information collection across the EU.					
TRUE						
						
Heute hat sich das Europäische Parlament <L1>brüsk</L1> über diesen Kompromiss hinweggesetzt.	Today, the European Parliament is reneging on this agreement with a vengeance.	nassforsch abweisend unfreundlich pampig kurz angebunden forsch ruppig unsanft ungalant ungehobelt wie die Axt im Walde gröblich unflätig hantig schroff raubeinig unzivilisiert rüpelhaft rustikal grobklotzig grobschlächtig unwirsch raubauzig derb hau-drauf-mäßig in Wildwest-Manier rau harsch wenig galant nicht die feine englische Art rauborstig unhöflich uncharmant flegelhaft rüde rotzig grob barsch brüsk ungeschliffen				
Heute hat sich das Europäische Parlament <N1>abweisend</N1> über diesen Kompromiss hinweggesetzt.	Today, the European Parliament is reneging on this agreement with a vengeance.					
TRUE						
						
Ich will jetzt keine institutionelle Debatte über Ihr Amt einleiten, aber ich kann mir überhaupt nicht vorstellen, dass es eine andere Persönlichkeit außer Ihnen geben könnte, die diese Doppelbelastung aushalten kann, wie Sie sie aushalten müssen, und sie auch so <L1>bravourös</L1> meistert.	I do not want to start an institutional debate on your office right now, but I cannot even begin to imagine that there is anyone else out there who could bear the double burden you have to bear and shoulder it so brilliantly.	vortrefflich vorzüglich makellos vorbildlich vorbildhaft mustergültig klaglos untadelig ideal tipptopp in optima forma meisterlich vollendet in bestem Zustand bravourös tadellos meisterhaft ohne den kleinsten Fehler vollkommen einwandlos perfekt fehlerlos einwandfrei fehlerfrei mit Bravour				
Ich will jetzt keine institutionelle Debatte über Ihr Amt einleiten, aber ich kann mir überhaupt nicht vorstellen, dass es eine andere Persönlichkeit außer Ihnen geben könnte, die diese Doppelbelastung aushalten kann, wie Sie sie aushalten müssen, und sie auch so <N1>vortrefflich</N1> meistert.	I do not want to start an institutional debate on your office right now, but I cannot even begin to imagine that there is anyone else out there who could bear the double burden you have to bear and shoulder it so brilliantly.					
TRUE						
						
Wenn der Rat hier <L1>pokern</L1> möchte, dann spielen wir mit, und das heißt für uns in dieser Frage, hart bleiben und den Änderungsantrag 14 von Cappato unterstützen.	If the Council wants to play poker on this, we can play that game too, and for us that means remaining resolute and supporting Mr Cappato's Amendment No 14.	Poker spielen pokern				
Wenn der Rat hier <N1>spielen</N1> möchte, dann spielen wir mit, und das heißt für uns in dieser Frage, hart bleiben und den Änderungsantrag 14 von Cappato unterstützen.	If the Council wants to play poker on this, we can play that game too, and for us that means remaining resolute and supporting Mr Cappato's Amendment No 14.					
TRUE						
						
Durch ihre unangebrachte Hysterie gegenüber illegalen Einwanderern und Asylbewerbern <L1>dämonisieren</L1> sie Ausländer und schüren die Spannungen und das Misstrauen zwischen den verschiedenen Volksgruppen.	By their abusive hysteria about illegal immigrants and asylum seekers they demonise foreigners and generate more race tensions and suspicions.	verdammen verfluchen verleumden verwünschen verteufeln dämonisieren				
Durch ihre unangebrachte Hysterie gegenüber illegalen Einwanderern und Asylbewerbern <N1>verteufeln</N1> sie Ausländer und schüren die Spannungen und das Misstrauen zwischen den verschiedenen Volksgruppen.	By their abusive hysteria about illegal immigrants and asylum seekers they demonise foreigners and generate more race tensions and suspicions.					
TRUE						
						
Preiserhöhungen fallen einem jedoch im Café oder Restaurant auf oder wenn man sein Auto am gewohnten Ort <L1>parken</L1> will.	However, you do notice it in cafeterias, cafes or restaurants or when you try to park your car in the usual place.	parkieren parken stehenbleiben abstellen				
Preiserhöhungen fallen einem jedoch im Café oder Restaurant auf oder wenn man sein Auto am gewohnten Ort <N1>abstellen</N1> will.	However, you do notice it in cafeterias, cafes or restaurants or when you try to park your car in the usual place.					
TRUE						
						
Mittlerweile fliegen wir <L1>nonstop</L1> nach Frankfurt oder Zürich, und von dort sind es mit dem Auto noch drei Stunden.	Now we fly to Frankfurt or Zurich direct and then travel by car for three hours.	beharrlich ständig in einer Tour unablässig unaufhörlich ohne Unterlass unausgesetzt ohne abzusetzen unentwegt nonstop ununterbrochen dauernd ohne Unterbrechung pausenlos am laufenden Band				
Mittlerweile fliegen wir <N1>ohne Halt</N1> nach Frankfurt oder Zürich, und von dort sind es mit dem Auto noch drei Stunden.	Now we fly to Frankfurt or Zurich direct and then travel by car for three hours.					
TRUE						
						
Wenn wir Geld über die Agentur ausgeben - Frau Kollegin Stenzel hat gemeint, es soll weniger werden, was stimmt -, müssen wir wissen, dass die wirtschaftliche Situation nach wie vor sehr, sehr <L1>trist</L1> ist.	If we are to use the Agency to disburse funds - Mrs Stenzel thinks the amount should decrease, and she is right - we have to be aware that the economic situation continues to be very, very bleak.	trocken amusisch uninspiriert dröge phantasielos dürftig prosaisch nüchtern pragmatisch fade blass unbewegt ausdruckslos farblos schal sachlich klar trostlos schnöde zweckmäßig vernünftig monoton öde grau in grau geisttötend langatmig trist kontrastarm grau öd langweilig stupid reizlos spannungsarm eintönig stupide fad wenig aufregend schmucklos ruhig lapidar dumpf ernsthaft kühl ohne schmückendes Beiwerk machbarkeitsorientiert schnörkellos sachbetont ungerührt gleichmütig stoisch alles viel zu ernst nehmen humorfrei als hätte jemand einen Besenstiel verschluckt humorlos Stock im Arsch keinen Spaß vertragen keinen Spaß verstehen				
Wenn wir Geld über die Agentur ausgeben - Frau Kollegin Stenzel hat gemeint, es soll weniger werden, was stimmt -, müssen wir wissen, dass die wirtschaftliche Situation nach wie vor sehr, sehr <N1>trostlos</N1> ist.	If we are to use the Agency to disburse funds - Mrs Stenzel thinks the amount should decrease, and she is right - we have to be aware that the economic situation continues to be very, very bleak.					
TRUE						
						
Herr Präsident! Das, was meine Kollegen van Hulten und Swoboda gesagt haben, kann ich ergänzen, weil ich letzte Woche aufgrund der Bitte einer britischen Journalistin, die mich dazu <L1>interviewen</L1> wollte, Gelegenheit hatte, diesen Bericht der Kommission über Disziplinarmaßnahmen zu lesen.	Mr President, I can add to what Mr van Hulten and Mr Swoboda have said, having had the opportunity last week to read the Commission's report on disciplinary measures because a British journalist wanted to interview me about it.	befragen ein Interview machen interviewen				
Herr Präsident! Das, was meine Kollegen van Hulten und Swoboda gesagt haben, kann ich ergänzen, weil ich letzte Woche aufgrund der Bitte einer britischen Journalistin, die mich dazu <N1>befragen</N1> wollte, Gelegenheit hatte, diesen Bericht der Kommission über Disziplinarmaßnahmen zu lesen.	Mr President, I can add to what Mr van Hulten and Mr Swoboda have said, having had the opportunity last week to read the Commission's report on disciplinary measures because a British journalist wanted to interview me about it.					
TRUE						
						
Sie wollen sich das erneute Recht geben, die sechste Änderung hinausschieben zu können. Und wenn wir jetzt stillschweigend <L1>kuschen</L1> wie die kleinen Lämmchen, dann glauben Sie, dass Sie das Recht haben werden, das weiter fortzusetzen.	They want, again, to give themselves the right to defer the sixth amendment, and if we now lie down quietly like little lambs, then they will believe that they have the right to carry on doing the same thing.	sich beugen zurückrudern klein beigeben Rückzieher machen sich fügen sich einsichtig zeigen einlenken kein Rückgrat haben Einsehen haben nachgeben sich ducken zurückweichen zu Kreuze kriechen kleine Brötchen backen Kopf einziehen einknicken weichen den Schwanz einziehen kuschen Früh krümmt sich, was ein Häkchen werden will.				
Sie wollen sich das erneute Recht geben, die sechste Änderung hinausschieben zu können. Und wenn wir jetzt stillschweigend <N1>nachgeben</N1> wie die kleinen Lämmchen, dann glauben Sie, dass Sie das Recht haben werden, das weiter fortzusetzen.	They want, again, to give themselves the right to defer the sixth amendment, and if we now lie down quietly like little lambs, then they will believe that they have the right to carry on doing the same thing.					
TRUE						
						
Die Ziele der inneren Sicherheit und des Gleichgewichts unserer Gesellschaften <L1>rangieren</L1> für sie ganz klar und eingestandenermaßen erst an zweiter Stelle.	The Left is clearly and blatantly relegating to the background the objectives regarding domestic security and the balance of our societies.	rangieren formieren sich aufstellen | realisieren einrichten aufbauen anlegen arrangieren systematisieren serialisieren strukturieren ordnen aufreihen gliedern zusammenstellen rangieren aufstellen gestalten anordnen				
Die Ziele der inneren Sicherheit und des Gleichgewichts unserer Gesellschaften <N1>stehen</N1> für sie ganz klar und eingestandenermaßen erst an zweiter Stelle.	The Left is clearly and blatantly relegating to the background the objectives regarding domestic security and the balance of our societies.					
TRUE						
						
Aber es kann keinen Zweifel daran geben, dass die Verantwortung für die Einhaltung der Klimaschutzziele in erster Linie bei den Unterzeichnerstaaten des Kyoto-Protokolls liegt, also auch bei den Mitgliedstaaten der Europäischen Union, dass das burden sharing eine freiwillige Vereinbarung innerhalb der Europäischen Union ist und dass die Maßnahmen, die die Kommission vorschlägt und die das Parlament unterstützt, diese Ziele nicht <L1>konterkarieren</L1> dürfen.	There can, though, be no doubt that responsibility for adherence to the climate change objectives rests primarily with the states that signed the Kyoto Protocol, that is, with the Member States of the European Union, that burden sharing is a voluntary agreement within the European Union, and that the measures proposed by the Commission and supported by Parliament must not be allowed to frustrate these objectives.	entgegenwirken obstruieren intrigieren sabotieren hintertreiben konterminieren durchkreuzen gegenlenken seine Strippen ziehen konterkarieren				
Aber es kann keinen Zweifel daran geben, dass die Verantwortung für die Einhaltung der Klimaschutzziele in erster Linie bei den Unterzeichnerstaaten des Kyoto-Protokolls liegt, also auch bei den Mitgliedstaaten der Europäischen Union, dass das burden sharing eine freiwillige Vereinbarung innerhalb der Europäischen Union ist und dass die Maßnahmen, die die Kommission vorschlägt und die das Parlament unterstützt, diese Ziele nicht <N1>durchkreuzen</N1> dürfen.	There can, though, be no doubt that responsibility for adherence to the climate change objectives rests primarily with the states that signed the Kyoto Protocol, that is, with the Member States of the European Union, that burden sharing is a voluntary agreement within the European Union, and that the measures proposed by the Commission and supported by Parliament must not be allowed to frustrate these objectives.					
TRUE						
						
Wir sind gegen den Waffenhandel, sei er offiziell, <L1>offiziös</L1> oder illegal.	We are against arms dealing, whether it be official, unofficial or illegal.	offiziös halbamtlich				
Wir sind gegen den Waffenhandel, sei er offiziell, <N1>halbamtlich</N1> oder illegal.	We are against arms dealing, whether it be official, unofficial or illegal.					
TRUE						
						
Parlamentarier sollen doch gelegentlich <L1>parlieren</L1> können, also zu wesentlichen Themen reden können.	Members of Parliament should be able to speak on important matters when the occasion arises.	sich unterhalten plaudern schnacken miteinander reden plauschen konversieren Smalltalk machen quatschen parlieren babbeln Small Talk machen quatern ratschen babbele quasseln Konversation machen klönen				
Parlamentarier sollen doch gelegentlich <N1>reden</N1> können, also zu wesentlichen Themen reden können.	Members of Parliament should be able to speak on important matters when the occasion arises.					
TRUE						
						
Der Haushalt, so wie wir ihn jetzt aufstellen, zeichnet sich dadurch aus, dass wir im Haushaltsverfahren selbst während der Beratungen sehr hart miteinander streiten, um jede einzelne Million, zum Teil um jeden Tausender, dass wir aber im Verlauf des Jahres immer wieder sehr viel umschichten, neu <L1>arrangieren</L1> müssen.	The hallmark of the Budget as we draw it up at present is that heated debates rage during the budget-setting process around every million, sometimes even every thousand euros, yet during the year we often have to shift funds around and restructure the Budget.	arrangieren vorbereiten organisieren auf den Weg bringen einstielen in die Wege leiten anbahnen einfädeln | realisieren einrichten aufbauen anlegen arrangieren systematisieren serialisieren strukturieren ordnen aufreihen gliedern zusammenstellen rangieren aufstellen gestalten anordnen | aufziehen arrangieren gestalten abhalten formen | arrangieren zusammenstellen anordnen zurechtstellen formatieren in ein Format bringen				
Der Haushalt, so wie wir ihn jetzt aufstellen, zeichnet sich dadurch aus, dass wir im Haushaltsverfahren selbst während der Beratungen sehr hart miteinander streiten, um jede einzelne Million, zum Teil um jeden Tausender, dass wir aber im Verlauf des Jahres immer wieder sehr viel umschichten, neu <N1>gestalten</N1> müssen.	The hallmark of the Budget as we draw it up at present is that heated debates rage during the budget-setting process around every million, sometimes even every thousand euros, yet during the year we often have to shift funds around and restructure the Budget.					
TRUE						
						
In einer Zeit, in der wir den Begriff soziale Dimension und damit alle Instrumente dafür - den sozialen Dialog - immens <L1>strapazieren</L1> und auch von einer Vertiefung der sozialen Frage in Europa reden, lassen wir Zeit verstreichen.	At a point when the term 'social dimension' and thus all the mechanism that involves - notably the social dialogue - are constantly on everyone's lips, and when we are talking about deepening social issues in Europe, we are wasting time.	aufladen belasten aufbürden schlauchen strapazieren beschweren beladen aufoktroyieren bepacken oktroyieren auflasten auferlegen | strapazieren überanstrengen				
In einer Zeit, in der wir den Begriff soziale Dimension und damit alle Instrumente dafür - den sozialen Dialog - immens <N1>belasten</N1> und auch von einer Vertiefung der sozialen Frage in Europa reden, lassen wir Zeit verstreichen.	At a point when the term 'social dimension' and thus all the mechanism that involves - notably the social dialogue - are constantly on everyone's lips, and when we are talking about deepening social issues in Europe, we are wasting time.					
TRUE						
						
Herr Präsident, der Haushalt des kommenden Jahres schließt mit einer - gemessen am Bruttoinlandsprodukt der Mitgliedstaaten - <L1>rekordverdächtig</L1> niedrigen Summe ab.	Mr President, the grand total for next year's budget compared to Member States' GNP is a record low.		no loanword			
Herr Präsident, der Haushalt des kommenden Jahres schließt mit einer - gemessen am Bruttoinlandsprodukt der Mitgliedstaaten - <N1>rekordverdächtig</N1> niedrigen Summe ab.	Mr President, the grand total for next year's budget compared to Member States' GNP is a record low.					
TRUE						
						
Einer Meldung der Zeitung 'El País' vom 20. November zufolge <L1>tanken</L1> die meisten Schiffe, die die Straße von Gibraltar durchqueren, Kraftstoff von in den Gewässern Gibraltars ankernden Tankschiffen, anstatt dies im Hafen von Algeciras zu tun, der über bessere Einrichtungen dafür verfügt.	On 20 November, the newspaper 'El Pais' reported that most vessels passing through the Straits of Gibraltar take on fuel from tanker ships anchored in Gibraltarian waters, instead of doing so in the port of Algeciras, where there are better installations.	auftanken tanken betanken mit Kraftstoff befüllen den Tank auffüllen den Tank füllen				
Einer Meldung der Zeitung 'El País' vom 20. November zufolge <N1>befüllen</N1> die meisten Schiffe <N1>ihren Tank</N1> , die die Straße von Gibraltar durchqueren, Kraftstoff von in den Gewässern Gibraltars ankernden Tankschiffen, anstatt dies im Hafen von Algeciras zu tun, der über bessere Einrichtungen dafür verfügt.	On 20 November, the newspaper 'El Pais' reported that most vessels passing through the Straits of Gibraltar take on fuel from tanker ships anchored in Gibraltarian waters, instead of doing so in the port of Algeciras, where there are better installations.					
TRUE						
						
Das ist ein Schritt in die Zukunft, weil wir gerne ein Lenkungsinstrument haben wollen und demjenigen, der heute einen Computer baut, der gut <L1>recyclingfähig</L1> ist - wie dieser zum Beispiel - auch belohnt werden soll und derjenige, der ein langweiliges und altmodisches Gerät auch in Zukunft weiter produzieren will, durch die hohen Entsorgungskosten auch zur Kasse gebeten werden muss.	It is a step forward because we would like to have a guidance instrument and those who today are building computers that lend themselves to recycling - like this one, for example - should also be rewarded and those who want to continue producing boring old-fashioned ones in the future should be asked to contribute to the high costs of disposal.	recyclebar recyclingfähig wiederverwertbar				
Das ist ein Schritt in die Zukunft, weil wir gerne ein Lenkungsinstrument haben wollen und demjenigen, der heute einen Computer baut, der gut <N1>wiederverwertbar</N1> ist - wie dieser zum Beispiel - auch belohnt werden soll und derjenige, der ein langweiliges und altmodisches Gerät auch in Zukunft weiter produzieren will, durch die hohen Entsorgungskosten auch zur Kasse gebeten werden muss.	It is a step forward because we would like to have a guidance instrument and those who today are building computers that lend themselves to recycling - like this one, for example - should also be rewarded and those who want to continue producing boring old-fashioned ones in the future should be asked to contribute to the high costs of disposal.					
TRUE						
						
Als Beispiele hierfür seien die Aufnahme der Politik des wirtschaftlichen und sozialen Zusammenhalts, des Verbraucherschutzes oder der Umweltpolitik in den Vertrag genannt, alles Bereiche, deren Ziel darin besteht, die Strategien der Öffnung und der Liberalisierung zu <L1>flankieren</L1> und im Gleichgewicht zu halten.	One example is the inclusion in the Treaty of the policy of economic and social cohesion, of consumer protection and of environment policy, all of which are intended to complement and balance the strategies of opening up the markets and liberalisation.	begleiten flankieren | flankieren schützend begleiten an die Hand nehmen				
Als Beispiele hierfür seien die Aufnahme der Politik des wirtschaftlichen und sozialen Zusammenhalts, des Verbraucherschutzes oder der Umweltpolitik in den Vertrag genannt, alles Bereiche, deren Ziel darin besteht, die Strategien der Öffnung und der Liberalisierung zu <N1>begleiten</N1> und im Gleichgewicht zu halten.	One example is the inclusion in the Treaty of the policy of economic and social cohesion, of consumer protection and of environment policy, all of which are intended to complement and balance the strategies of opening up the markets and liberalisation.					
TRUE						
						
Das Europäische Parlament wird in einer Art und Weise ignoriert, wie es gerade in diesem Bereich kaum mehr zu <L1>toppen</L1> wäre. Daher die dringende Aufforderung an die Kommission, hier ein Stück weit konkrete Vorgaben zu machen.	Parliament is being ignored to an extent that, in this area in particular, could scarcely be surpassed; hence the urgent call for the Commission to make some progress on laying down specific criteria for this.	überbieten Rekord schlagen in den Schatten stellen toppen einen Schritt voraus sein den Vogel abschießen Rekord brechen übertreffen				
Das Europäische Parlament wird in einer Art und Weise ignoriert, wie es gerade in diesem Bereich kaum mehr zu <N1>überbieten</N1> wäre. Daher die dringende Aufforderung an die Kommission, hier ein Stück weit konkrete Vorgaben zu machen.	Parliament is being ignored to an extent that, in this area in particular, could scarcely be surpassed; hence the urgent call for the Commission to make some progress on laying down specific criteria for this.					
TRUE						
						
Das Ergebnis des Vermittlungsverfahrens kann nur <L1>kosmetisch</L1> als glänzend bezeichnet werden.	When viewed solely from the point of view of cosmetics, the outcome of the conciliation can be described as good.					
Das Ergebnis des Vermittlungsverfahrens kann nur <N1>oberflächlich</N1> als glänzend bezeichnet werden.	When viewed solely from the point of view of cosmetics, the outcome of the conciliation can be described as good.					
TRUE						
						
Zum ersten Mal besteht jedoch die Hoffnung, dass die Menschen, auch wenn sie <L1>HIV-infiziert</L1> sind, ihr Leben und ihre Lebensqualität tatsächlich verbessern können, wenn sie Zugang zu Medikamenten haben.	For the first time, however, there is hope that people - even those who are HIV positive - can in fact improve their lives and the quality of their lives if they have access to medicines.					
Zum ersten Mal besteht jedoch die Hoffnung, dass die Menschen, auch wenn sie an <N1>erkrankt</N1> sind, ihr Leben und ihre Lebensqualität tatsächlich verbessern können, wenn sie Zugang zu Medikamenten haben.	For the first time, however, there is hope that people - even those who are HIV positive - can in fact improve their lives and the quality of their lives if they have access to medicines.					
TRUE						
						
Ich hoffe, dass bald alle Bürger einen, wie ich es nennen will, 'Hand-C' im Gegensatz zum 'PC' tragen werden. Das ist eine Art Armbanduhr, die einen PC, ein Handy und einen LCD-Schirm in sich vereint und uns in die Lage versetzt, <L1>audiovisuell</L1> zu kommunizieren, Daten zu verarbeiten, zu kaufen, zu verkaufen und per Voicemail zu bezahlen, Sport anzuschauen und unsere Lieblingsmusik zu hören.	I hope we will soon have every EU citizen wearing what I would like to call the 'Hand C' not a 'PC', a wristwatch that is a combination of a PC, mobile phone and an LCD screen that will enable us to communicate audiovisually, process data, buy, sell and pay by voicemail, watch any sport and listen to our favourite music.	audiovisuell hörbar-sichtbar				
Ich hoffe, dass bald alle Bürger einen, wie ich es nennen will, 'Hand-C' im Gegensatz zum 'PC' tragen werden. Das ist eine Art Armbanduhr, die einen PC, ein Handy und einen LCD-Schirm in sich vereint und uns in die Lage versetzt, <N1>über Ton und Sicht</N1> zu kommunizieren, Daten zu verarbeiten, zu kaufen, zu verkaufen und per Voicemail zu bezahlen, Sport anzuschauen und unsere Lieblingsmusik zu hören.	I hope we will soon have every EU citizen wearing what I would like to call the 'Hand C' not a 'PC', a wristwatch that is a combination of a PC, mobile phone and an LCD screen that will enable us to communicate audiovisually, process data, buy, sell and pay by voicemail, watch any sport and listen to our favourite music.					
TRUE						
						
Aber diese Regierung ist <L1>partout</L1> nicht in der Lage, im Lande die Geltung der Verfassung und der Gesetze durchzusetzen.	And yet this government is completely incapable of imposing the constitution and the law on the country.	ohne Rücksicht auf Verluste unter allen Umständen komme was da wolle unbedingt partout auf Gedeih und Verderb wild entschlossen auf Teufel komm raus mit Gewalt um jeden Preis auf Biegen und Brechen und sei es mit Gewalt zum Äußersten entschlossen mit aller Gewalt koste es, was es wolle zu allem entschlossen | unausweichlich wahrlich beileibe definitiv unzweifelhaft sicher bestimmt absolut in jeder Hinsicht gewiss unter allen Umständen komme was da wolle (das ist) keine Frage hundertpro sicherlich unumstößlich bombensicher allemal so gut wie sicher ganz bestimmt jedenfalls fraglos todsicher zweifellos auf jeden Fall unbedingt sicher wie das Amen in der Kirche (ey Alter,) ich schwör mit Bestimmtheit mit Sicherheit (das ist) gar keine Frage unweigerlich in jedem Fall zweifelsohne außer Zweifel partout ohne Zweifel ohne Frage auf alle Fälle				
Aber diese Regierung ist <N1>ganz und gar</N1> nicht in der Lage, im Lande die Geltung der Verfassung und der Gesetze durchzusetzen.	And yet this government is completely incapable of imposing the constitution and the law on the country.					
TRUE						
						
Fast 8 % der 15- bis 19-jährigen <L1>kiffen</L1> täglich, und 75 % der Jugendlichen schätzen Cannabis als ungefährlich ein, obwohl die Medizin mit mehreren Studien eindeutig davor warnt, weil der Konsum von Cannabis ein Risiko für den Körper und insbesondere für die Psyche darstellt und zu psychologischen Abhängigkeiten führt.	Almost 8% of 15- to 19-year-olds smoke pot daily, and 75% of young people think that cannabis is harmless, even though several studies produced by the medical profession indicate conclusively that the use of cannabis poses physical and, more especially, psychological risks and that it leads to addiction.	vernichten haschen Haschisch rauchen buffen barzen einen heizen kiffen einen smoken				
Fast 8 % der 15- bis 19-jährigen <N1>rauchen</N1> täglich Cannabis, und 75 % der Jugendlichen schätzen Cannabis als ungefährlich ein, obwohl die Medizin mit mehreren Studien eindeutig davor warnt, weil der Konsum von Cannabis ein Risiko für den Körper und insbesondere für die Psyche darstellt und zu psychologischen Abhängigkeiten führt.	Almost 8% of 15- to 19-year-olds smoke pot daily, and 75% of young people think that cannabis is harmless, even though several studies produced by the medical profession indicate conclusively that the use of cannabis poses physical and, more especially, psychological risks and that it leads to addiction.					
TRUE						
						
Wir sehen auch Übungen vor, bei denen wir eine Katastrophe größeren Ausmaßes <L1>simulieren</L1> können, bei der möglicherweise sogar biologische oder chemische Waffen im Spiel sind.	We also have exercises whereby we can actually simulate a major accident, even with biological or chemical weapons.	vortäuschen Show abziehen sich ein ... Mäntelchen umhängen sich verstellen simulieren so tun als ob sich stellen so tun als sei man vorgeben machen auf etwas heucheln so tun als wäre man markieren sich geben schauspielern nur so tun				
Wir sehen auch Übungen vor, bei denen wir eine Katastrophe größeren Ausmaßes <N1>abbilden</N1> können, bei der möglicherweise sogar biologische oder chemische Waffen im Spiel sind.	We also have exercises whereby we can actually simulate a major accident, even with biological or chemical weapons.					
TRUE						
						
Diese Zustimmung ist nicht <L1>sentimental</L1> geprägt, sondern ein Ergebnis der grundlegenden wirtschaftlichen und gesellschaftlichen Veränderungen der letzten fünfzehn Jahre, der zehnjährigen Zusammenarbeit und der mehr als fünf Jahre andauernden harten und schwierigen Verhandlungen.	This is not a romantic 'yes', it is a 'yes' which is a result of 15 years of profound economic and social change, 10 years of cooperation and preparation and more than 5 years of tough and difficult negotiations.	gefühlsbeladen gefühlvoll schnulzig sentimental schmalzig rührselig gefühlsselig | gekünstelt theatralisch kitschig im Überschwang der Gefühle sentimental schmalzig larmoyant tränenselig gefühlig melodramatisch gefühlsduselig rührstückhaft gefühlsbetont mit Pipi inne Augen gefühlsbesoffen mit reichlich Herz und Schmerz seelenvoll				
Diese Zustimmung ist nicht <N1>von Gefühlen</N1> geprägt, sondern ein Ergebnis der grundlegenden wirtschaftlichen und gesellschaftlichen Veränderungen der letzten fünfzehn Jahre, der zehnjährigen Zusammenarbeit und der mehr als fünf Jahre andauernden harten und schwierigen Verhandlungen.	This is not a romantic 'yes', it is a 'yes' which is a result of 15 years of profound economic and social change, 10 years of cooperation and preparation and more than 5 years of tough and difficult negotiations.					
TRUE						
						
An der Haltung der Behörden des Flughafens von Amsterdam, sich gegenüber Griechen, die ihr Haar nicht <L1>blond</L1> gefärbt haben und die keine Kontaktlinsen tragen, um blaue Augen zu haben, repressiv zu verhalten, hat sich nichts geändert.	The authorities at Amsterdam airport persist in exercising an oppressive policy against any Greeks who have not dyed their hair blond and used contact lenses to make their eyes blue.	goldfarben hellhaarig blondgelockt golden semmelblond goldblond maisblond gülden blond goldglänzend				
An der Haltung der Behörden des Flughafens von Amsterdam, sich gegenüber Griechen, die ihr Haar nicht <N1>golden</N1> gefärbt haben und die keine Kontaktlinsen tragen, um blaue Augen zu haben, repressiv zu verhalten, hat sich nichts geändert.	The authorities at Amsterdam airport persist in exercising an oppressive policy against any Greeks who have not dyed their hair blond and used contact lenses to make their eyes blue.					
TRUE						
						
Ein Verbot weicher Drogen hat lediglich zur Folge, dass Jugendliche <L1>rebellieren</L1> und mühelos zum Konsum harter Drogen übergehen werden.	A ban on soft drugs simply leads to young people rebelling and eases their move onto the use of hard drugs.	sich erheben gegen aufmucken protestieren revoltieren sich sträuben sich auflehnen opponieren aufbegehren sich widersetzen frondieren Aufstand proben rebellieren				
Ein Verbot weicher Drogen hat lediglich zur Folge, dass Jugendliche <N1>sich widersetzen</N1> und mühelos zum Konsum harter Drogen übergehen werden.	A ban on soft drugs simply leads to young people rebelling and eases their move onto the use of hard drugs.					
TRUE						
						
So <L1>reell</L1> wie der Irak-Krieg.	It is every bit as real as the Iraq war.	stabil langlebig dauerhaft solide währschaft reell Da weiß man, was man hat. wertbeständig | wahrhaftig de facto in Wirklichkeit praktisch wirklich in der Tat man muss ganz ehrlich sagen in praxi nach Lage der Dinge wahrlich echt nach Tatsachen realiter im Ergebnis tatsächlich wahrhaft beileibe natürlich Im Endergebnis in facto in Wahrheit in der Praxis faktisch real greifbar effektiv bestimmt anschaulich fassbar ehrlich konkret eigentlich reell handfest gegenständlich anwendungsbezogen auf den Gegenstand bezogen sachbezogen gelebt so wie es sein soll ohne Scheiß in effectu				
So <N1>echt</N1> wie der Irak-Krieg.	It is every bit as real as the Iraq war.					
TRUE						
						
Herr Präsident! Ziel des Berichts von Herrn Corbett ist es, die Kontrollvollmachten des Parlaments über die Bestimmungen zur Durchführung der Rechtsakte zu stärken, die von der Kommission in einem <L1>mysteriös</L1> als Komitologie bezeichneten Rahmen erarbeitet wurden.	Mr President, the aim of Mr Corbett's report is to strengthen Parliament's powers of control over the texts implementing legislative acts prepared by the Commission in the context of what is mysteriously known as comitology.	unheimlich unverständlich geheimnisumwittert geheimnisumwoben mysteriös | unklar verborgen schleierhaft mysteriös rätselhaft Geheimnis ein Rätsel im Dunkeln | unergründlich okkult schleierhaft nebulös geheimnisumwittert geheimnisumwoben sibyllinisch delphisch wundersam geheimnisvoll mysteriös sagenumwoben arkan rätselhaft sibyllenhaft orphisch				
Herr Präsident! Ziel des Berichts von Herrn Corbett ist es, die Kontrollvollmachten des Parlaments über die Bestimmungen zur Durchführung der Rechtsakte zu stärken, die von der Kommission in einem <N1>seltsam</N1> als Komitologie bezeichneten Rahmen erarbeitet wurden.	Mr President, the aim of Mr Corbett's report is to strengthen Parliament's powers of control over the texts implementing legislative acts prepared by the Commission in the context of what is mysteriously known as comitology.					
TRUE						
						
Statt sich über dem Atlantik <L1>auftanken</L1> zu lassen, nehmen sie eine Abkürzung und überfliegen Gebiete in unmittelbarer Nähe von Hunderttausenden von Bewohnern, deren Sicherheit so gefährdet wird.	Rather than refuelling over the Atlantic, they are cutting corners and flying close to towns and cities with hundreds of thousands of inhabitants, whose safety they are jeopardising.	auftanken tanken betanken mit Kraftstoff befüllen den Tank auffüllen den Tank füllen	not loanword			
Statt sich über dem Atlantik <N1>auftanken</N1> zu lassen, nehmen sie eine Abkürzung und überfliegen Gebiete in unmittelbarer Nähe von Hunderttausenden von Bewohnern, deren Sicherheit so gefährdet wird.	Rather than refuelling over the Atlantic, they are cutting corners and flying close to towns and cities with hundreds of thousands of inhabitants, whose safety they are jeopardising.					
TRUE						
						
Die Frage der late payments ist ja <L1>legendär</L1> in der Union.	The issue of late payments has now become legendary in the Union.	ominös vielzitiert oft erwähnt häufig genannt sprichwörtlich vielbeschworen viel berufen legendär | legendär darüber erzählt man sich viele Geschichten				
Die Frage der late payments ist ja <N1>berühmt</N1> in der Union.	The issue of late payments has now become legendary in the Union.					
TRUE						
						
Herr Präsident, <L1>cher</L1> monsieur le commissaire! Der Bericht, über dessen Annahme wir hier debattieren, enthält eine wirklich grundlegende Änderung der Regionalpolitik.	Mr President, cher Monsieur le Commissaire, the report we are in a quandary about approving contains a genuinely fundamental change to regional policy.		not loanword, purpusefully spken french here			
Herr Präsident, <N1>cher</N1> monsieur le commissaire! Der Bericht, über dessen Annahme wir hier debattieren, enthält eine wirklich grundlegende Änderung der Regionalpolitik.	Mr President, cher Monsieur le Commissaire, the report we are in a quandary about approving contains a genuinely fundamental change to regional policy.					
TRUE						
						
Damit würde es vielleicht einfacher, in der Debatte, die in Frankreich und in anderen Ländern Europas in Gang ist, zu einer Klärung im Hinblick auf <L1>Reality-TV</L1> zu gelangen.	That would perhaps make it easier to settle the ongoing debate in France and other European countries on reality television.		not sure			
Damit würde es vielleicht einfacher, in der Debatte, die in Frankreich und in anderen Ländern Europas in Gang ist, zu einer Klärung im Hinblick auf <N1>"Reality"-Fernsehsendung</N1> zu gelangen.	That would perhaps make it easier to settle the ongoing debate in France and other European countries on reality television.					
TRUE						
						
What do you need, how can we help you?' begrüßt wird, solch eine Spürnase, die <L1>computergesteuert</L1> - aber nicht nur - dann wirklich weiterhilft, viel von dem erreicht werden könnte, wovon wir hier ständig reden.	What do you need? How can we help you?' - would really help matters along, enabling a lot of what we are constantly talking about in this House to be achieved.					
What do you need, how can we help you?' begrüßt wird, solch eine Spürnase, die <N1>rechnergesteuert</N1> - aber nicht nur - dann wirklich weiterhilft, viel von dem erreicht werden könnte, wovon wir hier ständig reden.	What do you need? How can we help you?' - would really help matters along, enabling a lot of what we are constantly talking about in this House to be achieved.					
TRUE						
						
Die Kollegen aus Limburg sollen wissen, wir haben dasselbe erlebt und haben jetzt eine florierende Automobilindustrie im Vereinigten Königreich; bei uns lassen mehr internationale Automobilhersteller Fahrzeuge <L1>montieren</L1> als in jedem anderen Land der Europäischen Union.	I want to say to colleagues from Limburg that we have had that experience and we now have a thriving automotive industry in the United Kingdom; we have more international car manufacturers assembling cars in the United Kingdom than any other country in the European Union.	einrichten einbauen zusammenfügen einsetzen einarbeiten montieren einpassen installieren | anfügen befestigen montieren anbringen festmachen | Montieren Aufschlagen				
Die Kollegen aus Limburg sollen wissen, wir haben dasselbe erlebt und haben jetzt eine florierende Automobilindustrie im Vereinigten Königreich; bei uns lassen mehr internationale Automobilhersteller Fahrzeuge <N1>zusammensetzen</N1> als in jedem anderen Land der Europäischen Union.	I want to say to colleagues from Limburg that we have had that experience and we now have a thriving automotive industry in the United Kingdom; we have more international car manufacturers assembling cars in the United Kingdom than any other country in the European Union.					
TRUE						
						
Herr Präsident, bitte schreiben Sie an den <L1>CEO</L1> und bringen Sie Diageo dazu, damit aufzuhören!	Mr President, please write to the chief executive and get Diageo to stop this!	CEO Vorsitzender des Vorstands Vorstandsvorsitzender erster Angestellter | CEO Geschäftsführer				
Herr Präsident, bitte schreiben Sie an den <N1>Vorstand</N1> und bringen Sie Diageo dazu, damit aufzuhören!	Mr President, please write to the chief executive and get Diageo to stop this!					
TRUE						
						
Allerdings mutet dieser Grund natürlich ein wenig <L1>bizarr</L1> an.	That is, of course, a little bizarre as a reason, though.	eigenartig eigentümlich eigenwillig komisch schräg verquer ungewöhnlich skurril sonderbar befremdend befremdlich bizarr fällt aus dem Rahmen abstrus absurd lächerlich aberwitzig grotesk kurios merkwürdig abgedreht				
Allerdings mutet dieser Grund natürlich ein wenig <N1>verrückt</N1> an.	That is, of course, a little bizarre as a reason, though.					
TRUE						
						
Die Vielfalt der Europäischen Union sollten wir <L1>zelebrieren</L1> und nicht eliminieren.	The diversity of the European Union is something to celebrate and not to eliminate.	zelebrieren feierlich inszenieren weihevoll begehen würdevoll begehen feierlich begehen festlich begehen				
Die Vielfalt der Europäischen Union sollten wir <N1>feiern</N1> und nicht eliminieren.	The diversity of the European Union is something to celebrate and not to eliminate.					
TRUE						
						
Beim ersten handelt es sich um den Gedanken, den MRL-Wert <L1>standardmäßig</L1> an der Nachweisgrenze festzulegen.	The first of these is the notion of a default limit-of-determination MRL.	serienmäßig genormt standardmäßig | gewöhnlich in der Regel in aller Regel normalerweise im Regelfall typischerweise landläufig standardmäßig gemeinhin von Haus aus gemeiniglich üblicherweise für gewöhnlich im Normalfall normal ab Werk werksseitig eingestellt ab Fabrik				
Beim ersten handelt es sich um den Gedanken, den MRL-Wert <N1>vorschriftsmäßig</N1> an der Nachweisgrenze festzulegen.	The first of these is the notion of a default limit-of-determination MRL.					
TRUE						
						
Wenn wir in die neue Rechtsvorschrift für umweltgerechte Gestaltung eine Anforderung einbauen können, dass Patronen nachfüllbar und <L1>recyclebar</L1> sein müssen, dann wird das für den Schutz der Verbraucherrechte einen großen Schritt nach vorn bedeuten und der Umwelt viele Vorteile bringen.	If we can build into the new eco-design legislation a requirement that cartridges must be refillable and recyclable, it will be a major step forward in both protecting the rights of the consumer and benefiting the environment.	recyclebar recyclingfähig wiederverwertbar				
Wenn wir in die neue Rechtsvorschrift für umweltgerechte Gestaltung eine Anforderung einbauen können, dass Patronen nachfüllbar und <N1>wiederverwendbar</N1> sein müssen, dann wird das für den Schutz der Verbraucherrechte einen großen Schritt nach vorn bedeuten und der Umwelt viele Vorteile bringen.	If we can build into the new eco-design legislation a requirement that cartridges must be refillable and recyclable, it will be a major step forward in both protecting the rights of the consumer and benefiting the environment.					
TRUE						
						
Gleichzeitig <L1>avisieren</L1> Kommission, Parlament und Rat eine Netzöffnung auch für den grenzüberschreitenden Personenverkehr für das Jahr 2010.	My thanks also go to Parliament’s delegation to the Conciliation Committee and, in particular, its Chair, Mrs Cederschiöld, who reached an agreement with the Council at the final conciliation meeting on 16 March, a compromise which we consider to be very balanced.	ankündigen ansagen avisieren ankünden				
Gleichzeitig <N1>zielen</N1> Kommission, Parlament und Rat auf eine Netzöffnung auch für den grenzüberschreitenden Personenverkehr für das Jahr 2010.	My thanks also go to Parliament’s delegation to the Conciliation Committee and, in particular, its Chair, Mrs Cederschiöld, who reached an agreement with the Council at the final conciliation meeting on 16 March, a compromise which we consider to be very balanced.					
TRUE						
						
Frau Präsidentin! Ich möchte kurz auf die sehr eindringlich und gleichwohl sehr <L1>charmant</L1> vorgebrachte Bemerkung der Vorsitzenden meiner Fraktion, Frau Frassoni, zurückkommen, nämlich dass den türkischen Zyprioten die Möglichkeit zur Teilnahme an den Europawahlen gegeben werden muss.	Madam President, I should briefly like to return to a point made, so powerfully and yet with such charm, by my group Chairman, Mrs Frassoni, which was that Turkish Cypriots need to be given the opportunity to take part in the European elections.	entzückend liebreizend aufregend reizvoll anziehend bezaubernd faszinierend charmant gewinnend apart | gut schön eins a sympathisch angenehm vorteilhaft günstig ersprießlich tadellos positiv charmant ergötzlich glücklich fein manierlich herzerfrischend wohltuend gefreut erbaulich herzerquicklich erhebend erfreulich pläsierlich erquicklich 1a von guter Qualität | nett gefällig freundlich charmant				
Frau Präsidentin! Ich möchte kurz auf die sehr eindringlich und gleichwohl sehr <N1>bezaubernd</N1> vorgebrachte Bemerkung der Vorsitzenden meiner Fraktion, Frau Frassoni, zurückkommen, nämlich dass den türkischen Zyprioten die Möglichkeit zur Teilnahme an den Europawahlen gegeben werden muss.	Madam President, I should briefly like to return to a point made, so powerfully and yet with such charm, by my group Chairman, Mrs Frassoni, which was that Turkish Cypriots need to be given the opportunity to take part in the European elections.					
TRUE						
						
Sie werden also verstehen, dass wir nicht verwundert sind, wenn irische Missionare Europa <L1>zivilisieren</L1> und diese Grundaufgabe, Sümpfe trockenzulegen - auch die des nationalen Egoismus -, Fundamente zu legen - auch die der europäischen Demokratie -, wahrnehmen.	So you will understand why we are not amazed when Irish missionaries civilise Europe and carry out the fundamental tasks of draining swamps – including the swamps of national egoisms – and laying foundations, including those of European democracy.	kultivieren erschließen zivilisieren verstädtern urbanisieren	not clear			
Sie werden also verstehen, dass wir nicht verwundert sind, wenn irische Missionare Europa <N1>zivilisieren</N1> und diese Grundaufgabe, Sümpfe trockenzulegen - auch die des nationalen Egoismus -, Fundamente zu legen - auch die der europäischen Demokratie -, wahrnehmen.	So you will understand why we are not amazed when Irish missionaries civilise Europe and carry out the fundamental tasks of draining swamps – including the swamps of national egoisms – and laying foundations, including those of European democracy.					
TRUE						
						
Wir erleben heute einen Aufbruch zu neuen Ufern, den Beginn einer neuen Ära, in der das alte Bild von Europa <L1>passé</L1> ist, in der Länder, denen einst eine repräsentative Demokratie verwehrt war, nun die Möglichkeit dazu erhalten.	We stand today at a new frontier, the dawn of a new era, when the old visions of Europe have been broken down, when countries that were denied the opportunities to have democracy and representation are being given that opportunity now.	dahin passé gewesen vorbei  mit abgelaufen passee verflossen herum gelaufen aus  mit es war einmal beendet vorbei vergangen vorüber rum aus und vorbei tot und begraben | abgegriffen abgedroschen überkommen überholt veraltet hat seine Zeit gehabt passé vernutzt altmodisch nostalgisch hat seine Zeit hinter sich abgenudelt out längst vergessen geglaubt veraltend nicht mehr angesagt Schnee von gestern obsolet abgelutscht | überholt veraltet antiquiert passé altmodisch out nicht mehr angesagt Schnee von gestern abgelutscht ausgelutscht unmodern vorbei altbacken ausgedient haben aus der Mode anachronistisch uncool hat seine Chance gehabt zum alten Eisen gehörend war mal. hat seine besten Zeiten hinter sich Vergangenheit sein nicht mehr zeitgemäß damit lockt man keinen Hund mehr hinter dem Ofen hervor nicht mehr aktuell nicht mehr auf der Höhe der Zeit unzeitgemäß Die Zeiten sind vorbei nicht mehr Stand der Technik gute alte der Vergangenheit angehören gehört entsorgt nicht mehr State of the Art Old School abgemeldet nicht mehr in Mode vorsintflutlich nicht mehr up to date hatte seine Chance hat sich erledigt				
Wir erleben heute einen Aufbruch zu neuen Ufern, den Beginn einer neuen Ära, in der das alte Bild von Europa <N1>überkommen</N1> ist, in der Länder, denen einst eine repräsentative Demokratie verwehrt war, nun die Möglichkeit dazu erhalten.	We stand today at a new frontier, the dawn of a new era, when the old visions of Europe have been broken down, when countries that were denied the opportunities to have democracy and representation are being given that opportunity now.					
TRUE						
						
Die serbischen Spitzenpolitiker nehmen die angespannte Lage, die sich herausgebildet hat, auf die leichte Schulter und <L1>bagatellisieren</L1> sie.	The political leaders of Serbia make light of and play down the tense situation that has developed.	als unbedeutend hinstellen verniedlichen bagatellisieren | sich zurückhalten bagatellisieren abwiegeln verharmlosen herunterspielen den Ball flachhalten kleinreden marginalisieren den Ball flach halten				
Die serbischen Spitzenpolitiker nehmen die angespannte Lage, die sich herausgebildet hat, auf die leichte Schulter und <N1>verharmlosen</N1> sie.	The political leaders of Serbia make light of and play down the tense situation that has developed.					
TRUE						
						
Der einzige legitime Rahmen für die Entscheidungen ist die UNO. Die Folgen eines Krieges wären <L1>desaströs</L1> und unabsehbar.	He affirmed that the consequences of warfare would be disastrous and incalculable.	mies sehr schlecht vernichtend katastrophal saumäßig unterirdisch zum Abgewöhnen unter aller Kanone hundsmiserabel miserabel unter aller Sau grottig lausig grottenschlecht lausig schlecht eine Katastrophe verderblich unheilvoll verheerend desaströs				
Der einzige legitime Rahmen für die Entscheidungen ist die UNO. Die Folgen eines Krieges wären <N1>vernichtend</N1> und unabsehbar.	He affirmed that the consequences of warfare would be disastrous and incalculable.					
TRUE						
						
Wir wollen Europa ein bisschen weniger <L1>promoten</L1> und sicherstellen, dass die Menschen Europa ein wenig mehr erleben.	We would like to promote Europe a little less and ensure that people experience Europe a little more.	anpreisen propagieren werben bewerben hochhalten Werbung machen umwerben promoten				
Wir wollen Europa ein bisschen weniger <N1>bewerben</N1> und sicherstellen, dass die Menschen Europa ein wenig mehr erleben.	We would like to promote Europe a little less and ensure that people experience Europe a little more.					
TRUE						
						
Durch die ausschließliche Zuständigkeit gilt für die GFP nicht mehr der Grundsatz der Subsidiarität, so dass regionale Beratungsgremien nie zu Verwaltungsgremien <L1>avancieren</L1> können.	Exclusive competence takes the CFP outwith the principle of subsidiarity, ensuring that regional advisory councils can never evolve into management bodies.	aufsteigen emporsteigen zu etwas werden höher steigen befördert werden sich verbessern emporkommen es zu etwas bringen avancieren Karriere machen aufrücken vorwärtskommen arrivieren				
Durch die ausschließliche Zuständigkeit gilt für die GFP nicht mehr der Grundsatz der Subsidiarität, so dass regionale Beratungsgremien nie zu Verwaltungsgremien <N1>werden</N1> können.	Exclusive competence takes the CFP outwith the principle of subsidiarity, ensuring that regional advisory councils can never evolve into management bodies.					
TRUE						
						
Diese Wahrheit schulden wir zuerst ihnen, aber auch unseren Kindern und den kommenden Generationen, denn jene, die den Holocaust schamlos leugnen oder, schlimmer noch, ihn zu <L1>banalisieren</L1> suchen, haben nicht gewartet, bis die letzten Überlebenden nicht mehr da sind, um zu versuchen, diese einzigartige Erinnerung zu beschmutzen.	We owe them truth. To them first of all, but also to our children and to future generations, because those who would insensitively deny the Holocaust or, worse, attempt to trivialise it, have not waited for the survivors to disappear before trying to demean this most singular of memories.					
Diese Wahrheit schulden wir zuerst ihnen, aber auch unseren Kindern und den kommenden Generationen, denn jene, die den Holocaust schamlos leugnen oder, schlimmer noch, ihn zu <N1>verharmlosen</N1> suchen, haben nicht gewartet, bis die letzten Überlebenden nicht mehr da sind, um zu versuchen, diese einzigartige Erinnerung zu beschmutzen.	We owe them truth. To them first of all, but also to our children and to future generations, because those who would insensitively deny the Holocaust or, worse, attempt to trivialise it, have not waited for the survivors to disappear before trying to demean this most singular of memories.					
TRUE						
						
Daher <L1>lancieren</L1> mehr als 100 Organisationen, NRO, Verbände und Gewerkschaften dieses Jahr eine internationale und europäische Mobilisierungs- und Umfragekampagne.	That is why more than 100 organisations, NGOs, associations and trade unions will run a mobilisation and questioning campaign at global and European level this year.	einleiten anfangen herbeiführen einarbeiten einführen eröffnen lancieren introduzieren				
Daher <N1>starten</N1> mehr als 100 Organisationen, NRO, Verbände und Gewerkschaften dieses Jahr eine internationale und europäische Mobilisierungs- und Umfragekampagne.	That is why more than 100 organisations, NGOs, associations and trade unions will run a mobilisation and questioning campaign at global and European level this year.					
TRUE						
						
Deshalb ist ein aktuelles Identifikationspapier, sowohl <L1>visuell</L1> als auch technisch, unerlässlich.	That is why it is vital that ID cards should be up-to-date, both visually and technologically speaking.	sichtbar visuell				
Deshalb ist ein aktuelles Identifikationspapier, sowohl <N1>dem Anschein nach</N1> als auch technisch, unerlässlich.	That is why it is vital that ID cards should be up-to-date, both visually and technologically speaking.					
TRUE						
						
Die Agentur wird Überwachungsschiffe <L1>chartern</L1> und nutzen können, die sie dann Beobachtern zur Verfügung stellt.	The agency will be able to charter and operate surveillance vessels, which it will place at the disposal of observers.	chartern mieten				
Die Agentur wird Überwachungsschiffe <N1>anmieten</N1> und nutzen können, die sie dann Beobachtern zur Verfügung stellt.	The agency will be able to charter and operate surveillance vessels, which it will place at the disposal of observers.					
TRUE						
						
Außerdem wird die Lissabon-Strategie nicht <L1>durchstarten</L1> können, wenn zu den Zielen der Union nicht auch die Festlegung und Durchführung von Maßnahmen gehört, die den Entwicklungsländern wirklich helfen und sie auf den Weg zur Demokratie und zur Achtung der Menschenrechte sowie der Rechte der Arbeitnehmer und der Kinder führen.	In addition, the Lisbon strategy will not be able to take off if the Union’s objectives do not include identifying and implementing measures to provide developing countries with effective help, leading them to democracy and respect for human rights and the rights of workers and children.	beginnen etwas antreten etwas anpacken herangehen an sich daranmachen zu durchstarten einleiten anfangen an etwas gehen in Angriff nehmen etwas angreifen einsteigen etwas aufnehmen Startschuss geben loslegen darangehen zu zur Tat schreiten angehen starten anschmeißen anwerfen initiieren etwas anleiern induzieren in Gang bringen entfachen etwas in Gang setzen anheben eröffnen einsteigen in aufnehmen				
Außerdem wird die Lissabon-Strategie nicht <N1>erfolgreich sein</N1> können, wenn zu den Zielen der Union nicht auch die Festlegung und Durchführung von Maßnahmen gehört, die den Entwicklungsländern wirklich helfen und sie auf den Weg zur Demokratie und zur Achtung der Menschenrechte sowie der Rechte der Arbeitnehmer und der Kinder führen.	In addition, the Lisbon strategy will not be able to take off if the Union’s objectives do not include identifying and implementing measures to provide developing countries with effective help, leading them to democracy and respect for human rights and the rights of workers and children.					
TRUE						
						
Um nur ein weiteres Beispiel zu nennen: Zum Erhalt eines russischen Dauervisums müssen selbst Kleinkinder einen <L1>HIV-Test</L1> nachweisen.	To give just one example: even small children have to present the results of an HIV test in order to obtain a Russian long-term visa.					
Um nur ein weiteres Beispiel zu nennen: Zum Erhalt eines russischen Dauervisums müssen selbst Kleinkinder einen <N1>HIV-Abklärung</N1> nachweisen.	To give just one example: even small children have to present the results of an HIV test in order to obtain a Russian long-term visa.					
TRUE						
						
Das schließt alle Gewässer ein, auf denen Menschen windsurfen, <L1>paddeln</L1> und dergleichen, und führt dazu, dass - ehe man es sich versieht - theoretisch das Wasser des gesamten schwedischen Schärengartens regelmäßig kontrolliert werden muss.	This includes water wherever people go windsurfing or canoeing or such like, with the result that, before you know it, water throughout the Swedish archipelago will, in theory, need regularly to be monitored.	paddeln pullen rudern skullen | plantschen paddeln baden schwimmen rinnen				
Das schließt alle Gewässer ein, auf denen Menschen windsurfen, <N1>rudern</N1> und dergleichen, und führt dazu, dass - ehe man es sich versieht - theoretisch das Wasser des gesamten schwedischen Schärengartens regelmäßig kontrolliert werden muss.	This includes water wherever people go windsurfing or canoeing or such like, with the result that, before you know it, water throughout the Swedish archipelago will, in theory, need regularly to be monitored.					
TRUE						
						
Wie wir gesehen haben, hat Software ja zur Entwicklung von Wirtschaftsbereichen beigetragen und es ermöglicht, viele Tätigkeiten zu relativ niedrigen Kosten zu <L1>automatisieren</L1> und zu vereinfachen.	As we have seen, software has contributed towards the development of economies and has made it possible to make many tasks automatic and simplified at relatively low cost.					
Wie wir gesehen haben, hat Software ja zur Entwicklung von Wirtschaftsbereichen beigetragen und es ermöglicht, viele Tätigkeiten zu relativ niedrigen Kosten <N1>maschinell zu verselbstständigen</N1> und zu vereinfachen.	As we have seen, software has contributed towards the development of economies and has made it possible to make many tasks automatic and simplified at relatively low cost.					
TRUE						
						
Wir reden hier über etwas völlig Anderes: Erfindungen, die von Computern angewendet werden oder die, wie es in einigen Änderungsanträgen heißt, <L1>computergestützt</L1> sind, das bedeutet, von Geräten, die Computerprogramme verwenden.	What we are talking about here is something completely different: inventions applied or assisted, as some amendments put it, by computer, that is to say, equipment that uses computer programs.	rechnerunterstützt computergestützt				
Wir reden hier über etwas völlig Anderes: Erfindungen, die von Computern angewendet werden oder die, wie es in einigen Änderungsanträgen heißt, <N1>rechnergestützt</N1> sind, das bedeutet, von Geräten, die Computerprogramme verwenden.	What we are talking about here is something completely different: inventions applied or assisted, as some amendments put it, by computer, that is to say, equipment that uses computer programs.					
TRUE						
						
Deshalb muss die Europäische Union ein Problem dieser Art eindeutig <L1>frontal</L1> angehen, alle Instrumente des Rechtsstaats einsetzen und auf der Grundlage unseres klaren Respekts des Schutzes der Menschenrechte agieren.	Clearly, therefore, the European Union must deal head on with a problem of this nature by adopting all the instruments of the rule of law and on the basis of our unequivocal respect for the defence of human rights.	direkt geradlinig frontal ohne Umwege geradeaus ohne Umweg				
Deshalb muss die Europäische Union ein Problem dieser Art eindeutig <N1>am Kopf</N1> angehen, alle Instrumente des Rechtsstaats einsetzen und auf der Grundlage unseres klaren Respekts des Schutzes der Menschenrechte agieren.	Clearly, therefore, the European Union must deal head on with a problem of this nature by adopting all the instruments of the rule of law and on the basis of our unequivocal respect for the defence of human rights.					
TRUE						
						
Im Vorgriff auf die Marktordnung im Eisenbahn-Personenverkehr ist vorige Woche die Zulassung des <L1>ICE</L1> 3 in Frankreich erfolgt, und der TGV wird wohl im nächsten Jahr folgen.	Accordingly, I think that at this time it is impossible for us to accept the liberalisation schedule he proposes for new Member States, and especially cabotage.	InterCity Express ICE Hochgeschwindigkeitszug Intercity-Express Inter City Express	not really a loanword			
Im Vorgriff auf die Marktordnung im Eisenbahn-Personenverkehr ist vorige Woche die Zulassung des <N1>ICE</N1> 3 in Frankreich erfolgt, und der TGV wird wohl im nächsten Jahr folgen.	Accordingly, I think that at this time it is impossible for us to accept the liberalisation schedule he proposes for new Member States, and especially cabotage.					
TRUE						
						
Wenn wir uns nur auf den Handel <L1>kaprizieren</L1> und die anderen notwendigen gesellschaftlichen Bestandteile nicht mit berücksichtigen, dann werden wir kein Ergebnis erzielen.	If we get fixated on trade and take no account of the other social components, we will get nowhere.	verlangen beharren pochen dringen bestehen versteifen einfordern drängen insistieren abverlangen ausbedingen kaprizieren etwas reklamieren Forderung stellen fordern beanspruchen anmahnen Anspruch erheben postulieren anfordern abfordern				
Wenn wir uns nur auf den Handel <N1>versteifen</N1> und die anderen notwendigen gesellschaftlichen Bestandteile nicht mit berücksichtigen, dann werden wir kein Ergebnis erzielen.	If we get fixated on trade and take no account of the other social components, we will get nowhere.					
TRUE						
						
Selbstverständlich müssen den Strafverfolgungsbehörden die Instrumentarien in die Hand gegeben werden, die es ihnen ermöglichen, Terrorismus und schwere Kriminalität zu bekämpfen. Doch das rechtfertigt nicht, immer wahlloser, ohne Rücksicht auf die Rechte des Einzelnen und ohne zwingende Notwendigkeit Daten und Informationen zu sammeln, zu <L1>verlinken</L1> und auszutauschen, bis in naher Zukunft der gläserne Bürger existiert.	Yes, of course, the law enforcement authorities have to be equipped to combat terrorism and the graver types of criminal activity, but that does not justify disregarding the rights of the individual and collecting – in a situation in which it is not absolutely necessary to do so – data and information and collating and exchanging it, to the point where, in the not-too-distant future, every detail of our citizens’ lives will be laid bare.	mit etwas assoziiert werden mit einer Sache in Verbindung gebracht werden verlinken				
Selbstverständlich müssen den Strafverfolgungsbehörden die Instrumentarien in die Hand gegeben werden, die es ihnen ermöglichen, Terrorismus und schwere Kriminalität zu bekämpfen. Doch das rechtfertigt nicht, immer wahlloser, ohne Rücksicht auf die Rechte des Einzelnen und ohne zwingende Notwendigkeit Daten und Informationen zu sammeln, zu <N1>verbinden</N1> und auszutauschen, bis in naher Zukunft der gläserne Bürger existiert.	Yes, of course, the law enforcement authorities have to be equipped to combat terrorism and the graver types of criminal activity, but that does not justify disregarding the rights of the individual and collecting – in a situation in which it is not absolutely necessary to do so – data and information and collating and exchanging it, to the point where, in the not-too-distant future, every detail of our citizens’ lives will be laid bare.					
TRUE						
						
Wenn die bulgarischen Medien diese Bestechungspraktiken an der Grenze <L1>filmen</L1> würden, wäre das sicherlich hilfreich, meint ein Insider.	According to one person in the know, it would certainly help if the Bulgarian media were to film the corrupt practices that go on at the border.	aufnehmen videographieren videografieren filmen abfilmen				
Wenn die bulgarischen Medien diese Bestechungspraktiken an der Grenze <N1>auf Band aufnehmen</N1> würden, wäre das sicherlich hilfreich, meint ein Insider.	According to one person in the know, it would certainly help if the Bulgarian media were to film the corrupt practices that go on at the border.					
TRUE						
						
Es ist für Hersteller nicht gut, wenn sie zwischen verschiedenen Regelungen <L1>jonglieren</L1> müssen, und es ist auch sehr bedauerlich, dass wir uns mit unserem Vorschlag, dass diese Frage bis allerspätestens 2008 endlich gelöst sein sollte, nicht durchsetzen konnten.	It is far from ideal that manufacturers should have to juggle different regulations, and it is also highly regrettable that we were unable to gain approval for our proposal that this issue should finally be resolved by 2008 at the latest.	jonglieren herumjonglieren sich durchschlängeln lavieren herumlavieren taktieren Schwierigkeiten meistern Klippen umschiffen				
Es ist für Hersteller nicht gut, wenn sie zwischen verschiedenen Regelungen <N1>hin- und herspringen</N1> müssen, und es ist auch sehr bedauerlich, dass wir uns mit unserem Vorschlag, dass diese Frage bis allerspätestens 2008 endlich gelöst sein sollte, nicht durchsetzen konnten.	It is far from ideal that manufacturers should have to juggle different regulations, and it is also highly regrettable that we were unable to gain approval for our proposal that this issue should finally be resolved by 2008 at the latest.					
TRUE						
						
Man kann sich unter EUDemocrats.org auf unserer <L0>Homepage</L0> <L1>einloggen</L1> und auf diese Weise direkt und kostenlos eintreten, sich informieren und an verschiedenen Veranstaltungen teilnehmen.	It is possible to log onto our home page, EUDemocrats.org and, in that way, join right off the street, free of charge, and be informed, as well as take part in the various events.					
Man kann sich unter EUDemocrats.org auf unserer <N0>Netzseite</N0> <N1>anmelden</N1> und auf diese Weise direkt und kostenlos eintreten, sich informieren und an verschiedenen Veranstaltungen teilnehmen.	It is possible to log onto our home page, EUDemocrats.org and, in that way, join right off the street, free of charge, and be informed, as well as take part in the various events.					
TRUE						
						
Ich habe mir die Mühe gemacht, ihre Charta von 1988 zu lesen, die erschreckend mittelalterlich und <L1>bigott</L1> wirkt und an vielen Stellen zum Antisemitismus aufwiegelt sowie zur Unterstützung des Dschihad und des Sharia-Gesetzes aufruft.	I took the trouble of reading their 1988 charter, which is chillingly medieval, bigoted and steeped in incitement to anti-Semitism and support for Jihad and Sharia law.	bigott frömmlerisch engstirnig blindgläubig frömmelnd | falsch gemein link tückisch heimtückisch hinterhältig unehrlich unlauter verlogen unwahrhaftig gaunerhaft unredlich unaufrichtig lügnerisch bigott niederträchtig biestig hundsgemein durchtrieben hinterfotzig schofel schofelig charakterlos schurkisch scheißfreundlich heuchlerisch geheuchelt pharisäerhaft hinterfotzig schlangenzüngig scheinheilig hypokritisch doppelzüngig hintenrum				
Ich habe mir die Mühe gemacht, ihre Charta von 1988 zu lesen, die erschreckend mittelalterlich und <N1>scheinheilig</N1> wirkt und an vielen Stellen zum Antisemitismus aufwiegelt sowie zur Unterstützung des Dschihad und des Sharia-Gesetzes aufruft.	I took the trouble of reading their 1988 charter, which is chillingly medieval, bigoted and steeped in incitement to anti-Semitism and support for Jihad and Sharia law.					
TRUE						
						
Ich möchte nur an Erfindungen wie beispielsweise die Lasertechnik oder das Röntgen oder den <L1>MP3-Player</L1> erinnern.	I need only remind the House of inventions such as laser technology or X-rays or the MP3 player.					
Ich möchte nur an Erfindungen wie beispielsweise die Lasertechnik oder das Röntgen oder den <N1>MP3-Abspieler</N1> erinnern.	I need only remind the House of inventions such as laser technology or X-rays or the MP3 player.					
TRUE						
						
Wir wollen über das Rahmenprogramm hinausgehen und <L1>visieren</L1> den Europäischen Forschungsraum an.	We want to go beyond the framework programme and into the European research area.					
Wir wollen über das Rahmenprogramm hinausgehen und <N1>fassen</N1> den Europäischen Forschungsraum ins Auge.	We want to go beyond the framework programme and into the European research area.					
TRUE						
						
In einigen Fällen ist es sehr teuer, sich ein Fußballspiel anzuschauen, da die Zuschauer mehrere Kanäle bei unterschiedlichen Anbietern kostenpflichtig <L1>abonnieren</L1> müssen, um bestimmt Spiele anschauen zu können.	In some cases, football is now extremely expensive to watch, because people must pay for more than one channel subscription, with more than one company in order to watch certain matches.	bestellen subskribieren abonnieren				
In einigen Fällen ist es sehr teuer, sich ein Fußballspiel anzuschauen, da die Zuschauer mehrere Kanäle bei unterschiedlichen Anbietern kostenpflichtig <N1>bestellen</N1> müssen, um bestimmt Spiele anschauen zu können.	In some cases, football is now extremely expensive to watch, because people must pay for more than one channel subscription, with more than one company in order to watch certain matches.					
TRUE						
						
Und was passiert schließlich mit den Listen der Sportarten, die die Mitgliedstaaten dem zuständigen Ausschuss der Europäischen Union vorlegen und auf denen die Disziplinen verzeichnet sein sollen, die kostenlos und nicht per <L1>Pay-TV</L1> übertragen werden müssen?	Finally, what is being done about the list of sports which the Member States must propose and notify to the competent committee of the European Union, for which broadcasting on free rather than subscriber television is mandatory?	Bezahl-Fernsehen Bezahlfernsehen Pay-TV Abofernsehen				
Und was passiert schließlich mit den Listen der Sportarten, die die Mitgliedstaaten dem zuständigen Ausschuss der Europäischen Union vorlegen und auf denen die Disziplinen verzeichnet sein sollen, die kostenlos und nicht per <N1>Bezahlfernsehen</N1> übertragen werden müssen?	Finally, what is being done about the list of sports which the Member States must propose and notify to the competent committee of the European Union, for which broadcasting on free rather than subscriber television is mandatory?					
TRUE						
						
Herr Präsident, Herr Kommissionspräsident, meine lieben Kolleginnen und Kollegen! Ich meine, dass wir in dieser Debatte zu viel Schatten <L1>boxen</L1> und zu wenig Respekt vor dem Recht und dem Bürger haben.	– Mr President, Mr President of the Commission, ladies and gentlemen, I think that we, in this debate, are indulging in too much shadow boxing and not showing enough respect to the law and the public.	schlagen hauen prügeln kloppen dreschen boxen | Boxen Faustkampf Boxkampf				
Herr Präsident, Herr Kommissionspräsident, meine lieben Kolleginnen und Kollegen! Ich meine, dass wir in dieser Debatte zu viel Schatten<N1>fechten</N1> betreiben und zu wenig Respekt vor dem Recht und dem Bürger haben.	– Mr President, Mr President of the Commission, ladies and gentlemen, I think that we, in this debate, are indulging in too much shadow boxing and not showing enough respect to the law and the public.					
TRUE						
						
Das ist <L1>unsportlich</L1> und unfair.	That is unsporting and unfair.	regelwidrig nicht fair unsportlich unfair				
Das ist <N1>verwerflich</N1> und unfair.	That is unsporting and unfair.					
TRUE						
						
Ich bin davon überzeugt, dass der Fußball die Grundlage für Entwicklung und Selbstverwirklichung schaffen kann, weshalb ich es auch begrüße, dass in dem Bericht von der Notwendigkeit gesprochen wird, die Vereine zu unterstützen, die jungen Menschen die entsprechenden Bedingungen bieten, damit sie <L1>trainieren</L1> und lernen können.	I am convinced that football can provide the basis for development and self-fulfilment, which is why I am pleased by the points included in this report which talk about the need to support clubs that provide young people with the right conditions both for training and for learning.	trainieren einüben abrichten dressieren konditionieren trimmen | schulen trainieren üben einüben | trainieren sich körperlich ertüchtigen sich ertüchtigen sporteln Sport treiben				
Ich bin davon überzeugt, dass der Fußball die Grundlage für Entwicklung und Selbstverwirklichung schaffen kann, weshalb ich es auch begrüße, dass in dem Bericht von der Notwendigkeit gesprochen wird, die Vereine zu unterstützen, die jungen Menschen die entsprechenden Bedingungen bieten, damit sie <N1>üben</N1> und lernen können.	I am convinced that football can provide the basis for development and self-fulfilment, which is why I am pleased by the points included in this report which talk about the need to support clubs that provide young people with the right conditions both for training and for learning.					
TRUE						
						
Wer sich offen dazu bekennt, dass er <L1>HIV-positiv</L1> ist, und gegen die damit verbundene Diskriminierung und Wut angeht, der ist ein Krieger; ein Krieger deshalb, weil er die Schlachten schlägt, von denen er sich wünscht, dass die nächste Generation sie nicht zu schlagen braucht.	To come out and say that you are HIV positive and to deal with the discrimination and the anger that you therefore suffer is to declare yourself a warrior: a warrior because you fight the battles that you never want another generation to have to fight again.					
Wer sich offen dazu bekennt, dass er <N1>HIV-erkrankt</N1> ist, und gegen die damit verbundene Diskriminierung und Wut angeht, der ist ein Krieger; ein Krieger deshalb, weil er die Schlachten schlägt, von denen er sich wünscht, dass die nächste Generation sie nicht zu schlagen braucht.	To come out and say that you are HIV positive and to deal with the discrimination and the anger that you therefore suffer is to declare yourself a warrior: a warrior because you fight the battles that you never want another generation to have to fight again.					
TRUE						
						
Es mag in gewissen Kreisen <L1>schick</L1> sein, Israel als <L2>Aggressor</L2> und Unterdrücker zu etikettieren, aber eine solche Auffassung ist unredlich und unsolide.	It may be fashionable in certain circles to label Israel as the aggressor and the oppressor, but this belief is untrue and unsound.	nett schnuckelig schick schnatz | geil fesch schmuck elegant flott schnittig schnatz cool frech schmissig modisch schnieke todschick chic todchic kleidsam schick	added 1 loanword			
Es mag in gewissen Kreisen <N1>schmuck</N1> sein, Israel als <N2>Anstifter</N2> und Unterdrücker zu etikettieren, aber eine solche Auffassung ist unredlich und unsolide.	It may be fashionable in certain circles to label Israel as the aggressor and the oppressor, but this belief is untrue and unsound.					
TRUE						
						
Frankreich rüstete den Sudan aus, Belgien liefert Waffen an den Autokraten Kabila im Kongo, unter anderem damit dieser die <L0>Opposition</L0> <L1>massakrieren</L1> kann.	France has armed Sudan, and Belgium is supplying weapons to the autocrat Joseph Kabila in the Democratic Republic of the Congo, partly so that he can massacre the opposition.	niedermachen schlachten metzeln massakrieren niedermetzeln abschlachten				
Frankreich rüstete den Sudan aus, Belgien liefert Waffen an den Autokraten Kabila im Kongo, unter anderem damit dieser die <N0>Gegenseite</N0> <N1>abschlachten</N1> kann.	France has armed Sudan, and Belgium is supplying weapons to the autocrat Joseph Kabila in the Democratic Republic of the Congo, partly so that he can massacre the opposition.					
TRUE						
						
Wir kaufen und verkaufen Waren und Dienstleistungen, <L1>chatten</L1> und treffen einander.	We buy and sell goods and services on it, and we chat and meet each other there.	chatten ein Chatprogramm benutzen über eine Chat-Platform kommunizieren				
Wir kaufen und verkaufen Waren und Dienstleistungen, <N1>plaudern</N1> und treffen einander.	We buy and sell goods and services on it, and we chat and meet each other there.					
TRUE						
						
Wir alle wissen, dass die reale Wirtschaft auf der Produktion, der Verteilung und der Konsumtion von Waren in Übereinstimmung mit den Bedürfnissen der Menschen beruht, ob diese Bedürfnisse nun real, <L1>imaginär</L1> oder von der Werbung generiert sind.	We all know that the real economy is based on production, distribution and the consumption of goods in accordance with people's needs, whether those needs be real, imagined or created by advertising.	erfunden spekulativ eingebildet imaginär belegfrei aus der Luft gegriffen ist nichts Wahres dran imaginiert erlogen ohne Realitätsgehalt fiktiv surreal frei phantasiert irreal zusammenfantasiert Produkt der Phantasie ausgedacht erstunken und erlogen ohne Realitätsbezug nicht auf Tatsachen beruhen frei erfunden an den Haaren herbeigezogen | imaginär unfassbar unkörperlich feenhaft immateriell unstofflich nicht greifbar ätherisch vergeistigt körperlos nicht fassbar engelhaft elfenhaft				
Wir alle wissen, dass die reale Wirtschaft auf der Produktion, der Verteilung und der Konsumtion von Waren in Übereinstimmung mit den Bedürfnissen der Menschen beruht, ob diese Bedürfnisse nun real, <N1>eingebildet</N1> oder von der Werbung generiert sind.	We all know that the real economy is based on production, distribution and the consumption of goods in accordance with people's needs, whether those needs be real, imagined or created by advertising.					
TRUE						
						
Unter strengen Bedingungen können Biokraftstoffe jedoch zu einer nachhaltigeren Energieversorgung beitragen, sofern gewährleistet ist, dass tropische Regenwälder nicht abgeholzt werden, damit wir unsere Autos <L1>betanken</L1> können.	But under strictly controlled conditions biofuels can help towards a more sustainable system of energy supply, subject to guarantees that tropical rainforests will not be felled in order to fill up our cars.	auftanken tanken betanken mit Kraftstoff befüllen den Tank auffüllen den Tank füllen				
Unter strengen Bedingungen können Biokraftstoffe jedoch zu einer nachhaltigeren Energieversorgung beitragen, sofern gewährleistet ist, dass tropische Regenwälder nicht abgeholzt werden, damit wir unsere Autos <N1>auffüllen</N1> können.	But under strictly controlled conditions biofuels can help towards a more sustainable system of energy supply, subject to guarantees that tropical rainforests will not be felled in order to fill up our cars.					
TRUE						
						
Ich stimme meinen Kolleginnen und Kollegen, insbesondere Herrn Paasilinna, dahingehend zu, dass wir in Energieangelegenheiten nicht <L1>doktrinär</L1> sein können und dass wir erneuerbare Energien nicht als Allheilmittel an sich betrachten dürfen.	I agree with my fellow Members, and in particular with my colleague Mr Paasilinna, that we cannot be doctrinaire in matters relating to energy and that we must not think of renewable energy as a panacea in itself.	keinen Widerspruch duldend apodiktisch ideologisch einzig richtig doktrinär allein seligmachend dogmatisch keinen Widerspruch zulassend die Wahrheit für sich gepachtet haben rechthaberisch				
Ich stimme meinen Kolleginnen und Kollegen, insbesondere Herrn Paasilinna, dahingehend zu, dass wir in Energieangelegenheiten nicht <N1>zu strikt</N1> sein können und dass wir erneuerbare Energien nicht als Allheilmittel an sich betrachten dürfen.	I agree with my fellow Members, and in particular with my colleague Mr Paasilinna, that we cannot be doctrinaire in matters relating to energy and that we must not think of renewable energy as a panacea in itself.					
TRUE						
						
Und wiederum, wir von meiner Fraktion sind sehr froh, dass sie auch enthalten sind, aber wie wollen Sie das <L1>korrespondieren</L1> zu den anderen Mitgliedern z. B. in Lateinamerika, mit denen wir Freihandelsabkommen haben?	Again, in my Group we are very happy that they are also included, but how do you want to link this to the other members, e.g. in Latin America, with whom we have free trade agreements?	übereinstimmen entsprechen gleichkommen korrespondieren | schriftlich kommunizieren korrespondieren | korrespondieren in brieflichem Kontakt stehen sich schreiben brieflich verkehren mit				
Und wiederum, wir von meiner Fraktion sind sehr froh, dass sie auch enthalten sind, aber wie wollen Sie das den anderen Mitgliedern <N1>vermitteln</N1>, z. B. in Lateinamerika, mit denen wir Freihandelsabkommen haben?	Again, in my Group we are very happy that they are also included, but how do you want to link this to the other members, e.g. in Latin America, with whom we have free trade agreements?					
TRUE						
						
Die israelische Stromgesellschaft kann die Stromversorgung der 1,5 Millionen Palästinenser in Gaza auf das absolute Mindestmaß reduzieren und die Gesellschaft Mekorot wird das Wasser <L1>rationieren</L1> und der Hamas die Verteilung auf die Viertel überlassen.	The Israeli electricity company can reduce the supply of electricity to Gaza's 1.5 million Palestinians to a bare minimum, and the company Mekorot will ration the water it distributes, leaving it to Hamas to distribute it to the districts.					
Die israelische Stromgesellschaft kann die Stromversorgung der 1,5 Millionen Palästinenser in Gaza auf das absolute Mindestmaß reduzieren und die Gesellschaft Mekorot wird das Wasser <N1>aufteilen</N1> und der Hamas die Verteilung auf die Viertel überlassen.	The Israeli electricity company can reduce the supply of electricity to Gaza's 1.5 million Palestinians to a bare minimum, and the company Mekorot will ration the water it distributes, leaving it to Hamas to distribute it to the districts.					
TRUE						
						
Innovation wird ganz sicher nicht gefördert, solange Multis mit goldgeränderten Bilanzen den übergroßen Teil der Forschungs- und Entwicklungsgelder auf ihren Konten <L1>bunkern</L1> können, während diejenigen, die tatsächlich auf solche Unterstützung angewiesen sind, im Regen stehen bleiben.	Innovation is certainly not promoted as long as multinationals with gilt-edged balance sheets are able to stash away the best part of research and development funds in their accounts, while those who are actually targeted for this kind of benefit are left out in the rain.	aufbewahren hamstern sich Vorräte anlegen sich eindecken bunkern etwas in großer Menge ansammeln horten				
Innovation wird ganz sicher nicht gefördert, solange Multis mit goldgeränderten Bilanzen den übergroßen Teil der Forschungs- und Entwicklungsgelder auf ihren Konten <N1>horten</N1> können, während diejenigen, die tatsächlich auf solche Unterstützung angewiesen sind, im Regen stehen bleiben.	Innovation is certainly not promoted as long as multinationals with gilt-edged balance sheets are able to stash away the best part of research and development funds in their accounts, while those who are actually targeted for this kind of benefit are left out in the rain.					
TRUE						
						
Sarkozy spricht <L1>pompös</L1> über alles und nichts, doch war in dreißig Minuten nicht ein einziges Mal das Wort sozial zu vernehmen.	Mr Sarkozy emits quantities of high-sounding hot air but not once in half-an-hour does he use the word 'social'.	pompös wuchtig | üppig bombastisch unglaublich fulminant imposant außerordentlich weit enorm bedeutend erheblich groß extrem pompös immens gewaltig exorbitant mächtig krass riesig weithin weitläufig makro				
Sarkozy spricht <N1>wuchtig</N1> über alles und nichts, doch war in dreißig Minuten nicht ein einziges Mal das Wort sozial zu vernehmen.	Mr Sarkozy emits quantities of high-sounding hot air but not once in half-an-hour does he use the word 'social'.					
TRUE						
						
Wie kann es sein, dass eine EU, die für Menschenrechte und die Abschaffung der Folter steht, mit Blick auf diese Barbarei nicht wirklich Rechenschaft ablegen oder zur Wahrheitsfindung beitragen kann, sondern nur gehaltlose Dementi und <L1>fade</L1> Zusicherungen abliefert, nicht daran beteiligt gewesen zu sein?	How can it be that an EU that stands for human rights and the elimination of torture has offered no true accountability or establishment of the truth, but only blank denials and bland assurances for its own involvement in this barbarity?	fade flau öde fad laff ohne Geschmack lau | muffig fade schal fad lasch abgestanden wie Laternenpfahl ganz unten vermufft labberig | heruntergekommen geschmacklos fade | trocken amusisch uninspiriert dröge phantasielos dürftig prosaisch nüchtern pragmatisch fade blass unbewegt ausdruckslos farblos schal sachlich klar trostlos schnöde zweckmäßig vernünftig monoton öde grau in grau geisttötend langatmig trist kontrastarm grau öd langweilig stupid reizlos spannungsarm eintönig stupide fad wenig aufregend schmucklos ruhig lapidar dumpf ernsthaft kühl ohne schmückendes Beiwerk machbarkeitsorientiert schnörkellos sachbetont ungerührt gleichmütig stoisch alles viel zu ernst nehmen humorfrei als hätte jemand einen Besenstiel verschluckt humorlos Stock im Arsch keinen Spaß vertragen keinen Spaß verstehen				
Wie kann es sein, dass eine EU, die für Menschenrechte und die Abschaffung der Folter steht, mit Blick auf diese Barbarei nicht wirklich Rechenschaft ablegen oder zur Wahrheitsfindung beitragen kann, sondern nur gehaltlose Dementi und <N1>schwache</N1> Zusicherungen abliefert, nicht daran beteiligt gewesen zu sein?	How can it be that an EU that stands for human rights and the elimination of torture has offered no true accountability or establishment of the truth, but only blank denials and bland assurances for its own involvement in this barbarity?					
TRUE						
						
Lenin sagte, der Extremismus sei die Kinderkrankheit des Kommunismus. Man könnte Lenin <L1>paraphrasieren</L1> und behaupten, der Extremismus sei unter Umständen eine Kinderkrankheit aller politischen, religiösen, wirtschaftlichen und ideologischen Konzepte.	Lenin said that extremism is the infantile disease of communism; we could paraphrase Lenin and say that extremism is perhaps an infantile disease of all political, religious, economic and ideological programmes.	anders formulieren umformulieren paraphrasieren sprachlich ändern				
Lenin sagte, der Extremismus sei die Kinderkrankheit des Kommunismus. Man könnte Lenin <N1>nachsprechen</N1> und behaupten, der Extremismus sei unter Umständen eine Kinderkrankheit aller politischen, religiösen, wirtschaftlichen und ideologischen Konzepte.	Lenin said that extremism is the infantile disease of communism; we could paraphrase Lenin and say that extremism is perhaps an infantile disease of all political, religious, economic and ideological programmes.					
TRUE						
						
Europäische Händler und Weiterverarbeiter <L1>ordern</L1> nicht mehr, sondern warten auf bessere Angebote aus China.	European retailers and manufacturers are no longer ordering, but are waiting for better offers from China.	ordern einholen einkaufen beauftragen nachfragen | bestellen ordern in Auftrag geben | ordern anfordern				
Europäische Händler und Weiterverarbeiter <N1>bestellen</N1> nicht mehr, sondern warten auf bessere Angebote aus China.	European retailers and manufacturers are no longer ordering, but are waiting for better offers from China.					
TRUE						
						
Ein solcher <L1>Check-up</L1> ist besonders dann angebracht, wenn sich eine Finanzkrise anbahnt, wenn der Aufruf gegen die globale Erderwärmung in einen Kampf mit ungewissem Ausgang mündet oder wenn die internationale Gemeinschaft versucht, einen Friedensprozess, mit dem der auffälligste Konflikt unserer Epoche gelöst werden könnte, wieder in Gang zu bringen.	A check-up of this kind is particularly important at a time when a financial crisis is flaring up, when mobilisation against global warming is causing a struggle, the outcome of which is uncertain, and when the international community is attempting to revive a peace process aimed at resolving the conflict that most epitomises our era.					
Eine solche <N1>Prüfung</N1> ist besonders dann angebracht, wenn sich eine Finanzkrise anbahnt, wenn der Aufruf gegen die globale Erderwärmung in einen Kampf mit ungewissem Ausgang mündet oder wenn die internationale Gemeinschaft versucht, einen Friedensprozess, mit dem der auffälligste Konflikt unserer Epoche gelöst werden könnte, wieder in Gang zu bringen.	A check-up of this kind is particularly important at a time when a financial crisis is flaring up, when mobilisation against global warming is causing a struggle, the outcome of which is uncertain, and when the international community is attempting to revive a peace process aimed at resolving the conflict that most epitomises our era.					
TRUE						
						
schriftlich. - (EN) Als begeisterter Zuschauer der großartigen <L1>TV-Serie</L1> Deadliest Catch bewundere ich die Fischer und ihre Arbeit sehr.	in writing. - As an avid viewer of that great TV series 'Deadliest Catch' I am now a great admirer of fishermen and the work they do.					
schriftlich. - (EN) Als begeisterter Zuschauer der großartigen <N1>Fernsehsendung</N1> Deadliest Catch bewundere ich die Fischer und ihre Arbeit sehr.	in writing. - As an avid viewer of that great TV series 'Deadliest Catch' I am now a great admirer of fishermen and the work they do.					
TRUE						
						
Doch er ist der Letzte, der das Recht hätte, die Verfassung Nr. 2 auf parlamentarischem Wege annehmen zu lassen, doch was tut man nicht alles, um zu <L1>brillieren</L1> und den Anschein zu erwecken, als hätte man alle Fäden in der Hand.	He was actually the very last person entitled to get this second version of the Constitution adopted by Parliament, but these are the lengths that some people will go to in order to draw attention to themselves and make themselves look as if they are pulling all the strings.	glänzen vorstehen herausstehen herausstechen trumpfen brillieren herausstrecken hervorstehen herausragen bestechen | glänzen brillieren schimmern blitzen funkeln leuchten aufblinken aufblitzen glitzern blinken				
Doch er ist der Letzte, der das Recht hätte, die Verfassung Nr. 2 auf parlamentarischem Wege annehmen zu lassen, doch was tut man nicht alles, um sich zu <N1>hervorzutun</N1> und den Anschein zu erwecken, als hätte man alle Fäden in der Hand.	He was actually the very last person entitled to get this second version of the Constitution adopted by Parliament, but these are the lengths that some people will go to in order to draw attention to themselves and make themselves look as if they are pulling all the strings.					
TRUE						
						
Meine Partei hat eine andere Vorstellung von der Zukunft Europas. Wir wollen ein Europa, das sowohl offener, dynamischer und transparenter ist als auch weniger zentralisiert, <L1>uniform</L1> und inflexibel.	My party has a different vision for the future of Europe, which is for a Europe that is both more open, dynamic and transparent and less centralised, uniform and inflexible.	gleichförmig uniform | Kluft Montur Dienstbekleidung Dienstkleidung Uniform Einheitskleidung Dienstanzug Livree				
Meine Partei hat eine andere Vorstellung von der Zukunft Europas. Wir wollen ein Europa, das sowohl offener, dynamischer und transparenter ist als auch weniger zentralisiert, <N1>gleichförmig</N1> und inflexibel.	My party has a different vision for the future of Europe, which is for a Europe that is both more open, dynamic and transparent and less centralised, uniform and inflexible.					
TRUE						
						
Diese kann ich mir nur dort holen, wo auch genügend Steuern zu <L1>akquirieren</L1> sind.	I can only get that in areas where enough taxes also can be obtained.	anheuern anwerben akquirieren einwerben				
Diese kann ich mir nur dort holen, wo wir auch genügend Steuern <N1>bekommen</N1> können.	I can only get that in areas where enough taxes also can be obtained.					
TRUE						
						
Lassen Sie mich ein konkretes Beispiel anführen, das möglicherweise ein wenig <L1>chauvinistisch</L1> ist, aber sei es drum.	Let me give a specific example.	machistisch chauvinistisch machohaft machomäßig sexistisch chauvimäßig				
Lassen Sie mich ein konkretes Beispiel anführen, das möglicherweise ein wenig <N1>altherrenmäßig</N1> ist, aber sei es drum.	Let me give a specific example.					
TRUE						
						
<L1>Business-as-usual</L1> .	Business as usual.					
<N1>Geschäft-wie-sonst-auch</N1> .	Business as usual.					
TRUE						
						
Das ist bedauerlich und lässt sich nicht allein dadurch erklären, dass die Frauen <L1>familiär</L1> stärker belastet sind.	This is regrettable and cannot be explained exclusively by women's heavier family commitments.	vertraut bekannt familiär traut				
Das ist bedauerlich und lässt sich nicht allein dadurch erklären, dass die Frauen <N1>in ihrer Sippe</N1> stärker belastet sind.	This is regrettable and cannot be explained exclusively by women's heavier family commitments.					
TRUE						
						
Wir <L1>betonieren</L1> die Ungleichheiten in Europa ein, nehmen keine Harmonisierung ins Visier.	We concrete over the divergences in Europe instead of aiming for harmonisation.	Betonieren Betoneinbringung | festschreiben zementieren einbetonieren betonieren in Stein meißeln (für lange Zeit) unveränderlich machen				
Wir <N1>meißeln</N1> die Ungleichheiten in Europa ein, nehmen keine Harmonisierung ins Visier.	We concrete over the divergences in Europe instead of aiming for harmonisation.					
TRUE						
						
Zudem sollen die Vorschriften für den Fußgängerschutz nun auch für geländetaugliche Pkw, die so genannten <L1>SUV</L1> gelten.	In addition, provisions on pedestrian protection will now also apply to off-road vehicles, also known as SUVs.	Schlampenpanzer Sport Utility Vehicle Geländelimousine SUV	not really possible to translate			
Zudem sollen die Vorschriften für den Fußgängerschutz nun auch für geländetaugliche Pkw, die so genannten <N1>SUV</N1> gelten.	In addition, provisions on pedestrian protection will now also apply to off-road vehicles, also known as SUVs.					
TRUE						
						
Heute weiß ich nicht, ob man noch ein Auto ohne Radio, <L1>CD-Player</L1> oder Ähnliches kaufen kann.	Now, I do not know whether it is possible to buy a car without a radio, CD player or those sorts of things.					
Heute weiß ich nicht, ob man noch ein Auto ohne Radio, <N1>CD-Abspieler</N1> oder Ähnliches kaufen kann.	Now, I do not know whether it is possible to buy a car without a radio, CD player or those sorts of things.					
TRUE						
						
Das heißt, diese Maßnahmen, die wir heute beschlossen haben, sind weder sinnvoll noch notwendig, und wir haben hier eine Situation geschaffen, die nicht <L1>komfortabel</L1> ist und im Prinzip gegen die Lissabon-Strategie spricht.	This means that the measures we have agreed on today are neither sensible nor necessary and we have created here a situation that is not convenient and that basically runs counter to the Lisbon Strategy.	luxuriös komfortabel feudal | bequem lässig behaglich komfortabel				
Das heißt, diese Maßnahmen, die wir heute beschlossen haben, sind weder sinnvoll noch notwendig, und wir haben hier eine Situation geschaffen, die nicht <N1>angenehm</N1> ist und im Prinzip gegen die Lissabon-Strategie spricht.	This means that the measures we have agreed on today are neither sensible nor necessary and we have created here a situation that is not convenient and that basically runs counter to the Lisbon Strategy.					
TRUE						
						
Besser ist es, nicht zu wiederholen, was er gesagt hat, denn es war alles richtig, und die Stellungnahme, die ich zu dem Thema abzugeben hätte, könnte unter Umständen als ein Versuch gewertet werden, seine Äußerungen <L1>nuancieren</L1> zu wollen, wozu keine Veranlassung besteht.	It is better not to repeat what he said, since it was all correct, and anything I might say on the subject might be seen as an attempt to qualify his remarks, which is not necessary.	verändern nuancieren modulieren | tönen nuancieren tingieren einfärben abtönen kolorieren färben				
Besser ist es, nicht zu wiederholen, was er gesagt hat, denn es war alles richtig, und die Stellungnahme, die ich zu dem Thema abzugeben hätte, könnte unter Umständen als ein Versuch gewertet werden, seine Äußerungen <N1>abschwächen</N1> zu wollen, wozu keine Veranlassung besteht.	It is better not to repeat what he said, since it was all correct, and anything I might say on the subject might be seen as an attempt to qualify his remarks, which is not necessary.					
TRUE						
						
Also Niederländer, die in Belgien oder Deutschland oder noch weiter fort in Frankreich, la <L1>belle</L1> France, oder in Spanien leben, haben jetzt Anspruch auf Behandlung.	So Dutch people living in Belgium or Germany, or even farther afield in France, la belle France, or in Spain, will now be entitled to treatment.					
Also Niederländer, die in Belgien oder Deutschland oder noch weiter fort in Frankreich, im <N1>schönen</N1> Frankreich, oder in Spanien leben, haben jetzt Anspruch auf Behandlung.	So Dutch people living in Belgium or Germany, or even farther afield in France, la belle France, or in Spain, will now be entitled to treatment.					
TRUE						
						
Ich empfand die Tatsache, dass Mugabe am Welternährungsgipfel teilnehmen und dort <L1>defilieren</L1> durfte, als besonders beschämend, da er tatsächlich der Verursacher einiger der größten globalen Probleme der Nahrungsmittelunsicherheit in seinem Land und auf seinem Kontinent ist.	I thought one of the most shameful things that happened was that Mugabe attended the World Food Summit where he was allowed to parade, when in fact he is the cause of some of the major global food insecurity problems in his own country and on his own continent.	vorbeigehen paradieren eine Parade abhalten feierlich vorbeimarschieren defilieren				
Ich empfand die Tatsache, dass Mugabe am Welternährungsgipfel teilnehmen und dort <N1>auftreten</N1> durfte, als besonders beschämend, da er tatsächlich der Verursacher einiger der größten globalen Probleme der Nahrungsmittelunsicherheit in seinem Land und auf seinem Kontinent ist.	I thought one of the most shameful things that happened was that Mugabe attended the World Food Summit where he was allowed to parade, when in fact he is the cause of some of the major global food insecurity problems in his own country and on his own continent.					
TRUE						
						
Das Problem ist folgendes: Wir dürfen unsere irischen Freunde nicht <L1>brüskieren</L1> und müssen gleichzeitig wissen, unter welchen Bedingungen und mit welchem Vertrag wir in die Europawahlen im Jahr 2009 gehen werden.	The problem is this: we must avoid both rushing our Irish friends and yet at the same time establish under what conditions and with what treaty we are going to organise the 2009 European elections.	düpieren verletzen vor den Kopf stoßen auf den Fuß treten auf den Schlips treten brüskieren				
Das Problem ist folgendes: Wir dürfen unsere irischen Freunde nicht <N1>bloßstellen</N1> und müssen gleichzeitig wissen, unter welchen Bedingungen und mit welchem Vertrag wir in die Europawahlen im Jahr 2009 gehen werden.	The problem is this: we must avoid both rushing our Irish friends and yet at the same time establish under what conditions and with what treaty we are going to organise the 2009 European elections.					
TRUE						
						
Das Ganze erinnert <L1>frappierend</L1> an diverse Gentechnik-Verlockungen, bei denen reihenweise Bauern in den Ruin getrieben wurden, weil das Saatgut nur einmal verwendbar war und sie sich kein neues leisten konnten.	The whole thing is disturbingly like the many and varied temptations to genetic technology, by which multitudes of farmers have been brought to ruin, because the seed was not re-useable and they could not afford any more.	erstaunlich überraschend verblüffend verwunderlich frappierend stupend frappant erwartungswidrig				
Das Ganze erinnert <N1>ganz stark</N1> an diverse Gentechnik-Verlockungen, bei denen reihenweise Bauern in den Ruin getrieben wurden, weil das Saatgut nur einmal verwendbar war und sie sich kein neues leisten konnten.	The whole thing is disturbingly like the many and varied temptations to genetic technology, by which multitudes of farmers have been brought to ruin, because the seed was not re-useable and they could not afford any more.					
TRUE						
						
Es ist schon <L1>makaber</L1> und grenzt an Geschmacklosigkeit, wenn iranische Regierungsvertreter auf die Kritik an dieser Praxis antworten, dass man ja mit der Hinrichtung warten würde, bis die Volljährigkeit erreicht sei.	It is macabre - indeed, it is verging on the tasteless - when Iranian Government representatives respond to criticism of this practice by claiming that the execution is suspended until the person has attained their majority.	geschmacklos düster grausig respektlos schauderhaft schauerlich abartig pietätlos makaber				
Es ist schon <N1>dunkel</N1> und grenzt an Geschmacklosigkeit, wenn iranische Regierungsvertreter auf die Kritik an dieser Praxis antworten, dass man ja mit der Hinrichtung warten würde, bis die Volljährigkeit erreicht sei.	It is macabre - indeed, it is verging on the tasteless - when Iranian Government representatives respond to criticism of this practice by claiming that the execution is suspended until the person has attained their majority.					
TRUE						
						
Wir können sie nur ermutigen, das unter den Bedingungen des Vertrags zu tun, der nie überarbeitet werden musste und dessen nützliche Bestimmungen es Europa ermöglichen, wirtschaftlich und <L1>monetär</L1> Fortschritte zu machen auf der Grundlage der beiden Säulen der Konsolidierung und der Erweiterung.	We can only encourage them to do this under the terms of the Treaty, which have never been revised and which are useful terms allowing Europe to progress in economic and monetary matters on the basis of the two pillars of consolidation and enlargement.	pekuniär finanziell wirtschaftlich kohlemäßig geldlich in Sachen Geld monetär was das Geld angeht in barer Münze geschäftlich ökonomisch				
Wir können sie nur ermutigen, das unter den Bedingungen des Vertrags zu tun, der nie überarbeitet werden musste und dessen nützliche Bestimmungen es Europa ermöglichen, wirtschaftlich und <N1>finanziell</N1> Fortschritte zu machen auf der Grundlage der beiden Säulen der Konsolidierung und der Erweiterung.	We can only encourage them to do this under the terms of the Treaty, which have never been revised and which are useful terms allowing Europe to progress in economic and monetary matters on the basis of the two pillars of consolidation and enlargement.					
TRUE						
						
Deshalb möchte ich gerne herausstellen, dass Slowenien keinesfalls <L1>kapriziös</L1> ist, wenn es darauf hinweist, dass die von Kroatien vorgelegten Dokumente nicht zuverlässig sind.	Therefore, I would like to point out that Slovenia is not being capricious in mentioning that Croatia's documents are not credible.	launenhaft wechselhaft launisch kapriziös				
Deshalb möchte ich gerne herausstellen, dass Slowenien keinesfalls <N1>launisch</N1> ist, wenn es darauf hinweist, dass die von Kroatien vorgelegten Dokumente nicht zuverlässig sind.	Therefore, I would like to point out that Slovenia is not being capricious in mentioning that Croatia's documents are not credible.					
TRUE						
						
Ich weiß nicht, ob uns dies vor den Wahlen genug <L1>amüsieren</L1> wird, aber es ist zumindest ein Beitrag, den wir in Bezug auf dieses wichtige Thema leisten.	I do not know whether this will amuse us enough before the elections, but at least it is a contribution which we are bringing to this important issue.	bespaßen unterhalten amüsieren belustigen | amüsieren belustigen erfreuen aufheitern aufmuntern erheitern beschwingen				
Ich weiß nicht, ob uns dies vor den Wahlen genug <N1>erfreuen</N1> wird, aber es ist zumindest ein Beitrag, den wir in Bezug auf dieses wichtige Thema leisten.	I do not know whether this will amuse us enough before the elections, but at least it is a contribution which we are bringing to this important issue.					
TRUE						
						
Es gibt oft einen großen Spielraum für die Beteiligung ausländischer Unternehmen, die dann die Umwelt und ihre eigenen Beschäftigten <L1>malträtieren</L1> und bis zur Zerstörung ausbeuten.	There is often a lot of scope for foreign companies to get involved, which then maltreat and exploit the environment and their employees to ruination.	misshandeln malträtieren missbrauchen schlecht behandeln				
Es gibt oft einen großen Spielraum für die Beteiligung ausländischer Unternehmen, die dann die Umwelt und ihre eigenen Beschäftigten <N1>schlecht behandeln</N1> und bis zur Zerstörung ausbeuten.	There is often a lot of scope for foreign companies to get involved, which then maltreat and exploit the environment and their employees to ruination.					
TRUE						
						
Es gibt einen Moment, Herr amtierender Präsident, in der berühmten Melodie von Smetanas Má Vlast, an dem ein Cello und ein Fagott in <L1>crescendo</L1> von düsteren Tiefen bis zu scheinbar unmöglich hohen Noten hinauf spielen.	There is a moment, President-in-Office, in the famed melody in Smetana's Má Vlast, where cello and bassoon rise in crescendo from lugubrious depths to reach a seemingly impossible high note.					
Es gibt einen Moment, Herr amtierender Präsident, in der berühmten Melodie von Smetanas Má Vlast, an dem ein Cello und ein Fagott <N1>stetig lauter werdend</N1> von düsteren Tiefen bis zu scheinbar unmöglich hohen Noten hinauf spielen.	There is a moment, President-in-Office, in the famed melody in Smetana's Má Vlast, where cello and bassoon rise in crescendo from lugubrious depths to reach a seemingly impossible high note.					
TRUE						
						
In Europa <L1>posieren</L1> Sie als verständnisvolle Europäer und große Integratoren, aber zuhause sprechen Sie davon, wie Sie sie alle übergehen werden, und vom Lissabon-Vertrag sprechen Sie, als ob er nicht mehr als ein Stück Papier sei.	When in Europe you pose as sympathetic Europeans and great integrators but at home you talk about how you are going to walk all over them and you talk about the Lisbon Treaty as if it were no more than a scrap of paper.	posen posieren | posen posieren sich in Pose stellen Haltung annehmen sich in Positur stellen sich in Positur bringen Pose einnehmen (eine bestimmte) Körperhaltung einnehmen				
In Europa <N1>zeigen</N1> sie sich als verständnisvolle Europäer und große Integratoren, aber zuhause sprechen Sie davon, wie Sie sie alle übergehen werden, und vom Lissabon-Vertrag sprechen Sie, als ob er nicht mehr als ein Stück Papier sei.	When in Europe you pose as sympathetic Europeans and great integrators but at home you talk about how you are going to walk all over them and you talk about the Lisbon Treaty as if it were no more than a scrap of paper.					
TRUE						
						
Wenn ich mir vorstelle, dass ich als Abgeordneter mit 25 Bewerbern für eine Assistentenstelle bereits bei einem Anschein von Diskriminierung oder bei einem Gefühl von Diskriminierung geklagt werden kann, dann komme ich überhaupt nicht mehr zum Arbeiten, sondern kann mich nur mehr mit den notwendigen Beweisen herumschlagen, die ich dann erbringen müsste, nur weil <L1>vis-a-vis</L1> das Gefühl besteht, obwohl ich in keinerlei Form diskriminiert habe.	If I think that, as an MEP with 25 applicants for an assistant's position, I could have a case brought against me just for the appearance of discrimination or a feeling of discrimination, I will simply not be able to work any more, but spend all my time battling with the evidence I need to provide just because the feeling is there, even though I have not discriminated in any way.	jenseits entgegengesetzt gegenüberliegend gegenüber vis-à-vis am anderen Ufer vis-a-vis auf der anderen Straßenseite auf der anderen Seite				
Wenn ich mir vorstelle, dass ich als Abgeordneter mit 25 Bewerbern für eine Assistentenstelle bereits bei einem Anschein von Diskriminierung oder bei einem Gefühl von Diskriminierung geklagt werden kann, dann komme ich überhaupt nicht mehr zum Arbeiten, sondern kann mich nur mehr mit den notwendigen Beweisen herumschlagen, die ich dann erbringen müsste, nur weil <N1>von Angesicht zu Angesicht</N1> das Gefühl besteht, obwohl ich in keinerlei Form diskriminiert habe.	If I think that, as an MEP with 25 applicants for an assistant's position, I could have a case brought against me just for the appearance of discrimination or a feeling of discrimination, I will simply not be able to work any more, but spend all my time battling with the evidence I need to provide just because the feeling is there, even though I have not discriminated in any way.					
TRUE						
						
Alle Redner, die <L1>frenetisch</L1> gegen Diskriminierung gesprochen haben, haben den Grundsatz beschrieben.	All the speakers who have vehemently spoken against discrimination have talked about the principle.	überschwänglich rasend stürmisch überschäumend tobend tosend frenetisch				
Alle Redner, die <N1>stürmisch</N1> gegen Diskriminierung gesprochen haben, haben den Grundsatz beschrieben.	All the speakers who have vehemently spoken against discrimination have talked about the principle.					
TRUE						
						
Ich freue mich auf die Grundsatzdebatte, die wir für das dritte Programm aufgrund einer versprochenen Mitteilung der Kommission rechtzeitig angehen werden, so dass wir dann alle Grundsatzfragen - ob wir die Programme für einzelne Verkehrsträger <L1>aufsplitten</L1> sollen und so weiter, all das, was wir in einem gemeinsamen Kompromissantrag aufgelistet haben - diskutieren können.	I look forward to the fundamental debate which we shall have shortly on the third programme, on the basis of a communication which the Commission has promised, so that we can discuss all the fundamental questions, everything that we have listed in a joint motion for a compromise, such as whether we should split up the programme for individual modes of transport and so on.					
Ich freue mich auf die Grundsatzdebatte, die wir für das dritte Programm aufgrund einer versprochenen Mitteilung der Kommission rechtzeitig angehen werden, so dass wir dann alle Grundsatzfragen - ob wir die Programme für einzelne Verkehrsträger <N1>aufteilen</N1> sollen und so weiter, all das, was wir in einem gemeinsamen Kompromissantrag aufgelistet haben - diskutieren können.	I look forward to the fundamental debate which we shall have shortly on the third programme, on the basis of a communication which the Commission has promised, so that we can discuss all the fundamental questions, everything that we have listed in a joint motion for a compromise, such as whether we should split up the programme for individual modes of transport and so on.					
TRUE						
						
Wir entschieden uns dafür, die Überwachung der <L1>saisonal</L1> bedingten Grippe auszudehnen, die normalerweise in Kalenderwoche 20 endet, um Infektionen mit diesem neuen Grippevirus zu erfassen.	We decided to extend the surveillance for seasonal flu, which should normally have ended at week 20, in order to identify infections with this new flu virus.	jahreszeitlich saisonal				
Wir entschieden uns dafür, die Überwachung der <N1>durch die Jahreszeiten</N1> bedingten Grippe auszudehnen, die normalerweise in Kalenderwoche 20 endet, um Infektionen mit diesem neuen Grippevirus zu erfassen.	We decided to extend the surveillance for seasonal flu, which should normally have ended at week 20, in order to identify infections with this new flu virus.					
TRUE						
						
Auf diese Weise hätten wir den Vorsitz Le Pens als ältester Abgeordneter verhindern können, ohne die Geschäftsordnung dieses Hauses zu <L1>killen</L1> und ein Verfahren anzunehmen, das in keinem anderen Parlament eines demokratischen Landes besteht.	In this way, we could have avoided having a Le Pen as the presiding oldest Member without this House murdering the Rules of Procedure and adopting a procedure that exists in no other parliament of a democratic country.	auslöschen abmurksen ins Jenseits befördern um die Ecke bringen töten tot... ins Gras beißen lassen vom Leben zum Tode befördern umbringen zur Strecke bringen meucheln kaltmachen killen ermorden jemandem den Garaus machen in die ewigen Jagdgründe schicken zum Schweigen bringen totmachen entleiben ums Leben bringen umlegen über die Klinge springen lassen ausknipsen abservieren				
Auf diese Weise hätten wir den Vorsitz Le Pens als ältester Abgeordneter verhindern können, ohne die Geschäftsordnung dieses Hauses zu <N1>nichte zu machen</N1> und ein Verfahren anzunehmen, das in keinem anderen Parlament eines demokratischen Landes besteht.	In this way, we could have avoided having a Le Pen as the presiding oldest Member without this House murdering the Rules of Procedure and adopting a procedure that exists in no other parliament of a democratic country.					
TRUE						
						
Es ist klar zu sehen, dass wir derzeit <L1>schachmatt</L1> sind.	We can well see that currently, we are in a stalemate.	hinüber fertig kaputt am Ende erschöpft entkräftet ausgelaugt erledigt fix und alle fix und fertig kaputt wie ein Hund (wie) gerädert rien ne va plus schachmatt Akku ist leer (wie) erschlagen				
Es ist klar zu sehen, dass wir derzeit <N1>erledigt</N1> sind.	We can well see that currently, we are in a stalemate.					
TRUE						
						
Diese dürfen nicht durch Einzelinteressen ökonomischer Großmächte im Netz außer Kraft gesetzt werden, weil diese ein veraltetes Copyright-System, das nicht <L1>internetfähig</L1> ist, mit Zähnen und Klauen verteidigen.	These should not be rendered ineffective by the individual interests of the large economic powers on the internet because they want to fight tooth and nail to save an outdated copyright system which is not adapted to the internet era.					
Diese dürfen nicht durch Einzelinteressen ökonomischer Großmächte im Netz außer Kraft gesetzt werden, weil diese ein veraltetes Copyright-System, das nicht <N1>fähig für das weltweite Netzwerk</N1> ist, mit Zähnen und Klauen verteidigen.	These should not be rendered ineffective by the individual interests of the large economic powers on the internet because they want to fight tooth and nail to save an outdated copyright system which is not adapted to the internet era.					
TRUE						
						
Ich, als jemand, der schon seit 20 Jahren kein Fleisch mehr isst, kann dazu nur sagen - und ich sehe, Frau Präsidentin, dass meine Redezeit abgelaufen ist - dass wir, um die Welt zu retten und den Hunger zu bekämpfen, <L1>vegetarisch</L1> essen sollten und kein Fleisch.	All I can say is - and I see my time is up, Madam President - as someone who gave up eating meat 20 years ago, if we want to save the world and prevent hunger, then we eat green, not red.	pflanzlich vegetarisch | pflanzlich vegetarisch fleischlos	translation would not make sense, since then there's a repetition			
Ich, als jemand, der schon seit 20 Jahren kein Fleisch mehr isst, kann dazu nur sagen - und ich sehe, Frau Präsidentin, dass meine Redezeit abgelaufen ist - dass wir, um die Welt zu retten und den Hunger zu bekämpfen, <N1>vegetarisch</N1> essen sollten und kein Fleisch.	All I can say is - and I see my time is up, Madam President - as someone who gave up eating meat 20 years ago, if we want to save the world and prevent hunger, then we eat green, not red.					
TRUE						
						
Sie kennen wahrscheinlich auch das neue Google-Buchprojekt, das ja nun seit einigen Monaten in aller Munde ist. Mit dem Buchprojekt will Google Bücher aus Bibliotheken <L1>abscannen</L1> und ins Internet einstellen, so dass den Lesern schnell und einfach möglichst viele Werke über das Netz zugänglich gemacht werden.	The aim of the project is to scan in books from libraries and make them available over the internet, so that readers have quick and easy access to a large number of works on the web.					
Sie kennen wahrscheinlich auch das neue Google-Buchprojekt, das ja nun seit einigen Monaten in aller Munde ist. Mit dem Buchprojekt will Google Bücher aus Bibliotheken <N1>abfotografieren</N1> und ins Internet einstellen, so dass den Lesern schnell und einfach möglichst viele Werke über das Netz zugänglich gemacht werden.	The aim of the project is to scan in books from libraries and make them available over the internet, so that readers have quick and easy access to a large number of works on the web.					
TRUE						
						
35 Prozent der <L1>Start-up-Unternehmen</L1> in der EU wurden von Personen gegründet, die arbeitslos waren.	Thirty-five per cent of start-up companies in the EU have been started by people who have been unemployed.	Start-up Start-up-Firma Start-up-Unternehmen junges Unternehmen				
35 Prozent der <N1>neu gegründeten Unternehmen</N1> in der EU wurden von Personen gegründet, die arbeitslos waren.	Thirty-five per cent of start-up companies in the EU have been started by people who have been unemployed.					
TRUE						
						
Falls diese Richtlinie <L1>all-inclusive</L1> ist und einen vollständigen Schutz bietet, bedeutet dies eine großartige Gelegenheit für die Reisebranche, den Markt der über 60-Jährigen in der Europäischen Union zu erschließen, was für diese von großem Vorteil wäre.	If this directive is all-inclusive and offers full protection, it is a great opportunity for the industry to tap into the over-60s in this European Union, which would be of great benefit to them.					
Falls diese Richtlinie <N1>alles einschließt</N1> ist und einen vollständigen Schutz bietet, bedeutet dies eine großartige Gelegenheit für die Reisebranche, den Markt der über 60-Jährigen in der Europäischen Union zu erschließen, was für diese von großem Vorteil wäre.	If this directive is all-inclusive and offers full protection, it is a great opportunity for the industry to tap into the over-60s in this European Union, which would be of great benefit to them.					
TRUE						
						
Europa ist ein Kontinent, der sehr viele Küsten und sehr große Häfen hat, und diese Häfen müssen untereinander verbunden werden - da ist Mobilität das A und O. Aber wir dürfen nicht nur <L1>just-in-time</L1> denken, sondern wir müssen natürlich auch kostengünstig, umweltverträglich und umweltfreundlich arbeiten.	Europe is a continent that has very many coastlines and very large ports and these ports need to be linked together - in this regard, mobility is essential. However, we must not simply take a 'just-in-time' approach.					
Europa ist ein Kontinent, der sehr viele Küsten und sehr große Häfen hat, und diese Häfen müssen untereinander verbunden werden - da ist Mobilität das A und O. Aber wir dürfen nicht nur <N1>im Augenblick</N1> denken, sondern wir müssen natürlich auch kostengünstig, umweltverträglich und umweltfreundlich arbeiten.	Europe is a continent that has very many coastlines and very large ports and these ports need to be linked together - in this regard, mobility is essential. However, we must not simply take a 'just-in-time' approach.					
TRUE						
						
Die aktuellen Regeln bestimmen, dass die Hilfsmittel innerhalb von zwei Jahren ab Erhalt der Hilfe verwendet werden müssen oder sonst zu <L1>retournieren</L1> sind.	The current rules stipulate that aid must be used within two years of it being obtained, or else it has to be returned.	zurücksenden remittieren retour senden retournieren zurückschicken | ausgleichen abgelten herausgeben erstatten retournieren bezahlen begleichen zurückgeben zurückzahlen rückvergüten				
Die aktuellen Regeln bestimmen, dass die Hilfsmittel innerhalb von zwei Jahren ab Erhalt der Hilfe verwendet werden müssen oder sonst <N1>zurückzusenden</N1> sind.	The current rules stipulate that aid must be used within two years of it being obtained, or else it has to be returned.					
TRUE						
						
Ich schicke gerne ein Foto per <L1>PDF</L1> oder per Mail.	I will be happy to send them a photo by PDF or e-mail.	Portable Document Format PDF	not possible to translate			
Ich schicke gerne ein Foto per <N1>PDF</N1> oder per Mail.	I will be happy to send them a photo by PDF or e-mail.					
TRUE						
						
Das heißt, dass ein Rollstuhlfahrer sich sozusagen von seinem Wagen oder von den Menschen, die ihn hinbringen, zum Schiff <L1>beamen</L1> muss, wo er dann wieder Rechte hat, denn im Hafen selbst wird nichts geregelt.	This means that a person in a wheelchair will have, as it were, to beam himself on board ship from his car or from the car belonging to the people who have brought him to the port. Once he is on the ship, he will have rights again, but the port itself is not governed by the regulation.					
Das heißt, dass ein Rollstuhlfahrer sich sozusagen von seinem Wagen oder von den Menschen, die ihn hinbringen, zum Schiff <N1>zaubern</N1> muss, wo er dann wieder Rechte hat, denn im Hafen selbst wird nichts geregelt.	This means that a person in a wheelchair will have, as it were, to beam himself on board ship from his car or from the car belonging to the people who have brought him to the port. Once he is on the ship, he will have rights again, but the port itself is not governed by the regulation.					
TRUE						
						
Dies hat Ausgleichkosten in Höhe von 2 Mrd. <L1>CAD</L1> verursacht.	It has cost CAD 2 billion in replacement costs.	rechnerunterstützte Konstruktion Computer Aided Design CAD computerunterstütztes Entwerfen und Konstruieren				
Dies hat Ausgleichkosten in Höhe von 2 Mrd. <N1>kanadische Dollar</N1> verursacht.	It has cost CAD 2 billion in replacement costs.					
TRUE						
						
Das bedeutet jedoch nicht, dass sie <L1>arbiträr</L1> handelt, denn es gibt Regeln, Grenzen und Kriterien, eine Vorgehensweise mit Garantien und in jedem Fall eine gerichtliche Kontrolle.	However, discretion does not mean acting arbitrarily, because there are rules, limits and criteria, there is a procedure with guarantees and, in any case, there is judicial control.	beliebig wahlfrei willkürlich arbiträr ad libitum wie es einem gerade passt nach Lust und Laune frei nach Schnauze nach Belieben frei wählbar nach Gusto nach Ermessen				
Das bedeutet jedoch nicht, dass sie <N1>willkürlich</N1> handelt, denn es gibt Regeln, Grenzen und Kriterien, eine Vorgehensweise mit Garantien und in jedem Fall eine gerichtliche Kontrolle.	However, discretion does not mean acting arbitrarily, because there are rules, limits and criteria, there is a procedure with guarantees and, in any case, there is judicial control.					
TRUE						
						
Das Arbeitsleben von Frauen und deren berufliche Laufbahn werden oftmals durch das Klischee behindert, dass Frauen schwächer und weniger <L1>stressresistent</L1> sind und jederzeit schwanger werden können und sich infolgedessen öfter krankschreiben oder anderweitig beurlauben lassen als Männer.	Women's working lives and their career paths are often hampered by the stereotype of women as weaker, less resistant to stress and likely to become pregnant at any moment, and who, as a result, might take sick leave and other kinds of leave more often than men.					
Das Arbeitsleben von Frauen und deren berufliche Laufbahn werden oftmals durch das Klischee behindert, dass Frauen schwächer und weniger <N1>widerstandsfähig</N1> sind und jederzeit schwanger werden können und sich infolgedessen öfter krankschreiben oder anderweitig beurlauben lassen als Männer.	Women's working lives and their career paths are often hampered by the stereotype of women as weaker, less resistant to stress and likely to become pregnant at any moment, and who, as a result, might take sick leave and other kinds of leave more often than men.					
TRUE						
						
Heute denken dieselben Haushalte darüber nach, ihre <L1>LCD-Fernseher</L1> durch LCD-Fernseher mit <L2>LED</L2> zu ersetzen.	Today, those same households are thinking about changing their LCD televisions for LCD-LED ones.	LED Lumineszenzdiode Leuchtdiode	not loanword			
Heute denken dieselben Haushalte darüber nach, ihre <N1>LCD-Fernseher</N1> durch LCD-Fernseher mit <N2>LED</N2> zu ersetzen.	Today, those same households are thinking about changing their LCD televisions for LCD-LED ones.					
TRUE						
						
Die <L1>PISA-Studie</L1> der OECD ist ein wichtiger Beitrag zu diesem Austausch.	The OECD's PISA survey is an important resource for these exchanges.					
Die <N1>PISA-Erhebung</N1> der OECD ist ein wichtiger Beitrag zu diesem Austausch.	The OECD's PISA survey is an important resource for these exchanges.					
TRUE						
						
Um es einmal <L1>pointiert</L1> zu formulieren: In gewisser Weise tun uns die Chinesen einen Gefallen, indem sie uns mit der Nase darauf stoßen, dass wir uns von dieser derzeitigen Abhängigkeit befreien müssen.	To put it more bluntly, in some ways, the Chinese are doing us a favour by making it entirely obvious to us that we need to escape from our current position of dependency.	zugespitzt auf den Punkt gebracht pointiert				
Um es einmal <N1>zugespitzt</N1> zu formulieren: In gewisser Weise tun uns die Chinesen einen Gefallen, indem sie uns mit der Nase darauf stoßen, dass wir uns von dieser derzeitigen Abhängigkeit befreien müssen.	To put it more bluntly, in some ways, the Chinese are doing us a favour by making it entirely obvious to us that we need to escape from our current position of dependency.					
TRUE						
						
Einzelhändler sollten Verbraucher informieren und ihre Zustimmung einholen, auch in Fällen, in denen ein Betrag auf ihrer Kredit- oder <L1>EC-Karte</L1> blockiert wird.	Retailers should inform consumers and obtain their consent, including in any circumstance where an amount is stopped on their credit or debit card.	Bankkarte Sparkassenkarte Girocard Plastikgeld EC-Karte ec-Karte ec-Card Scheckkarte Bankomatkarte Debitkarte	not loanword			
Einzelhändler sollten Verbraucher informieren und ihre Zustimmung einholen, auch in Fällen, in denen ein Betrag auf ihrer Kredit- oder <N1>EC-Karte</N1> blockiert wird.	Retailers should inform consumers and obtain their consent, including in any circumstance where an amount is stopped on their credit or debit card.					
TRUE						
						
Zwar ist dies in der Europäischen Union seit 2005 verboten, doch herrscht bezüglich der <L1>Made-in</L1> Angaben eindeutig zu wenig Klarheit über das Ursprungsland.	In fact, they have been prohibited in the European Union since 2005, but we can see that there is too little clarity about the country of manufacture when it comes to made-in labels.					
Zwar ist dies in der Europäischen Union seit 2005 verboten, doch herrscht bezüglich der <N1>Hergestellt-in</N1> Angaben eindeutig zu wenig Klarheit über das Ursprungsland.	In fact, they have been prohibited in the European Union since 2005, but we can see that there is too little clarity about the country of manufacture when it comes to made-in labels.					
TRUE						
						
(DA) Herr Präsident, während der Aussprache wurde viel über Herrn Hökmarks Bericht über unser Programm für die Funkfrequenzpolitik gesagt - etwas, das zugegebenermaßen nicht sehr <L1>glamourös</L1> klingt.	(DA) Mr President, during the debate, a great deal was said about Mr Hökmark's report on our radio spectrum policy programme - something that does not sound very glamorous, I have to admit.					
(DA) Herr Präsident, während der Aussprache wurde viel über Herrn Hökmarks Bericht über unser Programm für die Funkfrequenzpolitik gesagt - etwas, das zugegebenermaßen nicht sehr <N1>edel</N1> klingt.	(DA) Mr President, during the debate, a great deal was said about Mr Hökmark's report on our radio spectrum policy programme - something that does not sound very glamorous, I have to admit.					
TRUE						
						
Ich bedauere es, dass die Registrierung nicht Pflicht ist, aber, wie ein Sprichwort sagt: Chi va <L1>piano</L1> va sano .	I regret that registration is not mandatory, but as the saying goes: 'Chi va piano va sano'.	ruhig still leise geräuschgedämpft gedämpft schallgedämpft geräuschreduziert stille geräuscharm abgeschirmt piano tonlos | Klimperkasten Pianoforte Pianino Klavier Piano Fortepiano	doesnt make sense to replace			
Ich bedauere es, dass die Registrierung nicht Pflicht ist, aber, wie ein Sprichwort sagt: Chi va <N1>piano</N1> va sano .	I regret that registration is not mandatory, but as the saying goes: 'Chi va piano va sano'.					
TRUE						
						
Ich lehne beispielsweise ganz entschieden die Meinung ab, dass einige Agenturen nur <L1>PR-Arbeit</L1> leisten und sehr oberflächlich arbeiten.	For example, I very strongly reject the notion that some of these agencies just do PR and work of a very superficial nature.	PR-Arbeit Öffentlichkeitsarbeit Public Relations PR Pressearbeit				
Ich lehne beispielsweise ganz entschieden die Meinung ab, dass einige Agenturen nur <N1>Außenwirkungsarbeit</N1> leisten und sehr oberflächlich arbeiten.	For example, I very strongly reject the notion that some of these agencies just do PR and work of a very superficial nature.					
TRUE						
						
Denn nur dadurch ist auch eine höhere Mobilität junger Menschen zu erreichen, die dazu dienen soll, neue Kulturen und Gesellschaften kennenzulernen, um eventuell auch außerhalb des Heimatlandes <L1>reüssieren</L1> zu können.	This is also the only way that greater mobility of our young people can be achieved, something which is also intended to help them become acquainted with new cultures and societies so that they also have the option of making a success of themselves beyond their home country in years to come.	erfolgreich sein reüssieren Lorbeeren ernten Erfolg haben				
Denn nur dadurch ist auch eine höhere Mobilität junger Menschen zu erreichen, die dazu dienen soll, neue Kulturen und Gesellschaften kennenzulernen, um eventuell auch außerhalb des Heimatlandes <N1>Erfolg</N1> haben zu können.	This is also the only way that greater mobility of our young people can be achieved, something which is also intended to help them become acquainted with new cultures and societies so that they also have the option of making a success of themselves beyond their home country in years to come.					
TRUE						
						
Das Bein, auf dem die Haushaltspolitik ruht, ist <L1>muskulös</L1> und vielgliedrig, während das der Entwicklungspolitik, das für Schwung und langdauernde Schubkraft sorgen sollte, dürr und schwächlich erscheint.	The leg that controls fiscal policy is muscular and articulated, while the one that controls development policy, which should provide impetus and long-term drive, appears spindly and lacking in strength.	muskelbepackt muskulös				
Das Bein, auf dem die Haushaltspolitik ruht, ist <N1>kräftig</N1> und vielgliedrig, während das der Entwicklungspolitik, das für Schwung und langdauernde Schubkraft sorgen sollte, dürr und schwächlich erscheint.	The leg that controls fiscal policy is muscular and articulated, while the one that controls development policy, which should provide impetus and long-term drive, appears spindly and lacking in strength.					
TRUE						
						
Sehr verehrte Frau Präsidentin, Herr Kommissar Flynn! In Unternehmen und Betrieben in Europa existieren Vorschriften über den Umgang mit explosiven Atmosphären oft überhaupt nicht, oder sind bestenfalls <L1>rudimentär</L1> vorhanden.	Madam President, Mr Flynn, in businesses and factories in Europe there are often no instructions at all about how to handle explosive atmospheres, or at best they exist only in rudimentary form.	unvollkommen inkomplett unvollständig verkümmert im Ansatz nicht ausgebildet rudimentär defektiv				
Sehr verehrte Frau Präsidentin, Herr Kommissar Flynn! In Unternehmen und Betrieben in Europa existieren Vorschriften über den Umgang mit explosiven Atmosphären oft überhaupt nicht, oder sind bestenfalls <N1>in nur äußerst geringem Ausmaß</N1> vorhanden.	Madam President, Mr Flynn, in businesses and factories in Europe there are often no instructions at all about how to handle explosive atmospheres, or at best they exist only in rudimentary form.					
TRUE						
						
Es wurde zu Recht gesagt, die Institutionen seien verschlossen, <L1>elitär</L1> und für den Bürger unzugänglich.	People have rightly said that the institutions are closed, elitist and impenetrable to the citizens.	abgehoben ohne Bodenhaftung elitär (im) Elfenbeinturm				
Es wurde zu Recht gesagt, die Institutionen seien verschlossen, <N1>dünkelhaft</N1> und für den Bürger unzugänglich.	People have rightly said that the institutions are closed, elitist and impenetrable to the citizens.					
TRUE						
						
Außerdem soll es neue Begriffe für die Geschmacksangaben bei Schaumwein geben, nämlich <L1>brut</L1> nature oder ohne Dosage .	There are also to be new terms for indicating the taste of sparkling wine, namely 'brut nature' or 'no dosage' .	Bagage Mischpoke Sippschaft Gesindel Pack Asis White trash Gelichter Asoziale Paselacken Lumpenpack Geschmeiß Mob Pöbel Plebs Kroppzeug Gschleaf niederes Volk Bodensatz Brut Kanaken Gschwerl Gesocks Abschaum | Nachkommen Nachkommenschaft Nachwuchs Brut lieben Kleinen Blagen nächste Generation Gezücht Bälger Kinder Wänster	does not make sense to replace			
Außerdem soll es neue Begriffe für die Geschmacksangaben bei Schaumwein geben, nämlich <N1>brut</N1> nature oder ohne Dosage .	There are also to be new terms for indicating the taste of sparkling wine, namely 'brut nature' or 'no dosage' .					
TRUE						
						
Insofern geht es nicht nur um die Notiz von Herrn Castille, sondern auch mir wurde damals von verschiedenen Seiten <L1>süffisant</L1> gesagt: Wenn das Ganze so gefährlich ist, dann reden wir am besten gar nicht darüber!	In this respect, it is not just a question of the note by Mr Castille - and I also heard the smug remark being made at the time in various quarters that if the whole thing was so dangerous, it was best to say nothing at all!	spöttisch selbstgefällig süffisant genüsslich				
Insofern geht es nicht nur um die Notiz von Herrn Castille, sondern auch mir wurde damals von verschiedenen Seiten <N1>selbstgefällig</N1> gesagt: Wenn das Ganze so gefährlich ist, dann reden wir am besten gar nicht darüber!	In this respect, it is not just a question of the note by Mr Castille - and I also heard the smug remark being made at the time in various quarters that if the whole thing was so dangerous, it was best to say nothing at all!					
TRUE						
						
Wir müssen auch sicherstellen, daß Technologien wie <L1>ISDN</L1> gleichen Zugang für alle bieten - im Vereinigten Königreich ist ein ISDN-Zugang sehr teuer.	Also, we need to ensure that technologies like ISDN have equal access - in the UK it is very expensive to get access to that.		does not make sense to replace			
Wir müssen auch sicherstellen, daß Technologien wie <N1>ISDN</N1> gleichen Zugang für alle bieten - im Vereinigten Königreich ist ein ISDN-Zugang sehr teuer.	Also, we need to ensure that technologies like ISDN have equal access - in the UK it is very expensive to get access to that.					
TRUE						
						
Herr Präsident, die Rückkehr von Saddam Husseins Streitkräften nach Irakisch Kurdistan nach all dem, was er jahrelang getan hat, um kurdische Dörfer zu zerstören und das kurdische Volk zu unterdrücken, ist schrecklich; <L1>monströs</L1> ist allerdings, daß er von einer der größten kurdischen Parteien, der KDP, zur Rückkehr aufgefordert worden sein soll.	Mr President, the return of Saddam Hussein's forces to Iraqi Kurdistan after all he has done over the years to destroy Kurdish villages and oppress Kurdish people is appalling, but it is monstrous that he should have been invited back by one of the main Kurdish parties, the KDP.	aus der Form geraten massiv monströs ungestalt unförmig monströs dick tonnenförmig | formidabel aberwitzig enorm immens gewaltig mächtig riesig astronomisch unermesslich Mammut... riesenhaft Herkules... ungeheuer groß kolossal überdimensional monumental monströs Spitzen... gigantisch überdimensioniert immensurabel riesengroß von ungeheurer Größe titanisch ungeheuer				
Herr Präsident, die Rückkehr von Saddam Husseins Streitkräften nach Irakisch Kurdistan nach all dem, was er jahrelang getan hat, um kurdische Dörfer zu zerstören und das kurdische Volk zu unterdrücken, ist schrecklich; <N1>ungeheuerlich</N1> ist allerdings, daß er von einer der größten kurdischen Parteien, der KDP, zur Rückkehr aufgefordert worden sein soll.	Mr President, the return of Saddam Hussein's forces to Iraqi Kurdistan after all he has done over the years to destroy Kurdish villages and oppress Kurdish people is appalling, but it is monstrous that he should have been invited back by one of the main Kurdish parties, the KDP.					
TRUE						
						
Ein solche Ausbildung besteht in meinem Wahlkreis mit dem Kurs Small Business <L1>MBA</L1> an der Bolton Business School, den ich in diesem Sommer einrichtete.	Such training can be found in the Small Business MBA course at Bolton Business School in my constituency which I launched this summer.	MBA Master Of Business Administration	does not make sense to replace			
Ein solche Ausbildung besteht in meinem Wahlkreis mit dem Kurs Small Business <N1>MBA</N1> an der Bolton Business School, den ich in diesem Sommer einrichtete.	Such training can be found in the Small Business MBA course at Bolton Business School in my constituency which I launched this summer.					
TRUE						
						
Ich denke, er sieht erstaunlich <L1>adrett</L1> aus, und mit Freude stelle ich fest, daß die Sozialisten sich am Kleidungsstil der Konservativen orientieren.	I think he is looking remarkably smart and it is a pleasure to see the Socialists following the Conservative style of dress.	tipptopp proper adrett ordentlich angezogen korrekt angezogen in sauberer Kleidung | hübsch gepflegt ordentlich adrett				
Ich denke, er sieht erstaunlich <N1>ordentlich</N1> aus, und mit Freude stelle ich fest, daß die Sozialisten sich am Kleidungsstil der Konservativen orientieren.	I think he is looking remarkably smart and it is a pleasure to see the Socialists following the Conservative style of dress.					
TRUE						
						
Es gibt eine ganze Serie derartiger Vorfälle in der Türkei, und die Verurteilung fällt immer sehr <L1>matt</L1> aus.	We have a series of these sort of incidents and very little condemnation within Turkey.	schlaff kraftlos kaputt platt down daneben schlapp matt lasch alle saft- und kraftlos duhne lurig fix und foxi ausgelutscht ohne Saft und Kraft groggy geschafft ausgepowert nüntig abgeschlafft | kontrastarm matt dumpf stumpf glanzlos | matt gedeckt | matt trüb fahl | schwach matt unaufdringlich verhalten unauffällig				
Es gibt eine ganze Serie derartiger Vorfälle in der Türkei, und die Verurteilung fällt immer sehr <N1>zurückhaltend</N1> aus.	We have a series of these sort of incidents and very little condemnation within Turkey.					
TRUE						
						
Wir unterstützen den Vorschlag, daß Kindersendungen nicht durch Werbung und Teleshopping unterbrochen werden dürfen. Wir unterstützen ferner den Vorschlag, daß man keine Werbung für rezeptpflichtige Medikamente senden darf oder daß Pharmahersteller keine Fernsehprogramme über ihre Produkte <L1>sponsern</L1> dürfen.	We go along with the recommendation that children's broadcasts should not be interrupted by advertisements and teleshopping, and with the recommendation that one should not broadcast advertisements for prescribed medicines, or that pharmaceutical manufacturers should not be allowed to sponsor TV programs with their products.	bezuschussen sponsern subventionieren (finanziell) unterstützen (finanziell) stärken (finanziell) stützen (finanziell) fördern				
Wir unterstützen den Vorschlag, daß Kindersendungen nicht durch Werbung und Teleshopping unterbrochen werden dürfen. Wir unterstützen ferner den Vorschlag, daß man keine Werbung für rezeptpflichtige Medikamente senden darf oder daß Pharmahersteller keine Fernsehprogramme über ihre Produkte <N1>bezuschussen</N1> dürfen.	We go along with the recommendation that children's broadcasts should not be interrupted by advertisements and teleshopping, and with the recommendation that one should not broadcast advertisements for prescribed medicines, or that pharmaceutical manufacturers should not be allowed to sponsor TV programs with their products.					
TRUE						
						
Oder halten Sie es vielleicht für nicht sehr elegant, auf eine Ideologie zu schimpfen, die von den gleichen historischen Prozessen desavouiert wurde, die nach den Utopien des wissenschaftlichen Marxismus die ganze Welt <L1>uniformieren</L1> und kollektivieren sollten?	Or perhaps you think it undignified to attack an ideology which has been discredited by those same historical processes which, according to the utopian scientific theories of Marxism, should have standardized and collectivized the whole world?					
Oder halten Sie es vielleicht für nicht sehr elegant, auf eine Ideologie zu schimpfen, die von den gleichen historischen Prozessen desavouiert wurde, die nach den Utopien des wissenschaftlichen Marxismus die ganze Welt <N1>gleich machen</N1> und kollektivieren sollten?	Or perhaps you think it undignified to attack an ideology which has been discredited by those same historical processes which, according to the utopian scientific theories of Marxism, should have standardized and collectivized the whole world?					
TRUE						
						
Ich möchte lieber stolz auf ein gutes Ergebnis der Niederlande sein als mich wegen schlechter Ergebnisse <L1>genieren</L1> zu müssen; vor einem solchen Hintergrund möchte ich vor allem der rotgefärbten Regierung mehr Geschlossenheit wünschen und ich wünsche Minister Van Mierlo, an dessen europäischer Gesinnung ich keine einzige Minute zweifele, viel Erfolg und sehr viel Kraft.	I would much prefer to be proud of good results than ashamed of bad ones, and for this reason I wish the cabinet greater unity and Mr van Mierlo - of whose European-mindedness I am completely confident - every success and a good deal of strength.					
Ich möchte lieber stolz auf ein gutes Ergebnis der Niederlande sein als mich wegen schlechter Ergebnisse <N1>schämen</N1> zu müssen; vor einem solchen Hintergrund möchte ich vor allem der rotgefärbten Regierung mehr Geschlossenheit wünschen und ich wünsche Minister Van Mierlo, an dessen europäischer Gesinnung ich keine einzige Minute zweifele, viel Erfolg und sehr viel Kraft.	I would much prefer to be proud of good results than ashamed of bad ones, and for this reason I wish the cabinet greater unity and Mr van Mierlo - of whose European-mindedness I am completely confident - every success and a good deal of strength.					
TRUE						
						
Auch erfreut sich die Fraktion der Europäischen Volkspartei über die Tatsache, daß die Begriffe <L1>leasen</L1> und <L2>subleasen</L2> expliziter erklärt werden dementsprechend auch verstärkt unterbunden werden können.	The Group of the European People's Party also welcomes the fact that the terms 'leasing' and 'subleasing' are explained in more explicit terms, so that more can be done to prevent them.	mieten leasen anmieten pachten	added 1 loanword			
Auch erfreut sich die Fraktion der Europäischen Volkspartei über die Tatsache, daß die Begriffe <N1>mieten</N1> und <N2>untermieten</N2> expliziter erklärt werden dementsprechend auch verstärkt unterbunden werden können.	The Group of the European People's Party also welcomes the fact that the terms 'leasing' and 'subleasing' are explained in more explicit terms, so that more can be done to prevent them.					
TRUE						
						
Eine erfolgreiche Lösung im Falle der Davignon-Gruppe würde auch den Vorschlag für die Gesellschaftssatzung <L1>deblockieren</L1> und den Binnenmarkt beträchtlich ankurbeln.	A successful conclusion to the Davignon Group would also unlock the company statute proposal and be a considerable boost to the internal market.					
Eine erfolgreiche Lösung im Falle der Davignon-Gruppe würde auch den Vorschlag für die Gesellschaftssatzung <N1>freigeben</N1> und den Binnenmarkt beträchtlich ankurbeln.	A successful conclusion to the Davignon Group would also unlock the company statute proposal and be a considerable boost to the internal market.					
TRUE						
						
Die armenische Wirtschaft verzeichnete für zwei aufeinanderfolgende Jahre ein Wachstum. Auch in Asserbaidschan hat sich die rückläufige Entwicklung des Jahres 1996 umgekehrt, und eine noch schnellere Entwicklung steht zu erwarten, wenn die Produktion der <L1>offshore</L1> -Ölfelder im Kaspischen Meer in diesem Jahr in Gang kommt.	The results achieved up to now are as follows: economic growth in Georgia is estimated to have reached more than 10 % last year; the Armenian economy has grown for the second year in succession; and even in Azerbaijan, the poor performance recorded in 1996 has been reversed, and more rapid development is expected once production from the offshore oilfields in the Caspian Sea comes on line later this year.	offshore vor der Küste				
Die armenische Wirtschaft verzeichnete für zwei aufeinanderfolgende Jahre ein Wachstum. Auch in Asserbaidschan hat sich die rückläufige Entwicklung des Jahres 1996 umgekehrt, und eine noch schnellere Entwicklung steht zu erwarten, wenn die Produktion der <N1>vor der Küste gelegenen</N1> -Ölfelder im Kaspischen Meer in diesem Jahr in Gang kommt.	The results achieved up to now are as follows: economic growth in Georgia is estimated to have reached more than 10 % last year; the Armenian economy has grown for the second year in succession; and even in Azerbaijan, the poor performance recorded in 1996 has been reversed, and more rapid development is expected once production from the offshore oilfields in the Caspian Sea comes on line later this year.					
TRUE						
						
Wie der Herr Kommissar weiß, könnte ein falsch eingesetzter Stabilitätspakt überaus <L1>deflationär</L1> sein, das Wachstum senken und die Arbeitslosigkeit steigern.	As the Commissioner knows, wrongly used the Stability Pact could be highly deflationary, reduce growth and add to unemployment.					
Wie der Herr Kommissar weiß, könnte ein falsch eingesetzter Stabilitätspakt überaus <N1>preisdrückend</N1> sein, das Wachstum senken und die Arbeitslosigkeit steigern.	As the Commissioner knows, wrongly used the Stability Pact could be highly deflationary, reduce growth and add to unemployment.					
TRUE						
						
Es fehlt der Passus, der im Englischen lautet: in particular the implementation of the <L1>proper</L1> land use policy .	The words 'in particular the implementation of the proper land use policy' which appear in the English version are missing from the Finnish version.	tipptopp proper adrett ordentlich angezogen korrekt angezogen in sauberer Kleidung | rein picobello wie geleckt sauber hygienisch tipptopp blitzsauber spiegelblank makellos sauber da könnte man vom Fußboden essen proper fleckenlos sauber strahlend sauber vor Sauberkeit strahlen blitzeblank pieksauber porentief rein auf Hochglanz poliert blitzesauber es blitzt und blinkt blitzblank	does not make sense to replace			
Es fehlt der Passus, der im Englischen lautet: in particular the implementation of the <N1>proper</N1> land use policy .	The words 'in particular the implementation of the proper land use policy' which appear in the English version are missing from the Finnish version.					
TRUE						
						
Sie setzen <L1>CD-Rom</L1> nicht nur für Spiele ein und machen ihre Entdeckungen auch in der virtuellen Realität.	You use CD-Rom not just for games and also make discoveries in virtual reality.	Compact Disc CD Disc Silberscheibe Silberling Album CD-ROM	does not make sense to replace			
Sie setzen <N1>CD-Rom</N1> nicht nur für Spiele ein und machen ihre Entdeckungen auch in der virtuellen Realität.	You use CD-Rom not just for games and also make discoveries in virtual reality.					
TRUE						
						
Wissenschaftler, die nicht nur auf dem Gebiet der Tiermedizin kompetent sind, sondern vor allem Wissenschaftler aus der Humanmedizin sowie auch Wissenschaftler, die bei der Krebsforschung bekannt und <L1>renommiert</L1> sind.	Scientists who are not only competent in veterinary science, but above all scientists from the field of human medicine and also scientists who are known and renowned for cancer research.	namhaft anerkannt hat guten Namen geschätzt profiliert hat guten Ruf zu verteidigen bestbeleumdet hat guten Ruf zu verlieren renommiert hat guten Ruf Name hat einen guten Klang hat guten Leumund geachtet erfreut sich eines guten Rufes gut beleumundet steht in einem guten Ruf genießt guten Ruf gut beleumdet genießt(hohes) Ansehen (gut) angesehen | führend renommiert erste				
Wissenschaftler, die nicht nur auf dem Gebiet der Tiermedizin kompetent sind, sondern vor allem Wissenschaftler aus der Humanmedizin sowie auch Wissenschaftler, die bei der Krebsforschung bekannt und <N1>angesehen</N1> sind.	Scientists who are not only competent in veterinary science, but above all scientists from the field of human medicine and also scientists who are known and renowned for cancer research.					
TRUE						
						
Obwohl Zweifel an seiner Schuld bestehen, hat Gouverneur Allen sich geweigert, einen <L1>DNA-Test</L1> durchführen zu lassen.	Even though there are doubts regarding his guilt, Governor Allen is refusing to order DNA tests.					
Obwohl Zweifel an seiner Schuld bestehen, hat Gouverneur Allen sich geweigert, eine <N1>DNA-Probe</N1> durchführen zu lassen.	Even though there are doubts regarding his guilt, Governor Allen is refusing to order DNA tests.					
TRUE						
						
Der Rat hat in seiner ersten Lesung am 24.7. nach unserer gemeinsamen Konzertierungssitzung seine erste Lösung durchgeführt, und die Ratspräsidentschaft hat sich heute bemüht, ihr vermeintlich gutes Produkt auch gut zu verkaufen, wie dies ein guter <L1>PR-Manager</L1> tut.	The Council passed its first resolution at its first reading on 24 July following our coordination meeting, and the Council Presidency has today tried to sell us its allegedly good product, as any good PR man should.					
Der Rat hat in seiner ersten Lesung am 24.7. nach unserer gemeinsamen Konzertierungssitzung seine erste Lösung durchgeführt, und die Ratspräsidentschaft hat sich heute bemüht, ihr vermeintlich gutes Produkt auch gut zu verkaufen, wie dies ein guter <N1>Fachmann für öffentliche Außenwirkung</N1> tut.	The Council passed its first resolution at its first reading on 24 July following our coordination meeting, and the Council Presidency has today tried to sell us its allegedly good product, as any good PR man should.					
TRUE						
						
Ich bin eher der Meinung, man sollte sich einmal überlegen, ob brave new world nicht in jedem Fall besser ist als <L1>timid</L1> old world .	In my opinion we should reflect on whether a  brave new world' is not always better than a timid old one.					
Ich bin eher der Meinung, man sollte sich einmal überlegen, ob brave new world nicht in jedem Fall besser ist als <N1>ängstliche</N1> old world .	In my opinion we should reflect on whether a  brave new world' is not always better than a timid old one.					
TRUE						
						
Es ist klar, daß diese Angriffe zum großen Teil <L1>prätentiös</L1> sind.	It is clear that these attacks are largely pretexts.	prätentiös anmaßend hochnäsig eingebildet stolz selbstgefällig hochgestochen | dick aufgetragen protzig wichtigtuerisch großmundig nicht gerade schüchtern großkotzig großsprecherisch prätentiös angeberisch prahlerisch großschnauzig angeberhaft dünkelhaft großtuerisch großmäulig aufschneiderisch großspurig vollmundig				
Es ist klar, daß diese Angriffe zum großen Teil <N1>aufschneiderisch</N1> sind.	It is clear that these attacks are largely pretexts.					
TRUE						
						
Zum Beispiel ist jetzt die 5-Cent-Münze mit 21, 75 mm genauso groß wie die 20-Cent-Münze, was auch wieder ausgesprochen schwierig für Menschen ist, die <L1>gehandicapt</L1> sind.	For instance, the 5 cent coin, at 21.75 mm, is exactly the same size as the 20 cent coin, which makes things extremely difficult for people with disabilities.	gehandicapt behindert eingeschränkt gehandikapt				
Zum Beispiel ist jetzt die 5-Cent-Münze mit 21, 75 mm genauso groß wie die 20-Cent-Münze, was auch wieder ausgesprochen schwierig für Menschen ist, die <N1>eingeschränkt</N1> sind.	For instance, the 5 cent coin, at 21.75 mm, is exactly the same size as the 20 cent coin, which makes things extremely difficult for people with disabilities.					
TRUE						
						
Hätten Sie, Frau Präsidentin, einen Kollegen, der einen anderen Kollegen so <L1>vulgär</L1> und indirekt verletzt hat, rechtzeitig und nachdrücklich zur Ordnung gerufen, wäre der Vorfall wahrscheinlich nicht passiert.	If you, Mr President, had intervened duly and heavily in reprimanding a colleague who so grossly and directly offended another MEP, the incident would probably never have happened.	geschmacklos ordinär unanständig anstößig obszön bathisch vulgär unter der Gürtellinie				
Hätten Sie, Frau Präsidentin, einen Kollegen, der einen anderen Kollegen so <N1>unter der Gürtellinie</N1> und indirekt verletzt hat, rechtzeitig und nachdrücklich zur Ordnung gerufen, wäre der Vorfall wahrscheinlich nicht passiert.	If you, Mr President, had intervened duly and heavily in reprimanding a colleague who so grossly and directly offended another MEP, the incident would probably never have happened.					
TRUE						
						
Es ist ganz offensichtlich, daß die USA eine Doppelstrategie fahren: Sie <L1>protegieren</L1> die eigenen Unternehmen und die eigenen Interessen über ihre Gesetzgebung und fordern die Achtung der Regeln des Wettbewerbs und des freien Marktes nur von den anderen ein.	It is clear that the US is accepting and adopting for itself a double system: legislative protection for its own operations and interests, while at the same time demanding respect from others for the rules of competition and the free market.	unterstützen beistehen unter seine Fittiche nehmen fördern Lanze brechen jemandem die Steine aus dem Weg räumen behilflich sein begünstigen jemandem unter die Arme greifen jemandem den Weg ebnen jemandem den Rücken stärken jemandem hilfreich zur Seite stehen protegieren				
Es ist ganz offensichtlich, daß die USA eine Doppelstrategie fahren: Sie <N1>begünstigen</N1> die eigenen Unternehmen und die eigenen Interessen über ihre Gesetzgebung und fordern die Achtung der Regeln des Wettbewerbs und des freien Marktes nur von den anderen ein.	It is clear that the US is accepting and adopting for itself a double system: legislative protection for its own operations and interests, while at the same time demanding respect from others for the rules of competition and the free market.					
TRUE						
						
Da findet man Anweisungen zum Basteln von Bomben, wie man Türen aufsperren kann, obwohl man keine Schlüssel hat, wie man illegale Drogen herstellen kann, sonstige terroristische Tätigkeiten, wie man Kreditkarten fälschen kann, wie man sich unerlaubt in Computer <L1>einhacken</L1> kann usw., eine breite Palette.	You can find instructions on making your own bombs, unlocking doors without keys, producing illegal drugs, other terrorist activities, forging credit cards, hacking into computers without permission, and so on; a whole range of things.					
Da findet man Anweisungen zum Basteln von Bomben, wie man Türen aufsperren kann, obwohl man keine Schlüssel hat, wie man illegale Drogen herstellen kann, sonstige terroristische Tätigkeiten, wie man Kreditkarten fälschen kann, wie man unerlaubt in Computer <N1>einbrechen</N1> kann usw., eine breite Palette.	You can find instructions on making your own bombs, unlocking doors without keys, producing illegal drugs, other terrorist activities, forging credit cards, hacking into computers without permission, and so on; a whole range of things.					
TRUE						
						
Wir <L1>planieren</L1> nicht das Recht, sondern wir überwinden die Grenzen.	We are not weakening the law; we are merely removing boundaries.	flach machen abflachen einebnen ebnen verflachen begradigen planieren				
Wir <N1>verflachen</N1> nicht das Recht, sondern wir überwinden die Grenzen.	We are not weakening the law; we are merely removing boundaries.					
TRUE						
						
Wir <L1>lynchen</L1> die Mörder von Ruanda und Bosnien nicht - wir verurteilen sie!	We are not going to lynch the murderers in Bosnia - we are bringing them to trial!					
Wir <N1>quälen</N1> die Mörder von Ruanda und Bosnien nicht - wir verurteilen sie!	We are not going to lynch the murderers in Bosnia - we are bringing them to trial!					
TRUE						
						
Im Grunde ist es so, wenn wir nicht zu <L1>rocken</L1> beginnen, werden die Amerikaner über uns hinwegrollen.	Basically, if we do not start rocking the Americans are going to roll all over us.	bewerkstelligen schaukeln schaffen hinbekommen auf die Reihe bringen getan kriegen fertigkriegen hinkriegen geregelt bekommen zuwege bringen Herr werden meistern ins Lot bringen bewältigen geregelt kriegen wuppen auf die Kette kriegen auf die Reihe kriegen auf die Beine stellen schultern in den Griff bekommen auf die Reihe bekommen stemmen fertigbekommen rocken gebacken kriegen zustande bringen packen gebacken bekommen				
Im Grunde ist es so, wenn wir nicht <N1>durchstarten</N1>, werden die Amerikaner über uns hinwegrollen.	Basically, if we do not start rocking the Americans are going to roll all over us.					
TRUE						
						
Sollte man nicht analog zur bestehenden Rundfunkgesetzgebung eine Nutzungsgebühr beim Kauf von Komprimierungsinstrumenten wie <L1>MP3</L1> oder MP4 einführen?	Following the example of existing broadcasting legislation, should we not also introduce a user charge levied when compression tools such as MP3 or MP4 are sold?		not loanword			
Sollte man nicht analog zur bestehenden Rundfunkgesetzgebung eine Nutzungsgebühr beim Kauf von Komprimierungsinstrumenten wie <N1>MP3</N1> oder MP4 einführen?	Following the example of existing broadcasting legislation, should we not also introduce a user charge levied when compression tools such as MP3 or MP4 are sold?					
TRUE						
						
Um angesichts der in der letzten Zeit geführten Diskussionen eine klarere allgemeine und detailliertere Übersicht über die bisherigen Maßnahmen der Kommission auf dem Gebiet der Nuklearsicherheit zu geben, haben wir unlängst dem Energie-Ausschuß sowie einigen weiteren Ausschüssen des Europäischen Parlaments ein sogenanntes <L1>Aide-mémoire</L1> übermittelt, in dem wir die durchgeführten Aktionen sowie weitere Pläne für die nahe Zukunft nochmals ausführlich aufgelistet haben.	In the light of the discussions during the last part-session, and in order to give a clearer general and more detailed overview of what the Commission has done to date in the field of nuclear safety, we recently sent Parliament's Energy Committee and a number of other committees an 'aide-mémoire' setting out in detail the work already done and further plans for the immediate future.	Eintragung Aktennotiz Vermerk Aide-mémoire Intabulation Notiz Bemerkung Buchung				
Um angesichts der in der letzten Zeit geführten Diskussionen eine klarere allgemeine und detailliertere Übersicht über die bisherigen Maßnahmen der Kommission auf dem Gebiet der Nuklearsicherheit zu geben, haben wir unlängst dem Energie-Ausschuß sowie einigen weiteren Ausschüssen des Europäischen Parlaments eine sogenannte <N1>Gedächtnisstütze</N1> übermittelt, in dem wir die durchgeführten Aktionen sowie weitere Pläne für die nahe Zukunft nochmals ausführlich aufgelistet haben.	In the light of the discussions during the last part-session, and in order to give a clearer general and more detailed overview of what the Commission has done to date in the field of nuclear safety, we recently sent Parliament's Energy Committee and a number of other committees an 'aide-mémoire' setting out in detail the work already done and further plans for the immediate future.					
TRUE						
						
Wie König Sihanouk zu mir sagte: Mon peuple est toujours très <L1>malade</L1> .	As King Sihanouk told me, 'mon peuple est toujours très malade '.	kränklich krank erkrankt gesundheitlich angegriffen malade malad außer Gefecht leidend nicht gesund siech verletzt arbeitsunfähig	does not make sense to replace			
Wie König Sihanouk zu mir sagte: Mon peuple est toujours très <N1>malade</N1> .	As King Sihanouk told me, 'mon peuple est toujours très malade '.					
TRUE						
						
Und das alles haben wir ohne jeden Zweifel dem Talent, der Effizienz und der Intelligenz von Außenminister Fischer zu verdanken, der mich tief beeindruckt hat. Ich verspreche ihm, daß ich in meinem neuen Leben nach meiner Rückkehr nach Spanien <L1>joggen</L1> und Bananen essen werde.	This is all due, with no doubt whatsoever, to the talent, efficiency and intelligence of Mr Fischer, the Foreign Minister, with whom I have been very impressed, and I promise him that, in my new life, when I return to Spain, I will go jogging and eat bananas.					
Und das alles haben wir ohne jeden Zweifel dem Talent, der Effizienz und der Intelligenz von Außenminister Fischer zu verdanken, der mich tief beeindruckt hat. Ich verspreche ihm, daß ich in meinem neuen Leben nach meiner Rückkehr nach Spanien <N1>tüchtig laufen</N1> und Bananen essen werde.	This is all due, with no doubt whatsoever, to the talent, efficiency and intelligence of Mr Fischer, the Foreign Minister, with whom I have been very impressed, and I promise him that, in my new life, when I return to Spain, I will go jogging and eat bananas.					
TRUE						
						
Herr Präsident, Kollegen, es überläuft mich heiß und kalt, weil am Ende des Haushaltsjahres 1999 - um ein spanisches Sprichwort zu <L1>kolportieren</L1> - nicht einmal die Berichterstatterin ihren eigenen Haushalt erkennen wird .	Mr President, ladies and gentlemen, this terrifies me, because at the end of the financial year of the 1999 budget - to refer to a Spanish proverb -  not even the rapporteur is going to recognise her own budget  .	kolportieren Gerüchte verbreiten Gerüchte in Umlauf setzen | hausieren kolportieren				
Herr Präsident, Kollegen, es überläuft mich heiß und kalt, weil am Ende des Haushaltsjahres 1999 - um ein spanisches Sprichwort zu <N1>nehmen</N1> - nicht einmal die Berichterstatterin ihren eigenen Haushalt erkennen wird .	Mr President, ladies and gentlemen, this terrifies me, because at the end of the financial year of the 1999 budget - to refer to a Spanish proverb -  not even the rapporteur is going to recognise her own budget  .					
TRUE						
						
Das sind auf Erwerb gerichtete Tätigkeiten, und unter diesem Aspekt betrachtet, glaube ich, daß die Kommission zumindest versuchen könnte, etwas regelnd einzugreifen, insbesondere im Hinblick auf die Arbeitsbedingungen, denn wie der Kollege Cohn-Bendit sehr richtig bemerkt hat, <L1>dopen</L1> sich die Sportler nur, weil es die Wettkämpfe erforderlich machen.	These are profit-making activities and, seen from this perspective, the Commission could therefore at least try to regulate the sector and its working conditions to a certain extent. As Mr Cohn-Bendit very rightly said, if sportspeople take drugs, it is because the competitions require this.		had to rearrange a bit			
Das sind auf Erwerb gerichtete Tätigkeiten, und unter diesem Aspekt betrachtet, glaube ich, daß die Kommission zumindest versuchen könnte, etwas regelnd einzugreifen, insbesondere im Hinblick auf die Arbeitsbedingungen, denn wie der Kollege Cohn-Bendit sehr richtig bemerkt hat, <N1>werden unerlaubte Leistungssteigerungsmittel</N1> von Sportlern nur benutzt, weil es die Wettkämpfe erforderlich machen.	These are profit-making activities and, seen from this perspective, the Commission could therefore at least try to regulate the sector and its working conditions to a certain extent. As Mr Cohn-Bendit very rightly said, if sportspeople take drugs, it is because the competitions require this.					
TRUE						
						
Tadschikistan wurde jahrhundertelang <L1>kolonial</L1> ausgeplündert. Es wurde 80 Jahre lang vom Sowjet-Kommunismus brutal unterdrückt.	For centuries, Tajikistan was subjected to colonial exploitation and for eighty years it was brutally suppressed by Soviet Communism.		not possible to replace			
Tadschikistan wurde jahrhundertelang <N1>kolonial</N1> ausgeplündert. Es wurde 80 Jahre lang vom Sowjet-Kommunismus brutal unterdrückt.	For centuries, Tajikistan was subjected to colonial exploitation and for eighty years it was brutally suppressed by Soviet Communism.					
TRUE						
					