					
					
Und so wurde mir auch heute wieder eine Seite gezeigt, und ich bin tief berührt von dem was ich sehe und auch fühle. Es ist ganz klar diese schöne Inspiration, die ich in vielen der Kommentare und auch Interaktionen fand, und einige Menschen <L1>posten</L1> Blogs und Videos und so.	And so today again I'm shown a page and I'm deeply touched by what I see and I feel also, it was clear that beautiful inspiration, that I found in many of the comments and the interactions also, and some of the people are posting blogs and videos and so.	Position Stelle Job Stellung Posten Amt Arbeit Beschäftigungsverhältnis Arbeitsverhältnis Arbeitsstelle Anstellung Stätte seines Wirkens Arbeitsplatz | Schwung Partie Posten Lieferung Los Charge Lot Konvolut | in einForum schreiben posten | Rang Stelle Stellung Posten Amt Charge Dienstgrad | Aufsicht Wache Posten Patrouille Wachmannschaft Wachposten Wachdienst Wacht Security Service Wachtposten Sicherheitsdienst			
Und so wurde mir auch heute wieder eine Seite gezeigt, und ich bin tief berührt von dem was ich sehe und auch fühle. Es ist ganz klar diese schöne Inspiration, die ich in vielen der Kommentare und auch Interaktionen fand, und einige Menschen <N1>veröffentlichen</N1> Blogs und Videos und so.	And so today again I'm shown a page and I'm deeply touched by what I see and I feel also, it was clear that beautiful inspiration, that I found in many of the comments and the interactions also, and some of the people are posting blogs and videos and so.				
TRUE					
					
Die Welt von morgen wird <L1>komplett</L1> integriert sein. Sie werden kein Pilot sein,	This world that you're going to be talking about tomorrow is going to be completely integrated.	komplett perfekt gültig valide rechtskräftig | komplett ausgebucht nichts mehr frei voll belegt | generell vollständig gesamt komplett in Gänze in Bausch und Bogen pauschal durchweg hundertprozentig durchwegs einstimmig durchgängig alle, wie sie da sind samt und sonders ausnahmslos restlos alle miteinander alle, wie sie da waren ohne Ausnahme vollzählig durch die Bank in jeder Richtung praktisch alle | der Länge nach total vollumfänglich von A bis Z auf ganzer Linie vollständig gesamt heillos völlig komplett voll und ganz ganz in Gänze exhaustiv			
Die Welt von morgen wird <N1>vollständig</N1> integriert sein. Sie werden kein Pilot sein,	This world that you're going to be talking about tomorrow is going to be completely integrated.				
TRUE					
					
Oberhaupt der <L1>NASA</L1> beziehen. Als wir zusammen im Kongress vorsprachen brachte er seine Vision über die Zukunft dieser Art Fluggeräts vor.	I'd prefer to quote someone else, who testified with me before Congress, and in his position as head of NASA put forward this particular vision of the future of this type of aircraft.	National Aeronautics and Space Administration Nationale Luft- und Raumfahrtbehörde NASA US-Raumfahrtbehörde			
Oberhaupt der <N1></N1> beziehen. Als wir zusammen im Kongress vorsprachen brachte er seine Vision über die Zukunft dieser Art Fluggeräts vor.	I'd prefer to quote someone else, who testified with me before Congress, and in his position as head of NASA put forward this particular vision of the future of this type of aircraft.		not a loanword, more just an abbreviation that we could replace with the German complete name		
FALSE					
					
Er nutzt <L1>GPS</L1> -- damit sind Sie ja in ihrem Auto vertraut, Sie wissen vielleicht nicht, dass es ein GPS für die USA gibt, eines für Russland, und ein neues GPS System für Europa, namens Galileo.	It makes use of the GPS -- you're familiar with GPS in your automobile, but you may not be familiar with the fact that there's a GPS U.S., there's a Russian GPS, and there's a new GPS system going to Europe, called Galileo.	GPS Globales Positionsbestimmungssystem			
Er nutzt <N1></N1> -- damit sind Sie ja in ihrem Auto vertraut, Sie wissen vielleicht nicht, dass es ein GPS für die USA gibt, eines für Russland, und ein neues GPS System für Europa, namens Galileo.	It makes use of the GPS -- you're familiar with GPS in your automobile, but you may not be familiar with the fact that there's a GPS U.S., there's a Russian GPS, and there's a new GPS system going to Europe, called Galileo.		abbreviation, not loanword		
FALSE					
					
Um von zu Hause aus <L1>starten</L1> zu können, müsste das sehr leise geschehen.	I mean to be able to take off from your home, you'd have to be extremely quiet.	anmachen starten anschmeißen anwerfen einschalten anknipsen aktivieren anschalten anstellen anlassen in Gang setzen in Betrieb setzen Startknopf drücken | starten abheben sich in die Lüfte erheben | starten losgehen anheben einsetzen anbrechen entbrennen losbrechen in Gang kommen beginnen anfangen | starten ins Leben rufen initiieren in Gang bringen ankurbeln entstehen lassen in Gang setzen ans Laufen bringen Initiator sein anleiern | starten initialisieren anschmeißen anwerfen hochfahren booten urladen | aufbrechen starten abmarschieren ausrücken Standort verlassen | starten anfahren in Betrieb nehmen hochfahren in Dienst stellen in Betrieb setzen | beginnen etwas antreten etwas anpacken herangehen an sich daranmachen zu durchstarten einleiten anfangen an etwas gehen in Angriff nehmen etwas angreifen einsteigen etwas aufnehmen Startschuss geben loslegen darangehen zu zur Tat schreiten angehen starten anschmeißen anwerfen initiieren etwas anleiern induzieren in Gang bringen entfachen etwas in Gang setzen anheben eröffnen einsteigen in aufnehmen			
Um von zu Hause aus <N1>beginnen</N1> zu können, müsste das sehr leise geschehen.	I mean to be able to take off from your home, you'd have to be extremely quiet.				
TRUE					
					
Weißt du, wenn du ein <L1>CEO</L1> wärst, du würdest die gleichen Entscheidungen treffen wie sie.	You know, if you were a CEO, you would be making the same choices they do.	CEO Vorsitzender des Vorstands Vorstandsvorsitzender erster Angestellter | CEO Geschäftsführer			
Weißt du, wenn du ein <N1></N1> wärst, du würdest die gleichen Entscheidungen treffen wie sie.	You know, if you were a CEO, you would be making the same choices they do.		abbreviation 		
FALSE					
					
Es wird Zeit, sich darauf vorzubereiten und etwas dazu beizusteuern und es <L1>passieren</L1> zu lassen.	It's time to get ready for it, and help contribute to it, and make it happen.	ertragen erleiden durchlaufen durchmachen mitmachen überstehen hinnehmen passieren durchhalten verleben erleben durchleben ausstehen zustoßen auf sich wirken lassen in Kauf nehmen einen Streifen mitmachen am eigenen Leib erfahren einstecken miterleben erfahren | durchgehen seihen durchseihen sieben passieren | passieren kommen zu sich ereignen vorfallen erfolgen sich tun sich zutragen sich begeben geschehen nicht ausbleiben ergehen sich abspielen | vorbeigehen passieren vorübergehen | passieren überschreiten übertreten			
Es wird Zeit, sich darauf vorzubereiten und etwas dazu beizusteuern und es <N1>geschehen</N1> zu lassen.	It's time to get ready for it, and help contribute to it, and make it happen.				
TRUE					
					
Aber mich bestürzte die Tatsache, dass Amerika, ein Land mit so einer angeschlagenen Bürgerrechtsgeschichte, seine Fehler so <L1>ungeniert</L1> wiederholen konnte.	But I was struck by the fact that America, a country with such a tarnished civil rights record, could be repeating its mistakes so blatantly.	unbekümmert vorlaut zwanglos ungezwungen schamlos frech kess keck vorwitzig ungeniert schmerzfrei locker-flockig locker vom Hocker ohne falsche Scham | schlankweg spontan einfach so umstandslos ohne viel Federlesens bedenkenlos ohne langes Überlegen ohne Umschweife ungeniert ohne weiteres ohne Weiteres a limine mir nichts dir nichts kurzentschlossen ohne viel Aufhebens kurz entschlossen ohne lange zu fackeln ohne Wenn und Aber brevi manu ohne Zögern vom Fleck weg unbesehen ohne lange zu überlegen kurzerhand ohne zu fragen ohne zu zögern kurzweg ohneweiters kurz und schmerzlos | schamlos ohne Bedenken ungeniert ohne Hemmungen | ungeziert ungeniert | unverdrossen fröhlich ungeniert einfach weiter lustig munter einfach nicht aufhören zu			
Aber mich bestürzte die Tatsache, dass Amerika, ein Land mit so einer angeschlagenen Bürgerrechtsgeschichte, seine Fehler so <N1>ohne Scham</N1> wiederholen konnte.	But I was struck by the fact that America, a country with such a tarnished civil rights record, could be repeating its mistakes so blatantly.				
TRUE					
					
Tatsächlich wissen wir, wie wir diese Aussage <L1>testen</L1> können.	We actually know how to test that statement.	versuchen verkosten abschmecken testen kosten degustieren probieren schmecken | versuchen testen probieren es auf einen Versuch ankommen lassen sich wagen hineinschnuppern auf einen Versuch ankommen ausprobieren Test machen die Probe aufs Exempel machen erproben Versuch wagen es versuchen mit auf die Probe stellen sein Glück versuchen antesten sich herantrauen | überprüfen untersuchen inspizieren herausfinden ermitteln testen prüfen abtesten begutachten			
Tatsächlich wissen wir, wie wir diese Aussage <N1>überprüfen</N1> können.	We actually know how to test that statement.				
TRUE					
					
Wenn Sie irgendetwas über Anatomie wissen, die zerschneidet man besser nicht, genausowenig wie alles auf dem Weg nach oben. Dann - ich hatte die Hände noch oben - zog er die Klinge raus, zielte auf meinen Nacken, und stieß sie mir bis zum Heft ins Genick. Es gelang mir, mit rechts eine Gerade zu <L1>platzieren</L1> und schlug den mittleren Typen K.O.	If you know anything about anatomy, that's not a good thing to get cut, and everything, of course, on the way up, and then — I still had my hands up — he pulled it out and went for my neck, and sunk it in up to the hilt in my neck, and I got one straight right punch and knocked the middle guy out.	platzieren unterbringen einschleusen | stellen anbringen platzieren | abstellen ausrichten ablegen hinstellen platzieren zurechtrücken positionieren			
Wenn Sie irgendetwas über Anatomie wissen, die zerschneidet man besser nicht, genausowenig wie alles auf dem Weg nach oben. Dann - ich hatte die Hände noch oben - zog er die Klinge raus, zielte auf meinen Nacken, und stieß sie mir bis zum Heft ins Genick. Es gelang mir, mit rechts eine Gerade zu <N1>unterbringen</N1> und schlug den mittleren Typen K.O.	If you know anything about anatomy, that's not a good thing to get cut, and everything, of course, on the way up, and then — I still had my hands up — he pulled it out and went for my neck, and sunk it in up to the hilt in my neck, and I got one straight right punch and knocked the middle guy out.		cannot just replace the word, would need to remove "zu" before and say "unterzubringen"		
TRUE					
					
Es ist ein <L1>politisch</L1> korrekter Zoo, aber es ist ein schlechter Zoo.	It's a very politically correct zoo, but it's a bad zoo.				
Es ist ein <N1>politisch</N1> korrekter Zoo, aber es ist ein schlechter Zoo.	It's a very politically correct zoo, but it's a bad zoo.				
TRUE					
					
Meist mögen Menschen, die Unsinn mögen, auch abstrakte Kunst, sind eher <L1>liberal</L1> als <L2>konservativ</L2>, diese Richtung.	In general, people who enjoy more nonsense, enjoy more abstract art, they tend to be liberal, less conservative, that type of stuff.	libertär freiheitlich liberalistisch liberal freisinnig | vorurteilsfrei liberal vorurteilslos			
Meist mögen Menschen, die Unsinn mögen, auch abstrakte Kunst, sind eher <N1>liberal</N1> als <N2>konservativ</N2>, diese Richtung.	In general, people who enjoy more nonsense, enjoy more abstract art, they tend to be liberal, less conservative, that type of stuff.				
TRUE					
					
Mit <L1>pink</L1> und blau, wissen Sie.	You know, with the pinks and blues.	rosig rosafarben pink pastellrot schweinchenrosa blassrot mattrot fleischfarben rosé rosarot babyrosa rosa zartrot			
Mit <N1>rosa</N1> und blau, wissen Sie.	You know, with the pinks and blues.		rosa is also a loanword		
TRUE					
					
Und wenn es erscheint, werden zu gleichen Zeit eine Reihe von Wiki-Seiten unter dem Label WISER <L1>online</L1> gehen.	The book is called  Blessed Unrest.  And when it comes out, a series of wiki sites under the label WlSER, are going to launch at the same time.	verbunden zugreifbar angeschlossen zugänglich erreichbar online ansprechbar			
Und wenn es erscheint, werden zu gleichen Zeit eine Reihe von Wiki-Seiten unter dem Label WISER <N1>online</N1> gehen.	The book is called  Blessed Unrest.  And when it comes out, a series of wiki sites under the label WlSER, are going to launch at the same time.				
TRUE					
					
WISER soll das dokumentieren, <L1>verlinken</L1> und bestärken, was Paul die größte und am schnellsten wachsende Bewegung in der Geschichte der Menschheit nennt. Die kollektive Immunreaktion der Menschheit auf die Bedrohungen von heute.	WlSER sets out to document, link and empower what Paul calls the largest movement, and fastest-growing movement in human history: humanity's collective immune response to today's threats.	mit etwas assoziiert werden mit einer Sache in Verbindung gebracht werden verlinken			
WISER soll das dokumentieren, <N1>verknüpfen</N1> und bestärken, was Paul die größte und am schnellsten wachsende Bewegung in der Geschichte der Menschheit nennt. Die kollektive Immunreaktion der Menschheit auf die Bedrohungen von heute.	WlSER sets out to document, link and empower what Paul calls the largest movement, and fastest-growing movement in human history: humanity's collective immune response to today's threats.				
TRUE					
					
Wieder organisierten internationale NGOs unter der Schirmherrschaft der <L1>UNO</L1> massive Hilfslieferungen, und Tausende Leben wurden gerettet.	Again, international NGOs, united under the umbrella of the U.N., staged a massive relief operation and thousands of lives were saved.	UN Vereinte Nationen Staatengemeinschaft UNO			
Wieder organisierten internationale NGOs unter der Schirmherrschaft der <N1></N1> massive Hilfslieferungen, und Tausende Leben wurden gerettet.	Again, international NGOs, united under the umbrella of the U.N., staged a massive relief operation and thousands of lives were saved.		abbreviation		
FALSE					
					
Das Bild erinnerte mich an eine Höhlenmalerei und spiegelte wider, wie <L1>primitiv</L1> wir noch in vielerlei Hinsicht sind.	The image reminded me of a cave painting, and echoed how primitive we still are in so many ways.	grobschlächtig roh primitiv kulturlos banausisch prollig | Raumbezugsgrundform Grundobjekt grafisches Primitiv grafische Grundform Primitiv | schlecht Billig... platt seicht fadenscheinig flach derb primitiv ohne Anspruch unambitioniert ohne Niveau ohne Ambition nicht besonders einfallsreich nicht ambitioniert wie in einem schlechten Film niveaulos | einfach unkompliziert leicht ohne Probleme reibungslos störungsfrei wie ein Glöckerl klaglos anstandslos wie am Schnürchen unaufwändig wie geschmiert problemlos mühelos umstandslos ohne Schwierigkeiten simpel unproblematisch geschenkt primitiv			
Das Bild erinnerte mich an eine Höhlenmalerei und spiegelte wider, wie <N1>ursprünglich</N1> wir noch in vielerlei Hinsicht sind.	The image reminded me of a cave painting, and echoed how primitive we still are in so many ways.				
TRUE					
					
Für die Schweiz als Teil des Schengen-Raums aber nicht der EU heißt dass, das Nicht-Schweizer jederzeit <L1>einchecken</L1> können, aber nie bleiben.	For Switzerland being part of Schengen but not part of the European Union means that non-swiss can check in any time they like, but they can never stay.	sich anmelden einchecken			
Für die Schweiz als Teil des Schengen-Raums aber nicht der EU heißt dass, das Nicht-Schweizer jederzeit <N1></N1> können, aber nie bleiben.	For Switzerland being part of Schengen but not part of the European Union means that non-swiss can check in any time they like, but they can never stay.		sentence does not make sense and is grammatically incorrect		
FALSE					
					
Es ist <L1>enorm</L1> wichtig für mich, weil unsere Kinder wachsen, im Raum zwischen uns.	It is enormously important to me because our children grow in the space between us.	formidabel aberwitzig enorm immens gewaltig mächtig riesig astronomisch unermesslich Mammut... riesenhaft Herkules... ungeheuer groß kolossal überdimensional monumental monströs Spitzen... gigantisch überdimensioniert immensurabel riesengroß von ungeheurer Größe titanisch ungeheuer | üppig bombastisch unglaublich fulminant imposant außerordentlich weit enorm bedeutend erheblich groß extrem pompös immens gewaltig exorbitant mächtig krass riesig weithin weitläufig makro | besonders außerordentlich außergewöhnlich stark ausgesprochen zutiefst höchlichst ungemein massiv sehr himmelweit in höchstem Maße äußerst enorm überaus sonderlich allerbest hochgradig | deutlich weit sehr enorm wesentlich erheblich immens ausgeprägt tierisch ziemlich arg viel ausnehmend ordentlich was eine gehörige Portion jede Menge ein gerüttelt Maß haushoch beträchtlich allerhand			
Es ist <N1>sehr</N1> wichtig für mich, weil unsere Kinder wachsen, im Raum zwischen uns.	It is enormously important to me because our children grow in the space between us.				
TRUE					
					
Erinnern Sie sich, ich sagte, wenn unsere TEDxTokyo-Gesellschaft die Weltbevölkerung <L1>repräsentieren</L1> würde, hätten 24 von uns eine ernste psychische Störung.	Remember I said that if our TEDxTokyo community represented the world population, 24 of us would have serious mental illness?	zeigen repräsentieren wiedergeben bildlich darstellen darstellen abbilden zur Darstellung bringen | widerspiegeln zurückwerfen repräsentieren spiegeln wiedergeben reflektieren | repräsentieren stehen für verkörpern symbolisieren versinnbildlichen der Inbegriff sein			
Erinnern Sie sich, ich sagte, wenn unsere TEDxTokyo-Gesellschaft die Weltbevölkerung <N1>vertreten</N1> würde, hätten 24 von uns eine ernste psychische Störung.	Remember I said that if our TEDxTokyo community represented the world population, 24 of us would have serious mental illness?				
TRUE					
					
Diese Gefühle <L1>resultieren</L1> aus der Stigmatisierung psychischer Erkrankungen und dieses Stigma ist das einzige und größte Hindernis, um die Leben von Millionen Menschen auf der Welt zu verbessern.	And those feelings are a product of the stigma of mental illness and it is this stigma that is the single greatest obstacle to improving the lives of millions of people with mental disorder around the globe.	sich ergeben herkommen abstammen entspringen stammen resultieren | sich herausbilden sich entwickeln sich einstellen sich ergeben hervorgehen folgen sich herauskristallisieren Form annehmen resultieren sich herleiten basieren Ergebnis sein | resultieren führen zu zur Folge haben münden			
Diese Gefühle <N1>ergeben sich</N1> aus der Stigmatisierung psychischer Erkrankungen und dieses Stigma ist das einzige und größte Hindernis, um die Leben von Millionen Menschen auf der Welt zu verbessern.	And those feelings are a product of the stigma of mental illness and it is this stigma that is the single greatest obstacle to improving the lives of millions of people with mental disorder around the globe.				
TRUE					
					
Ich versuche einfach nur <L1>fit</L1> zu sein.	Actually, I try to stay just fit.	gut in Form fit gesund auf dem Damm bei guter Gesundheit wohlbehalten wohlauf gesund und munter in Form bei Kräften | sicher firm fit sattelfest routiniert versiert | tauglich qualifiziert im Stande fähig firm fit			
Ich versuche einfach nur <N1>in Form</N1> zu sein.	Actually, I try to stay just fit.				
TRUE					
					
Und man kann sich sehr <L1>präzise</L1> anpassen.	And you can adapt really precisely.	genau gewissenhaft akkurat korrekt prägnant fehlerfrei exakt richtig präzise präzis haargenau | spezifisch gezielt präzise präzis			
Und man kann sich sehr <N1>genau</N1> anpassen.	And you can adapt really precisely.				
TRUE					
					
Für diese - <L1>wow</L1> Schönheit - die Ästhetik des Hauses, wow Juwelen - Ästhetik von sich selbst, wow Söhne - der Mangel an Ästhetik der Kinder,	Towards these things - wow Beauty - Aesthetics of the house, wow jewels - Aesthetics of yourself, wow sons - the lack of aesthetics of the children,				
Für diese - <N1></N1> Schönheit - die Ästhetik des Hauses, wow Juwelen - Ästhetik von sich selbst, wow Söhne - der Mangel an Ästhetik der Kinder,	Towards these things - wow Beauty - Aesthetics of the house, wow jewels - Aesthetics of yourself, wow sons - the lack of aesthetics of the children,		strange sentence		
FALSE					
					
In diesem Monat in deine Hände lege ich Ihnen im Laufe der Zeit die Fähigkeit zu <L1>kontrollieren</L1> erhöhen die kurze Zeit, es liegt in Ihren Händen	This month is for you I leave you with control over time, the ability to increase the time, to shorten it, it is in your hands	führen leiten kontrollieren sagen, wo es langgeht was zu sagen haben Kontrolle behalten Chef von't Janze sein die Richtschnur vorgeben Kontrolle haben führend sein das Heft in der Hand halten die erste Geige spielen lenken das Sagen haben dominieren den Ton angeben Takt vorgeben das Heft in der Hand haben vorangehen | untersuchen kontrollieren abchecken nachprüfen abklären prüfen | führen leiten kontrollieren regieren dirigieren manövrieren lenken Weichen stellen steuern | kontrollieren jemandem auf die Finger schauen jemandem über die Schulter schauen | überprüfen kontrollieren prüfen revidieren | beaufsichtigen überwachen aufpassen im Visier haben nachhalten beobachten checken kontrollieren im Visier behalten im Blick haben im Sichtfeld haben | in den Griff bekommen kontrollieren in Schach halten unter Kontrolle haben im Griff haben Kontrolle gewinnen über			
In diesem Monat in deine Hände lege ich Ihnen im Laufe der Zeit die Fähigkeit zu <N1>überprüfen</N1> erhöhen die kurze Zeit, es liegt in Ihren Händen	This month is for you I leave you with control over time, the ability to increase the time, to shorten it, it is in your hands				
TRUE					
					
Und Frauen von heute sind wirklich erstaunlich, die Weisheit, um die Abschlussprüfung zu Mittwoch die Stützen Zeitverschwendung, <L1>genial</L1> Mann neben dir aussehen fühlt sich wie eine Rosine wie nichts	And women of today really are amazing your smart, your mature you have a fourth degree you have an income what a waste of time You look amazing a man next to you feels like a raisin, like a nothing	genial brillant glänzend wunderbar wundervoll splendid herrlich prächtig dass es eine ein Gedicht Ich kann mein Glück noch gar nicht fassen wahre Wonne famos | genial ingeniös | genial geil brillant glänzend absolut super exzellent beispiellos von außerordentlicher Qualität atemraubend magnifik wunderbar begnadet einzigartig affengeil sagenhaft unglaublich absoluter Wahnsinn hinreißend unübertroffen fetzt berückend überragend saugeil fulminant absolut irre erstklassig top süperb überwältigend ohne Beispiel atemberaubend phantastisch phänomenal ganz großes Kino urst zum Sterben schön unvergleichlich vom Feinsten wumbaba unübertrefflich fantastisch bestens hervorragend nicht zu toppen nicht zu fassen du kriegst die Motten allererste Sahne herausragend umwerfend hammergeil zum Niederknien toll traumhaft himmelsgleich rockt grandios megacool ganz große Klasse himmlisch wundervoll großartig super superb klasse fabelhaft ausgezeichnet stark sauber cool tipptopp prima leiwand knorke dufte doll zum Reinlegen töfte astrein phatt hasenrein 1A tofte der Hit erste Sahne leinwand spitze nicht schlecht bombig			
Und Frauen von heute sind wirklich erstaunlich, die Weisheit, um die Abschlussprüfung zu Mittwoch die Stützen Zeitverschwendung, <N1></N1> Mann neben dir aussehen fühlt sich wie eine Rosine wie nichts	And women of today really are amazing your smart, your mature you have a fourth degree you have an income what a waste of time You look amazing a man next to you feels like a raisin, like a nothing		strange sentence		
FALSE					
					
Heute erzähle ich euch, wie wir von der Erde zum Mars gekommen sind und warum das so <L1>cool</L1> ist.	Today I'm going to tell you about how we got from Earth to Mars and why it's so cool.	genial geil brillant glänzend absolut super exzellent beispiellos von außerordentlicher Qualität atemraubend magnifik wunderbar begnadet einzigartig affengeil sagenhaft unglaublich absoluter Wahnsinn hinreißend unübertroffen fetzt berückend überragend saugeil fulminant absolut irre erstklassig top süperb überwältigend ohne Beispiel atemberaubend phantastisch phänomenal ganz großes Kino urst zum Sterben schön unvergleichlich vom Feinsten wumbaba unübertrefflich fantastisch bestens hervorragend nicht zu toppen nicht zu fassen du kriegst die Motten allererste Sahne herausragend umwerfend hammergeil zum Niederknien toll traumhaft himmelsgleich rockt grandios megacool ganz große Klasse himmlisch wundervoll großartig super superb klasse fabelhaft ausgezeichnet stark sauber cool tipptopp prima leiwand knorke dufte doll zum Reinlegen töfte astrein phatt hasenrein 1A tofte der Hit erste Sahne leinwand spitze nicht schlecht bombig | cool abgeklärt in sich ruhen drüber stehen erhaben sein kann nichts erschüttern über den Dingen stehen nicht leicht zu beeindrucken | gefühllos hartgesotten gefühlskalt cool abgebrüht kaltschnäuzig verroht eiskalt gemütsarm gefühlsarm | bombastisch fulminant phantastisch phänomenal fantastisch großartig stark abgefahren cool krass ultrakrass | locker unerschütterlich detachiert ruhig lässig cool kühl gelassen seelenruhig nonchalant ungerührt ohne mit der Wimper zu zucken gleichmütig gezügelt nervenstark gefasst stoisch kaltblütig nicht aus der Ruhe zu bringen souverän unaufgeregt | geil fesch schmuck elegant flott schnittig schnatz cool frech schmissig modisch schnieke todschick chic todchic kleidsam schick			
Heute erzähle ich euch, wie wir von der Erde zum Mars gekommen sind und warum das so <N1>ausserordentlich</N1> ist.	Today I'm going to tell you about how we got from Earth to Mars and why it's so cool.				
TRUE					
					
Das liegt nicht daran, dass sie es gemacht und versucht haben und sagten Igitt! , sondern weil man, ohne seinen Stuhl zu verlassen, den Geschmack <L1>simulieren</L1> und Igitt sagen kann ohne es zu machen.	It's because, without leaving your armchair, you can simulate that flavor and say  yuck  before you make it.	vortäuschen Show abziehen sich ein ... Mäntelchen umhängen sich verstellen simulieren so tun als ob sich stellen so tun als sei man vorgeben machen auf etwas heucheln so tun als wäre man markieren sich geben schauspielern nur so tun			
Das liegt nicht daran, dass sie es gemacht und versucht haben und sagten Igitt! , sondern weil man, ohne seinen Stuhl zu verlassen, den Geschmack <N1>vortäuschen</N1> und Igitt sagen kann ohne es zu machen.	It's because, without leaving your armchair, you can simulate that flavor and say  yuck  before you make it.				
TRUE					
					
Ich bin auf andere irgendwie merkwürdige Beziehungen gestoßen, zwischen Poller, die man unterschiedlich interpretieren kann, aber - solche Dinge <L1>amüsieren</L1> mich.	I've come across some other just, kind of, curious relationships of bollards on the street that have different interpretations, but -- these things amuse me.	amüsieren belustigen erfreuen aufheitern aufmuntern erheitern beschwingen | bespaßen unterhalten amüsieren belustigen			
Ich bin auf andere irgendwie merkwürdige Beziehungen gestoßen, zwischen Poller, die man unterschiedlich interpretieren kann, aber - solche Dinge <N1>belustigen</N1> mich.	I've come across some other just, kind of, curious relationships of bollards on the street that have different interpretations, but -- these things amuse me.				
TRUE					
					
Mindestens 30 andere Teile, die selektiv Bedeutung erstellen, <L1>kreieren</L1> mehr Bedeutung durch Aha -Erlebnisse.	As many as 30 other parts that selectively make more sense, create more meaning through the kind of  Ah-ha  experiences.	realisieren entwerfen schaffen entwickeln gestalten anfertigen schöpfen formen hervorbringen erstellen erzeugen kreieren produzieren erschaffen			
Mindestens 30 andere Teile, die selektiv Bedeutung erstellen, <N1>erschaffen</N1> mehr Bedeutung durch Aha -Erlebnisse.	As many as 30 other parts that selectively make more sense, create more meaning through the kind of  Ah-ha  experiences.				
TRUE					
					
Es ist sehr alt, <L1>evolutionär</L1> gesehen.	It's very old, evolutionarily.				
Es ist sehr alt, <N1>evolutionär</N1> gesehen.	It's very old, evolutionarily.				
TRUE					
					
Nun, erneut, der schematische Aufbau ist, dass das Auge <L1>visuell</L1> abfragt, was wir ansehen.	Well, again, the schematic view is that the eye visually interrogates what we look at.	sichtbar visuell			
Nun, erneut, der schematische Aufbau ist, dass das Auge <N1>visuell</N1> abfragt, was wir ansehen.	Well, again, the schematic view is that the eye visually interrogates what we look at.				
TRUE					
					
Und dann drittens sie <L1>permanent</L1> zu machen.	And then thirdly, making them persistent.	permanent durchgehend rund um die Uhr Tag und Nacht 24/24 | ständig unablässig ununterbrochen dauernd ohne Unterbrechung pausenlos permanent beständig andauernd immerfort fortlaufend in einem durch durchgängig durchgehend unterbrechungsfrei die ganze Zeit die ganze Zeit hindurch in einem fort die ganze Zeit über fortgesetzt unverwandt immerzu | ständig dauernd pausenlos ewig permanent andauernd immerfort | ständig permanent ausdauernd hartnäckig dauerhaft nachhaltig langanhaltend beständig persistent			
Und dann drittens sie <N1>beständig</N1> zu machen.	And then thirdly, making them persistent.				
TRUE					
					
Es ist nicht weil es <L1>trivial</L1> ist.	It's not because it's trivial.	glaubhaft klar triftig schlüssig überzeugend sinnfällig plausibel einsichtig fassbar einleuchtend noetisch augenfällig evident intelligibel nachzuvollziehen eingängig fasslich erklärlich ersichtlich begreiflich verständlich verstehbar nachvollziehbar schlagend trivial selbstverständlich | trivial leicht simpel | nichtssagend billig leer witzlos wohlfeil beliebig geistlos trivial oberflächlich platt inhaltsleer seicht flau ohne Aussage abgedroschen banal abgeschmackt schal nichts sagend hohl | einfach trivial leicht simpel pille-palle nichts leichter als das jedes Kind kann das spielend einfach ich bin jahrelang ... gewesen supereinfach babyeinfach jeder Idiot kann das kinderleicht ganz leicht so einfach wie eins und eins ist zwei unschwer keine Kunst babyleicht ganz einfach nicht allzu viel dazu gehören zu | trivial einleuchtend auf der Hand liegend selbsterklärend keiner weiteren Erklärung bedürfen selbstdokumentierend unmittelbar einleuchtend unmittelbar verständlich selbst erklärend			
Es ist nicht weil es <N1>offensichtlich</N1> ist.	It's not because it's trivial.				
TRUE					
					
Das lässt den Ausdruck nicht <L1>singulär</L1> werden.	It doesn't make it undefined.	beispiellos einzigartig unvergleichlich individuell nicht vergleichbar alleinig einzig einzig und allein wie kein zweiter wie nichts sonst unnachahmlich sondergleichen gibt's nur einmal unverwechselbar unikal einmalig ohnegleichen nie gekannt der seinesgleichen sucht sui generis steht allein kommt nicht wieder wie kein anderer singulär			
Das lässt den Ausdruck nicht <N1>einzigartig</N1> werden.	It doesn't make it undefined.				
TRUE					
					
Wenn sie voneinader umgeben sind, bemerken sie das auch und können etwas <L1>nervös</L1> werden.	If they get surrounded, they notice that too, they might get a little flustered.	nervös nervlich | durcheinander ruhelos zappelig fickerig erregt wie ein aufgescheuchtes Huhn aufgeregt aufgedreht kirre unruhig schreckhaft rapplig aufgewühlt kribbelig nervös beunruhigt fieberhaft rappelig gereizt kabbelig wie angestochen aufgekratzt | aufgewühlt nervös zitterig gespannt angespannt nervlich angespannt die Nerven liegen bloß unter Spannung unter Anspannung unter Spannung aufgerührt in Anspannung in atemloser Spannung Nerven sind zum Zerreißen gespannt nervlich angespannt			
Wenn sie voneinader umgeben sind, bemerken sie das auch und können etwas <N1>aufgeregt</N1> werden.	If they get surrounded, they notice that too, they might get a little flustered.				
TRUE					
					
Dort sind Effekte, die man <L1>live</L1> verändern kann, wie z.B. Hall und Filter.	There are effects that you can control live, like reverb and filter.				
Dort sind Effekte, die man <N1>live</N1> verändern kann, wie z.B. Hall und Filter.	There are effects that you can control live, like reverb and filter.				
TRUE					
					
Ich unterstreiche sie <L1>orange</L1> 1 mal 2 - hier müssen wir vorsichtig sein 1 mal 2 ist 2	I'll underline it with the orange. One times two-- oh, we have to be very careful here. One times two is two.	orangen orangefarben orange pfirsichfarben | Apfelsine Orange			
Ich unterstreiche sie <N1>orange</N1> 1 mal 2 - hier müssen wir vorsichtig sein 1 mal 2 ist 2	I'll underline it with the orange. One times two-- oh, we have to be very careful here. One times two is two.				
TRUE					
					
Er ist Seung Jos Rivale, also müssen wir ihn gründlich <L1>abchecken</L1> und etwas planen.	He's Seung Jo's rival, so we need to analyze him real well and plan something.	checken austesten abchecken ausprobieren antesten herumexperimentieren | untersuchen kontrollieren abchecken nachprüfen abklären prüfen			
Er ist Seung Jos Rivale, also müssen wir ihn gründlich <N1>untersuchen</N1> und etwas planen.	He's Seung Jo's rival, so we need to analyze him real well and plan something.				
TRUE					
					
Euer Partner wird <L1>fair</L1> ausgesucht...	Your partner will be decided fairly...	fair ritterlich | okay vertretbar akzeptabel in Ordnung fair adäquat OK passabel | aufrichtig wahrhaft anständig treu geradeheraus ehrbar lauter fair unverstellt ehrlich treu und brav grundgut redlich kreuzbrav rechtschaffen patent aufrecht veritabel grundehrlich grundanständig | billig fair recht gerechtfertigt gerecht recht und billig | anständig sportlich fair			
Euer Partner wird <N1>gerecht</N1> ausgesucht...	Your partner will be decided fairly...				
TRUE					
					
Wir <L1>finanzieren</L1> Krebsstiftungen in 13 Ländern.	We fund prostate cancer foundations now in 13 countries.	bestreiten bezahlen finanzieren			
Wir <N1>finanzieren</N1> Krebsstiftungen in 13 Ländern.	We fund prostate cancer foundations now in 13 countries.				
TRUE					
					
Denn diese Idee, dass Gesundheit innerlich <L1>partikulär</L1> und <L2>individuell</L2> und medizinisch ist, ist weitgehendst ein Fehler.	Because this idea that health is internal and atomized and individual and pharmaceutical is largely an error.	beispiellos einzigartig unvergleichlich individuell nicht vergleichbar alleinig einzig einzig und allein wie kein zweiter wie nichts sonst unnachahmlich sondergleichen gibt's nur einmal unverwechselbar unikal einmalig ohnegleichen nie gekannt der seinesgleichen sucht sui generis steht allein kommt nicht wieder wie kein anderer singulär | unabhängig abgetrennt geteilt einzeln abgesondert getrennt individuell separat | individuell entsprechend den Wünschen hergerichtet maßgeschneidert zugeschnitten individualisiert angepasst | eigenwillig individuell eigensinnig			
Denn diese Idee, dass Gesundheit innerlich <N1>einzigartig</N1> und <N2>persönlich</N2> und medizinisch ist, ist weitgehendst ein Fehler.	Because this idea that health is internal and atomized and individual and pharmaceutical is largely an error.				
TRUE					
					
Und wir geben ihnen ein paar Sachen, um das zu tun, und ihnen zu helfen, wie Haustierausstattung, solange sie <L1>bloggen</L1> und emailen.	And we give them a couple of things to do that, to help them do companion animal devices while they're blogging and doing their email.				
Und wir geben ihnen ein paar Sachen, um das zu tun, und ihnen zu helfen, wie Haustierausstattung, solange sie <N1>bloggen</N1> und emailen.	And we give them a couple of things to do that, to help them do companion animal devices while they're blogging and doing their email.				
TRUE					
					
Gesunde Teilpopulationen von Vögeln, <L1>generell</L1> eine größere Artenvielfalt.	Healthy sub-populations of birds, increasing biodiversity generally.	umfassend generell global absolut allumfassend allgemein gültig universell allgemeingültig unbestimmt immersiv | generell vollständig gesamt komplett in Gänze in Bausch und Bogen pauschal durchweg hundertprozentig durchwegs einstimmig durchgängig alle, wie sie da sind samt und sonders ausnahmslos restlos alle miteinander alle, wie sie da waren ohne Ausnahme vollzählig durch die Bank in jeder Richtung praktisch alle | alles in allem insgesamt im Grundsatz weitgehend zusammenfassend grundsätzlich summa summarum in Summe in der Regel im Großen und Ganzen generell wenn man alles berücksichtigt im Allgemeinen in der Summe auf einen Nenner gebracht in der Gesamtheit im großen Ganzen | generell allgemein soweit			
Gesunde Teilpopulationen von Vögeln, <N1>allgemein</N1> eine größere Artenvielfalt.	Healthy sub-populations of birds, increasing biodiversity generally.				
TRUE					
					
Und dann können Sie den Fischen auch eine <L1>SMS</L1> schreiben.	And then you can also text the fish.	Short Message Kurznachricht SMS | SMS Dienst für Kurznachrichten			
Und dann können Sie den Fischen auch eine <N1>Kurznachricht</N1> schreiben.	And then you can also text the fish.				
TRUE					
					
Cursor über den <L1>USB</L1> Device und drücken Sie die [schreiben / ENTER] Taste	Cursor over to the  USB Device  and press the [WRlTE / ENTER] key	Universal Serial Bus USB			
Cursor über den <N1></N1> Device und drücken Sie die [schreiben / ENTER] Taste	Cursor over to the  USB Device  and press the [WRlTE / ENTER] key		abbreviation		
FALSE					
					
Logik wird immer häufiger an der Schnittstelle zwischen Mensch und Maschine benutzt, besonders in Logik fähigen Computer Systemen, in denen die Benutzer logische Sätze sehen und <L1>editieren</L1> können.	Logic is increasingly being used at the interface between Man and Machine, especially in logic-enabled computer systems, where the users can view and edit logical sentences.	umschreiben abändern editieren verändern modifizieren abwandeln ändern bearbeiten | editieren herausgeben verlegen veröffentlichen publizieren			
Logik wird immer häufiger an der Schnittstelle zwischen Mensch und Maschine benutzt, besonders in Logik fähigen Computer Systemen, in denen die Benutzer logische Sätze sehen und <N1>anpassen</N1> können.	Logic is increasingly being used at the interface between Man and Machine, especially in logic-enabled computer systems, where the users can view and edit logical sentences.				
TRUE					
					
Als Berater für euer <L1>Start-up</L1> würde ich euch in knapp 10 Minuten die folgenden Ratschläge geben.	But if I were a consultant for your startup, here's all the advice I would give in under 10 minutes.	Start-up Start-up-Firma Start-up-Unternehmen junges Unternehmen			
Als Berater für euer <N1>Jungunternehmen</N1> würde ich euch in knapp 10 Minuten die folgenden Ratschläge geben.	But if I were a consultant for your startup, here's all the advice I would give in under 10 minutes.				
TRUE					
					
Version mit oder ohne <L1>www</L1> sehen sollen. Dann leitet ihr Nutzer per 301-Weiterleitung von eurer nicht bevorzugten zu eurer bevorzugten Version weiter.	At which point your 301 redirect users from your non preferred to your preferred version.	Netz Internet WWW World Wide Web Web			
Version mit oder ohne <N1></N1> sehen sollen. Dann leitet ihr Nutzer per 301-Weiterleitung von eurer nicht bevorzugten zu eurer bevorzugten Version weiter.	At which point your 301 redirect users from your non preferred to your preferred version.		abbreviation		
FALSE					
					
Mit eurer <L1>URL</L1> können wir ein Crawling als Googlebot durchführen. Damit sieht man genau, ob wir richtig weitergeleitet wurden und welchen Inhalt wir genau herunterladen.	It's a great feature cause you give us a URL and then we'll perform a crawl as Googlebot, and you can see exactly whether we've been redirected appropriately and exactly what content we download.	Link Web-Adresse Internetadresse URL			
Mit eurer <N1>Internetadresse</N1> können wir ein Crawling als Googlebot durchführen. Damit sieht man genau, ob wir richtig weitergeleitet wurden und welchen Inhalt wir genau herunterladen.	It's a great feature cause you give us a URL and then we'll perform a crawl as Googlebot, and you can see exactly whether we've been redirected appropriately and exactly what content we download.				
TRUE					
					
Und für eine Weile ist dies, was ich den Weisen-losen Zustand oder das absolute Gewahrsein nenne, es scheint nicht <L1>attraktiv</L1> zu sein, denn es hat keine richtige Bezeichnung.	And for a while, this - what I'm referring to as the sageless state or the Absolute Awareness - it doesn't seem to be attractive because it doesn't really have a label.	hinreißend schön hold ansehnlich fesch entzückend eine Augenweide wahre Pracht gut aussehend reizend schmuck lieblich herrlich hübsch Wohltat fürs Auge hübsch anzusehen attraktiv allerliebst schön anzusehen wie gemalt liebreizend ein erfreulicher Anblick Blicke auf sich ziehen | attraktiv zugkräftig schlagkräftig von Interesse spannend packend faszinierend hochinteressant interessant fesselnd hochspannend Interesse weckend | hinreißend reizend attraktiv ansprechend verführerisch reizvoll betörend zum Anbeißen gefällig herzig liebenswert anmächelig zauberhaft anlockend anziehend bezaubernd bestrickend verlockend | scharf geil atemraubend atemberaubend reizend attraktiv Blicke auf sich ziehen aufreizend ansprechend Lust machen weiblichen Reize zur Geltung bringen lustvoll heiß wohlgestaltet lasziv aufregend Phantasien auslösen aphrodisierend mit heißen Kurven verführerisch Hormone ankurbelnd erregend erotisierend sinnlich rassig erotisch Männerherzen höher schlagen lassen stimulierend wohlgeformt lecker knackig knusprig reizvoll Hormone in Wallung bringen wohlproportioniert kurvig sexy betörend zum Anbeißen			
Und für eine Weile ist dies, was ich den Weisen-losen Zustand oder das absolute Gewahrsein nenne, es scheint nicht <N1>anziehend</N1> zu sein, denn es hat keine richtige Bezeichnung.	And for a while, this - what I'm referring to as the sageless state or the Absolute Awareness - it doesn't seem to be attractive because it doesn't really have a label.				
TRUE					
					
Wie entwirft man also Algorithmen, die eine Maschine so <L1>sportlich</L1> machen?	So how does one design the algorithms that create a machine athlete?	athletisch durchtrainiert sportlich trainiert fit wie ein Turnschuh sportiv (körperlich) fit nur aus Muskeln bestehend | anspruchsvoll ambitioniert sportlich ambitiös ehrgeizig | leger informell lässig salopp sportlich | anständig sportlich fair			
Wie entwirft man also Algorithmen, die eine Maschine so <N1></N1> machen?	So how does one design the algorithms that create a machine athlete?				
FALSE					
					
Damit kann ich diesen Quad so positionieren, dass er den Rest der Demonstration mit der montierten Kamera von oben <L1>filmen</L1> kann.	I will use this new capability to position this camera-carrying quad to the appropriate location for filming the remainder of this demonstration.	aufnehmen videographieren videografieren filmen abfilmen			
Damit kann ich diesen Quad so positionieren, dass er den Rest der Demonstration mit der montierten Kamera von oben <N1>aufnehmen</N1> kann.	I will use this new capability to position this camera-carrying quad to the appropriate location for filming the remainder of this demonstration.				
TRUE					
					
Das geschieht ständig, aber wir <L1>blockieren</L1> das, so dass wir nicht sehen können, nicht bewusst durch Gnade leben können.	You see? So you've started beautifully, continue like that and just watch it, watch it. You see?	Versperren Sperren Blockieren | blocken behindern abhalten sperren abblocken versperren verhindern abwehren blockieren obstruieren stoppen jemandem entgegentreten hemmen nicht mitspielen Steine in den Weg legen sich querstellen Weg versperren Knüppel zwischen die Beine werfen mauern hindern in den Weg stellen reingrätschen | versperren blockieren verstellen zustellen			
Das geschieht ständig, aber wir <N1>sperren</N1> das, so dass wir nicht sehen können, nicht bewusst durch Gnade leben können.	You see? So you've started beautifully, continue like that and just watch it, watch it. You see?				
TRUE					
					
Ich glaube, wir werden anfangen, zu <L1>rationieren</L1> und Dinge wiederzuverwenden. und nicht immer nur neue Quellen erschließen.	I think we will start to ration it and re-use things as opposed to just creating a new one.				
Ich glaube, wir werden anfangen, zu <N1>einteilen</N1> und Dinge wiederzuverwenden. und nicht immer nur neue Quellen erschließen.	I think we will start to ration it and re-use things as opposed to just creating a new one.		grammar needs to be adjusted		
TRUE					
					
Wir haben Dachdecker. Wir haben wir Leute, die das <L1>professionell</L1> machen.	We have roofers, we have people that do that professionally.	beruflich professionell | erfahren bewandert professionell beschlagen qualifiziert kompetent fachkundig kundig hat Ahnung kenntnisreich kennt sich aus sachverständig sachkundig | professionell fachgemäß fachgerecht fachmännisch Gelernt ist gelernt. vom Fach			
Wir haben Dachdecker. Wir haben wir Leute, die das <N1>fachmännisch</N1> machen.	We have roofers, we have people that do that professionally.				
TRUE					
					
Oh yeah, das Rauchen radioaktiven, wirklich, wirklich <L1>hot stuff</L1>.	Oh yeah, smoking radioactive, really, really hot stuff.				
Oh yeah, das Rauchen radioaktiven, wirklich, wirklich <N1>heisses Zeug</N1>.	Oh yeah, smoking radioactive, really, really hot stuff.				
TRUE					
					
Sie konnten nicht kompliziert <L1>solide</L1>	They couldn't use complicated solid fuel reactors.	ausgereift solide fundiert substantiiert gerechtfertigt untermauert begründet | stark stattlich stabil fest zäh tragfähig solide haltbar belastbar ehern robust taff resilient kräftig | zuverlässig solide vertrauenerweckend ordentlich verlässlich integer reliabel man kann darauf zählen währschaft | überlegt solide nicht nur so dahergesagt wohlüberlegt | stabil langlebig dauerhaft solide währschaft reell Da weiß man, was man hat. wertbeständig			
Sie konnten nicht kompliziert <N1></N1>	They couldn't use complicated solid fuel reactors.		does not make sense		
FALSE					
					
Anzahl ein, es kann nicht <L1>hacken</L1> die Temperatur, schon haben wir darüber gesprochen.	Number one, it can't hack the temperature, we already talked about that.	hacken zerhäckseln häckseln zerschnetzeln zerstückeln zerhacken schnetzeln zerkleinern | Absatz Stöckel Hacken | eingeben hacken tippen (auf einer Tastatur) schreiben | implementieren proggen programmieren entwickeln coden hacken			
Anzahl ein, es kann nicht <N1></N1> die Temperatur, schon haben wir darüber gesprochen.	Number one, it can't hack the temperature, we already talked about that.		does not make sense		
FALSE					
					
Er sagt: Du weißt, wie in Mini-Golf du hat der Vulkan, und der Vulkan ist bekam die Loch an der Spitze, und Sie haben zu <L1>putten</L1> bekam Ihre Kugel in einer Weise, dass es geht den ganzen Weg an der Seite des Vulkans, und phwep! fällt in das Loch.	He says,  You know how in mini golf you've got the volcano, and the volcano's got the hole at the very top, and you've got to putt your ball in a way that it goes all the way up the side of the volcano, and 'phwep!' falls in the hole.  He goes,  OK.		baaaad grammar		
Er sagt: Du weißt, wie in Mini-Golf du hat der Vulkan, und der Vulkan ist bekam die Loch an der Spitze, und Sie haben zu <N1></N1> bekam Ihre Kugel in einer Weise, dass es geht den ganzen Weg an der Seite des Vulkans, und phwep! fällt in das Loch.	He says,  You know how in mini golf you've got the volcano, and the volcano's got the hole at the very top, and you've got to putt your ball in a way that it goes all the way up the side of the volcano, and 'phwep!' falls in the hole.  He goes,  OK.				
FALSE					
					
Das Gitter sollten nicht Energie aus dem Kauf bei einige <L1>massiv</L1> verteuert.	The grid should not have to buy energy from you at some massively increased price.	scharf hitzig hart aggressiv massiv verbissen erbittert heftig vehement | Massengebirge Massiv Gipfelstock Gebirgsmassiv Gebirgsstock | besonders außerordentlich außergewöhnlich stark ausgesprochen zutiefst höchlichst ungemein massiv sehr himmelweit in höchstem Maße äußerst enorm überaus sonderlich allerbest hochgradig | aus der Form geraten massiv monströs ungestalt unförmig monströs dick tonnenförmig | massiv gedrungen zusammengedrängt kompakt stabil | massiv großzügig in großem Umfang in großem Stil in großem Rahmen in großem Maßstab | ernst zu nehmen tiefgreifend massiv weitreichend maßgeblich bedeutsam bedeutend entscheidend großgeschrieben werden zentral von Bedeutung von Relevanz nicht zu vernachlässigen wesentlich von Belang kommt darauf an erheblich ins Gewicht fallen von großer Bedeutung hat Gewicht wichtig hat Bedeutung gewichtig relevant von großer Wichtigkeit groß nicht zu unterschätzen von Gewicht steht hoch im Kurs ernst gravierend ernstlich folgenschwer schwer wiegend schwer wiegend schwerwiegend | massiv fest dicht eng			
Das Gitter sollten nicht Energie aus dem Kauf bei einige <N1></N1> verteuert.	The grid should not have to buy energy from you at some massively increased price.		does not make sense		
FALSE					
					
Generation zwei und drei sind noch in Betrieb, Generation 3.5 ist, was sein Recht errichtet jetzt und vierten Generation hat eine höhere Sicherheit Standards, einfacher zu bauen und so billiger zum Aufbau einer besseren Brennstoffausnutzung, <L1>drastisch</L1> billiger Energie, noch sicherer Reaktoren.	Generation two and three are still operational, generation 3.5 is what's being built right now and generation four has higher safety standards, easier to build and so cheaper to build better fuel utilization, drastically cheaper energy, even safer reactors.	hart drastisch einschneidend schockierend krass ultrakrass gravierend dramatisch durchgreifend streng heftig drakonisch | dringend essentiell essenziell drastisch bedeutend wesentlich wichtig grundlegend prinzipiell primär heftig fundamental substanziell eminent von essentieller Bedeutung von essenzieller Bedeutung elementar von elementarer Bedeutung basal von grundlegender Bedeutung vehement resolut ins Gewicht fallend | besorgniserregend dramatisch gravierend schwerwiegend empfindlich schwer drastisch | überzeugend effizient leistungsfähig drastisch einschneidend verlustfrei durchschlagend mit hohem Wirkungsgrad tiefgreifend effektiv rationell schlagkräftig wirkungsvoll wirksam verlustarm			
Generation zwei und drei sind noch in Betrieb, Generation 3.5 ist, was sein Recht errichtet jetzt und vierten Generation hat eine höhere Sicherheit Standards, einfacher zu bauen und so billiger zum Aufbau einer besseren Brennstoffausnutzung, <N1>einschneidend</N1> billiger Energie, noch sicherer Reaktoren.	Generation two and three are still operational, generation 3.5 is what's being built right now and generation four has higher safety standards, easier to build and so cheaper to build better fuel utilization, drastically cheaper energy, even safer reactors.				
TRUE					
					
Wenn Sie gehen raus bist versuchen, etwas zu bringen an die Öffentlichkeit zu sagen: Ich bin zu <L1>autoritär</L1> gehen widerlegen die Verwendung von Thorium als Energiequelle dann obliegt es Ihnen, Ihre Hausaufgaben zu machen.	If you're going go out there try to put something out to the public saying  I'm going to authoritatively refute the use of thorium as an energy source,  then it behooves you to do your homework.	autoritär hart rigoros streng katonisch unnachsichtig (mit jemandem) ist nicht gut Kirschen essen strikt Haare auf den Zähnen haben rigide | paternalistisch obrigkeitlich herrisch bevormundend autoritär | herrisch autoritär gebieterisch durchsetzungsfähig durchsetzungsstark			
Wenn Sie gehen raus bist versuchen, etwas zu bringen an die Öffentlichkeit zu sagen: Ich bin zu <N1></N1> gehen widerlegen die Verwendung von Thorium als Energiequelle dann obliegt es Ihnen, Ihre Hausaufgaben zu machen.	If you're going go out there try to put something out to the public saying  I'm going to authoritatively refute the use of thorium as an energy source,  then it behooves you to do your homework.		does not make sense		
FALSE					
					
Es gibt eines neue <L1>Reality-TV</L1> Programm, und es heisst der blaue-- ich soll vermutlich es mit blauen Schriften schreiben-- aber es heisst der blaue Stirnraum. (Blauer Stirnraum)	There's a new reality television program, and it's called the Blue-- I should probably write it in blue-- but it's called the Blue Forehead Room.				
Es gibt eines neue <N1>Wirkflichkeitsfernsehen</N1> Programm, und es heisst der blaue-- ich soll vermutlich es mit blauen Schriften schreiben-- aber es heisst der blaue Stirnraum. (Blauer Stirnraum)	There's a new reality television program, and it's called the Blue-- I should probably write it in blue-- but it's called the Blue Forehead Room.				
TRUE					
					
Wir sind selbstbewusster und <L1>experimentieren</L1> mehr, was übrigens Misserfolge erfordert.	We're more confident to experiment, which requires failure, by the way.				
Wir sind selbstbewusster und <N1>versuchen</N1> mehr, was übrigens Misserfolge erfordert.	We're more confident to experiment, which requires failure, by the way.				
TRUE					
					
Ich weiß nicht, ob Sie die Gegenparti <L1>interviewen</L1> wollen, z. B. die Region	I don't know whether you're going to interview the opposing side, e.g. the offiicial adminstration	befragen ein Interview machen interviewen			
Ich weiß nicht, ob Sie die Gegenparti <N1>befragen</N1> wollen, z. B. die Region	I don't know whether you're going to interview the opposing side, e.g. the offiicial adminstration				
TRUE					
					
Es wäre absurd, wenn wir uns erneut in Operationen wie denen im Irak und in Afghanistan <L1>engagieren</L1> sollten und uns plötzlich in einer Situation befinden würden, in der wir irgendetwas anderes als ein demokratisches System einführen würden.	It would be absurd if we were to engage again in the kind of operations we were engaged in, in Iraq and Afghanistan if we were to suddenly find ourselves in a situation in which we were imposing anything other than a democratic system.	anstellen anheuern anwerben beschäftigen einstellen verpflichten einem Bewerber eine Chance geben berufen rekrutieren engagieren dingen in Lohn und Brot nehmen unter Vertrag nehmen			
Es wäre absurd, wenn wir uns erneut in Operationen wie denen im Irak und in Afghanistan <N1>beschäftigen</N1> sollten und uns plötzlich in einer Situation befinden würden, in der wir irgendetwas anderes als ein demokratisches System einführen würden.	It would be absurd if we were to engage again in the kind of operations we were engaged in, in Iraq and Afghanistan if we were to suddenly find ourselves in a situation in which we were imposing anything other than a democratic system.				
TRUE					
					
Diese Kreislauf-Technologien haben stark dazu beigetragen, dass wir 71 Millionen Quadratmeter klimaneutralen Teppichs produziert und verkauft haben seit 2004. Das heißt, zur globalen Klimaschädigung trägt dieser Teppich <L1>netto</L1> in der Produktion wie auch durch die gesamte Lieferkette, vom Abbau bis zur Rückgewinnung am Ende seines Produktlebens NICHTS bei Das wurde von unabhängiger Stelle bestätigt.	Those new cyclical technologies have contributed mightily to the fact that we have produced and sold 85 million square yards of climate-neutral carpet since 2004, meaning no net contribution to global climate disruption in producing the carpet throughout the supply chain, from mine and well head clear to end-of-life reclamation -- independent third-party certified.				
Diese Kreislauf-Technologien haben stark dazu beigetragen, dass wir 71 Millionen Quadratmeter klimaneutralen Teppichs produziert und verkauft haben seit 2004. Das heißt, zur globalen Klimaschädigung trägt dieser Teppich <N1>netto</N1> in der Produktion wie auch durch die gesamte Lieferkette, vom Abbau bis zur Rückgewinnung am Ende seines Produktlebens NICHTS bei Das wurde von unabhängiger Stelle bestätigt.	Those new cyclical technologies have contributed mightily to the fact that we have produced and sold 85 million square yards of climate-neutral carpet since 2004, meaning no net contribution to global climate disruption in producing the carpet throughout the supply chain, from mine and well head clear to end-of-life reclamation -- independent third-party certified.				
TRUE					
					
Es ist wie ein Fallschirmsprung oder <L1>high</L1> sein.	It's like a skydive or getting high	berauscht überschwänglich enthusiasmiert himmelhoch jauchzend mit strahlenden Augen entflammt angetan rasend vor Begeisterung enthusiastisch voller Begeisterung tobend vor Begeisterung aus dem Häuschen dithyrambisch begeistert glühend vor Begeisterung entzückt wie auf Droge wie von Sinnen hellauf begeistert euphorisch Feuer und Flamme wie im Rausch fasziniert wild begeistert mit glänzenden Augen verzückt gebannt mitgerissen von den Socken hin und weg erregt hingerissen im Überschwang der Gefühle high			
Es ist wie ein Fallschirmsprung oder <N1>berauscht</N1> sein.	It's like a skydive or getting high				
TRUE					
					
Also genau wie ein Turmspringer auf dem Sprungbrett, der hinabspringt um Schwung zu holen und dann diese Pirouette vollführt, diesen zweieinhalbfachen Salto und sich dann <L1>elegant</L1> wieder fängt, dieser Roboter macht im Wesentlichen das Gleiche.	So just like a diver stands on a springboard and then jumps off it to gain momentum, and then does this pirouette, this two and a half somersault through and then gracefully recovers, this robot is basically doing that.	elegant extravagant nobel exklusiv fein vornehm mondän | elegant nobel fein distinguiert vornehm betont vornehm | gazellenhaft graziös voller Anmut geschmeidig edel zart grazil zierlich elegant anmutig | geil fesch schmuck elegant flott schnittig schnatz cool frech schmissig modisch schnieke todschick chic todchic kleidsam schick | elegant beweglich geschickt gewandt wendig anpassungsfähig glattzüngig			
Also genau wie ein Turmspringer auf dem Sprungbrett, der hinabspringt um Schwung zu holen und dann diese Pirouette vollführt, diesen zweieinhalbfachen Salto und sich dann <N1>voller Anmut</N1> wieder fängt, dieser Roboter macht im Wesentlichen das Gleiche.	So just like a diver stands on a springboard and then jumps off it to gain momentum, and then does this pirouette, this two and a half somersault through and then gracefully recovers, this robot is basically doing that.				
TRUE					
					
Alles was für den Patienten vor dem Unfall <L1>stressig</L1> war, hat er vergessen	For the patient, anything really stressful before the accident, he's forgotten.	nervend stressig stressvoll anstrengend			
Alles was für den Patienten vor dem Unfall <N1>anstrengend</N1> war, hat er vergessen	For the patient, anything really stressful before the accident, he's forgotten.				
TRUE					
					
Die beste Taktik für den SU-122-54 besteht darin, gegnerische Jagdpanzer zu flankieren, plötzlich hinter schweren Panzern aufzutauchen, und mittlere Panzer <L1>frontal</L1> anzugreifen.	The best tactic for the SU-122-54 is to flank enemy tank destroyers, suddenly appear behind heavy tanks, and face the medium tanks head-on. Its layout hides the hidden power of this tank.	direkt geradlinig frontal ohne Umwege geradeaus ohne Umweg			
Die beste Taktik für den SU-122-54 besteht darin, gegnerische Jagdpanzer zu flankieren, plötzlich hinter schweren Panzern aufzutauchen, und mittlere Panzer <N1>von vorne</N1> anzugreifen.	The best tactic for the SU-122-54 is to flank enemy tank destroyers, suddenly appear behind heavy tanks, and face the medium tanks head-on. Its layout hides the hidden power of this tank.				
TRUE					
					
Wir fanden aber heraus, dass es von entscheidender Wichtigkeit ist, das Verhalten dieser kleinen Kerlchen zu modellieren, damit sie nicht mehr so <L1>roboterhaft</L1> wirken, sondern <L2>vage</L2> dem Kopf eines Menschen ähneln.	What we did find out, however, was that it was crucially important to model the behavior of these little guys in a way that they stopped being robotic, and started to remotely resemble somebody's head.	undeutlich unklar schemenhaft verschwommen diffus nicht deutlich zu erkennen vage nebelhaft konturlos schleierhaft nebulös nicht klar zu erkennen | unklar unsauber unscharf schwammig vage unpräzise unspezifisch ungenau wischi-waschi | launig ungefähr wolkig vage unverbindlich blumig unpräzise			
Wir fanden aber heraus, dass es von entscheidender Wichtigkeit ist, das Verhalten dieser kleinen Kerlchen zu modellieren, damit sie nicht mehr so <N1>roboterhaft</N1> wirken, sondern <N2>ungefähr</N2> dem Kopf eines Menschen ähneln.	What we did find out, however, was that it was crucially important to model the behavior of these little guys in a way that they stopped being robotic, and started to remotely resemble somebody's head.				
TRUE					
					
Michael Biehn ist Sergent Rex Power Colt im spannendsten, actionreichsten Cyber-Abenteuer des Jahres... Insel und Kinder sind <L1>separat</L1> erhältlich	Michael Biehn is sergent Rex Power Colt in this year's most thrilling, action packed cyber adventure... island and children sold separately	abgeschlossen separat | getrennt separat extra gesondert | unabhängig abgetrennt geteilt einzeln abgesondert getrennt individuell separat			
Michael Biehn ist Sergent Rex Power Colt im spannendsten, actionreichsten Cyber-Abenteuer des Jahres... Insel und Kinder sind <N1>getrennt</N1> erhältlich	Michael Biehn is sergent Rex Power Colt in this year's most thrilling, action packed cyber adventure... island and children sold separately				
TRUE					
					
Wir könnten dass wiederholen. Hier <L1>zoomen</L1> wir auf diese Region.	Here's this part blown up.	vergrößern heranholen hochziehen zoomen			
Wir könnten dass wiederholen. Hier <N1>vergrössern</N1> wir auf diese Region.	Here's this part blown up.				
TRUE					
					
Um <L1>ruinieren</L1> mich.	To ruin me.	ruinieren verderben in Verruf bringen zu Grunde richten zugrunde richten | ruinieren um Hab und Gut bringen arm machen zum Bettler machen jemandem sein Vermögen nehmen an den Bettelstab bringen zum Bettler werden lassen verarmen lassen Vermögen verlieren | in Trümmer legen zerschlagen zu Kleinholz verarbeiten kurz und klein schlagen entzweischlagen ramponieren hinmachen schrotten in Kleinholz verwandeln zernichten zerstören verwüsten trashen in Schutt und Asche legen zertrümmern kaputt machen zerbrechen demolieren himmeln ruinieren zuschanden machen von Grund auf zerstören destruieren zerhackstückeln niederreißen devastieren kaputtmachen zunichtemachen torpedieren vernichten zerfetzen einschlagen zerschmettern zerdeppern plattmachen einhauen etwas plattmachen zu Kleinholz machen | ruinieren zu Grunde richten zugrunde richten zerrütten runterwirtschaften abwirtschaften | ruinieren zu Grunde richten zugrunde richten (ein Unternehmen) herunterwirtschaften Existenz zerstören an den Bettelstab bringen jemandem den Rest geben jemandem die Existenzgrundlage entziehen | verhunzen verunstalten ruinieren sich verderben			
Um <N1>zugrunderichten</N1> mich.	To ruin me.		grammar change necessary		
TRUE					
					
Da diskutieren Ärzte allen Ernstes mit einem durchgedrehten Wunderheiler dessen schwachsinnige Thesen ... ... eine Toleranz die fast schon <L1>kriminell</L1> ist.	Physicists seriously discussing with a cracked charlatan about his insane theories... ... tolerance which is almost criminal.	illegal ungesetzlich kriminell rechtswidrig verbrecherisch mafiös sträflich | kriminell verbrecherisch straffällig delinquent auf der schiefen Bahn | schwarz gesetzwidrig unberechtigt ungenehmigt unzulässig unautorisiert krumm illegal widerrechtlich ungesetzlich kriminell gesetzeswidrig rechtswidrig untersagt unrechtmäßig nicht erlaubt verboten unerlaubt			
Da diskutieren Ärzte allen Ernstes mit einem durchgedrehten Wunderheiler dessen schwachsinnige Thesen ... ... eine Toleranz die fast schon <N1>verbrecherisch</N1> ist.	Physicists seriously discussing with a cracked charlatan about his insane theories... ... tolerance which is almost criminal.				
TRUE					
					
Weil sie auf der psychischen Ebene, auf der Gehirnebene unsere Handlungen beeinflussen und uns in Situationen <L1>manövrieren</L1> in denen wir sonst nicht vorankommen würden.	It helps us on the psychological level to try keep on going and finding a solution. Because every biological programs runs on all 3 levels psyche, brain and organ simultaneously, constantly.	führen leiten kontrollieren regieren dirigieren manövrieren lenken Weichen stellen steuern | führen navigieren leiten regieren bugsieren lotsen dirigieren schleusen geleiten manövrieren			
Weil sie auf der psychischen Ebene, auf der Gehirnebene unsere Handlungen beeinflussen und uns in Situationen <N1>führen</N1> in denen wir sonst nicht vorankommen würden.	It helps us on the psychological level to try keep on going and finding a solution. Because every biological programs runs on all 3 levels psyche, brain and organ simultaneously, constantly.				
TRUE					
					
Sie werden nicht einmal auf <L1>HIV</L1> getestet.	They are not even tested for HlV.	HIV HI-Virus human immunodeficiency virus AIDS-Erreger HIV-Virus Virus der Immunschwächekrankheit			
Sie werden nicht einmal auf <N1></N1> getestet.	They are not even tested for HlV.		abbreviation		
FALSE					
					
Kaum ist der Patient in einem Krankenhausbett allein gelassen, in dem sich kaum jemand rührend um ihn kümmert, wird der so genannte Flüchtlingskonflikt aktiv, hier auch als Krankenhauskonflikt bezeichnet, mehr Wasser wird eingelagert, und die Schwellungen werden <L1>rapide</L1> größer.	As soon as a patient is left alone in a hospital bed where hardly anyone is sincerely caring for him the so called refugee conflict becomes active, in this case also named hospital conflict, more water is stored and swellings increase rapidly.	zackig munter zeitsparend schleunig flott dalli rapide rasch subito zeitnah schnell geschwind rapid eilig fix in lebhafter Fortbewegungsweise hurtig flink mit Schmackes speditiv mit Karacho behände eilends zügig Zeit sparend flugs unerwartet schnell			
Kaum ist der Patient in einem Krankenhausbett allein gelassen, in dem sich kaum jemand rührend um ihn kümmert, wird der so genannte Flüchtlingskonflikt aktiv, hier auch als Krankenhauskonflikt bezeichnet, mehr Wasser wird eingelagert, und die Schwellungen werden <N1>schnell</N1> größer.	As soon as a patient is left alone in a hospital bed where hardly anyone is sincerely caring for him the so called refugee conflict becomes active, in this case also named hospital conflict, more water is stored and swellings increase rapidly.				
TRUE					
					
Jedoch sollte man zum Verständnis dessen die alten Begrifflichkeiten außen vor lassen, da sie auf einem überholten Bezugssystem <L1>basieren</L1> und somit fehlleiten.	For better understanding, the old names should be abandoned, as they are based on an outdated reference system.	gründen aufbauen basieren sich speisen aufsatteln abhangen abhängen fußen beruhen | sich herausbilden sich entwickeln sich einstellen sich ergeben hervorgehen folgen sich herauskristallisieren Form annehmen resultieren sich herleiten basieren Ergebnis sein			
Jedoch sollte man zum Verständnis dessen die alten Begrifflichkeiten außen vor lassen, da sie auf einem überholten Bezugssystem <N1>gründen</N1> und somit fehlleiten.	For better understanding, the old names should be abandoned, as they are based on an outdated reference system.				
TRUE					
					
Diese Begleitumstände können alles sein, was der Organismus wahrnehmen kann. Z.B. Gerüche, Musik, eine Farbe, bestimmte Gedanken, die man <L1>parallel</L1> hatte, eine Person, Gegenstände, Geräusche, Temperaturen, ein einziges Wort usw..	These circumstantial features may comprise everything the organism is able to sense, images, smells, a certain thought one was having in mind at the time, persons, things, sounds, temperature, a single word, etc.	zugleich parallel in zeitlicher Übereinstimmung gleichlaufend zu zur selben Zeit in Koinzidenz koinzident zusammenfallend im selben Augenblick zeitgleich synchron in demselben Augenblick im gleichen Augenblick zeitlich übereinstimmend simultan in Echtzeit gleichzeitig zur gleichen Zeit | parallel gleichzeitig begleitend konkomitierend | parallel korrespondierend in Analogie zu übereinstimmend entsprechend ähnlich gleichartig gleichermaßen kommensurabel einheitlich analog vergleichbar kongruent komparabel | parallel nebeneinander Seite an Seite			
Diese Begleitumstände können alles sein, was der Organismus wahrnehmen kann. Z.B. Gerüche, Musik, eine Farbe, bestimmte Gedanken, die man <N1>zugleich</N1> hatte, eine Person, Gegenstände, Geräusche, Temperaturen, ein einziges Wort usw..	These circumstantial features may comprise everything the organism is able to sense, images, smells, a certain thought one was having in mind at the time, persons, things, sounds, temperature, a single word, etc.				
TRUE					
					
Im Weiteren wird behauptet, Dr. Hamer würde Krebs als Teil eines natürlichen Heilungsprozesses sehen. Diese Aussage steht natürlich gänzlich <L1>konträr</L1> zu der tatsächlichen Aussage des 3. biologischen Naturgesetzes.	Further below it is claimed that Dr. Hamer considers cancer part of a natural healing process which is entirely opposed to the actual statement of the Third Biological Law.	absurd widersprüchlich folgewidrig sinnwidrig widerspruchsvoll konträr unlogisch kontradiktorisch vernunftwidrig sich selbst widersprechend paradox irrational widersinnig | widersprüchlich disparat konträr paradox widersinnig gegensätzlich antithetisch | widersprüchlich diskrepant unvereinbar advers widerstreitend konträr entgegengesetzt antagonistisch gegensätzlich adversativ dualistisch gegenteilig oppositär sich widersprechend diametral antithetisch polar			
Im Weiteren wird behauptet, Dr. Hamer würde Krebs als Teil eines natürlichen Heilungsprozesses sehen. Diese Aussage steht natürlich gänzlich <N1>widersprüchlich</N1> zu der tatsächlichen Aussage des 3. biologischen Naturgesetzes.	Further below it is claimed that Dr. Hamer considers cancer part of a natural healing process which is entirely opposed to the actual statement of the Third Biological Law.				
TRUE					
					
Auf unserer Seite werden viele von den typischen Anfängerfragen im <L1>FAQ</L1> und an anderer Stelle beantwortet.	Our homepage has an FAQ addressing some of the typical questions from beginners.	häufig gestellte Fragen frequently asked questions FAQ			
Auf unserer Seite werden viele von den typischen Anfängerfragen im <N1>FAQ</N1> und an anderer Stelle beantwortet.	Our homepage has an FAQ addressing some of the typical questions from beginners.				
TRUE					
					
Willst du mich <L1>daten</L1> oder willst du mit mir zusammen leben?	Do you want to date me or do you want to live with me?	sich treffen daten sich verabreden | Daten Zahlen Datenmaterial Statistik | Information Wissen Datenansammlung Daten Fakten			
Willst du mich <N1>daten</N1> oder willst du mit mir zusammen leben?	Do you want to date me or do you want to live with me?				
TRUE					
					
Behindert , Adjektiv: verkrüppelt, hilflos, nutzlos, zerstört, abgestorben, verstümmelt, verwundet, zugerichtet, lahm, abgetrennt verwahrlost, ausgedient, geschwächt, impotent, kastriert, gelähmt, <L1>gehandicapt</L1> senil, altersschwach, aus dem Verkehr gezogen, nachgebessert, erledigt, kaputt geborsten, ausgezählt, siehe auch verletzt, nutzlos und schwach.	Disabled, adjective: crippled, helpless, useless, wrecked, stalled, maimed, wounded, mangled, lame, mutilated, run-down, worn-out, weakened, impotent, castrated, paralyzed, handicapped, senile, decrepit, laid-up, done-up, done-for, done-in cracked-up, counted-out; see also hurt, useless and weak.	gehandicapt behindert eingeschränkt gehandikapt			
Behindert , Adjektiv: verkrüppelt, hilflos, nutzlos, zerstört, abgestorben, verstümmelt, verwundet, zugerichtet, lahm, abgetrennt verwahrlost, ausgedient, geschwächt, impotent, kastriert, gelähmt, <N1></N1> senil, altersschwach, aus dem Verkehr gezogen, nachgebessert, erledigt, kaputt geborsten, ausgezählt, siehe auch verletzt, nutzlos und schwach.	Disabled, adjective: crippled, helpless, useless, wrecked, stalled, maimed, wounded, mangled, lame, mutilated, run-down, worn-out, weakened, impotent, castrated, paralyzed, handicapped, senile, decrepit, laid-up, done-up, done-for, done-in cracked-up, counted-out; see also hurt, useless and weak.				
FALSE					
					
Aber sie können in einen deutschen <L1>ICE</L1> Zug einsteigen und fast bis Albanien kommen.	But you can get on a German ICE train and make it almost to Albania.	InterCity Express ICE Hochgeschwindigkeitszug Intercity-Express Inter City Express			
Aber sie können in einen deutschen <N1>ICE</N1> Zug einsteigen und fast bis Albanien kommen.	But you can get on a German ICE train and make it almost to Albania.				
TRUE					
					
Eva ist schlampig und Karin ist <L1>schick</L1>	Eva is tarty and Karin is chic	geil fesch schmuck elegant flott schnittig schnatz cool frech schmissig modisch schnieke todschick chic todchic kleidsam schick | nett schnuckelig schick schnatz			
Eva ist schlampig und Karin ist <N1>ansprechend</N1>	Eva is tarty and Karin is chic				
TRUE					
					
Sie <L1>kuscheln</L1> sich zu Ihrem Partner unter die Decke.	So you join your partner and get under the covers.	herzen an die Brust drücken kraulen Zärtlichkeiten austauschen liebkosen schmusen streicheln herumschmusen tätscheln kuscheln schmiegen ei, ei machen			
Sie <N1>anschmiegen</N1> sich zu Ihrem Partner unter die Decke.	So you join your partner and get under the covers.				
TRUE					
					
Als ich <L1>paddeln</L1> entlang des nördlichen Ufers war eine sehr ruhige Oktober am Nachmittag, für solche Tage vor allem sie setzen sich auf den Seen, wie die Wolfsmilch unten, nachdem in schaute vergeblich über den Teich für eine loon, plötzlich eins, Segeln vom Ufer in die Mitte ein paar Stangen vor mir, einrichten seine wilde Lachen und verraten sich.	As I was paddling along the north shore one very calm October afternoon, for such days especially they settle on to the lakes, like the milkweed down, having looked in vain over the pond for a loon, suddenly one, sailing out from the shore toward the middle a few rods in front of me, set up his wild laugh and betrayed himself.	plantschen paddeln baden schwimmen rinnen | paddeln pullen rudern skullen			
Als ich <N1></N1> entlang des nördlichen Ufers war eine sehr ruhige Oktober am Nachmittag, für solche Tage vor allem sie setzen sich auf den Seen, wie die Wolfsmilch unten, nachdem in schaute vergeblich über den Teich für eine loon, plötzlich eins, Segeln vom Ufer in die Mitte ein paar Stangen vor mir, einrichten seine wilde Lachen und verraten sich.	As I was paddling along the north shore one very calm October afternoon, for such days especially they settle on to the lakes, like the milkweed down, having looked in vain over the pond for a loon, suddenly one, sailing out from the shore toward the middle a few rods in front of me, set up his wild laugh and betrayed himself.		bad grammar		
FALSE					
					
Die Berberitze ist <L1>brillant</L1> Obst wurde ebenfalls Nahrung für meine Augen nur, aber ich sammelte kleinen Laden von wilden Äpfeln für Verweichlichung, die der Inhaber und Reisende hatten übersehen.	The barberry's brilliant fruit was likewise food for my eyes merely; but I collected a small store of wild apples for coddling, which the proprietor and travellers had overlooked.	genial brillant glänzend wunderbar wundervoll splendid herrlich prächtig dass es eine ein Gedicht Ich kann mein Glück noch gar nicht fassen wahre Wonne famos | (geschliffener) Diamant Brilli Brillant | genial geil brillant glänzend absolut super exzellent beispiellos von außerordentlicher Qualität atemraubend magnifik wunderbar begnadet einzigartig affengeil sagenhaft unglaublich absoluter Wahnsinn hinreißend unübertroffen fetzt berückend überragend saugeil fulminant absolut irre erstklassig top süperb überwältigend ohne Beispiel atemberaubend phantastisch phänomenal ganz großes Kino urst zum Sterben schön unvergleichlich vom Feinsten wumbaba unübertrefflich fantastisch bestens hervorragend nicht zu toppen nicht zu fassen du kriegst die Motten allererste Sahne herausragend umwerfend hammergeil zum Niederknien toll traumhaft himmelsgleich rockt grandios megacool ganz große Klasse himmlisch wundervoll großartig super superb klasse fabelhaft ausgezeichnet stark sauber cool tipptopp prima leiwand knorke dufte doll zum Reinlegen töfte astrein phatt hasenrein 1A tofte der Hit erste Sahne leinwand spitze nicht schlecht bombig | brillant gekonnt mit Bravour virtuos			
Die Berberitze ist <N1></N1> Obst wurde ebenfalls Nahrung für meine Augen nur, aber ich sammelte kleinen Laden von wilden Äpfeln für Verweichlichung, die der Inhaber und Reisende hatten übersehen.	The barberry's brilliant fruit was likewise food for my eyes merely; but I collected a small store of wild apples for coddling, which the proprietor and travellers had overlooked.		bad grammar		
FALSE					
					
Gondibert, dass der Winter, dass ich mit einer Lethargie gearbeitet - was, nebenbei bemerkt, nie I wusste, ob als Familie betrachten Beschwerde, mit einem Onkel, der zu schlafen <L1>rasieren</L1> sich geht, und ist verpflichtet, sprießen Kartoffeln in einem Keller Sonntag, um wach zu halten und den Sabbat halten, oder als Folge von meinem Versuch zu lesen	Gondibert,  that winter that I labored with a lethargy--which, by the way, I never knew whether to regard as a family complaint, having an uncle who goes to sleep shaving himself, and is obliged to sprout potatoes in a cellar Sundays, in order to keep awake and keep the Sabbath, or as the consequence of my attempt to read				
Gondibert, dass der Winter, dass ich mit einer Lethargie gearbeitet - was, nebenbei bemerkt, nie I wusste, ob als Familie betrachten Beschwerde, mit einem Onkel, der zu schlafen <N1></N1> sich geht, und ist verpflichtet, sprießen Kartoffeln in einem Keller Sonntag, um wach zu halten und den Sabbat halten, oder als Folge von meinem Versuch zu lesen	Gondibert,  that winter that I labored with a lethargy--which, by the way, I never knew whether to regard as a family complaint, having an uncle who goes to sleep shaving himself, and is obliged to sprout potatoes in a cellar Sundays, in order to keep awake and keep the Sabbath, or as the consequence of my attempt to read		bad grammar		
FALSE					
					
Stein unter der Erde, als die letzte des Rennens ging. Was für ein trauriger <L1>handeln</L1> muss, dass - die Vertuschung der Brunnen! deckungsgleich mit der Eröffnung der Brunnen der Tränen.	What a sorrowful act must that be--the covering up of wells! coincident with the opening of wells of tears.	wirken handeln tun agieren machen walten | handeln feilschen wie ein Teppichhändler feilschen feilschen wie im türkischen Basar schachern | handeln tauschen kaupeln | bewerkstelligen handhaben handeln managen zurechtkommen | Strategie Handeln Politik | leiten handhaben umgehen hantieren handeln | handeln Handel treiben Geschäfte machen negoziieren | Auftreten Handlungsweise Benehmen Tun und Lassen Tun Handeln Habitus Verhaltensweise Gebaren Verhalten Betragen | reagieren handeln agieren benehmen			
Stein unter der Erde, als die letzte des Rennens ging. Was für ein trauriger <N1></N1> muss, dass - die Vertuschung der Brunnen! deckungsgleich mit der Eröffnung der Brunnen der Tränen.	What a sorrowful act must that be--the covering up of wells! coincident with the opening of wells of tears.		bad grammar		
FALSE					
					
Um Mitternacht, wenn es einen Mond, habe ich manchmal traf sich mit Hunden in meinem Weg streifen durch die Wälder, die skulk <L1>out</L1> würde mir aus dem Weg, als hätte er Angst, und stehen still inmitten der Büsche, bis ich vorbei war.	At midnight, when there was a moon, I sometimes met with hounds in my path prowling about the woods, which would skulk out of my way, as if afraid, and stand silent amid the bushes till I had passed.	überholt veraltet antiquiert passé altmodisch out nicht mehr angesagt Schnee von gestern abgelutscht ausgelutscht unmodern vorbei altbacken ausgedient haben aus der Mode anachronistisch uncool hat seine Chance gehabt zum alten Eisen gehörend war mal. hat seine besten Zeiten hinter sich Vergangenheit sein nicht mehr zeitgemäß damit lockt man keinen Hund mehr hinter dem Ofen hervor nicht mehr aktuell nicht mehr auf der Höhe der Zeit unzeitgemäß Die Zeiten sind vorbei nicht mehr Stand der Technik gute alte der Vergangenheit angehören gehört entsorgt nicht mehr State of the Art Old School abgemeldet nicht mehr in Mode vorsintflutlich nicht mehr up to date hatte seine Chance hat sich erledigt | abgegriffen abgedroschen überkommen überholt veraltet hat seine Zeit gehabt passé vernutzt altmodisch nostalgisch hat seine Zeit hinter sich abgenudelt out längst vergessen geglaubt veraltend nicht mehr angesagt Schnee von gestern obsolet abgelutscht			
Um Mitternacht, wenn es einen Mond, habe ich manchmal traf sich mit Hunden in meinem Weg streifen durch die Wälder, die skulk <N1></N1> würde mir aus dem Weg, als hätte er Angst, und stehen still inmitten der Büsche, bis ich vorbei war.	At midnight, when there was a moon, I sometimes met with hounds in my path prowling about the woods, which would skulk out of my way, as if afraid, and stand silent amid the bushes till I had passed.		bad grammar		
FALSE					
					
Rüdiger Gamm, der sich selbst als hoffnungsloser Schüler bezeichnete, fiel bei den Grundrechenarten durch und fing an seine Fähigkeiten zu <L1>trainieren</L1> und wurde als menschlicher Rechner berühmt.	Growth and its evolutionary side-effects, such as happiness and fulfilment, are stimulated when we are not being labeled in our interactions. We may have many different views and disagree with one another in practical terms, but interactions that nevertheless accept us for who we are, without judgment, are neuropsychological catalysts that wire the human brain to acknowledge others and accept rationally verified belief systems without dissonance. Stimulating this type of neural activity and interaction alleviates the need for distraction or entertainment and creates cycles of constructive behavior in our environment.	trainieren sich körperlich ertüchtigen sich ertüchtigen sporteln Sport treiben | trainieren einüben abrichten dressieren konditionieren trimmen | schulen trainieren üben einüben			
Rüdiger Gamm, der sich selbst als hoffnungsloser Schüler bezeichnete, fiel bei den Grundrechenarten durch und fing an seine Fähigkeiten zu <N1>üben</N1> und wurde als menschlicher Rechner berühmt.	Growth and its evolutionary side-effects, such as happiness and fulfilment, are stimulated when we are not being labeled in our interactions. We may have many different views and disagree with one another in practical terms, but interactions that nevertheless accept us for who we are, without judgment, are neuropsychological catalysts that wire the human brain to acknowledge others and accept rationally verified belief systems without dissonance. Stimulating this type of neural activity and interaction alleviates the need for distraction or entertainment and creates cycles of constructive behavior in our environment.				
TRUE					
					
Genau gesagt, nutzen wir diese sechs Design-Leitsätze. Der wichtigste davon ist wahrscheinlich der zweite: Wir <L1>designen</L1> mit , nicht für - daher, wenn wir humanitäres Design machen, geht es nicht mehr darum, für Kunden zu gestalten; sondern vielmehr, mit Menschen zu designen. und so passende Lösungen von innen her entstehen zu lassen.	Specifically, we use these six design directives, probably the most important being number two: we design with, not for -- in that, when we're doing humanitarian-focused design, it's not about designing for clients anymore.	entwerfen gestalten designen			
Genau gesagt, nutzen wir diese sechs Design-Leitsätze. Der wichtigste davon ist wahrscheinlich der zweite: Wir <N1>entwerfen</N1> mit , nicht für - daher, wenn wir humanitäres Design machen, geht es nicht mehr darum, für Kunden zu gestalten; sondern vielmehr, mit Menschen zu designen. und so passende Lösungen von innen her entstehen zu lassen.	Specifically, we use these six design directives, probably the most important being number two: we design with, not for -- in that, when we're doing humanitarian-focused design, it's not about designing for clients anymore.				
TRUE					
					
Ich denke: Das ist ein Kind, für das ich wohl eine <L1>TV-Show</L1> entwickeln würde. Möchtest du ein Filmstar werden?	I'm thinking,  This is a kid I want to probably develop a T.V. show for.   &gt;&gt; Do you want to be a movie star?				
Ich denke: Das ist ein Kind, für das ich wohl eine <N1>Fernsehvorstellung</N1> entwickeln würde. Möchtest du ein Filmstar werden?	I'm thinking,  This is a kid I want to probably develop a T.V. show for.   &gt;&gt; Do you want to be a movie star?				
TRUE					
					
Wie auch immer, ich muss jetzt gehen, weil deine Freundin gerade entschieden hat, dass sie in alten Kleidern ziemlich gut aussieht, und ich muss das schnell ändern, bevor sie aufhört, den Ambien/Prozac-Cocktail zu trinken, den ich ihr gegeben habe und dann aufhört, fortlaufend <L1>shoppen</L1> zu gehen, um die gähnende Leere zu füllen, welche durch den von mir erzeugten Selbsthass geschaffen wurde.	Anyway, I got to go because your girlfriend just decided she looks pretty good in vintage dress, and I gotta turn that around quick before she stops taking the Ambien/Prozac cocktail I gave her, and then she'll stop shopping continuously in order to fill the void created by self-hatred, created by me.	Shoppen Einkaufsbummel Erlebniskauf Shopping | kaufen erstehen erkaufen besorgen einkaufen sich holen käuflich erwerben anschaffen sich zulegen shoppen			
Wie auch immer, ich muss jetzt gehen, weil deine Freundin gerade entschieden hat, dass sie in alten Kleidern ziemlich gut aussieht, und ich muss das schnell ändern, bevor sie aufhört, den Ambien/Prozac-Cocktail zu trinken, den ich ihr gegeben habe und dann aufhört, fortlaufend <N1>einkaufen</N1> zu gehen, um die gähnende Leere zu füllen, welche durch den von mir erzeugten Selbsthass geschaffen wurde.	Anyway, I got to go because your girlfriend just decided she looks pretty good in vintage dress, and I gotta turn that around quick before she stops taking the Ambien/Prozac cocktail I gave her, and then she'll stop shopping continuously in order to fill the void created by self-hatred, created by me.				
TRUE					
					
Und ich liebte dieses Gefühl und begann zu <L1>skaten</L1> als ich etwa 10 Jahre alt war, 1977. Ich lernte ziemlich schnell.	And I loved that sense, so I started skating when I was about 10 years old, in 1977, and when I did, I picked it up pretty quickly.				
Und ich liebte dieses Gefühl und begann zu <N1>skaten</N1> als ich etwa 10 Jahre alt war, 1977. Ich lernte ziemlich schnell.	And I loved that sense, so I started skating when I was about 10 years old, in 1977, and when I did, I picked it up pretty quickly.				
TRUE					
					
Esther ging heute morgen durch ihren Tischset Prozess, und sie schrieb nur wenige Dinge auf ihre Seite der Tischmatte. alles andere schrieb sie auf die Seite des Universums, sie liebt es zu <L1>delegieren</L1> und es dem Universum zu überlassen.	Esther made her placemat process this morning, and she only put a few things on her side of the placemat everything else she put on the Universe's side of the placemat, she loves delegating and releasing to the Universe.	schicken fortschicken wegschicken beordern aussenden delegieren deputieren entsenden abordnen abkommandieren			
Esther ging heute morgen durch ihren Tischset Prozess, und sie schrieb nur wenige Dinge auf ihre Seite der Tischmatte. alles andere schrieb sie auf die Seite des Universums, sie liebt es zu <N1>weiterreichen</N1> und es dem Universum zu überlassen.	Esther made her placemat process this morning, and she only put a few things on her side of the placemat everything else she put on the Universe's side of the placemat, she loves delegating and releasing to the Universe.				
TRUE					
					
Kartoffeln, die <L1>kosmetisch</L1> nicht perfekt sind, werden an die Schweine verfüttert.	Potatoes that are cosmetically imperfect, all going for pigs.				
Kartoffeln, die <N1>kosmetisch</N1> nicht perfekt sind, werden an die Schweine verfüttert.	Potatoes that are cosmetically imperfect, all going for pigs.				
TRUE					
					
Ihre Mitschüler werden Sie dabei <L1>motivieren</L1> und unterstützen, das Material zu meistern, und Sie werden ihnen im Gegenzug helfen können.	Your classmates will motivate and support you in mastering the material, and you'll be able to help them out in return.	anspornen motivieren beflügeln anregen befruchten bereichern von der Muse geküsst werden begeistern inspirieren | motivieren animieren veranlassen (dazu) bringen zu jemandem Anlass geben | anspornen motivieren ermutigen animieren beflügeln			
Ihre Mitschüler werden Sie dabei <N1>anregen</N1> und unterstützen, das Material zu meistern, und Sie werden ihnen im Gegenzug helfen können.	Your classmates will motivate and support you in mastering the material, and you'll be able to help them out in return.				
TRUE					
					
Was vom vorherigen System noch bliebe, ist der <L1>UN-Sicherheitsrat</L1> als Schwurgericht am Anfang.	What we have extant right now, at the beginning of this system, is the U.N. Security Council as a grand jury.				
Was vom vorherigen System noch bliebe, ist der <N1>UN-Sicherheitsrat</N1> als Schwurgericht am Anfang.	What we have extant right now, at the beginning of this system, is the U.N. Security Council as a grand jury.				
TRUE					
					
Jungs mit <L1>losen</L1> Abzugsfingern hierhin;	Trigger-pullers go this way.	lösen klären aus der Welt schaffen (Missstand) abstellen ins Reine bringen (Problem) bewältigen Kuh vom Eis holen (Problem) beseitigen abhelfen (Fehler) ausmerzen geradebiegen in Ordnung bringen Abhilfe schaffen bereinigen (Mangel) beheben | trennen lösen losmachen locker machen lockern | lösen Schutz aufheben entsperren entsichern | loshaken losschnallen gehen lassen lösen abschnallen | abtrennen lösen			
Jungs mit <N1>lockeren</N1> Abzugsfingern hierhin;	Trigger-pullers go this way.				
TRUE					
					
Was die <L1>CIA</L1> eigentlich sein sollte, kommt dorthin: analytisch und auf offene Quellen konzentriert.	What should be the ClA, open, analytical, open source should come over here.	CIA Central Intelligence Agency			
Was die <N1>CIA</N1> eigentlich sein sollte, kommt dorthin: analytisch und auf offene Quellen konzentriert.	What should be the ClA, open, analytical, open source should come over here.				
TRUE					
					
Außerdem wurden gekühlte Lebensmittel hinter geschlossenen Türen mit <L1>LED-Beleuchtung</L1> gelagert.	And, third, they put the refrigerated goods behind closed doors with LED lighting.				
Außerdem wurden gekühlte Lebensmittel hinter geschlossenen Türen mit <N1>LED-Beleuchtung</N1> gelagert.	And, third, they put the refrigerated goods behind closed doors with LED lighting.				
TRUE					
					
Das heißt, wir können die Moleküle in der Kraftstoff-Kette exakt <L1>manipulieren</L1> und sie während des Produktionsprozesses optimieren.	That means we can precisely engineer the molecules in the fuel chain and optimize them along the way.	vertuschen zudecken verdecken verschleiern verheimlichen verschweigen in die Irre führen etwas unter den Teppich kehren manipulieren Nebelkerzen werfen jemandem Sand in die Augen streuen | beherrschen verändern beeinflussen lenken manipulieren steuern | frisieren verfälschen manipulieren klittern fälschen faken schönen | etwas vorgeben vortäuschen einseifen manipulieren Nebelkerzen werfen so tun als ob einnebeln auftischen Floh ins Ohr setzen Bären aufbinden suggerieren (jemanden von etwas) zu überzeugen versuchen vormachen hinwegtäuschen über einreden Köpfe vernebeln (jemanden etwas) glauben machen jemandem Sand in die Augen streuen weismachen Augenwischerei betreiben einflüstern			
Das heißt, wir können die Moleküle in der Kraftstoff-Kette exakt <N1>anpassen</N1> und sie während des Produktionsprozesses optimieren.	That means we can precisely engineer the molecules in the fuel chain and optimize them along the way.				
TRUE					
					
Sie <L1>charakterisieren</L1> die spärliche Abhängigkeit, welche bei vielen lesbaren Problemen existiert, wie in der Robotertechnik und beim computerunterstützten Sehen usw.	It really characterizes the sparse dependence that exists in many readable problems like in robotics and computer vision and filtering and diagnostics and so on.	auszeichnen kennzeichnen charakterisieren jemandem zukommen jemandem eigen sein | beschreiben kennzeichnen charakterisieren			
Sie <N1>kennzeichnen</N1> die spärliche Abhängigkeit, welche bei vielen lesbaren Problemen existiert, wie in der Robotertechnik und beim computerunterstützten Sehen usw.	It really characterizes the sparse dependence that exists in many readable problems like in robotics and computer vision and filtering and diagnostics and so on.				
TRUE					
					
-Wir <L1>relaxen</L1> und haben Spaß.	- relax, enjoy ourselves. - Okay. Deal with that shit when you get home.	erholen ausspannen pausieren entspannen ausruhen verschnaufen in Pause sein rasten Pause machen sich ausrasten Rast machen Pause einlegen Pause haben relaxen abspannen durchatmen			
-Wir <N1>spannen aus</N1> und haben Spaß.	- relax, enjoy ourselves. - Okay. Deal with that shit when you get home.				
TRUE					
					
Deine Söhne - wenn sie <L1>farmen</L1> müssten, wie du es gemacht hast - denkst du, sie würden es tun?	Your sons, if they had to farm like you did, do you think they would do it now?				
Deine Söhne - wenn sie <N1>als Bäuer arbeiten</N1> müssten, wie du es gemacht hast - denkst du, sie würden es tun?	Your sons, if they had to farm like you did, do you think they would do it now?				
TRUE					
					
Die ersten beiden <L1>checken</L1> die Lage Chevchenko bleibt zurück!	Advance party is clearing, Chevchenko is hanging back.	checken austesten abchecken ausprobieren antesten herumexperimentieren | beaufsichtigen überwachen aufpassen im Visier haben nachhalten beobachten checken kontrollieren im Visier behalten im Blick haben im Sichtfeld haben | aufnehmen erschließen durchsehen fassen checken erfassen blicken verstehen der Groschen fällt dahintersteigen durchblicken klar sehen hinter etwas steigen durchschauen raffen bewusst werden durchsteigen kapieren jemandem eingehen schnallen überreißen peilen Klick machen begreifen spannen verarbeiten rallen			
Die ersten beiden <N1>überprüfen</N1> die Lage Chevchenko bleibt zurück!	Advance party is clearing, Chevchenko is hanging back.				
TRUE					
					
Anstatt Gewalt zu benutzen, wird Veronica total kreativ und <L1>clever</L1> mit der	Instead of using violence Veronica gets really creative and clever with the way that she solves her cases.	pfiffig clever smart | tückisch heimtückisch pfiffig listig clever gerissen hinterlistig schlau verschlagen durchtrieben | originell geschickt einfallsreich erfinderisch findig pfiffig clever schlau gescheit raffiniert gewieft aufgeweckt gefitzt ausgeschlafen auf Draht ausgebufft auf Zack helle plietsch gewitzt jenisch alert			
Anstatt Gewalt zu benutzen, wird Veronica total kreativ und <N1>pfiffig</N1> mit der	Instead of using violence Veronica gets really creative and clever with the way that she solves her cases.				
TRUE					
					
Heute Abend hat die <L1>NATO</L1> mit Luftschlägen gegen militärische Ziele in Jugoslawien begonnen.	Tonight started the NATO air strikes against military targets in Yugoslavia.	North Atlantic Treaty Organization Atlantisches Bündnis NATO			
Heute Abend hat die <N1>NATO</N1> mit Luftschlägen gegen militärische Ziele in Jugoslawien begonnen.	Tonight started the NATO air strikes against military targets in Yugoslavia.				
TRUE					
					
Die OSZE, Organisation für Sicherheit und Zusammenarbeit in Europa, müsste davon doch gewusst haben. Denn ihre Beobachter hatten <L1>penibel</L1> die Vorkommnisse im Kosovo gemeldet.	But the OSCE, the Organization for Security and Cooperation in Europe, must have known, because their observers have meticulously reported the events in Kosovo.	kleinlich kleinkariert peinlich genau akribisch minuziös penibel minutiös detailversessen detailbesessen überpenibel pedantisch päpstlicher als der Papst hyperkorrekt übergenau buchhalterisch perfektionistisch pingelig detailverliebt | genau sorgfältig gewissenhaft bis ins letzte Detail akkurat aufs Sorgfältigste peinlich genau aufs Gewissenhafteste akribisch fein säuberlich korrekt mit äußerster Sorgfalt aufs Genaueste skrupulös minuziös sehr genau penibel minutiös bis zur letzten Kleinigkeit			
Die OSZE, Organisation für Sicherheit und Zusammenarbeit in Europa, müsste davon doch gewusst haben. Denn ihre Beobachter hatten <N1>kleinlich</N1> die Vorkommnisse im Kosovo gemeldet.	But the OSCE, the Organization for Security and Cooperation in Europe, must have known, because their observers have meticulously reported the events in Kosovo.				
TRUE					
					
Und in ein <L1>top-secret</L1> Computer System der Regierung einzubrechen und Dateien zu kopieren?	Breaking into top-secret government computer systems and copying files?				
Und in ein <N1>geheimes</N1> Computer System der Regierung einzubrechen und Dateien zu kopieren?	Breaking into top-secret government computer systems and copying files?				
TRUE					
					
TOR wurde von der Navy konstruiert, damit sich ihre Informanten <L1>einloggen</L1> konnten und ihnen geheime Informationen von einem Land geben konnten, in dem sie nicht sein durften.	TOR was designed by the Navy so their informants could login and give them secret information from a country they're not supposed to be in.				
TOR wurde von der Navy konstruiert, damit sich ihre Informanten <N1>einloggen</N1> konnten und ihnen geheime Informationen von einem Land geben konnten, in dem sie nicht sein durften.	TOR was designed by the Navy so their informants could login and give them secret information from a country they're not supposed to be in.				
TRUE					
					
Stört es Dich, dass die <L1>NSA</L1> alles überwacht was Du online machst?	Does it bother you that the NSA monitors everything that you do online?				
Stört es Dich, dass die <N1>NSA</N1> alles überwacht was Du online machst?	Does it bother you that the NSA monitors everything that you do online?				
TRUE					
					
Sie <L1>kidnappen</L1> Menschen.	They kidnap people.	entführen kidnappen verschleppen			
Sie <N1>entführen</N1> Menschen.	They kidnap people.				
TRUE					
					
Stellen wir uns die Leitung einer Fabrik vor, wo sie diese Arbeiter haben, von denen einige einfach Mist fabrizieren und das Management kriegt gesagt: Hey, sie dürfen nur einmal im Jahr hier runter kommen, aber sie müssen uns bescheid geben, weil wir sie vielleicht <L1>austricksen</L1> und versuchen, gute Arbeit für den kleinen Augenblick zu machen.	So imagine running a factory where you've got these workers, some of them just making crap and the management is told,  Hey, you can only come down here once a year, but you need to let us know, because we might actually fool you, and try and do a good job in that one brief moment.	reinlegen austricksen übervorteilen überlisten			
Stellen wir uns die Leitung einer Fabrik vor, wo sie diese Arbeiter haben, von denen einige einfach Mist fabrizieren und das Management kriegt gesagt: Hey, sie dürfen nur einmal im Jahr hier runter kommen, aber sie müssen uns bescheid geben, weil wir sie vielleicht <N1>überlisten</N1> und versuchen, gute Arbeit für den kleinen Augenblick zu machen.	So imagine running a factory where you've got these workers, some of them just making crap and the management is told,  Hey, you can only come down here once a year, but you need to let us know, because we might actually fool you, and try and do a good job in that one brief moment.				
TRUE					
					
<L1>UNICEF</L1> berichtet, dass 2011 6,9 Millionen Kinder unter fünf Jahren durch vermeidbare und Armut bedingte Krankheiten starben.	look at this. UNlCEF reports that in 2011, 6.9 million children under five died from preventable, poverty-related diseases.	Kinderhilfswerk der Vereinten Nationen Weltkinderhilfswerk UNICEF			
<N1>UNICEF</N1> berichtet, dass 2011 6,9 Millionen Kinder unter fünf Jahren durch vermeidbare und Armut bedingte Krankheiten starben.	look at this. UNlCEF reports that in 2011, 6.9 million children under five died from preventable, poverty-related diseases.				
TRUE					
					
Und die Organisation bringt Menschen verschiedener Generationen zusammen, wie Holly Morgan, eine Studentin im Grundstudium, die sich verpflichtet hat, 10 % des kleinen Einkommens, das sie hat, abzugeben und hier rechts Ada Wan, die direkt für Arme gearbeitet hat, jetzt aber nach Yale gegangen ist, um einen <L1>MBA</L1> zu machen, um mehr geben zu können.	And the organization draws together people of different generations, like Holly Morgan, who's an undergraduate, who's pledged to give 10 percent of the little amount that she has, and on the right, Ada Wan, who has worked directly for the poor, but has now gone to Yale to do an MBA to have more to give.	MBA Master Of Business Administration			
Und die Organisation bringt Menschen verschiedener Generationen zusammen, wie Holly Morgan, eine Studentin im Grundstudium, die sich verpflichtet hat, 10 % des kleinen Einkommens, das sie hat, abzugeben und hier rechts Ada Wan, die direkt für Arme gearbeitet hat, jetzt aber nach Yale gegangen ist, um einen <N1>MBA</N1> zu machen, um mehr geben zu können.	And the organization draws together people of different generations, like Holly Morgan, who's an undergraduate, who's pledged to give 10 percent of the little amount that she has, and on the right, Ada Wan, who has worked directly for the poor, but has now gone to Yale to do an MBA to have more to give.				
TRUE					
					
Dann <L1>tippen</L1> Sie einfach pharmacy Chicago oder die Postleitzahl von Chicago ein.	You type  pharmacy Chicago,  or the zip code.	spielen tippen wetten zocken auf etwas setzen | tippen Maschine schreiben | eingeben hacken tippen (auf einer Tastatur) schreiben			
Dann <N1>tippen</N1> Sie einfach pharmacy Chicago oder die Postleitzahl von Chicago ein.	You type  pharmacy Chicago,  or the zip code.				
TRUE					
					
Das ist das Schaltnetzteil für den <L1>DVD</L1> Player.	So this is our Switch Mode Power Supply for the DVD player.	Digital Versatile Disc DVD			
Das ist das Schaltnetzteil für den <N1>DVD</N1> Player.	So this is our Switch Mode Power Supply for the DVD player.				
TRUE					
					
Gemeinde Ich werde das Auto auf dem Hügel <L1>parken</L1> dort drüben und halten Sie ein Auge auf dieses Haus mit dem Rat sagte dieser Affe sollte eigentlich stecken Ich kann sehen, das Haus und die meisten der Kleinkind wird bis beiseite	looking for told the constable two people i think that they're sometime this afternoon the custom of silence allow hole about it was a little too quick when we got away so effective in that house easter like how the parking lot in vegas an overpass a cop rachna backing out there because you made a break right we'll never get them skis salamander but ticket we shall doing surely won't aol about her mac yet bigot aapan free isaac unjustified donate had begun placed are suffering place upside-down dot is that a lot donatelli still myself gentlemen someday i'm gonna stick up ten and one of the stuff head out that my have you believe damages and just a moment chair accountants will give us the concluding part of our program remember the old iron bridge usa span the river in your hometown and the sign printed on the bridge read by a dollars feinberg driving faster than a wallop how times have changed nowadays we say april bradley cracked his spine or any kind of driving fast also about friends as putting it mildly the rest of the story of the rio grande the crack is the gasoline that goes in the time to the cause the crackdown the enemies of society and catch them not only does this by normal if you will power more police cars and more fire engines and differences in other life-and-death automotive equipment wherever it is sold in any other brand but we'll run decrypted the gasoline upon which preponderance of california state and federal government official depend to speed their emergency cars on the air waves more swiftly surely and economic are you one of the tens of thousands of motorists benefiting by this brief gasoline if not be up to date if rick it will cost us in this movie long-run got rio grande a cracked and enjoy the police car performance of this the most highly-acclaimed gasoline in the west annul sheriff champs recaptured man was howard l you have not been movement glycol caramel love his type eternal when cornered brought to my office not only confessed his california activities to me what bragged about his many criminal escapades he was tried separately for all his crimes committed in southern california now serving six separate sentences and also present is is another life of crime of those failed to pay thank you for your campus managers on the corner all cars national guard again to go against two hundred billion and regarding haldeman kidnapping bed his vision of investing national blooming dan the reader patrick glynn sleeping at night ovey all part of a copywriter program created by rio grande valley was unwinnable cardinal garden road getting two hundred morning deep blue and and sunset you know him mezzo windmill really are a few days and we don't celebrate the one hundred and thick effective anniversary of the signing of the declaration of independence and you know prem varma famous wait longer before is to visit some section of this great country of ours never seen before reforms of accident and the mother happen if the being one of these can be avoided by couple driving another bike up when he was a fire working on the other by giving you a moment of reflection in the was thirty real new motorola this great lubricant manufactured in the country's largest refinery and so may that it cannot break down under the pressure published during hot weather friend if you've been experimenting with wishy washy oiled up to remove a dollop of these properties and declare your independence right now and before you head up miniclip roll into the red and white male member station in your neighborhood and declare your allegiance jewelry aloo the newest standby miserable royal in the last the story really here tonight has been taken from the file of the los angeles police department we have therefore us chief of police gameday davis to open our program all the people who come to hollywood break into the movie is wouldn't there'd be a lot more happen is all around it has always been a mystery to me how anyone in his right mind will allow himself to be sold so completely by spurious producer that he will fight with his hard-earned money and they have a whole that he will someday be a big shot in the movies one of the most constantly recurring problems the police have to deal with is that of some unsuspecting person	parkieren parken stehenbleiben abstellen			
Gemeinde Ich werde das Auto auf dem Hügel <N1>abstellen</N1> dort drüben und halten Sie ein Auge auf dieses Haus mit dem Rat sagte dieser Affe sollte eigentlich stecken Ich kann sehen, das Haus und die meisten der Kleinkind wird bis beiseite	looking for told the constable two people i think that they're sometime this afternoon the custom of silence allow hole about it was a little too quick when we got away so effective in that house easter like how the parking lot in vegas an overpass a cop rachna backing out there because you made a break right we'll never get them skis salamander but ticket we shall doing surely won't aol about her mac yet bigot aapan free isaac unjustified donate had begun placed are suffering place upside-down dot is that a lot donatelli still myself gentlemen someday i'm gonna stick up ten and one of the stuff head out that my have you believe damages and just a moment chair accountants will give us the concluding part of our program remember the old iron bridge usa span the river in your hometown and the sign printed on the bridge read by a dollars feinberg driving faster than a wallop how times have changed nowadays we say april bradley cracked his spine or any kind of driving fast also about friends as putting it mildly the rest of the story of the rio grande the crack is the gasoline that goes in the time to the cause the crackdown the enemies of society and catch them not only does this by normal if you will power more police cars and more fire engines and differences in other life-and-death automotive equipment wherever it is sold in any other brand but we'll run decrypted the gasoline upon which preponderance of california state and federal government official depend to speed their emergency cars on the air waves more swiftly surely and economic are you one of the tens of thousands of motorists benefiting by this brief gasoline if not be up to date if rick it will cost us in this movie long-run got rio grande a cracked and enjoy the police car performance of this the most highly-acclaimed gasoline in the west annul sheriff champs recaptured man was howard l you have not been movement glycol caramel love his type eternal when cornered brought to my office not only confessed his california activities to me what bragged about his many criminal escapades he was tried separately for all his crimes committed in southern california now serving six separate sentences and also present is is another life of crime of those failed to pay thank you for your campus managers on the corner all cars national guard again to go against two hundred billion and regarding haldeman kidnapping bed his vision of investing national blooming dan the reader patrick glynn sleeping at night ovey all part of a copywriter program created by rio grande valley was unwinnable cardinal garden road getting two hundred morning deep blue and and sunset you know him mezzo windmill really are a few days and we don't celebrate the one hundred and thick effective anniversary of the signing of the declaration of independence and you know prem varma famous wait longer before is to visit some section of this great country of ours never seen before reforms of accident and the mother happen if the being one of these can be avoided by couple driving another bike up when he was a fire working on the other by giving you a moment of reflection in the was thirty real new motorola this great lubricant manufactured in the country's largest refinery and so may that it cannot break down under the pressure published during hot weather friend if you've been experimenting with wishy washy oiled up to remove a dollop of these properties and declare your independence right now and before you head up miniclip roll into the red and white male member station in your neighborhood and declare your allegiance jewelry aloo the newest standby miserable royal in the last the story really here tonight has been taken from the file of the los angeles police department we have therefore us chief of police gameday davis to open our program all the people who come to hollywood break into the movie is wouldn't there'd be a lot more happen is all around it has always been a mystery to me how anyone in his right mind will allow himself to be sold so completely by spurious producer that he will fight with his hard-earned money and they have a whole that he will someday be a big shot in the movies one of the most constantly recurring problems the police have to deal with is that of some unsuspecting person				
TRUE					
					
Der Chef hat Schwierigkeiten mit dem Hören, so hat der Arbeitnehmer zu <L1>intensivieren</L1> ganz in seiner Nähe.	The boss has trouble hearing, so the employee has to step up quite close to him.	stützen stärken intensivieren ankurbeln verstärken untermauern vertiefen			
Der Chef hat Schwierigkeiten mit dem Hören, so hat der Arbeitnehmer zu <N1>verstärken</N1> ganz in seiner Nähe.	The boss has trouble hearing, so the employee has to step up quite close to him.				
TRUE					
					
Und selbst wenn er den Zug einholte, gab es keine Vermeidung eines <L1>Blow-up</L1> mit dem Chef, weil die Firma Laufbursche wäre für den 5.00 Zug gewartet habe und berichtet die Nachricht von seiner Abwesenheit vor langer Zeit.	And even if he caught the train, there was no avoiding a blow-up with the boss, because the firm's errand boy would've waited for the five o'clock train and reported the news of his absence long ago.				
Und selbst wenn er den Zug einholte, gab es keine Vermeidung eines <N1></N1> mit dem Chef, weil die Firma Laufbursche wäre für den 5.00 Zug gewartet habe und berichtet die Nachricht von seiner Abwesenheit vor langer Zeit.	And even if he caught the train, there was no avoiding a blow-up with the boss, because the firm's errand boy would've waited for the five o'clock train and reported the news of his absence long ago.		bad grammar		
FALSE					
					
<L1>Take it easy</L1> auf meine Eltern!	Take it easy on my parents!				
<N1>Take it easy</N1> auf meine Eltern!	Take it easy on my parents!				
TRUE					
					
Mit einem halb bewußtlos drehen und nicht ohne eine leichte Scham eilte er unter der Couch, wo trotz der Tatsache, dass sein Rücken ein wenig eng war und er konnte nicht mehr sein Haupt erheben, fühlte er sich sehr <L1>komfortabel</L1> und bedauerte nur, daß sein Körper zu breit war, um ganz fit unter es.	With a half unconscious turn and not without a slight shame he scurried under the couch, where, in spite of the fact that his back was a little cramped and he could no longer lift up his head, he felt very comfortable and was sorry only that his body was too wide to fit completely under it.	luxuriös komfortabel feudal | bequem lässig behaglich komfortabel			
Mit einem halb bewußtlos drehen und nicht ohne eine leichte Scham eilte er unter der Couch, wo trotz der Tatsache, dass sein Rücken ein wenig eng war und er konnte nicht mehr sein Haupt erheben, fühlte er sich sehr <N1></N1> und bedauerte nur, daß sein Körper zu breit war, um ganz fit unter es.	With a half unconscious turn and not without a slight shame he scurried under the couch, where, in spite of the fact that his back was a little cramped and he could no longer lift up his head, he felt very comfortable and was sorry only that his body was too wide to fit completely under it.		bad grammar		
FALSE					
					
Ohne zu sagen, dass es <L1>originell</L1> sei, es ist einfach die: 2 mal 10 --Ich schreibe gerade klein-- plus minus 3 mal 12	Or without saying it that fancy, it's just this: it's 2 times 10, so 2-- I'm going to write small-- times 10, plus minus 3 times 12.	originell eigenartig eigen ausgefallen eigentümlich idiosynkratisch besonders | originell ingeniös ideenreich einfallsreich erfinderisch fantasiebegabt phantasiebegabt phantasievoll innovativ gestalterisch kreativ fantasievoll schöpferisch erfindungsreich | originell vigilant mit Witz findig geistreich blitzgescheit witzig pfiffig | originell geschickt einfallsreich erfinderisch findig pfiffig clever schlau gescheit raffiniert gewieft aufgeweckt gefitzt ausgeschlafen auf Draht ausgebufft auf Zack helle plietsch gewitzt jenisch alert | originell neuartig innovativ frisch neu entwickelt nie dagewesen neu auf dem Markt der letzte Schrei neu entstanden noch nicht dagewesen			
Ohne zu sagen, dass es <N1></N1> sei, es ist einfach die: 2 mal 10 --Ich schreibe gerade klein-- plus minus 3 mal 12	Or without saying it that fancy, it's just this: it's 2 times 10, so 2-- I'm going to write small-- times 10, plus minus 3 times 12.		bad grammar		
FALSE					
					
Am 3. Maerz 2015 war Amerika <L1>bankrott</L1>	Title: America declares bankruptcy March 3rd 2016	blank bankrott zahlungsunfähig pleite insolvent finanzschwach mittellos illiquide (finanziell) am Ende ohne Geld abgebrannt | Pleite Insolvenz Zahlungseinstellung Konkursfall Ruin Illiquidität Konkurs Zahlungsunfähigkeit Bankrottfall Bankrott | in Konkurs bankrott illiquide zahlungsunfähig pleite insolvent			
Am 3. Maerz 2015 war Amerika <N1>pleite</N1>	Title: America declares bankruptcy March 3rd 2016				
TRUE					
					
Nun, wir <L1>riskieren</L1> ziemlich viel.	Now, we anted up pretty good.	gefährden aufs Spiel setzen riskieren			
Nun, wir <N1>setzen aufs Spiel</N1> ziemlich viel.	Now, we anted up pretty good.				
TRUE					
					
Auch auf diesem Event <L1>twittern</L1> dutzende von Leuten und tausende verfolgen ihre Tweeds da sie wissen möchten wie es ist hier zu sein und was hier geschieht.	At this event, dozens of people here are Twittering and thousands of people around the world are following along because they want to know what it feels like to be here and what's happening.	zwitschern tweeten sich Twitter-Nachrichten schicken twittern			
Auch auf diesem Event <N1>twittern</N1> dutzende von Leuten und tausende verfolgen ihre Tweeds da sie wissen möchten wie es ist hier zu sein und was hier geschieht.	At this event, dozens of people here are Twittering and thousands of people around the world are following along because they want to know what it feels like to be here and what's happening.				
TRUE					
					
Sie hat nie erinnerte sich <L1>familiär</L1> etwas anderes als die dunklen Gesichter ihrer Ayah und die anderen einheimischen Dienern, und als sie immer gehorchte ihr und gab ihr ihren eigenen Weg in alles, da der Mem Sahib würde böse sein, wenn sie von ihrem Schreien gestört wurde, von der Zeit war sie sechs Jahre alt war sie als tyrannisch und egoistisch ein kleines Schwein als jemals gelebt hat.	She never remembered seeing familiarly anything but the dark faces of her Ayah and the other native servants, and as they always obeyed her and gave her her own way in everything, because the Mem Sahib would be angry if she was disturbed by her crying, by the time she was six years old she was as tyrannical and selfish a little pig as ever lived.	vertraut bekannt familiär traut			
Sie hat nie erinnerte sich <N1></N1> etwas anderes als die dunklen Gesichter ihrer Ayah und die anderen einheimischen Dienern, und als sie immer gehorchte ihr und gab ihr ihren eigenen Weg in alles, da der Mem Sahib würde böse sein, wenn sie von ihrem Schreien gestört wurde, von der Zeit war sie sechs Jahre alt war sie als tyrannisch und egoistisch ein kleines Schwein als jemals gelebt hat.	She never remembered seeing familiarly anything but the dark faces of her Ayah and the other native servants, and as they always obeyed her and gave her her own way in everything, because the Mem Sahib would be angry if she was disturbed by her crying, by the time she was six years old she was as tyrannical and selfish a little pig as ever lived.		bad grammar		
FALSE					
					
Dann gehe ich nach Hause ein <L1>clean</L1> up für Mutter ein gib ihr einen Tag Ruhe.	Then I go home an' clean up for mother an' give her a day's rest.				
Dann gehe ich nach Hause ein <N1></N1> up für Mutter ein gib ihr einen Tag Ruhe.	Then I go home an' clean up for mother an' give her a day's rest.		bad grammar		
FALSE					
					
Jeden Morgen wachte sie in ihrem tapestried Zimmer und fand Martha knien auf dem Herd Gebäude ihr Feuer; jeden Morgen aß ihr Frühstück in den Kindergarten, die hatte nichts <L1>amüsant</L1> in sie, und nach jedem Frühstück schaute sie aus dem Fenster hinüber zu den großen Moor, das schien verteilt auf allen Seiten und klettern in den Himmel, und nachdem sie eine Weile starrte sie erkannte, dass wenn sie nicht gehen sie müsste Aufenthalt in und nichts tun - und so ging sie hinaus.	Every morning she awoke in her tapestried room and found Martha kneeling upon the hearth building her fire; every morning she ate her breakfast in the nursery which had nothing amusing in it; and after each breakfast she gazed out of the window across to the huge moor which seemed to spread out on all sides and climb up to the sky, and after she had stared for a while she realized that if she did not go out she would have to stay in and do nothing--and so she went out.	komisch lustig scherzhaft witzig urkomisch zum Schießen belustigend brüllend komisch rasend komisch zum Kaputtlachen grobhumorig zum Schreien schreiend komisch humorig äußerst komisch ulkig spaßig amüsant zum Totlachen | amüsant vergnüglich kurzweilig			
Jeden Morgen wachte sie in ihrem tapestried Zimmer und fand Martha knien auf dem Herd Gebäude ihr Feuer; jeden Morgen aß ihr Frühstück in den Kindergarten, die hatte nichts <N1></N1> in sie, und nach jedem Frühstück schaute sie aus dem Fenster hinüber zu den großen Moor, das schien verteilt auf allen Seiten und klettern in den Himmel, und nachdem sie eine Weile starrte sie erkannte, dass wenn sie nicht gehen sie müsste Aufenthalt in und nichts tun - und so ging sie hinaus.	Every morning she awoke in her tapestried room and found Martha kneeling upon the hearth building her fire; every morning she ate her breakfast in the nursery which had nothing amusing in it; and after each breakfast she gazed out of the window across to the huge moor which seemed to spread out on all sides and climb up to the sky, and after she had stared for a while she realized that if she did not go out she would have to stay in and do nothing--and so she went out.		bad grammar		
FALSE					
					
Und hier ist die grundsätzliche Idee, dass Migefühl zu guten Taten für Menschen führt, die sich dafür <L1>revanchieren</L1> werden.	And there, the basic idea is that compassion leads you to do good things for people who then will return the favor.				
Und hier ist die grundsätzliche Idee, dass Migefühl zu guten Taten für Menschen führt, die sich dafür <N1>erkenntlich zeigen</N1> werden.	And there, the basic idea is that compassion leads you to do good things for people who then will return the favor.				
TRUE					
					
Zusätzlich zu ihrem Überlebenskampf müssen die Tribute also <L1>performen</L1> und schauspielern, um Mitgefühl und Geschenke von ihren Sponsoren zu bekommen.	So in addition to trying to survive, the tributes are performing and acting as a way to gain sympathy and gifts from sponsors.	schaffen leisten Leistung erbringen performen			
Zusätzlich zu ihrem Überlebenskampf müssen die Tribute also <N1>Leistung erbringen</N1> und schauspielern, um Mitgefühl und Geschenke von ihren Sponsoren zu bekommen.	So in addition to trying to survive, the tributes are performing and acting as a way to gain sympathy and gifts from sponsors.				
TRUE					
					
Aber das Ziel ist es viel weiter zu gehen und, sehr umfassend, all diese Arten des Wissens zu <L1>demokratisieren</L1> und zu versuchen eine zuverlässige	But the goal is to go much further and, very broadly, to democratize all of this knowledge, and to try and be an authoritative source in all areas.				
Aber das Ziel ist es viel weiter zu gehen und, sehr umfassend, all diese Arten des Wissens zu <N1>demokratisieren</N1> und zu versuchen eine zuverlässige	But the goal is to go much further and, very broadly, to democratize all of this knowledge, and to try and be an authoritative source in all areas.				
TRUE					
					
Lesen Sie mit: die Google-Emails, lesen Sie mit wenn die Leute <L1>chatten</L1> - und SMS kriegen wir auch noch hin.	And as I said, the question on when the Western countries are willing to intervene in such a conflict has to be discussed anew, and we can't solve this question here tonight, that'll be a discourse that will probably take multiple months and years. The question is whether the western countries are not already intervening, but in an inofficial capacity.	chatten ein Chatprogramm benutzen über eine Chat-Platform kommunizieren			
Lesen Sie mit: die Google-Emails, lesen Sie mit wenn die Leute <N1></N1> - und SMS kriegen wir auch noch hin.	And as I said, the question on when the Western countries are willing to intervene in such a conflict has to be discussed anew, and we can't solve this question here tonight, that'll be a discourse that will probably take multiple months and years. The question is whether the western countries are not already intervening, but in an inofficial capacity.		bad grammar		
FALSE					
					
Hier stellen Tausende von Benutzern Musik zur Verfügung, die alle auf ihren Computer <L1>downloaden</L1> können.	Here, thousands of users make music available,which everyone can download to their computer.	laden herunterladen herunterkopieren runterladen downloaden			
Hier stellen Tausende von Benutzern Musik zur Verfügung, die alle auf ihren Computer <N1>herunterladen</N1> können.	Here, thousands of users make music available,which everyone can download to their computer.				
TRUE					
					
Wenn wir heutige Organisationen weiter entwickeln wollen, ist eins der wichtigsten Dinge, auf die wir schauen sollten, wie wir das Betriebssystem der Organisationen <L1>upgraden</L1> können auf etwas, das durch und mit Spannungsverarbeitung funktioniert, in dem jede Spannung, wahrgenommen von egal wem, überall in der Organisation ihren Platz hat, an dem sie schnell, effizient und zuverlässig verarbeitet wird und sinnvolle Veränderung nach sich zieht.	I think if we want to evolve our organizations today, one of the key thing we need to look at is how the organizational operating system can be upgraded to something powered by tension processing, where any tension sensed by anyone, anywhere in the company has some place to go to get rapidly and reliably processed in a meaningful change.	verbessern heben verfeinern veredeln höhere Weihen erteilen nobilitieren auszeichnen aufwerten erheben adeln upgraden | auf den neuesten Stand bringen auf den aktuellen Stand bringen à jour bringen auf neue Füße stellen aktualisieren upgraden modernisieren ajourieren updaten Upgrade vornehmen Update durchführen			
Wenn wir heutige Organisationen weiter entwickeln wollen, ist eins der wichtigsten Dinge, auf die wir schauen sollten, wie wir das Betriebssystem der Organisationen <N1>verbessern</N1> können auf etwas, das durch und mit Spannungsverarbeitung funktioniert, in dem jede Spannung, wahrgenommen von egal wem, überall in der Organisation ihren Platz hat, an dem sie schnell, effizient und zuverlässig verarbeitet wird und sinnvolle Veränderung nach sich zieht.	I think if we want to evolve our organizations today, one of the key thing we need to look at is how the organizational operating system can be upgraded to something powered by tension processing, where any tension sensed by anyone, anywhere in the company has some place to go to get rapidly and reliably processed in a meaningful change.				
TRUE					
					
Wenn wir diese konkreten, klaren, disziplinierten Strukturen und Systeme <L1>etablieren</L1> können, im Rahmen einer umfassenden, natürlicheren Organisationsstruktur geben wir unserer Organisation die Kapazität zur Evolution: neue Möglichkeiten und Chancen, die die meisten Organisationen heutzutage nicht wirklich haben.	If we can put in place these concrete, clear, disciplined structues and systems, within an overarching more organic organizational structure, we give our organization a capacity for evolution: new potential that most organizations today don't really have.	durchsetzen gründen einrichten aufbauen ins Leben rufen konstituieren etablieren greifen			
Wenn wir diese konkreten, klaren, disziplinierten Strukturen und Systeme <N1>durchsetzen</N1> können, im Rahmen einer umfassenden, natürlicheren Organisationsstruktur geben wir unserer Organisation die Kapazität zur Evolution: neue Möglichkeiten und Chancen, die die meisten Organisationen heutzutage nicht wirklich haben.	If we can put in place these concrete, clear, disciplined structues and systems, within an overarching more organic organizational structure, we give our organization a capacity for evolution: new potential that most organizations today don't really have.				
TRUE					
					
Sie <L1>streiken</L1> seit einigen Tagen.	They are on strike for several days now.	ausgehen streiken stehenbleiben nicht funktionieren aufhören zu laufen | streiken in Streik treten in den Ausstand treten die Arbeit niederlegen			
Sie <N1>legen die Arbeit nieder</N1> seit einigen Tagen.	They are on strike for several days now.				
TRUE					
					
In einer Zeit beispiellosen Bevölkerungswachstums und zunehmendem Nahrungsbedarf könnte sich das als <L1>desaströs</L1> erweisen.	In a period of unprecedented population growth and increased food demands, this could prove disastrous.	mies sehr schlecht vernichtend katastrophal saumäßig unterirdisch zum Abgewöhnen unter aller Kanone hundsmiserabel miserabel unter aller Sau grottig lausig grottenschlecht lausig schlecht eine Katastrophe verderblich unheilvoll verheerend desaströs			
In einer Zeit beispiellosen Bevölkerungswachstums und zunehmendem Nahrungsbedarf könnte sich das als <N1>verheerend</N1> erweisen.	In a period of unprecedented population growth and increased food demands, this could prove disastrous.				
TRUE					
					
Ein System von Selbstlimitation und Überwachung auf der Basis von der fundamentellen Prämisse dass Geschmäcker am besten <L1>riskant</L1> sind, am schlechtesten unzulässig.	A system of self limitation and monitoring based on the fundamental premise that appetites are at best risky, at worst impermissible.	kühn unsicher gefährlich riskant risikobehaftet gewagt mit einem Risiko verbunden Risiken bergen nicht ungefährlich mit ungewissem Ausgang Risiko bergen heiß mit Risiken verbunden auf dünnem Eis | vermessen riskant risikofreudig waghalsig tolldreist mit Todesverachtung Wer wagt, gewinnt. draufgängerisch tollkühn risikobereit verwegen todesmutig | unsicher kritisch ernst brenzlig bedenklich bedrohlich Besorgnis erregend beunruhigend gefährlich besorgniserregend riskant gefahrenträchtig abenteuerlich			
Ein System von Selbstlimitation und Überwachung auf der Basis von der fundamentellen Prämisse dass Geschmäcker am besten <N1></N1> sind, am schlechtesten unzulässig.	A system of self limitation and monitoring based on the fundamental premise that appetites are at best risky, at worst impermissible.		bad grammar		
FALSE					
					
Sie <L1>stalken</L1> glückliche Paare und studieren jeden Schritt und jede Eigentümlichkeit.	They stalk blissful couples and they study their every move and mannerism.	verfolgen stalken jemandem hinterherspionieren jemandem heimlich folgen jemandem nachspionieren jemandem nachstellen jemandem nachschleichen jemandem hinterherschleichen			
Sie <N1>stalken</N1> glückliche Paare und studieren jeden Schritt und jede Eigentümlichkeit.	They stalk blissful couples and they study their every move and mannerism.				
TRUE					
					
Wir können spatter <L1>flirten</L1> Dr. Akagi; im Moment haben wir wichtige Arbeit zu tun.	We can flirt later, Dr. Akagi; right now we have important work to do.	schäkern tändeln herummachen mit rummachen mit herumturteln scharmutzieren flirten beturteln kokettieren liebäugeln poussieren turteln herumschäkern bebalzen liebeln | flirten flöten schmeicheln säuseln gurren			
Wir können spatter <N1>schäkern</N1> Dr. Akagi; im Moment haben wir wichtige Arbeit zu tun.	We can flirt later, Dr. Akagi; right now we have important work to do.				
TRUE					
					
Aber in der Mitte hier gibt es so eine Art <L1>fixen</L1> Punkt.	But you have a kind of a set point there, which would be in the middle.	drücken fixen sich Drogen spritzen | verbessern ausbessern überarbeiten berichtigen ausbügeln korrigieren fixen emendieren			
Aber in der Mitte hier gibt es so eine Art <N1>festen</N1> Punkt.	But you have a kind of a set point there, which would be in the middle.				
TRUE					
					
<L1>MP3</L1> Player zu verbieten.	MP3 players.				
<N1>MP3</N1> Player zu verbieten.	MP3 players.				
TRUE					
					
Er würde mir kleine schwarze Punkte auf die rechte Seite meines Gesichts <L1>tätowieren</L1> und mein Aussehen sehr symmetrisch machen.	He was going to tattoo little black dots on the right side of my face and make me look very symmetric.				
Er würde mir kleine schwarze Punkte auf die rechte Seite meines Gesichts <N1>tätowieren</N1> und mein Aussehen sehr symmetrisch machen.	He was going to tattoo little black dots on the right side of my face and make me look very symmetric.				
TRUE					
					
Es gab in dieser Gruppe eine Person, die eine sehr hohe Leistung haben sollte, die in Wirklichkeit aber <L1>miserabel</L1> abschnitt.	There was one person in the group that was supposed to have very high performance that was actually performing terribly.	unglücklich heruntergekommen hoffnungslos armselig arm kläglich erbärmlich beklagenswert miserabel bemitleidenswert bejammernswert erbarmungswürdig Mitleid erregend arm dran bedauernswert letztklassig jammervoll jämmerlich zu bedauern | abgrundtief miserabel entsetzlich abgründig | mies sehr schlecht vernichtend katastrophal saumäßig unterirdisch zum Abgewöhnen unter aller Kanone hundsmiserabel miserabel unter aller Sau grottig lausig grottenschlecht lausig schlecht eine Katastrophe verderblich unheilvoll verheerend desaströs			
Es gab in dieser Gruppe eine Person, die eine sehr hohe Leistung haben sollte, die in Wirklichkeit aber <N1>kläglich</N1> abschnitt.	There was one person in the group that was supposed to have very high performance that was actually performing terribly.				
TRUE					
					
Alan Horsager von der USC geleitet und was das Start-up Eos Neuroscience <L1>kommerzialisieren</L1> möchte, finanziert vom NIH.	Alan Horsager at USC, and being sought to be commercialized by a start-up company Eos Neuroscience, which is funded by the NlH.				
Alan Horsager von der USC geleitet und was das Start-up Eos Neuroscience <N1>handelsfähig machen</N1> möchte, finanziert vom NIH.	Alan Horsager at USC, and being sought to be commercialized by a start-up company Eos Neuroscience, which is funded by the NlH.				
TRUE					
					
Sie denken, dass das Spiel <L1>unfair</L1> ist.	They think this game is unfair.	nicht in Ordnung nicht fair unfair nicht gerecht nicht okay ungerecht | regelwidrig nicht fair unsportlich unfair			
Sie denken, dass das Spiel <N1>ungerecht</N1> ist.	They think this game is unfair.				
TRUE					
					
Und ich möchte nun mit Vorschlägen schließen, die zeigen, wie man einige dieser Prinzipen in die reale Welt <L1>transferieren</L1> kann.	And I just want to end by suggesting a few ways in which these principles could fan out into the world.	veräußern übertragen transferieren | transferieren tauschen austauschen ablösen ersetzen substituieren auswechseln			
Und ich möchte nun mit Vorschlägen schließen, die zeigen, wie man einige dieser Prinzipen in die reale Welt <N1>übertragen</N1> kann.	And I just want to end by suggesting a few ways in which these principles could fan out into the world.				
TRUE					
					
Arizal Poesie hat, schreibt er: ; <L1>arrangieren</L1> ungelöst, ungelöste Tisch	The Ari Hakadosh has a saying, he writes:  L'Sader Patora,   Patora  is a table	arrangieren zusammenstellen anordnen zurechtstellen formatieren in ein Format bringen | realisieren einrichten aufbauen anlegen arrangieren systematisieren serialisieren strukturieren ordnen aufreihen gliedern zusammenstellen rangieren aufstellen gestalten anordnen | arrangieren vorbereiten organisieren auf den Weg bringen einstielen in die Wege leiten anbahnen einfädeln | aufziehen arrangieren gestalten abhalten formen			
Arizal Poesie hat, schreibt er: ; <N1></N1> ungelöst, ungelöste Tisch	The Ari Hakadosh has a saying, he writes:  L'Sader Patora,   Patora  is a table		bad grammar		
FALSE					
					
Beim Schälen Sie die schälen und essen das Innere Teil des <L1>sweet</L1> sweet, fragen freisprechen	When peeling the peel and we eat the inside part that is sweet sweet, we ask to be judges favorably				
Beim Schälen Sie die schälen und essen das Innere Teil des <N1></N1> sweet, fragen freisprechen	When peeling the peel and we eat the inside part that is sweet sweet, we ask to be judges favorably		bad grammar		
FALSE					
					
A Schönheit, schauen, wie viel Sie die Natur, <L1>charmant</L1> zu lieben.	A beauty, look how much you love nature, charming (conversing with crowd).	gut schön eins a sympathisch angenehm vorteilhaft günstig ersprießlich tadellos positiv charmant ergötzlich glücklich fein manierlich herzerfrischend wohltuend gefreut erbaulich herzerquicklich erhebend erfreulich pläsierlich erquicklich 1a von guter Qualität | entzückend liebreizend aufregend reizvoll anziehend bezaubernd faszinierend charmant gewinnend apart | nett gefällig freundlich charmant			
A Schönheit, schauen, wie viel Sie die Natur, <N1></N1> zu lieben.	A beauty, look how much you love nature, charming (conversing with crowd).		bad grammar		
FALSE					
					
Gast sagt Haim heilig, dass er wirklich war, wirklich <L1>smart</L1> und als er zu Mose kam und gab ihm Anregungen Optimierung Mose erzählen, wie wollen Sie das Volk zu richten, was ist das Ineffizienz?	Guest says Haim holy: that he was really, really smart and when he came to Moses and gave him suggestions optimization tell Moses, how do you judge the people, what is this inefficiency?	pfiffig clever smart			
Gast sagt Haim heilig, dass er wirklich war, wirklich <N1></N1> und als er zu Mose kam und gab ihm Anregungen Optimierung Mose erzählen, wie wollen Sie das Volk zu richten, was ist das Ineffizienz?	Guest says Haim holy: that he was really, really smart and when he came to Moses and gave him suggestions optimization tell Moses, how do you judge the people, what is this inefficiency?		bad grammar		
FALSE					
					
Plötzlich - zwangen sie zu <L1>montieren</L1> fast gezwungen	Suddenly - forced them to mount almost forced	Montieren Aufschlagen | einrichten einbauen zusammenfügen einsetzen einarbeiten montieren einpassen installieren | anfügen befestigen montieren anbringen festmachen			
Plötzlich - zwangen sie zu <N1></N1> fast gezwungen	Suddenly - forced them to mount almost forced		bad grammar		
FALSE					
					
Sehen Sie, wie Sie wie ein normaler Mensch gehen, gerade, nicht wie ein Kinderwagen Töchter, eine der schwierigsten, wenn körperlich kranke Mutter im Krankenhaus geehrt Gott um sie kümmern , um ihre Augenbrauen, zog ihr <L1>Make-up</L1>	See how you walk like a normal person, straight, not like a baby stroller daughters, one of the most difficult when physically ill mother in hospital honored God take care of her to get her eyebrows, put on her makeup	Schminke Make-up			
Sehen Sie, wie Sie wie ein normaler Mensch gehen, gerade, nicht wie ein Kinderwagen Töchter, eine der schwierigsten, wenn körperlich kranke Mutter im Krankenhaus geehrt Gott um sie kümmern , um ihre Augenbrauen, zog ihr <N1>Schminke</N1>	See how you walk like a normal person, straight, not like a baby stroller daughters, one of the most difficult when physically ill mother in hospital honored God take care of her to get her eyebrows, put on her makeup				
TRUE					
					
Und er beginnt, in andere Gewebe hineinzuwachsen, sie zu <L1>infiltrieren</L1> dann ist er invasiv.	And he starts infiltrating other tissue, so he's invasive.	durchsetzen sich einschmuggeln sich einschleichen einsickern unterwandern langsam eindringen infiltrieren			
Und er beginnt, in andere Gewebe hineinzuwachsen, sie zu <N1>unterwandern</N1> dann ist er invasiv.	And he starts infiltrating other tissue, so he's invasive.				
TRUE					
					
Aber ich war völlig überrascht davon, wieviel es davon gab und wie <L1>spektakulär</L1> es war.	But I was totally unprepared for how much there was and how spectacular it was.	imposant effektvoll filmreif aufsehenerregend dramatisch medienwirksam spektakulär Aufsehen erregend hollywoodreif sensationell			
Aber ich war völlig überrascht davon, wieviel es davon gab und wie <N1>filmreif</N1> es war.	But I was totally unprepared for how much there was and how spectacular it was.				
TRUE					
					
Und Sie können sehen, wie knapp unser Budget war, wir haben die 16 <L1>LED</L1> in Epoxid gegossen und in der Gussform können Sie noch das Wort Ziploc erkennen.	And you can see just what a shoestring operation this really was, because we cast these 16 blue LEDs in epoxy and you can see in the epoxy mold that we used, the word Ziploc is still visible.	LED Lumineszenzdiode Leuchtdiode			
Und Sie können sehen, wie knapp unser Budget war, wir haben die 16 <N1>LED</N1> in Epoxid gegossen und in der Gussform können Sie noch das Wort Ziploc erkennen.	And you can see just what a shoestring operation this really was, because we cast these 16 blue LEDs in epoxy and you can see in the epoxy mold that we used, the word Ziploc is still visible.				
TRUE					
					
Dann zwei Teile eines Films, der auf eine <L1>TV-Serie</L1> zurückgeht die wiederum von einer Spielzeugmarke inspiriert war	We've got two sequels to a film that was adapted from an animated TV show based on a line of toys.				
Dann zwei Teile eines Films, der auf eine <N1>Fernsehserie</N1> zurückgeht die wiederum von einer Spielzeugmarke inspiriert war	We've got two sequels to a film that was adapted from an animated TV show based on a line of toys.				
TRUE					
					
Es reicht nicht, einfach Mitarbeiter einzustellen. Man muss auch weitere Mitarbeiter einstellen, um diese Mitarbeiter zu <L1>managen</L1> und um die Ziele der Institution durchzusetzen und so weiter.	No good just hiring employees, you also have to hire other employees to manage those employees and to enforce the goals of the institution and so forth.	bewerkstelligen handhaben handeln managen zurechtkommen | beherrschen herrschen managen regeln			
Es reicht nicht, einfach Mitarbeiter einzustellen. Man muss auch weitere Mitarbeiter einstellen, um diese Mitarbeiter zu <N1>betreuen</N1> und um die Ziele der Institution durchzusetzen und so weiter.	No good just hiring employees, you also have to hire other employees to manage those employees and to enforce the goals of the institution and so forth.				
TRUE					
					
Meetup ist ein Service, der Nutzern bei der Suche hilft, Menschen mit gleichen Interessen und Neigungen in ihrer Nachbarschaft zu finden und sich sogar <L1>offline</L1> in der realen Welt zu treffen, in einem Café, einer Kneipe oder wo auch immer.	Meetup, a service founded so that users could find people in their local area who share their interests and affinities and actually have a real-world meeting offline in a cafe or a pub or what have you.	getrennt offline unangeschlossen nicht online nicht angeschlossen nicht am Netz rechnerunabhängig			
Meetup ist ein Service, der Nutzern bei der Suche hilft, Menschen mit gleichen Interessen und Neigungen in ihrer Nachbarschaft zu finden und sich sogar <N1>offline</N1> in der realen Welt zu treffen, in einem Café, einer Kneipe oder wo auch immer.	Meetup, a service founded so that users could find people in their local area who share their interests and affinities and actually have a real-world meeting offline in a cafe or a pub or what have you.				
TRUE					
					
Ich will euch ein paar Ansätze zeigen, wie ihr es anstellen könnt, dass wir sehen können, dass die Wissenschaft und die Technik, mit der ihr euch beschäftigt, <L1>sexy</L1> und spannend ist.	I want to share a few keys on how you can do that to make sure that we can see that your science is sexy and that your engineering is engaging.	aktuell sexy steht hoch im Kurs gefragt kultig en vogue trendy (voll) im Trend angesagt im Trend liegen im Schwange in Mode Mode sein in dem Zeitgeist entsprechend hip trendig zum guten Ton gehören | scharf geil atemraubend atemberaubend reizend attraktiv Blicke auf sich ziehen aufreizend ansprechend Lust machen weiblichen Reize zur Geltung bringen lustvoll heiß wohlgestaltet lasziv aufregend Phantasien auslösen aphrodisierend mit heißen Kurven verführerisch Hormone ankurbelnd erregend erotisierend sinnlich rassig erotisch Männerherzen höher schlagen lassen stimulierend wohlgeformt lecker knackig knusprig reizvoll Hormone in Wallung bringen wohlproportioniert kurvig sexy betörend zum Anbeißen			
Ich will euch ein paar Ansätze zeigen, wie ihr es anstellen könnt, dass wir sehen können, dass die Wissenschaft und die Technik, mit der ihr euch beschäftigt, <N1>aktuell</N1> und spannend ist.	I want to share a few keys on how you can do that to make sure that we can see that your science is sexy and that your engineering is engaging.				
TRUE					
					
Zuallererst, wenn Sie im Internet <L1>surfen</L1> und <L2>runterscrollen</L2> wollen, lassen Sie Ihre Finger von der Maus.	First of all, on the web, if you want to scroll down, don't pick up the mouse and use the scroll bar.	Surfing Wellenreiten Surfen | browsen einen Webbrowser benutzen surfen			
Zuallererst, wenn Sie im Internet <N1>surfen</N1> und <N2>runterscrollen</N2> wollen, lassen Sie Ihre Finger von der Maus.	First of all, on the web, if you want to scroll down, don't pick up the mouse and use the scroll bar.				
TRUE					
					
Aber was ist mit dem <L1>Pop-up-Menü</L1> zur Eingabe des Bundesstaates?	But what about the pop-up menu where you put in your state?				
Aber was ist mit dem <N1>Pop-up-Menü</N1> zur Eingabe des Bundesstaates?	But what about the pop-up menu where you put in your state?				
TRUE					
					
Sie wollen <L1>modern</L1> , nicht effektiv .	They want Buck Rogers, they don't want effective.	verfallen verwesen verkommen faulen gammeln verfaulen vergammeln herunterkommen verlottern verrotten vermodern modern | auf der Höhe der Zeit auf dem neuesten Stand neoterisch zeitgerecht neumodisch fortschrittlich neuartig neuzeitlich topaktuell neu modern aktuell heutig up to date von heute zeitgemäß à jour			
Sie wollen <N1>aktuell</N1> , nicht effektiv .	They want Buck Rogers, they don't want effective.				
TRUE					
					
Mit einem Kumpel zu <L1>jammen</L1> ist immer eine lustige Sache, aber ich bin überzeugt, dass du diese Übung besser alleine machst, damit du nicht Angst hast, Fehler zu machen und dich besser konzentrieren kannst und selbstständig herumprobieren kannst.	Jamming with your mates is always a good fun thing but, at this time, I really think it might be better to be on your own where you're not afraid of making mistakes and you can kind of concentrate and kind of figure out the sounds on your own.				
Mit einem Kumpel zu <N1>jammen</N1> ist immer eine lustige Sache, aber ich bin überzeugt, dass du diese Übung besser alleine machst, damit du nicht Angst hast, Fehler zu machen und dich besser konzentrieren kannst und selbstständig herumprobieren kannst.	Jamming with your mates is always a good fun thing but, at this time, I really think it might be better to be on your own where you're not afraid of making mistakes and you can kind of concentrate and kind of figure out the sounds on your own.				
TRUE					
					
Er war sehr <L1>populär</L1> und hätte wahrscheinlich, wenn er gewollt hätte,	So I'm going to leave, and it's fascinating. Just to give you a sense of things, here's the map.	populär massentauglich für die breite Masse massenkompatibel (für den) Massengeschmack | (wird) gern gekauft begehrt gesucht in jemandes Gunst beliebt populär (wird) viel gekauft gut eingeführt nachgefragt gefragt			
Er war sehr <N1>beliebt</N1> und hätte wahrscheinlich, wenn er gewollt hätte,	So I'm going to leave, and it's fascinating. Just to give you a sense of things, here's the map.				
TRUE					
					
Wir haben die Annahme geschaffen, dass, wenn man Patient an diesem Krankenhaus ist und einen erhöhten <L1>BMI</L1> aufweist, die vier Wände der Arztpraxis einem vermutlich nicht alles geben, was man braucht, um gesund zu sein.	We've created a presumption that if you're a patient at that hospital with an elevated BMl, the four walls of the doctor's office probably aren't going to give you everything you need to be healthy.	Innenministerium Ministerium des Innern Bundesministerium des Innern BMI Bundesinnenministerium | BMI Kaup-Index Body-Mass-Index Körpermassenzahl Körpermasseindex			
Wir haben die Annahme geschaffen, dass, wenn man Patient an diesem Krankenhaus ist und einen erhöhten <N1>BMI</N1> aufweist, die vier Wände der Arztpraxis einem vermutlich nicht alles geben, was man braucht, um gesund zu sein.	We've created a presumption that if you're a patient at that hospital with an elevated BMl, the four walls of the doctor's office probably aren't going to give you everything you need to be healthy.				
TRUE					
					
Ich wollte, wie ich mir später aufging, <L1>empathisch</L1> sein, das heißt, ich wollte spüren können, was sie sagen wollen und ein Mittel zu ihrer Selbstoffenbarung sein.	I wanted to be, as I later thought of it, empathic, which is to say, to feel what they wanted to say and to be an agent of their self-revelation.	mitfühlend empathisch einfühlend			
Ich wollte, wie ich mir später aufging, <N1>mitfühlend</N1> sein, das heißt, ich wollte spüren können, was sie sagen wollen und ein Mittel zu ihrer Selbstoffenbarung sein.	I wanted to be, as I later thought of it, empathic, which is to say, to feel what they wanted to say and to be an agent of their self-revelation.				
TRUE					
					
Es ist immer wie - <L1>unisono</L1> Sie zwei Fremde. Es gibt keine Blutsverwandtschaft zwischen Mann und Frau aller Zeiten!	It's always like - unison you two strangers.	übereinstimmend kongruent einhellig einmütig einstimmig unisono konform konkordant			
Es ist immer wie - <N1></N1> Sie zwei Fremde. Es gibt keine Blutsverwandtschaft zwischen Mann und Frau aller Zeiten!	It's always like - unison you two strangers.		bad grammar		
FALSE					
					
Wie kann man das Fell wächst <L1>modular</L1> mit ihm?	How can this modular coat grows with him?	bausteinförmig modular			
Wie kann man das Fell wächst <N1></N1> mit ihm?	How can this modular coat grows with him?		bad grammar		
FALSE					
					
Personenlisten sind nun besser angelegt und können einfacher durchgescrollt werden. Natürlich könnt ihr noch immer <L1>tweeten</L1> - von jetzt an aber egal, wo auf der Seite ihr euch gerade befindet.	Lists of people are now laid out better and easier to scroll, and of course you can still Tweet, but you can do it from anywhere on the site.	zwitschern tweeten sich Twitter-Nachrichten schicken twittern			
Personenlisten sind nun besser angelegt und können einfacher durchgescrollt werden. Natürlich könnt ihr noch immer <N1>tweeten</N1> - von jetzt an aber egal, wo auf der Seite ihr euch gerade befindet.	Lists of people are now laid out better and easier to scroll, and of course you can still Tweet, but you can do it from anywhere on the site.				
TRUE					
					
Das also ist das neue Twitter.com, das wir allen im Laufe der kommenden Wochen <L1>präsentieren</L1> werden.	So that's the new Twitter.com which we'll be rolling out to everyone over the course of a few weeks. So stay tuned.	zeigen präsentieren darstellen vorzeigen abbilden vorführen demonstrieren vorstellen | präsentieren offen zeigen zur Schau stellen herzeigen			
Das also ist das neue Twitter.com, das wir allen im Laufe der kommenden Wochen <N1>vorstellen</N1> werden.	So that's the new Twitter.com which we'll be rolling out to everyone over the course of a few weeks. So stay tuned.				
TRUE					
					
H rikm dies - wurde plötzlich klar, dass ich <L1>tanken</L1> mehr Bring the	H rikm this  - suddenly realized that I could fill up more Bring the	auftanken tanken betanken mit Kraftstoff befüllen den Tank auffüllen den Tank füllen			
H rikm dies - wurde plötzlich klar, dass ich <N1></N1> mehr Bring the	H rikm this  - suddenly realized that I could fill up more Bring the		bad grammar		
FALSE					
					
Ernährt, genug schon mit all diesen Konzepten Scheidung <L1>presto</L1>	Be fed, enough already with all these concepts divorce presto	allegro vivace vivo presto allegro ma non troppo			
Ernährt, genug schon mit all diesen Konzepten Scheidung <N1></N1>	Be fed, enough already with all these concepts divorce presto		bad grammar		
FALSE					
					
Ich war hier schon sagte, nicht <L1>ausloggen</L1>	I've said here, do not log	aussteigen ausloggen abmelden			
Ich war hier schon sagte, nicht <N1>ausloggen</N1>	I've said here, do not log				
TRUE					
					
Machen Sie eine große Veränderung erkennst du nicht, wie <L1>raffiniert</L1>	Make a huge change Do not you realize how refined	abgebrüht ausgekocht abgefeimt schlau raffiniert durchtrieben verschlagen ausgebufft gerissen es faustdick hinter den Ohren haben gewieft (auch) kein Waisenknabe abgezockt (dem) machst du nichts vor mit allen Wassern gewaschen | originell geschickt einfallsreich erfinderisch findig pfiffig clever schlau gescheit raffiniert gewieft aufgeweckt gefitzt ausgeschlafen auf Draht ausgebufft auf Zack helle plietsch gewitzt jenisch alert | durchdacht komplex kompliziert kunstvoll ausgeklügelt raffiniert ausgefeilt vielfältig verflochten feingesponnen fein gesponnen kaum zu durchschauen hochkomplex mit großer Kunstfertigkeit geknüpft mit viel Raffinement			
Machen Sie eine große Veränderung erkennst du nicht, wie <N1>gewieft</N1>	Make a huge change Do not you realize how refined				
TRUE					
					
Aber das Problem, sich auf Regeln und Anreize zu verlassen, liegt darin, dass sie die berufliche Tätigkeit demoralisieren. Und sie <L1>demoralisieren</L1> die berufliche Tätigkeit in zweierlei Hinsicht.	But the problem with relying on rules and incentives is that they demoralize professional activity, and they demoralize professional activity in two senses.	demoralisieren kleinkriegen erniedrigen jemanden fertig machen | abschrecken ins Bockshorn jagen einschüchtern demoralisieren demotivieren den Schneid nehmen entmutigen den Schneid abkaufen Wind aus den Segeln nehmen decouragieren			
Aber das Problem, sich auf Regeln und Anreize zu verlassen, liegt darin, dass sie die berufliche Tätigkeit demoralisieren. Und sie <N1>entmutigen</N1> die berufliche Tätigkeit in zweierlei Hinsicht.	But the problem with relying on rules and incentives is that they demoralize professional activity, and they demoralize professional activity in two senses.				
TRUE					
					
Dieser Film ist nicht <L1>taff</L1> genug, deshalb wollte ich es etwas schwerer machen.	Now this film isn't really hard enough, so I wanted to make it a little bit harder.	stark stattlich stabil fest zäh tragfähig solide haltbar belastbar ehern robust taff resilient kräftig			
Dieser Film ist nicht <N1>stark</N1> genug, deshalb wollte ich es etwas schwerer machen.	Now this film isn't really hard enough, so I wanted to make it a little bit harder.				
TRUE					
					
Es empfiehlt sich, nicht nur Annoncen oder verkaufsorientierte Inhalte zu teilen, die die Feeds der anderen Benutzer <L1>bombardieren</L1> könnten.	It's good not to share just listings or purely sales-oriented content that can bombard other users  feeds.	bombardieren reich bedenken überhäufen überschütten eindecken zumüllen zuscheißen			
Es empfiehlt sich, nicht nur Annoncen oder verkaufsorientierte Inhalte zu teilen, die die Feeds der anderen Benutzer <N1>überschütten</N1> könnten.	It's good not to share just listings or purely sales-oriented content that can bombard other users  feeds.				
TRUE					
					
Und er kontroliert die Schrittgröße beim <L1>updaten</L1> vom Parameter theta J. Und der zweite Term hier ist der abgeleitete Term.	And it controls how big a step we take when updating my parameter theta J. And this second term here is the derivative term.	auf den neuesten Stand bringen auf den aktuellen Stand bringen à jour bringen auf neue Füße stellen aktualisieren upgraden modernisieren ajourieren updaten Upgrade vornehmen Update durchführen			
Und er kontroliert die Schrittgröße beim <N1>aktualisieren</N1> vom Parameter theta J. Und der zweite Term hier ist der abgeleitete Term.	And it controls how big a step we take when updating my parameter theta J. And this second term here is the derivative term.				
TRUE					
					
Wenn das Stroh macht Ärger put it <L1>down</L1> in die Rechnung.	Don't.	bedrückt down niedergeschlagen deprimiert Tief haben depri Moralischen haben im Stimmungstief heulende Elend haben Ohren hängen lassen | schlaff kraftlos kaputt platt down daneben schlapp matt lasch alle saft- und kraftlos duhne lurig fix und foxi ausgelutscht ohne Saft und Kraft groggy geschafft ausgepowert nüntig abgeschlafft | bedrückt voller Wehmut niedergedrückt melancholisch gedankenschwer schwermütig voller Weltschmerz wehmutsvoll bekümmert wehmütig trübsinnig down			
Wenn das Stroh macht Ärger put it <N1></N1> in die Rechnung.	Don't.		bad grammar		
FALSE					
					
Lemme hineingehen , sagte Marvel, und schrie laut, als ein Schlag plötzlich die befestigt Tür zittern und wurde von einem eiligen <L1>rappen</L1> und ein Geschrei draußen gefolgt.	Lemme go inside,  said Marvel, and shrieked aloud as a blow suddenly made the fastened door shiver and was followed by a hurried rapping and a shouting outside.				
Lemme hineingehen , sagte Marvel, und schrie laut, als ein Schlag plötzlich die befestigt Tür zittern und wurde von einem eiligen <N1></N1> und ein Geschrei draußen gefolgt.	Lemme go inside,  said Marvel, and shrieked aloud as a blow suddenly made the fastened door shiver and was followed by a hurried rapping and a shouting outside.		bad grammar		
FALSE					
					
So dies mag ein bisschen <L1>bizarr</L1> jetzt auf euch wirken, und	So this might seem a little bit bizarre to you right now, and	eigenartig eigentümlich eigenwillig komisch schräg verquer ungewöhnlich skurril sonderbar befremdend befremdlich bizarr fällt aus dem Rahmen abstrus absurd lächerlich aberwitzig grotesk kurios merkwürdig abgedreht			
So dies mag ein bisschen <N1>eigenartig</N1> jetzt auf euch wirken, und	So this might seem a little bit bizarre to you right now, and				
TRUE					
					
Und daher bekamen wir das <L1>pikant</L1> eingelegte Gemüse.	And that's where we got zesty pickles. Then the next person came to him:	pikant schmackhaft | schmierig zweideutig unanständig eindeutig-zweideutig nicht stubenrein pikant frivol schlüpfrig anzüglich			
Und daher bekamen wir das <N1>scharf</N1> eingelegte Gemüse.	And that's where we got zesty pickles. Then the next person came to him:				
TRUE					
					
Nach dem Aufprall auf das Ziel wird die RDX <L1>detonieren</L1> Schaffung eines Mini Explosion, so dass, wenn es brennbaren Flüssigkeiten, Gase etwas von dieser Art bei der Detonation, wird alles explodieren	After the impact on the target, the RDX will detonate creating a mini explosion, so if there are flammable liquids, gases anything of this nature in the detonation, everything will explode	platzen detonieren explodieren jemandem um die Ohren fliegen hochgehen			
Nach dem Aufprall auf das Ziel wird die RDX <N1></N1> Schaffung eines Mini Explosion, so dass, wenn es brennbaren Flüssigkeiten, Gase etwas von dieser Art bei der Detonation, wird alles explodieren	After the impact on the target, the RDX will detonate creating a mini explosion, so if there are flammable liquids, gases anything of this nature in the detonation, everything will explode		bad grammar		
FALSE					
					
Wenn aber die Tiere <L1>matt</L1> und schwach werden, bricht man ihnen die Knochen im Schwanz, um sie wieder auf die Beine zu bringen, indem man den Schwanz wiederholt an mehreren Stellen knickt.	But when the cattle become weary and grow faint, the bones in their tales are broken in an effort to get them back up on their feet. This is done by repeatedly pinching the tail in several areas.	schwach matt unaufdringlich verhalten unauffällig | matt trüb fahl | kontrastarm matt dumpf stumpf glanzlos | schlaff kraftlos kaputt platt down daneben schlapp matt lasch alle saft- und kraftlos duhne lurig fix und foxi ausgelutscht ohne Saft und Kraft groggy geschafft ausgepowert nüntig abgeschlafft | matt gedeckt			
Wenn aber die Tiere <N1>müde</N1> und schwach werden, bricht man ihnen die Knochen im Schwanz, um sie wieder auf die Beine zu bringen, indem man den Schwanz wiederholt an mehreren Stellen knickt.	But when the cattle become weary and grow faint, the bones in their tales are broken in an effort to get them back up on their feet. This is done by repeatedly pinching the tail in several areas.				
TRUE					
					
Was bringt ein Tier dazu, etwas Unnatürliches, ja sogar Gefährliches zu tun, wie durch Flammen zu springen, auf einem Fuß zu <L1>balancieren</L1> oder von einer wackeligen Plattform hoch in der Luft ins Wasser zu tauchen?	What incites an animal to do something unnatural, even dangerous, such as jumping through flames, balancing on one foot, or diving into water from shaky platforms high in the air?				
Was bringt ein Tier dazu, etwas Unnatürliches, ja sogar Gefährliches zu tun, wie durch Flammen zu springen, auf einem Fuß zu <N1>balancieren</N1> oder von einer wackeligen Plattform hoch in der Luft ins Wasser zu tauchen?	What incites an animal to do something unnatural, even dangerous, such as jumping through flames, balancing on one foot, or diving into water from shaky platforms high in the air?				
TRUE					
					
Gleichzeitig sollten einige Panzer versuchen, einen der drei Panzer zu <L1>flankieren</L1> und ihn so schnell wie möglich von den Seiten zu zerstören. Zudem sollten sie beim nächsten Panzer noch so ein Manöver versuchen.	At the same time, a couple of tanks should try to flank one of the three tanks and destroy it from the sides as fast as possible and try to perform such maneuvers again with the next tank.	begleiten flankieren | flankieren schützend begleiten an die Hand nehmen			
Gleichzeitig sollten einige Panzer versuchen, einen der drei Panzer zu <N1>flankieren</N1> und ihn so schnell wie möglich von den Seiten zu zerstören. Zudem sollten sie beim nächsten Panzer noch so ein Manöver versuchen.	At the same time, a couple of tanks should try to flank one of the three tanks and destroy it from the sides as fast as possible and try to perform such maneuvers again with the next tank.				
TRUE					
					
Es ist ein Ort, wo bei jeder neuen Forschungsreise neue Kreaturen entdeckt werden, die so wunderlich und fremd sind dass unsere Vorfahren sie wirklich <L1>monströs</L1> genannt hätten.	It is a place where each new voyage of exploration brings back new discoveries of creatures so wondrous and strange that our forefathers would have considered them monstrous indeed.	formidabel aberwitzig enorm immens gewaltig mächtig riesig astronomisch unermesslich Mammut... riesenhaft Herkules... ungeheuer groß kolossal überdimensional monumental monströs Spitzen... gigantisch überdimensioniert immensurabel riesengroß von ungeheurer Größe titanisch ungeheuer | aus der Form geraten massiv monströs ungestalt unförmig monströs dick tonnenförmig			
Es ist ein Ort, wo bei jeder neuen Forschungsreise neue Kreaturen entdeckt werden, die so wunderlich und fremd sind dass unsere Vorfahren sie wirklich <N1>riesig</N1> genannt hätten.	It is a place where each new voyage of exploration brings back new discoveries of creatures so wondrous and strange that our forefathers would have considered them monstrous indeed.				
TRUE					
					
Ich habe in der Küche gehört, wie du <L1>ausgeflippt</L1> bist.	I heard you way out in the kitchen.	unglaublich nicht zu fassen schräg abgedreht übergeschnappt verrückt wahnsinnig überdreht wie Rumpelstilzchen spinnert unfassbar irre narrisch nasch crazy durchgeknallt unfasslich kann nicht wahr sein abgespact leicht verrückt wildgeworden (ziemlich) durchgedreht ausgeflippt abgespaced verdreht darf nicht wahr sein			
Ich habe in der Küche gehört, wie du <N1>durchgedreht</N1> bist.	I heard you way out in the kitchen.				
TRUE					
					
Wir haben sie absichtlich ziemlich <L1>seriös</L1> aussehen lassen.	And it was purposely done to look fairly serious.	ernst zu nehmen seriös nicht von der Hand zu weisen | vertrauenswürdig seriös Vertrauen erweckend vertrauenerweckend | ernst seriös ernsthaft			
Wir haben sie absichtlich ziemlich <N1>ernst</N1> aussehen lassen.	And it was purposely done to look fairly serious.				
TRUE					
					
Die Herausforderung dabei war, herauszufinden, wie man etwas Geheimnisvolles - menschliche Anziehungskraft - für einen Computer in mundgerechte Stücke <L1>aufsplitten</L1> kann.	The tricky part in designing it was figuring out how to take something mysterious, human attraction, and break it into components that a computer can work with.				
Die Herausforderung dabei war, herauszufinden, wie man etwas Geheimnisvolles - menschliche Anziehungskraft - für einen Computer in mundgerechte Stücke <N1>aufteilen</N1> kann.	The tricky part in designing it was figuring out how to take something mysterious, human attraction, and break it into components that a computer can work with.				
TRUE					
					
Als ich angefangen habe, wussten die Menschen nicht, was <L1>HTML</L1> ist, was das World Wide Web ist und dann plötzlich war die Kraft des Internets, die jahrelang da gewesen war, für alle erreichbar und das ganz einfach: draufzeigen &amp; klicken, die universelle Sprache.	When I started people didn't know what HTML was, what the World Wide Web was, and then all of a sudden the power of the Internet that had been there for years was available to everybody in an easy way, Point &amp; click, the universal language.	Hypertext Markup Language HTML HTML5 Hypertext Markup Language 5 HTML 5			
Als ich angefangen habe, wussten die Menschen nicht, was <N1>HTML</N1> ist, was das World Wide Web ist und dann plötzlich war die Kraft des Internets, die jahrelang da gewesen war, für alle erreichbar und das ganz einfach: draufzeigen &amp; klicken, die universelle Sprache.	When I started people didn't know what HTML was, what the World Wide Web was, and then all of a sudden the power of the Internet that had been there for years was available to everybody in an easy way, Point &amp; click, the universal language.				
TRUE					
					
*Free <L1>free</L1> Palestine!*	*Free free Palestine !*				
*Free <N1></N1> Palestine!*	*Free free Palestine !*				
FALSE					
					
Aber sehen Sie, sind diese Kerle kinder <L1>debattieren</L1> dort unten, und blickte, wie Hühner, wenn sie gehen, um zu fliegen bis auf den Schlafplatz.	But see, these fellows are kinder debating down there, and looking up, like hens when they are going to fly up on to the roost.	erörtern bereden konferieren diskutieren ausdiskutieren auf etwas eingehen wörteln besprechen durchsprechen debattieren disputieren			
Aber sehen Sie, sind diese Kerle kinder <N1></N1> dort unten, und blickte, wie Hühner, wenn sie gehen, um zu fliegen bis auf den Schlafplatz.	But see, these fellows are kinder debating down there, and looking up, like hens when they are going to fly up on to the roost.				
FALSE					
					
Also nur um das klar zu stellen, die 25 Milliarden Dollar sind <L1>brutto</L1> oder?	But just to clarify, the 25 billion dollars is gross, right? That's gross?				
Also nur um das klar zu stellen, die 25 Milliarden Dollar sind <N1>brutto</N1> oder?	But just to clarify, the 25 billion dollars is gross, right? That's gross?				
TRUE					
					
Es gibt zum Beispiel einen Arzt in Afrika, der herausgefunden hat, dass nach Einnahme eines antiretroviralen Medikaments in der Schwangerschaft, das Baby nach der Geburt nicht <L1>HIV-infiziert</L1> sein wird.	So, for instance, there's a doctor in Africa that's found that if you give a mother antiretroviral drugs at 24 weeks, when she's pregnant, that the baby will not have HlV when it's born.				
Es gibt zum Beispiel einen Arzt in Afrika, der herausgefunden hat, dass nach Einnahme eines antiretroviralen Medikaments in der Schwangerschaft, das Baby nach der Geburt nicht <N1>HIV-angesteckt</N1> sein wird.	So, for instance, there's a doctor in Africa that's found that if you give a mother antiretroviral drugs at 24 weeks, when she's pregnant, that the baby will not have HlV when it's born.				
TRUE					
					
Ich glaube, Wirtschaftsführer können ihr unternehmerisches <L1>Know-how</L1> einbringen und Regierungen helfen, die Dinge ein wenig anders anzugehen.	But I think business leaders can bring their entrepreneurial know-how and help governments approach things slightly differently.	Sicherheit Routine Übung Wissen Know-how Kenntnis Erfahrung Praxis Geübtheit Kenntnisse Erfahrungen | Fähigkeit Rüstzeug Kompetenz Horizont Ahnung Wissen Expertise Sachkunde Sachkenntnis Know-how Techne Kenntnis Können Kenne Kenntnisstand Wissensstand Sachverstand			
Ich glaube, Wirtschaftsführer können ihr unternehmerisches <N1>Wissen</N1> einbringen und Regierungen helfen, die Dinge ein wenig anders anzugehen.	But I think business leaders can bring their entrepreneurial know-how and help governments approach things slightly differently.				
TRUE					
					
Ich konnte einfach nicht glauben, wie <L1>poetisch</L1> das alles ist, diese Seelen, die alle von ihren einsamen Inseln elektronische Flaschenpost zueinander schicken.	I just couldn't believe the poetry of all of it -- these souls all on their own desert island, sending electronic messages in bottles to each other.	poetisch dichterisch			
Ich konnte einfach nicht glauben, wie <N1>dichterisch</N1> das alles ist, diese Seelen, die alle von ihren einsamen Inseln elektronische Flaschenpost zueinander schicken.	I just couldn't believe the poetry of all of it -- these souls all on their own desert island, sending electronic messages in bottles to each other.				
TRUE					
					
Evony <L1>MMO</L1> verwendete zum Beispiel solche Anzeigen, was ganz klar eine Nutzung von weiblichen Körpern ist, um Jungen dazu zu bringen, ihr Spiel zu spielen. Allerdings ist das Spiel ein Strategie	For example the Evony MMO used ads like this which clearly is using women's bodies to attacted boys to come play their game except I think their game was like a strategy				
Evony <N1></N1> verwendete zum Beispiel solche Anzeigen, was ganz klar eine Nutzung von weiblichen Körpern ist, um Jungen dazu zu bringen, ihr Spiel zu spielen. Allerdings ist das Spiel ein Strategie	For example the Evony MMO used ads like this which clearly is using women's bodies to attacted boys to come play their game except I think their game was like a strategy				
FALSE					
					
Erstens, dass die Wahrscheinlichkeiten <L1>komplementär</L1> sind.	One is about complementary probability.	komplementär ergänzend supplementär			
Erstens, dass die Wahrscheinlichkeiten <N1>ergänzend</N1> sind.	One is about complementary probability.				
TRUE					
					
Wenn die Feder <L1>stationär</L1> ist wenn ich die 5 Newton ausübe, bedeutet dass da muss eine andere gleiche und entgegengesetzte Kraft sein mit positiven 5 Newton, richtig?	So if this spring is stationary when I apply this 5-Newton force, that means that there must be another equal and opposite force that's positive 5 Newtons, right?	stationär mit Aufnahme im Krankenhaus im Krankenhaus | unbewegt bewegungslos starr ruhig ruhend ortsfest stationär | stationär ortsgebunden			
Wenn die Feder <N1>ortsfest</N1> ist wenn ich die 5 Newton ausübe, bedeutet dass da muss eine andere gleiche und entgegengesetzte Kraft sein mit positiven 5 Newton, richtig?	So if this spring is stationary when I apply this 5-Newton force, that means that there must be another equal and opposite force that's positive 5 Newtons, right?				
TRUE					
					
Wenn man so schwer <L1>depressiv</L1> ist wie diese Patienten, sind diese Areale beeinträchtigt. Man hat keine Motivation mehr, keinen Antrieb.	You lack motivation and drive.	hoffnungslos freudlos gemütskrank depressiv dysthymisch			
Wenn man so schwer <N1>gemütskrank</N1> ist wie diese Patienten, sind diese Areale beeinträchtigt. Man hat keine Motivation mehr, keinen Antrieb.	You lack motivation and drive.				
TRUE					
					
Und wenn wir diese Früchte <L1>funky</L1> werden lassen wollen müssen wir daraus einen großen Püree machen!	No, fruit salad is too chunky. And if we want these fruits to get funky we gotta make a big puree.				
Und wenn wir diese Früchte <N1></N1> werden lassen wollen müssen wir daraus einen großen Püree machen!	No, fruit salad is too chunky. And if we want these fruits to get funky we gotta make a big puree.				
FALSE					
					
Und das ermöglicht es mir, <L1>diskret</L1> auf die Uhr zu schauen, hier, ohne den Arm zu anzuwinkeln.	And that allows me to check my timer discretely, here, without bending my elbow.	diskontinuierlich inkrementell schrittweise diskret Zug um Zug Schritt für Schritt stufenweise | diskret trennbar separierbar | diskret digital | schonend unaufdringlich diskret rücksichtsvoll zurückhaltend verhalten dezent unauffällig leise vorsichtig taktvoll			
Und das ermöglicht es mir, <N1>unauffällig</N1> auf die Uhr zu schauen, hier, ohne den Arm zu anzuwinkeln.	And that allows me to check my timer discretely, here, without bending my elbow.				
TRUE					
					
(Applaus) An alle Mütter, die heute hier sind, sie könnten sich kein besseres Muttertagsgeschenk erwünschen als alle diese Leute <L1>graduieren</L1> zu sehen.	(Applause.) To all the moms who are here today, you could not ask for a better Mother's Day gift than to see all of these folks graduate.				
(Applaus) An alle Mütter, die heute hier sind, sie könnten sich kein besseres Muttertagsgeschenk erwünschen als alle diese Leute <N1>abschliessen</N1> zu sehen.	(Applause.) To all the moms who are here today, you could not ask for a better Mother's Day gift than to see all of these folks graduate.				
TRUE					
					
Und der Grund warum Michelle die Kraft hatte alles zu <L1>jonglieren</L1> und mich zu ertragen, und schließlich den Blickpunkt des Publikum war, weil sie auch, aus einer Familie stammte, die nicht aufgegeben hat - weil sie ihren Vater gesehen hat aufzustehen und geden jeden Tag zur Arbeit zu gehen, obwohl er die Universität nicht beendigt hat, obwohl er lähmende Multiple Sklerose hatte.	And the reason Michelle had the strength to juggle everything, and put up with me and eventually the public spotlight, was because she, too, came from a family of folks who didn't quit~ because she saw her dad get up and go to work every day even though he never finished college, even though he had crippling MS.	jonglieren herumjonglieren sich durchschlängeln lavieren herumlavieren taktieren Schwierigkeiten meistern Klippen umschiffen			
Und der Grund warum Michelle die Kraft hatte alles zu <N1>jonglieren</N1> und mich zu ertragen, und schließlich den Blickpunkt des Publikum war, weil sie auch, aus einer Familie stammte, die nicht aufgegeben hat - weil sie ihren Vater gesehen hat aufzustehen und geden jeden Tag zur Arbeit zu gehen, obwohl er die Universität nicht beendigt hat, obwohl er lähmende Multiple Sklerose hatte.	And the reason Michelle had the strength to juggle everything, and put up with me and eventually the public spotlight, was because she, too, came from a family of folks who didn't quit~ because she saw her dad get up and go to work every day even though he never finished college, even though he had crippling MS.				
TRUE					
					
Nach dem Betriebsinhaber und der Kuchen Kette in diesem Terminkontrakt zu engagieren ein paar Fragen beginnen, um <L1>Pop-up</L1> in jedem ihrer Köpfe	After the farmer and the pie chain get involved in this forward contract a few questions start to pop up in each of their minds the main one is what if the other party isnt able to uphold their end of the contract and this is called counter party risk				
Nach dem Betriebsinhaber und der Kuchen Kette in diesem Terminkontrakt zu engagieren ein paar Fragen beginnen, um <N1></N1> in jedem ihrer Köpfe	After the farmer and the pie chain get involved in this forward contract a few questions start to pop up in each of their minds the main one is what if the other party isnt able to uphold their end of the contract and this is called counter party risk				
FALSE					
					
Aber jetzt stehen wir vor einem dieser seltenen Momente, an dem wir entscheiden müssen, ob wir nur <L1>frenetisch</L1> weiterstrampeln, um dahin zurückzukehren, wo wir vor einem oder zwei Jahren waren, und zurückkehren zu einer sehr beschränkten Idee über den Sinn und Zweck der Wirtschaft - oder ob dies der Moment ist, den Sprung nach vorn zu wagen, neu zu starten, und einige der Dinge zu tun, die wir sowieso schon hätten tun sollen.	But this is one of those very rare moments when we have to choose whether we're just pedaling furiously to get back to where we were a year or two ago, and a very narrow idea of what the economy is for, or whether this is a moment to jump ahead, to reboot and to do some of the things we probably should have been doing anyway.	überschwänglich rasend stürmisch überschäumend tobend tosend frenetisch			
Aber jetzt stehen wir vor einem dieser seltenen Momente, an dem wir entscheiden müssen, ob wir nur <N1>überschwänglich</N1> weiterstrampeln, um dahin zurückzukehren, wo wir vor einem oder zwei Jahren waren, und zurückkehren zu einer sehr beschränkten Idee über den Sinn und Zweck der Wirtschaft - oder ob dies der Moment ist, den Sprung nach vorn zu wagen, neu zu starten, und einige der Dinge zu tun, die wir sowieso schon hätten tun sollen.	But this is one of those very rare moments when we have to choose whether we're just pedaling furiously to get back to where we were a year or two ago, and a very narrow idea of what the economy is for, or whether this is a moment to jump ahead, to reboot and to do some of the things we probably should have been doing anyway.				
TRUE					
					
Nelson, <L1>stop</L1>	Nelson, stop.				
Nelson, <N1>fertig</N1>	Nelson, stop.				
TRUE					
					
Ich kann jetzt sogar, ich kann jetzt sogar skaten -- in Flip-Flops, jeden Trick stehen und nebenher bequem <L1>leger</L1> mit meinen zehn Zehen zehn Haggisacks, -sacks kicken, kein Problem, denn ich kann jetzt zehn Finger tippen.	I can now even, I can now even skate, in flip-flops. Perform every trick, and as I comfortably, casually with my ten toes kick ten footbags -bags, because now I know ten-finger typing.	leger locker sorglos unbesorgt geschmeidig bequem geruhsam formlos entspannt tiefenentspannt zwanglos unförmlich erholsam ausgeruht unverkrampft chillig relaxed ruhig unbeschwert ungezwungen relaxt gelöst lässig | leger lax locker | leger informell lässig salopp sportlich			
Ich kann jetzt sogar, ich kann jetzt sogar skaten -- in Flip-Flops, jeden Trick stehen und nebenher bequem <N1>locker</N1> mit meinen zehn Zehen zehn Haggisacks, -sacks kicken, kein Problem, denn ich kann jetzt zehn Finger tippen.	I can now even, I can now even skate, in flip-flops. Perform every trick, and as I comfortably, casually with my ten toes kick ten footbags -bags, because now I know ten-finger typing.				
TRUE					
					
Mit der Mengenvorausplanungsfunktion von Hootsuite können Sie bis zu 350 Beiträge zeitgesteuert posten. Dadurch können Sie Ihre Publikationsmaßnahmen gezielt und <L1>rationell</L1> vorausplanen und gewinnen mehr Zeit, um auf Ihre Anhänger einzugehen.	Hootsuite's Bulk Upload feature lets you schedule up to 350 posts in advance, giving you the ability to plan what you want to publish, freeing up time that can spent engaging with your followers.	überzeugend effizient leistungsfähig drastisch einschneidend verlustfrei durchschlagend mit hohem Wirkungsgrad tiefgreifend effektiv rationell schlagkräftig wirkungsvoll wirksam verlustarm			
Mit der Mengenvorausplanungsfunktion von Hootsuite können Sie bis zu 350 Beiträge zeitgesteuert posten. Dadurch können Sie Ihre Publikationsmaßnahmen gezielt und <N1>wirtschaftlich</N1> vorausplanen und gewinnen mehr Zeit, um auf Ihre Anhänger einzugehen.	Hootsuite's Bulk Upload feature lets you schedule up to 350 posts in advance, giving you the ability to plan what you want to publish, freeing up time that can spent engaging with your followers.				
TRUE					
					
Sie <L1>alarmieren</L1> ihre Umgebung nicht.	They do not go around hot dogging it.	alarmieren beunruhigen für Unruhe sorgen in Alarmstimmung versetzen | avertieren vorwarnen aufschrecken aufzeigen Alarm schlagen alarmieren warnen Alarm auslösen Alarm geben | aufschrecken alarmieren aufscheuchen wachrütteln wecken emporreißen aufrütteln aufwecken elektrisieren erschüttern			
Sie <N1>alarmieren</N1> ihre Umgebung nicht.	They do not go around hot dogging it.				
TRUE					
					
Starten Sie durch Kneifen das Hemd am Punkt A mit der linken hand, <L1>Pick-up</L1> Punkt B mit der rechten Hand, dann kreuzen Sie die rechte Hand auf den Pick-up Punkt C	Start by pinching the shirt at point  A  with your left hand, pick up point  B  with your right hand, then cross your right hand over to pick up point  C				
Starten Sie durch Kneifen das Hemd am Punkt A mit der linken hand, <N1></N1> Punkt B mit der rechten Hand, dann kreuzen Sie die rechte Hand auf den Pick-up Punkt C	Start by pinching the shirt at point  A  with your left hand, pick up point  B  with your right hand, then cross your right hand over to pick up point  C				
FALSE					
					
Dann haben wir AMIA in die lighweight UI toolkit (LWUTT) implementiert, in <L1>LCD</L1> UI und in AWT für JAVA ME Umgebungen.	We then implemented AMlA on the lightweight UI toolkit (LWUlT), on LCD Ul, and for AWT for JAVA ME environments.	TFT-Display Flüssigkristallbildschirm LCD			
Dann haben wir AMIA in die lighweight UI toolkit (LWUTT) implementiert, in <N1></N1> UI und in AWT für JAVA ME Umgebungen.	We then implemented AMlA on the lightweight UI toolkit (LWUlT), on LCD Ul, and for AWT for JAVA ME environments.				
FALSE					
					
Wenn sie eine barrierefreies Dokument erstellt haben können sie es nicht nur barrierefrei ins <L1>PDF-Format</L1> exportieren, sondern mit Hilfe des von AEGIS entwickelten odt2Daisy Plugins auch direkt ein Digitales Audiobuch erstellen, oder mit dem odt2Braille Plugin ein Blindenschriftbuch aus ihrem Dokument erstellen.	Once you have created an accessible document, you can not only export it accessibly to PDF as normal, but through the AEGlS-developed odt2Daisy plugin, you can immediately create a digital audio talking book, or with the odt2Braille plugin, you can create and emboss a Braille book from your document.				
Wenn sie eine barrierefreies Dokument erstellt haben können sie es nicht nur barrierefrei ins <N1>PDF-Format</N1> exportieren, sondern mit Hilfe des von AEGIS entwickelten odt2Daisy Plugins auch direkt ein Digitales Audiobuch erstellen, oder mit dem odt2Braille Plugin ein Blindenschriftbuch aus ihrem Dokument erstellen.	Once you have created an accessible document, you can not only export it accessibly to PDF as normal, but through the AEGlS-developed odt2Daisy plugin, you can immediately create a digital audio talking book, or with the odt2Braille plugin, you can create and emboss a Braille book from your document.				
TRUE					
					
Sie sind ein wenig <L1>revolutionär</L1> indem was sie tun.	They're a bit subversive in what they do.	epochemachend stilbildend revolutionär bahnbrechend umwälzend epochal			
Sie sind ein wenig <N1>bahnbrechend</N1> indem was sie tun.	They're a bit subversive in what they do.				
TRUE					
					
Und wir haben keinerlei wie auch immer geartete Kenntnis von der Qualität dieser Geräte, aber wir schauen auf einen der kombinierten TV- und <L1>DVD-Player</L1> und sagen: Uff.	And we have no knowledge whatsoever of the quality of those things, but we look at a combined TV and DVD player and we go,  Uck.	DVD-Abspielgerät DVD-Player DVD-Spieler			
Und wir haben keinerlei wie auch immer geartete Kenntnis von der Qualität dieser Geräte, aber wir schauen auf einen der kombinierten TV- und <N1>DVD-Player</N1> und sagen: Uff.	And we have no knowledge whatsoever of the quality of those things, but we look at a combined TV and DVD player and we go,  Uck.				
TRUE					
					
Warum geben Menschen durchschnittlich 15 bis 30 Prozent mehr aus, wenn Sie eine <L1>EC-Karte</L1> oder eine Kreditkarte benutzen, als bei Bargeld?	Why do people spend an average of 15 to 30 percent more when they use an ATM card or a credit card as opposed to cash?	Bankkarte Sparkassenkarte Girocard Plastikgeld EC-Karte ec-Karte ec-Card Scheckkarte Bankomatkarte Debitkarte			
Warum geben Menschen durchschnittlich 15 bis 30 Prozent mehr aus, wenn Sie eine <N1>Bankkarte</N1> oder eine Kreditkarte benutzen, als bei Bargeld?	Why do people spend an average of 15 to 30 percent more when they use an ATM card or a credit card as opposed to cash?				
TRUE					
					
Und die Art, wie, die ich darüber nachdenke, ist, dass diese--sobald Sie haben ein Orbital, das <L1>orbital</L1> gefüllt etwas stabiler wird.	And the way I think about it is that these-- once you've filled an orbital, that orbital becomes somewhat stable.	den Augapfel betreffend orbital			
Und die Art, wie, die ich darüber nachdenke, ist, dass diese--sobald Sie haben ein Orbital, das <N1></N1> gefüllt etwas stabiler wird.	And the way I think about it is that these-- once you've filled an orbital, that orbital becomes somewhat stable.				
FALSE					
					
Angenommen, es ist ein <L1>HIV-Test</L1> - für das Virus, das AIDS auslöst - und angenommen, der Test sagt, die Person sei infiziert.	Let's suppose there's a test for HlV -- the virus that causes AlDS -- and the test says the person has the disease.				
Angenommen, es ist ein <N1>HIV-Test</N1> - für das Virus, das AIDS auslöst - und angenommen, der Test sagt, die Person sei infiziert.	Let's suppose there's a test for HlV -- the virus that causes AlDS -- and the test says the person has the disease.				
TRUE					
					
Das kann ein <L1>WLAN</L1> sein, das kann das Internet sein, das kann ein Bote sein, der unsere Nachricht transportiert. Jeder Kanal, wo wir nicht darauf vertrauen können, dass er sicher ist.	This could be a wireless network, this could be the internet, this could be a courier carrying your message, any channel where we can't trust the channel to be secure.				
Das kann ein <N1>WLAN</N1> sein, das kann das Internet sein, das kann ein Bote sein, der unsere Nachricht transportiert. Jeder Kanal, wo wir nicht darauf vertrauen können, dass er sicher ist.	This could be a wireless network, this could be the internet, this could be a courier carrying your message, any channel where we can't trust the channel to be secure.				
TRUE					
					
Rapid-Prototyping und <L1>CAD</L1> verstehen. Die Mediziner unter Ihnen, falls welche da sind, werden die ersten beiden erkennen. Aber in diesem Raum wird es keinen geben, der alle vier Worte versteht.	The medics amongst you, if there are any, will recognize the first two, but there will be nobody else here that understands all those four words.	rechnerunterstützte Konstruktion Computer Aided Design CAD computerunterstütztes Entwerfen und Konstruieren			
Rapid-Prototyping und <N1>rechnergestütztes Entwerfen</N1> verstehen. Die Mediziner unter Ihnen, falls welche da sind, werden die ersten beiden erkennen. Aber in diesem Raum wird es keinen geben, der alle vier Worte versteht.	The medics amongst you, if there are any, will recognize the first two, but there will be nobody else here that understands all those four words.				
TRUE					
					
Genau das gleiche 12 jährige kleiner Junge-Mann-Mädchen, nur dass ich keinen <L1>Sport-BH</L1> trage.	Just the same 12-year-old little boy-man-girl, except I'm not wearing a sports bra.				
Genau das gleiche 12 jährige kleiner Junge-Mann-Mädchen, nur dass ich keinen <N1>Sport-Büstenhalter</N1> trage.	Just the same 12-year-old little boy-man-girl, except I'm not wearing a sports bra.				
TRUE					
					
Aki rice salt fish are <L1>nice</L1> -- ist ein Sinnbild für die Bedeutung des Stockfisches im nordöstlichen Kanada.	Ackee rice salt fish are nice  -- is an emblem of the importance of salt cod from northeastern Canada.				
Aki rice salt fish are <N1></N1> -- ist ein Sinnbild für die Bedeutung des Stockfisches im nordöstlichen Kanada.	Ackee rice salt fish are nice  -- is an emblem of the importance of salt cod from northeastern Canada.				
FALSE					
					
Kinderwagen mit ihren vielfältigen Umbaumöglichkeiten sollten die Kinder eigentlich die ersten 3 Lebensjahre begleiten indem sie sich <L1>ergonomisch</L1> dem wachsendem Körper anpassen lassen doch im Test stellte sich schnell heraus - zu enge Sitze zu kurze Lehnen und zu lange oft nicht verstellbare Fußstützen für viele Kinder sind die Wagen entweder zu groß oder zu klein und oft unbequem.	But in the Test they found out fast things like - to narrow seats to short armrests and too long - and ofte not adjustable foot rests for lots of children the baby trollers are zu big or to small and often uncomfortable. inconvenient can be the handling, the first montage and be the folding for the transport in car.				
Kinderwagen mit ihren vielfältigen Umbaumöglichkeiten sollten die Kinder eigentlich die ersten 3 Lebensjahre begleiten indem sie sich <N1>benutzerfreundlich</N1> dem wachsendem Körper anpassen lassen doch im Test stellte sich schnell heraus - zu enge Sitze zu kurze Lehnen und zu lange oft nicht verstellbare Fußstützen für viele Kinder sind die Wagen entweder zu groß oder zu klein und oft unbequem.	But in the Test they found out fast things like - to narrow seats to short armrests and too long - and ofte not adjustable foot rests for lots of children the baby trollers are zu big or to small and often uncomfortable. inconvenient can be the handling, the first montage and be the folding for the transport in car.				
TRUE					
					
Der <L1>IQ-Test</L1> ist die mentale Verarbeitung -- wie schnell Sie Informationen aufnehmen können; wie Sie sie behalten und abrufen -- das ist heutzutage essentiell für den Erfolg im Leben.	Full-scale I.Q. is the mental processing -- how fast you can acquire information, retain it and retrieve it -- that is essential for success in life today.	Intelligenztest IQ-Test			
Der <N1>IQ-Test</N1> ist die mentale Verarbeitung -- wie schnell Sie Informationen aufnehmen können; wie Sie sie behalten und abrufen -- das ist heutzutage essentiell für den Erfolg im Leben.	Full-scale I.Q. is the mental processing -- how fast you can acquire information, retain it and retrieve it -- that is essential for success in life today.				
TRUE					
					
Die <L1>ISO</L1> Empfindlichkeit habe ich recht hoch geschraubt, denn auf der Bühne ist's dunkel.	The ISO is pushed quite hight, because on stage it's very dark.	Internationale Organisation für Standardisierung ISO			
Die <N1>ISO</N1> Empfindlichkeit habe ich recht hoch geschraubt, denn auf der Bühne ist's dunkel.	The ISO is pushed quite hight, because on stage it's very dark.				
TRUE					
					
- Das hört sich doch <L1>grotesk</L1> an.	That's preposterous!	grotesk bedrohlich beängstigend rätselhaft kafkaesk | absurd grotesk fratzenhaft | eigenartig eigentümlich eigenwillig komisch schräg verquer ungewöhnlich skurril sonderbar befremdend befremdlich bizarr fällt aus dem Rahmen abstrus absurd lächerlich aberwitzig grotesk kurios merkwürdig abgedreht			
- Das hört sich doch <N1>bedrohlich</N1> an.	That's preposterous!				
TRUE					
					
Irene Adler, wie ich noch nennen sie hatte die Treppe hinauf eilte, aber sie stand an der <L1>top</L1> mit einem prächtigen Gestalt gegen die Lichter der Halle skizziert, Blick zurück in die der Straße.	Irene Adler, as I will still call her, had hurried up the steps; but she stood at the top with her superb figure outlined against the lights of the hall, looking back into the street.	Tagesordnungspunkt TOP Traktandum | genial geil brillant glänzend absolut super exzellent beispiellos von außerordentlicher Qualität atemraubend magnifik wunderbar begnadet einzigartig affengeil sagenhaft unglaublich absoluter Wahnsinn hinreißend unübertroffen fetzt berückend überragend saugeil fulminant absolut irre erstklassig top süperb überwältigend ohne Beispiel atemberaubend phantastisch phänomenal ganz großes Kino urst zum Sterben schön unvergleichlich vom Feinsten wumbaba unübertrefflich fantastisch bestens hervorragend nicht zu toppen nicht zu fassen du kriegst die Motten allererste Sahne herausragend umwerfend hammergeil zum Niederknien toll traumhaft himmelsgleich rockt grandios megacool ganz große Klasse himmlisch wundervoll großartig super superb klasse fabelhaft ausgezeichnet stark sauber cool tipptopp prima leiwand knorke dufte doll zum Reinlegen töfte astrein phatt hasenrein 1A tofte der Hit erste Sahne leinwand spitze nicht schlecht bombig			
Irene Adler, wie ich noch nennen sie hatte die Treppe hinauf eilte, aber sie stand an der <N1></N1> mit einem prächtigen Gestalt gegen die Lichter der Halle skizziert, Blick zurück in die der Straße.	Irene Adler, as I will still call her, had hurried up the steps; but she stood at the top with her superb figure outlined against the lights of the hall, looking back into the street.				
FALSE					
					
Ich sehe so etwas, und mache mir aus lauter Angst vor Blogs - um es <L1>salopp</L1> auszudrücken - die Hosen voll, weil das nichts Gutes ist.	I see this, and I'm sure scared -- I swear on stage -- shitless about blogs, because this is not something that's friendly.	leger informell lässig salopp sportlich | unbekümmert nonchalant salopp unernst hanswurstig flapsig | locker hemdsärmelig bequem ungezwungen salopp hemdärmelig hemdärmlig | dreist unverschämt impertinent nassforsch rotzfrech unangemessen pampig präpotent anmaßend respektlos unbotmäßig unartig ungehobelt unflätig unhöflich ungeschliffen unmanierlich rotznäsig unanständig frech unverfroren ungezogen schlecht erzogen rücksichtslos ungehörig ungebührlich salopp nickelig schnodderig kodderig ungesittet dreibastig kotzbrockig koddrig patzig frech wie Dreck flapsig ungebührend | kess salopp			
Ich sehe so etwas, und mache mir aus lauter Angst vor Blogs - um es <N1>lässig</N1> auszudrücken - die Hosen voll, weil das nichts Gutes ist.	I see this, and I'm sure scared -- I swear on stage -- shitless about blogs, because this is not something that's friendly.				
TRUE					
					
Und - und ich druckte ihre Worte aus - oder ich habe ein <L1>PDF</L1> ihres Blogs an ihre Familie geschickt, und dann teilten sie ihre Worte bei ihrer Beerdigung aus, und sogar in ihrem Nachruf erwähnten sie ihren Blog, weil es so ein großer Teil ihres Lebens gewesen war. Und das ist herausragend.	And so I printed out and sent a PDF of her blog to her family, and they passed it out at her memorial service, and even in her obituary, they mentioned her blog, because it was such a big part of her life.	Portable Document Format PDF			
Und - und ich druckte ihre Worte aus - oder ich habe ein <N1>PDF</N1> ihres Blogs an ihre Familie geschickt, und dann teilten sie ihre Worte bei ihrer Beerdigung aus, und sogar in ihrem Nachruf erwähnten sie ihren Blog, weil es so ein großer Teil ihres Lebens gewesen war. Und das ist herausragend.	And so I printed out and sent a PDF of her blog to her family, and they passed it out at her memorial service, and even in her obituary, they mentioned her blog, because it was such a big part of her life.				
TRUE					
					
Zum Abschluss, wir hörten vor einigen Tagen von dem Wert, das individuelle Heldentum so alltäglich zu machen, dass es <L1>banal</L1> oder zur Routine wird.	Now, to close, we heard a couple of days ago about the value of making individual heroism so commonplace that it becomes banal or routine.	nichtssagend billig leer witzlos wohlfeil beliebig geistlos trivial oberflächlich platt inhaltsleer seicht flau ohne Aussage abgedroschen banal abgeschmackt schal nichts sagend hohl | schlicht banal simpel | schlicht einfach banal ordinär gewöhnlich stinknormal überall vorhanden nichts Besonderes schnöde gibt's im Überfluss mittelprächtig normal mittelmäßig profan alltäglich gemein handelsüblich durchschnittlich Plain Vanilla			
Zum Abschluss, wir hörten vor einigen Tagen von dem Wert, das individuelle Heldentum so alltäglich zu machen, dass es <N1>witzlos</N1> oder zur Routine wird.	Now, to close, we heard a couple of days ago about the value of making individual heroism so commonplace that it becomes banal or routine.				
TRUE					
					
Und falls euch keine Worte einfallen oder keine Dinge mit denen ihr <L1>kontern</L1> könnt, denkt daran was ich sagen würde, denkt daran was euer Therapeut sagen würde, oder eure beste Freundin, wenn sie jemanden so mit dir reden hören würden wie deine Essstörung es tut.	And if you find yourself at a loss for words, or for things to talk back to it, think of what I would say. Think what your therapist would say, or what your best friend would say if they heard someone talking to you the way your eating disorder is talking to you, that can be really helpful.	entgegensetzen dagegenhalten jemandem entgegentreten Paroli bieten jemandem die Stirn bieten Kontra geben kontern | erwidern widersprechen einwenden kontern einwerfen objizieren mit dem Gegenargument kommen den Einwand erheben entgegenhalten entgegnen			
Und falls euch keine Worte einfallen oder keine Dinge mit denen ihr <N1>entgegensetzen</N1> könnt, denkt daran was ich sagen würde, denkt daran was euer Therapeut sagen würde, oder eure beste Freundin, wenn sie jemanden so mit dir reden hören würden wie deine Essstörung es tut.	And if you find yourself at a loss for words, or for things to talk back to it, think of what I would say. Think what your therapist would say, or what your best friend would say if they heard someone talking to you the way your eating disorder is talking to you, that can be really helpful.				
TRUE					
					
Wenn mann sie trifft, dann schießen sie sich auf einen ein, dann sehen sie einem in die Augen, dringen in den persönlichen Raum ein und <L1>massieren</L1> einem den Hinterkopf.	When you meet them, they lock into you, they look you in the eye, they invade your personal space, they massage the back of your head.	durchkneten kneten walken massieren			
Wenn mann sie trifft, dann schießen sie sich auf einen ein, dann sehen sie einem in die Augen, dringen in den persönlichen Raum ein und <N1>kneten</N1> einem den Hinterkopf.	When you meet them, they lock into you, they look you in the eye, they invade your personal space, they massage the back of your head.				
TRUE					
					
Was <L1>vital</L1> / lebenswichtig in der einen ist, ist nicht richtig in der anderen.	What is vital in one is not right for the other.	lebendig vital munter lebenskräftig sanguin aktiv in Bewegung nicht kaputt zu kriegen quicklebendig lebhaft quirlig quietschlebendig springlebendig rührig putzmunter tätig rege umtriebig | essentiell lebenswichtig vital essenziell überlebenswichtig lebensnotwendig wichtig wie die Luft zum Atmen existenziell lebenserhaltend | vital quicklebendig voller Leben gesund und munter | vital munter agil rüstig unternehmungslustig junggeblieben			
Was <N1>lebendig</N1> / lebenswichtig in der einen ist, ist nicht richtig in der anderen.	What is vital in one is not right for the other.				
TRUE					
					
Vielleicht solltet ihr, bevor das SWAT-Team auftaucht, die Einladung in meinen <L1>SUV</L1> annehmen. Wir trinken, wir reden, na?	So perhaps, before SWAT team arrives and, you can accept my invitation to my SUV, we, we drink, we talk, huh?	Schlampenpanzer Sport Utility Vehicle Geländelimousine SUV			
Vielleicht solltet ihr, bevor das SWAT-Team auftaucht, die Einladung in meine <N1>Geländelimousine</N1> annehmen. Wir trinken, wir reden, na?	So perhaps, before SWAT team arrives and, you can accept my invitation to my SUV, we, we drink, we talk, huh?				
TRUE					
					
Daran anknüpfend, Warum sagst du, dass die Evolution <L1>mysteriös</L1> ist?	So just to follow up why do you say that evolution is mysterious?	unheimlich unverständlich geheimnisumwittert geheimnisumwoben mysteriös | unklar verborgen schleierhaft mysteriös rätselhaft Geheimnis ein Rätsel im Dunkeln | unergründlich okkult schleierhaft nebulös geheimnisumwittert geheimnisumwoben sibyllinisch delphisch wundersam geheimnisvoll mysteriös sagenumwoben arkan rätselhaft sibyllenhaft orphisch			
Daran anknüpfend, Warum sagst du, dass die Evolution <N1>geheimnisumwoben</N1> ist?	So just to follow up why do you say that evolution is mysterious?				
TRUE					
					
Bekanntlich teilen sie sich immer, Bakterien vermehren sich, indem sie sich zweiteilen, <L1>klonen</L1> - genetisch ident, so passiert das.	And they always divide as you know, bacteria they grow or they multiply by just dividing themselves into two and they make clones of themselves, genetically identical, and so this is what happens.	sich unterhalten plaudern schnacken miteinander reden plauschen konversieren Smalltalk machen quatschen parlieren babbeln Small Talk machen quatern ratschen babbele quasseln Konversation machen klönen | kopieren vervielfältigen klonen replizieren verdoppeln klonieren duplizieren | Klonen ungeschlechtliche Vermehrung asexuelle Vermehrung vegetative Vermehrung			
Bekanntlich teilen sie sich immer, Bakterien vermehren sich, indem sie sich zweiteilen, <N1>klonen</N1> - genetisch ident, so passiert das.	And they always divide as you know, bacteria they grow or they multiply by just dividing themselves into two and they make clones of themselves, genetically identical, and so this is what happens.				
TRUE					
					
Man kan zwischen den Höhen <L1>flippen</L1> und verschiedene Modelle und Fabrikanten anzeigen lassen.	You can also toggle between altitude for model and manufacturer.				
Man kan zwischen den Höhen <N1>wechseln</N1> und verschiedene Modelle und Fabrikanten anzeigen lassen.	You can also toggle between altitude for model and manufacturer.				
TRUE					
					
Und man kann herum <L1>scrollen</L1> und einige der verschiedenen Flughäfen und unterschiedlichen Muster sehen, die es gibt.	And you can scroll around and see some of the different airports and the different patterns that they have.	rollen blättern scrollen Bildschirminhalt verschieben | Bildlauf Scrollen			
Und man kann herum <N1>scrollen</N1> und einige der verschiedenen Flughäfen und unterschiedlichen Muster sehen, die es gibt.	And you can scroll around and see some of the different airports and the different patterns that they have.				
TRUE					
					
Wie weit <L1>flippig</L1> - wie verrückt du leben möchtest - wird bestimmt durch dein Wertesystem und deine Lebensweise.	How far way out- how far out you want to live- will be determined by your value system, and your lifestyle.				
Wie weit <N1>sprunghaft</N1> - wie verrückt du leben möchtest - wird bestimmt durch dein Wertesystem und deine Lebensweise.	How far way out- how far out you want to live- will be determined by your value system, and your lifestyle.				
TRUE					
					
Eine Identität wurde <L1>primär</L1> durch Religion definiert.	An identity was defined primarily by religion.	erst einmal zuvörderst zuallererst zuerst erstmal an erster Stelle in erster Linie vor allem vorrangig primär zunächst | dringend essentiell essenziell drastisch bedeutend wesentlich wichtig grundlegend prinzipiell primär heftig fundamental substanziell eminent von essentieller Bedeutung von essenzieller Bedeutung elementar von elementarer Bedeutung basal von grundlegender Bedeutung vehement resolut ins Gewicht fallend | überwiegend größtenteils vorwiegend vor allem vorrangig primär hauptsächlich insbesondere in der Hauptsache schwerpunktmäßig vor allen Dingen			
Eine Identität wurde <N1>zuallererst</N1> durch Religion definiert.	An identity was defined primarily by religion.				
TRUE					
					
Und das Tolle daran ist, dass wir jedes Einzelne so <L1>kalibrieren</L1> können, dass es auf seinen Einsatzort abgestimmt ist, dass es auf den Einfallswinkel der Sonne abgestimmt ist und auch wie es sich verbiegt.	And the great thing with that is the fact that we can calibrate each one to be very, very specific to its location, to the angle of the sun, and also how the thing actually curls.	einrichten fluchten konfigurieren einstellen justieren ausrichten kalibrieren eichen			
Und das Tolle daran ist, dass wir jedes Einzelne so <N1>einrichten</N1> können, dass es auf seinen Einsatzort abgestimmt ist, dass es auf den Einfallswinkel der Sonne abgestimmt ist und auch wie es sich verbiegt.	And the great thing with that is the fact that we can calibrate each one to be very, very specific to its location, to the angle of the sun, and also how the thing actually curls.				
TRUE					
					
Wenn man es angenehmer machen könnte und das nun in acht oder zehn Minuten schafft, Sie können Ihr Fahrzeug nicht finden, es wegfahren, oder es bewegen, <L1>umparken</L1> oder sonstwo damit hinfahren; sie können kein Taxi bekommen oder die U-Bahn nehmen.	If you could make it fun, and make it eight or 10 minutes, you can't find your car, un-park your car, move your car, re-park your car and go somewhere; you can't get to a cab or a subway.				
Wenn man es angenehmer machen könnte und das nun in acht oder zehn Minuten schafft, Sie können Ihr Fahrzeug nicht finden, es wegfahren, oder es bewegen, <N1>umparken</N1> oder sonstwo damit hinfahren; sie können kein Taxi bekommen oder die U-Bahn nehmen.	If you could make it fun, and make it eight or 10 minutes, you can't find your car, un-park your car, move your car, re-park your car and go somewhere; you can't get to a cab or a subway.				
TRUE					
					
Jedes mal wenn ELISA positiv ist, das heißt nicht, dass der Patient <L1>HIV-positiv</L1> ist.	You can be diagnosed with AlDS without ever having a HlV test. In 1987 I had galleria on my arm and it was KS - Kaposi's sarcoma. The doctor diagnosed you with AlDS without a HlV test?				
Jedes mal wenn ELISA positiv ist, das heißt nicht, dass der Patient <N1>HIV-positiv</N1> ist.	You can be diagnosed with AlDS without ever having a HlV test. In 1987 I had galleria on my arm and it was KS - Kaposi's sarcoma. The doctor diagnosed you with AlDS without a HlV test?				
TRUE					
					
Obwohl Lindsey in Rumänien <L1>HIV-negativ</L1> war, rief mich Dr. McCew an und sagte, dass es Probleme mit den Tests gäbe, die sie gemacht hätten und wir müssten gleich kommen und sie sehen.	She was hard to handle at the table. And then the leg cramp started. Once that's started it got progressively worse.				
Obwohl Lindsey in Rumänien <N1>HIV-negativ</N1> war, rief mich Dr. McCew an und sagte, dass es Probleme mit den Tests gäbe, die sie gemacht hätten und wir müssten gleich kommen und sie sehen.	She was hard to handle at the table. And then the leg cramp started. Once that's started it got progressively worse.				
TRUE					
					
bref j'avais <L1>passé</L1> un entretien d'embauche que je pensais avoir raté do you speak english ? yes where are you from ? yes mais ils m'ont engagé à l'intendance ils m'ont dit que je ferais tout et rien vous ferez tout et rien je me suis rendu compte que je faisais tout et eux ils faisaient rien en y repenssant j'ai compris pourquoi ils m'avaient pris vous demandez quoi en terme de salaire ? ...de l'argent merde ! je faisais du café je rechargeais les photocopieuses un jour Fabien m'a dit	Kurz ich hatte eine Vorstellungsgesprach gehabt , das ich dachte, verpasste hatte Do you speak english ? yes Where are you from ? yes aber sie haben mich in dem Dienst genohmen im Nachschube	dahin passé gewesen vorbei  mit abgelaufen passee verflossen herum gelaufen aus  mit es war einmal beendet vorbei vergangen vorüber rum aus und vorbei tot und begraben | überholt veraltet antiquiert passé altmodisch out nicht mehr angesagt Schnee von gestern abgelutscht ausgelutscht unmodern vorbei altbacken ausgedient haben aus der Mode anachronistisch uncool hat seine Chance gehabt zum alten Eisen gehörend war mal. hat seine besten Zeiten hinter sich Vergangenheit sein nicht mehr zeitgemäß damit lockt man keinen Hund mehr hinter dem Ofen hervor nicht mehr aktuell nicht mehr auf der Höhe der Zeit unzeitgemäß Die Zeiten sind vorbei nicht mehr Stand der Technik gute alte der Vergangenheit angehören gehört entsorgt nicht mehr State of the Art Old School abgemeldet nicht mehr in Mode vorsintflutlich nicht mehr up to date hatte seine Chance hat sich erledigt | abgegriffen abgedroschen überkommen überholt veraltet hat seine Zeit gehabt passé vernutzt altmodisch nostalgisch hat seine Zeit hinter sich abgenudelt out längst vergessen geglaubt veraltend nicht mehr angesagt Schnee von gestern obsolet abgelutscht			
bref j'avais <N1></N1> un entretien d'embauche que je pensais avoir raté do you speak english ? yes where are you from ? yes mais ils m'ont engagé à l'intendance ils m'ont dit que je ferais tout et rien vous ferez tout et rien je me suis rendu compte que je faisais tout et eux ils faisaient rien en y repenssant j'ai compris pourquoi ils m'avaient pris vous demandez quoi en terme de salaire ? ...de l'argent merde ! je faisais du café je rechargeais les photocopieuses un jour Fabien m'a dit	Kurz ich hatte eine Vorstellungsgesprach gehabt , das ich dachte, verpasste hatte Do you speak english ? yes Where are you from ? yes aber sie haben mich in dem Dienst genohmen im Nachschube		französisch		
FALSE					
					
Die Affen <L1>poppen</L1> und dann machen sie mehr Affen	The monkeys have sex and then they make more monkeys	vernaschen bimsen schnackseln erkennen rammeln koitieren intim werden sich lieben kohabitieren flachlegen poppen Rohr verlegen Geschlechtsverkehr haben kopulieren einen wegstecken den Beischlaf vollführen Sex haben pudern begatten bumsen vögeln verkehren Sex machen Liebe machen mit jemandem schlafen es treiben Verkehr haben nageln Nummer schieben Lachs buttern pimpern ehelichen Pflichten nachkommen ficken es kommt zum Geschlechtsverkehr			
Die Affen <N1>rammeln</N1> und dann machen sie mehr Affen	The monkeys have sex and then they make more monkeys				
TRUE					
					
--sorry, 99 Dollar, <L1>sorry</L1> --	If I take 1 from the ten's place, that's like adding 10 to the ones place. Don't want to confuse you.	tut mir echt leid tut mir leid bedaure sehr ich bin untröstlich tut mir außerordentlich leid bedaure sorry (ich) bitte tausendmal um Entschuldigung			
--sorry, 99 Dollar, <N1></N1> --	If I take 1 from the ten's place, that's like adding 10 to the ones place. Don't want to confuse you.				
FALSE					
					
Als ich Harriet im nächsten Jahr persönlich an der TED Konferenz kennenlernte, hatte sie online schon unsere eigenen <L1>happy</L1> Haplotype T-shirts bestellt.	And when I met Harriet in person the next year at the TED Conference, she'd gone online and ordered our own happy Haplotype T-shirts.	froh glücklich zufrieden happy			
Als ich Harriet im nächsten Jahr persönlich an der TED Konferenz kennenlernte, hatte sie online schon unsere eigenen <N1>glücklichen</N1> Haplotype T-shirts bestellt.	And when I met Harriet in person the next year at the TED Conference, she'd gone online and ordered our own happy Haplotype T-shirts.				
TRUE					
					
Mit Bluetooth oder W-LAN <L1>beamen</L1> sie Bilder auf ihre Augen.	BlueTooth, WiFi available -- beams back images to your eye.				
Mit Bluetooth oder W-LAN <N1>strahlen</N1> sie Bilder auf ihre Augen.	BlueTooth, WiFi available -- beams back images to your eye.				
TRUE					
					
Die <L1>CPU</L1> konnte die vier grundlegenden arithmetischen Funktionen ausführen -- also Addition, Multiplikation, Subtraktion, Division -- ein ziemliches Kunststück in Metall, aber sie konnte auch etwas, das ein Computer im Gegensatz zu einem Rechenautomat konnte: Sie konnte ihren eigenen internen Speicher betrachten und eine Entscheidung treffen.	The CPU could do the four fundamental functions of arithmetic -- so addition, multiplication, subtraction, division -- which already is a bit of a feat in metal, but it could also do something that a computer does and a calculator doesn't: this machine could look at its own internal memory and make a decision.	Kern Prozessor Mikroprozessor Central Processing Unit zentrale Prozessoreinheit CPU Hauptprozessor Zentraleinheit			
Der <N1>Prozessorkern</N1> konnte die vier grundlegenden arithmetischen Funktionen ausführen -- also Addition, Multiplikation, Subtraktion, Division -- ein ziemliches Kunststück in Metall, aber sie konnte auch etwas, das ein Computer im Gegensatz zu einem Rechenautomat konnte: Sie konnte ihren eigenen internen Speicher betrachten und eine Entscheidung treffen.	The CPU could do the four fundamental functions of arithmetic -- so addition, multiplication, subtraction, division -- which already is a bit of a feat in metal, but it could also do something that a computer does and a calculator doesn't: this machine could look at its own internal memory and make a decision.				
TRUE					
					
Etwas so Kompliziertes wie eine Wolke, die so unbeständig, so <L1>variabel</L1> ist, sollte doch eigentlich einer einfachen Regel unterliegen...?	Something so complicated like a cloud, so unstable, so varying, should have a simple rule behind it.	mutabel veränderlich fluid veränderbar beweglich variabel variant wandelbar abwandelbar | beweglich variabel flink behände biegsam gewandt agil flexibel elastisch mobil gelenkig wendig leichtfüßig			
Etwas so Kompliziertes wie eine Wolke, die so unbeständig, so <N1>veränderlich</N1> ist, sollte doch eigentlich einer einfachen Regel unterliegen...?	Something so complicated like a cloud, so unstable, so varying, should have a simple rule behind it.				
TRUE					
					
Wenn ich einen meiner eigenen Titel spiele und sehe, wie die Leute <L1>ausflippen</L1> ... ist das so erfüllend.	When I play one of my own tracks and see the dance floor go crazy... it's so fulfilling.	abgehen explodieren hochgehen wie ein HB-Männchen an die Decke gehen hochgehen wie eine Rakete abspacen ausrasten einen Tobsuchtsanfall kriegen ausflippen austicken einen Rappel kriegen herumwüten (quasi) Schaum vorm Mund haben ausklinken Wutanfall kriegen die Nerven verlieren sich vergessen vor Wut schäumen verrückt werden überschnappen durchdrehen aus der Haut fahren auszucken (beinahe) platzen die Beherrschung verlieren Gift und Galle spucken			
Wenn ich einen meiner eigenen Titel spiele und sehe, wie die Leute <N1>überschnappen</N1> ... ist das so erfüllend.	When I play one of my own tracks and see the dance floor go crazy... it's so fulfilling.				
TRUE					
					
Er holte, laut Brian, dem Scientologen, verlorene Zeit auf - was, wie ich weiß, <L1>ominös</L1> klingt, aber nicht unbedingt ominös sein muss.	He was, according to Brian the Scientologist, making up for lost time, which I know sounds ominous, but isn't necessarily ominous.	ominös vielzitiert oft erwähnt häufig genannt sprichwörtlich vielbeschworen viel berufen legendär | eigenartig eigentümlich außergewöhnlich komisch ungewöhnlich sonderbar merkwürdig obskur ominös wunderlich eigen Ding seltsam | komisch merkwürdig ominös seltsam | fragwürdig windig dunkel zweifelhaft undurchsichtig zwielichtig obskur nicht koscher dubios nicht vertrauenswürdig anrüchig ominös			
Er holte, laut Brian, dem Scientologen, verlorene Zeit auf - was, wie ich weiß, <N1>merkwürdig</N1> klingt, aber nicht unbedingt ominös sein muss.	He was, according to Brian the Scientologist, making up for lost time, which I know sounds ominous, but isn't necessarily ominous.				
TRUE					
					
Wissen Sie, zu meiner Verteidigung, damals gab es kein Google; man konnte nicht einfach <L1>googeln</L1> im Jahre 91.	You know, in my defense, there was no Google at that time; you could not just Google in '91.				
Wissen Sie, zu meiner Verteidigung, damals gab es kein Google; man konnte nicht einfach <N1>googeln</N1> im Jahre 91.	You know, in my defense, there was no Google at that time; you could not just Google in '91.				
TRUE					
					
Mit diesem Trick kann euer Gegner eure Schwachstellen nicht exakt <L1>anvisieren</L1> und in die Lücken eurer vertikalen Panzerung schießen.	With this trick, your enemy won't be able to aim at your weak spots accurately and fire at your vertical armor gaps.	anpeilen etwas in den Blick nehmen es abgesehen haben auf willens sein beabsichtigen etwas fixieren erstreben hinter etwas her sein streben nach sich konzentrieren anvisieren (erreichen) wollen anstreben ringen um bezwecken es anlegen auf alles tun, um zu sich auf die Fahnen geschrieben haben darauf aus sein abzielen vorhaben gewillt sein intendieren zum Ziel setzen hinarbeiten trachten nach in den Kopf setzen (zu tun) gedenken im Sinne haben fest vornehmen | in den Blick nehmen anvisieren fokussieren in den Fokus nehmen sich konzentrieren auf in den Mittelpunkt stellen Fokus richten auf			
Mit diesem Trick kann euer Gegner eure Schwachstellen nicht exakt <N1>anpeilen</N1> und in die Lücken eurer vertikalen Panzerung schießen.	With this trick, your enemy won't be able to aim at your weak spots accurately and fire at your vertical armor gaps.				
TRUE					
					
Es könnte zuallerst verwirrend gewesen sein, weil wir mit einer Zahl hantieren die <L1>imaginär</L1> ist, und ich eine zyklische Eigeneschaft lehre.	It might have been confusing the first time because we're dealing with a number that's  imaginary,  and I'm teaching the cycle property of it.	imaginär unfassbar unkörperlich feenhaft immateriell unstofflich nicht greifbar ätherisch vergeistigt körperlos nicht fassbar engelhaft elfenhaft | erfunden spekulativ eingebildet imaginär belegfrei aus der Luft gegriffen ist nichts Wahres dran imaginiert erlogen ohne Realitätsgehalt fiktiv surreal frei phantasiert irreal zusammenfantasiert Produkt der Phantasie ausgedacht erstunken und erlogen ohne Realitätsbezug nicht auf Tatsachen beruhen frei erfunden an den Haaren herbeigezogen			
Es könnte zuallerst verwirrend gewesen sein, weil wir mit einer Zahl hantieren die <N1>imaginär</N1> ist, und ich eine zyklische Eigeneschaft lehre.	It might have been confusing the first time because we're dealing with a number that's  imaginary,  and I'm teaching the cycle property of it.				
TRUE					
					
Es que soy un poquito güerita de mis piernitas y de mi espalda. Weil ich ein bisschen <L1>blond</L1> bin, meine Beine und mein Rücken. Y de mi carita y mis bracitos los tengo morenitos.	Because I am a little bit blondy of my legs and of my back, and my face and arms I have them dark-skinned.	goldfarben hellhaarig blondgelockt golden semmelblond goldblond maisblond gülden blond goldglänzend			
Es que soy un poquito güerita de mis piernitas y de mi espalda. Weil ich ein bisschen <N1></N1> bin, meine Beine und mein Rücken. Y de mi carita y mis bracitos los tengo morenitos.	Because I am a little bit blondy of my legs and of my back, and my face and arms I have them dark-skinned.				
FALSE					
					
Von den Menschen, die <L1>partout</L1> nicht regieren wollen.	A great thinker, I recommend him, who said:	unausweichlich wahrlich beileibe definitiv unzweifelhaft sicher bestimmt absolut in jeder Hinsicht gewiss unter allen Umständen komme was da wolle (das ist) keine Frage hundertpro sicherlich unumstößlich bombensicher allemal so gut wie sicher ganz bestimmt jedenfalls fraglos todsicher zweifellos auf jeden Fall unbedingt sicher wie das Amen in der Kirche (ey Alter,) ich schwör mit Bestimmtheit mit Sicherheit (das ist) gar keine Frage unweigerlich in jedem Fall zweifelsohne außer Zweifel partout ohne Zweifel ohne Frage auf alle Fälle | ohne Rücksicht auf Verluste unter allen Umständen komme was da wolle unbedingt partout auf Gedeih und Verderb wild entschlossen auf Teufel komm raus mit Gewalt um jeden Preis auf Biegen und Brechen und sei es mit Gewalt zum Äußersten entschlossen mit aller Gewalt koste es, was es wolle zu allem entschlossen			
Von den Menschen, die <N1>unbedingt</N1> nicht regieren wollen.	A great thinker, I recommend him, who said:				
TRUE					
					
Und die Kraft kommt aus der Wirklichkeit, die wir Sprachen geht früh auf, die Elektronen nicht in einer festen, <L1>uniform</L1> Umlaufbahn um Dinge.	They're probablistic.	gleichförmig uniform | Kluft Montur Dienstbekleidung Dienstkleidung Uniform Einheitskleidung Dienstanzug Livree			
Und die Kraft kommt aus der Wirklichkeit, die wir Sprachen geht früh auf, die Elektronen nicht in einer festen, <N1></N1> Umlaufbahn um Dinge.	They're probablistic.				
FALSE					
					
Ist es <L1>totalitär</L1> Lesen, Schreiben und Mathematik zu verlangen?	I don't think so.	diktatorisch totalitär			
Ist es <N1>allgewaltig</N1> Lesen, Schreiben und Mathematik zu verlangen?	I don't think so.				
TRUE					
					
Baue mir einen Computer, der nicht jedes Programm ausführen kann, sondern nur ein Programm, das eine spezielle Aufgabe erfüllt wie z.B. Audiostreamen, Netzwerkpakete routen oder Xbox Spiele spielen, und stellt sicher, dass er keine Programme ausführen kann, die ich nicht authorisiert habe und die unsere Gewinne <L1>unterminieren</L1> könnten .	And on the surface, this seems like a reasonable idea -- just a program that does one specialized task -- after all, we can put an electric motor in a blender, and we can install a motor in a dishwasher, and we don't worry if it's still possible to run a dishwashing program in a blender.	zersetzen aushöhlen unterhöhlen unterminieren untergraben erodieren lassen			
Baue mir einen Computer, der nicht jedes Programm ausführen kann, sondern nur ein Programm, das eine spezielle Aufgabe erfüllt wie z.B. Audiostreamen, Netzwerkpakete routen oder Xbox Spiele spielen, und stellt sicher, dass er keine Programme ausführen kann, die ich nicht authorisiert habe und die unsere Gewinne <N1>untergraben</N1> könnten .	And on the surface, this seems like a reasonable idea -- just a program that does one specialized task -- after all, we can put an electric motor in a blender, and we can install a motor in a dishwasher, and we don't worry if it's still possible to run a dishwashing program in a blender.				
TRUE					
					
Die Geräte sind mobil, das bedeutet, dass wenn man etwas interessantes gefunden hat, das Personal das Produkt <L1>scannen</L1> und es dann auf einem der Bildschirme demonstriert werden kann.	You can look at color, and sizes, and how it appeared on the runway, or whatever.	scannen (Bilder oder Texte) digitalisieren | abtasten ablesen scannen			
Die Geräte sind mobil, das bedeutet, dass wenn man etwas interessantes gefunden hat, das Personal das Produkt <N1>scannen</N1> und es dann auf einem der Bildschirme demonstriert werden kann.	You can look at color, and sizes, and how it appeared on the runway, or whatever.				
TRUE					
					
Wähle die App, die Du installieren möchtest, im App-Verzeichnis aus und klicke Installieren . Das <L1>Plug-in</L1> wird dann automatisch zum Dashboard hinzugefügt.	You can access app plugins from any Twitter or Facebook post in HootSuite.	Plug-in Programmmodul Programmerweiterung Zusatzprogramm Add-on			
Wähle die App, die Du installieren möchtest, im App-Verzeichnis aus und klicke Installieren . Das <N1>Programmiermodul</N1> wird dann automatisch zum Dashboard hinzugefügt.	You can access app plugins from any Twitter or Facebook post in HootSuite.				
TRUE					
					
Nachdem Du Create Note geklickt hast, kannst auswählen, wie der Titel lauten, in welches Notebook die Notiz geheftet werden soll und kannst weitere Tags oder Kommentare im <L1>Pop-up-Fenster</L1> hinzufügen.	You can read, edit, and search your notes later in the dashboard using Evernote's app stream, or even send a note to your social networks!				
Nachdem Du Create Note geklickt hast, kannst auswählen, wie der Titel lauten, in welches Notebook die Notiz geheftet werden soll und kannst weitere Tags oder Kommentare im <N1>Pop-Up-Fenster</N1> hinzufügen.	You can read, edit, and search your notes later in the dashboard using Evernote's app stream, or even send a note to your social networks!				
TRUE					
					
Zisch ab, bevor's <L1>sentimental</L1> wird.	And tell me how it was!	gefühlsbeladen gefühlvoll schnulzig sentimental schmalzig rührselig gefühlsselig | gekünstelt theatralisch kitschig im Überschwang der Gefühle sentimental schmalzig larmoyant tränenselig gefühlig melodramatisch gefühlsduselig rührstückhaft gefühlsbetont mit Pipi inne Augen gefühlsbesoffen mit reichlich Herz und Schmerz seelenvoll			
Zisch ab, bevor's <N1>gefühlsbeladen</N1> wird.	And tell me how it was!				
TRUE					
					
Auf dem Rücken der letzten Ausgabe war ein Foto einer morgendlichen Landstrasse, die Art auf der man <L1>trampen</L1> könnte, wenn man so abenteuerlustig ist.	Beneath it were the words:	mitfahren trampen per Anhalter fahren den Daumen heraushalten			
Auf dem Rücken der letzten Ausgabe war ein Foto einer morgendlichen Landstrasse, die Art auf der man <N1>Anhalter fahren</N1> könnte, wenn man so abenteuerlustig ist.	Beneath it were the words:				
TRUE					
					
Härter zu <L1>kicken</L1> löst das Problem nicht da der durchschnittliche Schwimmer nur ca. 3% seiner Energie für die Vorwärtsbewegung aufwendet.	The problem is hydrodynamics.	kicken buffen tschutten schutten fußballen pöhlen bolzen bäbbeln Fußball spielen pölen | schießen kicken			
Härter zu <N1>kicken</N1> löst das Problem nicht da der durchschnittliche Schwimmer nur ca. 3% seiner Energie für die Vorwärtsbewegung aufwendet.	The problem is hydrodynamics.				
TRUE					
					
Der Song <L1>rockt</L1> immer noch voll.	I'm not even sure I can call them singers in this song, because it seems more like growling and yelling.	genial geil brillant glänzend absolut super exzellent beispiellos von außerordentlicher Qualität atemraubend magnifik wunderbar begnadet einzigartig affengeil sagenhaft unglaublich absoluter Wahnsinn hinreißend unübertroffen fetzt berückend überragend saugeil fulminant absolut irre erstklassig top süperb überwältigend ohne Beispiel atemberaubend phantastisch phänomenal ganz großes Kino urst zum Sterben schön unvergleichlich vom Feinsten wumbaba unübertrefflich fantastisch bestens hervorragend nicht zu toppen nicht zu fassen du kriegst die Motten allererste Sahne herausragend umwerfend hammergeil zum Niederknien toll traumhaft himmelsgleich rockt grandios megacool ganz große Klasse himmlisch wundervoll großartig super superb klasse fabelhaft ausgezeichnet stark sauber cool tipptopp prima leiwand knorke dufte doll zum Reinlegen töfte astrein phatt hasenrein 1A tofte der Hit erste Sahne leinwand spitze nicht schlecht bombig			
Der Song <N1>überwältigt</N1> immer noch voll.	I'm not even sure I can call them singers in this song, because it seems more like growling and yelling.				
TRUE					
					
Sie <L1>debütieren</L1> als They debuted as schroff und Bad-Ass, und sie bleiben dabei.	Good, because really if they ever try to pull of a cute and playful Bilasa kind of video, I think I might vomit.				
Sie <N1></N1> als They debuted as schroff und Bad-Ass, und sie bleiben dabei.	Good, because really if they ever try to pull of a cute and playful Bilasa kind of video, I think I might vomit.				
FALSE					
					
Aber...sie <L1>sprayen</L1> sich nicht selbst an... also kann es nicht Parfüm sein.	What is it, then?	spritzen sprayen sprühen			
Aber...sie <N1></N1> sich nicht selbst an... also kann es nicht Parfüm sein.	What is it, then?				
FALSE					
					
Ich war <L1>undercover</L1> im Gefängnis.	I have been there for a long time.				
Ich war <N1>undercover</N1> im Gefängnis.	I have been there for a long time.				
TRUE					
					
Wir wollen keine Frauenquote - Starke Frauen <L1>rebellieren</L1> gegen Staatsdiktat und Gleichmacherei	So sehen Rebellinnen heute aus:	sich erheben gegen aufmucken protestieren revoltieren sich sträuben sich auflehnen opponieren aufbegehren sich widersetzen frondieren Aufstand proben rebellieren			
Wir wollen keine Frauenquote - Starke Frauen <N1>erheben sich</N1> gegen Staatsdiktat und Gleichmacherei	So sehen Rebellinnen heute aus:				
TRUE					
					
And dieser Code, wenn man davor genug hintereinander hat, vielleicht haben wir ein paar hundert oder ein paar tausend davon <L1>codieren</L1> sie Proteine oder Dinge die andere Proteine kontrollieren, aber vielleicht gibt es eine Veränderung in einem davon.	Maybe this cytosine for whatever reason becomes a guanine randomly, or maybe these got deleted, and that would change the DNA.	chiffrieren enkodieren encodieren verschlüsseln codieren			
And dieser Code, wenn man davor genug hintereinander hat, vielleicht haben wir ein paar hundert oder ein paar tausend davon <N1>codieren</N1> sie Proteine oder Dinge die andere Proteine kontrollieren, aber vielleicht gibt es eine Veränderung in einem davon.	Maybe this cytosine for whatever reason becomes a guanine randomly, or maybe these got deleted, and that would change the DNA.				
TRUE					
					
Ist Ihnen klar, dass wir daraus Nutzen ziehen können und die Mechanismen eines gemeinsamen Bakterium <L1>requirieren</L1> können um das Protein des menschlichen Insulins zu produzieren, welches verwendet wird um Diabetiker zu behandeln?	This is not like human insulin; this is the same protein that is chemically indistinguishable from what comes out of your pancreas.	sicherstellen etwas aus dem Verkehr ziehen requirieren beschlagnahmen einziehen sichern konfiszieren | requirieren untersuchen nachforschen detektieren ermitteln erkunden Ermittlungen anstellen recherchieren			
Ist Ihnen klar, dass wir daraus Nutzen ziehen können und die Mechanismen eines gemeinsamen Bakterium <N1>sicherstellen</N1> können um das Protein des menschlichen Insulins zu produzieren, welches verwendet wird um Diabetiker zu behandeln?	This is not like human insulin; this is the same protein that is chemically indistinguishable from what comes out of your pancreas.				
TRUE					
					
Ein intransitives Verb, wie <L1>dinieren</L1> , zum Beispiel, kann kein direktes Objekt nach sich ziehen.	You have to say,  Sam dined,  not,  Sam dined the pizza.	Mahlzeit zu sich nehmen schmausen zu Tisch sein essen dinieren tafeln speisen | dinieren zu Abend essen Abendbrot essen Abendmahlzeit zu sich nehmen			
Ein intransitives Verb, wie <N1>zu Abend essen</N1> , zum Beispiel, kann kein direktes Objekt nach sich ziehen.	You have to say,  Sam dined,  not,  Sam dined the pizza.				
TRUE					
					
Und wofür <L1>reservieren</L1> Sie sie, wenn Sie etwas Bestimmtes erforschen?	Well, obviously, there's something in here, and you can all have a guess as to what it is.	bestellen buchen blocken vorbestellen vormerken reservieren sich freihalten lassen widmen zuteilen hinterlegen zusichern belegen vorbehalten zurückhalten zurücklegen auf die Seite legen beiseitelegen zuweisen allozieren			
Und wofür <N1>buchen</N1> Sie sie, wenn Sie etwas Bestimmtes erforschen?	Well, obviously, there's something in here, and you can all have a guess as to what it is.				
TRUE					
					
Ich hoffe, ich konnte Sie überzeugen, dass es eine Menge großartiger, interessanter Dinge zu lernen gibt, darüber wie die Natur Stoffe bildet - und wie man das auf die nächste Stufe hebt, um zu sehen, ob man die Art der natürlichen Stofferzeugung <L1>forcieren</L1> kann, oder sie dazu nutzen, Dinge herzustellen, deren Herstellung die Natur sich bislang nicht hat träumen lassen.	Thank you.	ankurbeln forcieren vorantreiben befördern befeuern nach vorne bringen anschieben anheizen weitertreiben (mit Nachdruck) betreiben | einfordern einspannen anhalten abkommandieren verdonnern zu forcieren in die Pflicht nehmen erzwingen bestimmen verpflichten zwingen vergattern zu			
Ich hoffe, ich konnte Sie überzeugen, dass es eine Menge großartiger, interessanter Dinge zu lernen gibt, darüber wie die Natur Stoffe bildet - und wie man das auf die nächste Stufe hebt, um zu sehen, ob man die Art der natürlichen Stofferzeugung <N1>erzwingen</N1> kann, oder sie dazu nutzen, Dinge herzustellen, deren Herstellung die Natur sich bislang nicht hat träumen lassen.	Thank you.				
TRUE					
					
Nein, es ist ein bißchen zu <L1>vulgär</L1> für mich.	Yes. I like this song.	geschmacklos ordinär unanständig anstößig obszön bathisch vulgär unter der Gürtellinie			
Nein, es ist ein bißchen zu <N1>anstössig</N1> für mich.	Yes. I like this song.				
TRUE					
					
Und ein Beispiel dazu wäre: Ich toure als Künstler unglaublich viel, ich bin <L1>nonstop</L1> unterwegs auf diesem Planeten.	And one of my favorite cities is Tbilisi, the capital city of Georgia; great people, the Georgians.	beharrlich ständig in einer Tour unablässig unaufhörlich ohne Unterlass unausgesetzt ohne abzusetzen unentwegt nonstop ununterbrochen dauernd ohne Unterbrechung pausenlos am laufenden Band			
Und ein Beispiel dazu wäre: Ich toure als Künstler unglaublich viel, ich bin <N1>ständig</N1> unterwegs auf diesem Planeten.	And one of my favorite cities is Tbilisi, the capital city of Georgia; great people, the Georgians.				
TRUE					
					
Und Teil dieser bringt in einer Öl-Pipeline aus Kanada, unter Ausnutzung der Öl und Kohle haben wir hier, offshore-Bohrungen in Alaska, Bohren <L1>offshore</L1> in Virginia wo die Menschen es wollen.	Mr. President, could you address, because we did finally get to gas prices here, could you address what the governor said, which is if your energy policy was working, the price of gasoline would not be $4 a gallon here.	offshore vor der Küste			
Und Teil dieser bringt in einer Öl-Pipeline aus Kanada, unter Ausnutzung der Öl und Kohle haben wir hier, offshore-Bohrungen in Alaska, Bohren <N1>vor der Küste</N1> in Virginia wo die Menschen es wollen.	Mr. President, could you address, because we did finally get to gas prices here, could you address what the governor said, which is if your energy policy was working, the price of gasoline would not be $4 a gallon here.				
TRUE					
					
Aber sie wussten, dass allein die Länge dieser Reise ihre Vorräte an Essen und Wasser <L1>strapazieren</L1> würde.	To be eaten by cannibals, to be battered by storms, to starve to death before reaching land.	strapazieren überanstrengen | aufladen belasten aufbürden schlauchen strapazieren beschweren beladen aufoktroyieren bepacken oktroyieren auflasten auferlegen			
Aber sie wussten, dass allein die Länge dieser Reise ihre Vorräte an Essen und Wasser <N1>belasten</N1> würde.	To be eaten by cannibals, to be battered by storms, to starve to death before reaching land.				
TRUE					
					
Die Menschen die sagen dass <L1>Rock'n'roll</L1> zu einem Verfall der moralischen Werte führen würde hatten also zu einem kleinen Funken recht.	But there was a decline from at least two orders of magnitude in homicide from the Middle Ages to the present, and the elbow occurred in the early sixteenth century.	Rock and Roll Rock'n'Roll			
Die Menschen die sagen dass <N1>Rock'n'roll</N1> zu einem Verfall der moralischen Werte führen würde hatten also zu einem kleinen Funken recht.	But there was a decline from at least two orders of magnitude in homicide from the Middle Ages to the present, and the elbow occurred in the early sixteenth century.				
TRUE					
					
Das menschliche Auge ist jedoch außergewöhnlich anpassungsfähig an all diese unterschiedlichen Lichtbedingungen, die zusammen eine Umgebung schaffen, die niemals langweilig und <L1>trist</L1> erscheint und uns so zu mehr Lebensqualität verhilft.	I really owe a short introduction of this man to you.	trocken amusisch uninspiriert dröge phantasielos dürftig prosaisch nüchtern pragmatisch fade blass unbewegt ausdruckslos farblos schal sachlich klar trostlos schnöde zweckmäßig vernünftig monoton öde grau in grau geisttötend langatmig trist kontrastarm grau öd langweilig stupid reizlos spannungsarm eintönig stupide fad wenig aufregend schmucklos ruhig lapidar dumpf ernsthaft kühl ohne schmückendes Beiwerk machbarkeitsorientiert schnörkellos sachbetont ungerührt gleichmütig stoisch alles viel zu ernst nehmen humorfrei als hätte jemand einen Besenstiel verschluckt humorlos Stock im Arsch keinen Spaß vertragen keinen Spaß verstehen			
Das menschliche Auge ist jedoch außergewöhnlich anpassungsfähig an all diese unterschiedlichen Lichtbedingungen, die zusammen eine Umgebung schaffen, die niemals langweilig und <N1>traurig</N1> erscheint und uns so zu mehr Lebensqualität verhilft.	I really owe a short introduction of this man to you.				
TRUE					
					
Vom mächtigen eBay, dem Großvater der Austausch-Marktplätze, bis hin zu Fahrgemeinschafts-Firmen, so wie GoGet, bei der Sie eine monatliche Gebühr zahlen, um Autos stundenweise zu mieten, bis hin zu sozialen Ausleih-Plattformen, so wie Zopa, das jeden hier im Publikum nimmt, der 100 $ zu verleihen hat und ihn mit einem Anleihnehmer überall auf der Welt in Verbindung bringt, wir teilen und arbeiten wieder zusammen auf Arten und Weisen, die meiner Meinung nach mehr <L1>hip</L1> als Hippie sind.	I call this  groundswell collaborative consumption.	aktuell sexy steht hoch im Kurs gefragt kultig en vogue trendy (voll) im Trend angesagt im Trend liegen im Schwange in Mode Mode sein in dem Zeitgeist entsprechend hip trendig zum guten Ton gehören			
Vom mächtigen eBay, dem Großvater der Austausch-Marktplätze, bis hin zu Fahrgemeinschafts-Firmen, so wie GoGet, bei der Sie eine monatliche Gebühr zahlen, um Autos stundenweise zu mieten, bis hin zu sozialen Ausleih-Plattformen, so wie Zopa, das jeden hier im Publikum nimmt, der 100 $ zu verleihen hat und ihn mit einem Anleihnehmer überall auf der Welt in Verbindung bringt, wir teilen und arbeiten wieder zusammen auf Arten und Weisen, die meiner Meinung nach mehr <N1>in Mode</N1> als Hippie sind.	I call this  groundswell collaborative consumption.				
TRUE					
					
Also brauchen Sie ein <L1>GPS-Gerät</L1> um vielleicht ein Objekt zu lokalisieren und dann können Sie alles relativ dazu anordnen, wenn Sie --	And it will be in class, and it will be during the same schedule. Now for the midterm, the time of the class is short, and you'll have really to be ready not really to, like to discover how to solve the problem but really immediately to work on the problem. So that's why the review sessions are very important to prepare you for the midterm to make sure that you will be able to solve all the problems, although we will make sure that the size of the problem fits with the time constraints that we have in the midterm.				
Also brauchen Sie ein <N1>GPS-Gerät</N1> um vielleicht ein Objekt zu lokalisieren und dann können Sie alles relativ dazu anordnen, wenn Sie --	And it will be in class, and it will be during the same schedule. Now for the midterm, the time of the class is short, and you'll have really to be ready not really to, like to discover how to solve the problem but really immediately to work on the problem. So that's why the review sessions are very important to prepare you for the midterm to make sure that you will be able to solve all the problems, although we will make sure that the size of the problem fits with the time constraints that we have in the midterm.				
TRUE					
					
Die Leute werden nicht vom umziehen abgehalten, da sie eh <L1>prekär</L1> sind.	When the idea comes up for a new union campaign, say at a shark employer like some dispatch labor agency, a member would go there, sign-up and begin working to launch a union.	bescheiden prekär schlecht schwach übel nicht rosig mau beschissen mies | prekär labil | mit Vorsicht zu genießen nicht ohne knifflig prekär schwierig heikel haarig kritisch neuralgisch brisant problembehaftet nicht unbedenklich nicht geheuer problematisch delikat verfänglich spinös brenzlig bedenklich | schwer verständlich komplex verschachtelt knifflig prekär verhatscht vertrackt schwierig vigelinsch kein Zuckerschlecken vielschichtig mit einigen Unannehmlichkeiten verbunden heikel nicht einfach kompliziert keine einfache Lösung kein Zuckerlecken tricky verklausuliert diffizil verwickelt unübersichtlich schwer verzwickt mit Mühe verbunden			
Die Leute werden nicht vom umziehen abgehalten, da sie eh <N1>unsicher</N1> sind.	When the idea comes up for a new union campaign, say at a shark employer like some dispatch labor agency, a member would go there, sign-up and begin working to launch a union.				
TRUE					
					
Er sieht aus wie aus einem <L1>Pin-up</L1> Kalender.	Yeah, and I tap that! Yeah, me.				
Er sieht aus wie aus einem <N1>Pin-up</N1> Kalender.	Yeah, and I tap that! Yeah, me.				
TRUE					
					
Push-ups, Gewichte heben, <L1>Sit-ups</L1> und so.	In fact, this week is my  Core Week .	Rumpfbeuge Aufrichter Sit-up Rumpfheben			
Push-ups, Gewichte heben, <N1>Rumpfbeugen</N1> und so.	In fact, this week is my  Core Week .				
TRUE					
					
Und wir glauben mit Sicherheit an <L1>Learning-by-Doing</L1> und alles, vom Logo, das 1968 begründet wurde, bis hin zu modernen Sachen wie Scratch, wenn Sie jemals davon gehört haben, sind ein sehr, sehr elementarer Bestandteil davon.	And that's the rollout.				
Und wir glauben mit Sicherheit an <N1>Learning-by-Doing</N1> und alles, vom Logo, das 1968 begründet wurde, bis hin zu modernen Sachen wie Scratch, wenn Sie jemals davon gehört haben, sind ein sehr, sehr elementarer Bestandteil davon.	And that's the rollout.				
TRUE					
					
Hugh letzte Woche, was haben sie mit der Geburt, Alraune, weniger <L1>lukrativ</L1> Hause Schwangerschaft Geburt, Schwangerschaft Mutterschaft geben	Where are they now?	zugkräftig rentabel gewinnbringend lukrativ profitabel einbringlich einträglich ergiebig Gewinn bringend rentierlich ertragreich lohnend renditestark wirtschaftlich nutzbringend vorteilhaft erstrebsam			
Hugh letzte Woche, was haben sie mit der Geburt, Alraune, weniger <N1></N1> Hause Schwangerschaft Geburt, Schwangerschaft Mutterschaft geben	Where are they now?				
FALSE					
					
Se hanno dei problemi perchè non mi chiamano e me lo dicono io rispondo sempre al telefono se volgiono che cambi qualcosa <L1>basta</L1> dirlo stai traquilla, ora lo cambia	Eggert Halldórsson er Þingmaður Pírata. Ertu með hanska til mín. Ég mun hætta hjá liðinu eftir Tímabilið.				
Se hanno dei problemi perchè non mi chiamano e me lo dicono io rispondo sempre al telefono se volgiono che cambi qualcosa <N1></N1> dirlo stai traquilla, ora lo cambia	Eggert Halldórsson er Þingmaður Pírata. Ertu með hanska til mín. Ég mun hætta hjá liðinu eftir Tímabilið.				
FALSE					
					
Und die Leute können RSS-Feeds <L1>abonnieren</L1> -- sie können E-Mail Benachrichtungen der Änderungen erhalten.	And then users can set up their own personal watch list.	bestellen subskribieren abonnieren			
Und die Leute können RSS-Feeds <N1>bestellen</N1> -- sie können E-Mail Benachrichtungen der Änderungen erhalten.	And then users can set up their own personal watch list.				
TRUE					
					
Ihr Dummschwenker! (Leute, die nicht richtig <L1>grillen</L1> können)	Now pay attention:	befragen grillen ausfragen einvernehmen zur Rede stellen vernehmen verhören inquirieren | Allüren Spinnerei Grillen Kapriolen Mucken Anwandlungen Flausen Launen | grillen grillieren auf dem Grill braten bräteln auf dem Grill rösten			
Ihr Dummschwenker! (Leute, die nicht richtig <N1>grillen</N1> können)	Now pay attention:				
TRUE					
					
Die Notwendigkeit einer Vereinigung, selbst wenn diese nur <L1>temporär</L1> ist, muss allen Beteiligten klar sein und sie muss von einem Verständnis für die Dringlichkeit begleitet sein, welches die Menschen dazu antreibt andere in ihrer Umgebung zu erreichen zu versuchen und die Idee zu verbreiten.	2. A clear vision of what you're working towards.	zeitweilig nicht dauerhaft vorübergehend nicht auf Dauer zur Überbrückung nicht für immer für eine Übergangszeit kurzzeitig für eine Weile übergangsweise transient nicht von Dauer zeitlich begrenzt für den Übergang eine Zeit lang nicht für die Ewigkeit keine endgültige Lösung temporär			
Die Notwendigkeit einer Vereinigung, selbst wenn diese nur <N1>vorübergehend</N1> ist, muss allen Beteiligten klar sein und sie muss von einem Verständnis für die Dringlichkeit begleitet sein, welches die Menschen dazu antreibt andere in ihrer Umgebung zu erreichen zu versuchen und die Idee zu verbreiten.	2. A clear vision of what you're working towards.				
TRUE					
					
Ich könnte mich davon <L1>hypnotisieren</L1> lassen	And you can see that lots of other people liked it, too, because they made all these spin-offs of it, right?	fesseln unwiderstehlich anziehen eine hypnotische Faszination ausüben süchtig machen ganz in Anspruch nehmen faszinieren in den Bann schlagen hypnotisieren kaum loskommen von hypnotisch anziehen | verführen einwickeln bezaubern verzaubern hypnotisieren berücken bezirzen um den Finger wickeln in den/seinen Bann schlagen in den/seinen Bann ziehen betören umgarnen einlullen			
Ich könnte mich davon <N1>in den Bann schlagen</N1> lassen	And you can see that lots of other people liked it, too, because they made all these spin-offs of it, right?				
TRUE					
					
In einem stationären Kraftwerk kann man viel einfacher etwas nehmen, das viel mehr wiegt und sehr <L1>voluminös</L1> ist, und man kann die Abwärme abnehmen, damit eine Dampfturbine betreiben und erhält so eine sekundäre Energiequelle.	So in effect, even after you've taken transmission loss into account and everything, even using the same source fuel, you're at least twice as better off charging an electric car, then burning it at the power plant.	umfänglich ausgedehnt umfassend umfangreich weitreichend extensiv allumfassend voluminös in die Breite gehend breit gefächert weitschweifig erweiternd			
In einem stationären Kraftwerk kann man viel einfacher etwas nehmen, das viel mehr wiegt und sehr <N1>ausgedehnt</N1> ist, und man kann die Abwärme abnehmen, damit eine Dampfturbine betreiben und erhält so eine sekundäre Energiequelle.	So in effect, even after you've taken transmission loss into account and everything, even using the same source fuel, you're at least twice as better off charging an electric car, then burning it at the power plant.				
TRUE					
					
Und bin jemand, der für sein Heimkino lebt, ein Heimkino, in dem ich DVDs, <L1>Video-on-Demand</L1> und eine Menge Fernsehen verschlinge.	SVU,  Tina Fey and  30 Rock  and  Judge Judy  --				
Und bin jemand, der für sein Heimkino lebt, ein Heimkino, in dem ich DVDs, <N1>Video-on-Demand</N1> und eine Menge Fernsehen verschlinge.	SVU,  Tina Fey and  30 Rock  and  Judge Judy  --				
TRUE					
					
Schwule Männer werden häufig als <L1>extravagant</L1> und Mode besessen dargestellt.	But there is one teeny little problem	dandyhaft extravagant überspannt überdreht snobistisch überkandidelt exaltiert verstiegen exzentrisch | elegant extravagant nobel exklusiv fein vornehm mondän | extravagant überspannt verstiegen			
Schwule Männer werden häufig als <N1>übertrieben</N1> und Mode besessen dargestellt.	But there is one teeny little problem				
TRUE					
					
Mit meinem letzten Stück will ich Ihnen zeigen, wie viel Spaß klassische Musik machen kann, und dass sie <L1>rocken</L1> kann.	Let me introduce you to my brand new project,	bewerkstelligen schaukeln schaffen hinbekommen auf die Reihe bringen getan kriegen fertigkriegen hinkriegen geregelt bekommen zuwege bringen Herr werden meistern ins Lot bringen bewältigen geregelt kriegen wuppen auf die Kette kriegen auf die Reihe kriegen auf die Beine stellen schultern in den Griff bekommen auf die Reihe bekommen stemmen fertigbekommen rocken gebacken kriegen zustande bringen packen gebacken bekommen			
Mit meinem letzten Stück will ich Ihnen zeigen, wie viel Spaß klassische Musik machen kann, und dass sie <N1>rocken</N1> kann.	Let me introduce you to my brand new project,				
TRUE					
					
In den meisten Fällen helfen die, die sich selber <L1>outen</L1> den Mythos zu zerstören, dass etwas faul ist mit Atheisten.	On the contrary, they'll demonstrate that atheists are often the kinds of people who could serve as decent role models for your children, the kinds of people an advertising agent could use to recommend a product, the kinds of people who are sitting in this room.	zu erkennen geben aufklären offenbaren enthüllen aufdecken decouvrieren outen enttarnen die Katze aus dem Sack lassen entlarven dekuvrieren auspacken offen legen demaskieren			
In den meisten Fällen helfen die, die sich selber <N1>offenbaren</N1> den Mythos zu zerstören, dass etwas faul ist mit Atheisten.	On the contrary, they'll demonstrate that atheists are often the kinds of people who could serve as decent role models for your children, the kinds of people an advertising agent could use to recommend a product, the kinds of people who are sitting in this room.				
TRUE					
					
Homosexualität beginnen, zum Einen, weil deren Schlussfolgerungen innerhalb der Kirche eine wesentlich längere Geschichte aufweisen als modernere Deutungen und zum Anderen, weil ich glaube, dass viele Menschen, die sich zu dieser Position bekennen das Gefühl haben, dass jene, welche für eine Neuauslegung <L1>plädieren</L1> noch keine theologische Beweisführung unternommen haben, welche so gut an der Heiligen Schrift belegt ist, wie die traditionelle; in diesem	exchanging natural relations for unnatural ones,  and of men abandoning  natural relations with women and committing shameful acts with other men.  And so according to the traditional interpretation, both the Old and the New Testament are consistent in their rejection of same-sex relationships.				
Homosexualität beginnen, zum Einen, weil deren Schlussfolgerungen innerhalb der Kirche eine wesentlich längere Geschichte aufweisen als modernere Deutungen und zum Anderen, weil ich glaube, dass viele Menschen, die sich zu dieser Position bekennen das Gefühl haben, dass jene, welche für eine Neuauslegung <N1>sprechen</N1> noch keine theologische Beweisführung unternommen haben, welche so gut an der Heiligen Schrift belegt ist, wie die traditionelle; in diesem	exchanging natural relations for unnatural ones,  and of men abandoning  natural relations with women and committing shameful acts with other men.  And so according to the traditional interpretation, both the Old and the New Testament are consistent in their rejection of same-sex relationships.				
TRUE					
					
VIPs beim <L1>boxen</L1> und kochen, im dschungel und in den Wehen	I know 9live can be classified as shit.	Boxen Faustkampf Boxkampf | schlagen hauen prügeln kloppen dreschen boxen			
VIPs beim <N1></N1> und kochen, im dschungel und in den Wehen	I know 9live can be classified as shit.				
FALSE					
					
Die Fälle, die ich dokumentierte, <L1>rangieren</L1> von Familienfehden in Brasilien über Opfer von Völkermord in Bosnien und der ersten Frau, die ein Flugzeug entführte, bis hin zu den lebenden Toten in Indien.	In each chapter, you can see the external forces of governance, power and territory or religion colliding with the internal forces of psychological and physical inheritance.	realisieren einrichten aufbauen anlegen arrangieren systematisieren serialisieren strukturieren ordnen aufreihen gliedern zusammenstellen rangieren aufstellen gestalten anordnen | rangieren formieren sich aufstellen			
Die Fälle, die ich dokumentierte, <N1>reichen</N1> von Familienfehden in Brasilien über Opfer von Völkermord in Bosnien und der ersten Frau, die ein Flugzeug entführte, bis hin zu den lebenden Toten in Indien.	In each chapter, you can see the external forces of governance, power and territory or religion colliding with the internal forces of psychological and physical inheritance.				
TRUE					
					
Der erste Teil, das erste Problem, ist relativ einfach - es ist gar nicht einfach - aber die Neurowissenschaft hat sich dem <L1>graduell</L1> genähert.	And it's quite clear that, in order to make minds, we need to construct neural maps.	zögernd mit der Zeit graduell sukzessiv peu à peu sukzessive langsam langsam langsam aber sicher allmählich nach und nach			
Der erste Teil, das erste Problem, ist relativ einfach - es ist gar nicht einfach - aber die Neurowissenschaft hat sich dem <N1>schrittweise</N1> genähert.	And it's quite clear that, in order to make minds, we need to construct neural maps.				
TRUE					
					
Hier ist der Artikel 2 der Satzung der einzige <L1>UN-Organisation</L1> die direkt von der Sicherheitsrat und insbesondere seiner fünf ständigen Mitglieder mit Vetorecht (kleine exklusiven Klub der abschreckenden dominanten nuklearen Nationen) :	(small restricted club of the dissuasive dominant nuclear nations) :				
Hier ist der Artikel 2 der Satzung der einzige <N1></N1> die direkt von der Sicherheitsrat und insbesondere seiner fünf ständigen Mitglieder mit Vetorecht (kleine exklusiven Klub der abschreckenden dominanten nuklearen Nationen) :	(small restricted club of the dissuasive dominant nuclear nations) :				
FALSE					
					
48 Gouverneure konkurrierten, was 48 Staatslegislativen davon überzeugte, Schüler nun <L1>standardmäßig</L1> auf die Uni vorzubereiten.	Forty-eight states opted in, creating a national [education] policy from the bottom up.	serienmäßig genormt standardmäßig | gewöhnlich in der Regel in aller Regel normalerweise im Regelfall typischerweise landläufig standardmäßig gemeinhin von Haus aus gemeiniglich üblicherweise für gewöhnlich im Normalfall normal ab Werk werksseitig eingestellt ab Fabrik			
48 Gouverneure konkurrierten, was 48 Staatslegislativen davon überzeugte, Schüler nun <N1>von Haus aus</N1> auf die Uni vorzubereiten.	Forty-eight states opted in, creating a national [education] policy from the bottom up.				
TRUE					
					
Das war <L1>uncool</L1> und es tat weh, weil sie doch mal meine besten Freunde waren und sie kannten meine Eltern und ich ihre, und es war einfach seltsam.	They were angry about school, they were angry about home, they were angry that this kid was walking here and thought he was cool, and so they beat him up.	ätzend uncool lahm doof scheiße ungeil | überholt veraltet antiquiert passé altmodisch out nicht mehr angesagt Schnee von gestern abgelutscht ausgelutscht unmodern vorbei altbacken ausgedient haben aus der Mode anachronistisch uncool hat seine Chance gehabt zum alten Eisen gehörend war mal. hat seine besten Zeiten hinter sich Vergangenheit sein nicht mehr zeitgemäß damit lockt man keinen Hund mehr hinter dem Ofen hervor nicht mehr aktuell nicht mehr auf der Höhe der Zeit unzeitgemäß Die Zeiten sind vorbei nicht mehr Stand der Technik gute alte der Vergangenheit angehören gehört entsorgt nicht mehr State of the Art Old School abgemeldet nicht mehr in Mode vorsintflutlich nicht mehr up to date hatte seine Chance hat sich erledigt			
Das war <N1>doof</N1> und es tat weh, weil sie doch mal meine besten Freunde waren und sie kannten meine Eltern und ich ihre, und es war einfach seltsam.	They were angry about school, they were angry about home, they were angry that this kid was walking here and thought he was cool, and so they beat him up.				
TRUE					
					
Die Führung muss kompetent, entschlossen und <L1>visionär</L1> sein in seinem Einsatz für den Frieden.	Leaders need to connect to each other and to their followers, and they need to bring them along on what is an often arduous journey into a peaceful future.	visionär richtungsweisend zukunftsweisend bahnbrechend seiner Zeit voraus wegweisend | visionär realitätsfern utopisch nur in der Phantasie möglich über den Wolken schweben unrealistisch realitätsfremd wirklichkeitsfremd nur in der Fantasie möglich unerfüllbar | vorausahnend visionär vorahnend ahnungsvoll			
Die Führung muss kompetent, entschlossen und <N1>richtungsweisend</N1> sein in seinem Einsatz für den Frieden.	Leaders need to connect to each other and to their followers, and they need to bring them along on what is an often arduous journey into a peaceful future.				
TRUE					
					
Sie <L1>skypen</L1> mit ihren Familien einige Male pro Woche.	But once a fortnight, they actually put the computer on their dining table, pull out the webcam and actually have dinner with their family in Sao Paulo.	über Skype kommunizieren skypen über Skype Kontakt halten			
Sie <N1>skypen</N1> mit ihren Familien einige Male pro Woche.	But once a fortnight, they actually put the computer on their dining table, pull out the webcam and actually have dinner with their family in Sao Paulo.				
TRUE					
					
Ich kann n' <L1>USB-Stick</L1> reinstecken, ich kann ne Festplatte reinstecken, ich kann einen DVB-T-Stick oder einen UMTS-Stick einstecken und kann das Ding auch verwenden.	And similarly, the operating system is pretty much like on a usual PC.	Zumpferl USB-Stick USB-Speicher-Stick			
Ich kann n' <N1>USB-Stick</N1> reinstecken, ich kann ne Festplatte reinstecken, ich kann einen DVB-T-Stick oder einen UMTS-Stick einstecken und kann das Ding auch verwenden.	And similarly, the operating system is pretty much like on a usual PC.				
TRUE					
					
Ich kann jetzt zum Beispiel auch hier mein home-Verzeichnis öffnen, kann hier auf die <L1>SD-Karte</L1> kucken, was drauf ist, also das ist schon wirklich wie ein ganz normaler PC.	And if people are saying, 'Man, that's incredibly complicated!'				
Ich kann jetzt zum Beispiel auch hier mein home-Verzeichnis öffnen, kann hier auf die <N1>SD-Karte</N1> kucken, was drauf ist, also das ist schon wirklich wie ein ganz normaler PC.	And if people are saying, 'Man, that's incredibly complicated!'				
TRUE					
					
Wir erkennen, das diese sehr viel virulenter sein werden. Was wir heute sehen, ist dieses Vernetzen von Gesellschaften, von Systemen, zusammengezurrt durch Technologien, und beschleunigt durch <L1>just-in-time</L1> Management-Systeme.	Small levels of stock push resilience into other people's responsibility.				
Wir erkennen, das diese sehr viel virulenter sein werden. Was wir heute sehen, ist dieses Vernetzen von Gesellschaften, von Systemen, zusammengezurrt durch Technologien, und beschleunigt durch <N1>just-in-time</N1> Management-Systeme.	Small levels of stock push resilience into other people's responsibility.				
TRUE					
					
Jedoch Individuen unserer Spezies zur Arbeit gezwungen werden obwohl man diese <L1>automatisieren</L1> kann, oder in der Gehorsam im Austausch für Essen verlangt wird, was zu psychotischem Verhalten in Menschen führt oder solche Situationen aufrechterhält oder sogar hervorruft.	A situation like this can only be the result of a psychosis of individuals with power in society.				
Jedoch Individuen unserer Spezies zur Arbeit gezwungen werden obwohl man diese <N1>verselbständigen</N1> kann, oder in der Gehorsam im Austausch für Essen verlangt wird, was zu psychotischem Verhalten in Menschen führt oder solche Situationen aufrechterhält oder sogar hervorruft.	A situation like this can only be the result of a psychosis of individuals with power in society.				
TRUE					
					
Ich weiß, ich sage <L1>simsen</L1> und viele von Ihnen denken an den Versand eigener Nacktbilder, vielen von Ihnen denken an diese anstößigen Bilder - die hoffentlich nicht Ihre Kinder an andere Menschen schicken - oder den Versuch, Abkürzungen zu übersetzen	LOL, LMAO, HMU.	SMSen (jemandem eine) SMS schicken antexten simsen SMS verschicken ansimsen			
Ich weiß, ich sage <N1>simsen</N1> und viele von Ihnen denken an den Versand eigener Nacktbilder, vielen von Ihnen denken an diese anstößigen Bilder - die hoffentlich nicht Ihre Kinder an andere Menschen schicken - oder den Versuch, Abkürzungen zu übersetzen	LOL, LMAO, HMU.				
TRUE					
					
Das bedeutete, das wir <L1>fifty-fifty</L1> die Verantwortung teilen würden.	I said  I'm not ready, I'll pay,  which meant I [could] have zero responsibility. [laughter]	halbpart halbe-halbe fifty-fifty gleichmäßig aufteilen in zwei gleiche Teile teilen in zwei gleiche Hälften teilen			
Das bedeutete, das wir <N1>halbe-halbe</N1> die Verantwortung teilen würden.	I said  I'm not ready, I'll pay,  which meant I [could] have zero responsibility. [laughter]				
TRUE					
					
Selbstgekochtes Essen konnte da nicht mithalten, denn der hohe Fettanteil, die starken Gewürze in Produkten wie McNuggets oder Hot Pockets - wir haben alle unsere persönlichen Favoriten - führten dazu, dass selbstgemachtes Essen nur <L1>fade</L1> schmeckte.	At the same time, masses of women were entering the workforce, and cooking simply wasn't important enough for men to share the burden.	fade flau öde fad laff ohne Geschmack lau | heruntergekommen geschmacklos fade | trocken amusisch uninspiriert dröge phantasielos dürftig prosaisch nüchtern pragmatisch fade blass unbewegt ausdruckslos farblos schal sachlich klar trostlos schnöde zweckmäßig vernünftig monoton öde grau in grau geisttötend langatmig trist kontrastarm grau öd langweilig stupid reizlos spannungsarm eintönig stupide fad wenig aufregend schmucklos ruhig lapidar dumpf ernsthaft kühl ohne schmückendes Beiwerk machbarkeitsorientiert schnörkellos sachbetont ungerührt gleichmütig stoisch alles viel zu ernst nehmen humorfrei als hätte jemand einen Besenstiel verschluckt humorlos Stock im Arsch keinen Spaß vertragen keinen Spaß verstehen | muffig fade schal fad lasch abgestanden wie Laternenpfahl ganz unten vermufft labberig			
Selbstgekochtes Essen konnte da nicht mithalten, denn der hohe Fettanteil, die starken Gewürze in Produkten wie McNuggets oder Hot Pockets - wir haben alle unsere persönlichen Favoriten - führten dazu, dass selbstgemachtes Essen nur <N1>einförmig</N1> schmeckte.	At the same time, masses of women were entering the workforce, and cooking simply wasn't important enough for men to share the burden.				
TRUE					
					
Wenn ich jetzt das Modell hier <L1>posieren</L1> lasse und ich schieße von dort, dann fotografiere ich im Hintergrund den schwarzen Reflektor.	Light is coming from over here.	posen posieren | posen posieren sich in Pose stellen Haltung annehmen sich in Positur stellen sich in Positur bringen Pose einnehmen (eine bestimmte) Körperhaltung einnehmen			
Wenn ich jetzt das Modell hier <N1>posieren</N1> lasse und ich schieße von dort, dann fotografiere ich im Hintergrund den schwarzen Reflektor.	Light is coming from over here.				
TRUE					
					
Und das ist die Art von Einfluss, die am Ende die Situation <L1>deblockieren</L1> kann.	These leaders have proven that nonviolence works in places like Budrus.				
Und das ist die Art von Einfluss, die am Ende die Situation <N1>auflösen</N1> kann.	These leaders have proven that nonviolence works in places like Budrus.				
TRUE					
					
Eine ähnliche Situation ist, wenn eine <L1>PR-Agentur</L1> die Betreuung von Kunden-Communities an einen externen Dienstleister auslagert.	A contract community manager may manage a number of different brands and you'll want to ensure they're familiar with the different social media practices of each client before granting them full access.				
Eine ähnliche Situation ist, wenn eine <N1>PR-Agentur</N1> die Betreuung von Kunden-Communities an einen externen Dienstleister auslagert.	A contract community manager may manage a number of different brands and you'll want to ensure they're familiar with the different social media practices of each client before granting them full access.				
TRUE					
					
Und obwohl wir noch nicht genau wissen, wie Technologie unser Gehirn formt, so wissen wir doch, dass jedesmal wenn wir uns einloggen, einer anderen Person folgen, ihr <L1>mailen</L1> oder zu ihr linken, dass dies uns beeinflusst. Wir sollten also bedachtsam sein, was wir in unser Gehirn hereinlassen, immer, und manchmal bedeutet dies zu wissen, wann die Verbindung zu beenden ist.	Just as it's not good for a child's brain to be constantly over or under stimulated, it's not good for an adult's brain either.				
Und obwohl wir noch nicht genau wissen, wie Technologie unser Gehirn formt, so wissen wir doch, dass jedesmal wenn wir uns einloggen, einer anderen Person folgen, ihr <N1>mailen</N1> oder zu ihr linken, dass dies uns beeinflusst. Wir sollten also bedachtsam sein, was wir in unser Gehirn hereinlassen, immer, und manchmal bedeutet dies zu wissen, wann die Verbindung zu beenden ist.	Just as it's not good for a child's brain to be constantly over or under stimulated, it's not good for an adult's brain either.				
TRUE					
					
Interessante historische Fußnote: als die Mauren Südspanien eroberten brachten sie diesen Brauch mit. Die Aussprache änderte sich im Laufe der Jahrhunderte von Allah, Allah, Allah zu Olé, olé, <L1>olé</L1> , das man immer noch bei Stierkämpfen und Flamenco-Tänzen hört.	In Spain, when a performer has done something impossible and magic,				
Interessante historische Fußnote: als die Mauren Südspanien eroberten brachten sie diesen Brauch mit. Die Aussprache änderte sich im Laufe der Jahrhunderte von Allah, Allah, Allah zu Olé, olé, <N1></N1> , das man immer noch bei Stierkämpfen und Flamenco-Tänzen hört.	In Spain, when a performer has done something impossible and magic,				
FALSE					
					
Also beschloss ich, <L1>vegan</L1> zu werden.	But I am starting slowly.				
Also beschloss ich, <N1>vegan</N1> zu werden.	But I am starting slowly.				
TRUE					
					
Klicken Sie hier für eine <L1>PDF-Datei</L1> des Verfahrens	You can then save, email, or print this PDF file				
Klicken Sie hier für eine <N1>PDF-Datei</N1> des Verfahrens	You can then save, email, or print this PDF file				
TRUE					
					
Zweitens ist es nicht perfekt, es ist nicht sehr <L1>glamourös</L1> und es fängt nicht plötzlich an und hört plötzlich auf.	It's an ongoing process your whole life.				
Zweitens ist es nicht perfekt, es ist nicht sehr <N1>glanzvoll</N1> und es fängt nicht plötzlich an und hört plötzlich auf.	It's an ongoing process your whole life.				
FALSE					
					
Hingegen jene Kulturen -- buchstäblich tatsächlich der Rest der Welt -- die in einer sehr viel schwächeren Position waren, <L1>vis-a-vis</L1> dem Westen, wurden daher gezwungen, den Westen zu verstehen, wegen der Präsenz des Westens in jenen Gesellschaften.	And therefore, they are, as a result, more cosmopolitan in many ways than the West.	jenseits entgegengesetzt gegenüberliegend gegenüber vis-à-vis am anderen Ufer vis-a-vis auf der anderen Straßenseite auf der anderen Seite			
Hingegen jene Kulturen -- buchstäblich tatsächlich der Rest der Welt -- die in einer sehr viel schwächeren Position waren, <N1>gegenüber</N1> dem Westen, wurden daher gezwungen, den Westen zu verstehen, wegen der Präsenz des Westens in jenen Gesellschaften.	And therefore, they are, as a result, more cosmopolitan in many ways than the West.				
TRUE					
					
Wir haben auch versucht, Computer überall in die Welt zu bringen, so dass die Gruppen viel effizienter kommunizieren und viel effektiver Kampagnen <L1>lancieren</L1> könnten. Aber jetzt haben wir die wundervollen Möglichkeiten, die sich uns durch die Mobiltelefone mit integrierten Kameras bieten, denn sie sind günstig und allgegenwärtig und verbreiten sich rasend schnell um die Welt, das ist sehr aufregend für uns.	And so, the dream is that we could have a world in which anyone who has anything bad happen to them of this sort has a chance of getting their story uploaded, being seen, being watched, that they really know that they can be heard, that there would be a giant website, maybe, a little like Google Earth, and you could fly over and find out the realities of what's going, for the world's inhabitants.	einleiten anfangen herbeiführen einarbeiten einführen eröffnen lancieren introduzieren			
Wir haben auch versucht, Computer überall in die Welt zu bringen, so dass die Gruppen viel effizienter kommunizieren und viel effektiver Kampagnen <N1>einleiten</N1> könnten. Aber jetzt haben wir die wundervollen Möglichkeiten, die sich uns durch die Mobiltelefone mit integrierten Kameras bieten, denn sie sind günstig und allgegenwärtig und verbreiten sich rasend schnell um die Welt, das ist sehr aufregend für uns.	And so, the dream is that we could have a world in which anyone who has anything bad happen to them of this sort has a chance of getting their story uploaded, being seen, being watched, that they really know that they can be heard, that there would be a giant website, maybe, a little like Google Earth, and you could fly over and find out the realities of what's going, for the world's inhabitants.				
TRUE					
					
(Lachen) und das setzt voraus, dass sie bereits <L1>DSL</L1> in ihrem Haus haben.	Try to get DSL installed in your house. The engineers who do it everyday can't do it.				
(Lachen) und das setzt voraus, dass sie bereits <N1>DSL</N1> in ihrem Haus haben.	Try to get DSL installed in your house. The engineers who do it everyday can't do it.				
TRUE					
					
Haben Sie auch festgestellt, dass mehr Frauen als Männer <L1>vegetarisch</L1> oder vegan leben?	Well, yeah, you know why? - Tell me why.	pflanzlich vegetarisch fleischlos | pflanzlich vegetarisch			
Haben Sie auch festgestellt, dass mehr Frauen als Männer <N1>pflanzlich</N1> oder vegan leben?	Well, yeah, you know why? - Tell me why.				
TRUE					
					
Axelle und Pierre sind Therapeuten und arbeiten an einem Buch über ihr Modell Revenue de Base <L1>XXL</L1> .	Ismaël is an engineer and worked in his spare time for 6 months on a calculation model.				
Axelle und Pierre sind Therapeuten und arbeiten an einem Buch über ihr Modell Revenue de Base <N1></N1> .	Ismaël is an engineer and worked in his spare time for 6 months on a calculation model.				
FALSE					
					
- so wir müssen ein wenig <L1>hochscrollen</L1> -	It printed...so this is, we run the program..it printed 'a&lt;0'. so it shows we are inside of this clause.				
- so wir müssen ein wenig <N1>hochscrollen</N1> -	It printed...so this is, we run the program..it printed 'a&lt;0'. so it shows we are inside of this clause.				
TRUE					
					
Das ist die große Sache an der ihr da arbeitet. Und versucht es irgendwie etwas <L1>groovy</L1> hinzubekommen und das es schön mitswingt, das wäre eine gute Idee.	We then have basic fingerstyle practice				
Das ist die große Sache an der ihr da arbeitet. Und versucht es irgendwie etwas <N1>groovy</N1> hinzubekommen und das es schön mitswingt, das wäre eine gute Idee.	We then have basic fingerstyle practice				
TRUE					
					
Falls all diese <L1>binär</L1> sind, was in der gesamten Lektion angenommen wird, können sie 2 hoch 16 verschiedene Werte annehmen, was eine ganze Menge ist.	The Bayes network, as we find out, is a complex representation of a distribution over this very, very large joint probability distribution of all of these variables.				
Falls all diese <N1>binär</N1> sind, was in der gesamten Lektion angenommen wird, können sie 2 hoch 16 verschiedene Werte annehmen, was eine ganze Menge ist.	The Bayes network, as we find out, is a complex representation of a distribution over this very, very large joint probability distribution of all of these variables.				
TRUE					
					
Und wenn sie mehr Geld haben, dann <L1>betonieren</L1> sie ihre Straßen und sie konstruieren eine Kanalisatioon und gute Wasserpumpen und solche Dinge.	This is water going to Rio.	festschreiben zementieren einbetonieren betonieren in Stein meißeln (für lange Zeit) unveränderlich machen | Betonieren Betoneinbringung			
Und wenn sie mehr Geld haben, dann <N1>betonieren</N1> sie ihre Straßen und sie konstruieren eine Kanalisatioon und gute Wasserpumpen und solche Dinge.	This is water going to Rio.				
TRUE					
					
Hier leben Atzen, die dich für eine Dusche <L1>killen</L1>	Who are looking for straying cats and grill them with a magnifier	auslöschen abmurksen ins Jenseits befördern um die Ecke bringen töten tot... ins Gras beißen lassen vom Leben zum Tode befördern umbringen zur Strecke bringen meucheln kaltmachen killen ermorden jemandem den Garaus machen in die ewigen Jagdgründe schicken zum Schweigen bringen totmachen entleiben ums Leben bringen umlegen über die Klinge springen lassen ausknipsen abservieren			
Hier leben Atzen, die dich für eine Dusche <N1>umbringen</N1>	Who are looking for straying cats and grill them with a magnifier				
TRUE					
					
Die Jets <L1>brillieren</L1> in der Vertikale.	The parameters of single-engine monoplanes depend on the nation.	glänzen vorstehen herausstehen herausstechen trumpfen brillieren herausstrecken hervorstehen herausragen bestechen | glänzen brillieren schimmern blitzen funkeln leuchten aufblinken aufblitzen glitzern blinken			
Die Jets <N1>glänzen</N1> in der Vertikale.	The parameters of single-engine monoplanes depend on the nation.				
TRUE					
					
Weil dies etwas ist, dass ich wnigstens, als ich als mich zum ersten Mal mit der Europäischen Geschichte befasste, als sehr <L1>konfus</L1> empfand.	You have these states, you can call them.	konfus gedankenlos geistesabwesend zerstreut | umnachtet durcheinander fassungslos von allen guten Geistern verlassen entgeistert neben der Rolle sein konfus verwirrt tüdelig verstört derangiert neben sich stehen | konfus unüberlegt chaotisch wirr hektisch unsystematisch unreflektiert konzeptionslos unkontrolliert unkoordiniert einfach drauflos nicht organisiert planlos ohne roten Faden ziellos kopflos | abstrus wüst konfus wirr an den Haaren herbeigezogen wild abenteuerlich | verwickelt unübersichtlich durcheinander konfus chaotisch verworren wirr | unklar töricht absurd aberwitzig konfus verrückt sinnlos sinnfrei unsinnig unlogisch vernunftwidrig paradox irrational widersinnig irre irrsinnig unvernünftig idiotisch nicht rational schwachsinnig ohne Sinn und Verstand wahnwitzig hirnverbrannt blöd dämlich selten dämlich blödsinnig (totaler) Quatsch irrwitzig antinomisch reiner Blödsinn bescheuert hirnrissig			
Weil dies etwas ist, dass ich wnigstens, als ich als mich zum ersten Mal mit der Europäischen Geschichte befasste, als sehr <N1>durcheinander</N1> empfand.	You have these states, you can call them.				
TRUE					
					
I was right here right listening to them having conversations like she was infiltrating my house through my phone talking to my mom like you don't mess with my family you don't try to infiltrate my family to tear our family <L1>apart</L1> and she was causing all kinds of drama making my mom feel bad about herself just like she did with me that's all she does and my ask my mom about it	longer&lt;00:07:04.759&gt; inconvenient&lt;00:07:05.539&gt; we&lt;00:07:05.629&gt; have&lt;00:07:05.719&gt; just forgotten&lt;00:07:06.469&gt; the&lt;00:07:07.039&gt; technology&lt;00:07:07.729&gt; we&lt;00:07:07.879&gt; have&lt;00:07:08.060&gt; that&lt;00:07:08.750&gt; we can&lt;00:07:08.930&gt; use&lt;00:07:09.110&gt; to&lt;00:07:09.620&gt; achieve&lt;00:07:10.039&gt; these&lt;00:07:10.430&gt; goals&lt;00:07:10.610&gt; right&lt;00:07:11.270&gt; so the&lt;00:07:13.129&gt; hierarchy&lt;00:07:13.789&gt; was&lt;00:07:14.360&gt; used&lt;00:07:14.719&gt; for&lt;00:07:14.899&gt; so&lt;00:07:15.259&gt; long and&lt;00:07:16.960&gt; it&lt;00:07:17.050&gt; was&lt;00:07:17.199&gt; developed&lt;00:07:17.380&gt; in&lt;00:07:18.070&gt; a&lt;00:07:18.190&gt; time&lt;00:07:18.490&gt; when&lt;00:07:18.639&gt; we didn't&lt;00:07:19.180&gt; have&lt;00:07:19.389&gt; the&lt;00:07:20.500&gt; telephone&lt;00:07:20.979&gt; when&lt;00:07:21.580&gt; we&lt;00:07:21.699&gt; didn't have&lt;00:07:22.240&gt; the&lt;00:07:22.600&gt; internet&lt;00:07:23.139&gt; when&lt;00:07:24.160&gt; our&lt;00:07:25.630&gt; communication technologies&lt;00:07:27.490&gt; are&lt;00:07:27.639&gt; very&lt;00:07:28.030&gt; different&lt;00:07:28.300&gt; than they&lt;00:07:28.660&gt; are&lt;00:07:28.750&gt; today&lt;00:07:29.530&gt; so&lt;00:07:30.639&gt; we&lt;00:07:31.060&gt; just&lt;00:07:31.240&gt; need&lt;00:07:31.360&gt; to reconsider&lt;00:07:32.380&gt; that&lt;00:07:33.550&gt; the&lt;00:07:34.030&gt; technology&lt;00:07:34.360&gt; that&lt;00:07:34.690&gt; we have&lt;00:07:34.960&gt; at&lt;00:07:35.350&gt; our&lt;00:07:35.410&gt; disposal&lt;00:07:35.530&gt; that's&lt;00:07:36.250&gt; been&lt;00:07:36.400&gt; sitting in&lt;00:07:36.729&gt; front&lt;00:07:36.970&gt; of&lt;00:07:37.090&gt; us&lt;00:07:37.180&gt; especially&lt;00:07:38.050&gt; the&lt;00:07:38.530&gt; internet in&lt;00:07:40.120&gt; new&lt;00:07:40.960&gt; ways&lt;00:07:41.380&gt; ways&lt;00:07:42.010&gt; that&lt;00:07:42.190&gt; we&lt;00:07:42.310&gt; can&lt;00:07:42.520&gt; use&lt;00:07:42.580&gt; the internet&lt;00:07:43.540&gt; to&lt;00:07:43.870&gt; organize&lt;00:07:44.440&gt; ourselves&lt;00:07:44.650&gt; that&lt;00:07:46.270&gt; is the&lt;00:07:47.470&gt; way&lt;00:07:47.650&gt; out&lt;00:07:48.040&gt; the&lt;00:07:48.729&gt; way&lt;00:07:48.820&gt; out&lt;00:07:49.060&gt; of&lt;00:07:49.300&gt; this&lt;00:07:49.449&gt; cycle&lt;00:07:49.990&gt; of always&lt;00:07:51.340&gt; getting&lt;00:07:51.550&gt; bad&lt;00:07:52.000&gt; results&lt;00:07:52.479&gt; of&lt;00:07:52.510&gt; always doing&lt;00:07:53.020&gt; things&lt;00:07:53.350&gt; the&lt;00:07:53.560&gt; same&lt;00:07:53.620&gt; way&lt;00:07:53.919&gt; and&lt;00:07:54.970&gt; the&lt;00:07:55.060&gt; sort of&lt;00:07:55.419&gt; bitterness&lt;00:07:55.900&gt; at&lt;00:07:56.500&gt; the&lt;00:07:56.560&gt; heart&lt;00:07:56.919&gt; of&lt;00:07:56.979&gt; America&lt;00:07:57.550&gt; is saying&lt;00:07:58.360&gt; I&lt;00:07:58.510&gt; don't&lt;00:07:58.660&gt; even&lt;00:07:58.810&gt; want&lt;00:07:59.410&gt; to&lt;00:07:59.440&gt; vote&lt;00:07:59.530&gt; anymore I&lt;00:08:00.400&gt; almost&lt;00:08:00.639&gt; didn't&lt;00:08:01.240&gt; vote&lt;00:08:02.050&gt; for&lt;00:08:02.260&gt; president because&lt;00:08:03.010&gt; I&lt;00:08:03.280&gt; was&lt;00:08:03.400&gt; so&lt;00:08:03.550&gt; frustrated we&lt;00:08:04.900&gt; need&lt;00:08:05.139&gt; to&lt;00:08:05.320&gt; pinpoint&lt;00:08:05.770&gt; the&lt;00:08:06.550&gt; best&lt;00:08:07.120&gt; way&lt;00:08:07.330&gt; to&lt;00:08:08.139&gt; use decentralisation&lt;00:08:09.220&gt; as&lt;00:08:10.150&gt; a&lt;00:08:10.210&gt; way&lt;00:08:10.360&gt; to&lt;00:08:10.389&gt; organize ourselves&lt;00:08:11.020&gt; to&lt;00:08:11.500&gt; replace&lt;00:08:12.130&gt; the&lt;00:08:12.970&gt; outdated&lt;00:08:13.360&gt; model of&lt;00:08:14.260&gt; the&lt;00:08:14.470&gt; hierarchy&lt;00:08:14.830&gt; right&lt;00:08:15.370&gt; and&lt;00:08:17.139&gt; luckily&lt;00:08:18.039&gt; there are&lt;00:08:19.660&gt; solutions&lt;00:08:20.020&gt; that&lt;00:08:21.910&gt; are&lt;00:08:22.030&gt; already&lt;00:08:22.300&gt; working i've&lt;00:08:22.990&gt; already&lt;00:08:23.139&gt; been&lt;00:08:23.320&gt; proven&lt;00:08:23.620&gt; to&lt;00:08:23.919&gt; work&lt;00:08:24.070&gt; and they&lt;00:08:25.360&gt; are&lt;00:08:25.690&gt; part&lt;00:08:26.050&gt; of&lt;00:08:26.139&gt; the&lt;00:08:26.260&gt; sharing&lt;00:08:26.710&gt; economy&lt;00:08:26.740&gt; i don't&lt;00:08:27.520&gt; know&lt;00:08:27.639&gt; if&lt;00:08:27.760&gt; you've&lt;00:08:27.940&gt; heard&lt;00:08:27.970&gt; the&lt;00:08:28.330&gt; sharing economy&lt;00:08:28.720&gt; but&lt;00:08:29.380&gt; it's&lt;00:08:29.680&gt; a&lt;00:08:29.770&gt; basically&lt;00:08:30.940&gt; uber&lt;00:08:31.180&gt; lyft Kickstarter&lt;00:08:33.190&gt; Airbnb&lt;00:08:34.479&gt; and&lt;00:08:36.520&gt; also&lt;00:08:37.089&gt; I&lt;00:08:37.510&gt; feel includes&lt;00:08:38.529&gt; a&lt;00:08:38.589&gt; Bitcoin&lt;00:08:39.849&gt; in&lt;00:08:39.969&gt; the&lt;00:08:40.029&gt; boxing watching&lt;00:08:41.919&gt; technology&lt;00:08:42.550&gt; so&lt;00:08:43.870&gt; the&lt;00:08:43.959&gt; way&lt;00:08:44.110&gt; these work&lt;00:08:44.589&gt; with&lt;00:08:45.250&gt; uber&lt;00:08:45.580&gt; for&lt;00:08:45.760&gt; example&lt;00:08:46.360&gt; you&lt;00:08:46.480&gt; are you're&lt;00:08:48.760&gt; having&lt;00:08:49.060&gt; two&lt;00:08:49.240&gt; parties&lt;00:08:49.660&gt; right&lt;00:08:49.870&gt; there&lt;00:08:50.110&gt; is a&lt;00:08:50.230&gt; person&lt;00:08:50.650&gt; that&lt;00:08:50.709&gt; needs&lt;00:08:51.010&gt; a&lt;00:08:51.040&gt; ride&lt;00:08:51.370&gt; a&lt;00:08:51.430&gt; person&lt;00:08:51.820&gt; that has&lt;00:08:52.000&gt; a&lt;00:08:52.270&gt; ride&lt;00:08:52.570&gt; so&lt;00:08:53.200&gt; there's&lt;00:08:53.380&gt; a&lt;00:08:53.410&gt; person&lt;00:08:53.800&gt; that&lt;00:08:54.040&gt; says i&lt;00:08:55.690&gt; need&lt;00:08:55.810&gt; a&lt;00:08:56.020&gt; ride&lt;00:08:56.410&gt; here&lt;00:08:56.860&gt; i&lt;00:08:57.010&gt; am&lt;00:08:57.310&gt; my&lt;00:08:58.270&gt; GPS&lt;00:08:58.870&gt; on&lt;00:08:58.959&gt; my phone&lt;00:08:59.140&gt; this&lt;00:08:59.529&gt; is&lt;00:08:59.680&gt; where&lt;00:08:59.890&gt; i&lt;00:09:00.010&gt; am&lt;00:09:00.040&gt; willing&lt;00:09:00.520&gt; to&lt;00:09:00.580&gt; pay this&lt;00:09:00.940&gt; much&lt;00:09:01.270&gt; and&lt;00:09:01.480&gt; then&lt;00:09:01.570&gt; there's&lt;00:09:01.720&gt; a&lt;00:09:01.779&gt; person&lt;00:09:02.140&gt; who says&lt;00:09:02.470&gt; I&lt;00:09:02.890&gt; have&lt;00:09:03.040&gt; a&lt;00:09:03.100&gt; car&lt;00:09:03.430&gt; i'm&lt;00:09:03.610&gt; willing&lt;00:09:03.850&gt; to&lt;00:09:03.910&gt; give you&lt;00:09:04.150&gt; a&lt;00:09:04.270&gt; ride&lt;00:09:04.600&gt; from&lt;00:09:04.750&gt; that&lt;00:09:04.959&gt; location&lt;00:09:05.170&gt; for&lt;00:09:06.339&gt; this much&lt;00:09:06.730&gt; money&lt;00:09:06.910&gt; and&lt;00:09:08.050&gt; you're&lt;00:09:08.200&gt; creating&lt;00:09:08.620&gt; an agreement&lt;00:09:09.279&gt; among&lt;00:09:10.240&gt; two&lt;00:09:10.450&gt; parties&lt;00:09:11.050&gt; that&lt;00:09:12.130&gt; is decentralized&lt;00:09:12.670&gt; right&lt;00:09:13.510&gt; when&lt;00:09:14.560&gt; you're&lt;00:09:14.680&gt; creating the&lt;00:09:15.400&gt; agreement&lt;00:09:16.089&gt; using&lt;00:09:18.070&gt; automation&lt;00:09:18.790&gt; right through&lt;00:09:20.290&gt; the&lt;00:09:20.440&gt; process&lt;00:09:20.920&gt; of&lt;00:09:21.010&gt; automation&lt;00:09:21.490&gt; so&lt;00:09:21.790&gt; its computer&lt;00:09:22.420&gt; code&lt;00:09:22.779&gt; it's&lt;00:09:23.380&gt; not&lt;00:09:23.709&gt; a&lt;00:09:23.830&gt; chain&lt;00:09:24.100&gt; of command that's&lt;00:09:26.380&gt; the&lt;00:09:26.470&gt; key&lt;00:09:26.680&gt; here&lt;00:09:26.920&gt; is&lt;00:09:27.130&gt; that&lt;00:09:27.310&gt; it's&lt;00:09:28.240&gt; not	fremdländisch fremd unbekannt apart exotisch fremdartig | entzückend liebreizend aufregend reizvoll anziehend bezaubernd faszinierend charmant gewinnend apart			
I was right here right listening to them having conversations like she was infiltrating my house through my phone talking to my mom like you don't mess with my family you don't try to infiltrate my family to tear our family <N1></N1> and she was causing all kinds of drama making my mom feel bad about herself just like she did with me that's all she does and my ask my mom about it	longer&lt;00:07:04.759&gt; inconvenient&lt;00:07:05.539&gt; we&lt;00:07:05.629&gt; have&lt;00:07:05.719&gt; just forgotten&lt;00:07:06.469&gt; the&lt;00:07:07.039&gt; technology&lt;00:07:07.729&gt; we&lt;00:07:07.879&gt; have&lt;00:07:08.060&gt; that&lt;00:07:08.750&gt; we can&lt;00:07:08.930&gt; use&lt;00:07:09.110&gt; to&lt;00:07:09.620&gt; achieve&lt;00:07:10.039&gt; these&lt;00:07:10.430&gt; goals&lt;00:07:10.610&gt; right&lt;00:07:11.270&gt; so the&lt;00:07:13.129&gt; hierarchy&lt;00:07:13.789&gt; was&lt;00:07:14.360&gt; used&lt;00:07:14.719&gt; for&lt;00:07:14.899&gt; so&lt;00:07:15.259&gt; long and&lt;00:07:16.960&gt; it&lt;00:07:17.050&gt; was&lt;00:07:17.199&gt; developed&lt;00:07:17.380&gt; in&lt;00:07:18.070&gt; a&lt;00:07:18.190&gt; time&lt;00:07:18.490&gt; when&lt;00:07:18.639&gt; we didn't&lt;00:07:19.180&gt; have&lt;00:07:19.389&gt; the&lt;00:07:20.500&gt; telephone&lt;00:07:20.979&gt; when&lt;00:07:21.580&gt; we&lt;00:07:21.699&gt; didn't have&lt;00:07:22.240&gt; the&lt;00:07:22.600&gt; internet&lt;00:07:23.139&gt; when&lt;00:07:24.160&gt; our&lt;00:07:25.630&gt; communication technologies&lt;00:07:27.490&gt; are&lt;00:07:27.639&gt; very&lt;00:07:28.030&gt; different&lt;00:07:28.300&gt; than they&lt;00:07:28.660&gt; are&lt;00:07:28.750&gt; today&lt;00:07:29.530&gt; so&lt;00:07:30.639&gt; we&lt;00:07:31.060&gt; just&lt;00:07:31.240&gt; need&lt;00:07:31.360&gt; to reconsider&lt;00:07:32.380&gt; that&lt;00:07:33.550&gt; the&lt;00:07:34.030&gt; technology&lt;00:07:34.360&gt; that&lt;00:07:34.690&gt; we have&lt;00:07:34.960&gt; at&lt;00:07:35.350&gt; our&lt;00:07:35.410&gt; disposal&lt;00:07:35.530&gt; that's&lt;00:07:36.250&gt; been&lt;00:07:36.400&gt; sitting in&lt;00:07:36.729&gt; front&lt;00:07:36.970&gt; of&lt;00:07:37.090&gt; us&lt;00:07:37.180&gt; especially&lt;00:07:38.050&gt; the&lt;00:07:38.530&gt; internet in&lt;00:07:40.120&gt; new&lt;00:07:40.960&gt; ways&lt;00:07:41.380&gt; ways&lt;00:07:42.010&gt; that&lt;00:07:42.190&gt; we&lt;00:07:42.310&gt; can&lt;00:07:42.520&gt; use&lt;00:07:42.580&gt; the internet&lt;00:07:43.540&gt; to&lt;00:07:43.870&gt; organize&lt;00:07:44.440&gt; ourselves&lt;00:07:44.650&gt; that&lt;00:07:46.270&gt; is the&lt;00:07:47.470&gt; way&lt;00:07:47.650&gt; out&lt;00:07:48.040&gt; the&lt;00:07:48.729&gt; way&lt;00:07:48.820&gt; out&lt;00:07:49.060&gt; of&lt;00:07:49.300&gt; this&lt;00:07:49.449&gt; cycle&lt;00:07:49.990&gt; of always&lt;00:07:51.340&gt; getting&lt;00:07:51.550&gt; bad&lt;00:07:52.000&gt; results&lt;00:07:52.479&gt; of&lt;00:07:52.510&gt; always doing&lt;00:07:53.020&gt; things&lt;00:07:53.350&gt; the&lt;00:07:53.560&gt; same&lt;00:07:53.620&gt; way&lt;00:07:53.919&gt; and&lt;00:07:54.970&gt; the&lt;00:07:55.060&gt; sort of&lt;00:07:55.419&gt; bitterness&lt;00:07:55.900&gt; at&lt;00:07:56.500&gt; the&lt;00:07:56.560&gt; heart&lt;00:07:56.919&gt; of&lt;00:07:56.979&gt; America&lt;00:07:57.550&gt; is saying&lt;00:07:58.360&gt; I&lt;00:07:58.510&gt; don't&lt;00:07:58.660&gt; even&lt;00:07:58.810&gt; want&lt;00:07:59.410&gt; to&lt;00:07:59.440&gt; vote&lt;00:07:59.530&gt; anymore I&lt;00:08:00.400&gt; almost&lt;00:08:00.639&gt; didn't&lt;00:08:01.240&gt; vote&lt;00:08:02.050&gt; for&lt;00:08:02.260&gt; president because&lt;00:08:03.010&gt; I&lt;00:08:03.280&gt; was&lt;00:08:03.400&gt; so&lt;00:08:03.550&gt; frustrated we&lt;00:08:04.900&gt; need&lt;00:08:05.139&gt; to&lt;00:08:05.320&gt; pinpoint&lt;00:08:05.770&gt; the&lt;00:08:06.550&gt; best&lt;00:08:07.120&gt; way&lt;00:08:07.330&gt; to&lt;00:08:08.139&gt; use decentralisation&lt;00:08:09.220&gt; as&lt;00:08:10.150&gt; a&lt;00:08:10.210&gt; way&lt;00:08:10.360&gt; to&lt;00:08:10.389&gt; organize ourselves&lt;00:08:11.020&gt; to&lt;00:08:11.500&gt; replace&lt;00:08:12.130&gt; the&lt;00:08:12.970&gt; outdated&lt;00:08:13.360&gt; model of&lt;00:08:14.260&gt; the&lt;00:08:14.470&gt; hierarchy&lt;00:08:14.830&gt; right&lt;00:08:15.370&gt; and&lt;00:08:17.139&gt; luckily&lt;00:08:18.039&gt; there are&lt;00:08:19.660&gt; solutions&lt;00:08:20.020&gt; that&lt;00:08:21.910&gt; are&lt;00:08:22.030&gt; already&lt;00:08:22.300&gt; working i've&lt;00:08:22.990&gt; already&lt;00:08:23.139&gt; been&lt;00:08:23.320&gt; proven&lt;00:08:23.620&gt; to&lt;00:08:23.919&gt; work&lt;00:08:24.070&gt; and they&lt;00:08:25.360&gt; are&lt;00:08:25.690&gt; part&lt;00:08:26.050&gt; of&lt;00:08:26.139&gt; the&lt;00:08:26.260&gt; sharing&lt;00:08:26.710&gt; economy&lt;00:08:26.740&gt; i don't&lt;00:08:27.520&gt; know&lt;00:08:27.639&gt; if&lt;00:08:27.760&gt; you've&lt;00:08:27.940&gt; heard&lt;00:08:27.970&gt; the&lt;00:08:28.330&gt; sharing economy&lt;00:08:28.720&gt; but&lt;00:08:29.380&gt; it's&lt;00:08:29.680&gt; a&lt;00:08:29.770&gt; basically&lt;00:08:30.940&gt; uber&lt;00:08:31.180&gt; lyft Kickstarter&lt;00:08:33.190&gt; Airbnb&lt;00:08:34.479&gt; and&lt;00:08:36.520&gt; also&lt;00:08:37.089&gt; I&lt;00:08:37.510&gt; feel includes&lt;00:08:38.529&gt; a&lt;00:08:38.589&gt; Bitcoin&lt;00:08:39.849&gt; in&lt;00:08:39.969&gt; the&lt;00:08:40.029&gt; boxing watching&lt;00:08:41.919&gt; technology&lt;00:08:42.550&gt; so&lt;00:08:43.870&gt; the&lt;00:08:43.959&gt; way&lt;00:08:44.110&gt; these work&lt;00:08:44.589&gt; with&lt;00:08:45.250&gt; uber&lt;00:08:45.580&gt; for&lt;00:08:45.760&gt; example&lt;00:08:46.360&gt; you&lt;00:08:46.480&gt; are you're&lt;00:08:48.760&gt; having&lt;00:08:49.060&gt; two&lt;00:08:49.240&gt; parties&lt;00:08:49.660&gt; right&lt;00:08:49.870&gt; there&lt;00:08:50.110&gt; is a&lt;00:08:50.230&gt; person&lt;00:08:50.650&gt; that&lt;00:08:50.709&gt; needs&lt;00:08:51.010&gt; a&lt;00:08:51.040&gt; ride&lt;00:08:51.370&gt; a&lt;00:08:51.430&gt; person&lt;00:08:51.820&gt; that has&lt;00:08:52.000&gt; a&lt;00:08:52.270&gt; ride&lt;00:08:52.570&gt; so&lt;00:08:53.200&gt; there's&lt;00:08:53.380&gt; a&lt;00:08:53.410&gt; person&lt;00:08:53.800&gt; that&lt;00:08:54.040&gt; says i&lt;00:08:55.690&gt; need&lt;00:08:55.810&gt; a&lt;00:08:56.020&gt; ride&lt;00:08:56.410&gt; here&lt;00:08:56.860&gt; i&lt;00:08:57.010&gt; am&lt;00:08:57.310&gt; my&lt;00:08:58.270&gt; GPS&lt;00:08:58.870&gt; on&lt;00:08:58.959&gt; my phone&lt;00:08:59.140&gt; this&lt;00:08:59.529&gt; is&lt;00:08:59.680&gt; where&lt;00:08:59.890&gt; i&lt;00:09:00.010&gt; am&lt;00:09:00.040&gt; willing&lt;00:09:00.520&gt; to&lt;00:09:00.580&gt; pay this&lt;00:09:00.940&gt; much&lt;00:09:01.270&gt; and&lt;00:09:01.480&gt; then&lt;00:09:01.570&gt; there's&lt;00:09:01.720&gt; a&lt;00:09:01.779&gt; person&lt;00:09:02.140&gt; who says&lt;00:09:02.470&gt; I&lt;00:09:02.890&gt; have&lt;00:09:03.040&gt; a&lt;00:09:03.100&gt; car&lt;00:09:03.430&gt; i'm&lt;00:09:03.610&gt; willing&lt;00:09:03.850&gt; to&lt;00:09:03.910&gt; give you&lt;00:09:04.150&gt; a&lt;00:09:04.270&gt; ride&lt;00:09:04.600&gt; from&lt;00:09:04.750&gt; that&lt;00:09:04.959&gt; location&lt;00:09:05.170&gt; for&lt;00:09:06.339&gt; this much&lt;00:09:06.730&gt; money&lt;00:09:06.910&gt; and&lt;00:09:08.050&gt; you're&lt;00:09:08.200&gt; creating&lt;00:09:08.620&gt; an agreement&lt;00:09:09.279&gt; among&lt;00:09:10.240&gt; two&lt;00:09:10.450&gt; parties&lt;00:09:11.050&gt; that&lt;00:09:12.130&gt; is decentralized&lt;00:09:12.670&gt; right&lt;00:09:13.510&gt; when&lt;00:09:14.560&gt; you're&lt;00:09:14.680&gt; creating the&lt;00:09:15.400&gt; agreement&lt;00:09:16.089&gt; using&lt;00:09:18.070&gt; automation&lt;00:09:18.790&gt; right through&lt;00:09:20.290&gt; the&lt;00:09:20.440&gt; process&lt;00:09:20.920&gt; of&lt;00:09:21.010&gt; automation&lt;00:09:21.490&gt; so&lt;00:09:21.790&gt; its computer&lt;00:09:22.420&gt; code&lt;00:09:22.779&gt; it's&lt;00:09:23.380&gt; not&lt;00:09:23.709&gt; a&lt;00:09:23.830&gt; chain&lt;00:09:24.100&gt; of command that's&lt;00:09:26.380&gt; the&lt;00:09:26.470&gt; key&lt;00:09:26.680&gt; here&lt;00:09:26.920&gt; is&lt;00:09:27.130&gt; that&lt;00:09:27.310&gt; it's&lt;00:09:28.240&gt; not				
FALSE					
					
I heard it all go down somehow i was blessed with the <L1>backstage</L1> pass to hear what was going on with everything and how they are taking arm they want to label us with mental illness and call a psychotic and target us and make our	literally&lt;00:21:44.200&gt; there&lt;00:21:44.950&gt; things&lt;00:21:45.369&gt; are&lt;00:21:45.460&gt; done&lt;00:21:45.850&gt; in&lt;00:21:46.090&gt; the shade&lt;00:21:46.840&gt; and&lt;00:21:47.649&gt; that's&lt;00:21:47.860&gt; intentional&lt;00:21:48.309&gt; right you're&lt;00:21:48.999&gt; blocking&lt;00:21:49.629&gt; out&lt;00:21:49.869&gt; the&lt;00:21:49.929&gt; amount&lt;00:21:50.230&gt; of information&lt;00:21:50.619&gt; so&lt;00:21:51.730&gt; you&lt;00:21:51.999&gt; know&lt;00:21:52.240&gt; politicians&lt;00:21:52.899&gt; are all&lt;00:21:53.379&gt; you&lt;00:21:53.919&gt; know&lt;00:21:54.009&gt; shaking&lt;00:21:54.460&gt; hands&lt;00:21:54.999&gt; and&lt;00:21:55.090&gt; then&lt;00:21:55.360&gt; you know&lt;00:21:56.350&gt; looking&lt;00:21:57.190&gt; the&lt;00:21:57.309&gt; other&lt;00:21:57.399&gt; way&lt;00:21:57.610&gt; and&lt;00:21:58.059&gt; there it's&lt;00:22:00.519&gt; of&lt;00:22:01.090&gt; course&lt;00:22:01.419&gt; we&lt;00:22:01.570&gt; don't&lt;00:22:01.690&gt; trust&lt;00:22:02.080&gt; them because&lt;00:22:02.440&gt; this&lt;00:22:02.980&gt; is&lt;00:22:03.129&gt; where&lt;00:22:03.369&gt; they&lt;00:22:03.519&gt; live this&lt;00:22:05.590&gt; is&lt;00:22:05.830&gt; this&lt;00:22:06.519&gt; system&lt;00:22:06.999&gt; they&lt;00:22:07.149&gt; are&lt;00:22:07.269&gt; part&lt;00:22:07.600&gt; of&lt;00:22:07.690&gt; is one&lt;00:22:09.850&gt; of&lt;00:22:10.179&gt; not&lt;00:22:10.929&gt; enough&lt;00:22:11.259&gt; information&lt;00:22:11.499&gt; one&lt;00:22:12.759&gt; of secrecy&lt;00:22:13.269&gt; one&lt;00:22:15.249&gt; of&lt;00:22:15.580&gt; mystery&lt;00:22:16.990&gt; and&lt;00:22:18.820&gt; that&lt;00:22:19.539&gt; makes&lt;00:22:19.809&gt; no sense&lt;00:22:20.019&gt; because&lt;00:22:20.769&gt; it's&lt;00:22:21.220&gt; less&lt;00:22:21.460&gt; communication&lt;00:22:22.179&gt; if we&lt;00:22:23.559&gt; have&lt;00:22:23.710&gt; democracy&lt;00:22:24.249&gt; we&lt;00:22:24.519&gt; need&lt;00:22:24.700&gt; more communication&lt;00:22:25.929&gt; we&lt;00:22:26.080&gt; need&lt;00:22:26.230&gt; more&lt;00:22:26.409&gt; efficiency&lt;00:22:27.070&gt; we need&lt;00:22:28.090&gt; the&lt;00:22:29.080&gt; majority&lt;00:22:30.429&gt; of&lt;00:22:30.549&gt; people&lt;00:22:31.090&gt; in&lt;00:22:32.080&gt; the nation&lt;00:22:32.769&gt; to&lt;00:22:33.279&gt; be&lt;00:22:33.490&gt; interacting&lt;00:22:34.330&gt; with&lt;00:22:34.480&gt; the government&lt;00:22:35.049&gt; but&lt;00:22:35.860&gt; that's&lt;00:22:36.309&gt; the&lt;00:22:36.429&gt; entire&lt;00:22:36.700&gt; purpose of&lt;00:22:37.330&gt; democracy this&lt;00:22:38.740&gt; is&lt;00:22:39.039&gt; authoritarian&lt;00:22:39.789&gt; ok&lt;00:22:40.899&gt; something&lt;00:22:41.860&gt; that we&lt;00:22:42.340&gt; have&lt;00:22:42.820&gt; actually&lt;00:22:43.330&gt; set&lt;00:22:44.889&gt; is&lt;00:22:45.070&gt; an&lt;00:22:45.369&gt; enemy&lt;00:22:45.700&gt; of&lt;00:22:45.940&gt; the United&lt;00:22:46.360&gt; States&lt;00:22:46.450&gt; is&lt;00:22:47.019&gt; this&lt;00:22:47.350&gt; authoritarian&lt;00:22:48.039&gt; way of&lt;00:22:48.580&gt; doing&lt;00:22:48.850&gt; things&lt;00:22:48.970&gt; we&lt;00:22:49.809&gt; want&lt;00:22:50.049&gt; to&lt;00:22:50.110&gt; flow&lt;00:22:50.379&gt; of information&lt;00:22:50.769&gt; back&lt;00:22:51.460&gt; and&lt;00:22:51.549&gt; forth&lt;00:22:51.639&gt; right&lt;00:22:53.470&gt; this&lt;00:22:54.070&gt; is what&lt;00:22:54.340&gt; our&lt;00:22:54.519&gt; government&lt;00:22:54.669&gt; could&lt;00:22:55.179&gt; look&lt;00:22:55.360&gt; like&lt;00:22:55.450&gt; it's much&lt;00:22:59.139&gt; better&lt;00:22:59.350&gt; isn't&lt;00:22:59.830&gt; it I&lt;00:23:00.669&gt; think&lt;00:23:01.090&gt; this&lt;00:23:01.240&gt; is&lt;00:23:01.450&gt; consensus&lt;00:23:01.899&gt; automation this&lt;00:23:04.480&gt; is&lt;00:23:04.779&gt; a&lt;00:23:04.869&gt; government&lt;00:23:05.919&gt; we&lt;00:23:06.220&gt; can&lt;00:23:06.399&gt; stand&lt;00:23:06.789&gt; behind so&lt;00:23:07.419&gt; they&lt;00:23:07.450&gt; were&lt;00:23:07.629&gt; proud&lt;00:23:07.899&gt; of&lt;00:23:08.139&gt; that&lt;00:23:08.409&gt; inspires&lt;00:23:09.580&gt; us to&lt;00:23:10.299&gt; be&lt;00:23:10.480&gt; citizens&lt;00:23:10.840&gt; to&lt;00:23:11.919&gt; participate&lt;00:23:12.070&gt; in&lt;00:23:13.659&gt; our democracy vote&lt;00:23:15.420&gt; a&lt;00:23:16.950&gt; legal&lt;00:23:17.400&gt; system&lt;00:23:17.880&gt; that&lt;00:23:18.060&gt; we&lt;00:23:18.150&gt; can&lt;00:23:18.330&gt; stand behind&lt;00:23:18.810&gt; when&lt;00:23:19.800&gt; you&lt;00:23:19.920&gt; have&lt;00:23:20.160&gt; this&lt;00:23:20.310&gt; kind&lt;00:23:20.430&gt; of interaction&lt;00:23:21.540&gt; when&lt;00:23:22.110&gt; you&lt;00:23:22.200&gt; have&lt;00:23:22.320&gt; this&lt;00:23:22.470&gt; amount&lt;00:23:23.100&gt; of information&lt;00:23:23.550&gt; you&lt;00:23:25.560&gt; have&lt;00:23:25.740&gt; a&lt;00:23:25.800&gt; much&lt;00:23:26.010&gt; more&lt;00:23:26.220&gt; high entropy&lt;00:23:27.240&gt; system&lt;00:23:27.870&gt; too&lt;00:23:29.220&gt; much&lt;00:23:29.400&gt; more&lt;00:23:29.640&gt; efficient system&lt;00:23:30.570&gt; i&lt;00:23:31.530&gt; feel&lt;00:23:31.860&gt; that&lt;00:23:31.950&gt; a&lt;00:23:32.220&gt; scientifically&lt;00:23:33.960&gt; the hierarchy&lt;00:23:35.490&gt; is&lt;00:23:36.990&gt; inefficient&lt;00:23:37.410&gt; and&lt;00:23:37.920&gt; outdated and&lt;00:23:39.690&gt; really&lt;00:23:40.110&gt; kind&lt;00:23:42.270&gt; of&lt;00:23:42.450&gt; dangerous&lt;00:23:44.160&gt; when&lt;00:23:45.240&gt; it comes&lt;00:23:45.570&gt; to&lt;00:23:45.750&gt; because&lt;00:23:46.110&gt; it's&lt;00:23:46.350&gt; it's&lt;00:23:47.370&gt; we're assuming&lt;00:23:48.030&gt; that&lt;00:23:49.200&gt; it&lt;00:23:49.380&gt; works&lt;00:23:49.800&gt; correctly&lt;00:23:49.950&gt; when&lt;00:23:50.520&gt; it really&lt;00:23:50.940&gt; it&lt;00:23:51.150&gt; becomes&lt;00:23:51.600&gt; a&lt;00:23:51.660&gt; lie&lt;00:23:51.960&gt; so&lt;00:23:52.920&gt; we're&lt;00:23:53.070&gt; misled by&lt;00:23:53.790&gt; most&lt;00:23:54.630&gt; hierarchies&lt;00:23:55.320&gt; thinking&lt;00:23:56.910&gt; there&lt;00:23:57.060&gt; is&lt;00:23:57.150&gt; a chain&lt;00:23:57.540&gt; of&lt;00:23:57.570&gt; command&lt;00:23:58.020&gt; when&lt;00:23:58.170&gt; there&lt;00:23:58.290&gt; isn't&lt;00:23:58.680&gt; and&lt;00:23:59.790&gt; it it&lt;00:24:00.480&gt; actually&lt;00:24:00.690&gt; goes&lt;00:24:01.830&gt; against&lt;00:24:02.370&gt; the&lt;00:24:02.460&gt; laws&lt;00:24:02.520&gt; of nature&lt;00:24:02.970&gt; in&lt;00:24:03.990&gt; general&lt;00:24:04.050&gt; the&lt;00:24:05.070&gt; laws&lt;00:24:05.250&gt; of thermodynamics&lt;00:24:05.730&gt; the&lt;00:24:06.990&gt; laws&lt;00:24:07.380&gt; of&lt;00:24:07.560&gt; communication technology&lt;00:24:09.420&gt; the&lt;00:24:10.290&gt; laws&lt;00:24:10.680&gt; of&lt;00:24:11.010&gt; even&lt;00:24:12.510&gt; basic&lt;00:24:13.440&gt; plant growth&lt;00:24:15.750&gt; and&lt;00:24:16.470&gt; biology&lt;00:24:17.220&gt; i&lt;00:24:17.490&gt; mean&lt;00:24:17.730&gt; it&lt;00:24:17.910&gt; it&lt;00:24:18.390&gt; really goes&lt;00:24:18.870&gt; against&lt;00:24:19.320&gt; all&lt;00:24:20.010&gt; systems&lt;00:24:20.970&gt; of&lt;00:24:21.150&gt; organization to&lt;00:24:22.200&gt; say&lt;00:24:22.410&gt; that&lt;00:24:22.710&gt; you&lt;00:24:23.160&gt; should&lt;00:24:23.340&gt; have&lt;00:24:23.430&gt; a&lt;00:24:23.610&gt; structured hierarchy&lt;00:24:24.870&gt; that&lt;00:24:25.770&gt; works&lt;00:24:26.220&gt; in&lt;00:24:26.280&gt; a&lt;00:24:26.370&gt; stack&lt;00:24:26.940&gt; now				
I heard it all go down somehow i was blessed with the <N1></N1> pass to hear what was going on with everything and how they are taking arm they want to label us with mental illness and call a psychotic and target us and make our	literally&lt;00:21:44.200&gt; there&lt;00:21:44.950&gt; things&lt;00:21:45.369&gt; are&lt;00:21:45.460&gt; done&lt;00:21:45.850&gt; in&lt;00:21:46.090&gt; the shade&lt;00:21:46.840&gt; and&lt;00:21:47.649&gt; that's&lt;00:21:47.860&gt; intentional&lt;00:21:48.309&gt; right you're&lt;00:21:48.999&gt; blocking&lt;00:21:49.629&gt; out&lt;00:21:49.869&gt; the&lt;00:21:49.929&gt; amount&lt;00:21:50.230&gt; of information&lt;00:21:50.619&gt; so&lt;00:21:51.730&gt; you&lt;00:21:51.999&gt; know&lt;00:21:52.240&gt; politicians&lt;00:21:52.899&gt; are all&lt;00:21:53.379&gt; you&lt;00:21:53.919&gt; know&lt;00:21:54.009&gt; shaking&lt;00:21:54.460&gt; hands&lt;00:21:54.999&gt; and&lt;00:21:55.090&gt; then&lt;00:21:55.360&gt; you know&lt;00:21:56.350&gt; looking&lt;00:21:57.190&gt; the&lt;00:21:57.309&gt; other&lt;00:21:57.399&gt; way&lt;00:21:57.610&gt; and&lt;00:21:58.059&gt; there it's&lt;00:22:00.519&gt; of&lt;00:22:01.090&gt; course&lt;00:22:01.419&gt; we&lt;00:22:01.570&gt; don't&lt;00:22:01.690&gt; trust&lt;00:22:02.080&gt; them because&lt;00:22:02.440&gt; this&lt;00:22:02.980&gt; is&lt;00:22:03.129&gt; where&lt;00:22:03.369&gt; they&lt;00:22:03.519&gt; live this&lt;00:22:05.590&gt; is&lt;00:22:05.830&gt; this&lt;00:22:06.519&gt; system&lt;00:22:06.999&gt; they&lt;00:22:07.149&gt; are&lt;00:22:07.269&gt; part&lt;00:22:07.600&gt; of&lt;00:22:07.690&gt; is one&lt;00:22:09.850&gt; of&lt;00:22:10.179&gt; not&lt;00:22:10.929&gt; enough&lt;00:22:11.259&gt; information&lt;00:22:11.499&gt; one&lt;00:22:12.759&gt; of secrecy&lt;00:22:13.269&gt; one&lt;00:22:15.249&gt; of&lt;00:22:15.580&gt; mystery&lt;00:22:16.990&gt; and&lt;00:22:18.820&gt; that&lt;00:22:19.539&gt; makes&lt;00:22:19.809&gt; no sense&lt;00:22:20.019&gt; because&lt;00:22:20.769&gt; it's&lt;00:22:21.220&gt; less&lt;00:22:21.460&gt; communication&lt;00:22:22.179&gt; if we&lt;00:22:23.559&gt; have&lt;00:22:23.710&gt; democracy&lt;00:22:24.249&gt; we&lt;00:22:24.519&gt; need&lt;00:22:24.700&gt; more communication&lt;00:22:25.929&gt; we&lt;00:22:26.080&gt; need&lt;00:22:26.230&gt; more&lt;00:22:26.409&gt; efficiency&lt;00:22:27.070&gt; we need&lt;00:22:28.090&gt; the&lt;00:22:29.080&gt; majority&lt;00:22:30.429&gt; of&lt;00:22:30.549&gt; people&lt;00:22:31.090&gt; in&lt;00:22:32.080&gt; the nation&lt;00:22:32.769&gt; to&lt;00:22:33.279&gt; be&lt;00:22:33.490&gt; interacting&lt;00:22:34.330&gt; with&lt;00:22:34.480&gt; the government&lt;00:22:35.049&gt; but&lt;00:22:35.860&gt; that's&lt;00:22:36.309&gt; the&lt;00:22:36.429&gt; entire&lt;00:22:36.700&gt; purpose of&lt;00:22:37.330&gt; democracy this&lt;00:22:38.740&gt; is&lt;00:22:39.039&gt; authoritarian&lt;00:22:39.789&gt; ok&lt;00:22:40.899&gt; something&lt;00:22:41.860&gt; that we&lt;00:22:42.340&gt; have&lt;00:22:42.820&gt; actually&lt;00:22:43.330&gt; set&lt;00:22:44.889&gt; is&lt;00:22:45.070&gt; an&lt;00:22:45.369&gt; enemy&lt;00:22:45.700&gt; of&lt;00:22:45.940&gt; the United&lt;00:22:46.360&gt; States&lt;00:22:46.450&gt; is&lt;00:22:47.019&gt; this&lt;00:22:47.350&gt; authoritarian&lt;00:22:48.039&gt; way of&lt;00:22:48.580&gt; doing&lt;00:22:48.850&gt; things&lt;00:22:48.970&gt; we&lt;00:22:49.809&gt; want&lt;00:22:50.049&gt; to&lt;00:22:50.110&gt; flow&lt;00:22:50.379&gt; of information&lt;00:22:50.769&gt; back&lt;00:22:51.460&gt; and&lt;00:22:51.549&gt; forth&lt;00:22:51.639&gt; right&lt;00:22:53.470&gt; this&lt;00:22:54.070&gt; is what&lt;00:22:54.340&gt; our&lt;00:22:54.519&gt; government&lt;00:22:54.669&gt; could&lt;00:22:55.179&gt; look&lt;00:22:55.360&gt; like&lt;00:22:55.450&gt; it's much&lt;00:22:59.139&gt; better&lt;00:22:59.350&gt; isn't&lt;00:22:59.830&gt; it I&lt;00:23:00.669&gt; think&lt;00:23:01.090&gt; this&lt;00:23:01.240&gt; is&lt;00:23:01.450&gt; consensus&lt;00:23:01.899&gt; automation this&lt;00:23:04.480&gt; is&lt;00:23:04.779&gt; a&lt;00:23:04.869&gt; government&lt;00:23:05.919&gt; we&lt;00:23:06.220&gt; can&lt;00:23:06.399&gt; stand&lt;00:23:06.789&gt; behind so&lt;00:23:07.419&gt; they&lt;00:23:07.450&gt; were&lt;00:23:07.629&gt; proud&lt;00:23:07.899&gt; of&lt;00:23:08.139&gt; that&lt;00:23:08.409&gt; inspires&lt;00:23:09.580&gt; us to&lt;00:23:10.299&gt; be&lt;00:23:10.480&gt; citizens&lt;00:23:10.840&gt; to&lt;00:23:11.919&gt; participate&lt;00:23:12.070&gt; in&lt;00:23:13.659&gt; our democracy vote&lt;00:23:15.420&gt; a&lt;00:23:16.950&gt; legal&lt;00:23:17.400&gt; system&lt;00:23:17.880&gt; that&lt;00:23:18.060&gt; we&lt;00:23:18.150&gt; can&lt;00:23:18.330&gt; stand behind&lt;00:23:18.810&gt; when&lt;00:23:19.800&gt; you&lt;00:23:19.920&gt; have&lt;00:23:20.160&gt; this&lt;00:23:20.310&gt; kind&lt;00:23:20.430&gt; of interaction&lt;00:23:21.540&gt; when&lt;00:23:22.110&gt; you&lt;00:23:22.200&gt; have&lt;00:23:22.320&gt; this&lt;00:23:22.470&gt; amount&lt;00:23:23.100&gt; of information&lt;00:23:23.550&gt; you&lt;00:23:25.560&gt; have&lt;00:23:25.740&gt; a&lt;00:23:25.800&gt; much&lt;00:23:26.010&gt; more&lt;00:23:26.220&gt; high entropy&lt;00:23:27.240&gt; system&lt;00:23:27.870&gt; too&lt;00:23:29.220&gt; much&lt;00:23:29.400&gt; more&lt;00:23:29.640&gt; efficient system&lt;00:23:30.570&gt; i&lt;00:23:31.530&gt; feel&lt;00:23:31.860&gt; that&lt;00:23:31.950&gt; a&lt;00:23:32.220&gt; scientifically&lt;00:23:33.960&gt; the hierarchy&lt;00:23:35.490&gt; is&lt;00:23:36.990&gt; inefficient&lt;00:23:37.410&gt; and&lt;00:23:37.920&gt; outdated and&lt;00:23:39.690&gt; really&lt;00:23:40.110&gt; kind&lt;00:23:42.270&gt; of&lt;00:23:42.450&gt; dangerous&lt;00:23:44.160&gt; when&lt;00:23:45.240&gt; it comes&lt;00:23:45.570&gt; to&lt;00:23:45.750&gt; because&lt;00:23:46.110&gt; it's&lt;00:23:46.350&gt; it's&lt;00:23:47.370&gt; we're assuming&lt;00:23:48.030&gt; that&lt;00:23:49.200&gt; it&lt;00:23:49.380&gt; works&lt;00:23:49.800&gt; correctly&lt;00:23:49.950&gt; when&lt;00:23:50.520&gt; it really&lt;00:23:50.940&gt; it&lt;00:23:51.150&gt; becomes&lt;00:23:51.600&gt; a&lt;00:23:51.660&gt; lie&lt;00:23:51.960&gt; so&lt;00:23:52.920&gt; we're&lt;00:23:53.070&gt; misled by&lt;00:23:53.790&gt; most&lt;00:23:54.630&gt; hierarchies&lt;00:23:55.320&gt; thinking&lt;00:23:56.910&gt; there&lt;00:23:57.060&gt; is&lt;00:23:57.150&gt; a chain&lt;00:23:57.540&gt; of&lt;00:23:57.570&gt; command&lt;00:23:58.020&gt; when&lt;00:23:58.170&gt; there&lt;00:23:58.290&gt; isn't&lt;00:23:58.680&gt; and&lt;00:23:59.790&gt; it it&lt;00:24:00.480&gt; actually&lt;00:24:00.690&gt; goes&lt;00:24:01.830&gt; against&lt;00:24:02.370&gt; the&lt;00:24:02.460&gt; laws&lt;00:24:02.520&gt; of nature&lt;00:24:02.970&gt; in&lt;00:24:03.990&gt; general&lt;00:24:04.050&gt; the&lt;00:24:05.070&gt; laws&lt;00:24:05.250&gt; of thermodynamics&lt;00:24:05.730&gt; the&lt;00:24:06.990&gt; laws&lt;00:24:07.380&gt; of&lt;00:24:07.560&gt; communication technology&lt;00:24:09.420&gt; the&lt;00:24:10.290&gt; laws&lt;00:24:10.680&gt; of&lt;00:24:11.010&gt; even&lt;00:24:12.510&gt; basic&lt;00:24:13.440&gt; plant growth&lt;00:24:15.750&gt; and&lt;00:24:16.470&gt; biology&lt;00:24:17.220&gt; i&lt;00:24:17.490&gt; mean&lt;00:24:17.730&gt; it&lt;00:24:17.910&gt; it&lt;00:24:18.390&gt; really goes&lt;00:24:18.870&gt; against&lt;00:24:19.320&gt; all&lt;00:24:20.010&gt; systems&lt;00:24:20.970&gt; of&lt;00:24:21.150&gt; organization to&lt;00:24:22.200&gt; say&lt;00:24:22.410&gt; that&lt;00:24:22.710&gt; you&lt;00:24:23.160&gt; should&lt;00:24:23.340&gt; have&lt;00:24:23.430&gt; a&lt;00:24:23.610&gt; structured hierarchy&lt;00:24:24.870&gt; that&lt;00:24:25.770&gt; works&lt;00:24:26.220&gt; in&lt;00:24:26.280&gt; a&lt;00:24:26.370&gt; stack&lt;00:24:26.940&gt; now				
FALSE					
					
Was wir hier sehen, ist lediglich ein Stück Papier mit ein bisschen Kupfer-Klebeband darauf, verbunden mit einem <L1>MP3-Player</L1> und einem Magneten.	(Music:				
Was wir hier sehen, ist lediglich ein Stück Papier mit ein bisschen Kupfer-Klebeband darauf, verbunden mit einem <N1>MP3-Player</N1> und einem Magneten.	(Music:				
TRUE					
					
Ausfallschritt lässt Fiora zu einem gewählten Gegner <L1>sprinten</L1> und diesem bei der Ankunft Schaden zufügen.	Lunge can be used a second time to dash again to the same or a different enemy before going on cooldown.	fegen wetzen zischen laufen fetzen fitschen hetzen sausen stieben huschen eilen schnell laufen hechten Hackengas geben Gummi geben stürmen rennen düsen schnellen die Beine in die Hand nehmen dahinpreschen spurten pesen pfeifen galoppieren sprinten schießen fliegen hasten jagen preschen rasen flitzen			
Ausfallschritt lässt Fiora zu einem gewählten Gegner <N1>sausen</N1> und diesem bei der Ankunft Schaden zufügen.	Lunge can be used a second time to dash again to the same or a different enemy before going on cooldown.				
TRUE					
					
Ich bin sehr beunruhigt davon, wie alle unsere Kulturen die jeweils anderen <L1>dämonisieren</L1> indem wir jene sprechen lassen, die vor allem spalten und trennen wollen.	Listen to these titles of some of the bestselling books from both sides of the political divide here in the U.S.	verdammen verfluchen verleumden verwünschen verteufeln dämonisieren			
Ich bin sehr beunruhigt davon, wie alle unsere Kulturen die jeweils anderen <N1>schwarzzeichnen</N1> indem wir jene sprechen lassen, die vor allem spalten und trennen wollen.	Listen to these titles of some of the bestselling books from both sides of the political divide here in the U.S.				
TRUE					
					
Sind Sie achtsam und <L1>mondän</L1> wie 007?	Are you established, traditional, nurturing, protective, empathetic like the Oprah?	elegant extravagant nobel exklusiv fein vornehm mondän			
Sind Sie achtsam und <N1>vornehm</N1> wie 007?	Are you established, traditional, nurturing, protective, empathetic like the Oprah?				
TRUE					
					
Junge auburn Cupid, er, der so <L1>trimmen</L1> Als König Cophetua der Bettler-Mädchen lov'd shot! -	He heareth not, he stirreth not, he moveth not; The ape is dead, and I must conjure him.--	trainieren einüben abrichten dressieren konditionieren trimmen			
Junge auburn Cupid, er, der so <N1></N1> Als König Cophetua der Bettler-Mädchen lov'd shot! -	He heareth not, he stirreth not, he moveth not; The ape is dead, and I must conjure him.--				
FALSE					
					
Ich höre ein Geräusch in: liebe Liebe, <L1>adieu</L1> - [Nurse Anrufe innerhalb.]	Anon, good nurse!--Sweet Montague, be true.	lebe wohl habe die Ehre servus Adieu Tschauie Wiedersehen Auf Wiedersehen Tschüssikowski guten Tag bye-bye Tschö Tschüssie ciao Ade und tschüss salü leb wohl Bye Tschau cheerio gehab dich wohl Tüsskes Tschüss Tschüs Tschüssle baba pfiat di Tschü Adele Wiederhören | Servus lebe wohl ade vale adieu tschüs ciao tschüss			
Ich höre ein Geräusch in: liebe Liebe, <N1>tschüs</N1> - [Nurse Anrufe innerhalb.]	Anon, good nurse!--Sweet Montague, be true.				
TRUE					
					
Wir respektieren und <L1>zelebrieren</L1> einander als Mann und Frau, als eine Gemeinschaft und als Teil dieses Planeten und wir müssen damit weitermachen.	And Legadema?	zelebrieren feierlich inszenieren weihevoll begehen würdevoll begehen feierlich begehen festlich begehen			
Wir respektieren und <N1>feiern</N1> einander als Mann und Frau, als eine Gemeinschaft und als Teil dieses Planeten und wir müssen damit weitermachen.	And Legadema?				
TRUE					
					
Ich habe bemerkt, dass heutzutage so viele Menschen bewusst Maßnahmen ergreifen, um jeden Morgen für 30 Minuten in einer Ecke des Zimmer, ohne jegliche Geräte in Ruhe dazusitzen und sich zu sammeln, oder jeden Abend <L1>joggen</L1> gehen, oder ihr Handy zu Hause lassen, wenn sie sich für ein längeres Gespräch mit einem Freund treffen.	Movement is a fantastic privilege, and it allows us to do so much that our grandparents could never have dreamed of doing.				
Ich habe bemerkt, dass heutzutage so viele Menschen bewusst Maßnahmen ergreifen, um jeden Morgen für 30 Minuten in einer Ecke des Zimmer, ohne jegliche Geräte in Ruhe dazusitzen und sich zu sammeln, oder jeden Abend <N1>joggen</N1> gehen, oder ihr Handy zu Hause lassen, wenn sie sich für ein längeres Gespräch mit einem Freund treffen.	Movement is a fantastic privilege, and it allows us to do so much that our grandparents could never have dreamed of doing.				
TRUE					
					
Denk je nu echt dat een heet geval als zij bij één <L1>gast</L1> zal blijven?	I donít want to go monkeying around under her window.	Gast Eingeladener Besucher			
Denk je nu echt dat een heet geval als zij bij één <N1></N1> zal blijven?	I donít want to go monkeying around under her window.				
FALSE					
					
Greenpeace muss mit dem <L1>WWF</L1> zusammenarbeiten.	Everybody's got to work together --	WWF World Wide Fund For Nature			
Greenpeace muss mit dem <N1>WWF</N1> zusammenarbeiten.	Everybody's got to work together --				
TRUE					
					
Er begann über das Leben nachzudenken und realisiert sich: Wo immer er auch hinsah Überall schien er <L1>schachmatt</L1> gesetzt werden.	Big fishes all around him, and he is the smallest.	hinüber fertig kaputt am Ende erschöpft entkräftet ausgelaugt erledigt fix und alle fix und fertig kaputt wie ein Hund (wie) gerädert rien ne va plus schachmatt Akku ist leer (wie) erschlagen			
Er begann über das Leben nachzudenken und realisiert sich: Wo immer er auch hinsah Überall schien er <N1>schachmatt</N1> gesetzt werden.	Big fishes all around him, and he is the smallest.				
TRUE					
					
Ich bin zufrieden damit, wie es uns gelungen ist, das tiefgründige und dynamische <L1>PC-Spiel</L1> auf die mobile Plattform zu übertragen.	Hundreds of millions of devices are ready for our game.	PC-Spiel PC-Game Computergame Computerspiel			
Ich bin zufrieden damit, wie es uns gelungen ist, das tiefgründige und dynamische <N1>PC-Spiel</N1> auf die mobile Plattform zu übertragen.	Hundreds of millions of devices are ready for our game.				
TRUE					
					
Oder eine Intelligenz für Begeisterung erwecken und Verführung usw. Das ist was anderes, das kann heute keiner. Und wenn Sie heute in Stellenanzeigen gucken, dann haben wir auf der einen Seite so was wie: Soll irgendwie verhandlungssicher sein, <L1>teamfähig</L1> usw., diese ganzen Sachen können.	That is, certain movie downloads - imagination doesn't go much beyond that.				
Oder eine Intelligenz für Begeisterung erwecken und Verführung usw. Das ist was anderes, das kann heute keiner. Und wenn Sie heute in Stellenanzeigen gucken, dann haben wir auf der einen Seite so was wie: Soll irgendwie verhandlungssicher sein, <N1>teamfähig</N1> usw., diese ganzen Sachen können.	That is, certain movie downloads - imagination doesn't go much beyond that.				
TRUE					
					
Wir sammelten 130 unterschiedliche Quellen von <L1>NGO</L1> Berichten zu Zeitungs- und Fernsehnachrichten.	We brought this raw data in and we filtered it.	Nichtregierungsorganisation NGO nichtstaatliche Organisation			
Wir sammelten 130 unterschiedliche Quellen von <N1>NGO</N1> Berichten zu Zeitungs- und Fernsehnachrichten.	We brought this raw data in and we filtered it.				
TRUE					
					
Und nun begannen sie sogar, mit diesen Geräten - <L1>apropos</L1> coole Technologie - drei kleine Geräte, kleine GIS Tracker wie dieser hier, die sie in die Impfstoffträger ihrer Impfärzte stecken.	And then they can track them, and at the end of the day, they look and see, did these guys get every single street, every single house.	nebenher eigentlich wo wir schon mal dabei sind da wir gerade dabei sind ach übrigens bei dieser Gelegenheit nicht zu vergessen bei diesem Stichwort nebenbei bemerkt nur mal so nebenbei apropos da fällt mir ein wo wir gerade davon sprechen was ich noch sagen wollte übrigens wo wir gerade dabei sind			
Und nun begannen sie sogar, mit diesen Geräten - <N1>wenn wir davon sprechen</N1> coole Technologie - drei kleine Geräte, kleine GIS Tracker wie dieser hier, die sie in die Impfstoffträger ihrer Impfärzte stecken.	And then they can track them, and at the end of the day, they look and see, did these guys get every single street, every single house.				
TRUE					
					
Meistens mache ich Poster und poste sie auf Facebook; meine Freunde <L1>liken</L1> sie oder liken sie nicht. Meisten liken sie sie nicht, teilen sie nicht, machen nichts. Und ein neuer Tag beginnt.	So I went to sleep, and that was it for me.	stehen auf ich lobe mir spitz sein auf gerne mögen begeistert sein von mögen geil sein auf jemandem belieben sich begeistern für liken neigen zu eine Vorliebe haben für sich loben abfahren auf | liken positiv bewerten eine positive Bewertung abgeben gefällt-mir-Button anklicken			
Meistens mache ich Poster und poste sie auf Facebook; meine Freunde <N1>liken</N1> sie oder liken sie nicht. Meisten liken sie sie nicht, teilen sie nicht, machen nichts. Und ein neuer Tag beginnt.	So I went to sleep, and that was it for me.				
TRUE					
					
Mir wird übrigens gerade klar, dass die Angst mich zu <L1>blamieren</L1> mich genau so wie jeder andere Ehrgeiz treibt.	Do you think this sort of thing could really attract a student to the school?	verlegen machen bloßstellen blamieren beschämen sehr peinlich sein jemandem Schande machen | vorführen an den Pranger stellen bloßstellen kompromittieren blamieren lächerlich machen zum Gespött machen mit heruntergelassener Hose dastehen lassen desavouieren			
Mir wird übrigens gerade klar, dass die Angst mich <N1>blosszustellen</N1> mich genau so wie jeder andere Ehrgeiz treibt.	Do you think this sort of thing could really attract a student to the school?				
TRUE					
					
Mein Bild erscheint auf dem <L1>CD-Cover</L1> - (Lachen)	But the conductor doesn't make a sound.				
Mein Bild erscheint auf dem <N1>CD-Cover</N1> - (Lachen)	But the conductor doesn't make a sound.				
TRUE					
					
Sie <L1>mixen</L1> eine Substanz um den Professor zu Bewusstsein zu bringen:	- We dont know whats thats supposed to be: C9H13N... offvoice:	anrühren vermixen mixen verrühren verquirlen mischen verschneiden durchmengen konfundieren verquicken einrühren durchrühren vermischen durchmischen verwursten vermanschen durcheinanderwürfeln vermengen untermischen pantschen panschen | zusammenrühren durcheinanderrühren (miteinander) verschlagen vermixen mixen verrühren verquirlen			
Sie <N1>verrühren</N1> eine Substanz um den Professor zu Bewusstsein zu bringen:	- We dont know whats thats supposed to be: C9H13N... offvoice:				
TRUE					
					
Ich habe dies heute auf dem Bauernmarkt gefunden. Wenn sie irgendjemand mit nach Hause nehmen und später <L1>pürieren</L1> möchte, dürfen sie das gerne tun.	The humble potato -- and I've spent a long time, 25 years, preparing these.	pürieren zu Püree machen			
Ich habe dies heute auf dem Bauernmarkt gefunden. Wenn sie irgendjemand mit nach Hause nehmen und später <N1>pürieren</N1> möchte, dürfen sie das gerne tun.	The humble potato -- and I've spent a long time, 25 years, preparing these.				
TRUE					
					
Das Spiel, das diesen Monat auf den Markt kommt, ist ein neues <L1>MMORPG</L1> mit realistischen Visualaspekten.	It's a taste of a game that none other possesses with focus on animation like graphics. Then, we'll start now. These days online games are exported just as much as cars, maybe more, and therefore quality has gone down causing concern.				
Das Spiel, das diesen Monat auf den Markt kommt, ist ein neues <N1>MMORPG</N1> mit realistischen Visualaspekten.	It's a taste of a game that none other possesses with focus on animation like graphics. Then, we'll start now. These days online games are exported just as much as cars, maybe more, and therefore quality has gone down causing concern.				
TRUE					
					
Und diese <L1>trendy</L1> jungen Dinger aus Sorbonne sagten:	Madame Draupadi, on n'est pas feministe, mais ça?	aktuell sexy steht hoch im Kurs gefragt kultig en vogue trendy (voll) im Trend angesagt im Trend liegen im Schwange in Mode Mode sein in dem Zeitgeist entsprechend hip trendig zum guten Ton gehören			
Und diese <N1>angesagten</N1> jungen Dinger aus Sorbonne sagten:	Madame Draupadi, on n'est pas feministe, mais ça?				
TRUE					
					
Man könnte es also <L1>aufpeppen</L1> und z.B. den viel leckereren Mac benutzen, aber irgendwie ist das der gleiche alte Mist, den wir schon seit 30 Jahren haben.	(Laughter) (Applause)	aufmöbeln verbessern aufpolieren tunen aufpeppen aufblasen pimpen aufmotzen aufbohren frisieren			
Man könnte es also <N1>verbessern</N1> und z.B. den viel leckereren Mac benutzen, aber irgendwie ist das der gleiche alte Mist, den wir schon seit 30 Jahren haben.	(Laughter) (Applause)				
TRUE					
					
Und weil Plastik aus Öl gemacht wird, habe ich BP angerufen und eine gute halbe Stunde damit verbracht die <L1>PR-Abteilung</L1> von BP zu überreden, dass es für sie fantastisch wäre, mich auf eine Bohrinsel zu fliegen, und mir eine Kanne Öl abtreten.	BP obviously has a bit more on their mind now.				
Und weil Plastik aus Öl gemacht wird, habe ich BP angerufen und eine gute halbe Stunde damit verbracht die <N1>PR-Abteilung</N1> von BP zu überreden, dass es für sie fantastisch wäre, mich auf eine Bohrinsel zu fliegen, und mir eine Kanne Öl abtreten.	BP obviously has a bit more on their mind now.				
TRUE					
					
FEPC, ist Sponsor von CS2 <L1>TV-Programm</L1> News keine shinsou / News Tiefen , hatte Druck auf Herrn Takashi Uesugi, der wollte nur ein wahrhaftiges Bild der nuklearen Krise Farbe machen, lassen Sie das Programm.	However, the TV station rejected such request and instead refused the sponsorship from FEPC.				
FEPC, ist Sponsor von CS2 <N1>TV-Programm</N1> News keine shinsou / News Tiefen , hatte Druck auf Herrn Takashi Uesugi, der wollte nur ein wahrhaftiges Bild der nuklearen Krise Farbe machen, lassen Sie das Programm.	However, the TV station rejected such request and instead refused the sponsorship from FEPC.				
TRUE					
					
Sie <L1>konterkarieren</L1> einander auf wunderbare Weise.	And that ends with a little clip of my father, of Lou, talking about something that is very dear to him, which is the accidents of life.	entgegenwirken obstruieren intrigieren sabotieren hintertreiben konterminieren durchkreuzen gegenlenken seine Strippen ziehen konterkarieren			
Sie <N1>untergraben</N1> einander auf wunderbare Weise.	And that ends with a little clip of my father, of Lou, talking about something that is very dear to him, which is the accidents of life.				
TRUE					
					
Aber die gesamten Filmeinnahmen in Kinos, Heimkino und <L1>Pay-per-View</L1> sind gestiegen.	And TV, satellite and cable revenues are way up.				
Aber die gesamten Filmeinnahmen in Kinos, Heimkino und <N1>Pay-per-View</N1> sind gestiegen.	And TV, satellite and cable revenues are way up.				
TRUE					
					
Google+ <L1>Log-in</L1> ist die sichere Möglichkeit, sich mit unserer Seite zu verbinden.	You already have a Google account, so you don't have to create a whole new username and password.				
Google+ <N1>Log-in</N1> ist die sichere Möglichkeit, sich mit unserer Seite zu verbinden.	You already have a Google account, so you don't have to create a whole new username and password.				
TRUE					
					
Lass das Ich-bin-sein <L1>marinieren</L1> im Ich bin .	And look how peaceful.	einlegen beizen marinieren			
Lass das Ich-bin-sein <N1></N1> im Ich bin .	And look how peaceful.				
FALSE					
					
Das ist dasselbe, wie wenn Sie Ihren Wagen 1998 <L1>volltanken</L1> und dann bis 2011 warten: Jetzt können Sie zweimal zum Jupiter hin- und zurückfahren.	(Laughter) World population,				
Das ist dasselbe, wie wenn Sie Ihren Wagen 1998 <N1>volltanken</N1> und dann bis 2011 warten: Jetzt können Sie zweimal zum Jupiter hin- und zurückfahren.	(Laughter) World population,				
TRUE					
					
Und wenn wir beide Ja sagen, <L1>voilà</L1> - willkommen zum chromosomalen LinkedIn.	(Laughter)				
Und wenn wir beide Ja sagen, <N1>voilà</N1> - willkommen zum chromosomalen LinkedIn.	(Laughter)				
TRUE					
					
Vergülden feines Gold, bemalen die Lilie, <L1>parfümieren</L1> das Veilchen... ist einfach verdammt dämlich	Some of these will sound familiar because you probably are thinking that way.	parfümieren mit Duft erfüllen			
Vergülden feines Gold, bemalen die Lilie, <N1></N1> das Veilchen... ist einfach verdammt dämlich	Some of these will sound familiar because you probably are thinking that way.				
FALSE					
					
Portierungsverpflichtungen, vom Oracle und und Sysbase und andere wichtige Datenbankenlieferanten [ Und warum war das kritisch? ] weil wir wussten, dass wenn die ganze Open Source- und vorallem die Linux-Story glaubhaft sein sollte müssen wir Verträge mit unabhängigen Softwarefirmen machen um Anwendungen auf diese Plattformen zu <L1>portieren</L1> und ich war sogar besorgt	The offices are right up here on the 9th floor.	einsetzen anpassen adaptieren portieren drauf setzen			
Portierungsverpflichtungen, vom Oracle und und Sysbase und andere wichtige Datenbankenlieferanten [ Und warum war das kritisch? ] weil wir wussten, dass wenn die ganze Open Source- und vorallem die Linux-Story glaubhaft sein sollte müssen wir Verträge mit unabhängigen Softwarefirmen machen um Anwendungen auf diese Plattformen <N1>anzupassen</N1> und ich war sogar besorgt	The offices are right up here on the 9th floor.				
TRUE					
					
Du hast einne Menge Leute, und die sind ziemlich <L1>hardcore</L1> und sie fühlten sich dadurch angegriffen weisst du, sie arbeiten ziemlich hart und sie bekommen nicht wirklich den gerechten Teil den sie eigentlich verdienen würden.	We flew up to San Francisco spent Wednesday afternoon meeting investment firms in San Francisco	kein Zuckerschlecken kein Zuckerlecken nur was für harte Hardcore			
Du hast einne Menge Leute, und die sind ziemlich <N1>krass</N1> und sie fühlten sich dadurch angegriffen weisst du, sie arbeiten ziemlich hart und sie bekommen nicht wirklich den gerechten Teil den sie eigentlich verdienen würden.	We flew up to San Francisco spent Wednesday afternoon meeting investment firms in San Francisco				
TRUE					
					
Ich bin so erfahren, als du an die Fell School gingst und all die reichen kleinen Goldjungen ein Kind <L1>sponsern</L1> wollten, das war ich, aber sie schmissen mich raus, als ich den Goldjungen beibrachte, wie man die Flecken von einer Lee-Jeans stiehlt, und sie zu VIM brachte.	Have fun with that.	bezuschussen sponsern subventionieren (finanziell) unterstützen (finanziell) stärken (finanziell) stützen (finanziell) fördern			
Ich bin so erfahren, als du an die Fell School gingst und all die reichen kleinen Goldjungen ein Kind <N1>unterstützen</N1> wollten, das war ich, aber sie schmissen mich raus, als ich den Goldjungen beibrachte, wie man die Flecken von einer Lee-Jeans stiehlt, und sie zu VIM brachte.	Have fun with that.				
TRUE					
					
Die Zukunft muss nicht zu denjenigen gehören, die Frauen zu <L1>schikanieren</L1> - Es muss vom Mädchen geprägt werden, die zur Schule gehen, und wer sich für eine Welt wo unsere Töchter ihre Träume nur leben können wie unsere Söhne.	All these things give me hope, but what gives me the most hope is not the actions of us, not the actions of leaders - it is the people that I've seen.	piesacken zur Sau machen fertigmachen mobben aufs Korn nehmen drangsalieren intrigieren schikanieren kujonieren schurigeln			
Die Zukunft muss nicht zu denjenigen gehören, die Frauen zu <N1>piesacken</N1> - Es muss vom Mädchen geprägt werden, die zur Schule gehen, und wer sich für eine Welt wo unsere Töchter ihre Träume nur leben können wie unsere Söhne.	All these things give me hope, but what gives me the most hope is not the actions of us, not the actions of leaders - it is the people that I've seen.				
TRUE					
					
Aber am Ende hat er eine Reportage gemacht, die sogar mich überrascht hat -- Hip Hop -- es gibt junge Jemeniten, die sich durch Tanzen und b <L1>tsch</L1> b tsch ausdrücken.	Well, i was at my place, playing video games then something glitched in mye computer then there was a flash, thunder and darkness				
Aber am Ende hat er eine Reportage gemacht, die sogar mich überrascht hat -- Hip Hop -- es gibt junge Jemeniten, die sich durch Tanzen und b <N1></N1> b tsch ausdrücken.	Well, i was at my place, playing video games then something glitched in mye computer then there was a flash, thunder and darkness				
FALSE					
					
Wir kamen nicht am Nordpol an und wir hatten kein Geld, um irgendjemanden für <L1>PR-Arbeit</L1> zu bezahlen, also hatte keiner von dieser Expedition gehört.	The pack ice is always drifting.	PR-Arbeit Öffentlichkeitsarbeit Public Relations PR Pressearbeit			
Wir kamen nicht am Nordpol an und wir hatten kein Geld, um irgendjemanden für <N1>Öffentlichkeitsarbeit</N1> zu bezahlen, also hatte keiner von dieser Expedition gehört.	The pack ice is always drifting.				
TRUE					
					
An der Spitze der internationalen Rangliste laut der letzten <L1>PISA-Studie</L1> steht der Shanghai-Distrikt von China.	That tells you something really important.				
An der Spitze der internationalen Rangliste laut der letzten <N1>PISA-Studie</N1> steht der Shanghai-Distrikt von China.	That tells you something really important.				
TRUE					
					
In Libyen hätten wir uns an die <L1>UN-Resolution</L1> halten sollen.	And the fact is that you haven't got the energy to do it. But we don't as yet ...				
In Libyen hätten wir uns an die <N1>UN-Resolution</N1> halten sollen.	And the fact is that you haven't got the energy to do it. But we don't as yet ...				
TRUE					
					
Der Hauptunterschied zwischen einer Wirtschaft, die auf Ressourcen basiert und dem Geldsystem ist, dass sich eine ressourcenbasierte Wirtschaft mit den Menschen beschäftigt und ihrem Wohl. Während das Geldsystem so entstellt wurde, dass die Anliegen des Volkes geradezu <L1>sekundär</L1> sind, wenn sie überhaupt eine Rolle spielen.	Fast, clean, with only a fraction of the energy usage we use today for the same means.	zweitrangig unter ferner liefen sekundär nebensächlich nachrangig zweite Geige beiläufig auch ebenfalls untergeordnet | marginal unbedeutend zweitrangig nicht der Rede wert peripher egal ohne Belang nicht ins Gewicht fallend zu vernachlässigen nicht entscheidend uninteressant nichtssagend hat es nicht viel auf sich unmaßgeblich bedeutungslos unter ferner liefen irrelevant sekundär unwesentlich nebensächlich von untergeordneter Bedeutung belanglos unbeträchtlich keinen Schuss Pulver wert vernachlässigbar nachgeordnet unerheblich unwichtig kannste vergessen nicht wichtig sei's drum nachrangig nicht von Interesse			
Der Hauptunterschied zwischen einer Wirtschaft, die auf Ressourcen basiert und dem Geldsystem ist, dass sich eine ressourcenbasierte Wirtschaft mit den Menschen beschäftigt und ihrem Wohl. Während das Geldsystem so entstellt wurde, dass die Anliegen des Volkes geradezu <N1>zweitrangig</N1> sind, wenn sie überhaupt eine Rolle spielen.	Fast, clean, with only a fraction of the energy usage we use today for the same means.				
TRUE					
					
Ich las, dass die CPU ständig Daten hin und her schiebt zwischen Speicher, <L1>RAM</L1> und der ALU, der arithmetisch-logischen Einheit.	So I'm not the first to figure this out.	Direktzugriffsspeicher Random Access Memory RAM Kurzspeicher Kurzzeitspeicher Zentralspeicher Hauptspeicher Arbeitsspeicher			
Ich las, dass die CPU ständig Daten hin und her schiebt zwischen Speicher, <N1>Direktzugriffsspeicher</N1> und der ALU, der arithmetisch-logischen Einheit.	So I'm not the first to figure this out.				
TRUE					
					
Also, seit über 200 Jahren wird Ayahuasca in diesen Kontexten involviert in einer komplexen und teils auch gewaltvollen Überschneidung zwischen den indogenen amazonischen Leuten und europäischen <L1>kolonial</L1> Bewegungen.	And I'll just finish there. Thanks.				
Also, seit über 200 Jahren wird Ayahuasca in diesen Kontexten involviert in einer komplexen und teils auch gewaltvollen Überschneidung zwischen den indogenen amazonischen Leuten und europäischen <N1>kolonial</N1> Bewegungen.	And I'll just finish there. Thanks.				
TRUE					
					
Die andere Hauptantwort war die Suche nach Wissen oder Weisheit. Wie auch immer, die Linien zwischen Heilung und Weisheit sind oft verschwommen gegeben dass das Erlangen von Wissen durch Ayahuasca Offenbarungen <L1>regulär</L1> verbunden wird mit einer Art spirituellen Gesundheit.	Somebody was smart and put a Bic pen in my neck to open up my airway, so I could get some air in there.	vorschriftsmäßig laut Vorschrift ordnungsgemäß regelgemäß nach Vorschrift regelrecht wie vorgeschrieben reglementarisch ordnungsmäßig regulär | gleichmäßig regulär regelmäßig in gleichen Abständen			
Die andere Hauptantwort war die Suche nach Wissen oder Weisheit. Wie auch immer, die Linien zwischen Heilung und Weisheit sind oft verschwommen gegeben dass das Erlangen von Wissen durch Ayahuasca Offenbarungen <N1>gewohnheitsmässig</N1> verbunden wird mit einer Art spirituellen Gesundheit.	Somebody was smart and put a Bic pen in my neck to open up my airway, so I could get some air in there.				
TRUE					
					
Das bedeutet, dass visuelle Aufklärungssoftware es nach interessanten Dingen <L1>abscannen</L1> müsste.	We have license plates on cars, tail numbers on aircraft.				
Das bedeutet, dass visuelle Aufklärungssoftware es nach interessanten Dingen <N1>abscannen</N1> müsste.	We have license plates on cars, tail numbers on aircraft.				
TRUE					
					
Niemand hat jemals nachgewiesen - und das wird Sie <L1>schockieren</L1> - dass die Chemotherapie in den meisten Fällen tatsächlich eine Krebszelle berührt.	They had to give it also in the U.S. to get approval, so I think there were three U.S. patients in upstate New York who were part of the trial.	schockieren erschrecken erschüttern | schockieren schocken einen Skandal hervorrufen			
Niemand hat jemals nachgewiesen - und das wird Sie <N1>erschüttern</N1> - dass die Chemotherapie in den meisten Fällen tatsächlich eine Krebszelle berührt.	They had to give it also in the U.S. to get approval, so I think there were three U.S. patients in upstate New York who were part of the trial.				
TRUE					
					
Eine Milliarde Menschen ist <L1>adipös</L1> oder übergewichtig, und eine Milliarde Menschen ist hungerleidend.	I'll be able to say that it's been a success.	üppig stark vollschlank dick und fett über Normalgewicht dickbäuchig wohlgerundet fettleibig korpulent schmerbäuchig feist dickleibig beleibt wampert stattlich wohlgenährt etwas auf den Rippen haben adipös füllig kugelrund aus der Form geraten mollig dick fett drall wohlbeleibt übergewichtig gut gepolstert | fettleibig korpulent feist adipös fett an Fettsucht leidend hochgradig übergewichtig			
Eine Milliarde Menschen ist <N1>adipös</N1> oder übergewichtig, und eine Milliarde Menschen ist hungerleidend.	I'll be able to say that it's been a success.				
TRUE					
					
Sie war von einer Klientin um einen Hausbesuch gebeten worden, weil diese ihrer Mutter und ihren Geschwister von ihrer <L1>HIV-Infektion</L1> erzählen wollte und Angst hatte, es alleine zu machen.	It was at that point, just the spark of an idea.				
Sie war von einer Klientin um einen Hausbesuch gebeten worden, weil diese ihrer Mutter und ihren Geschwister von ihrer <N1>HIV-Infektion</N1> erzählen wollte und Angst hatte, es alleine zu machen.	It was at that point, just the spark of an idea.				
TRUE					
					
Sie probierten ein innovatives Verfahren namens Agile Entwicklung aus, das sich gerade von Japan aus zu den <L1>Start-up-Unternehmen</L1> im Silicon Valley ausbreitete.	Everyone throws out suggestions and then we pick two to focus on.	Start-up Start-up-Firma Start-up-Unternehmen junges Unternehmen			
Sie probierten ein innovatives Verfahren namens Agile Entwicklung aus, das sich gerade von Japan aus zu den <N1>Start-up-Unternehmen</N1> im Silicon Valley ausbreitete.	Everyone throws out suggestions and then we pick two to focus on.				
TRUE					
					
Das Nutzen von eingebetteten Geräten, eingebetteter Technologie im weiteren Sinne in unserer Umwelt, nicht nur in der Heimat, sondern der Umzug in Städte, Straßen, Gebäude usw., ist als Mittel zur Übertragung und Kommunikation von Daten an das Netzwerk und erzeugt dann eine Art von maschenförmigen Netzwerk. Das liegt an der Stadt oder von jemanden die Erfahrung, nicht nur zwischen ihrem mobilen Gerät und ihrem <L1>Tablet-PC</L1> in ihrem Haus aber regelrecht in der Echtzeit über alles.	Looks like a stalemate.	Flachrechner Tablet Tablet-Computer Tabletcomputer Tablet-PC			
Das Nutzen von eingebetteten Geräten, eingebetteter Technologie im weiteren Sinne in unserer Umwelt, nicht nur in der Heimat, sondern der Umzug in Städte, Straßen, Gebäude usw., ist als Mittel zur Übertragung und Kommunikation von Daten an das Netzwerk und erzeugt dann eine Art von maschenförmigen Netzwerk. Das liegt an der Stadt oder von jemanden die Erfahrung, nicht nur zwischen ihrem mobilen Gerät und ihrem <N1>Flachrechner</N1> in ihrem Haus aber regelrecht in der Echtzeit über alles.	Looks like a stalemate.				
TRUE					
					
Es wurde als <L1>elitär</L1> angesehen, eine ausschließende Religion, die der weißen Bevölkerung vorbehalten ist.	Nate:	abgehoben ohne Bodenhaftung elitär (im) Elfenbeinturm			
Es wurde als <N1>abgehoben</N1> angesehen, eine ausschließende Religion, die der weißen Bevölkerung vorbehalten ist.	Nate:				
TRUE					
					
Kurz nach seinem ersten Geburtstag sagte mein Sohn <L1>gaga</L1> , wenn er Wasser meinte.	Aaaa.)	durchgedreht wahnsinnig durch den Wind geistig umnachtet irre bekloppt nicht ganz dicht narrisch unzurechnungsfähig geisteskrank psychotisch irrsinnig von Sinnen neben der Spur ballaballa Sprung in der Schüssel haben unter Wahnvorstellungen leidend (total) durchgeknallt verrückt jeck gaga geistesgestört Ei am Wandern haben nasch (wohl) mit dem Klammerbeutel gepudert sein (total) von der Rolle			
Kurz nach seinem ersten Geburtstag sagte mein Sohn <N1></N1> , wenn er Wasser meinte.	Aaaa.)				
FALSE					
					
Es war nicht das allerdings, dass notleidende arme alte Corky, weil er nicht <L1>bigott</L1> war und hatte keine Einwände gegen den Mann weiter zu leben.	There's only one thing to do,  I said.	bigott frömmlerisch engstirnig blindgläubig frömmelnd | falsch gemein link tückisch heimtückisch hinterhältig unehrlich unlauter verlogen unwahrhaftig gaunerhaft unredlich unaufrichtig lügnerisch bigott niederträchtig biestig hundsgemein durchtrieben hinterfotzig schofel schofelig charakterlos schurkisch scheißfreundlich heuchlerisch geheuchelt pharisäerhaft hinterfotzig schlangenzüngig scheinheilig hypokritisch doppelzüngig hintenrum			
Es war nicht das allerdings, dass notleidende arme alte Corky, weil er nicht <N1>frömmlerisch</N1> war und hatte keine Einwände gegen den Mann weiter zu leben.	There's only one thing to do,  I said.				
TRUE					
					
Es gibt zwar unendlich viele Farben, doch da wir nur drei Arten Zapfen haben, kann man <L1>tricksen</L1> und das Gehirn alle Farben sehen lassen, indem nur drei richtig kombiniert werden: Rot, Grün und Blau.	When it comes time to sheetrock, if you use EcoRock it's about a quarter of the embodied energy of standard sheetrock.	mogeln schwindeln täuschen schummeln tricksen mauscheln Schmu machen			
Es gibt zwar unendlich viele Farben, doch da wir nur drei Arten Zapfen haben, kann man <N1>mogeln</N1> und das Gehirn alle Farben sehen lassen, indem nur drei richtig kombiniert werden: Rot, Grün und Blau.	When it comes time to sheetrock, if you use EcoRock it's about a quarter of the embodied energy of standard sheetrock.				
TRUE					
					
Z. B. sagt Sally: ich brauch jemand zum <L1>chillen</L1> und Jake sagt: haha - auch über haha könnte man eine Doktorarbeit schreiben, doch dazu ist keine Zeit -	(Applause)	abhängen herumgammeln ausruhen abschalten gammeln herumlungern sich erholen Däumchen drehen absicken nichts zu tun haben nichts tun sich einen Lenz machen faulenzen rumlungern abflacken sich festhalten an rumfaulenzen sich auf die faule Haut legen herumhängen chillen sich entspannen lungern abchillen ablockern rumgammeln abschimmeln (es sich) bequem machen untätig sein			
Z. B. sagt Sally: ich brauch jemand zum <N1>abhängen</N1> und Jake sagt: haha - auch über haha könnte man eine Doktorarbeit schreiben, doch dazu ist keine Zeit -	(Applause)				
TRUE					
					
Und alle Kinder <L1>kiffen</L1>	It was plain to see that your life was lost	vernichten haschen Haschisch rauchen buffen barzen einen heizen kiffen einen smoken			
Und alle Kinder <N1>heizen einen</N1>	It was plain to see that your life was lost				
TRUE					
					
Legendär - wie Ted Williams <L1>legendär</L1> - der letzte Major League Baseball Spieler der während einer regulären Saison über 400 Mal traf.	Maybe I wanted to be so successful and so able to take responsibility that I would do so and I would be able to take care of my attending's patients without even having to contact him.	legendär darüber erzählt man sich viele Geschichten | ominös vielzitiert oft erwähnt häufig genannt sprichwörtlich vielbeschworen viel berufen legendär			
Legendär - wie Ted Williams <N1>grossartig</N1> - der letzte Major League Baseball Spieler der während einer regulären Saison über 400 Mal traf.	Maybe I wanted to be so successful and so able to take responsibility that I would do so and I would be able to take care of my attending's patients without even having to contact him.				
TRUE					
					
Ich habe mit Firmen wie Microsoft, SAP oder Google gearbeitet, habe deren Bugs analysiert, gesucht was falsche gelaufen war, und mir fiel auf, dass es fast kein Lehrmaterial für Debugging und wie man Programme <L1>debuggen</L1> soll gibt.	But do they call me MacGregor the pier builder?	Fehler beseitigen debuggen von Fehlern befreien			
Ich habe mit Firmen wie Microsoft, SAP oder Google gearbeitet, habe deren Bugs analysiert, gesucht was falsche gelaufen war, und mir fiel auf, dass es fast kein Lehrmaterial für Debugging und wie man Programme <N1>von Fehlern befreien</N1> soll gibt.	But do they call me MacGregor the pier builder?				
TRUE					
					
Lass uns das aktuelle, abschließende Beispiel Lass uns das aktuelle, abschließende Beispiel von Homoehen betrachten, welches <L1>markant</L1> ist für die politische Debate.	What do you wanna do for dinner?	stark deutlich wahrnehmbar augenfällig ersichtlich klar und deutlich nicht zu übersehen unübersehbar ausgeprägt apparent ins Auge fallend auffällig deutlich sichtbar intensiv offensichtlich ins Auge stechend dick und fett offenkundig hervorstechend auffallend markant deutlich erkennbar | stark deutlich merklich augenfällig prägnant ausgeprägt markant spürbar fühlbar charakteristisch in großem Umfang signifikant bezeichnend | scharf stark deutlich klar prägnant kräftig ausgeprägt intensiv markant regelmäßig umrissen gestochen heftig			
Lass uns das aktuelle, abschließende Beispiel Lass uns das aktuelle, abschließende Beispiel von Homoehen betrachten, welches <N1>augenfällig</N1> ist für die politische Debate.	What do you wanna do for dinner?				
TRUE					
					
Also das Bild ist <L1>reell</L1> und kleiner als der eigentliche Gegenstand. falls der Gegenstand weiter draußen als der Krümmungsmittelpunkt ist.	So here I'll do a slightly different ray that intersects the parabolic mirror right over there	stabil langlebig dauerhaft solide währschaft reell Da weiß man, was man hat. wertbeständig | wahrhaftig de facto in Wirklichkeit praktisch wirklich in der Tat man muss ganz ehrlich sagen in praxi nach Lage der Dinge wahrlich echt nach Tatsachen realiter im Ergebnis tatsächlich wahrhaft beileibe natürlich Im Endergebnis in facto in Wahrheit in der Praxis faktisch real greifbar effektiv bestimmt anschaulich fassbar ehrlich konkret eigentlich reell handfest gegenständlich anwendungsbezogen auf den Gegenstand bezogen sachbezogen gelebt so wie es sein soll ohne Scheiß in effectu			
Also das Bild ist <N1>wahrhaftig</N1> und kleiner als der eigentliche Gegenstand. falls der Gegenstand weiter draußen als der Krümmungsmittelpunkt ist.	So here I'll do a slightly different ray that intersects the parabolic mirror right over there				
TRUE					
					
Und als die Kopien ihres Fragebogens <L1>retour</L1> kamen, trat genau ein Ding mit einer statistischen Klarheit hervor, von der die meisten Wissenschaftler nur träumen können.	And it means that people like many of us, who have run organizations, and gone out of our way to try to find the very best people we can, mostly fail to get the best out of them.	zurück retour nach hinten rückwärts retro			
Und als die Kopien ihres Fragebogens <N1>zurück</N1> kamen, trat genau ein Ding mit einer statistischen Klarheit hervor, von der die meisten Wissenschaftler nur träumen können.	And it means that people like many of us, who have run organizations, and gone out of our way to try to find the very best people we can, mostly fail to get the best out of them.				
TRUE					
					
Indem Sie sich einfach etwas anschauen, was jemand getan hat, es <L1>sondieren</L1> und sagen:	For some people, we just eliminated that.	ergründen untersuchen herausfinden ermitteln erforschen erkunden durchforschen ausloten explorieren sondieren | Sondierung Sondieren			
Indem Sie sich einfach etwas anschauen, was jemand getan hat, es <N1>untersuchen</N1> und sagen:	For some people, we just eliminated that.				
TRUE					
					
Und schlimmstenfalls wird man dich <L1>lynchen</L1> und ans Kreuz nageln.	And I think, a lot of times, what we do is just, sort of, hold the mirror up to our clients, and sort of go,				
Und schlimmstenfalls wird man dich <N1>lynchen</N1> und ans Kreuz nageln.	And I think, a lot of times, what we do is just, sort of, hold the mirror up to our clients, and sort of go,				
TRUE					
					
Denn es ist so, wir sind so <L1>chauvinistisch</L1> im Hinblick auf Biologie, wenn man Kohlenstoff entfernt, dann gibt es andere Dinge, die passieren können.	Let me mark out the 0 a little bit better, so you see relative to 0.	machistisch chauvinistisch machohaft machomäßig sexistisch chauvimäßig			
Denn es ist so, wir sind so <N1>chauvinistisch</N1> im Hinblick auf Biologie, wenn man Kohlenstoff entfernt, dann gibt es andere Dinge, die passieren können.	Let me mark out the 0 a little bit better, so you see relative to 0.				
TRUE					
					
Ich kenne Leute sind nicht immer Fans von solchen Gesprachen. aber ich verspreche, ich werde über neue Mode der Chemie sprechen was bedeutet <L1>up-to-date</L1> Chemie wie, was Mohammed hesham sagte nur betonen seinem Vortrag die Hauptaussage	So you could say,  If I have 4, and I get 3 more, I get 7.				
Ich kenne Leute sind nicht immer Fans von solchen Gesprachen. aber ich verspreche, ich werde über neue Mode der Chemie sprechen was bedeutet <N1></N1> Chemie wie, was Mohammed hesham sagte nur betonen seinem Vortrag die Hauptaussage	So you could say,  If I have 4, and I get 3 more, I get 7.				
FALSE					
					
Das mag einer der Gründe sein, wieso manche Mattie vorschnell als feministishen Charakter einordnen. Ebenso wie andere weibliche popkulturelle Figuren, die als stark und <L1>tough</L1> bezeichnet werden.	How many people are actually going to receive that letter? Well, what's 10 to the sixth power? 10 to the sixth is equal to 1 with six zeroes, which is 1 million people are going to receive that letter in just 6 weeks, just sending out 10 letters each.				
Das mag einer der Gründe sein, wieso manche Mattie vorschnell als feministishen Charakter einordnen. Ebenso wie andere weibliche popkulturelle Figuren, die als stark und <N1>hart</N1> bezeichnet werden.	How many people are actually going to receive that letter? Well, what's 10 to the sixth power? 10 to the sixth is equal to 1 with six zeroes, which is 1 million people are going to receive that letter in just 6 weeks, just sending out 10 letters each.				
TRUE					
					
Aber lassen Sie uns jetzt über <L1>PISA</L1> reden, die weltweite Studie der OECD zur Evaluierung von Wissen und Fähigkeiten.	What you see is that two countries with similar spending achieve very different results.				
Aber lassen Sie uns jetzt über <N1>PISA</N1> reden, die weltweite Studie der OECD zur Evaluierung von Wissen und Fähigkeiten.	What you see is that two countries with similar spending achieve very different results.				
TRUE					
					
Letztes Jahr wurde ich zu einem Spiel der <L1>NBA</L1> All-Stars eingeladen.	Spain had colonized the eastern half of the island,				
Letztes Jahr wurde ich zu einem Spiel der <N1>NBA</N1> All-Stars eingeladen.	Spain had colonized the eastern half of the island,				
TRUE					
					
Und wenn man sich vorstellt, was z.B. Google Labs experimentell mit Google Docs, Google Spreadsheets, usw tut. All diese Dinge werden <L1>webbasiert</L1> sein.	So, I don't know what the name of this thing is.				
Und wenn man sich vorstellt, was z.B. Google Labs experimentell mit Google Docs, Google Spreadsheets, usw tut. All diese Dinge werden <N1>webbasiert</N1> sein.	So, I don't know what the name of this thing is.				
TRUE					
					
Das erste Fax - die Person die die erste Faxmaschine kaufte war ein Idiot, weil es niemand gab dem man <L1>faxen</L1> konnte.	So that's what you want, is all your friends are identified, and you should just carry these relationships around.	Angabe Affektiertheit Ziererei Allüren Gesums Gehabe Bohei Aufhebens Getue Buhei Geziere Affigkeit Faxen Gewese Gekünsteltheit (übertrieben viel) Tamtam			
Das erste Fax - die Person die die erste Faxmaschine kaufte war ein Idiot, weil es niemand gab dem man <N1>faxen</N1> konnte.	So that's what you want, is all your friends are identified, and you should just carry these relationships around.				
TRUE					
					
Zum Beispiel hat mir jemand geschrieben, der sagte Hey Ze, wenn du jemals nach Boulder kommst, solltest du mit uns <L1>abrocken</L1> . Und ich sagte mir Warum warten?	(Laughter)				
Zum Beispiel hat mir jemand geschrieben, der sagte Hey Ze, wenn du jemals nach Boulder kommst, solltest du mit uns <N1>abrocken</N1> . Und ich sagte mir Warum warten?	(Laughter)				
TRUE					
					
Ich glaube, ich will nur nochmal <L1>rekapitulieren</L1> und sagen: Das ist etwas sehr häufiges.	I level up my druid when I'm playin' World of Warcraft	bewusst machen in Erinnerung rufen Revue passieren lassen vor seinem inneren Auge vorbeiziehen lassen vergegenwärtigen rekapitulieren eingedenk sein (sich über etwas) klar werden			
Ich glaube, ich will nur nochmal <N1>in Erinnerung rufen</N1> und sagen: Das ist etwas sehr häufiges.	I level up my druid when I'm playin' World of Warcraft				
TRUE					
					
Was ich mich frage ist, wie wird die Gesellschaft sein, wenn die Kinder heutzutage so phänomenal gut im Nachrichten schicken sind und wahnsinnig viel Zeit am Bildschirm verbringen, aber noch nie zusammen <L1>bowlen</L1> gegangen sind.	Mentoring me.				
Was ich mich frage ist, wie wird die Gesellschaft sein, wenn die Kinder heutzutage so phänomenal gut im Nachrichten schicken sind und wahnsinnig viel Zeit am Bildschirm verbringen, aber noch nie zusammen <N1>bowlen</N1> gegangen sind.	Mentoring me.				
TRUE					
					
Wir müssen uns anschauen, wie wir sieben Milliarden Menschen auf nachhaltige Weise ernähren, heilen, bilden, transportieren und mit ihnen <L1>korrespondieren</L1> können.	I woke up from a month-long coma, following a double lung transplant.	korrespondieren in brieflichem Kontakt stehen sich schreiben brieflich verkehren mit | schriftlich kommunizieren korrespondieren | übereinstimmen entsprechen gleichkommen korrespondieren			
Wir müssen uns anschauen, wie wir sieben Milliarden Menschen auf nachhaltige Weise ernähren, heilen, bilden, transportieren und mit ihnen <N1>schriftlich verkehren</N1> können.	I woke up from a month-long coma, following a double lung transplant.				
TRUE					
					
Ich könnte wie ein Virus durch Ihre Server und Firewalls <L1>zippen</L1> bis das World Wide Web so weise, wild und organisiert wäre, wie ich meine, ein modernes Mirakel/Orakel nur sein kann, doch, oh-weh, willste drauf wetten, wie jeck und un-PC Dein Mac oder PC abgeht? Denn ich rock' das Internet, ein Teufelskerl auf Gott.net.	And in every war there are massacres, but the US at least believes that its soldiers can kinda take the high-road, that they don't engage in these types of things.	packen komprimieren eindampfen komprimiert archivieren zippen			
Ich könnte wie ein Virus durch Ihre Server und Firewalls <N1>zippen</N1> bis das World Wide Web so weise, wild und organisiert wäre, wie ich meine, ein modernes Mirakel/Orakel nur sein kann, doch, oh-weh, willste drauf wetten, wie jeck und un-PC Dein Mac oder PC abgeht? Denn ich rock' das Internet, ein Teufelskerl auf Gott.net.	And in every war there are massacres, but the US at least believes that its soldiers can kinda take the high-road, that they don't engage in these types of things.				
TRUE					
					
Warum <L1>boomen</L1> die sozialen Netzwerke trotz Zensur so?	But you can't even expand more, no, because Chinese Sina Weibo, when it was founded was exactly one month after the official blocking of Twitter.com.	brummen blühen florieren erfolgreich sein gut laufen boomen			
Warum <N1>blühen</N1> die sozialen Netzwerke trotz Zensur so?	But you can't even expand more, no, because Chinese Sina Weibo, when it was founded was exactly one month after the official blocking of Twitter.com.				
TRUE					
					
In a country where a cripple has more rights than a <L1>proper</L1> man... and you do not feel well yourself?	Just skin and bones of the unorganised body remain with me.	rein picobello wie geleckt sauber hygienisch tipptopp blitzsauber spiegelblank makellos sauber da könnte man vom Fußboden essen proper fleckenlos sauber strahlend sauber vor Sauberkeit strahlen blitzeblank pieksauber porentief rein auf Hochglanz poliert blitzesauber es blitzt und blinkt blitzblank | tipptopp proper adrett ordentlich angezogen korrekt angezogen in sauberer Kleidung			
In a country where a cripple has more rights than a <N1></N1> man... and you do not feel well yourself?	Just skin and bones of the unorganised body remain with me.				
FALSE					
					
Da wir wissen... ...daß es eine Auftragung Population - versus - Zeit - werden wird, ist es immer gut... ...die Achsen zu <L1>labeln</L1> [mit Hinweisen zu versehen]... ...so daß man nicht vergisst... [schreibt]	That really has to do with our aging population.	etikettieren verschlagworten mit Schlagwörtern versehen labeln taggen			
Da wir wissen... ...daß es eine Auftragung Population - versus - Zeit - werden wird, ist es immer gut... ...die Achsen zu <N1></N1> [mit Hinweisen zu versehen]... ...so daß man nicht vergisst... [schreibt]	That really has to do with our aging population.				
FALSE					
					
Durch die Energie aller Anwesenden entschied ich mich weiter zu <L1>puschen</L1> und kam auf 17 Minuten und 4 Sekunden.	The point that I would like to ask you to try to do, is just in 30 seconds -- and I know this is in a sense an impossible task -- write down what you think is probably some of the top priorities.	erregen hervorrufen anspornen aktivieren ankurbeln anregen aufpeitschen antreiben innervieren pushen in Wallung bringen aufputschen stimulieren powern puschen | Schlappen Puschen Schluffen Hausschuhe Schlurren Finken Pantoffeln			
Durch die Energie aller Anwesenden entschied ich mich weiter zu <N1>anzutreiben</N1> und kam auf 17 Minuten und 4 Sekunden.	The point that I would like to ask you to try to do, is just in 30 seconds -- and I know this is in a sense an impossible task -- write down what you think is probably some of the top priorities.				
TRUE					
					
Es ist ein guter Film im Hinblick darauf, dass ich ihn sicher sehen will, stimmt's, aber erwarten sie nicht von Emmerich in seinem nächsten Film Brad Pitt zu <L1>casten</L1> wie er in Tanzania Latrinen gräbt oder so etwas ähnliches.	This is point D.				
Es ist ein guter Film im Hinblick darauf, dass ich ihn sicher sehen will, stimmt's, aber erwarten sie nicht von Emmerich in seinem nächsten Film Brad Pitt zu <N1>casten</N1> wie er in Tanzania Latrinen gräbt oder so etwas ähnliches.	This is point D.				
TRUE					
					
Welches sind die Probleme, die wir zu <L1>adressieren</L1> versuchen?	It's very, very unlikely.	ansprechen adressieren anreden anquasseln anlabern anquatschen das Wort richten | in Angriff nehmen angehen behandeln adressieren befassen | Adressieren Adressierung			
Welches sind die Probleme, die wir zu <N1>lösen</N1> versuchen?	It's very, very unlikely.				
TRUE					
					
Wenn wir das Licht <L1>dimmen</L1> könnten... [ Die 99 ]	And torture's a terrible enough thing as it is, but when it's done by your hero, that just breaks you in so many ways.	dunkler machen dimmen			
Wenn wir das Licht <N1>dunkler machen</N1> könnten... [ Die 99 ]	And torture's a terrible enough thing as it is, but when it's done by your hero, that just breaks you in so many ways.				
TRUE					
					
Also <L1>randomisieren</L1> wir, machen Langzeit-	But once you fractionate happiness the way I do -- not just positive emotion, that's not nearly enough -- there's flow in life, and there's meaning in life.				
Also <N1>machen wir zufällig</N1>, machen Langzeit-	But once you fractionate happiness the way I do -- not just positive emotion, that's not nearly enough -- there's flow in life, and there's meaning in life.				
TRUE					
					
Das macht sie, indem sie in Bussum eröffnet, was wir heute ein <L1>Bed-and-Breakfast</L1> nennen würden, in dem viele Künstler bleiben werden, die später ein Teil ihrer Verbindungen werden.	So the answer is eleven thousand forty-five.				
Das macht sie, indem sie in Bussum eröffnet, was wir heute ein <N1>Bed-and-Breakfast</N1> nennen würden, in dem viele Künstler bleiben werden, die später ein Teil ihrer Verbindungen werden.	So the answer is eleven thousand forty-five.				
TRUE					
					
Es scheint einfach sehr <L1>stressfrei</L1> und heiter zu sein.	I've always had an artistic side so I wanted to sit down and paint.				
Es scheint einfach sehr <N1>stressfrei</N1> und heiter zu sein.	I've always had an artistic side so I wanted to sit down and paint.				
TRUE					
					
Ich muss auflegen, damit ich <L1>einparken</L1> kann.	Thank you.				
Ich muss auflegen, damit ich <N1>einparken</N1> kann.	Thank you.				
TRUE					
					
Sie <L1>akquirieren</L1> eine Kartei aus Rechten an geistigem Eigentum, um dann für ihren Profit zu prozessieren.	It's important for the public to see how it all works too.	anheuern anwerben akquirieren einwerben			
Sie <N1>werben</N1> eine Kartei aus Rechten an geistigem Eigentum ein, um dann für ihren Profit zu prozessieren.	It's important for the public to see how it all works too.				
TRUE					
					
Rückblickend sieht alles <L1>makaber</L1> und düster und unheimlich aus, als hätte das der Anfang von etwas Bösem sein können.	He stopped drinking, went to church with his grandmother, and he fought what he believed were immoral homosexual urges which eventually led to his inescapable fantasies about murder.	geschmacklos düster grausig respektlos schauderhaft schauerlich abartig pietätlos makaber			
Rückblickend sieht alles <N1>grausig</N1> und düster und unheimlich aus, als hätte das der Anfang von etwas Bösem sein können.	He stopped drinking, went to church with his grandmother, and he fought what he believed were immoral homosexual urges which eventually led to his inescapable fantasies about murder.				
TRUE					
					
Ja wie in diesen Filmen wo sie den Menschen Spermaproben entnehmen und ihre Hoden <L1>frittieren</L1>	No, but all transformed humans are now attacking the ones remaining	fritten frittieren			
Ja wie in diesen Filmen wo sie den Menschen Spermaproben entnehmen und ihre Hoden <N1>frittieren</N1>	No, but all transformed humans are now attacking the ones remaining				
TRUE					
					
Aber das sind frühe Verwendungen von Illusionen, die aber - irgendwie <L1>brisant</L1> in Hans	Maia run.	brisant konfliktgeladen explosiv hochexplosiv konfliktträchtig | mit Vorsicht zu genießen nicht ohne knifflig prekär schwierig heikel haarig kritisch neuralgisch brisant problembehaftet nicht unbedenklich nicht geheuer problematisch delikat verfänglich spinös brenzlig bedenklich			
Aber das sind frühe Verwendungen von Illusionen, die aber - irgendwie <N1></N1> in Hans	Maia run.				
FALSE					
					
Dieses besagt, dass jedes Land drastische Senkungen des Verbrauchs fossiler Brennstoffe durch ein <L1>UN-Mandat</L1> erreichen muss.	This was carefully planned since the inception of the Federal Reserve Bank.				
Dieses besagt, dass jedes Land drastische Senkungen des Verbrauchs fossiler Brennstoffe durch ein <N1>UN-Mandat</N1> erreichen muss.	This was carefully planned since the inception of the Federal Reserve Bank.				
TRUE					
					
Psychopathen <L1>mobben</L1> hauptsächlich aus zwei Gründen:	And then what's b squared?	niedermachen abkanzeln herabwürdigen in Misskredit bringen diskreditieren schlechtmachen abwerten mobben | piesacken zur Sau machen fertigmachen mobben aufs Korn nehmen drangsalieren intrigieren schikanieren kujonieren schurigeln			
Psychopathen <N1>machen schlecht</N1> hauptsächlich aus zwei Gründen:	And then what's b squared?				
TRUE					
					
<L1>MMORPGs</L1> auf der anderen Seite leben davon, wieviel Zeit des Spielers sie konsumieren.	And, last but not least, we'll see the first attempts to cross over between MMOs, the web, and reality.				
<N1>MMORPGs</N1> auf der anderen Seite leben davon, wieviel Zeit des Spielers sie konsumieren.	And, last but not least, we'll see the first attempts to cross over between MMOs, the web, and reality.				
TRUE					
					