					
					
Frau Präsidentin, zunächst besten Dank dafür, daß Sie Wort gehalten haben und nun in der ersten Sitzungsperiode des neuen Jahres das Angebot an Fernsehprogrammen in unseren Büros tatsächlich <L1>enorm</L1> erweitert ist.	Madam President, I would firstly like to compliment you on the fact that you have kept your word and that, during this first part-session of the new year, the number of television channels in our offices has indeed increased considerably.	deutlich weit sehr enorm wesentlich erheblich immens ausgeprägt tierisch ziemlich arg viel ausnehmend ordentlich was eine gehörige Portion jede Menge ein gerüttelt Maß haushoch beträchtlich allerhand | üppig bombastisch unglaublich fulminant imposant außerordentlich weit enorm bedeutend erheblich groß extrem pompös immens gewaltig exorbitant mächtig krass riesig weithin weitläufig makro | formidabel aberwitzig enorm immens gewaltig mächtig riesig astronomisch unermesslich Mammut... riesenhaft Herkules... ungeheuer groß kolossal überdimensional monumental monströs Spitzen... gigantisch überdimensioniert immensurabel riesengroß von ungeheurer Größe titanisch ungeheuer | besonders außerordentlich außergewöhnlich stark ausgesprochen zutiefst höchlichst ungemein massiv sehr himmelweit in höchstem Maße äußerst enorm überaus sonderlich allerbest hochgradig				
Frau Präsidentin, zunächst besten Dank dafür, daß Sie Wort gehalten haben und nun in der ersten Sitzungsperiode des neuen Jahres das Angebot an Fernsehprogrammen in unseren Büros tatsächlich <N1>stark</N1> erweitert ist.	Madam President, I would firstly like to compliment you on the fact that you have kept your word and that, during this first part-session of the new year, the number of television channels in our offices has indeed increased considerably.					
TRUE						
						
Gefordert werden deshalb auch die Erfassung dieser Aktivitäten in Form von Jahresberichten oder Betriebsanalysen und eventuell die Einbeziehung in die Zertifizierung nach <L1>ISO</L1> 9002.	It is therefore also being requested that ISO 9002 certificates possibly include the finer details of these activities in the form of annual reports and company analyses.	Internationale Organisation für Standardisierung ISO	Not loanword			
Gefordert werden deshalb auch die Erfassung dieser Aktivitäten in Form von Jahresberichten oder Betriebsanalysen und eventuell die Einbeziehung in die Zertifizierung nach <N1>ISO</N1> 9002.	It is therefore also being requested that ISO 9002 certificates possibly include the finer details of these activities in the form of annual reports and company analyses.					
TRUE						
						
Der Erfolg dieser Leitlinien wird daran zu messen sein, ob es der EU-Regionalpolitik, gestützt auf gute, <L1>solide</L1> und umsetzbare Leitlinien, gelingt, neue Möglichkeiten zu erschließen und dafür zu sogen, daß unsere armen und strukturschwachen Regionen einen umfassenden Beitrag zu Wachstum und Wohlstand in der EU leisten können.	This is how we are going to judge the success of these guidelines: whether EU regional policy with a good, solid, enabling guideline, can open up new opportunities and allow our poor and structurally weak regions to play their full part in contributing to the growth and prosperity of the EU.	zuverlässig solide vertrauenerweckend ordentlich verlässlich integer reliabel man kann darauf zählen währschaft | überlegt solide nicht nur so dahergesagt wohlüberlegt | ausgereift solide fundiert substantiiert gerechtfertigt untermauert begründet | stabil langlebig dauerhaft solide währschaft reell Da weiß man, was man hat. wertbeständig | stark stattlich stabil fest zäh tragfähig solide haltbar belastbar ehern robust taff resilient kräftig				
Der Erfolg dieser Leitlinien wird daran zu messen sein, ob es der EU-Regionalpolitik, gestützt auf gute, <N1>sichere</N1> und umsetzbare Leitlinien, gelingt, neue Möglichkeiten zu erschließen und dafür zu sogen, daß unsere armen und strukturschwachen Regionen einen umfassenden Beitrag zu Wachstum und Wohlstand in der EU leisten können.	This is how we are going to judge the success of these guidelines: whether EU regional policy with a good, solid, enabling guideline, can open up new opportunities and allow our poor and structurally weak regions to play their full part in contributing to the growth and prosperity of the EU.					
TRUE						
						
Frau Berichterstatterin, Sie haben unterstrichen, daß es hier darum geht, zu einer Reihe von oft sehr <L1>präzise</L1> festgelegten europäischen Zielen Vorgaben zu machen.	On the subject of the role of the guidelines, Mrs Schroedter, you pointed out that this is the context in which guidelines on a number of European objectives, often very precise ones, should be provided.	spezifisch gezielt präzise präzis | genau gewissenhaft akkurat korrekt prägnant fehlerfrei exakt richtig präzise präzis haargenau				
Frau Berichterstatterin, Sie haben unterstrichen, daß es hier darum geht, zu einer Reihe von oft sehr <N1>genau</N1> festgelegten europäischen Zielen Vorgaben zu machen.	On the subject of the role of the guidelines, Mrs Schroedter, you pointed out that this is the context in which guidelines on a number of European objectives, often very precise ones, should be provided.					
TRUE						
						
Sehr wichtig ist die Einführung der modernsten Technik und des neuesten <L1>Know-how</L1> bei Unternehmen in Regionen mit Entwicklungsrückstand.	It is absolutely essential that companies in areas developing more slowly adopt the latest technology and know-how.	Sicherheit Routine Übung Wissen Know-how Kenntnis Erfahrung Praxis Geübtheit Kenntnisse Erfahrungen | Fähigkeit Rüstzeug Kompetenz Horizont Ahnung Wissen Expertise Sachkunde Sachkenntnis Know-how Techne Kenntnis Können Kenne Kenntnisstand Wissensstand Sachverstand				
Sehr wichtig ist die Einführung der modernsten Technik und des neuesten <N1>Fachwissens</N1> bei Unternehmen in Regionen mit Entwicklungsrückstand.	It is absolutely essential that companies in areas developing more slowly adopt the latest technology and know-how.					
TRUE						
						
In den Ziel 1-Regionen sind zeitlich befristete Maßnahmen <L1>parallel</L1> dazu unbedingt erforderlich, nämlich Arbeitsbeschaffungsmaßnahmen, spezielle Programme für die Förderung von Frauenerwerbstätigkeit und Initiativen zur Förderung des Beginns von selbständiger Tätigkeit.	It is absolutely crucial that parallel temporary measures be introduced in the Objective 1 Regions, that is to say job creation measures, special programmes for supporting employment opportunities for women and initiatives to help people set up their own business.	parallel korrespondierend in Analogie zu übereinstimmend entsprechend ähnlich gleichartig gleichermaßen kommensurabel einheitlich analog vergleichbar kongruent komparabel | parallel nebeneinander Seite an Seite | parallel gleichzeitig begleitend konkomitierend | zugleich parallel in zeitlicher Übereinstimmung gleichlaufend zu zur selben Zeit in Koinzidenz koinzident zusammenfallend im selben Augenblick zeitgleich synchron in demselben Augenblick im gleichen Augenblick zeitlich übereinstimmend simultan in Echtzeit gleichzeitig zur gleichen Zeit				
In den Ziel 1-Regionen sind zeitlich befristete Maßnahmen <N1>gleichzeitig</N1> dazu unbedingt erforderlich, nämlich Arbeitsbeschaffungsmaßnahmen, spezielle Programme für die Förderung von Frauenerwerbstätigkeit und Initiativen zur Förderung des Beginns von selbständiger Tätigkeit.	It is absolutely crucial that parallel temporary measures be introduced in the Objective 1 Regions, that is to say job creation measures, special programmes for supporting employment opportunities for women and initiatives to help people set up their own business.					
TRUE						
						
Daraus ergibt sich auch die Möglichkeit einer positiven Entwicklung der Regionen, denn die Menschen <L1>engagieren</L1> sich und arbeiten, wenn die Bedingungen dafür geschaffen sind.	In this way, positive development of the regions is also possible, because people will start business and will work if they are given the chance.	anstellen anheuern anwerben beschäftigen einstellen verpflichten einem Bewerber eine Chance geben berufen rekrutieren engagieren dingen in Lohn und Brot nehmen unter Vertrag nehmen				
Daraus ergibt sich auch die Möglichkeit einer positiven Entwicklung der Regionen, denn die Menschen <N1>bemühen</N1> sich und arbeiten, wenn die Bedingungen dafür geschaffen sind.	In this way, positive development of the regions is also possible, because people will start business and will work if they are given the chance.					
TRUE						
						
Wir führen heute eine wichtige Debatte über die Wettbewerbspolitik der Europäischen Union. Wir <L1>debattieren</L1> über ein sehr umstrittenes Modernisierungsvorhaben im europäischen Kartellrecht, nämlich den Bericht von Wogau, und das ist sehr viel umstrittener, als es vielleicht die Abstimmung im Wirtschaftsausschuß deutlich gemacht hat.	We are debating a highly controversial modernisation proposal for European monopolies law, that is Mr von Wogau' s report, and it is far more controversial than the vote in the Committee on Economic and Monetary Affairs may have given us reason to believe.	erörtern bereden konferieren diskutieren ausdiskutieren auf etwas eingehen wörteln besprechen durchsprechen debattieren disputieren				
Wir führen heute eine wichtige Debatte über die Wettbewerbspolitik der Europäischen Union. Wir <N1>sprechen uns</N1> über ein sehr umstrittenes Modernisierungsvorhaben im europäischen Kartellrecht aus, nämlich den Bericht von Wogau, und das ist sehr viel umstrittener, als es vielleicht die Abstimmung im Wirtschaftsausschuß deutlich gemacht hat.	We are debating a highly controversial modernisation proposal for European monopolies law, that is Mr von Wogau' s report, and it is far more controversial than the vote in the Committee on Economic and Monetary Affairs may have given us reason to believe.					
TRUE						
						
Die Aufträge in der Eisen- und Stahlindustrie sowie im Schiffbau - über dieses Thema haben wir kürzlich auch gesprochen - sind <L1>drastisch</L1> zurückgegangen und haben zu einem entsprechenden Verlust von Arbeitsplätzen geführt.	Orders in the steel industry and the ship-building industry - we also spoke about this a while ago - have decreased drastically, resulting in a loss of jobs.	besorgniserregend dramatisch gravierend schwerwiegend empfindlich schwer drastisch | überzeugend effizient leistungsfähig drastisch einschneidend verlustfrei durchschlagend mit hohem Wirkungsgrad tiefgreifend effektiv rationell schlagkräftig wirkungsvoll wirksam verlustarm | dringend essentiell essenziell drastisch bedeutend wesentlich wichtig grundlegend prinzipiell primär heftig fundamental substanziell eminent von essentieller Bedeutung von essenzieller Bedeutung elementar von elementarer Bedeutung basal von grundlegender Bedeutung vehement resolut ins Gewicht fallend | hart drastisch einschneidend schockierend krass ultrakrass gravierend dramatisch durchgreifend streng heftig drakonisch				
Die Aufträge in der Eisen- und Stahlindustrie sowie im Schiffbau - über dieses Thema haben wir kürzlich auch gesprochen - sind <N1>in hohem Maß</N1> zurückgegangen und haben zu einem entsprechenden Verlust von Arbeitsplätzen geführt.	Orders in the steel industry and the ship-building industry - we also spoke about this a while ago - have decreased drastically, resulting in a loss of jobs.					
TRUE						
						
Der heutigen Aussprache, für die ich dem Haus sehr dankbar bin, entnehme ich, daß das Europäische Parlament die Wettbewerbspolitik inhaltlich und <L1>politisch</L1> offenbar durchgängig unterstützt, die von der Kommission geleistete Arbeit grundsätzlich würdigt und darauf vertraut, daß sie diese Arbeit in Zukunft weiter wird leisten können; für all dies bin ich besonders dankbar.	So, Mr President, I will walk away from this debate, for which I am very grateful to Parliament, in the knowledge that we have the European Parliament' s intellectual and political support, which appears to come from all sides of the House, for competition policy, its basic appreciation for the work the Commission is carrying out and its confidence in our ability to continue to deliver in the future.		Not loanword			
Der heutigen Aussprache, für die ich dem Haus sehr dankbar bin, entnehme ich, daß das Europäische Parlament die Wettbewerbspolitik inhaltlich und <N1>politisch</N1> offenbar durchgängig unterstützt, die von der Kommission geleistete Arbeit grundsätzlich würdigt und darauf vertraut, daß sie diese Arbeit in Zukunft weiter wird leisten können; für all dies bin ich besonders dankbar.	So, Mr President, I will walk away from this debate, for which I am very grateful to Parliament, in the knowledge that we have the European Parliament' s intellectual and political support, which appears to come from all sides of the House, for competition policy, its basic appreciation for the work the Commission is carrying out and its confidence in our ability to continue to deliver in the future.					
TRUE						
						
Herr Präsident! Wir sind im wesentlichen für den vorliegenden Entschließungsantrag, auch wenn es sich unseres Erachtens dabei lediglich um eine Aufforderung des Parlaments an den Rat <L1>handeln</L1> kann, durch eine Vertragsänderung einen wirksamen strafrechtlichen Schutz der finanziellen Interessen der Union zu gewährleisten.	Mr President, we are basically in favour of the resolution that has been tabled, even if we think that this can only be interpreted as an invitation by Parliament to the Council to amend the Treaties, so that effective protection under criminal law of the Union' s financial interests can be guaranteed.	handeln Handel treiben Geschäfte machen negoziieren | handeln feilschen wie ein Teppichhändler feilschen feilschen wie im türkischen Basar schachern | reagieren handeln agieren benehmen | Auftreten Handlungsweise Benehmen Tun und Lassen Tun Handeln Habitus Verhaltensweise Gebaren Verhalten Betragen | handeln tauschen kaupeln | Strategie Handeln Politik | leiten handhaben umgehen hantieren handeln | bewerkstelligen handhaben handeln managen zurechtkommen | wirken handeln tun agieren machen walten	Not loanword			
Herr Präsident! Wir sind im wesentlichen für den vorliegenden Entschließungsantrag, auch wenn es sich unseres Erachtens dabei lediglich um eine Aufforderung des Parlaments an den Rat <N1>handeln</N1> kann, durch eine Vertragsänderung einen wirksamen strafrechtlichen Schutz der finanziellen Interessen der Union zu gewährleisten.	Mr President, we are basically in favour of the resolution that has been tabled, even if we think that this can only be interpreted as an invitation by Parliament to the Council to amend the Treaties, so that effective protection under criminal law of the Union' s financial interests can be guaranteed.					
TRUE						
						
Halten Sie es nach Seattle schließlich für seriös, eine größere Rolle der <L1>WTO</L1> zu befürworten?	Finally, after Seattle, do you really think you can advocate increasing the role of the WTO?	World Trade Organization Welthandelsorganisation WTO				
Halten Sie es nach Seattle schließlich für seriös, eine größere Rolle der <N1>Welthandelsorganisation</N1> zu befürworten?	Finally, after Seattle, do you really think you can advocate increasing the role of the WTO?					
TRUE						
						
Es gilt, ein Team europäischer Inspektoren einzusetzen, die den Zustand der Schiffe effektiv und effizient <L1>kontrollieren</L1> können.	A European inspection body must be established which can monitor the condition of vessels effectively and efficiently.	beaufsichtigen überwachen aufpassen im Visier haben nachhalten beobachten checken kontrollieren im Visier behalten im Blick haben im Sichtfeld haben | führen leiten kontrollieren sagen, wo es langgeht was zu sagen haben Kontrolle behalten Chef von't Janze sein die Richtschnur vorgeben Kontrolle haben führend sein das Heft in der Hand halten die erste Geige spielen lenken das Sagen haben dominieren den Ton angeben Takt vorgeben das Heft in der Hand haben vorangehen | führen leiten kontrollieren regieren dirigieren manövrieren lenken Weichen stellen steuern | in den Griff bekommen kontrollieren in Schach halten unter Kontrolle haben im Griff haben Kontrolle gewinnen über | untersuchen kontrollieren abchecken nachprüfen abklären prüfen | kontrollieren jemandem auf die Finger schauen jemandem über die Schulter schauen | überprüfen kontrollieren prüfen revidieren				
Es gilt, ein Team europäischer Inspektoren einzusetzen, die den Zustand der Schiffe effektiv und effizient <N1>überprüfen</N1> können.	A European inspection body must be established which can monitor the condition of vessels effectively and efficiently.					
TRUE						
						
Man muß denen danken, die angesichts der Schutzlosigkeit und fehlender Mittel <L1>couragiert</L1> gegen die schwerwiegenden Auswirkungen dieser Katastrophe für die Küstenregionen, für das Ökosystem des Meeres und die Fischereiressourcen Europas gekämpft haben.	We must thank those who, while defenceless and lacking in resources, have battled courageously against the grave effects that this disaster has had on coastal regions, the marine ecosystem and European fishing stocks.	kühn wacker weder Tod noch Teufel fürchten Eier in der Hose haben couragiert wagemutig tapfer mutig				
Man muß denen danken, die angesichts der Schutzlosigkeit und fehlender Mittel <N1>beherzt</N1> gegen die schwerwiegenden Auswirkungen dieser Katastrophe für die Küstenregionen, für das Ökosystem des Meeres und die Fischereiressourcen Europas gekämpft haben.	We must thank those who, while defenceless and lacking in resources, have battled courageously against the grave effects that this disaster has had on coastal regions, the marine ecosystem and European fishing stocks.					
TRUE						
						
Erstens: Anfang 1999 hat die <L1>NATO</L1> unter Beteiligung der meisten Mitgliedstaaten der Europäischen Union das Kosovo im Namen der Freiheit mit Bomben plattgemacht.	Firstly, at the beginning of 1999, NATO, with the participation of most Member States of the European Union, flattened Kosovo with bombs in the name of freedom.	North Atlantic Treaty Organization Atlantisches Bündnis NATO	Not loanword			
Erstens: Anfang 1999 hat die <N1>NATO</N1> unter Beteiligung der meisten Mitgliedstaaten der Europäischen Union das Kosovo im Namen der Freiheit mit Bomben plattgemacht.	Firstly, at the beginning of 1999, NATO, with the participation of most Member States of the European Union, flattened Kosovo with bombs in the name of freedom.					
TRUE						
						
Wir müssen den CO2-Ausstoß herunterbringen, erneuerbare Energie einsetzen und <L1>generell</L1> in diesem Zusammenhang fragen, wie es den Wäldern Europas geht.	We must reduce CO2 emissions, employ renewable energies, and generally make enquiries, in this connection, as to how the forests of Europe are faring.	generell vollständig gesamt komplett in Gänze in Bausch und Bogen pauschal durchweg hundertprozentig durchwegs einstimmig durchgängig alle, wie sie da sind samt und sonders ausnahmslos restlos alle miteinander alle, wie sie da waren ohne Ausnahme vollzählig durch die Bank in jeder Richtung praktisch alle | alles in allem insgesamt im Grundsatz weitgehend zusammenfassend grundsätzlich summa summarum in Summe in der Regel im Großen und Ganzen generell wenn man alles berücksichtigt im Allgemeinen in der Summe auf einen Nenner gebracht in der Gesamtheit im großen Ganzen | umfassend generell global absolut allumfassend allgemein gültig universell allgemeingültig unbestimmt immersiv | generell allgemein soweit				
Wir müssen den CO2-Ausstoß herunterbringen, erneuerbare Energie einsetzen und <N1>allgemein</N1> in diesem Zusammenhang fragen, wie es den Wäldern Europas geht.	We must reduce CO2 emissions, employ renewable energies, and generally make enquiries, in this connection, as to how the forests of Europe are faring.					
TRUE						
						
In einer Branche mit einem Jahresumsatz von ca. 600 Mrd. EUR kann sich schon der kleinste Rückgang der Kauffreudigkeit <L1>massiv</L1> auswirken.	In an industry worth some EUR 600 billion annually, even a slight dip in confidence levels can have significant effects.	scharf hitzig hart aggressiv massiv verbissen erbittert heftig vehement | massiv gedrungen zusammengedrängt kompakt stabil | massiv großzügig in großem Umfang in großem Stil in großem Rahmen in großem Maßstab | massiv fest dicht eng | aus der Form geraten massiv monströs ungestalt unförmig monströs dick tonnenförmig | ernst zu nehmen tiefgreifend massiv weitreichend maßgeblich bedeutsam bedeutend entscheidend großgeschrieben werden zentral von Bedeutung von Relevanz nicht zu vernachlässigen wesentlich von Belang kommt darauf an erheblich ins Gewicht fallen von großer Bedeutung hat Gewicht wichtig hat Bedeutung gewichtig relevant von großer Wichtigkeit groß nicht zu unterschätzen von Gewicht steht hoch im Kurs ernst gravierend ernstlich folgenschwer schwer wiegend schwer wiegend schwerwiegend | Massengebirge Massiv Gipfelstock Gebirgsmassiv Gebirgsstock | besonders außerordentlich außergewöhnlich stark ausgesprochen zutiefst höchlichst ungemein massiv sehr himmelweit in höchstem Maße äußerst enorm überaus sonderlich allerbest hochgradig				
In einer Branche mit einem Jahresumsatz von ca. 600 Mrd. EUR kann sich schon der kleinste Rückgang der Kauffreudigkeit <N1>äußerst stark</N1> auswirken.	In an industry worth some EUR 600 billion annually, even a slight dip in confidence levels can have significant effects.					
TRUE						
						
Es gibt verschiedene Dinge, die das Vertrauen der Verbraucher <L1>unterminieren</L1> können, beispielsweise der Mangel an Informationen.	There are a number of things that undermine consumer confidence - lack of information is one.	zersetzen aushöhlen unterhöhlen unterminieren untergraben erodieren lassen				
Es gibt verschiedene Dinge, die das Vertrauen der Verbraucher <N1>aushöhlen</N1> können, beispielsweise der Mangel an Informationen.	There are a number of things that undermine consumer confidence - lack of information is one.					
TRUE						
						
Natürlich muß ein neues soziales Aktionsprogramm auch der Entwicklung, beispielsweise auf dem Gebiet der Informationstechnologie, Rechnung tragen, muß <L1>modern</L1> und zeitgemäß sein.	Clearly, any future social action programme should take account of developments, for example within information technology, and, in time, become a modern social action programme.	verfallen verwesen verkommen faulen gammeln verfaulen vergammeln herunterkommen verlottern verrotten vermodern modern | auf der Höhe der Zeit auf dem neuesten Stand neoterisch zeitgerecht neumodisch fortschrittlich neuartig neuzeitlich topaktuell neu modern aktuell heutig up to date von heute zeitgemäß à jour				
Natürlich muß ein neues soziales Aktionsprogramm auch der Entwicklung, beispielsweise auf dem Gebiet der Informationstechnologie, Rechnung tragen, muß <N1>fortschrittlich</N1> und zeitgemäß sein.	Clearly, any future social action programme should take account of developments, for example within information technology, and, in time, become a modern social action programme.					
TRUE						
						
Auch das Europäische Parlament verurteilt in einer Entschließung unter Hinweis auf bestimmte Greueltaten gegen Serben und Roma nachdrücklich die anhaltende Gewalt gegen die serbische Bevölkerung und fordert die Führer der Albaner im Kosovo auf, die <L1>UN-Resolution</L1> 1244 uneingeschränkt zu respektieren.	In its resolution referring to specific atrocities committed against Serbs and Romanies, Parliament also vigorously condemns the continuing violence against the Serb population and calls on the leaders of the Kosovo Albanians to fully respect UN Resolution 1244.					
Auch das Europäische Parlament verurteilt in einer Entschließung unter Hinweis auf bestimmte Greueltaten gegen Serben und Roma nachdrücklich die anhaltende Gewalt gegen die serbische Bevölkerung und fordert die Führer der Albaner im Kosovo auf, den <N1>UN-Beschluss</N1> 1244 uneingeschränkt zu respektieren.	In its resolution referring to specific atrocities committed against Serbs and Romanies, Parliament also vigorously condemns the continuing violence against the Serb population and calls on the leaders of the Kosovo Albanians to fully respect UN Resolution 1244.					
TRUE						
						
Ich glaube, dazu müssen wir auch überlegen, wie wir das in der Öffentlichkeit am besten <L1>präsentieren</L1> können.	I think that we need to consider how we can best present this to the general public.	präsentieren offen zeigen zur Schau stellen herzeigen | zeigen präsentieren darstellen vorzeigen abbilden vorführen demonstrieren vorstellen				
Ich glaube, dazu müssen wir auch überlegen, wie wir das in der Öffentlichkeit am besten <N1>darstellen</N1> können.	I think that we need to consider how we can best present this to the general public.					
TRUE						
						
Sie werden verstehen, daß diese Frage im Rahmen der Regierungskonferenz geprüft werden muß, und sie gehört zu den Themen, bei denen nur ein Sondergipfel des Europäischen Rates den portugiesischen Vorsitz <L1>autorisieren</L1> kann, es weiter zu verfolgen, weil es eine der Fragen ist, die außerhalb des institutionellen Rahmens liegen, in dem die nächste Regierungskonferenz durchgeführt wird.	This is an issue which, as you will understand, will have to be addressed at IGC level and is an issue that only a Special European Council can authorise the Portuguese Presidency to pursue, because this kind of issue falls outside the institutional framework in which the forthcoming Intergovernmental Conference will take place.	bevollmächtigen berechtigen ermächtigen mandatieren autorisieren legitimieren befugen | erlauben zulassen autorisieren gewähren gestatten sanktionieren lassen legalisieren lizenzieren ermöglichen möglich machen bewilligen Möglichkeit schaffen				
Sie werden verstehen, daß diese Frage im Rahmen der Regierungskonferenz geprüft werden muß, und sie gehört zu den Themen, bei denen nur ein Sondergipfel des Europäischen Rates den portugiesischen Vorsitz <N1>ermächtigen</N1> kann, es weiter zu verfolgen, weil es eine der Fragen ist, die außerhalb des institutionellen Rahmens liegen, in dem die nächste Regierungskonferenz durchgeführt wird.	This is an issue which, as you will understand, will have to be addressed at IGC level and is an issue that only a Special European Council can authorise the Portuguese Presidency to pursue, because this kind of issue falls outside the institutional framework in which the forthcoming Intergovernmental Conference will take place.					
TRUE						
						
Einige der Zentren des weltweiten Devisenhandels werden kaum einwilligen, daß die Steuereinnahmen beispielsweise über die <L1>UNO</L1> für gute Zwecke auf der ganzen Welt verwendet werden, ohne daß ihnen ein wesentlicher Teil der Steuererträge verbliebe.	The world' s currency dealing centres will hardly agree to the tax revenue being used, for example, for a variety of well-meaning, UN-backed purposes throughout the world without a considerable amount of the revenue remaining with them.	UN Vereinte Nationen Staatengemeinschaft UNO				
Einige der Zentren des weltweiten Devisenhandels werden kaum einwilligen, daß die Steuereinnahmen beispielsweise über die <N1>UNO</N1> für gute Zwecke auf der ganzen Welt verwendet werden, ohne daß ihnen ein wesentlicher Teil der Steuererträge verbliebe.	The world' s currency dealing centres will hardly agree to the tax revenue being used, for example, for a variety of well-meaning, UN-backed purposes throughout the world without a considerable amount of the revenue remaining with them.					
TRUE						
						
Es kann doch nicht so bleiben, daß Investitionen und die Schaffung von Arbeitsplätzen weniger <L1>lukrativ</L1> sind als kurzfristige Devisen- und Aktienumsätze.	We cannot maintain a situation in which investments and the creation of jobs are less lucrative than short-term sales of foreign currency and shares.	zugkräftig rentabel gewinnbringend lukrativ profitabel einbringlich einträglich ergiebig Gewinn bringend rentierlich ertragreich lohnend renditestark wirtschaftlich nutzbringend vorteilhaft erstrebsam				
Es kann doch nicht so bleiben, daß Investitionen und die Schaffung von Arbeitsplätzen weniger <N1>gewinnbringend</N1> sind als kurzfristige Devisen- und Aktienumsätze.	We cannot maintain a situation in which investments and the creation of jobs are less lucrative than short-term sales of foreign currency and shares.					
TRUE						
						
Die Geschichte hat uns gelehrt, daß die Faschisten nach der Wechselbad-Taktik vorgehen: Zuerst heiß - populistische und fremdenfeindliche Reden - dann kalt - sie werden vorzeigbar, sind in Institutionen vertreten, die sie nach und nach <L1>infiltrieren</L1> und untergraben, um dann eines Tages zuzuschlagen.	History has taught us that Fascists start to blow hot and cold: using heated words first, in populist, xenophobic speeches, and then cool words in order to make themselves acceptable to institutions and to infiltrate them gradually, poisoning them, until the day they start to take action.	durchsetzen sich einschmuggeln sich einschleichen einsickern unterwandern langsam eindringen infiltrieren				
Die Geschichte hat uns gelehrt, daß die Faschisten nach der Wechselbad-Taktik vorgehen: Zuerst heiß - populistische und fremdenfeindliche Reden - dann kalt - sie werden vorzeigbar, sind in Institutionen vertreten, in die sie nach und nach <N1>eindringen</N1> und sie untergraben, um dann eines Tages zuzuschlagen.	History has taught us that Fascists start to blow hot and cold: using heated words first, in populist, xenophobic speeches, and then cool words in order to make themselves acceptable to institutions and to infiltrate them gradually, poisoning them, until the day they start to take action.					
TRUE						
						
Was werden wohl die Bürgerinnen und Bürger sagen, wenn ihnen Rechte feierlich verkündet werden, sie diese aber nicht <L1>individuell</L1> einklagen können?	After all, what will the citizens say if we make a solemn announcement about rights to them but they are unable to take legal action in respect of these rights as individuals?	individuell entsprechend den Wünschen hergerichtet maßgeschneidert zugeschnitten individualisiert angepasst | beispiellos einzigartig unvergleichlich individuell nicht vergleichbar alleinig einzig einzig und allein wie kein zweiter wie nichts sonst unnachahmlich sondergleichen gibt's nur einmal unverwechselbar unikal einmalig ohnegleichen nie gekannt der seinesgleichen sucht sui generis steht allein kommt nicht wieder wie kein anderer singulär | unabhängig abgetrennt geteilt einzeln abgesondert getrennt individuell separat | eigenwillig individuell eigensinnig				
Was werden wohl die Bürgerinnen und Bürger sagen, wenn ihnen Rechte feierlich verkündet werden, sie diese aber nicht <N1>einzeln</N1> einklagen können?	After all, what will the citizens say if we make a solemn announcement about rights to them but they are unable to take legal action in respect of these rights as individuals?					
TRUE						
						
Der frühere Kommissionspräsident Jacques Delors hat den Gedanken der Europäischen Konföderation erneut öffentlich zur Sprache gebracht und dabei auch darauf verwiesen, daß die an der Spitze der Vereinigung stehenden <L0>Avantgarde-Länder</L0> schneller als andere vorankommen und sie der Klarheit halber eigene Institutionen <L1>etablieren</L1> sollten.	The Commission' s former president, Jacques Delors, has once again publicly raised the issue of a European Confederation. He has also said that the countries in the vanguard of integration should be able to proceed faster and that they should have their own institutions, for the sake of clarity.	durchsetzen gründen einrichten aufbauen ins Leben rufen konstituieren etablieren greifen	added 1 loanword			
Der frühere Kommissionspräsident Jacques Delors hat den Gedanken der Europäischen Konföderation erneut öffentlich zur Sprache gebracht und dabei auch darauf verwiesen, daß die an der Spitze der Vereinigung stehenden <N0>Vorreiter-Länder</N0> schneller als andere vorankommen und sie der Klarheit halber eigene Institutionen <N1>einrichten</N1> sollten.	The Commission' s former president, Jacques Delors, has once again publicly raised the issue of a European Confederation. He has also said that the countries in the vanguard of integration should be able to proceed faster and that they should have their own institutions, for the sake of clarity.					
TRUE						
						
Das Hauptproblem liegt darin, daß zum gegenwärtigen Zeitpunkt die Verteilung der Belastung zwischen den verschiedenen Gebern - das ist wahr - in den Erklärungen der <L1>high level steering group</L1> festgelegt ist, aber wahr ist auch, daß sie keine Rechtskraft haben, sondern daß es sich nur um eine politische Verpflichtung handelt.	The fundamental problem is that, at the moment, the distribution of the burden amongst the different donors has been established in the statements of the High Level Steering Group, but it is also true that they have no legal status. This is simply a political commitment.	berauscht überschwänglich enthusiasmiert himmelhoch jauchzend mit strahlenden Augen entflammt angetan rasend vor Begeisterung enthusiastisch voller Begeisterung tobend vor Begeisterung aus dem Häuschen dithyrambisch begeistert glühend vor Begeisterung entzückt wie auf Droge wie von Sinnen hellauf begeistert euphorisch Feuer und Flamme wie im Rausch fasziniert wild begeistert mit glänzenden Augen verzückt gebannt mitgerissen von den Socken hin und weg erregt hingerissen im Überschwang der Gefühle high	extended the tags ... from "high" to "high level steering group"			
Das Hauptproblem liegt darin, daß zum gegenwärtigen Zeitpunkt die Verteilung der Belastung zwischen den verschiedenen Gebern - das ist wahr - in den Erklärungen der <N1>höheren Lenkungsgruppe</N1> festgelegt ist, aber wahr ist auch, daß sie keine Rechtskraft haben, sondern daß es sich nur um eine politische Verpflichtung handelt.	The fundamental problem is that, at the moment, the distribution of the burden amongst the different donors has been established in the statements of the High Level Steering Group, but it is also true that they have no legal status. This is simply a political commitment.					
TRUE						
						
Wenn man erreichen will, daß 50 % oder mehr des Energiemix aus erneuerbaren Energiequellen stammen, darf man sich nicht mit einigen <L1>hot spots</L1> begnügen, die auf kurze Sicht wirtschaftlicher sind.	In order to ensure that at least 50% of the energy mix comes from renewable energy sources, it is not enough to deal with a few hot spots that will be more profitable in the short term.		extended tags again			
Wenn man erreichen will, daß 50 % oder mehr des Energiemix aus erneuerbaren Energiequellen stammen, darf man sich nicht mit einigen <N1>Brennpunkten</N1> begnügen, die auf kurze Sicht wirtschaftlicher sind.	In order to ensure that at least 50% of the energy mix comes from renewable energy sources, it is not enough to deal with a few hot spots that will be more profitable in the short term.					
TRUE						
						
Rückwirkende Rechtsakte sind schlechte Rechtsakte, sie sind <L1>unfair</L1> und häufig undurchführbar.	Retrospective law is bad law, it is unfair law and often it is unworkable law.	nicht in Ordnung nicht fair unfair nicht gerecht nicht okay ungerecht | regelwidrig nicht fair unsportlich unfair				
Rückwirkende Rechtsakte sind schlechte Rechtsakte, sie sind <N1>ungerecht</N1> und häufig undurchführbar.	Retrospective law is bad law, it is unfair law and often it is unworkable law.					
TRUE						
						
Welches sind denn die Werte dieser Sozialisten, die im vorigen Jahrhundert <L1>raffiniert</L1> auf Stimmenfang gingen, indem sie den Ärmsten mehr soziale Gerechtigkeit vorgaukelten, und die heute nur noch die Partei der begünstigten Beamten, der Gewerkschaftsfunktionäre und des Staatskapitalismus sind?	What, then, are the values of these Socialists who feathered their electoral nest in the last century by painting the idea of greater social justice in glowing colours for the benefit of the underprivileged, and who today are nothing more than the party of protected civil servants, full-time union officials and state capitalism?	originell geschickt einfallsreich erfinderisch findig pfiffig clever schlau gescheit raffiniert gewieft aufgeweckt gefitzt ausgeschlafen auf Draht ausgebufft auf Zack helle plietsch gewitzt jenisch alert | durchdacht komplex kompliziert kunstvoll ausgeklügelt raffiniert ausgefeilt vielfältig verflochten feingesponnen fein gesponnen kaum zu durchschauen hochkomplex mit großer Kunstfertigkeit geknüpft mit viel Raffinement | abgebrüht ausgekocht abgefeimt schlau raffiniert durchtrieben verschlagen ausgebufft gerissen es faustdick hinter den Ohren haben gewieft (auch) kein Waisenknabe abgezockt (dem) machst du nichts vor mit allen Wassern gewaschen				
Welches sind denn die Werte dieser Sozialisten, die im vorigen Jahrhundert <N1>durchtrieben</N1> auf Stimmenfang gingen, indem sie den Ärmsten mehr soziale Gerechtigkeit vorgaukelten, und die heute nur noch die Partei der begünstigten Beamten, der Gewerkschaftsfunktionäre und des Staatskapitalismus sind?	What, then, are the values of these Socialists who feathered their electoral nest in the last century by painting the idea of greater social justice in glowing colours for the benefit of the underprivileged, and who today are nothing more than the party of protected civil servants, full-time union officials and state capitalism?					
TRUE						
						
Die Regionen in äußerster Randlage, und vor allem die vier französischen überseeischen Departements, müssen in der Lage sein, eine Koordinierung von INTERREG III und dem EEF vorzunehmen, um in ihren entsprechenden geographischen Zonen Kooperationsprojekte mit ihren AKP-Nachbarn <L1>finanzieren</L1> zu können.	The most remote regions, particularly the four French overseas departments, must be able to coordinate INTERREG III and the EDF in order to fund, in turn, cooperation projects with their ACP neighbours in their respective geographical areas.	bestreiten bezahlen finanzieren				
Die Regionen in äußerster Randlage, und vor allem die vier französischen überseeischen Departements, müssen in der Lage sein, eine Koordinierung von INTERREG III und dem EEF vorzunehmen, um in ihren entsprechenden geographischen Zonen Kooperationsprojekte mit ihren AKP-Nachbarn <N1>bezahlen</N1> zu können.	The most remote regions, particularly the four French overseas departments, must be able to coordinate INTERREG III and the EDF in order to fund, in turn, cooperation projects with their ACP neighbours in their respective geographical areas.					
TRUE						
						
Bitte <L1>demokratisieren</L1> Sie die internationalen Organisationen.	Do please try to make the international organisations democratic.					
Bitte <N1>demokratisieren</N1> Sie die internationalen Organisationen.	Do please try to make the international organisations democratic.					
TRUE						
						
Angst und Unruhe greifen auch in den Regionen um sich, die <L1>prosperieren</L1> und von Arbeitslosigkeit nahezu verschont sind.	We have noted increasing levels of apprehension and disquiet, even within regions where unemployment is quite low and prosperity very high.	florieren gut laufen (gut) vorankommen gedeihen prosperieren sich gut entwickeln gut gehen es geht aufwärts wachsen, blühen und gedeihen wächst, blüht und gedeiht sich erfreulich entwickeln | entwickeln zunehmen wachsen ausprägen gedeihen prosperieren entfalten				
Angst und Unruhe greifen auch in den Regionen um sich, die <N1>gedeihen</N1> und von Arbeitslosigkeit nahezu verschont sind.	We have noted increasing levels of apprehension and disquiet, even within regions where unemployment is quite low and prosperity very high.					
TRUE						
						
Glauben Sie niemals, daß die Reform des Haushalts, die Sie uns vorschlagen, die Beschränkungen des Finanzsystems der Gemeinschaft <L1>kaschieren</L1> wird.	Do not believe for one moment that your proposed reform of the budget will disguise the limitations of the Community financial system.	verbergen verhüllen kaschieren verhehlen dissimulieren verheimlichen | umhüllen tarnen verbergen vernebeln verwischen verhüllen vertuschen zudecken kaschieren unter den Teppich kehren verfälschen verdecken verstecken verschleiern umnebeln | tarnen verbergen kaschieren verstecken maskieren verhehlen verheimlichen den Blicken entziehen camouflieren				
Glauben Sie niemals, daß die Reform des Haushalts, die Sie uns vorschlagen, die Beschränkungen des Finanzsystems der Gemeinschaft <N1>verbergen</N1> wird.	Do not believe for one moment that your proposed reform of the budget will disguise the limitations of the Community financial system.					
TRUE						
						
So schlägt Frau McCarthy die Erhöhung der Mittelausstattung für URBAN und die Bekanntmachung dieser Gemeinschaftsinitiative mittels einer kostspieligen <L1>PR-Kampagne</L1> vor, mit der die Wohltaten des föderalen Europas gepriesen werden sollen.	Mrs McCarthy is therefore suggesting an increase in the funds allocated to URBAN and the promotion of this Community initiative through a costly communication campaign extolling the benefits of a federal Europe.	Werbefeldzug PR-Kampagne Promotion Werbekampagne				
So schlägt Frau McCarthy die Erhöhung der Mittelausstattung für URBAN und die Bekanntmachung dieser Gemeinschaftsinitiative mittels einer kostspieligen <N1>Werbekampagne</N1> vor, mit der die Wohltaten des föderalen Europas gepriesen werden sollen.	Mrs McCarthy is therefore suggesting an increase in the funds allocated to URBAN and the promotion of this Community initiative through a costly communication campaign extolling the benefits of a federal Europe.					
TRUE						
						
Wir haben jedoch den im Landwirtschaftsausschuß angenommenen Berichtsentwurf abgeändert, um bestimmte Punkte zu <L1>präzisieren</L1> und diese Gemeinschaftsinitiative so praxiswirksamer zu gestalten.	However, we amended the draft report adopted by the Committee on Agriculture and Rural Development in order to clarify certain points which will make this Community initiative more effective.	ausführen beibringen vermitteln erklären darlegen erläutern präzisieren rüberbringen darbringen klarmachen konkretisieren verklickern explizieren verklugfiedeln herüberbringen				
Wir haben jedoch den im Landwirtschaftsausschuß angenommenen Berichtsentwurf abgeändert, um bestimmte Punkte zu <N1>genauer zu fassen</N1> und diese Gemeinschaftsinitiative so praxiswirksamer zu gestalten.	However, we amended the draft report adopted by the Committee on Agriculture and Rural Development in order to clarify certain points which will make this Community initiative more effective.					
TRUE						
						
Meine Frage, Herr Kommissar Byrne: Gerade wurde auf der <L1>UN-Konferenz</L1> in Montreal durchgesetzt, daß es im internationalen Handelsverkehr eine Kennzeichnung von genetisch veränderten Organismen geben muß.	My question, Commissioner Byrne is this: the UN conference in Montreal decided that genetically-modified organisms must be labelled for international trade.					
Meine Frage, Herr Kommissar Byrne: Gerade wurde auf der <N1>UN-Zusammenkunft</N1> in Montreal durchgesetzt, daß es im internationalen Handelsverkehr eine Kennzeichnung von genetisch veränderten Organismen geben muß.	My question, Commissioner Byrne is this: the UN conference in Montreal decided that genetically-modified organisms must be labelled for international trade.					
TRUE						
						
Deshalb treten wir seit jeher für ein progressives System der Kostendeckung ein, für ein System, das in sehr starkem Maße die sozialen, umweltpolitischen und wirtschaftlichen Effekte berücksichtigt und dessen Anwendung aufgrund der unterschiedlichen geographischen und klimatischen Bedingungen <L1>variabel</L1> sein sollte.	We have therefore always argued for a progressive system of recuperation of costs. This system should take good account of social, environmental and economic effects, and its implementation should be modulated in accordance with differing geographical and climatic conditions.	beweglich variabel flink behände biegsam gewandt agil flexibel elastisch mobil gelenkig wendig leichtfüßig | mutabel veränderlich fluid veränderbar beweglich variabel variant wandelbar abwandelbar				
Deshalb treten wir seit jeher für ein progressives System der Kostendeckung ein, für ein System, das in sehr starkem Maße die sozialen, umweltpolitischen und wirtschaftlichen Effekte berücksichtigt und dessen Anwendung aufgrund der unterschiedlichen geographischen und klimatischen Bedingungen <N1>abwandelbar</N1> sein sollte.	We have therefore always argued for a progressive system of recuperation of costs. This system should take good account of social, environmental and economic effects, and its implementation should be modulated in accordance with differing geographical and climatic conditions.					
TRUE						
						
Meiner Meinung nach ist es nicht erforderlich, alle nationalen Sozialschutzsysteme zu vereinheitlichen, davon ist nie die Rede gewesen, sondern es geht einfach darum, in einem Europa mit 30 oder 27 Ländern die besten Bedingungen für das Funktionieren des Binnenmarktes zu gewährleisten, ohne daß ein Staat die anderen 26 oder 27 <L1>blockieren</L1> kann.	This has never been the case. We are simply trying to ensure, in a Europe with 30 or 27 Member States, the best conditions for the operation of the internal market without one country being able to block the other 26 or 27.	versperren blockieren verstellen zustellen | blocken behindern abhalten sperren abblocken versperren verhindern abwehren blockieren obstruieren stoppen jemandem entgegentreten hemmen nicht mitspielen Steine in den Weg legen sich querstellen Weg versperren Knüppel zwischen die Beine werfen mauern hindern in den Weg stellen reingrätschen | Versperren Sperren Blockieren				
Meiner Meinung nach ist es nicht erforderlich, alle nationalen Sozialschutzsysteme zu vereinheitlichen, davon ist nie die Rede gewesen, sondern es geht einfach darum, in einem Europa mit 30 oder 27 Ländern die besten Bedingungen für das Funktionieren des Binnenmarktes zu gewährleisten, ohne daß ein Staat die anderen 26 oder 27 <N1>stoppen</N1> kann.	This has never been the case. We are simply trying to ensure, in a Europe with 30 or 27 Member States, the best conditions for the operation of the internal market without one country being able to block the other 26 or 27.					
TRUE						
						
Dies macht mir Sorgen, denn es würde bedeuten, wenn wir einen Text verabschieden, <L1>riskieren</L1> wir ständig, vor der Welthandelsorganisation verklagt zu werden, was darauf hinausläuft, daß die europäische Gesetzgebung im Umweltbereich und insbesondere dieser Vorschlag völlig in Frage gestellt werden.	This worries me because this means that, when adopting texts, we are going to be continually threatened by attack from the World Trade Organisation. This will fundamentally weaken European environmental legislation and particularly this proposal.	gefährden aufs Spiel setzen riskieren				
Dies macht mir Sorgen, denn es würde bedeuten, wenn wir einen Text verabschieden, <N1>laufen wir ständig Gefahr</N1>, vor der Welthandelsorganisation verklagt zu werden, was darauf hinausläuft, daß die europäische Gesetzgebung im Umweltbereich und insbesondere dieser Vorschlag völlig in Frage gestellt werden.	This worries me because this means that, when adopting texts, we are going to be continually threatened by attack from the World Trade Organisation. This will fundamentally weaken European environmental legislation and particularly this proposal.					
TRUE						
						
Wenn wir alle <L1>motivieren</L1> wollen, so muß meiner Meinung nach diese Botschaft von oben nach unten - oder, wenn Sie so wollen, von unten nach oben - über alle Ebenen verbreitet werden.	If we are to be able to motivate everybody, I believe it is extremely important for this message to be sent all the way from the top down or, if you prefer, from the bottom up.	anspornen motivieren beflügeln anregen befruchten bereichern von der Muse geküsst werden begeistern inspirieren | anspornen motivieren ermutigen animieren beflügeln | motivieren animieren veranlassen (dazu) bringen zu jemandem Anlass geben				
Wenn wir alle <N1>anspornen</N1> wollen, so muß meiner Meinung nach diese Botschaft von oben nach unten - oder, wenn Sie so wollen, von unten nach oben - über alle Ebenen verbreitet werden.	If we are to be able to motivate everybody, I believe it is extremely important for this message to be sent all the way from the top down or, if you prefer, from the bottom up.					
TRUE						
						
Ich möchte wissen, ob Sie die Mittel zum jetzigen Zeitpunkt <L1>komplett</L1> stoppen werden, bis eine ordnungsgemäße Untersuchung stattgefunden hat.	I would like to know whether you are going to stop completely the funding at this stage until there is a proper investigation.	der Länge nach total vollumfänglich von A bis Z auf ganzer Linie vollständig gesamt heillos völlig komplett voll und ganz ganz in Gänze exhaustiv | komplett perfekt gültig valide rechtskräftig | generell vollständig gesamt komplett in Gänze in Bausch und Bogen pauschal durchweg hundertprozentig durchwegs einstimmig durchgängig alle, wie sie da sind samt und sonders ausnahmslos restlos alle miteinander alle, wie sie da waren ohne Ausnahme vollzählig durch die Bank in jeder Richtung praktisch alle | komplett ausgebucht nichts mehr frei voll belegt				
Ich möchte wissen, ob Sie die Mittel zum jetzigen Zeitpunkt <N1>vollständig</N1> stoppen werden, bis eine ordnungsgemäße Untersuchung stattgefunden hat.	I would like to know whether you are going to stop completely the funding at this stage until there is a proper investigation.					
TRUE						
						
Mitten im Wahlkampf hielt eine Reihe von Persönlichkeiten, alle von der Regierungspartei, eindeutige Wahlkampfreden, die darüber hinaus <L1>live</L1> im Fernsehen übertragen wurden.	In the middle of an election campaign, a series of authorities, all of them run by the party in government, made clearly electioneering speeches which, furthermore, were broadcast live on television.		one of the most clear loanwords!			
Mitten im Wahlkampf hielt eine Reihe von Persönlichkeiten, alle von der Regierungspartei, eindeutige Wahlkampfreden, die darüber hinaus <N1>zeitgleich</N1> im Fernsehen übertragen wurden.	In the middle of an election campaign, a series of authorities, all of them run by the party in government, made clearly electioneering speeches which, furthermore, were broadcast live on television.					
TRUE						
						
Viele dieser Anträge <L1>basieren</L1> auf den äußerst konstruktiven, informellen Gesprächen, die im Zusammenhang mit der ersten Lesung zwischen Parlament und Rat geführt wurden.	Many of them are based upon the very constructive, informal discussions which have taken place between Parliament and the Council in connection with the first reading.	sich herausbilden sich entwickeln sich einstellen sich ergeben hervorgehen folgen sich herauskristallisieren Form annehmen resultieren sich herleiten basieren Ergebnis sein | gründen aufbauen basieren sich speisen aufsatteln abhangen abhängen fußen beruhen				
Viele dieser Anträge <N1>fußen</N1> auf den äußerst konstruktiven, informellen Gesprächen, die im Zusammenhang mit der ersten Lesung zwischen Parlament und Rat geführt wurden.	Many of them are based upon the very constructive, informal discussions which have taken place between Parliament and the Council in connection with the first reading.					
TRUE						
						
Bekanntlich kommt heute ein erheblicher Teil der Hilfe über die Maßnahmen der Mitgliedstaaten zum Einsatz, die nicht immer <L1>komplementär</L1> und koordiniert ablaufen.	It is widely known that a significant proportion of aid is today granted under the Member States' national policies, which are not always complementary or well coordinated.	komplementär ergänzend supplementär				
Bekanntlich kommt heute ein erheblicher Teil der Hilfe über die Maßnahmen der Mitgliedstaaten zum Einsatz, die nicht immer <N1>unterstützend</N1> und koordiniert ablaufen.	It is widely known that a significant proportion of aid is today granted under the Member States' national policies, which are not always complementary or well coordinated.					
TRUE						
						
In bezug auf die Ergebnisse dieser Bewertungen möchte ich folgende Probleme nennen: In der Gemeinschaftspolitik gibt es zu viele und zu <L1>vage</L1> Zielsetzungen, und dies wirkt sich nachteilig auf die Kohärenz aus.	To focus on the input coming from the evaluations, I would mention the following problems: the objections of Community policy are too numerous and too vague and this adversely affects coherence.	unklar unsauber unscharf schwammig vage unpräzise unspezifisch ungenau wischi-waschi | launig ungefähr wolkig vage unverbindlich blumig unpräzise | undeutlich unklar schemenhaft verschwommen diffus nicht deutlich zu erkennen vage nebelhaft konturlos schleierhaft nebulös nicht klar zu erkennen				
In bezug auf die Ergebnisse dieser Bewertungen möchte ich folgende Probleme nennen: In der Gemeinschaftspolitik gibt es zu viele und zu <N1>schwammige</N1> Zielsetzungen, und dies wirkt sich nachteilig auf die Kohärenz aus.	To focus on the input coming from the evaluations, I would mention the following problems: the objections of Community policy are too numerous and too vague and this adversely affects coherence.					
TRUE						
						
Schon jetzt <L1>repräsentieren</L1> diese Länder 13 % der Menschheit, aber weltweit nur 0,4 % der Ausfuhren und 0,6 % Einfuhren. Oder an den bedauerlichen Umstand, daß die von den reichen Ländern geförderte staatliche Entwicklungshilfe seit 1990 um etwa 23 % zurückgegangen ist.	You only have to realise that the category of  least developed countries  has grown from 25 to 48 countries over the last 30 years, and now represents 13% of the world' s population, yet this category only accounts for 0.4% of world exports and 0.6% of world imports or be aware of the unfortunate fact that official development aid from rich countries has fallen by around 23% since 1990.	zeigen repräsentieren wiedergeben bildlich darstellen darstellen abbilden zur Darstellung bringen | repräsentieren stehen für verkörpern symbolisieren versinnbildlichen der Inbegriff sein | widerspiegeln zurückwerfen repräsentieren spiegeln wiedergeben reflektieren	needed to insert "dar"			
Schon jetzt <N1>stellen</N1> diese Länder 13 % der Menschheit dar, aber weltweit nur 0,4 % der Ausfuhren und 0,6 % Einfuhren. Oder an den bedauerlichen Umstand, daß die von den reichen Ländern geförderte staatliche Entwicklungshilfe seit 1990 um etwa 23 % zurückgegangen ist.	You only have to realise that the category of  least developed countries  has grown from 25 to 48 countries over the last 30 years, and now represents 13% of the world' s population, yet this category only accounts for 0.4% of world exports and 0.6% of world imports or be aware of the unfortunate fact that official development aid from rich countries has fallen by around 23% since 1990.					
TRUE						
						
Ich habe mich noch aus einem anderen Grund der Stimme enthalten: Ich meine, es ist an der Zeit, daß die Institutionen der Europäischen Union aufhören, zu <L1>experimentieren</L1> und nach guten Praktiken für die notwendigen Schritte zu suchen und statt dessen beginnen, den Unionsbürgern konkrete Anhaltspunkte dafür zu geben, was Europa eigentlich sein will.	I also abstained for another reason. I think the time has come for the European institutions to stop experimenting and trying to establish best practices for doing what we should do and begin to give European citizens some firm indication regarding what Europe wants Europe to be.					
Ich habe mich noch aus einem anderen Grund der Stimme enthalten: Ich meine, es ist an der Zeit, daß die Institutionen der Europäischen Union aufhören,  <N1>Versuche zu starten</N1> und nach guten Praktiken für die notwendigen Schritte zu suchen und statt dessen beginnen, den Unionsbürgern konkrete Anhaltspunkte dafür zu geben, was Europa eigentlich sein will.	I also abstained for another reason. I think the time has come for the European institutions to stop experimenting and trying to establish best practices for doing what we should do and begin to give European citizens some firm indication regarding what Europe wants Europe to be.					
TRUE						
						
Ich wende mich gegen eine unwürdige und unmenschliche Organisation, die hunderte Millionen menschlicher Wesen buchstäblich vor Armut <L1>krepieren</L1> läßt, um den Reichtum einer Minderheit zu mehren.	I protest against an ignoble and inhuman organisation which literally condemns hundreds of millions of human beings to a wretched death to enrich a minority.	verrecken Arsch zukneifen krepieren elendig sterben Löffel abgeben hopsgehen abkratzen elendig verrecken abnippeln | krepieren sterben eingehen verenden				
Ich wende mich gegen eine unwürdige und unmenschliche Organisation, die hunderte Millionen menschlicher Wesen buchstäblich vor Armut <N1>verrecken</N1> läßt, um den Reichtum einer Minderheit zu mehren.	I protest against an ignoble and inhuman organisation which literally condemns hundreds of millions of human beings to a wretched death to enrich a minority.					
TRUE						
						
Die Frage bestimmter Organismen für gemeinsame Anlagen in Wertpapieren (OGAW) mag kompliziert sowie technisch und politisch <L1>riskant</L1> erscheinen.	The issue of UCITS may appear difficult, technical and a political minefield.	kühn unsicher gefährlich riskant risikobehaftet gewagt mit einem Risiko verbunden Risiken bergen nicht ungefährlich mit ungewissem Ausgang Risiko bergen heiß mit Risiken verbunden auf dünnem Eis | vermessen riskant risikofreudig waghalsig tolldreist mit Todesverachtung Wer wagt, gewinnt. draufgängerisch tollkühn risikobereit verwegen todesmutig | unsicher kritisch ernst brenzlig bedenklich bedrohlich Besorgnis erregend beunruhigend gefährlich besorgniserregend riskant gefahrenträchtig abenteuerlich				
Die Frage bestimmter Organismen für gemeinsame Anlagen in Wertpapieren (OGAW) mag kompliziert sowie technisch und politisch <N1>gefährlich</N1> erscheinen.	The issue of UCITS may appear difficult, technical and a political minefield.					
TRUE						
						
Abschließend möchte ich erwähnen, daß ein Teil der Kollegen meint, dieser Vorschlag ginge zu weit, während andere der Auffassung sind, ich wäre nicht <L1>liberal</L1> genug.	I just want to conclude by saying that a number of Members of Parliament think that the present proposal goes too far, while others think that I am not sufficiently liberal.	vorurteilsfrei liberal vorurteilslos | libertär freiheitlich liberalistisch liberal freisinnig				
Abschließend möchte ich erwähnen, daß ein Teil der Kollegen meint, dieser Vorschlag ginge zu weit, während andere der Auffassung sind, ich wäre nicht <N1>großzügig</N1> genug.	I just want to conclude by saying that a number of Members of Parliament think that the present proposal goes too far, while others think that I am not sufficiently liberal.					
TRUE						
						
Rechte der inhaftierten Personen; Behörden, die berechtigt sind, Rechtshilfeersuchen zu stellen - sind unserem Eindruck nach etwas <L1>leger</L1> vom Rat behandelt worden.	It would seem to us that the Council has taken the various issues - those of legitimate interceptions, the rights of the defence, the rights of detainees and of the authorities legally empowered to request mutual assistance - a little too lightly.	leger lax locker | leger informell lässig salopp sportlich | leger locker sorglos unbesorgt geschmeidig bequem geruhsam formlos entspannt tiefenentspannt zwanglos unförmlich erholsam ausgeruht unverkrampft chillig relaxed ruhig unbeschwert ungezwungen relaxt gelöst lässig				
Rechte der inhaftierten Personen; Behörden, die berechtigt sind, Rechtshilfeersuchen zu stellen - sind unserem Eindruck nach etwas <N1>locker</N1> vom Rat behandelt worden.	It would seem to us that the Council has taken the various issues - those of legitimate interceptions, the rights of the defence, the rights of detainees and of the authorities legally empowered to request mutual assistance - a little too lightly.					
TRUE						
						
Mehr als 95 % aller mit <L1>HIV</L1> infizierten Personen leben in Entwicklungsländern, und die am schlimmsten betroffene Region in der Welt ist das subsaharische Afrika.	Over 95% of all HIV infected individuals live in the developing countries and sub-Saharan Africa is the worst affected region in the world.	HIV HI-Virus human immunodeficiency virus AIDS-Erreger HIV-Virus Virus der Immunschwächekrankheit	not loanword			
Mehr als 95 % aller mit <N1>HIV</N1> infizierten Personen leben in Entwicklungsländern, und die am schlimmsten betroffene Region in der Welt ist das subsaharische Afrika.	Over 95% of all HIV infected individuals live in the developing countries and sub-Saharan Africa is the worst affected region in the world.					
TRUE						
						
Zweitens ist es auch nicht <L1>fair</L1> gegenüber Arbeitnehmern anderer Unternehmen, in denen ebenfalls reorganisiert wird und Arbeitsplätze wegfallen.	Secondly, this is not fair towards employees of other companies where reorganisations also take place and where it hurts too.	billig fair recht gerechtfertigt gerecht recht und billig | fair ritterlich | anständig sportlich fair | okay vertretbar akzeptabel in Ordnung fair adäquat OK passabel | aufrichtig wahrhaft anständig treu geradeheraus ehrbar lauter fair unverstellt ehrlich treu und brav grundgut redlich kreuzbrav rechtschaffen patent aufrecht veritabel grundehrlich grundanständig				
Zweitens ist es auch nicht <N1>gerecht</N1> gegenüber Arbeitnehmern anderer Unternehmen, in denen ebenfalls reorganisiert wird und Arbeitsplätze wegfallen.	Secondly, this is not fair towards employees of other companies where reorganisations also take place and where it hurts too.					
TRUE						
						
Die Menschenrechte werden dort systematisch und <L1>permanent</L1> verletzt, nicht nur durch die UNITA, sondern auch von der Regierung selbst.	Human rights are being violated consistently and have been for a long period of time, not only by UNITA, but also by the government itself.	ständig unablässig ununterbrochen dauernd ohne Unterbrechung pausenlos permanent beständig andauernd immerfort fortlaufend in einem durch durchgängig durchgehend unterbrechungsfrei die ganze Zeit die ganze Zeit hindurch in einem fort die ganze Zeit über fortgesetzt unverwandt immerzu | permanent durchgehend rund um die Uhr Tag und Nacht 24/24 | ständig permanent ausdauernd hartnäckig dauerhaft nachhaltig langanhaltend beständig persistent | ständig dauernd pausenlos ewig permanent andauernd immerfort				
Die Menschenrechte werden dort systematisch und <N1>unablässig</N1> verletzt, nicht nur durch die UNITA, sondern auch von der Regierung selbst.	Human rights are being violated consistently and have been for a long period of time, not only by UNITA, but also by the government itself.					
TRUE						
						
Die angolanische Regierung muß unverzüglich <L1>UN-Vertreter</L1> zulassen, die vermitteln und über die Menschenrechte berichten können.	The Angolan Government must immediately authorise a substantial UN presence which can mediate and can report on human rights.					
Die angolanische Regierung muß unverzüglich <N1>UN-Vertreter</N1> zulassen, die vermitteln und über die Menschenrechte berichten können.	The Angolan Government must immediately authorise a substantial UN presence which can mediate and can report on human rights.					
TRUE						
						
Darum <L1>plädieren</L1> wir dafür, daß die Journalisten - im vergangenen Jahr wurden mehr als zwanzig inhaftiert - ihre Meinung weiterhin frei äußern können.	The government too is responsible for this continuing violence. This is why we insist that the journalists - more than 20 were imprisoned last year - keep speaking their minds.					
Darum <N1>möchten</N1> wir, daß die Journalisten - im vergangenen Jahr wurden mehr als zwanzig inhaftiert - ihre Meinung weiterhin frei äußern können.	The government too is responsible for this continuing violence. This is why we insist that the journalists - more than 20 were imprisoned last year - keep speaking their minds.					
TRUE						
						
Es ist deshalb sehr beschämend, daß so etwas überhaupt <L1>passieren</L1> kann.	That an accident like this can happen at all is therefore an extremely shameful state of affairs.	ertragen erleiden durchlaufen durchmachen mitmachen überstehen hinnehmen passieren durchhalten verleben erleben durchleben ausstehen zustoßen auf sich wirken lassen in Kauf nehmen einen Streifen mitmachen am eigenen Leib erfahren einstecken miterleben erfahren | vorbeigehen passieren vorübergehen | passieren kommen zu sich ereignen vorfallen erfolgen sich tun sich zutragen sich begeben geschehen nicht ausbleiben ergehen sich abspielen | passieren überschreiten übertreten | durchgehen seihen durchseihen sieben passieren				
Es ist deshalb sehr beschämend, daß so etwas überhaupt <N1>vorkommen</N1> kann.	That an accident like this can happen at all is therefore an extremely shameful state of affairs.					
TRUE						
						
Zweitens möchte ich mit einem <L0>Klischee</L0> aufräumen und dabei von einem augenscheinlichen <L1>Paradoxon</L1> ausgehen, das sich klar aus den Eurostat-<L2>Statistiken</L2> ergibt: die weltweit führenden <L3>Tourismusländer</L3> sind nicht die <L4>traditionell</L4> als <L5>touristisch</L5> geltenden Länder, sondern die entwickelteren Nationen, wo die Lebensqualität der einheimischen Bevölkerung ein ausschlaggebender <L6>Faktor</L6> für die Werbung und für ihre Anziehungskraft ist.	Secondly, I would like to explode a myth, taking as a starting point an apparent paradox, which is clearly highlighted by Eurostat figures: the main international tourist countries are not those traditionally regarded as tourist destinations, but on the contrary the most advanced nations, whose quality of life is one of their main attractions and most heavily promoted features.		added 5 loanwords!			
Zweitens möchte ich mit einer <N0>eingefahrenen Vorstellung</N0> aufräumen und dabei von einem augenscheinlichen <N1>Widerspruch</N1> ausgehen, der sich klar aus den Eurostat-<N2>Datenerhebungen</N2> ergibt: die weltweit führenden <N3>Urlaubsländer</N3> sind nicht die, die <N4>schon seit jeher</N4> als <N5>Urlaubsländer</N5> gelten, sondern die entwickelteren Nationen, wo die Lebensqualität der einheimischen Bevölkerung ein ausschlaggebender <N6>Punkt</N6> für die Werbung und für ihre Anziehungskraft ist.	Secondly, I would like to explode a myth, taking as a starting point an apparent paradox, which is clearly highlighted by Eurostat figures: the main international tourist countries are not those traditionally regarded as tourist destinations, but on the contrary the most advanced nations, whose quality of life is one of their main attractions and most heavily promoted features.					
TRUE						
						
Ich glaube aber auch, daß es in Zukunft notwendig sein wird, den Universaldienst dementsprechend <L1>attraktiv</L1> zu gestalten.	But I also believe that in future we will have to make the universal service sufficiently attractive.	hinreißend schön hold ansehnlich fesch entzückend eine Augenweide wahre Pracht gut aussehend reizend schmuck lieblich herrlich hübsch Wohltat fürs Auge hübsch anzusehen attraktiv allerliebst schön anzusehen wie gemalt liebreizend ein erfreulicher Anblick Blicke auf sich ziehen | hinreißend reizend attraktiv ansprechend verführerisch reizvoll betörend zum Anbeißen gefällig herzig liebenswert anmächelig zauberhaft anlockend anziehend bezaubernd bestrickend verlockend | attraktiv zugkräftig schlagkräftig von Interesse spannend packend faszinierend hochinteressant interessant fesselnd hochspannend Interesse weckend | scharf geil atemraubend atemberaubend reizend attraktiv Blicke auf sich ziehen aufreizend ansprechend Lust machen weiblichen Reize zur Geltung bringen lustvoll heiß wohlgestaltet lasziv aufregend Phantasien auslösen aphrodisierend mit heißen Kurven verführerisch Hormone ankurbelnd erregend erotisierend sinnlich rassig erotisch Männerherzen höher schlagen lassen stimulierend wohlgeformt lecker knackig knusprig reizvoll Hormone in Wallung bringen wohlproportioniert kurvig sexy betörend zum Anbeißen				
Ich glaube aber auch, daß es in Zukunft notwendig sein wird, den Universaldienst dementsprechend <N1>ansprechend</N1> zu gestalten.	But I also believe that in future we will have to make the universal service sufficiently attractive.					
TRUE						
						
Das ist die Verteidigung eines <L0>Territoriums</L0>, die Erhaltung eines Vaterlandes sowie ganz allgemein die Wahrung von Interessen, die als <L1>vital</L1> angesehen werden.	It is the defence of a territory, the protection of a country and in general of interests considered to be vital?	lebendig vital munter lebenskräftig sanguin aktiv in Bewegung nicht kaputt zu kriegen quicklebendig lebhaft quirlig quietschlebendig springlebendig rührig putzmunter tätig rege umtriebig | vital munter agil rüstig unternehmungslustig junggeblieben | essentiell lebenswichtig vital essenziell überlebenswichtig lebensnotwendig wichtig wie die Luft zum Atmen existenziell lebenserhaltend | vital quicklebendig voller Leben gesund und munter	added 1 loanword!			
Das ist die Verteidigung eines <N0>Hoheitsgebietes</N0>, die Erhaltung eines Vaterlandes sowie ganz allgemein die Wahrung von Interessen, die als <N1>unabdingbar</N1> angesehen werden.	It is the defence of a territory, the protection of a country and in general of interests considered to be vital?					
TRUE						
						
Wie Sie wissen, hat sich die irakische Regierung geweigert, der <L1>UNO-Resolution</L1> 1284 beizutreten, was aller Voraussicht nach in den nächsten sechs bis sieben Wochen dazu führen wird, daß den Mitgliedern der <L2>Sonderkommission</L2>, welche die Zerstörung der nuklearen, biologischen und chemischen Waffen <L3>kontrollieren</L3> soll, kein Einreise<L4>visum</L4> erteilt wird.	As you know, the Iraqi Government has refused to abide by United Nations Resolution 1284, and this is likely to lead, within the next six or seven weeks, to a refusal to issue entrance visas to the committee monitoring the destruction of nuclear, biological and chemical weapons.		added 3 loanwords!			
Wie Sie wissen, hat sich die irakische Regierung geweigert, der <N1>UN-Übereinkunft</N1> 1284 beizutreten, was aller Voraussicht nach in den nächsten sechs bis sieben Wochen dazu führen wird, daß den Mitgliedern der <N2>Sondergruppe</N2>, welche die Zerstörung der nuklearen, biologischen und chemischen Waffen <N3>überwachen</N3> soll, keine <N4>Einreiseerlaubnis</N4> erteilt wird.	As you know, the Iraqi Government has refused to abide by United Nations Resolution 1284, and this is likely to lead, within the next six or seven weeks, to a refusal to issue entrance visas to the committee monitoring the destruction of nuclear, biological and chemical weapons.					
TRUE						
						
Der <L1>WWF</L1> berichtet, daß italienischen, französischen und spanischen Zolldienststellen zufolge der illegale Fang von Rotem Thun und die Anlandung von Jungfischen zunehmen.	The WWF reports that, according to Italian, French and Spanish customs authorities, illegal bluefin fishing and landings of small fish are on the increase.	WWF World Wide Fund For Nature	not loanword			
Der <N1>WWF</N1> berichtet, daß italienischen, französischen und spanischen Zolldienststellen zufolge der illegale Fang von Rotem Thun und die Anlandung von Jungfischen zunehmen.	The WWF reports that, according to Italian, French and Spanish customs authorities, illegal bluefin fishing and landings of small fish are on the increase.					
TRUE						
						
Und wir möchten vor allem diese Wirtschaft anklagen, in der ein Unternehmen um zusätzlicher <L0>Profite</L0> willen eine ganze <L1>Region</L1> verseuchen oder durch Betriebsschließungen <L2>ruinieren</L2> kann.	We feel we must condemn, above all, this economy in which, in order to make extra profits, a firm can ruin a region with pollution in the same way that it can ruin a region by closing factories.	ruinieren um Hab und Gut bringen arm machen zum Bettler machen jemandem sein Vermögen nehmen an den Bettelstab bringen zum Bettler werden lassen verarmen lassen Vermögen verlieren | in Trümmer legen zerschlagen zu Kleinholz verarbeiten kurz und klein schlagen entzweischlagen ramponieren hinmachen schrotten in Kleinholz verwandeln zernichten zerstören verwüsten trashen in Schutt und Asche legen zertrümmern kaputt machen zerbrechen demolieren himmeln ruinieren zuschanden machen von Grund auf zerstören destruieren zerhackstückeln niederreißen devastieren kaputtmachen zunichtemachen torpedieren vernichten zerfetzen einschlagen zerschmettern zerdeppern plattmachen einhauen etwas plattmachen zu Kleinholz machen | ruinieren verderben in Verruf bringen zu Grunde richten zugrunde richten | ruinieren zu Grunde richten zugrunde richten (ein Unternehmen) herunterwirtschaften Existenz zerstören an den Bettelstab bringen jemandem den Rest geben jemandem die Existenzgrundlage entziehen | verhunzen verunstalten ruinieren sich verderben | ruinieren zu Grunde richten zugrunde richten zerrütten runterwirtschaften abwirtschaften	added 2 loanwords			
Und wir möchten vor allem diese Wirtschaft anklagen, in der ein Unternehmen um zusätzlicher <N0>Gewinne</N0> willen eine ganze <N1>Gegend</N1> verseuchen oder durch Betriebsschließungen <N2>verarmen lassen</N2> kann.	We feel we must condemn, above all, this economy in which, in order to make extra profits, a firm can ruin a region with pollution in the same way that it can ruin a region by closing factories.					
TRUE						
						
Deshalb wäre es wesentlich vernünftiger zu prüfen, weshalb einige Länder und einige <L0>Regionen</L0> so <L1>miserabel</L1> abschneiden, anstatt zu erklären, wir würden den Vereinigten Staaten erheblich hinterherhinken.	It is then far more sensible to find out why some countries or regions are doing so very badly, rather than saying that we are underperforming compared to the United States.	mies sehr schlecht vernichtend katastrophal saumäßig unterirdisch zum Abgewöhnen unter aller Kanone hundsmiserabel miserabel unter aller Sau grottig lausig grottenschlecht lausig schlecht eine Katastrophe verderblich unheilvoll verheerend desaströs | unglücklich heruntergekommen hoffnungslos armselig arm kläglich erbärmlich beklagenswert miserabel bemitleidenswert bejammernswert erbarmungswürdig Mitleid erregend arm dran bedauernswert letztklassig jammervoll jämmerlich zu bedauern | abgrundtief miserabel entsetzlich abgründig	added 1 loanword			
Deshalb wäre es wesentlich vernünftiger zu prüfen, weshalb einige Länder und einige <N0>Gegenden</N0> so <N1>schlecht</N1> abschneiden, anstatt zu erklären, wir würden den Vereinigten Staaten erheblich hinterherhinken.	It is then far more sensible to find out why some countries or regions are doing so very badly, rather than saying that we are underperforming compared to the United States.					
TRUE						
						
Daraus <L1>resultieren</L1> sowohl die Verantwortung des Marktes als auch die öffentliche Verantwortung.	Therefore, our responsibility is both economic and social.	sich herausbilden sich entwickeln sich einstellen sich ergeben hervorgehen folgen sich herauskristallisieren Form annehmen resultieren sich herleiten basieren Ergebnis sein | resultieren führen zu zur Folge haben münden | sich ergeben herkommen abstammen entspringen stammen resultieren				
Daraus <N1>folgen</N1> sowohl die Verantwortung des Marktes als auch die öffentliche Verantwortung.	Therefore, our responsibility is both economic and social.					
TRUE						
						
Wir wollen aber Europa weder <L1>bürokratisieren</L1> noch zentralisieren.	That said, we do not want to bureaucratise Europe and neither do we want to centralise it.					
Wir wollen aber in Europa weder <N1>mehr starre Verwaltung einführen</N1> noch zentralisieren.	That said, we do not want to bureaucratise Europe and neither do we want to centralise it.					
TRUE						
						
Ich bin nun wirklich nicht sonderlich radikal oder <L1>revolutionär</L1> veranlagt, aber meinen Kollegen schien, daß etwas fehlte und das zu einer Zeit, da wir versuchen, den Bürgern Europa wieder nahezubringen, da wir wollen, daß sie wissen, was wir hier tun.	Now, I am not particularly radical or revolutionary, but it seemed to my colleagues that this process lacked something, especially at a time when we are trying to reconnect Europe with its citizens, when we want them to be clear about what we are doing here.	epochemachend stilbildend revolutionär bahnbrechend umwälzend epochal				
Ich bin nun wirklich nicht sonderlich radikal oder <N1>umstürzerisch</N1> veranlagt, aber meinen Kollegen schien, daß etwas fehlte und das zu einer Zeit, da wir versuchen, den Bürgern Europa wieder nahezubringen, da wir wollen, daß sie wissen, was wir hier tun.	Now, I am not particularly radical or revolutionary, but it seemed to my colleagues that this process lacked something, especially at a time when we are trying to reconnect Europe with its citizens, when we want them to be clear about what we are doing here.					
TRUE						
						
Wenn im Vereinigten Königreich Tag für Tag Landwirte in <L0>Konkurs</L0> gehen, wenn die Selbstmord<L1>rate</L1> unter Landwirten und Landarbeitern so hoch ist wie noch nie, wenn es mit der Wirtschaft in den ländlichen Gebieten Großbritanniens <L2>rapide</L2> abwärts geht, wie soll ich da erklären, daß es besser ist, 300 Mio. Euro für das Kosovo auszugeben?	When farmers are going bankrupt every day in the UK, when the level of suicides amongst farmers and farm-workers has reached unprecedented levels, when the economy of rural Britain is in spiral decline, how can I explain to them that EUR 300 million would be better off spent in Kosovo? In such circumstances, it would be mad to slash the budget to this extent.	zackig munter zeitsparend schleunig flott dalli rapide rasch subito zeitnah schnell geschwind rapid eilig fix in lebhafter Fortbewegungsweise hurtig flink mit Schmackes speditiv mit Karacho behände eilends zügig Zeit sparend flugs unerwartet schnell				
Wenn im Vereinigten Königreich Tag für Tag Landwirte in <N0>die Zahlungsunfähigkeit</N0> gehen, wenn der Selbstmord<N1>anteil</N1> unter Landwirten und Landarbeitern so hoch ist wie noch nie, wenn es mit der Wirtschaft in den ländlichen Gebieten Großbritanniens <N2>schnell</N2> abwärts geht, wie soll ich da erklären, daß es besser ist, 300 Mio. Euro für das Kosovo auszugeben?	When farmers are going bankrupt every day in the UK, when the level of suicides amongst farmers and farm-workers has reached unprecedented levels, when the economy of rural Britain is in spiral decline, how can I explain to them that EUR 300 million would be better off spent in Kosovo? In such circumstances, it would be mad to slash the budget to this extent.					
TRUE						
						
Warum greifen wir beispielsweise nicht den Gedanken auf, daß eine bestimmte Anzahl von Bürgern - sagen wir einmal aus drei verschiedenen EU-Staaten - eine Bürgerinitiative <L1>starten</L1> kann, für die man dann über das Europäische Parlament Kanäle finden könnte?	Why, for example, could we not take up the notion that a certain number of citizens - let us say from three different EU countries - could formulate a citizens' initiative that then could be channelled though the European Parliament?	starten losgehen anheben einsetzen anbrechen entbrennen losbrechen in Gang kommen beginnen anfangen | aufbrechen starten abmarschieren ausrücken Standort verlassen | beginnen etwas antreten etwas anpacken herangehen an sich daranmachen zu durchstarten einleiten anfangen an etwas gehen in Angriff nehmen etwas angreifen einsteigen etwas aufnehmen Startschuss geben loslegen darangehen zu zur Tat schreiten angehen starten anschmeißen anwerfen initiieren etwas anleiern induzieren in Gang bringen entfachen etwas in Gang setzen anheben eröffnen einsteigen in aufnehmen | starten ins Leben rufen initiieren in Gang bringen ankurbeln entstehen lassen in Gang setzen ans Laufen bringen Initiator sein anleiern | starten anfahren in Betrieb nehmen hochfahren in Dienst stellen in Betrieb setzen | anmachen starten anschmeißen anwerfen einschalten anknipsen aktivieren anschalten anstellen anlassen in Gang setzen in Betrieb setzen Startknopf drücken | starten initialisieren anschmeißen anwerfen hochfahren booten urladen | starten abheben sich in die Lüfte erheben				
Warum greifen wir beispielsweise nicht den Gedanken auf, daß eine bestimmte Anzahl von Bürgern - sagen wir einmal aus drei verschiedenen EU-Staaten - eine Bürgerinitiative <N1>beginnen</N1> kann, für die man dann über das Europäische Parlament Kanäle finden könnte?	Why, for example, could we not take up the notion that a certain number of citizens - let us say from three different EU countries - could formulate a citizens' initiative that then could be channelled though the European Parliament?					
TRUE						
						
Meint die Kommission nicht, daß sie sich angesichts der Befürwortung der UN-Resolutionen zur Westsahara durch die EU und der Beunruhigung, die dieser doppeldeutige Brief ausgelöst hat, rasch und im Einvernehmen mit dem Rat <L0>offiziell</L0> beim <L1>UN-Generalsekretär</L1> über den völkerrechtlichen <L2>Status</L2> der Gewässer der Westsahara Gewißheit verschaffen sollte?	Given the EU' s support for UN resolutions on the Western Sahara and the concern generated by the ambiguous content of the letter sent to Mr Galland, does the Commission not think that, as a matter of urgency and in agreement with the Council, it should officially consult the UN Secretary-General regarding a legal definition of the Western Sahara' s waters based on international law?		not loanword, added two loanwords			
Meint die Kommission nicht, daß sie sich angesichts der Befürwortung der UN-Resolutionen zur Westsahara durch die EU und der Beunruhigung, die dieser doppeldeutige Brief ausgelöst hat, rasch und im Einvernehmen mit dem Rat <N0>amtlich</N0> beim <N1>UN-Generalsekretär</N1> über die völkerrechtliche <N2>Stellung</N2> der Gewässer der Westsahara Gewißheit verschaffen sollte?	Given the EU' s support for UN resolutions on the Western Sahara and the concern generated by the ambiguous content of the letter sent to Mr Galland, does the Commission not think that, as a matter of urgency and in agreement with the Council, it should officially consult the UN Secretary-General regarding a legal definition of the Western Sahara' s waters based on international law?					
TRUE						
						
Es kann nicht angehen, daß weiterhin ungehindert <L1>eklatant</L1> gegen grundsätzliche Rechtsvorschriften im Umweltbereich verstoßen wird.	This flagrant violation of our basic environmental laws must not be allowed to continue.	augenfällig offensichtlich offenkundig flagrant eklatant | hervorragend hervorstechend eklatant herausstehend hervorspringend hervorstehend salient				
Es kann nicht angehen, daß weiterhin ungehindert <N1>offensichtlich</N1> gegen grundsätzliche Rechtsvorschriften im Umweltbereich verstoßen wird.	This flagrant violation of our basic environmental laws must not be allowed to continue.					
TRUE						
						
Ich möchte hier nur auf drei eingehen, an denen meine Fraktion aktiv beteiligt war: Die Forderung, gegen Angriffe auf unabhängige Journalisten einzutreten, die Forderung, Militärdienstverweigerer und <L0>Deserteure</L0> zu schützen, und die Forderung, kluge <L1>Sanktionen</L1>, <L2>smart sanctions</L2>, zu entwickeln, die nicht gegen breite Teile der Bevölkerung, sondern gegen die tyrannischen <L3>Chefs</L3> <L4>korrupter</L4> Regierungen gerichtet sind, die sich Vermögen angeeignet haben.	I would like to draw your attention here to just three, regarding which my Group has been active. They are: the need to act when independent journalists are attacked, the need to protect conscientious objectors and deserters, and the need to develop smart sanctions, which do not make conditions wretched for vast sections of the population, but which are targeted at the political tyrants that have amassed riches.	pfiffig clever smart	added 3 loanwords			
Ich möchte hier nur auf drei eingehen, an denen meine Fraktion aktiv beteiligt war: Die Forderung, gegen Angriffe auf unabhängige Journalisten einzutreten, die Forderung, Militärdienstverweigerer und <N0>Fahnenflüchtige</N0> zu schützen, und die Forderung, kluge <N1>Strafen</N1>, <N2>"smart sanctions"</N2>, zu entwickeln, die nicht gegen breite Teile der Bevölkerung, sondern gegen die tyrannischen <N3>Vorsitzenden</N3> <N4>käuflicher</N4> Regierungen gerichtet sind, die sich Vermögen angeeignet haben.	I would like to draw your attention here to just three, regarding which my Group has been active. They are: the need to act when independent journalists are attacked, the need to protect conscientious objectors and deserters, and the need to develop smart sanctions, which do not make conditions wretched for vast sections of the population, but which are targeted at the political tyrants that have amassed riches.					
TRUE						
						
Ich meine, wer über die Menschenrechte in der EU <L1>seriös</L1> <L2>diskutieren</L2> will, sollte tatsächlich auch über die Menschenrechte reden und nicht versuchen, diese wertvollen und guten Berichte zu taktischen innenpolitischen Spielchen zu mißbrauchen.	Anyone who wants to hold a serious discussion on human rights in the EU should talk about human rights and not abuse these valuable and excellent reports for tactical domestic policy games.	ernst zu nehmen seriös nicht von der Hand zu weisen | vertrauenswürdig seriös Vertrauen erweckend vertrauenerweckend | ernst seriös ernsthaft	added 1 loanword			
Ich meine, wer über die Menschenrechte in der EU <N1>in ernsthafter Weise</N1> <N2>sprechen</N2> will, sollte tatsächlich auch über die Menschenrechte reden und nicht versuchen, diese wertvollen und guten Berichte zu taktischen innenpolitischen Spielchen zu mißbrauchen.	Anyone who wants to hold a serious discussion on human rights in the EU should talk about human rights and not abuse these valuable and excellent reports for tactical domestic policy games.					
TRUE						
						
Wir werden auch prüfen, wie wir diese Maßnahmen noch <L1>intensivieren</L1> können.	We are also open to opportunities for strengthening them.	stützen stärken intensivieren ankurbeln verstärken untermauern vertiefen				
Wir werden auch prüfen, wie wir diese Maßnahmen noch <N1>verstärken</N1> können.	We are also open to opportunities for strengthening them.					
TRUE						
						
Zur Geschäftsordnung hat der <L0>Kollege</L0> Pirker nicht gesprochen, sondern, <L1>clever</L1> wie er ist, hat er unter dem Deckmantel eines Antrags zur Geschäftsordnung eine kleine Rede von zweieinhalb Minuten gehalten, was man ihm als Österreicher, der zudem aus Kärnten kommt, nachsehen muß.	Clever as he is, he has taken cover under a point of order to give a short, two-and-a-half minute speech as to what we must forgive him for as an Austrian who also comes from Carinthia.	pfiffig clever smart | tückisch heimtückisch pfiffig listig clever gerissen hinterlistig schlau verschlagen durchtrieben | originell geschickt einfallsreich erfinderisch findig pfiffig clever schlau gescheit raffiniert gewieft aufgeweckt gefitzt ausgeschlafen auf Draht ausgebufft auf Zack helle plietsch gewitzt jenisch alert	added 1 loanword			
Zur Geschäftsordnung hat der <N0>Amtsgenosse</N0> Pirker nicht gesprochen, sondern, <N1>schlau</N1> wie er ist, hat er unter dem Deckmantel eines Antrags zur Geschäftsordnung eine kleine Rede von zweieinhalb Minuten gehalten, was man ihm als Österreicher, der zudem aus Kärnten kommt, nachsehen muß.	Clever as he is, he has taken cover under a point of order to give a short, two-and-a-half minute speech as to what we must forgive him for as an Austrian who also comes from Carinthia.					
TRUE						
						
Sie sind sogar sehr unterschiedlich und müssen <L1>separat</L1> behandelt werden.	They are quite different and must be dealt with quite separately.	getrennt separat extra gesondert | abgeschlossen separat | unabhängig abgetrennt geteilt einzeln abgesondert getrennt individuell separat				
Sie sind sogar sehr unterschiedlich und müssen <N1>getrennt</N1> behandelt werden.	They are quite different and must be dealt with quite separately.					
TRUE						
						
Wie <L1>kreieren</L1> wir neue Märkte?	How can we create new markets?	realisieren entwerfen schaffen entwickeln gestalten anfertigen schöpfen formen hervorbringen erstellen erzeugen kreieren produzieren erschaffen				
Wie <N1>schaffen</N1> wir neue Märkte?	How can we create new markets?					
TRUE						
						
Außerdem ist die demokratische <L0>Kontrolle</L0> über die nationalen Geheimdienste in jedem Fall <L1>primär</L1> eine Sache der nationalen Parlamente.	Furthermore, the democratic oversight of national intelligence services is, in any case, primarily a matter for national parliaments.	überwiegend größtenteils vorwiegend vor allem vorrangig primär hauptsächlich insbesondere in der Hauptsache schwerpunktmäßig vor allen Dingen | erst einmal zuvörderst zuallererst zuerst erstmal an erster Stelle in erster Linie vor allem vorrangig primär zunächst | dringend essentiell essenziell drastisch bedeutend wesentlich wichtig grundlegend prinzipiell primär heftig fundamental substanziell eminent von essentieller Bedeutung von essenzieller Bedeutung elementar von elementarer Bedeutung basal von grundlegender Bedeutung vehement resolut ins Gewicht fallend	added 1 loanword			
Außerdem ist die demokratische <N0>Überwachung</N0> der nationalen Geheimdienste in jedem Fall <N1>vorrangig</N1> eine Sache der nationalen Parlamente.	Furthermore, the democratic oversight of national intelligence services is, in any case, primarily a matter for national parliaments.					
TRUE						
						
Die polizeilichen Gegenstrategien, die dafür notwendig sind, verbleiben jedoch immer noch <L1>prioritär</L1> im nationalstaatlichen Zuständigkeitsbereich.	However, the police counter-strategies needed still mainly come within the jurisdiction of the nation states.	vorrangig prioritär mit Priorität | wesentlich wichtig prioritär oben auf der Prioritätenliste hat Vorfahrt steht im Vordergrund				
Die polizeilichen Gegenstrategien, die dafür notwendig sind, verbleiben jedoch immer noch <N1>vorrangig</N1> im nationalstaatlichen Zuständigkeitsbereich.	However, the police counter-strategies needed still mainly come within the jurisdiction of the nation states.					
TRUE						
						
Erstens: die Schaffung besserer internationaler Normen im Rahmen der ICAO, die Zusammenarbeit in dieser Organisation, um ein gemeinsames Ziel zu erreichen, nämlich die weitere Senkung des Lärms auf den Flughäfen und somit eine geringere Lärmbelastung durch die Anwendung modernster Technologien mit einer Frist für das <L1>phasing out</L1> der lärmintensivsten Flugzeuge durch die Errichtung eines Kapitels 4.	Firstly, we are going to seek higher international standards within the framework of the ICAO, we are going to cooperate within the ICAO and we are going to seek a common objective, which will be to reduce noise at airports even further and thereby achieve lower noise levels, by applying more modern technologies, with a phasing out period for the most noisy aircraft with the establishment of a chapter 4.	abgegriffen abgedroschen überkommen überholt veraltet hat seine Zeit gehabt passé vernutzt altmodisch nostalgisch hat seine Zeit hinter sich abgenudelt out längst vergessen geglaubt veraltend nicht mehr angesagt Schnee von gestern obsolet abgelutscht | überholt veraltet antiquiert passé altmodisch out nicht mehr angesagt Schnee von gestern abgelutscht ausgelutscht unmodern vorbei altbacken ausgedient haben aus der Mode anachronistisch uncool hat seine Chance gehabt zum alten Eisen gehörend war mal. hat seine besten Zeiten hinter sich Vergangenheit sein nicht mehr zeitgemäß damit lockt man keinen Hund mehr hinter dem Ofen hervor nicht mehr aktuell nicht mehr auf der Höhe der Zeit unzeitgemäß Die Zeiten sind vorbei nicht mehr Stand der Technik gute alte der Vergangenheit angehören gehört entsorgt nicht mehr State of the Art Old School abgemeldet nicht mehr in Mode vorsintflutlich nicht mehr up to date hatte seine Chance hat sich erledigt	extended tags: out -> phasing out			
Erstens: die Schaffung besserer internationaler Normen im Rahmen der ICAO, die Zusammenarbeit in dieser Organisation, um ein gemeinsames Ziel zu erreichen, nämlich die weitere Senkung des Lärms auf den Flughäfen und somit eine geringere Lärmbelastung durch die Anwendung modernster Technologien mit einer Frist für <N1>die Außerdienststellung</N1> der lärmintensivsten Flugzeuge durch die Errichtung eines Kapitels 4.	Firstly, we are going to seek higher international standards within the framework of the ICAO, we are going to cooperate within the ICAO and we are going to seek a common objective, which will be to reduce noise at airports even further and thereby achieve lower noise levels, by applying more modern technologies, with a phasing out period for the most noisy aircraft with the establishment of a chapter 4.					
TRUE						
						
Dabei könnte die EU unverzüglich konkrete und wirksame Maßnahmen beispielsweise in der Schuldenfrage oder hinsichtlich des Technologie<L0>transfers</L0> ergreifen, wo allerdings nur Unentschlossenheit und <L1>Ineffizienz</L1> zu <L2>konstatieren</L2> sind.	It could, on the other hand, be adopting direct, specific and effective measures on issues such as debt or technology transfer, where we see hesitancy and a lack of effectiveness.	feststellen festsetzen konstatieren festlegen | sehen aufklären erkennen feststellen entdecken konstatieren festmachen ausmachen verorten aufdecken eruieren auf die Spur kommen auf die Schliche kommen identifizieren detektieren ausfindig machen zutage fördern herausfinden zu Tage fördern ermitteln				added 2 loanwords
Dabei könnte die EU unverzüglich konkrete und wirksame Maßnahmen beispielsweise in der Schuldenfrage oder hinsichtlich des Technologie<N0>austauschs</N0> ergreifen, wo allerdings nur Unentschlossenheit und <N1>Langsamkeit</N1> <N2>festzustellen</N2> sind.	It could, on the other hand, be adopting direct, specific and effective measures on issues such as debt or technology transfer, where we see hesitancy and a lack of effectiveness.					
TRUE						
						
Die Rolle der <L1>NGO</L1> ist dabei ausdrücklich zu betonen.	The role of NGOs is particularly important in this context.	Nichtregierungsorganisation NGO nichtstaatliche Organisation				
Die Rolle der <N1>NRO</N1> ist dabei ausdrücklich zu betonen.	The role of NGOs is particularly important in this context.					
TRUE						
						
Dementsprechend ist die Fraktion Union für das Europa der Nationen auch dagegen, die 5,5 Mrd. Euro für die Balkanregion über eine Erhöhung der Obergrenze der Außenausgaben Europas und über eine Senkung der Obergrenzen in der Rubrik Landwirtschaft zu finanzieren. Wir sind gegen das <L1>perfide</L1> Argument, wonach diese Mittel nicht aus der Rubrik Landwirtschaft stammen, sondern aus den zusätzlichen Spielräumen für 2001 und 2002.	The Union for a Europe of Nations Group is equally opposed, out of concern for consistency, to any annual financing of the EUR 5.5 billion sought for the Balkans by increasing the ceiling on external expenditure by Europe and lowering the ceilings for the agricultural headings, on the deceitful pretext that the appropriations would not be taken from agriculture, but that it would be appropriate to release margins for 2001 and 2002.	bösartig übel mies garstig gemein boshaft gehässig böse tückisch arglistig verabscheuungswürdig verabscheuenswert unbarmherzig niederträchtig über Leichen gehend hundsgemein verwerflich ruchlos perfide fies verrucht infam schuftig intrigant abgefeimt hundig | meuchlings heimtückisch hinterhältig trickreich niederträchtig verräterisch perfide intrigant hinterlistig verschlagen hinterfotzig perfid hintertrieben				
Dementsprechend ist die Fraktion Union für das Europa der Nationen auch dagegen, die 5,5 Mrd. Euro für die Balkanregion über eine Erhöhung der Obergrenze der Außenausgaben Europas und über eine Senkung der Obergrenzen in der Rubrik Landwirtschaft zu finanzieren. Wir sind gegen das <N1>hinterhältige</N1> Argument, wonach diese Mittel nicht aus der Rubrik Landwirtschaft stammen, sondern aus den zusätzlichen Spielräumen für 2001 und 2002.	The Union for a Europe of Nations Group is equally opposed, out of concern for consistency, to any annual financing of the EUR 5.5 billion sought for the Balkans by increasing the ceiling on external expenditure by Europe and lowering the ceilings for the agricultural headings, on the deceitful pretext that the appropriations would not be taken from agriculture, but that it would be appropriate to release margins for 2001 and 2002.					
TRUE						
						
Ist es da verwunderlich, daß einige Menschen, die im besten Fall psychologisch anfällig sind und im schlimmsten Fall ganz bewußt <L1>kriminell</L1> handeln, jede Orientierung verlieren und sich nicht nur aufgrund der geographischen Entfernung oder der kulturellen Unterschiede, sondern auch, weil in ihrem eigenen Land diese Wertbezüge verloren gehen, verwerfliche Taten begehen?	We can hardly be surprised that certain individuals, at best psychologically weak, at worst deliberately criminal, lose all their moral principles and commit reprehensible acts not because of any geographic remoteness or cultural difference, but because, in their own countries, those moral principles have disintegrated.	kriminell verbrecherisch straffällig delinquent auf der schiefen Bahn | schwarz gesetzwidrig unberechtigt ungenehmigt unzulässig unautorisiert krumm illegal widerrechtlich ungesetzlich kriminell gesetzeswidrig rechtswidrig untersagt unrechtmäßig nicht erlaubt verboten unerlaubt | illegal ungesetzlich kriminell rechtswidrig verbrecherisch mafiös sträflich				
Ist es da verwunderlich, daß einige Menschen, die im besten Fall psychologisch anfällig sind und im schlimmsten Fall ganz bewußt <N1>verbrecherisch</N1> handeln, jede Orientierung verlieren und sich nicht nur aufgrund der geographischen Entfernung oder der kulturellen Unterschiede, sondern auch, weil in ihrem eigenen Land diese Wertbezüge verloren gehen, verwerfliche Taten begehen?	We can hardly be surprised that certain individuals, at best psychologically weak, at worst deliberately criminal, lose all their moral principles and commit reprehensible acts not because of any geographic remoteness or cultural difference, but because, in their own countries, those moral principles have disintegrated.					
TRUE						
						
Es besteht die Gefahr, daß Kinder im Internet <L1>surfen</L1> und selbst auf pornographische Bilder ihresgleichen stoßen und dadurch psychische Schäden davontragen.	There is the danger that children themselves may surf the Internet and come across pornographic images of their peers, thereby sustaining psychological damage.	browsen einen Webbrowser benutzen surfen | Surfing Wellenreiten Surfen				
Es besteht die Gefahr, daß Kinder das Internet <N1>benutzen</N1> und selbst auf pornographische Bilder ihresgleichen stoßen und dadurch psychische Schäden davontragen.	There is the danger that children themselves may surf the Internet and come across pornographic images of their peers, thereby sustaining psychological damage.					
TRUE						
						
Ich bin der Auffassung, daß der <L0>Fonds</L0> Maßnahmen zur <L1>Information</L1> der Öffentlichkeit über die Politik und Praxis der Mitgliedstaaten in bezug auf Flüchtlinge, Asylsuchende und andere <L2>temporär</L2> geschützte Personen <L3>finanzieren</L3> sollte.	I am of the opinion that the Fund should finance measures to inform the public concerning the policy and practice of the Member States with regard to refugees, asylum seekers and other temporarily protected persons.	zeitweilig nicht dauerhaft vorübergehend nicht auf Dauer zur Überbrückung nicht für immer für eine Übergangszeit kurzzeitig für eine Weile übergangsweise transient nicht von Dauer zeitlich begrenzt für den Übergang eine Zeit lang nicht für die Ewigkeit keine endgültige Lösung temporär	added 3 loanwords			
Ich bin der Auffassung, daß der <N0>Vermögensschatz</N0> Maßnahmen zur <N1>Unterrichtung</N1> der Öffentlichkeit über die Politik und Praxis der Mitgliedstaaten in bezug auf Flüchtlinge, Asylsuchende und andere <N2>zeitlich</N2> geschützte Personen <N3>bezahlen</N3> sollte.	I am of the opinion that the Fund should finance measures to inform the public concerning the policy and practice of the Member States with regard to refugees, asylum seekers and other temporarily protected persons.					
TRUE						
						
Ich möchte dem Berichterstatter für die gründliche Arbeit danken. Bei der Erarbeitung des Berichts wurde meiner Ansicht nach aber zu <L1>pedantisch</L1> vorgegangen und das Vorsorgeprinzip überbetont.	Mr President, Commissioner, ladies and gentlemen, I wish to thank the rapporteur for his thorough work but, in my opinion, the preparatory work has been carried out far too meticulously, with too much weight given to the precautionary principle.	kleinlich kleinkariert peinlich genau akribisch minuziös penibel minutiös detailversessen detailbesessen überpenibel pedantisch päpstlicher als der Papst hyperkorrekt übergenau buchhalterisch perfektionistisch pingelig detailverliebt	added 1 loanword			
Ich möchte dem Berichterstatter für die gründliche Arbeit danken. Bei der Erarbeitung des Berichts wurde meiner Ansicht nach aber zu <N1>kleinlich</N1> vorgegangen und der <N2>Vorsorgegrundsatz</N2> überbetont.	Mr President, Commissioner, ladies and gentlemen, I wish to thank the rapporteur for his thorough work but, in my opinion, the preparatory work has been carried out far too meticulously, with too much weight given to the precautionary principle.					
TRUE						
						
Pflanzen und Tiere sind keine <L0>Produktions</L0>faktoren, die sich so einfach <L1>manipulieren</L1> lassen.	Plants and animals are not production factors which can simply be manipulated.	frisieren verfälschen manipulieren klittern fälschen faken schönen | vertuschen zudecken verdecken verschleiern verheimlichen verschweigen in die Irre führen etwas unter den Teppich kehren manipulieren Nebelkerzen werfen jemandem Sand in die Augen streuen | etwas vorgeben vortäuschen einseifen manipulieren Nebelkerzen werfen so tun als ob einnebeln auftischen Floh ins Ohr setzen Bären aufbinden suggerieren (jemanden von etwas) zu überzeugen versuchen vormachen hinwegtäuschen über einreden Köpfe vernebeln (jemanden etwas) glauben machen jemandem Sand in die Augen streuen weismachen Augenwischerei betreiben einflüstern | beherrschen verändern beeinflussen lenken manipulieren steuern	added 1 loanword			
Pflanzen und Tiere sind keine <N0>Herstellungsfaktoren</N0>, die sich so einfach <N1>verfälschen</N1> lassen.	Plants and animals are not production factors which can simply be manipulated.					
TRUE						
						
Wenn wir in der EU den Einsatz gentechnisch veränderter Organismen erschweren oder gar <L0>blockieren</L0>, <L1>manövrieren</L1> wir uns in diesem wichtigen Bereich endgültig ins Abseits.	If we in the EU hamper or even block the use of genetically modified organisms, we shall be manoeuvring ourselves into a backwater in this important area.	führen navigieren leiten regieren bugsieren lotsen dirigieren schleusen geleiten manövrieren | führen leiten kontrollieren regieren dirigieren manövrieren lenken Weichen stellen steuern	added 1 loanword			
Wenn wir in der EU den Einsatz gentechnisch veränderter Organismen erschweren oder gar <N0>verhindern</N0>, <N1>bewegen</N1> wir uns in diesem wichtigen Bereich endgültig ins Abseits.	If we in the EU hamper or even block the use of genetically modified organisms, we shall be manoeuvring ourselves into a backwater in this important area.					
TRUE						
						
Im übrigen wird in den Schlußfolgerungen der Ratspräsidentschaft ja kühn erklärt, gefragt sei die Verbesserung der Beschäftigungsfähigkeit , und getreu dieser Logik werden sowohl die Informationsgesellschaft als auch die Bildung <L1>ungeniert</L1> als Werkzeuge zum Ausbau der Teilzeitbeschäftigung, der <L2>Tele</L2>arbeit und der Heimarbeit benutzt.	Besides, the Presidency' s conclusions boldly state that the aim is 'improved employability' and both the information society and education are dragged along in chains to serve that rationale as tools to support part-time work, tele-employment and piecework employment.	unbekümmert vorlaut zwanglos ungezwungen schamlos frech kess keck vorwitzig ungeniert schmerzfrei locker-flockig locker vom Hocker ohne falsche Scham | schamlos ohne Bedenken ungeniert ohne Hemmungen | unverdrossen fröhlich ungeniert einfach weiter lustig munter einfach nicht aufhören zu | schlankweg spontan einfach so umstandslos ohne viel Federlesens bedenkenlos ohne langes Überlegen ohne Umschweife ungeniert ohne weiteres ohne Weiteres a limine mir nichts dir nichts kurzentschlossen ohne viel Aufhebens kurz entschlossen ohne lange zu fackeln ohne Wenn und Aber brevi manu ohne Zögern vom Fleck weg unbesehen ohne lange zu überlegen kurzerhand ohne zu fragen ohne zu zögern kurzweg ohneweiters kurz und schmerzlos | ungeziert ungeniert	added 1 loanword			
Im übrigen wird in den Schlußfolgerungen der Ratspräsidentschaft ja kühn erklärt, gefragt sei die Verbesserung der Beschäftigungsfähigkeit , und getreu dieser Logik werden sowohl die Informationsgesellschaft als auch die Bildung <N1>schamlos</N1> als Werkzeuge zum Ausbau der Teilzeitbeschäftigung, der <N2>Fern</N2>arbeit und der Heimarbeit benutzt.	Besides, the Presidency' s conclusions boldly state that the aim is 'improved employability' and both the information society and education are dragged along in chains to serve that rationale as tools to support part-time work, tele-employment and piecework employment.					
TRUE						
						
Zweitens <L1>reservieren</L1> sich die bevölkerungsreichen Mitgliedstaaten den Löwenanteil.	Secondly, Member States with a large population get more than their fair share.	bestellen buchen blocken vorbestellen vormerken reservieren sich freihalten lassen widmen zuteilen hinterlegen zusichern belegen vorbehalten zurückhalten zurücklegen auf die Seite legen beiseitelegen zuweisen allozieren				
Zweitens <N1>beanspruchen</N1> die bevölkerungsreichen Mitgliedstaaten den Löwenanteil.	Secondly, Member States with a large population get more than their fair share.					
TRUE						
						
Dennis Halliday, der aus <L0>Protest</L0> gegen die <L1>Sanktionen</L1> von seinem <L2>Posten</L2> als <L3>Direktor</L3> der humanitären <L4>UN-Mission</L4> im Irak zurückgetreten ist, bestätigte die UNICEF-<L5>Statistik</L5>, daß monatlich fünf- bis sechstausend Kinder als eine direkte Folge von <L3>Sanktionen</L3> sterben.	Denis Halliday, who resigned his position as Director of the UN Humanitarian Mission in Iraq in protest at the sanctions, confirmed the UNICEF statistics that 5 000 to 6 000 children die every month as a direct result of sanctions.		added 5 loanwords			
Dennis Halliday, der aus <N0>Einspruch</N0> gegen die <N1>Strafen</N1> von seinem <N2>Amt</N2> als <N3>Leitender</N3> des humanitären <N4>UN-Auftrags</N4> im Irak zurückgetreten ist, bestätigte die UNICEF-<N5>Datenerhebung</N5>, daß monatlich fünf- bis sechstausend Kinder als eine direkte Folge von Sanktionen sterben.	Denis Halliday, who resigned his position as Director of the UN Humanitarian Mission in Iraq in protest at the sanctions, confirmed the UNICEF statistics that 5 000 to 6 000 children die every month as a direct result of sanctions.					
TRUE						
						
Wir müssen außerdem die Bombardierungen ansprechen, die ohne <L1>UN-Mandat</L1> stattfinden.	We also have to address the bombings that are taking place without any UN mandate.					
Wir müssen außerdem die Bombardierungen ansprechen, die ohne <N1>UN-Auftrag</N1> stattfinden.	We also have to address the bombings that are taking place without any UN mandate.					
TRUE						
						
<L1>UNICEF</L1> spricht von etwa einer halben Million Kinder, die infolge dieses Embargos seit neun Jahren umgekommen sind, und zwar ohne daß die <L2>zivilisierte</L2> Gemeinschaft die geringste <L3>Notiz</L3> davon nahm.	UNICEF estimates that half a million children have died as a result of nine years of sanctions, to the utter indifference of the civilised world.	Kinderhilfswerk der Vereinten Nationen Weltkinderhilfswerk UNICEF	added 2 loanwords			
<N1>UNICEF</N1> spricht von etwa einer halben Million Kinder, die infolge dieses Embargos seit neun Jahren umgekommen sind, und zwar ohne daß die <N2>bürgerliche</N2> Gemeinschaft die geringste <N3>Kenntnis</N3> davon nahm.	UNICEF estimates that half a million children have died as a result of nine years of sanctions, to the utter indifference of the civilised world.					
TRUE						
						
Landreformen sind eines der wichtigsten Dinge im ganzen südlichen Afrika. Darum ist es gerade so <L1>banal</L1> zu sehen, daß dies von Mugabe, wie er es auch bei vorangegangenen Wahlen getan hat, wieder kurz vor den Wahlen mißbraucht wird.	Land reform is one of the most important issues throughout southern Africa, so it is therefore not surprising to see that it is again being exploited by Mugabe to his advantage, just prior to the elections, exactly as he has done in previous elections.	schlicht banal simpel | schlicht einfach banal ordinär gewöhnlich stinknormal überall vorhanden nichts Besonderes schnöde gibt's im Überfluss mittelprächtig normal mittelmäßig profan alltäglich gemein handelsüblich durchschnittlich Plain Vanilla | nichtssagend billig leer witzlos wohlfeil beliebig geistlos trivial oberflächlich platt inhaltsleer seicht flau ohne Aussage abgedroschen banal abgeschmackt schal nichts sagend hohl				
Landreformen sind eines der wichtigsten Dinge im ganzen südlichen Afrika. Darum ist es gerade so <N1>ernüchternd</N1> zu sehen, daß dies von Mugabe, wie er es auch bei vorangegangenen Wahlen getan hat, wieder kurz vor den Wahlen mißbraucht wird.	Land reform is one of the most important issues throughout southern Africa, so it is therefore not surprising to see that it is again being exploited by Mugabe to his advantage, just prior to the elections, exactly as he has done in previous elections.					
TRUE						
						
Es kommt ja nicht oft vor, daß wir dringliche Angelegenheiten besprechen, die Veränderungen zum Besseren bewirken könnten, denn eigentlich sind wir sehr <L1>reaktionär</L1> und <L2>diskutieren</L2> ständig über Dinge, auf die wir keinen Einfluß haben.	It is not often that we discuss urgencies that might be able to change something for the better. We are always very reactionary and talk about things that we really cannot affect.	reaktionär rückwärtsgewandt ewig gestrig unfortschrittlich rückschrittlich restaurativ	added 1 loanword			
Es kommt ja nicht oft vor, daß wir dringliche Angelegenheiten besprechen, die Veränderungen zum Besseren bewirken könnten, denn eigentlich sind wir sehr <N1>forschrittsfeindlich</N1> und <N2>sprechen</N2> ständig über Dinge, auf die wir keinen Einfluß haben.	It is not often that we discuss urgencies that might be able to change something for the better. We are always very reactionary and talk about things that we really cannot affect.					
TRUE						
						
Die <L0>Delegation</L0> der Kommission muß hinreichend ausgestattet sein, um dies selbständig und <L1>professionell</L1> tun zu können.	The Commission delegation must be sufficiently equipped to be able to do this independently and to a professional standard.	beruflich professionell | professionell fachgemäß fachgerecht fachmännisch Gelernt ist gelernt. vom Fach | erfahren bewandert professionell beschlagen qualifiziert kompetent fachkundig kundig hat Ahnung kenntnisreich kennt sich aus sachverständig sachkundig	added 1 loanword			
Die <N0>Abgesandten</N0> der Kommission müssen hinreichend ausgestattet sein, um dies selbständig und <N1>ordentlich</N1> tun zu können.	The Commission delegation must be sufficiently equipped to be able to do this independently and to a professional standard.					
TRUE						
						
Wir hatten eine solche Summe vorgeschlagen, um die genehmigten Mittel effizienter und nutzbringender einzusetzen und strategische Ziele <L1>anvisieren</L1> zu können, anstatt sich mit den Details einzelner Projekte zu beschäftigen.	We proposed such a level in order to use the committed resources in a more efficient and useful way and to deal with strategic issues rather than the details of individual projects.	anpeilen etwas in den Blick nehmen es abgesehen haben auf willens sein beabsichtigen etwas fixieren erstreben hinter etwas her sein streben nach sich konzentrieren anvisieren (erreichen) wollen anstreben ringen um bezwecken es anlegen auf alles tun, um zu sich auf die Fahnen geschrieben haben darauf aus sein abzielen vorhaben gewillt sein intendieren zum Ziel setzen hinarbeiten trachten nach in den Kopf setzen (zu tun) gedenken im Sinne haben fest vornehmen | in den Blick nehmen anvisieren fokussieren in den Fokus nehmen sich konzentrieren auf in den Mittelpunkt stellen Fokus richten auf				
Wir hatten eine solche Summe vorgeschlagen, um die genehmigten Mittel effizienter und nutzbringender einzusetzen und strategische Ziele <N1>ins Auge nehmen</N1> zu können, anstatt sich mit den Details einzelner Projekte zu beschäftigen.	We proposed such a level in order to use the committed resources in a more efficient and useful way and to deal with strategic issues rather than the details of individual projects.					
TRUE						
						
Der Reformplan von Herrn Kinnock ist <L1>visionär</L1> und realistisch.	Mr Kinnock' s reform plan is, on the whole, both visionary and realistic.	vorausahnend visionär vorahnend ahnungsvoll | visionär richtungsweisend zukunftsweisend bahnbrechend seiner Zeit voraus wegweisend | visionär realitätsfern utopisch nur in der Phantasie möglich über den Wolken schweben unrealistisch realitätsfremd wirklichkeitsfremd nur in der Fantasie möglich unerfüllbar				
Der Reformplan von Herrn Kinnock ist <N1>zukunftsweisend</N1> und <N2>an der WIrklichkeit orientiert</N2>.	Mr Kinnock' s reform plan is, on the whole, both visionary and realistic.					
TRUE						
						
Die Sonntagsarbeit hat uns vor allem deshalb vor große Probleme gestellt, weil die Kommission früher etwas zu <L1>nonchalant</L1> über dieses <L2>komplizierte</L2> Thema hinweggegangen ist.	This was a major obstacle for us, mainly because the Commission had skirted this thorny issue a little too easily in the past.	unbekümmert nonchalant salopp unernst hanswurstig flapsig | locker unerschütterlich detachiert ruhig lässig cool kühl gelassen seelenruhig nonchalant ungerührt ohne mit der Wimper zu zucken gleichmütig gezügelt nervenstark gefasst stoisch kaltblütig nicht aus der Ruhe zu bringen souverän unaufgeregt	added 1 loanword			
Die Sonntagsarbeit hat uns vor allem deshalb vor große Probleme gestellt, weil die Kommission früher etwas zu <N1>unbekümmert</N1> über dieses <N2>vertrackte</N2> Thema hinweggegangen ist.	This was a major obstacle for us, mainly because the Commission had skirted this thorny issue a little too easily in the past.					
TRUE						
						
Auch der Kommission möchte ich danken, denn hier ist nicht genug gewürdigt worden, daß sie dem Parlament in dieser ganzen Debatte fast immer - Frau Diamantopoulou, ich möchte Sie nicht <L1>kompromittieren</L1> - ihre technische und sogar auch politische Unterstützung gewährt hat, insbesondere bei bedeutsamen Änderungsanträgen.	I should like to pay tribute to the Commission. Without wishing to embarrass you, Mrs Diamantopoulou, throughout almost all this debate Parliament has had the technical and even political support of the Commission, particularly on the important amendments.	vorführen an den Pranger stellen bloßstellen kompromittieren blamieren lächerlich machen zum Gespött machen mit heruntergelassener Hose dastehen lassen desavouieren				
Auch der Kommission möchte ich danken, denn hier ist nicht genug gewürdigt worden, daß sie dem Parlament in dieser ganzen Debatte fast immer - Frau Diamantopoulou, ich möchte Sie nicht <N1>vorführen</N1> - ihre technische und sogar auch politische Unterstützung gewährt hat, insbesondere bei bedeutsamen Änderungsanträgen.	I should like to pay tribute to the Commission. Without wishing to embarrass you, Mrs Diamantopoulou, throughout almost all this debate Parliament has had the technical and even political support of the Commission, particularly on the important amendments.					
TRUE						
						
Als wesentliches politisches Thema dieser gesamten Debatte erwies sich die Ausarbeitung einer kohärenten Strategie für die Raumfahrt sowie die Förderung der Zusammenarbeit zwischen der Europäischen Union und der <L1>ESA</L1> auf der Grundlage konkreter Ziele und innerhalb eines klar abgesteckten Rahmens.	The main political issue in the entire discussion concerned the development of a coherent approach to space and the promotion of collaboration between the European Union and the ESA on the basis of specific targets and within a clear framework.	Europäische Weltraumbehörde Europäische Weltraumorganisation ESA European Space Agency	not loanword			
Als wesentliches politisches Thema dieser gesamten Debatte erwies sich die Ausarbeitung einer kohärenten Strategie für die Raumfahrt sowie die Förderung der Zusammenarbeit zwischen der Europäischen Union und der <N1>ESA</N1> auf der Grundlage konkreter Ziele und innerhalb eines klar abgesteckten Rahmens.	The main political issue in the entire discussion concerned the development of a coherent approach to space and the promotion of collaboration between the European Union and the ESA on the basis of specific targets and within a clear framework.					
TRUE						
						
Dann wäre mein Änderungsantrag 63, in dem Religion positiv erwähnt wird, auch nicht nötig, und das Gleichgewicht wäre wieder vollkommen hergestellt. Dann hätten wir auch einen Bericht, der <L1>clean</L1> ist.	This would then render my Amendment No 63 redundant, where religion is seen in a positive light, as we would thus redress the balance and have a clean report.					
Dann wäre mein Änderungsantrag 63, in dem Religion positiv erwähnt wird, auch nicht nötig, und das Gleichgewicht wäre wieder vollkommen hergestellt. Dann hätten wir auch einen Bericht, der <N1>sauber</N1> ist.	This would then render my Amendment No 63 redundant, where religion is seen in a positive light, as we would thus redress the balance and have a clean report.					
TRUE						
						
Im Grunde ist jedoch der uns heute vorliegende Text dermaßen von der <L1>fixen</L1> <L2>Idee</L2> durchdrungen, Jagd auf Diskriminierungen zu machen, daß er die elementaren Grundsätze des Rechtsstaates und sogar den Gleichbehandlungsgrundsatz aus dem Auge verliert.	In reality, however, the text before us is so obsessed with hunting down discrimination that it completely loses sight of the basic principles of the rule of law and even, to crown it all, the principle of equal treatment between persons.	drücken fixen sich Drogen spritzen | verbessern ausbessern überarbeiten berichtigen ausbügeln korrigieren fixen emendieren	added 1 loanword			
Im Grunde ist jedoch der uns heute vorliegende Text dermaßen von dem <N1>festgefahrenen</N1> <N2>Gedankens</N2> durchdrungen, Jagd auf Diskriminierungen zu machen, daß er die elementaren Grundsätze des Rechtsstaates und sogar den Gleichbehandlungsgrundsatz aus dem Auge verliert.	In reality, however, the text before us is so obsessed with hunting down discrimination that it completely loses sight of the basic principles of the rule of law and even, to crown it all, the principle of equal treatment between persons.					
TRUE						
						
Gewiß, aber es ist auch unlogisch, das Kosovo zu <L1>bombardieren</L1> und anschließend für den Wiederaufbau zu zahlen, ebenso wie es unlogisch ist, die Grenzen abzuschaffen und auf diese Weise die Zolleinnahmen zu verlieren, nur um anschließend zum Schutz der finanziellen Interessen der Europäischen Union das OLAF zu gründen.	True, but it is just as inconsistent to bomb Kosovo and then pay to rebuild it, or to eliminate internal borders and lose customs duties and then set up OLAF to defend the financial interests of the European Union.	bombardieren reich bedenken überhäufen überschütten eindecken zumüllen zuscheißen				
Gewiß, aber es ist auch unlogisch, das Kosovo <N1>aus der Luft anzugreifen</N1> und anschließend für den Wiederaufbau zu zahlen, ebenso wie es unlogisch ist, die Grenzen abzuschaffen und auf diese Weise die Zolleinnahmen zu verlieren, nur um anschließend zum Schutz der finanziellen Interessen der Europäischen Union das OLAF zu gründen.	True, but it is just as inconsistent to bomb Kosovo and then pay to rebuild it, or to eliminate internal borders and lose customs duties and then set up OLAF to defend the financial interests of the European Union.					
TRUE						
						
Die Kommission bestätigt, daß sämtliche Projekte aus dem Dritten und Vierten Rahmenprogramm gemäß den Vertragsbestimmungen <L1>regulär</L1> zu Ende geführt werden müssen.	The Commission confirms that, pursuant to contractual arrangements, all outstanding projects from the Third and Fourth Framework Programmes must be completed properly.	gleichmäßig regulär regelmäßig in gleichen Abständen | vorschriftsmäßig laut Vorschrift ordnungsgemäß regelgemäß nach Vorschrift regelrecht wie vorgeschrieben reglementarisch ordnungsmäßig regulär				
Die Kommission bestätigt, daß sämtliche Projekte aus dem Dritten und Vierten Rahmenprogramm gemäß den Vertragsbestimmungen <N1>ordentlich</N1> zu Ende geführt werden müssen.	The Commission confirms that, pursuant to contractual arrangements, all outstanding projects from the Third and Fourth Framework Programmes must be completed properly.					
TRUE						
						
Erstens: Das sicherheitspolitische Leitbild ist militärisch, nicht politisch, <L1>zivil</L1> und kooperativ geprägt. Darüber kann der Abschnitt zur präventiven und zivilen Sicherheitspolitik nicht hinwegtäuschen.	First: the security policy template is a military, not a political, civil or cooperative one and the section on preventive and civil security policy cannot hide that fact.	zivil nichtmilitärisch	hard			
Erstens: Das sicherheitspolitische Leitbild ist militärisch, nicht politisch, <N1>öffentlich</N1> und kooperativ geprägt. Darüber kann der Abschnitt zur präventiven und zivilen Sicherheitspolitik nicht hinwegtäuschen.	First: the security policy template is a military, not a political, civil or cooperative one and the section on preventive and civil security policy cannot hide that fact.					
TRUE						
						
Zu sagen, dies sei nicht Sache des Rates, ist Drückebergerei, um es einmal <L1>salopp</L1> auszudrücken.	To use a slang word it is a 'cop-out' to say that it is not a matter for the Council.	dreist unverschämt impertinent nassforsch rotzfrech unangemessen pampig präpotent anmaßend respektlos unbotmäßig unartig ungehobelt unflätig unhöflich ungeschliffen unmanierlich rotznäsig unanständig frech unverfroren ungezogen schlecht erzogen rücksichtslos ungehörig ungebührlich salopp nickelig schnodderig kodderig ungesittet dreibastig kotzbrockig koddrig patzig frech wie Dreck flapsig ungebührend | locker hemdsärmelig bequem ungezwungen salopp hemdärmelig hemdärmlig | leger informell lässig salopp sportlich | kess salopp | unbekümmert nonchalant salopp unernst hanswurstig flapsig				
Zu sagen, dies sei nicht Sache des Rates, ist Drückebergerei, um es einmal <N1>vereinfacht</N1> auszudrücken.	To use a slang word it is a 'cop-out' to say that it is not a matter for the Council.					
TRUE						
						
Wir distanzieren uns von der ideologischen Tagesordnung, die im Entschließungsantrag <L1>ambitiös</L1> genannt wird, aber eine katastrophale Aushöhlung der demokratischen Systeme der Mitgliedstaaten beinhaltet.	We disassociate ourselves from the ideological agenda, which the motion for a resolution calls ambitious and which involves a disastrous undermining of democracy in the Member States.	anspruchsvoll ambitioniert sportlich ambitiös ehrgeizig				
Wir distanzieren uns von der ideologischen Tagesordnung, die im Entschließungsantrag <N1>ehrgeizig</N1> genannt wird, aber eine katastrophale Aushöhlung der demokratischen Systeme der Mitgliedstaaten beinhaltet.	We disassociate ourselves from the ideological agenda, which the motion for a resolution calls ambitious and which involves a disastrous undermining of democracy in the Member States.					
TRUE						
						
Sagen Sie das Ihren Kolleginnen und Kollegen, sorgen Sie dafür, daß sie hier <L0>präsent</L0> sind, und <L1>hacken</L1> Sie nicht auf ihnen herum.	Spread the word to your fellow delegates, persuade them to attend without biting their heads off.	implementieren proggen programmieren entwickeln coden hacken | hacken zerhäckseln häckseln zerschnetzeln zerstückeln zerhacken schnetzeln zerkleinern | Absatz Stöckel Hacken | eingeben hacken tippen (auf einer Tastatur) schreiben	not loanword, added 1 loanword			
Sagen Sie das Ihren Kolleginnen und Kollegen, sorgen Sie dafür, daß sie hier <N0>präsent</N0> sind, und <N1>hacken</N1> Sie nicht auf ihnen herum.	Spread the word to your fellow delegates, persuade them to attend without biting their heads off.					
TRUE						
						
Bei Nußbäumen <L1>rentieren</L1> sich die Investitionen erst über einen Zeitraum von etwa 18 Jahren, und daher denke ich, daß die Logik und die wirtschaftliche sowie finanzielle Kohärenz wie auch die politische Kohärenz erfordern, daß die Kommission sich diesen Produktionsarten gegenüber von Kontinuität, Logik und gesundem Menschenverstand leiten läßt.	For walnut trees, for example, the return on investment is around 18 years, and consequently, I believe that economic and financial logic and coherence, and also political coherence, require that for these crops, the Commission should show continuity, logic and common sense.					
Bei Nußbäumen <N1>lohnen</N1> sich die Investitionen erst über einen Zeitraum von etwa 18 Jahren, und daher denke ich, daß die Logik und die wirtschaftliche sowie finanzielle Kohärenz wie auch die politische Kohärenz erfordern, daß die Kommission sich diesen Produktionsarten gegenüber von Kontinuität, Logik und gesundem Menschenverstand leiten läßt.	For walnut trees, for example, the return on investment is around 18 years, and consequently, I believe that economic and financial logic and coherence, and also political coherence, require that for these crops, the Commission should show continuity, logic and common sense.					
TRUE						
						
Einen Ausweg muß es geben, ob er aber <L1>elegant</L1> ist, bezweifle ich.	There will certainly be a way out, but I doubt that it will be a graceful one.	geil fesch schmuck elegant flott schnittig schnatz cool frech schmissig modisch schnieke todschick chic todchic kleidsam schick | elegant beweglich geschickt gewandt wendig anpassungsfähig glattzüngig | elegant extravagant nobel exklusiv fein vornehm mondän | elegant nobel fein distinguiert vornehm betont vornehm | gazellenhaft graziös voller Anmut geschmeidig edel zart grazil zierlich elegant anmutig				
Einen Ausweg muß es geben, ob er aber <N1>schön</N1> ist, bezweifle ich.	There will certainly be a way out, but I doubt that it will be a graceful one.					
TRUE						
						
Wir müssen allerdings eingestehen, daß die Union unter ihrem institutionellen Deckmantel noch immer wenig <L1>originell</L1> agiert, während gewisse europapolitische Entscheidungsträger über die Presse diverse Ideen verbreiten, die die europäischen Bürger zur Kenntnis nehmen, ohne allerdings in irgendeiner Weise an den jeweiligen Diskussionen teilnehmen zu können.	However, we must concede that, institutionally, the Union is in a rut. At the same time, certain parties responsible for European policy are voicing various ideas in the press which the citizens of Europe can follow, but without the opportunity to take part in any debate.	originell neuartig innovativ frisch neu entwickelt nie dagewesen neu auf dem Markt der letzte Schrei neu entstanden noch nicht dagewesen | originell ingeniös ideenreich einfallsreich erfinderisch fantasiebegabt phantasiebegabt phantasievoll innovativ gestalterisch kreativ fantasievoll schöpferisch erfindungsreich | originell eigenartig eigen ausgefallen eigentümlich idiosynkratisch besonders | originell geschickt einfallsreich erfinderisch findig pfiffig clever schlau gescheit raffiniert gewieft aufgeweckt gefitzt ausgeschlafen auf Draht ausgebufft auf Zack helle plietsch gewitzt jenisch alert | originell vigilant mit Witz findig geistreich blitzgescheit witzig pfiffig				
Wir müssen allerdings eingestehen, daß die Union unter ihrem institutionellen Deckmantel noch immer wenig <N1>schöpferisch</N1> agiert, während gewisse europapolitische Entscheidungsträger über die Presse diverse Ideen verbreiten, die die europäischen Bürger zur Kenntnis nehmen, ohne allerdings in irgendeiner Weise an den jeweiligen Diskussionen teilnehmen zu können.	However, we must concede that, institutionally, the Union is in a rut. At the same time, certain parties responsible for European policy are voicing various ideas in the press which the citizens of Europe can follow, but without the opportunity to take part in any debate.					
TRUE						
						
Wir haben eine historische Verantwortung zur Überwindung von Grenzen - und nicht dazu, <L0>Konflikte</L0> <L1>eskalieren</L1> zu lassen, wie dies im Fall Österreich geschehen ist.	We have an historic responsibility to overcome barriers and not to intensify conflicts in the way that happened in the case of Austria.	eskalieren weit kommen sich ausweiten zu | eskalieren sich aufschaukeln sich hochschaukeln Spirale der Gewalt dreht sich weiter Spirale in Gang setzen (immer) schlimmer werden | ausarten eskalieren sich verschärfen an Schärfe gewinnen aggressiver werden schärfer werden auf die Spitze getrieben werden sich zuspitzen	added 1 loanword			
Wir haben eine historische Verantwortung zur Überwindung von Grenzen - und nicht dazu, <N0>Streite</N0> <N1>ausarten</N1> zu lassen, wie dies im Fall Österreich geschehen ist.	We have an historic responsibility to overcome barriers and not to intensify conflicts in the way that happened in the case of Austria.					
TRUE						
						
Wir brauchen, um es auf Englisch zu sagen, einen <L1>nice</L1> treaty in Nice, und dabei zähle ich auf Sie.	What we need is, if I might use the English phrase, a 'nice treaty in Nice' , and I am counting on you.		not comphrenesible			
Wir brauchen, um es auf Englisch zu sagen, einen <N1>nice</N1> treaty in Nice, und dabei zähle ich auf Sie.	What we need is, if I might use the English phrase, a 'nice treaty in Nice' , and I am counting on you.					
TRUE						
						
Präsident Chirac hat erneut betont, daß Frankreich das Ersuchen Deutschlands um einen Sitz als ständiges Mitglied im <L1>UN-Sicherheitsrat</L1> unterstützen wird, wobei er den Willen bekräftigt hat, die deutsch-französische Achse im Rahmen einer lediglich zwischenstaatlichen Vision von der künftigen Architektur der Europäischen Union zu stärken.	President Chirac once again expressed French support for the German application for a permanent seat at the United Nations Security Council, confirming his intention to strengthen the French-German axis in the context of a purely intergovernmental vision of the future structure of the European Union.		not loanword			
Präsident Chirac hat erneut betont, daß Frankreich das Ersuchen Deutschlands um einen Sitz als ständiges Mitglied im <N1>UN-Sicherheitsrat</N1> unterstützen wird, wobei er den Willen bekräftigt hat, die deutsch-französische Achse im Rahmen einer lediglich zwischenstaatlichen Vision von der künftigen Architektur der Europäischen Union zu stärken.	President Chirac once again expressed French support for the German application for a permanent seat at the United Nations Security Council, confirming his intention to strengthen the French-German axis in the context of a purely intergovernmental vision of the future structure of the European Union.					
TRUE						
						
Die jüngsten Zwischenfälle waren Gegenstand von Beschwerden bei <L1>UNO-Generalsekretär</L1> Kofi Annan wegen <L2>massiver</L2> Verletzungen des zypriotischen Luftraums und des F.I.R. von Nikosia durch insgesamt 78 türkische Kampfflugzeuge am 27. und 30. April, am 1., 4., 5., 8., 9., 10., 12., 17., 18. und 19. sowie am 26. Mai 2000.	The latest incidents have been the subject of complaints to UN Secretary-General Kofi Annan on mass violations of Cypriot airspace and the Nicosia F.I.R. by a total of 78 Turkish fighter-planes on 27 and 30 April, and on 1, 4, 5, 8, 9, 10, 12, 17, 18, 19 and 26 May 2000.		not loanword, added 1 loanword			
Die jüngsten Zwischenfälle waren Gegenstand von Beschwerden bei <N1>UNO-Generalsekretär</N1> Kofi Annan wegen <N2>außerordentlicher</N2> Verletzungen des zypriotischen Luftraums und des F.I.R. von Nikosia durch insgesamt 78 türkische Kampfflugzeuge am 27. und 30. April, am 1., 4., 5., 8., 9., 10., 12., 17., 18. und 19. sowie am 26. Mai 2000.	The latest incidents have been the subject of complaints to UN Secretary-General Kofi Annan on mass violations of Cypriot airspace and the Nicosia F.I.R. by a total of 78 Turkish fighter-planes on 27 and 30 April, and on 1, 4, 5, 8, 9, 10, 12, 17, 18, 19 and 26 May 2000.					
TRUE						
						
Wir würden es für das bevorstehende Haushaltsverfahren außerordentlich begrüßen, wenn der Rat sich hier <L1>kulant</L1> zeigen und gemeinsam mit uns beschließen könnte.	It really would be most welcome for the forthcoming budgetary procedure if the Council could be accommodating here and vote with us.	gütig wohlwollend sanftmütig gefällig kulant milde gnädig großmütig mild entgegenkommend huldvoll großherzig				
Wir würden es für das bevorstehende Haushaltsverfahren außerordentlich begrüßen, wenn der Rat sich hier <N1>großzügig</N1> zeigen und gemeinsam mit uns beschließen könnte.	It really would be most welcome for the forthcoming budgetary procedure if the Council could be accommodating here and vote with us.					
TRUE						
						
Wir alle haben in den letzten Tagen sehr viele Briefe, Unterlagen und Gesprächsangebote bekommen, fast alle von Vertretern nationaler Eisenbahnen. Sie alle warnen <L1>unisono</L1> davor, die <L2>obligatorische</L2> Trennung zwischen Betrieb und Infrastruktur durchzuführen, wie es in den Vorschlägen des Berichterstatters Georg Jarzembowski verlangt wird.	We have all received a lot of letters, documents and requests for interviews over the last few days, nearly all from representatives of national railways and nearly all warning us, unisono against the compulsory separation of management and infrastructure called for in the proposals by the rapporteur Georg Jarzembowski.	übereinstimmend kongruent einhellig einmütig einstimmig unisono konform konkordant	added 1 loanword			
Wir alle haben in den letzten Tagen sehr viele Briefe, Unterlagen und Gesprächsangebote bekommen, fast alle von Vertretern nationaler Eisenbahnen. Sie alle warnen <N1>einstimmig</N1> davor, die <N2>verpflichtende</N2> Trennung zwischen Betrieb und Infrastruktur durchzuführen, wie es in den Vorschlägen des Berichterstatters Georg Jarzembowski verlangt wird.	We have all received a lot of letters, documents and requests for interviews over the last few days, nearly all from representatives of national railways and nearly all warning us, unisono against the compulsory separation of management and infrastructure called for in the proposals by the rapporteur Georg Jarzembowski.					
TRUE						
						
Wenn der Schienenverkehr liberalisiert wird, können wir dem Leben auf dem Lande <L1>adieu</L1> sagen, und aus diesem Grund widersetzen wir uns dieser blinden Liberalisierung und ihren Auswirkungen!	If the railways are liberalised, we can kiss rural life goodbye, which is why we are opposed to this blind liberalisation and its consequences.	lebe wohl habe die Ehre servus Adieu Tschauie Wiedersehen Auf Wiedersehen Tschüssikowski guten Tag bye-bye Tschö Tschüssie ciao Ade und tschüss salü leb wohl Bye Tschau cheerio gehab dich wohl Tüsskes Tschüss Tschüs Tschüssle baba pfiat di Tschü Adele Wiederhören | Servus lebe wohl ade vale adieu tschüs ciao tschüss				
Wenn der Schienenverkehr liberalisiert wird, können wir dem Leben auf dem Lande <N1>Tschüß</N1> sagen, und aus diesem Grund widersetzen wir uns dieser blinden Liberalisierung und ihren Auswirkungen!	If the railways are liberalised, we can kiss rural life goodbye, which is why we are opposed to this blind liberalisation and its consequences.					
TRUE						
						
Tatsächlich wurde bereits gegen dieses Verbot geklagt, das Verfahren wurde jedoch gestoppt, nachdem die Kommission sich bereiterklärt hatte, bis Ende des Jahres Validierungsverfahren für die Testmethoden vorzulegen, damit wir diese Stoffe und die alternativen Ersatzstoffe <L1>testen</L1> können.	Indeed, the case was to be brought to court but was put on hold when the Commission agreed to work to produce validation systems for the test methods by the end of this year; so we can test these and test the alternatives.	versuchen testen probieren es auf einen Versuch ankommen lassen sich wagen hineinschnuppern auf einen Versuch ankommen ausprobieren Test machen die Probe aufs Exempel machen erproben Versuch wagen es versuchen mit auf die Probe stellen sein Glück versuchen antesten sich herantrauen | versuchen verkosten abschmecken testen kosten degustieren probieren schmecken | überprüfen untersuchen inspizieren herausfinden ermitteln testen prüfen abtesten begutachten				
Tatsächlich wurde bereits gegen dieses Verbot geklagt, das Verfahren wurde jedoch gestoppt, nachdem die Kommission sich bereiterklärt hatte, bis Ende des Jahres Validierungsverfahren für die Testmethoden vorzulegen, damit wir diese Stoffe und die alternativen Ersatzstoffe <N1>prüfen</N1> können.	Indeed, the case was to be brought to court but was put on hold when the Commission agreed to work to produce validation systems for the test methods by the end of this year; so we can test these and test the alternatives.					
TRUE						
						
Die Briten <L1>trimmen</L1> ihre Kühe mit Tiermehl auf Höchstleistungen, um ihre <L2>Quoten</L2> zu erhöhen.	In order to increase their yield, the British stuffed their cows with bonemeal.	trainieren einüben abrichten dressieren konditionieren trimmen				
Die Briten <N1>bringen</N1> ihre Kühe mit Tiermehl auf Höchstleistungen, um ihre <N2>Anteile</N2> zu erhöhen.	In order to increase their yield, the British stuffed their cows with bonemeal.					
TRUE						
						
Damit haben wir wohl auch geklärt, wie <L0>Information</L0> weitergegeben werden soll, und wir haben darauf hingewiesen, daß die <L1>indoor</L1> <L2>pollution</L2> auch ein großes Problem ist, das in den Forschungsprogrammen der Europäischen Union behandelt werden sollte.	I have no doubt that these amendments will also have answered the question as to how information is to be communicated. Moreover, we have also drawn attention to the fact that indoor pollution is also a major problem which should be addressed by EU research programmes.		added 2 loanwords			
Damit haben wir wohl auch geklärt, wie <N0>Wissen</N0> weitergegeben werden soll, und wir haben darauf hingewiesen, daß die <N1>innerräumliche</N1> <N2>Verschmutzung</N2> auch ein großes Problem ist, das in den Forschungsprogrammen der Europäischen Union behandelt werden sollte.	I have no doubt that these amendments will also have answered the question as to how information is to be communicated. Moreover, we have also drawn attention to the fact that indoor pollution is also a major problem which should be addressed by EU research programmes.					
TRUE						
						
Wir können jetzt keine Debatte eröffnen, auch wenn das Thema sehr <L1>brisant</L1> ist.	We cannot start a debate now, even if the matter is an extremely sensitive issue.	mit Vorsicht zu genießen nicht ohne knifflig prekär schwierig heikel haarig kritisch neuralgisch brisant problembehaftet nicht unbedenklich nicht geheuer problematisch delikat verfänglich spinös brenzlig bedenklich | brisant konfliktgeladen explosiv hochexplosiv konfliktträchtig				
Wir können jetzt keine Debatte eröffnen, auch wenn das Thema sehr <N1>heiß</N1> ist.	We cannot start a debate now, even if the matter is an extremely sensitive issue.					
TRUE						
						
Dieses System muß unabhängig davon, wie streng die Regelungen sind, flexibler sein, damit alle Sektoren und alle Unternehmen in der Europäischen Union die Möglichkeit haben, sich im Rahmen des Gemeinschaftssystems für das Umweltmanagement und die Umweltbetriebsprüfung <L1>akkreditieren</L1> zu lassen.	There must be greater flexibility within this system no matter how stringent the rules are to ensure that all sectors and all businesses in the European Union have an opportunity to secure accreditation under the Community Eco-Management and Audit scheme.	bestätigen beglaubigen beurkunden zertifizieren bevollmächtigen testieren verbürgen vidimieren authentisieren akkreditieren vidieren quittieren				
Dieses System muß unabhängig davon, wie streng die Regelungen sind, flexibler sein, damit alle Sektoren und alle Unternehmen in der Europäischen Union die Möglichkeit haben, sich im Rahmen des Gemeinschaftssystems für das Umweltmanagement und die Umweltbetriebsprüfung <N1>zuzulassen</N1>.	There must be greater flexibility within this system no matter how stringent the rules are to ensure that all sectors and all businesses in the European Union have an opportunity to secure accreditation under the Community Eco-Management and Audit scheme.					
TRUE						
						
Kurzum, sorgen Sie, Frau Präsidentin, dafür, daß es zu einem wirklichen Dialog nach den Vorgaben des Fünfpunkte-Friedensplans des Dalai Lama kommt; dann wird es ein <L1>happy</L1> <L2>day</L2> für das gesamte tibetische Volk.	In sum, Madam President, I would urge you to ensure that a real dialogue is established according to the Dalai Lama' s five-point peace plan; it will then be a happy day for Tibet' s entire population.	froh glücklich zufrieden happy	added 1 loanword			
Kurzum, sorgen Sie, Frau Präsidentin, dafür, daß es zu einem wirklichen Dialog nach den Vorgaben des Fünfpunkte-Friedensplans des Dalai Lama kommt; dann wird es ein <N1>schöner</N1> <N2>Tag</N2> für das gesamte tibetische Volk.	In sum, Madam President, I would urge you to ensure that a real dialogue is established according to the Dalai Lama' s five-point peace plan; it will then be a happy day for Tibet' s entire population.					
TRUE						
						
<L0>Faktum</L0> ist aber auch, daß die Situation nach wie vor <L1>prekär</L1> ist, wobei ich ebenfalls behaupte, wie Frau Dr. Winkler, daß leider nicht nur die österreichische Regierung, sondern auch einige andere Regierungen der Beobachtungsstelle zumindest nicht genügend Unterstützung geben.	But it is also a fact that the situation remains precarious; and here I, like Dr Winkler, must also state that unfortunately not just the Austrian Government but also some other governments do not give the Monitoring Centre sufficient support.	bescheiden prekär schlecht schwach übel nicht rosig mau beschissen mies | schwer verständlich komplex verschachtelt knifflig prekär verhatscht vertrackt schwierig vigelinsch kein Zuckerschlecken vielschichtig mit einigen Unannehmlichkeiten verbunden heikel nicht einfach kompliziert keine einfache Lösung kein Zuckerlecken tricky verklausuliert diffizil verwickelt unübersichtlich schwer verzwickt mit Mühe verbunden | prekär labil | mit Vorsicht zu genießen nicht ohne knifflig prekär schwierig heikel haarig kritisch neuralgisch brisant problembehaftet nicht unbedenklich nicht geheuer problematisch delikat verfänglich spinös brenzlig bedenklich	added 1 loanword			
<N0>Klar</N0> ist aber auch, daß die Situation nach wie vor <N1>aussichtslos</N1> ist, wobei ich ebenfalls behaupte, wie Frau Dr. Winkler, daß leider nicht nur die österreichische Regierung, sondern auch einige andere Regierungen der Beobachtungsstelle zumindest nicht genügend Unterstützung geben.	But it is also a fact that the situation remains precarious; and here I, like Dr Winkler, must also state that unfortunately not just the Austrian Government but also some other governments do not give the Monitoring Centre sufficient support.					
TRUE						
						
Es war ihnen ein Leichtes, die Zuständigkeiten der übrigen Ministerien auf die europäische Ebene zu <L1>delegieren</L1> bzw. zu verlagern, doch wenn es um die ihrigen geht, sieht die Sache anders aus.	They had no trouble delegating and taking the powers of the other ministries to the European level, but when it comes to their own power, it is a different question altogether.	schicken fortschicken wegschicken beordern aussenden delegieren deputieren entsenden abordnen abkommandieren				
Es war ihnen ein Leichtes, die Zuständigkeiten der übrigen Ministerien auf die europäische Ebene zu <N1>verlegen</N1> bzw. zu verlagern, doch wenn es um die ihrigen geht, sieht die Sache anders aus.	They had no trouble delegating and taking the powers of the other ministries to the European level, but when it comes to their own power, it is a different question altogether.					
TRUE						
						
Darüber hinaus darf der breiten Masse der Millionen von HIV-Infizierten das gesamte Spektrum der Versorgung von der Grundversorgung opportunistischer Infektionen bis hin zur antiretroviralen Therapie der <L1>HIV-Infektion</L1> nicht länger vorenthalten werden.	At the same time a full spectrum of care from basic treatment of opportunistic infections to entry retroviral therapy for HIV infection can no longer be denied to the vast majority of the millions of people infected with the virus.					
Darüber hinaus darf der breiten Masse der Millionen von HIV-Infizierten das gesamte Spektrum der Versorgung von der Grundversorgung opportunistischer Infektionen bis hin zur antiretroviralen Therapie der <N1>HIV-Ansteckung</N1> nicht länger vorenthalten werden.	At the same time a full spectrum of care from basic treatment of opportunistic infections to entry retroviral therapy for HIV infection can no longer be denied to the vast majority of the millions of people infected with the virus.					
TRUE						
						
Deshalb beunruhigt es mich, dass es keine Möglichkeit gibt, zu <L1>sondieren</L1> und zu suchen.	It therefore concerns me that there is no way of searching or taking soundings.	ergründen untersuchen herausfinden ermitteln erforschen erkunden durchforschen ausloten explorieren sondieren | Sondierung Sondieren				
Deshalb beunruhigt es mich, dass es keine Möglichkeit gibt, <N1>abzuklären</N1> und zu suchen.	It therefore concerns me that there is no way of searching or taking soundings.					
TRUE						
						
Und keineswegs zufällig hat Blair ebenfalls den Vorschlag zur kostenlosen Verbreitung der <L0>set</L0> <L1>top</L1> <L2>box</L2> unterbreitet, wobei er einen doppelten Vorteil vor Augen hatte: zum einen für die Wirtschaft und zum anderen für den Pluralismus in der Information und Kultur seines Landes.	And it is also no coincidence that Mr Blair also proposed free distribution of set top boxes, perceiving that this would benefit both the economy and the information and cultural pluralism of his country.	Tagesordnungspunkt TOP Traktandum | genial geil brillant glänzend absolut super exzellent beispiellos von außerordentlicher Qualität atemraubend magnifik wunderbar begnadet einzigartig affengeil sagenhaft unglaublich absoluter Wahnsinn hinreißend unübertroffen fetzt berückend überragend saugeil fulminant absolut irre erstklassig top süperb überwältigend ohne Beispiel atemberaubend phantastisch phänomenal ganz großes Kino urst zum Sterben schön unvergleichlich vom Feinsten wumbaba unübertrefflich fantastisch bestens hervorragend nicht zu toppen nicht zu fassen du kriegst die Motten allererste Sahne herausragend umwerfend hammergeil zum Niederknien toll traumhaft himmelsgleich rockt grandios megacool ganz große Klasse himmlisch wundervoll großartig super superb klasse fabelhaft ausgezeichnet stark sauber cool tipptopp prima leiwand knorke dufte doll zum Reinlegen töfte astrein phatt hasenrein 1A tofte der Hit erste Sahne leinwand spitze nicht schlecht bombig	added 2 loanwords, incomphrenensible			
Und keineswegs zufällig hat Blair ebenfalls den Vorschlag zur kostenlosen Verbreitung der <N0>set</N0> <N1>top</N1> <N2>box</N2> unterbreitet, wobei er einen doppelten Vorteil vor Augen hatte: zum einen für die Wirtschaft und zum anderen für den Pluralismus in der Information und Kultur seines Landes.	And it is also no coincidence that Mr Blair also proposed free distribution of set top boxes, perceiving that this would benefit both the economy and the information and cultural pluralism of his country.					
TRUE						
						
Das eigentliche Problem ist, dass die Völker ihren Widerstand <L1>forcieren</L1> und ihr Recht auf gründliche Information durchsetzen.	The real problem is that the people need to develop their resistance and enforce their right to fundamental information.	einfordern einspannen anhalten abkommandieren verdonnern zu forcieren in die Pflicht nehmen erzwingen bestimmen verpflichten zwingen vergattern zu | ankurbeln forcieren vorantreiben befördern befeuern nach vorne bringen anschieben anheizen weitertreiben (mit Nachdruck) betreiben				
Das eigentliche Problem ist, dass die Völker ihren Widerstand <N1>verstärken</N1> und ihr Recht auf gründliche Information durchsetzen.	The real problem is that the people need to develop their resistance and enforce their right to fundamental information.					
TRUE						
						
Die digitale Revolution wird viele neue Formen der Nutzung audiovisueller Werke erschließen: zum Beispiel <L1>Video-on-Demand</L1> über das Internet.	The digital revolution will open up many new ways of exploiting audiovisual works: video on demand via the Internet, for example.					
Die digitale Revolution wird viele neue Formen der Nutzung audiovisueller Werke erschließen: zum Beispiel <N1>Filme-auf-Abruf</N1> über das Internet.	The digital revolution will open up many new ways of exploiting audiovisual works: video on demand via the Internet, for example.					
TRUE						
						
Wir alle leben länger, und der Sport nimmt in unserem Leben breiteren Raum ein. Dabei geht es nicht nur darum, unseren Körper <L1>fit</L1> zu halten, sondern auch unseren Geist und unsere Seele, und dieser Tatsache müssen wir in der europäischen Gesetzgebung Rechnung tragen.	It is there not just to revitalise our bodies but also our minds and our souls, and we have to recognise the importance of that fact in European legislation.	tauglich qualifiziert im Stande fähig firm fit | gut in Form fit gesund auf dem Damm bei guter Gesundheit wohlbehalten wohlauf gesund und munter in Form bei Kräften | sicher firm fit sattelfest routiniert versiert				
Wir alle leben länger, und der Sport nimmt in unserem Leben breiteren Raum ein. Dabei geht es nicht nur darum, unseren Körper <N1>gesund</N1> zu halten, sondern auch unseren Geist und unsere Seele, und dieser Tatsache müssen wir in der europäischen Gesetzgebung Rechnung tragen.	It is there not just to revitalise our bodies but also our minds and our souls, and we have to recognise the importance of that fact in European legislation.					
TRUE						
						
Unsere Aufgabe muss es sein, den Sport in einer veränderten Gesellschaft mit neuen modernen, technischen und medizinischen Möglichkeiten neu zu <L1>platzieren</L1> und ihm dabei seine Werte zu erhalten.	It should be our job to give sport a new role in a changed society, with new and modern technical and medical facilities, and in this way to preserve its values.	stellen anbringen platzieren | abstellen ausrichten ablegen hinstellen platzieren zurechtrücken positionieren | platzieren unterbringen einschleusen				
Unsere Aufgabe muss es sein, den Sport in einer veränderten Gesellschaft mit neuen modernen, technischen und medizinischen Möglichkeiten neu <N1>aufzustellen</N1> und ihm dabei seine Werte zu erhalten.	It should be our job to give sport a new role in a changed society, with new and modern technical and medical facilities, and in this way to preserve its values.					
TRUE						
						
Sie erkennen, dass es eine Voraussetzung dafür ist, dass Verbraucher <L1>online</L1> einkaufen, und unser Hauptziel muss deshalb die Förderung dieses Vertrauens sein, das wiederum den Unternehmen in Form eines breiteren Kunden- und Verbraucherstamms zugute kommen wird.	They recognise it is a precondition for persuading the consumer to shop on-line and therefore our key objective has to be to encourage that trust and confidence which in turn will benefit business by broadening their customer and consumer market base.	verbunden zugreifbar angeschlossen zugänglich erreichbar online ansprechbar				
Sie erkennen, dass es eine Voraussetzung dafür ist, dass Verbraucher <N1>im Internet</N1> einkaufen, und unser Hauptziel muss deshalb die Förderung dieses Vertrauens sein, das wiederum den Unternehmen in Form eines breiteren Kunden- und Verbraucherstamms zugute kommen wird.	They recognise it is a precondition for persuading the consumer to shop on-line and therefore our key objective has to be to encourage that trust and confidence which in turn will benefit business by broadening their customer and consumer market base.					
TRUE						
						
Wir müssen Vertrauen schaffen. Doch auch wenn diese neuen Systeme noch nicht vorliegen, gibt es keinen Grund, weshalb die Verbraucher <L0>online</L0> nicht die gleichen Rechte wie <L1>offline</L1> genießen sollten.	We need to create trust but, until these new systems are in place, there is no reason why consumers should not enjoy the same rights on-line as they do offline.	getrennt offline unangeschlossen nicht online nicht angeschlossen nicht am Netz rechnerunabhängig	added 1 loanword			
Wir müssen Vertrauen schaffen. Doch auch wenn diese neuen Systeme noch nicht vorliegen, gibt es keinen Grund, weshalb die Verbraucher <N0>online</N0> nicht die gleichen Rechte wie <N1>sonst</N1> genießen sollten.	We need to create trust but, until these new systems are in place, there is no reason why consumers should not enjoy the same rights on-line as they do offline.					
TRUE						
						
(Beifall)Der Dialog darf kein <L1>Make-up</L1> für die Gewalt und den Terror sein, der Dialog darf keine Kapitulation vor dem Verbrechen sein, der politische Dialog ist nur möglich, wenn die Bomben und die Pistolen schweigen und die demokratischen Werte anerkannt werden.	(Applause)Dialogue cannot serve to cover up violence and terror, nor can it mean surrender in the face of crime. Political dialogue is only possible when the bombs cease to go off, the guns are silent and democratic values have been accepted.	Schminke Make-up				
(Beifall)Der Dialog darf kein <N1>Feigenblatt</N1> für die Gewalt und den Terror sein, der Dialog darf keine Kapitulation vor dem Verbrechen sein, der politische Dialog ist nur möglich, wenn die Bomben und die Pistolen schweigen und die demokratischen Werte anerkannt werden.	(Applause)Dialogue cannot serve to cover up violence and terror, nor can it mean surrender in the face of crime. Political dialogue is only possible when the bombs cease to go off, the guns are silent and democratic values have been accepted.					
TRUE						
						
Viertens: Wie wollen Sie gewährleisten, dass die im Bericht gewünschte stärkere Einbeziehung von Rentenfonds in Risikokapital nicht zu möglichen Verlusten der eingezahlten Beträge führt und damit dem Ziel der Beitragszahler, sich einen sicheren Lebensabend zu verschaffen, <L1>konträr</L1> läuft?	Fourthly, how can you guarantee that the greater involvement by pension funds in risk capital called for in the report may not lead to pension contributions being lost, which would run counter to the contributors' objective of ensuring a secure retirement?	absurd widersprüchlich folgewidrig sinnwidrig widerspruchsvoll konträr unlogisch kontradiktorisch vernunftwidrig sich selbst widersprechend paradox irrational widersinnig | widersprüchlich diskrepant unvereinbar advers widerstreitend konträr entgegengesetzt antagonistisch gegensätzlich adversativ dualistisch gegenteilig oppositär sich widersprechend diametral antithetisch polar | widersprüchlich disparat konträr paradox widersinnig gegensätzlich antithetisch				
Viertens: Wie wollen Sie gewährleisten, dass die im Bericht gewünschte stärkere Einbeziehung von Rentenfonds in Risikokapital nicht zu möglichen Verlusten der eingezahlten Beträge führt und daher mit dem Ziel der Beitragszahler, sich einen sicheren Lebensabend zu verschaffen, im <N1>Widerspruch</N1> steht?	Fourthly, how can you guarantee that the greater involvement by pension funds in risk capital called for in the report may not lead to pension contributions being lost, which would run counter to the contributors' objective of ensuring a secure retirement?					
TRUE						
						
Die Frage der europäischen Abmessungen für Busse hört sich <L1>trivial</L1> an, aber so ist es keineswegs.	European bus measurements may seem a trivial matter, but it is no such thing.	einfach trivial leicht simpel pille-palle nichts leichter als das jedes Kind kann das spielend einfach ich bin jahrelang ... gewesen supereinfach babyeinfach jeder Idiot kann das kinderleicht ganz leicht so einfach wie eins und eins ist zwei unschwer keine Kunst babyleicht ganz einfach nicht allzu viel dazu gehören zu | glaubhaft klar triftig schlüssig überzeugend sinnfällig plausibel einsichtig fassbar einleuchtend noetisch augenfällig evident intelligibel nachzuvollziehen eingängig fasslich erklärlich ersichtlich begreiflich verständlich verstehbar nachvollziehbar schlagend trivial selbstverständlich | trivial leicht simpel | trivial einleuchtend auf der Hand liegend selbsterklärend keiner weiteren Erklärung bedürfen selbstdokumentierend unmittelbar einleuchtend unmittelbar verständlich selbst erklärend | nichtssagend billig leer witzlos wohlfeil beliebig geistlos trivial oberflächlich platt inhaltsleer seicht flau ohne Aussage abgedroschen banal abgeschmackt schal nichts sagend hohl				
Die Frage der europäischen Abmessungen für Busse hört sich <N1>einfach</N1> an, aber so ist es keineswegs.	European bus measurements may seem a trivial matter, but it is no such thing.					
TRUE						
						
Man kann sich leicht vorstellen, dass die Unterschiede von Land zu Land noch größer sind, zumal es für die Staaten vorteilhaft ist, zu <L1>tricksen</L1> , um die Grundlage für die abzuführenden MWSt- oder BSP-Eigenmittel möglichst gering zu halten.	It is therefore all the easier to imagine the possible variation from one country to the next. Especially since it is in States' interest to 'cheat' and understate their basic taxable amount for VAT or the GNP levy.	mogeln schwindeln täuschen schummeln tricksen mauscheln Schmu machen				
Man kann sich leicht vorstellen, dass die Unterschiede von Land zu Land noch größer sind, zumal es für die Staaten vorteilhaft ist, zu <N1>täuschen</N1> , um die Grundlage für die abzuführenden MWSt- oder BSP-Eigenmittel möglichst gering zu halten.	It is therefore all the easier to imagine the possible variation from one country to the next. Especially since it is in States' interest to 'cheat' and understate their basic taxable amount for VAT or the GNP levy.					
TRUE						
						
Doch das trifft nicht zu auf elementare Rechte wie das Recht für alle Werktätigen, zu <L1>streiken</L1> oder sich einer Gewerkschaft anzuschließen.	This is not, however, the case for basic rights such as the right of all employees to strike or join unions.	streiken in Streik treten in den Ausstand treten die Arbeit niederlegen | ausgehen streiken stehenbleiben nicht funktionieren aufhören zu laufen				
Doch das trifft nicht zu auf elementare Rechte wie das Recht für alle Werktätigen, <N1>in den Ausstand zu treten</N1> oder sich einer Gewerkschaft anzuschließen.	This is not, however, the case for basic rights such as the right of all employees to strike or join unions.					
TRUE						
						
Nun, lasst uns allen sagen, dass gerade die neuen Möglichkeiten der Erweiterung um ehemals diktatorisch und <L1>totalitär</L1> regierte Länder uns befähigen, über uns selbst hinauszuwachsen.	Well, Mr President, let us spread the word that it is precisely these new opportunities arising from enlargement, to include former dictatorships and countries under totalitarian regimes, which can help us broaden our horizons.	diktatorisch totalitär				
Nun, lasst uns allen sagen, dass gerade die neuen Möglichkeiten der Erweiterung um ehemals diktatorisch und <N1>allgewalting</N1> regierte Länder uns befähigen, über uns selbst hinauszuwachsen.	Well, Mr President, let us spread the word that it is precisely these new opportunities arising from enlargement, to include former dictatorships and countries under totalitarian regimes, which can help us broaden our horizons.					
TRUE						
						
Die Gemeinschaftsaktionen, die das Gemeinschaftsprogramm unterstützt, stellen nicht nur eine Ergänzung zu dem Rechtsrahmen der Richtlinie dar, sondern sollen auch die zusätzlichen Informationen, die Sachkenntnis und die Grundlagen sicherstellen, um diesen Rechtsrahmen zu <L1>komplettieren</L1> und zu verbessern.	Not only do the social activities which underpin the social programme complement the directive' s legal framework, they also need to generate the extra information, the expertise and the support structure to complement and improve this legal framework.	ergänzen arrondieren vollenden komplementieren komplettieren vervollständigen abrunden vervollkommnen				
Die Gemeinschaftsaktionen, die das Gemeinschaftsprogramm unterstützt, stellen nicht nur eine Ergänzung zu dem Rechtsrahmen der Richtlinie dar, sondern sollen auch die zusätzlichen Informationen, die Sachkenntnis und die Grundlagen sicherstellen, um diesen Rechtsrahmen zu <N1>vervollständigen</N1> und zu verbessern.	Not only do the social activities which underpin the social programme complement the directive' s legal framework, they also need to generate the extra information, the expertise and the support structure to complement and improve this legal framework.					
TRUE						
						
Des Weiteren halte ich es für notwendig, dass auch Programme anzubieten sind, die helfen, Gewalt und Aggressionen abzubauen und zu verarbeiten, die sicher nicht so <L1>spektakulär</L1> zu vermarkten sind und folglich geringere Einschaltquoten haben werden, dafür aber zu einer gewissen Schadensbegrenzung und -bekämpfung einen wesentlichen Beitrag leisten können.	Furthermore, I believe programmes that help reduce and overcome violence and aggression should also be on offer. No doubt they could not be marketed so spectacularly and would therefore produce lower ratings, but in return they could make a considerable contribution to damage limitation and to combating the adverse effects.	imposant effektvoll filmreif aufsehenerregend dramatisch medienwirksam spektakulär Aufsehen erregend hollywoodreif sensationell				
Des Weiteren halte ich es für notwendig, dass auch Programme anzubieten sind, die helfen, Gewalt und Aggressionen abzubauen und zu verarbeiten, die sicher nicht so <N1>aufsehenerregend</N1> zu vermarkten sind und folglich geringere Einschaltquoten haben werden, dafür aber zu einer gewissen Schadensbegrenzung und -bekämpfung einen wesentlichen Beitrag leisten können.	Furthermore, I believe programmes that help reduce and overcome violence and aggression should also be on offer. No doubt they could not be marketed so spectacularly and would therefore produce lower ratings, but in return they could make a considerable contribution to damage limitation and to combating the adverse effects.					
TRUE						
						
Wir haben die Verantwortung für unsere Jugend, dass die eine zukünftige Gesellschaft gestalten kann, in der Gewalt und Aggression sich nicht als <L0>hip</L0>, <L1>cool</L1> oder nachahmenswert, sondern als zutiefst verwerflich darstellen.	We are responsible for ensuring that our young people can shape a future society in which violence and aggression are not presented as hip or cool or as examples to be copied but as deeply reprehensible.	geil fesch schmuck elegant flott schnittig schnatz cool frech schmissig modisch schnieke todschick chic todchic kleidsam schick | bombastisch fulminant phantastisch phänomenal fantastisch großartig stark abgefahren cool krass ultrakrass | gefühllos hartgesotten gefühlskalt cool abgebrüht kaltschnäuzig verroht eiskalt gemütsarm gefühlsarm | locker unerschütterlich detachiert ruhig lässig cool kühl gelassen seelenruhig nonchalant ungerührt ohne mit der Wimper zu zucken gleichmütig gezügelt nervenstark gefasst stoisch kaltblütig nicht aus der Ruhe zu bringen souverän unaufgeregt | genial geil brillant glänzend absolut super exzellent beispiellos von außerordentlicher Qualität atemraubend magnifik wunderbar begnadet einzigartig affengeil sagenhaft unglaublich absoluter Wahnsinn hinreißend unübertroffen fetzt berückend überragend saugeil fulminant absolut irre erstklassig top süperb überwältigend ohne Beispiel atemberaubend phantastisch phänomenal ganz großes Kino urst zum Sterben schön unvergleichlich vom Feinsten wumbaba unübertrefflich fantastisch bestens hervorragend nicht zu toppen nicht zu fassen du kriegst die Motten allererste Sahne herausragend umwerfend hammergeil zum Niederknien toll traumhaft himmelsgleich rockt grandios megacool ganz große Klasse himmlisch wundervoll großartig super superb klasse fabelhaft ausgezeichnet stark sauber cool tipptopp prima leiwand knorke dufte doll zum Reinlegen töfte astrein phatt hasenrein 1A tofte der Hit erste Sahne leinwand spitze nicht schlecht bombig | cool abgeklärt in sich ruhen drüber stehen erhaben sein kann nichts erschüttern über den Dingen stehen nicht leicht zu beeindrucken				
Wir haben die Verantwortung für unsere Jugend, dass die eine zukünftige Gesellschaft gestalten kann, in der Gewalt und Aggression sich nicht als <N0>angesagt</N0>, <N1>stark</N1> oder nachahmenswert, sondern als zutiefst verwerflich darstellen.	We are responsible for ensuring that our young people can shape a future society in which violence and aggression are not presented as hip or cool or as examples to be copied but as deeply reprehensible.					
TRUE						
						
Sie können sich den Gesetzestext <L1>zufaxen</L1> lassen, aber sie haben keinen Einfluss darauf und können ihn nicht verhindern, auch wenn noch so viele Bürger dagegen gestimmt haben.	They can have the legislation sent to them by fax without exercising any contributory influence. What they cannot do is avoid the legislation, no matter how many people vote no in the referendums.		not possible to replace without slight meaning loss			
Sie können sich den Gesetzestext <N1>zusenden</N1> lassen, aber sie haben keinen Einfluss darauf und können ihn nicht verhindern, auch wenn noch so viele Bürger dagegen gestimmt haben.	They can have the legislation sent to them by fax without exercising any contributory influence. What they cannot do is avoid the legislation, no matter how many people vote no in the referendums.					
TRUE						
						
Geschwätz hinsichtlich der Form findet sich zum Beispiel unter Ziffer 11 des Berichtes Duhamel, in dem die Verfassung - ich zitiere - un <L1>retour</L1> en arrière verhindern soll.	The hot air as regards the form is to be found, for example in paragraph 11 of the French version of the Duhamel report, a constitution against, I quote,  a backward step  going backwards.	zurück retour nach hinten rückwärts retro	quote			
Geschwätz hinsichtlich der Form findet sich zum Beispiel unter Ziffer 11 des Berichtes Duhamel, in dem die Verfassung - ich zitiere - un <N1>retour</N1> en arrière verhindern soll.	The hot air as regards the form is to be found, for example in paragraph 11 of the French version of the Duhamel report, a constitution against, I quote,  a backward step  going backwards.					
TRUE						
						
Auch im Rat sollte es eigentlich nicht passieren, dass z. B. was jüngst passiert ist - die Agrarminister einen Einsparvorschlag der Kommission ablehnen, d. h. die Agrarminister für höhere Ausgaben <L1>votieren</L1> und anschließend der Rat der Finanzminister die Ausgaben im Agrarbereich reduziert.	Nor should we have to contend with things of the kind that have gone on recently in the Council, for example when the agricultural ministers rejected a cost-cutting proposal from the Council, i.e. they voted for higher expenditure and then the Council of Finance Ministers reduced expenditure in the agricultural sector.	entscheiden voten wählen votieren abstimmen stimmen				
Auch im Rat sollte es eigentlich nicht passieren, dass z. B. was jüngst passiert ist - die Agrarminister einen Einsparvorschlag der Kommission ablehnen, d. h. die Agrarminister für höhere Ausgaben <N1>stimmen</N1> und anschließend der Rat der Finanzminister die Ausgaben im Agrarbereich reduziert.	Nor should we have to contend with things of the kind that have gone on recently in the Council, for example when the agricultural ministers rejected a cost-cutting proposal from the Council, i.e. they voted for higher expenditure and then the Council of Finance Ministers reduced expenditure in the agricultural sector.					
TRUE						
						
Der zweite Aspekt: Hebt man die sich aus der zunehmenden Differenz zwischen den eingegangenen Verpflichtungen, den erteilten Genehmigungen und den erfolgten Zahlungen, vor allem in der Kategorie 4 externe Politikbereiche , ergebende systematische Erhöhung dessen, was übrig bleibt - der <L1>LAN</L1> - hervor, dann muss man ein höheres Tempo, größere Transparenz und mehr Effektivität in der Verwaltung fordern.	The second point is that there must be greater speed, transparency and efficiency in administration given the systematic increase in the RAL, that is in amounts still to be paid. This results from the increasing disparity between commitments that have been entered into, payments that have been authorised and payments made, particularly under category 4 -  External Actions  .		unclear			
Der zweite Aspekt: Hebt man die sich aus der zunehmenden Differenz zwischen den eingegangenen Verpflichtungen, den erteilten Genehmigungen und den erfolgten Zahlungen, vor allem in der Kategorie 4 externe Politikbereiche , ergebende systematische Erhöhung dessen, was übrig bleibt - der <N1>LAN</N1> - hervor, dann muss man ein höheres Tempo, größere Transparenz und mehr Effektivität in der Verwaltung fordern.	The second point is that there must be greater speed, transparency and efficiency in administration given the systematic increase in the RAL, that is in amounts still to be paid. This results from the increasing disparity between commitments that have been entered into, payments that have been authorised and payments made, particularly under category 4 -  External Actions  .					
TRUE						
						
Dem Haushalt 2001 - dies zum Trost - haftet ein Hauch von <L1>Déjà-vu</L1> an, denn er sieht dem Haushalt 2000 sehr ähnlich, weil Rubrik 4 alles überstrahlt.	For the 2001 budget - that is for conciliation - there is a touch of déja vu in that it is so similar to the 2000 budget because category 4 is overriding everything.					
Dem Haushalt 2001 - dies zum Trost - haftet ein Hauch von <N1>Erinnerungstäuschung</N1> an, denn er sieht dem Haushalt 2000 sehr ähnlich, weil Rubrik 4 alles überstrahlt.	For the 2001 budget - that is for conciliation - there is a touch of déja vu in that it is so similar to the 2000 budget because category 4 is overriding everything.					
TRUE						
						
Der Brok-Antrag zeigt seinerseits die politische Dimension dieser Arbeit auf, und die mündlichen Anfragen von Herrn Brok und Herrn Miranda an die Kommission <L1>charakterisieren</L1> Leitlinien, die von zentraler Bedeutung sind.	The Brok resolution, for its part, offers a political dimension to this work and the questions for oral answer put to the Commission by Mr Brok and Mr Miranda offer guidelines that are of major importance.	beschreiben kennzeichnen charakterisieren | auszeichnen kennzeichnen charakterisieren jemandem zukommen jemandem eigen sein				
Der Brok-Antrag zeigt seinerseits die politische Dimension dieser Arbeit auf, und die mündlichen Anfragen von Herrn Brok und Herrn Miranda an die Kommission <N1>beschreiben</N1> Leitlinien, die von zentraler Bedeutung sind.	The Brok resolution, for its part, offers a political dimension to this work and the questions for oral answer put to the Commission by Mr Brok and Mr Miranda offer guidelines that are of major importance.					
TRUE						
						
Dem Präsidentschaftskandidaten Bush, in dessen Staat 144 Hinrichtungen vorgenommen wurden, ist es gelungen, die Frage der Todesstrafe aus dem Wahlkampf auszuklammern, und er hat die Vollstreckungen in seinem Staat <L1>diskret</L1> und scheinheilig auf die Zeit nach den Wahlen verschoben.	Mr Bush, in whose State 144 executions have been carried out, succeeded in removing the issue of the death penalty from the electoral campaign and discreetly and hypocritically postponed the executions in his State until after the elections.	diskret digital | diskret trennbar separierbar | diskontinuierlich inkrementell schrittweise diskret Zug um Zug Schritt für Schritt stufenweise | schonend unaufdringlich diskret rücksichtsvoll zurückhaltend verhalten dezent unauffällig leise vorsichtig taktvoll				
Dem Präsidentschaftskandidaten Bush, in dessen Staat 144 Hinrichtungen vorgenommen wurden, ist es gelungen, die Frage der Todesstrafe aus dem Wahlkampf auszuklammern, und er hat die Vollstreckungen in seinem Staat <N1>unauffällig</N1> und scheinheilig auf die Zeit nach den Wahlen verschoben.	Mr Bush, in whose State 144 executions have been carried out, succeeded in removing the issue of the death penalty from the electoral campaign and discreetly and hypocritically postponed the executions in his State until after the elections.					
TRUE						
						
Die meisten amerikanischen Politiker und Beamten scheinen diese Auffassung zu vertreten. Manchmal vertreten Amtsträger, gewählte Volksvertreter, jedoch auch eine bestimmte Haltung, weil sie diese für <L1>populär</L1> halten.	Most American politicians, public officials, seem to take that view and it is sometimes the case that public officials, elected officials, take particular points of view because they think they are popular.	(wird) gern gekauft begehrt gesucht in jemandes Gunst beliebt populär (wird) viel gekauft gut eingeführt nachgefragt gefragt | populär massentauglich für die breite Masse massenkompatibel (für den) Massengeschmack				
Die meisten amerikanischen Politiker und Beamten scheinen diese Auffassung zu vertreten. Manchmal vertreten Amtsträger, gewählte Volksvertreter, jedoch auch eine bestimmte Haltung, weil sie diese für <N1>beliebt</N1> halten.	Most American politicians, public officials, seem to take that view and it is sometimes the case that public officials, elected officials, take particular points of view because they think they are popular.					
TRUE						
						
Sie können den Zahlungsverkehr zwischen Banken in verschiedenen Ländern erleichtern, beschleunigen und verbilligen. Die Banken müssen dann allerdings ihre Kunden genau informieren, dass sie auf ihren Belegen neben der feststehenden BLZ- auch ihre <L1>IBAN-Nummer</L1> anzugeben haben.	These systems can make payments between banks in different countries easier, quicker and cheaper, provided that the banks talk to their customers and make it clear to them that in addition to the permanent VAT number, their IBAN code should now also feature on their letter-headed paper.		not a loanword			
Sie können den Zahlungsverkehr zwischen Banken in verschiedenen Ländern erleichtern, beschleunigen und verbilligen. Die Banken müssen dann allerdings ihre Kunden genau informieren, dass sie auf ihren Belegen neben der feststehenden BLZ- auch ihre <N1>IBAN-Nummer</N1> anzugeben haben.	These systems can make payments between banks in different countries easier, quicker and cheaper, provided that the banks talk to their customers and make it clear to them that in addition to the permanent VAT number, their IBAN code should now also feature on their letter-headed paper.					
TRUE						
						
Da die so genannten liberalen Parteien, auch die europäischen, immer mehr dazu neigen, sich mit fremdenfeindlich, <L0>rassistisch</L0> und <L1>autoritär</L1> gesinnten Kräften zu verbünden, ist das nicht nur eine ernste Gefahr für Italien, sondern es deutet auch auf ein Problem hin, das ganz Europa betrifft.	Since the allegedly liberal parties, including the European liberal parties, always tend to ally themselves with parties of xenophobic, racist, authoritarian inspiration, I feel that this is not only a serious danger for Italy, but also an indication of something which concerns the whole of Europe.	autoritär hart rigoros streng katonisch unnachsichtig (mit jemandem) ist nicht gut Kirschen essen strikt Haare auf den Zähnen haben rigide | paternalistisch obrigkeitlich herrisch bevormundend autoritär | herrisch autoritär gebieterisch durchsetzungsfähig durchsetzungsstark				
Da die so genannten liberalen Parteien, auch die europäischen, immer mehr dazu neigen, sich mit fremdenfeindlich,<N0>völkisch</N0> und <N1>herrisch</N1> gesinnten Kräften zu verbünden, ist das nicht nur eine ernste Gefahr für Italien, sondern es deutet auch auf ein Problem hin, das ganz Europa betrifft.	Since the allegedly liberal parties, including the European liberal parties, always tend to ally themselves with parties of xenophobic, racist, authoritarian inspiration, I feel that this is not only a serious danger for Italy, but also an indication of something which concerns the whole of Europe.					
TRUE						
						
Wie viel wünschenswerter und akzeptabler wäre das Ziel einer <L1>losen</L1> Gemeinschaft von Nationalstaaten, die freien Handel miteinander treiben und in einer begrenzten Anzahl von Politikbereichen einheitlich handeln, und wie viel einfacher wäre es dann, einem Land wie der Türkei Rechnung zu tragen.	How much more desirable and acceptable would be the goal of a looser community of nation-states trading freely and acting in unison over a limited range of policy areas and how much easier it would then be to accommodate a country such as Turkey.	abtrennen lösen | loshaken losschnallen gehen lassen lösen abschnallen | lösen Schutz aufheben entsperren entsichern | trennen lösen losmachen locker machen lockern | lösen klären aus der Welt schaffen (Missstand) abstellen ins Reine bringen (Problem) bewältigen Kuh vom Eis holen (Problem) beseitigen abhelfen (Fehler) ausmerzen geradebiegen in Ordnung bringen Abhilfe schaffen bereinigen (Mangel) beheben	no loanword			
Wie viel wünschenswerter und akzeptabler wäre das Ziel einer <N1>losen</N1> Gemeinschaft von Nationalstaaten, die freien Handel miteinander treiben und in einer begrenzten Anzahl von Politikbereichen einheitlich handeln, und wie viel einfacher wäre es dann, einem Land wie der Türkei Rechnung zu tragen.	How much more desirable and acceptable would be the goal of a looser community of nation-states trading freely and acting in unison over a limited range of policy areas and how much easier it would then be to accommodate a country such as Turkey.					
TRUE						
						
Herr Präsident! Ich hätte gerne eine Erklärung, was gemeint war, als Sie sagten, wir <L1>checken</L1> , da das Wort sich nicht in meinem deutschen Vokabular befindet.	Mr President, I would like to have an explanation of what you meant when you said  wir checken , as that word is not part of my German vocabulary.	beaufsichtigen überwachen aufpassen im Visier haben nachhalten beobachten checken kontrollieren im Visier behalten im Blick haben im Sichtfeld haben | aufnehmen erschließen durchsehen fassen checken erfassen blicken verstehen der Groschen fällt dahintersteigen durchblicken klar sehen hinter etwas steigen durchschauen raffen bewusst werden durchsteigen kapieren jemandem eingehen schnallen überreißen peilen Klick machen begreifen spannen verarbeiten rallen | checken austesten abchecken ausprobieren antesten herumexperimentieren				
Herr Präsident! Ich hätte gerne eine Erklärung, was gemeint war, als Sie sagten, wir <N1>überprüfen</N1> , da das Wort sich nicht in meinem deutschen Vokabular befindet.	Mr President, I would like to have an explanation of what you meant when you said  wir checken , as that word is not part of my German vocabulary.					
TRUE						
						
Wir <L1>balancieren</L1> tatsächlich auf einem gespannten Seil und sollten Entscheidungen über die Zusatzversicherung, die wir allen Mitgliedstaaten auferlegen wollen, nur mit Bedacht und nach gründlicher Überlegung treffen.	We really are on a tightrope and I think that decisions on supplementary insurance which will apply to all the Member States need to be taken cautiously and with a great deal of circumspection.					
Wir <N1>bewegen uns</N1> tatsächlich auf einem gespannten Seil und sollten Entscheidungen über die Zusatzversicherung, die wir allen Mitgliedstaaten auferlegen wollen, nur mit Bedacht und nach gründlicher Überlegung treffen.	We really are on a tightrope and I think that decisions on supplementary insurance which will apply to all the Member States need to be taken cautiously and with a great deal of circumspection.					
TRUE						
						
Ein Teil dieser europäischen Spareinlagen dient dazu, dass die europäischen Unternehmen im Rahmen der Globalisierung ins Ausland gehen; in manchen Fällen sind es europäische Investitionen, die im Ausland vorgenommen werden, und in anderen sind es einfach Länder oder Emittenten, die in Europa agieren, wo sie ihre Ressourcen besser auffangen und danach ins Ausland <L1>transferieren</L1> können.	Part of these European savings are allowing European firms to go abroad and become international; in some cases they are European investments produced abroad, and in others still they are just countries or issuers that act in Europe, where they can raise funds better and then transfer them abroad.	veräußern übertragen transferieren | transferieren tauschen austauschen ablösen ersetzen substituieren auswechseln				
Ein Teil dieser europäischen Spareinlagen dient dazu, dass die europäischen Unternehmen im Rahmen der Globalisierung ins Ausland gehen; in manchen Fällen sind es europäische Investitionen, die im Ausland vorgenommen werden, und in anderen sind es einfach Länder oder Emittenten, die in Europa agieren, wo sie ihre Ressourcen besser auffangen und danach ins Ausland <N1>übertragen</N1> können.	Part of these European savings are allowing European firms to go abroad and become international; in some cases they are European investments produced abroad, and in others still they are just countries or issuers that act in Europe, where they can raise funds better and then transfer them abroad.					
TRUE						
						
Eines Tages muss es doch endlich so weit sein, dass Europa sein eigenes Cape Canaveral, seine eigene <L1>NASA</L1> und sein eigenes Silicon Valley hat.	It is about time Europe had its own Cape Canaveral, its own ÍÁSÁ and its own Silicon Valley.	National Aeronautics and Space Administration Nationale Luft- und Raumfahrtbehörde NASA US-Raumfahrtbehörde	no loanword			
Eines Tages muss es doch endlich so weit sein, dass Europa sein eigenes Cape Canaveral, seine eigene <N1>NASA</N1> und sein eigenes Silicon Valley hat.	It is about time Europe had its own Cape Canaveral, its own ÍÁSÁ and its own Silicon Valley.					
TRUE						
						
Ich sage voraus, auch diese Richtlinie wird vor dem EuGH fallen, und das Parlament und die Kommission werden sich genauso <L1>blamieren</L1> wie beim ersten Mal, wenn wir nicht bereit sind, die rechtlichen Aspekte zu prüfen!	I predict that this directive, too, will fall before the European Court of Justice, and Parliament and the Commission will make a fool of themselves just as they did the first time, if we are not prepared to examine the legal aspects.	vorführen an den Pranger stellen bloßstellen kompromittieren blamieren lächerlich machen zum Gespött machen mit heruntergelassener Hose dastehen lassen desavouieren | verlegen machen bloßstellen blamieren beschämen sehr peinlich sein jemandem Schande machen				
Ich sage voraus, auch diese Richtlinie wird vor dem EuGH fallen, und das Parlament und die Kommission werden sich genauso <N1>bloßstellen</N1> wie beim ersten Mal, wenn wir nicht bereit sind, die rechtlichen Aspekte zu prüfen!	I predict that this directive, too, will fall before the European Court of Justice, and Parliament and the Commission will make a fool of themselves just as they did the first time, if we are not prepared to examine the legal aspects.					
TRUE						
						
Diejenigen, welche die Charta als zu <L1>lasch</L1> betrachten - und ich weiß, dass dazu auch viele in diesem Hohen Haus gehören -, möchte ich jedoch darauf hinweisen, dass sie sorgfältig mit dem Ziel ausgearbeitet und verfasst wurde, sie zu einer Rechtsnorm zu erheben.	I personally have no doubt that this is a seminal text and I would like to remind those who feel that it does not go far enough - and I know that many in this House are of this opinion - that it was drafted and conceived with care precisely with a view to giving it legal status.	muffig fade schal fad lasch abgestanden wie Laternenpfahl ganz unten vermufft labberig | uninteressant langweilig wenig aufregend lasch | schlaff kraftlos kaputt platt down daneben schlapp matt lasch alle saft- und kraftlos duhne lurig fix und foxi ausgelutscht ohne Saft und Kraft groggy geschafft ausgepowert nüntig abgeschlafft	no loanword			
Diejenigen, welche die Charta als zu <N1>lasch</N1> betrachten - und ich weiß, dass dazu auch viele in diesem Hohen Haus gehören -, möchte ich jedoch darauf hinweisen, dass sie sorgfältig mit dem Ziel ausgearbeitet und verfasst wurde, sie zu einer Rechtsnorm zu erheben.	I personally have no doubt that this is a seminal text and I would like to remind those who feel that it does not go far enough - and I know that many in this House are of this opinion - that it was drafted and conceived with care precisely with a view to giving it legal status.					
TRUE						
						
Meine persönliche Erfahrung ist, dass ich mehr und mehr begeistert bin, wenn ich auf junge, aufgeschlossene und gut ausgebildete Russen treffe, aber dass mich weiterhin russische Strukturen, sei es in Staat, Wirtschaft oder gar Mafiastrukturen, mehr und mehr <L1>depressiv</L1> machen.	I personally become more and more enthusiastic when I meet young, open, well-educated Russians and more and more depressed by Russian structures, be they state, economic or even mafia structures.	hoffnungslos freudlos gemütskrank depressiv dysthymisch				
Meine persönliche Erfahrung ist, dass ich mehr und mehr begeistert bin, wenn ich auf junge, aufgeschlossene und gut ausgebildete Russen treffe, aber dass mich weiterhin russische Strukturen, sei es in Staat, Wirtschaft oder gar Mafiastrukturen, mehr und mehr <N1>niedergeschlagen</N1> machen.	I personally become more and more enthusiastic when I meet young, open, well-educated Russians and more and more depressed by Russian structures, be they state, economic or even mafia structures.					
TRUE						
						
Gemäß dem Vorschlag soll der zollfreie Marktzugang für Waren aus den <L1>LCD</L1> im Rahmen einer Änderung des derzeit von der Gemeinschaft angewandten Systems der allgemeinen Zollpräferenzen gewährt werden.	The proposal provides for granting products from LDCs duty free access, amending the generalised tariff preference scheme currently implemented by the Community.	TFT-Display Flüssigkristallbildschirm LCD	no loanword			
Gemäß dem Vorschlag soll der zollfreie Marktzugang für Waren aus den <N1>LCD</N1> im Rahmen einer Änderung des derzeit von der Gemeinschaft angewandten Systems der allgemeinen Zollpräferenzen gewährt werden.	The proposal provides for granting products from LDCs duty free access, amending the generalised tariff preference scheme currently implemented by the Community.					
TRUE						
						
Europäischer Vorschriften bedarf es auch schon deswegen, weil für Luftfahrtgesellschaften künftig nicht mehr die Möglichkeit des <L1>shoppen</L1> bestehen sollte.	We also need European legislation because, in my opinion, we can no longer allow aviation companies to 'shop around' .	kaufen erstehen erkaufen besorgen einkaufen sich holen käuflich erwerben anschaffen sich zulegen shoppen | Shoppen Einkaufsbummel Erlebniskauf Shopping				
Europäischer Vorschriften bedarf es auch schon deswegen, weil für Luftfahrtgesellschaften künftig nicht mehr die Möglichkeit des <N1>anschaffen</N1> bestehen sollte.	We also need European legislation because, in my opinion, we can no longer allow aviation companies to 'shop around' .					
TRUE						
						
Wir können den Nutzen für den Hersteller darin erkennen, dass dieses Stück Karotte <L1>orange</L1> bleibt und sich nicht grau färbt.	We can see the manufacturer's benefit that this piece of carrot stays orange and does not turn grey.	orangen orangefarben orange pfirsichfarben | Apfelsine Orange				
Wir können den Nutzen für den Hersteller darin erkennen, dass dieses Stück Karotte <N1>apfelsinenfarben</N1> bleibt und sich nicht grau färbt.	We can see the manufacturer's benefit that this piece of carrot stays orange and does not turn grey.					
TRUE						
						
Wir wollen unsere kulturellen Produkte <L1>balkanisieren</L1> !	We are going to  balkanise  our cultural products!					
Wir wollen unsere kulturellen Produkte <N1>aufteilen</N1> !	We are going to  balkanise  our cultural products!					
TRUE						
						
Das kann für einzelne Betriebe nur <L1>ruinös</L1> sein.	It will inevitably push individual companies over the edge.	baufällig schadhaft ruinös				
Das kann für einzelne Betriebe nur <N1>zerstörerisch</N1> sein.	It will inevitably push individual companies over the edge.					
TRUE						
						
Aber ich will doch auf diese Geschichte eingehen, denn sie ist sehr beunruhigend, zugleich in gewisser Hinsicht auch <L1>amüsant</L1> und auf jeden Fall bezeichnend für den gegenwärtigen Zustand Europas zum Zeitpunkt von Nizza.	But I must still point out that, however worrying, this affair also has its amusing side and, if nothing else, illustrates the current state of Europe, the Europe of Nice.	komisch lustig scherzhaft witzig urkomisch zum Schießen belustigend brüllend komisch rasend komisch zum Kaputtlachen grobhumorig zum Schreien schreiend komisch humorig äußerst komisch ulkig spaßig amüsant zum Totlachen | amüsant vergnüglich kurzweilig				
Aber ich will doch auf diese Geschichte eingehen, denn sie ist sehr beunruhigend, zugleich in gewisser Hinsicht auch <N1>lustig</N1> und auf jeden Fall bezeichnend für den gegenwärtigen Zustand Europas zum Zeitpunkt von Nizza.	But I must still point out that, however worrying, this affair also has its amusing side and, if nothing else, illustrates the current state of Europe, the Europe of Nice.					
TRUE						
						
Ich beglückwünsche Herrn Varela zu diesem politischen Vorausdenken, das ich fast <L1>poetisch</L1> nennen möchte.	I congratulate Mr Varela on his political foresight, which could almost be called poetic.	poetisch dichterisch				
Ich beglückwünsche Herrn Varela zu diesem politischen Vorausdenken, das ich fast <N1>dichterisch</N1> nennen möchte.	I congratulate Mr Varela on his political foresight, which could almost be called poetic.					
TRUE						
						
Das Subsidiaritätsprinzip ist zwar nützlich - wobei ich es allerdings <L1>grotesk</L1> fände, allen Betrunkenen den Führerschein zu entziehen -, doch muss erkennbar sein, wann die Kraftfahrer gemäß unserer Straßenverkehrsordnung als betrunken gelten.	The principle of subsidiarity is all very well - although I feel that it would be grossly inappropriate to take away the licences of all drunk drivers - but the problem is working out at what point a driver is to be considered drunk according to our highway code.	absurd grotesk fratzenhaft | eigenartig eigentümlich eigenwillig komisch schräg verquer ungewöhnlich skurril sonderbar befremdend befremdlich bizarr fällt aus dem Rahmen abstrus absurd lächerlich aberwitzig grotesk kurios merkwürdig abgedreht | grotesk bedrohlich beängstigend rätselhaft kafkaesk				
Das Subsidiaritätsprinzip ist zwar nützlich - wobei ich es allerdings <N1>ungewöhnlich</N1> fände, allen Betrunkenen den Führerschein zu entziehen -, doch muss erkennbar sein, wann die Kraftfahrer gemäß unserer Straßenverkehrsordnung als betrunken gelten.	The principle of subsidiarity is all very well - although I feel that it would be grossly inappropriate to take away the licences of all drunk drivers - but the problem is working out at what point a driver is to be considered drunk according to our highway code.					
TRUE						
						
Nur muss es ihnen - aber genau so den Männern - möglich sein, häusliche Aufgaben genau so gut zu <L1>managen</L1> wie berufliche Anforderungen.	However, they, and this applies equally to men, have to be able to manage their domestic commitments just as well as they cope with the professional demands placed on them.	beherrschen herrschen managen regeln | bewerkstelligen handhaben handeln managen zurechtkommen				
Nur muss es ihnen - aber genau so den Männern - möglich sein, häusliche Aufgaben genau so gut zu <N1>handhaben</N1> wie berufliche Anforderungen.	However, they, and this applies equally to men, have to be able to manage their domestic commitments just as well as they cope with the professional demands placed on them.					
TRUE						
						
Denn Hass, Zwang und der Versuch, den Partner, das <L1>vis-à-vis</L1> unter Druck zu setzen, haben leider wieder die Oberhand gewonnen.	Because unfortunately, hatred, coercion and attempts to put the partner under pressure using these methods, have regained the upper hand.	jenseits entgegengesetzt gegenüberliegend gegenüber vis-à-vis am anderen Ufer vis-a-vis auf der anderen Straßenseite auf der anderen Seite				
Denn Hass, Zwang und der Versuch, den Partner, das <N1>gegenüber</N1> unter Druck zu setzen, haben leider wieder die Oberhand gewonnen.	Because unfortunately, hatred, coercion and attempts to put the partner under pressure using these methods, have regained the upper hand.					
TRUE						
						
Herr Präsident, meine Damen und Herren, Kolleginnen und Kollegen! Die Frau Kollegin McNally hat vorhin gesagt, dass es sich bei ihrem Bericht um eine Angelegenheit handelt, die nicht besonders <L1>sexy</L1> ist.	Mr President, ladies and gentlemen, as Mrs McNally said earlier, her report was not a particularly sexy matter.	aktuell sexy steht hoch im Kurs gefragt kultig en vogue trendy (voll) im Trend angesagt im Trend liegen im Schwange in Mode Mode sein in dem Zeitgeist entsprechend hip trendig zum guten Ton gehören | scharf geil atemraubend atemberaubend reizend attraktiv Blicke auf sich ziehen aufreizend ansprechend Lust machen weiblichen Reize zur Geltung bringen lustvoll heiß wohlgestaltet lasziv aufregend Phantasien auslösen aphrodisierend mit heißen Kurven verführerisch Hormone ankurbelnd erregend erotisierend sinnlich rassig erotisch Männerherzen höher schlagen lassen stimulierend wohlgeformt lecker knackig knusprig reizvoll Hormone in Wallung bringen wohlproportioniert kurvig sexy betörend zum Anbeißen				
Herr Präsident, meine Damen und Herren, Kolleginnen und Kollegen! Die Frau Kollegin McNally hat vorhin gesagt, dass es sich bei ihrem Bericht um eine Angelegenheit handelt, die nicht besonders <N1>ansprechend</N1> ist.	Mr President, ladies and gentlemen, as Mrs McNally said earlier, her report was not a particularly sexy matter.					
TRUE						
						
Deshalb hoffe ich, dass das erneute Verbot der Verwendung dieses Hormonfleisches bei uns in Europa die amerikanischen Verbraucher und Gesundheitsbehörden <L1>alarmieren</L1> wird, so dass sich weitere Diskussion darüber im Rahmen der WTO erübrigen werden.	I therefore hope that the renewed adoption of a ban on the use of this hormone-treated meat here in Europe might capture the attention both of American consumers and of the American health authorities so that we avoid having to have further discussions of this matter under the auspices of the WTO.	alarmieren beunruhigen für Unruhe sorgen in Alarmstimmung versetzen | avertieren vorwarnen aufschrecken aufzeigen Alarm schlagen alarmieren warnen Alarm auslösen Alarm geben | aufschrecken alarmieren aufscheuchen wachrütteln wecken emporreißen aufrütteln aufwecken elektrisieren erschüttern				
Deshalb hoffe ich, dass das erneute Verbot der Verwendung dieses Hormonfleisches bei uns in Europa die amerikanischen Verbraucher und Gesundheitsbehörden <N1>beunruhigen</N1> wird, so dass sich weitere Diskussion darüber im Rahmen der WTO erübrigen werden.	I therefore hope that the renewed adoption of a ban on the use of this hormone-treated meat here in Europe might capture the attention both of American consumers and of the American health authorities so that we avoid having to have further discussions of this matter under the auspices of the WTO.					
TRUE						
						
Der Absatz 12 verlangt, erbittet, ersucht, Gedanken darüber anzustellen, wie man eine spezifische Mehrwertsteuerregelung für das <L1>downloaden</L1> von Veröffentlichungen finden könnte.	Paragraph 12 demands, requests, calls on the Member States to consider how to apply specific VAT arrangements to publications which are downloaded.	laden herunterladen herunterkopieren runterladen downloaden				
Der Absatz 12 verlangt, erbittet, ersucht, Gedanken darüber anzustellen, wie man eine spezifische Mehrwertsteuerregelung für das <N1>herunterladen</N1> von Veröffentlichungen finden könnte.	Paragraph 12 demands, requests, calls on the Member States to consider how to apply specific VAT arrangements to publications which are downloaded.					
TRUE						
						
With cod supplies at an all-time low Mr Nicholson is calling for restrictions to <L1>stop</L1> trawlers from catching juvenile cod.	With cod supplies at an all-time low Mr Nicholson is calling for restrictions to stop trawlers from catching juvenile cod.		not a german sentence			
With cod supplies at an all-time low Mr Nicholson is calling for restrictions to <N1>stop</N1> trawlers from catching juvenile cod.	With cod supplies at an all-time low Mr Nicholson is calling for restrictions to stop trawlers from catching juvenile cod.					
TRUE						
						
Meine Verantwortung als Kulturpolitikerin ist erstens, diese Existenzgrundlage von Urhebern zu ermöglichen und zu sichern, und zweitens - und das möchte ich nicht in der Reihenfolge verstanden wissen, sondern als gleichwertig - der Öffentlichkeit nicht nur einen <L1>free</L1> access zu garantieren, sondern auch dafür Sorge zu tragen, dass der Öffentlichkeit qualitativ hochwertige Inhalte in ihrer ganzen Vielfalt zur Verfügung gestellt werden.	As a politician for culture, my responsibility is, firstly, to give rightholders a secure basis for their existence and, secondly - and I do not mean secondarily but equally - to guarantee the public free access and, at the same time, ensure that high-quality works are available to the public in all their diversity.					
Meine Verantwortung als Kulturpolitikerin ist erstens, diese Existenzgrundlage von Urhebern zu ermöglichen und zu sichern, und zweitens - und das möchte ich nicht in der Reihenfolge verstanden wissen, sondern als gleichwertig - der Öffentlichkeit nicht nur einen <N1>freien</N1> access zu garantieren, sondern auch dafür Sorge zu tragen, dass der Öffentlichkeit qualitativ hochwertige Inhalte in ihrer ganzen Vielfalt zur Verfügung gestellt werden.	As a politician for culture, my responsibility is, firstly, to give rightholders a secure basis for their existence and, secondly - and I do not mean secondarily but equally - to guarantee the public free access and, at the same time, ensure that high-quality works are available to the public in all their diversity.					
TRUE						
						
Die einzige Frage, die sich stellt, betrifft ihre sofortige Freilassung aus den serbischen Gefängnissen und ihre Übergabe an die <L1>UNO-Mission</L1> im Kosovo.	The only issue to consider is their immediate release from Serbian prisons and their transfer to the UN mission in Kosovo.		no loanword			
Die einzige Frage, die sich stellt, betrifft ihre sofortige Freilassung aus den serbischen Gefängnissen und ihre Übergabe an die <N1>UNO-Mission</N1> im Kosovo.	The only issue to consider is their immediate release from Serbian prisons and their transfer to the UN mission in Kosovo.					
TRUE						
						
Die Wahl der Politik ist frei. Wenn ein Land von der empfohlenen Richtung <L1>markant</L1> abweicht, kann es kritisiert werden, mehr nicht.	There is a free choice of policy, and if a country goes down a markedly different path than the one recommended, it can be criticised, but nothing more.	stark deutlich wahrnehmbar augenfällig ersichtlich klar und deutlich nicht zu übersehen unübersehbar ausgeprägt apparent ins Auge fallend auffällig deutlich sichtbar intensiv offensichtlich ins Auge stechend dick und fett offenkundig hervorstechend auffallend markant deutlich erkennbar | scharf stark deutlich klar prägnant kräftig ausgeprägt intensiv markant regelmäßig umrissen gestochen heftig | stark deutlich merklich augenfällig prägnant ausgeprägt markant spürbar fühlbar charakteristisch in großem Umfang signifikant bezeichnend				
Die Wahl der Politik ist frei. Wenn ein Land von der empfohlenen Richtung <N1>auffallend</N1> abweicht, kann es kritisiert werden, mehr nicht.	There is a free choice of policy, and if a country goes down a markedly different path than the one recommended, it can be criticised, but nothing more.					
TRUE						
						
Die Schuld Irlands besteht in seinem Streben nach wirtschaftlicher Stabilität, und in diesem Zusammenhang wurde unser letzter Haushalt als zu <L1>inflationär</L1> beurteilt.	The charge is that Ireland is to seek to achieve economic stability and, in that context, our last budget was deemed to be over-inflationary.	überbordend sich unmäßig ausweitend inflationär inflatorisch in übermäßiger Weise auftretend inflationistisch sich unmäßig ausbreitend				
Die Schuld Irlands besteht in seinem Streben nach wirtschaftlicher Stabilität, und in diesem Zusammenhang wurde unser letzter Haushalt als zu <N1>überbordend</N1> beurteilt.	The charge is that Ireland is to seek to achieve economic stability and, in that context, our last budget was deemed to be over-inflationary.					
TRUE						
						
Hätte sich die Europäische Kommission bewusst für einen Kurs entschieden, mit dem das Vereinigte Königreich vom Beitritt zum Euro abgehalten werden soll, indem sich die Kommission als eine überholte Bürokratie zeigt, die gewählte Regierungen auf eine völlig abwegige Art und Weise zu <L1>schikanieren</L1> sucht, dann hätte sie es tatsächlich nicht besser bewerkstelligen können.	In fact, if the European Commission had deliberately decided on a course which would alienate the UK from joining the euro, by revealing itself to be an out-of-date bureaucracy which tries to bully elected governments in ways that are completely outside its brief, it could not have done better.	piesacken zur Sau machen fertigmachen mobben aufs Korn nehmen drangsalieren intrigieren schikanieren kujonieren schurigeln				
Hätte sich die Europäische Kommission bewusst für einen Kurs entschieden, mit dem das Vereinigte Königreich vom Beitritt zum Euro abgehalten werden soll, indem sich die Kommission als eine überholte Bürokratie zeigt, die gewählte Regierungen auf eine völlig abwegige Art und Weise zu <N1>drangsalieren</N1> sucht, dann hätte sie es tatsächlich nicht besser bewerkstelligen können.	In fact, if the European Commission had deliberately decided on a course which would alienate the UK from joining the euro, by revealing itself to be an out-of-date bureaucracy which tries to bully elected governments in ways that are completely outside its brief, it could not have done better.					
TRUE						
						
Ich habe im Auftrag des Parlaments einen Bericht erstellt, der im vergangenen Jahr fast einstimmig gebilligt wurde und in dem das Parlament die Kommission ermahnt, die Reformen so schnell wie möglich durchzuführen, um nicht die Mitarbeiter zu <L1>demoralisieren</L1> und die Öffentlichkeit zu enttäuschen.	I drew up on behalf of Parliament a report, which was approved almost unanimously last year, in which Parliament warned the Commission that the reforms must be implemented as quickly as possible to avoid staff demoralisation and public disenchantment.	abschrecken ins Bockshorn jagen einschüchtern demoralisieren demotivieren den Schneid nehmen entmutigen den Schneid abkaufen Wind aus den Segeln nehmen decouragieren | demoralisieren kleinkriegen erniedrigen jemanden fertig machen				
Ich habe im Auftrag des Parlaments einen Bericht erstellt, der im vergangenen Jahr fast einstimmig gebilligt wurde und in dem das Parlament die Kommission ermahnt, die Reformen so schnell wie möglich durchzuführen, um nicht die Mitarbeiter zu <N1>entmutigen</N1> und die Öffentlichkeit zu enttäuschen.	I drew up on behalf of Parliament a report, which was approved almost unanimously last year, in which Parliament warned the Commission that the reforms must be implemented as quickly as possible to avoid staff demoralisation and public disenchantment.					
TRUE						
						
Herr Präsident, ich bitte um das Wort wegen Anspielungen nicht auf meine Person, sondern auf den Vorsitzenden meiner Fraktion, um in meiner Eigenschaft als stellvertretender Fraktionsvorsitzender zu sagen, dass der Redebeitrag von Herrn Poettering für mich absolut <L1>genial</L1> war.	Mr President, I have requested the floor not for personal reasons but on behalf of the President of my group and in my capacity as Vice-President of that group, to say that I thought Mr Poettering' s speech was marvellous.	genial brillant glänzend wunderbar wundervoll splendid herrlich prächtig dass es eine ein Gedicht Ich kann mein Glück noch gar nicht fassen wahre Wonne famos | genial geil brillant glänzend absolut super exzellent beispiellos von außerordentlicher Qualität atemraubend magnifik wunderbar begnadet einzigartig affengeil sagenhaft unglaublich absoluter Wahnsinn hinreißend unübertroffen fetzt berückend überragend saugeil fulminant absolut irre erstklassig top süperb überwältigend ohne Beispiel atemberaubend phantastisch phänomenal ganz großes Kino urst zum Sterben schön unvergleichlich vom Feinsten wumbaba unübertrefflich fantastisch bestens hervorragend nicht zu toppen nicht zu fassen du kriegst die Motten allererste Sahne herausragend umwerfend hammergeil zum Niederknien toll traumhaft himmelsgleich rockt grandios megacool ganz große Klasse himmlisch wundervoll großartig super superb klasse fabelhaft ausgezeichnet stark sauber cool tipptopp prima leiwand knorke dufte doll zum Reinlegen töfte astrein phatt hasenrein 1A tofte der Hit erste Sahne leinwand spitze nicht schlecht bombig | genial ingeniös				
Herr Präsident, ich bitte um das Wort wegen Anspielungen nicht auf meine Person, sondern auf den Vorsitzenden meiner Fraktion, um in meiner Eigenschaft als stellvertretender Fraktionsvorsitzender zu sagen, dass der Redebeitrag von Herrn Poettering für mich absolut <N1>wunderbar</N1> war.	Mr President, I have requested the floor not for personal reasons but on behalf of the President of my group and in my capacity as Vice-President of that group, to say that I thought Mr Poettering' s speech was marvellous.					
TRUE						
						
Es wäre gut, wenn der Konsument in Echtzeit erfahren könnte, was sein Gespräch gerade kostet, oder wenn er zumindest das Recht bekommt, im Nachhinein eine <L1>SMS</L1> innerhalb kürzester Zeit zu bekommen, die die Kosten des Gesprächs bekannt gibt.	It would be good if consumers really could find out exactly what their conversations cost or if they at least received a follow-up SMS straight away, telling them what the call had cost.	SMS Dienst für Kurznachrichten | Short Message Kurznachricht SMS				
Es wäre gut, wenn der Konsument in Echtzeit erfahren könnte, was sein Gespräch gerade kostet, oder wenn er zumindest das Recht bekommt, im Nachhinein eine <N1>Kurznachricht</N1> innerhalb kürzester Zeit zu bekommen, die die Kosten des Gesprächs bekannt gibt.	It would be good if consumers really could find out exactly what their conversations cost or if they at least received a follow-up SMS straight away, telling them what the call had cost.					
TRUE						
						
Denn bei einer Sitzung des nichtständigen, mit der Untersuchung des Falles Echelon beauftragten Ausschusses hat ein hoher Beamter, der für die Verschlüsselung vertraulicher Informationen zuständig ist, Folgendes erklärt: Ich hatte schon immer sehr gute Kontakte mit der <L1>NSA</L1> in Washington. Die NSA prüft normalerweise unsere Systeme, ob sie 100-prozentig dicht sind und richtig verwendet werden.	At a meeting of the Temporary Committee investigating the Echelon affair, a senior official responsible for the encryption of confidential information said that he had always been on very good terms with the NSA in Washington and that they check our systems on a regular basis to ensure that they really are secure and are being used correctly.		no loanword			
Denn bei einer Sitzung des nichtständigen, mit der Untersuchung des Falles Echelon beauftragten Ausschusses hat ein hoher Beamter, der für die Verschlüsselung vertraulicher Informationen zuständig ist, Folgendes erklärt: Ich hatte schon immer sehr gute Kontakte mit der <N1>NSA</N1> in Washington. Die NSA prüft normalerweise unsere Systeme, ob sie 100-prozentig dicht sind und richtig verwendet werden.	At a meeting of the Temporary Committee investigating the Echelon affair, a senior official responsible for the encryption of confidential information said that he had always been on very good terms with the NSA in Washington and that they check our systems on a regular basis to ensure that they really are secure and are being used correctly.					
TRUE						
						
In Italien gibt es bereits einen Arzt, der Menschen reproduktiv zu <L1>klonen</L1> bereit ist, und 60 Freiwillige haben sich schon dafür angemeldet.	There is a doctor in Italy who already wants to clone people reproductively, and 60 volunteers have already come forward for this experiment.	sich unterhalten plaudern schnacken miteinander reden plauschen konversieren Smalltalk machen quatschen parlieren babbeln Small Talk machen quatern ratschen babbele quasseln Konversation machen klönen | Klonen ungeschlechtliche Vermehrung asexuelle Vermehrung vegetative Vermehrung | kopieren vervielfältigen klonen replizieren verdoppeln klonieren duplizieren				
In Italien gibt es bereits einen Arzt, der Menschen reproduktiv zu <N1>vervielfältigen</N1> bereit ist, und 60 Freiwillige haben sich schon dafür angemeldet.	There is a doctor in Italy who already wants to clone people reproductively, and 60 volunteers have already come forward for this experiment.					
TRUE						
						
Ab jetzt sollen jedoch die größten Beträge aus diesen Operationen als Aktiva behandelt werden, die nicht als Staatsschulden zu verbuchen sind. Dadurch wäre es möglich, die Nettoverschuldung und damit das übermäßige öffentliche Defizit zu <L1>frisieren</L1> oder zu verschleiern.	However, from now on, the main amounts of these transactions are going to be considered as financial assets that do not count as public debt, which could enable the net debt, and therefore excessive public debt, to be disguised or hidden, which is unacceptable.	frisieren verhüllen verschleiern maskieren verbrämen aufputzen übertünchen schönen günstig darstellen verharmlosen ins rechte Licht setzen beschönigen ins rechte Licht rücken weichspülen schönreden bemänteln positiv darstellen in ein gutes Licht rücken herunterspielen schönfärben | frisieren verfälschen manipulieren klittern fälschen faken schönen | frisieren kämmen bürsten | aufmöbeln verbessern aufpolieren tunen aufpeppen aufblasen pimpen aufmotzen aufbohren frisieren				
Ab jetzt sollen jedoch die größten Beträge aus diesen Operationen als Aktiva behandelt werden, die nicht als Staatsschulden zu verbuchen sind. Dadurch wäre es möglich, die Nettoverschuldung und damit das übermäßige öffentliche Defizit zu <N1>beschönigen</N1> oder zu verschleiern.	However, from now on, the main amounts of these transactions are going to be considered as financial assets that do not count as public debt, which could enable the net debt, and therefore excessive public debt, to be disguised or hidden, which is unacceptable.					
TRUE						
						
Ein solcher Zeitrahmen ist erforderlich, um ein Forschungsprojekt zu genehmigen, es zu finanzieren, durchzuführen, danach vom ECVAM <L1>validieren</L1> sowie vom Wissenschaftlichen Ausschuss genehmigen zu lassen und es schließlich in Anhang 5 aufzunehmen.	Agreeing a research project, funding it, undertaking it and then having it validated by ECVAM, endorsed by the Scientific Committee and incorporated into Annex 5 requires that sort of timescale.	verifizieren validieren überprüfen bestätigen | validieren für gültig erklären rechtswirksam machen				
Ein solcher Zeitrahmen ist erforderlich, um ein Forschungsprojekt zu genehmigen, es zu finanzieren, durchzuführen, danach vom ECVAM <N1>bestätigen</N1> sowie vom Wissenschaftlichen Ausschuss genehmigen zu lassen und es schließlich in Anhang 5 aufzunehmen.	Agreeing a research project, funding it, undertaking it and then having it validated by ECVAM, endorsed by the Scientific Committee and incorporated into Annex 5 requires that sort of timescale.					
TRUE						
						
Diese Erkenntnisse der Industrie, die sollten wir uns zu eigen machen und nicht sporadisch auf Ersatzstoffe <L1>tippen</L1> oder solche fordern, die wir selbst noch nicht geprüft haben, bei denen wir selbst nicht wissen, wo es lang geht.	We should appropriate industry's findings and not randomly back or call for substitutes which we ourselves have not yet investigated, and about which we ourselves do not know the full facts.	spielen tippen wetten zocken auf etwas setzen | tippen Maschine schreiben | eingeben hacken tippen (auf einer Tastatur) schreiben				
Diese Erkenntnisse der Industrie, die sollten wir uns zu eigen machen und nicht sporadisch auf Ersatzstoffe <N1>wetten</N1> oder solche fordern, die wir selbst noch nicht geprüft haben, bei denen wir selbst nicht wissen, wo es lang geht.	We should appropriate industry's findings and not randomly back or call for substitutes which we ourselves have not yet investigated, and about which we ourselves do not know the full facts.					
TRUE						
						
Meinen drei Kollegen, die keine Entlastung erteilen wollen, möchte ich sagen, dass ich wirklich <L1>nervös</L1> geworden wäre, wenn sie gesagt hätten, sie möchten doch Entlastung erteilen.	To my three colleagues, who do not wish to grant discharge, I would like to say that it would really have worried me if they had said that they wanted to grant discharge.	aufgewühlt nervös zitterig gespannt angespannt nervlich angespannt die Nerven liegen bloß unter Spannung unter Anspannung unter Spannung aufgerührt in Anspannung in atemloser Spannung Nerven sind zum Zerreißen gespannt nervlich angespannt | durcheinander ruhelos zappelig fickerig erregt wie ein aufgescheuchtes Huhn aufgeregt aufgedreht kirre unruhig schreckhaft rapplig aufgewühlt kribbelig nervös beunruhigt fieberhaft rappelig gereizt kabbelig wie angestochen aufgekratzt | nervös nervlich				
Meinen drei Kollegen, die keine Entlastung erteilen wollen, möchte ich sagen, dass ich wirklich <N1>angespannt</N1> geworden wäre, wenn sie gesagt hätten, sie möchten doch Entlastung erteilen.	To my three colleagues, who do not wish to grant discharge, I would like to say that it would really have worried me if they had said that they wanted to grant discharge.					
TRUE						
						
Ich bin der Berichterstatter für diesen Bericht und hoffe, das Europäische Parlament wird ihn schnell behandeln, damit die Aussprache dazu noch vor der für die dritte Juniwoche geplanten internationalen <L1>UNO-Konferenz</L1> zu diesem Thema stattfinden kann.	I am the rapporteur for that report and I hope this Parliament will put it on fast track so that it can be debated before the UN international conference on the subject in the third week of June.		no loanword			
Ich bin der Berichterstatter für diesen Bericht und hoffe, das Europäische Parlament wird ihn schnell behandeln, damit die Aussprache dazu noch vor der für die dritte Juniwoche geplanten internationalen <N1>UNO-Konferenz</N1> zu diesem Thema stattfinden kann.	I am the rapporteur for that report and I hope this Parliament will put it on fast track so that it can be debated before the UN international conference on the subject in the third week of June.					
TRUE						
						
Wenn es für einen Mitgliedstaat annehmbar ist, etwas mit einer <L1>UNO-Organisation</L1> gemeinsam zu tun und ihre Berichterstattung zu akzeptieren, sollte es auch für die Europäische Union möglich sein, im Grunde genommen dasselbe zu tun.	If it is good enough for a Member State to do this together with a UN organisation and have its reporting accepted, it should be good enough for the European Union to do basically the same.					
Wenn es für einen Mitgliedstaat annehmbar ist, etwas mit einer <N1>UNO-Verband</N1> gemeinsam zu tun und ihre Berichterstattung zu akzeptieren, sollte es auch für die Europäische Union möglich sein, im Grunde genommen dasselbe zu tun.	If it is good enough for a Member State to do this together with a UN organisation and have its reporting accepted, it should be good enough for the European Union to do basically the same.					
TRUE						
						
Die Tabakhersteller betreiben diesbezüglich eine zielgerichtete Politik, indem sie das Zigarettenrauchen in der Werbung als <L1>sportlich</L1> und cool hinstellen.	The policy of tobacco manufactures expressly targets this market by giving cigarette smoking a tough and sporting image in advertising.	anspruchsvoll ambitioniert sportlich ambitiös ehrgeizig | athletisch durchtrainiert sportlich trainiert fit wie ein Turnschuh sportiv (körperlich) fit nur aus Muskeln bestehend | anständig sportlich fair | leger informell lässig salopp sportlich				
Die Tabakhersteller betreiben diesbezüglich eine zielgerichtete Politik, indem sie das Zigarettenrauchen in der Werbung als <N1>kraftstrotzend</N1> und cool hinstellen.	The policy of tobacco manufactures expressly targets this market by giving cigarette smoking a tough and sporting image in advertising.					
TRUE						
						
An der Powrie-Primarschule in Dundee will man, dass der Genuss von Alkohol als <L1>uncool</L1> dargestellt wird.	Powrie primary school in Dundee asked that alcohol should be made 'uncool' ;	überholt veraltet antiquiert passé altmodisch out nicht mehr angesagt Schnee von gestern abgelutscht ausgelutscht unmodern vorbei altbacken ausgedient haben aus der Mode anachronistisch uncool hat seine Chance gehabt zum alten Eisen gehörend war mal. hat seine besten Zeiten hinter sich Vergangenheit sein nicht mehr zeitgemäß damit lockt man keinen Hund mehr hinter dem Ofen hervor nicht mehr aktuell nicht mehr auf der Höhe der Zeit unzeitgemäß Die Zeiten sind vorbei nicht mehr Stand der Technik gute alte der Vergangenheit angehören gehört entsorgt nicht mehr State of the Art Old School abgemeldet nicht mehr in Mode vorsintflutlich nicht mehr up to date hatte seine Chance hat sich erledigt | ätzend uncool lahm doof scheiße ungeil				
An der Powrie-Primarschule in Dundee will man, dass der Genuss von Alkohol als <N1>altmodisch</N1> dargestellt wird.	Powrie primary school in Dundee asked that alcohol should be made 'uncool' ;					
TRUE						
						
Frau Ratspräsidentin, Herr Kommissar, es ist an der Zeit, laut und deutlich zu sagen <L1>basta</L1> ya!	Madam President-in-Office of the Council, Commissioner, it is now time to say, loudly and firmly, 'basta ya!'					
Frau Ratspräsidentin, Herr Kommissar, es ist an der Zeit, laut und deutlich zu sagen <N1>Schluss</N1> ya!	Madam President-in-Office of the Council, Commissioner, it is now time to say, loudly and firmly, 'basta ya!'					
TRUE						
						
Auch hier muss allerdings primär das Prinzip der Qualifikation und erst <L1>sekundär</L1> das ethnische Prinzip gelten.	Here again the primary concern must be qualification, with the ethnic principle coming second.	marginal unbedeutend zweitrangig nicht der Rede wert peripher egal ohne Belang nicht ins Gewicht fallend zu vernachlässigen nicht entscheidend uninteressant nichtssagend hat es nicht viel auf sich unmaßgeblich bedeutungslos unter ferner liefen irrelevant sekundär unwesentlich nebensächlich von untergeordneter Bedeutung belanglos unbeträchtlich keinen Schuss Pulver wert vernachlässigbar nachgeordnet unerheblich unwichtig kannste vergessen nicht wichtig sei's drum nachrangig nicht von Interesse | zweitrangig unter ferner liefen sekundär nebensächlich nachrangig zweite Geige beiläufig auch ebenfalls untergeordnet				
Auch hier muss allerdings primär das Prinzip der Qualifikation und erst <N1>zweitrangig</N1> das ethnische Prinzip gelten.	Here again the primary concern must be qualification, with the ethnic principle coming second.					
TRUE						
						
General Morillon, der heute Nachmittag hier ist, diente in Srebrenica und anderen Orten mit Würde, obwohl das <L1>UNO-Mandat</L1> sehr schwierig war und zu seiner Umsetzung praktisch keine Möglichkeit bestand.	General Morillon, here this afternoon, served at Srebrenica and other places with dignity, despite having a very difficult and effectively impossible UN mandate.					
General Morillon, der heute Nachmittag hier ist, diente in Srebrenica und anderen Orten mit Würde, obwohl der <N1>UNO-Auftrag</N1> sehr schwierig war und zu seiner Umsetzung praktisch keine Möglichkeit bestand.	General Morillon, here this afternoon, served at Srebrenica and other places with dignity, despite having a very difficult and effectively impossible UN mandate.					
TRUE						
						
Das Unterfangen ist inzwischen so unkontrollierbar geworden - ich hörte übrigens vorhin das Wort <L1>extravagant</L1> - dass einige Sozialdemokraten offen den Wunsch nach einem neuen Nationalismus, diesmal aber einem europäischen, äußern, während dieselben Leute sich als unfähig erweisen, im eigenen Land ihrer Verantwortung gerecht zu werden.	The whole thing has spiralled so far out of control - I actually heard the word 'extravagant' being used earlier - that some of the social democrats are beginning to openly call for a new type of nationalism, but, this time, one with a European edge, whereas even they are proving to be unable to shoulder their rightful responsibilities on behalf of their own countries.	elegant extravagant nobel exklusiv fein vornehm mondän | extravagant überspannt verstiegen | dandyhaft extravagant überspannt überdreht snobistisch überkandidelt exaltiert verstiegen exzentrisch				
Das Unterfangen ist inzwischen so unkontrollierbar geworden - ich hörte übrigens vorhin das Wort <N1>übertrieben</N1> - dass einige Sozialdemokraten offen den Wunsch nach einem neuen Nationalismus, diesmal aber einem europäischen, äußern, während dieselben Leute sich als unfähig erweisen, im eigenen Land ihrer Verantwortung gerecht zu werden.	The whole thing has spiralled so far out of control - I actually heard the word 'extravagant' being used earlier - that some of the social democrats are beginning to openly call for a new type of nationalism, but, this time, one with a European edge, whereas even they are proving to be unable to shoulder their rightful responsibilities on behalf of their own countries.					
TRUE						
						
Nach Angaben der <L1>UN-Organisation</L1> IOM werden jährlich eine halbe Million Frauen nach Europa gelockt oder gezwungen, um hier ein Leben als Sexsklaven zu fristen.	According to the UN body the IOM, half a million women are lured or forced into Europe every year for a life as sex slaves.					
Nach Angaben des <N1>UN-Verbands</N1> IOM werden jährlich eine halbe Million Frauen nach Europa gelockt oder gezwungen, um hier ein Leben als Sexsklaven zu fristen.	According to the UN body the IOM, half a million women are lured or forced into Europe every year for a life as sex slaves.					
TRUE						
						
Der Konzern Air France hat beispielsweise kürzlich einen Betriebsüberschuss von <L1>brutto</L1> 10 Milliarden Francs angekündigt; dies entspricht etwa 200 000 Francs pro Beschäftigten, und trotz der stark gestiegenen Treibstoffpreise hat das Unternehmen gerade die jährliche Dividende für seine Aktionäre um 57 % erhöht.	The Air France group has, for example, just announced a gross operating surplus of FRF 10 billion, or approximately FRF 200 000 per company employee, and, in spite of the substantial increase in the price of kerosene, the company has just increased its shareholder dividends by 57% this year.					
Der Konzern Air France hat beispielsweise kürzlich einen Betriebsüberschuss von <N1>ohne Abzug der Steuern</N1> 10 Milliarden Francs angekündigt; dies entspricht etwa 200 000 Francs pro Beschäftigten, und trotz der stark gestiegenen Treibstoffpreise hat das Unternehmen gerade die jährliche Dividende für seine Aktionäre um 57 % erhöht.	The Air France group has, for example, just announced a gross operating surplus of FRF 10 billion, or approximately FRF 200 000 per company employee, and, in spite of the substantial increase in the price of kerosene, the company has just increased its shareholder dividends by 57% this year.					
TRUE						
						
Heute früh war vom Mailänder Flughafen Malpensa ein Flugzeug mit 18 Plätzen vorgesehen, weshalb beispielsweise Frau Morgantini wie andere unserer Kolleginnen und Kollegen auf die Warteliste gesetzt wurde und nicht <L1>einchecken</L1> konnte, um rechtzeitig zum Tagungsbeginn hier zu sein, und das, obwohl sie um 7.30 Uhr von Rom abgeflogen war.	This morning, there were only 18 seats in total on the flight from Milan Malpensa to Strasbourg, as a result of which Mrs Morgantini and other Members found that their seats had been double-booked, and she was unable to get a plane in time to be here before the beginning of the part-session, despite the fact that she had left Rome at 7.30 this morning.	sich anmelden einchecken				
Heute früh war vom Mailänder Flughafen Malpensa ein Flugzeug mit 18 Plätzen vorgesehen, weshalb beispielsweise Frau Morgantini wie andere unserer Kolleginnen und Kollegen auf die Warteliste gesetzt wurde und sich nicht <N1>anmelden</N1> konnte, um rechtzeitig zum Tagungsbeginn hier zu sein, und das, obwohl sie um 7.30 Uhr von Rom abgeflogen war.	This morning, there were only 18 seats in total on the flight from Milan Malpensa to Strasbourg, as a result of which Mrs Morgantini and other Members found that their seats had been double-booked, and she was unable to get a plane in time to be here before the beginning of the part-session, despite the fact that she had left Rome at 7.30 this morning.					
TRUE						
						
Auf der einen Seite sehen wir die angelsächsische Tradition, die von den Prinzipien des <L1>Laissez-faire</L1> und Open-market geprägt ist.	On the one hand, there is the Anglo-Saxon tradition, characterised by laissez-faire and open market principles.					
Auf der einen Seite sehen wir die angelsächsische Tradition, die von den Prinzipien des <N1>Nichteinmischens</N1> und Open-market geprägt ist.	On the one hand, there is the Anglo-Saxon tradition, characterised by laissez-faire and open market principles.					
TRUE						
						
Wir müssen meiner Meinung nach feststellen, dass Bush und seine Regierung sich als so <L1>primitiv</L1> und populistisch erwiesen haben, wie dies zu befürchten war.	I think we have to acknowledge that Mr Bush and his administration have shown themselves to be just as primitive and populist as might have been feared.	schlecht Billig... platt seicht fadenscheinig flach derb primitiv ohne Anspruch unambitioniert ohne Niveau ohne Ambition nicht besonders einfallsreich nicht ambitioniert wie in einem schlechten Film niveaulos | grobschlächtig roh primitiv kulturlos banausisch prollig | Raumbezugsgrundform Grundobjekt grafisches Primitiv grafische Grundform Primitiv | einfach unkompliziert leicht ohne Probleme reibungslos störungsfrei wie ein Glöckerl klaglos anstandslos wie am Schnürchen unaufwändig wie geschmiert problemlos mühelos umstandslos ohne Schwierigkeiten simpel unproblematisch geschenkt primitiv				
Wir müssen meiner Meinung nach feststellen, dass Bush und seine Regierung sich als so <N1>einfach</N1> und populistisch erwiesen haben, wie dies zu befürchten war.	I think we have to acknowledge that Mr Bush and his administration have shown themselves to be just as primitive and populist as might have been feared.					
TRUE						
						
Deshalb muss die Geschäftsordnung <L1>rationell</L1> angewendet werden.	It is therefore necessary to apply the Rules of Procedure in a rational way.	überzeugend effizient leistungsfähig drastisch einschneidend verlustfrei durchschlagend mit hohem Wirkungsgrad tiefgreifend effektiv rationell schlagkräftig wirkungsvoll wirksam verlustarm				
Deshalb muss die Geschäftsordnung <N1>zweckdienlich</N1> angewendet werden.	It is therefore necessary to apply the Rules of Procedure in a rational way.					
TRUE						
						
Das gehört <L1>originär</L1> dort hinein.	That is where it really belongs.	echt ursprünglich unverändert gestanden unverfälscht originär original authentisch genuin				
Das gehört <N1>ursprünglich</N1> dort hinein.	That is where it really belongs.					
TRUE						
						
In Wahrheit jedoch <L1>schockieren</L1> die negativen Beispiele dieser so herbeigesehnten Mobilität der Unternehmen und Unternehmer noch heute die Öffentlichkeit in meinem Land.	The truth is that the damaging examples of this much sought after mobility of companies and employers are still shocking public opinion in my country even today.	schockieren erschrecken erschüttern | schockieren schocken einen Skandal hervorrufen				
In Wahrheit jedoch <N1>erschrecken</N1> die negativen Beispiele dieser so herbeigesehnten Mobilität der Unternehmen und Unternehmer noch heute die Öffentlichkeit in meinem Land.	The truth is that the damaging examples of this much sought after mobility of companies and employers are still shocking public opinion in my country even today.					
TRUE						
						
Die Beschwerden der Bürger betrafen die Tatsache, dass DVDs in der Union erheblich teurer sind als in den USA und dass es aufgrund der regionalen Kodierungssysteme für DVDs, durch die die Welt in sechs geografische Regionen unterteilt wird, nicht möglich ist, eine in den USA erworbene <L1>DVD</L1> auf einem in der Union verkauften DVD-Gerät abzuspielen.	The citizens' complaints related to the fact that DVD prices were significantly higher in the Community than in the United States and that, because of the DVD regional coding system under which the world is divided into six geographic regions, a DVD obtained from the US could not be played on a DVD player sold in the Community.	Digital Versatile Disc DVD	no loanword			
Die Beschwerden der Bürger betrafen die Tatsache, dass DVDs in der Union erheblich teurer sind als in den USA und dass es aufgrund der regionalen Kodierungssysteme für DVDs, durch die die Welt in sechs geografische Regionen unterteilt wird, nicht möglich ist, eine in den USA erworbene <N1>DVD</N1> auf einem in der Union verkauften DVD-Gerät abzuspielen.	The citizens' complaints related to the fact that DVD prices were significantly higher in the Community than in the United States and that, because of the DVD regional coding system under which the world is divided into six geographic regions, a DVD obtained from the US could not be played on a DVD player sold in the Community.					
TRUE						
						
Drittens wird durch die Reduzierung der Ökopunkte der Transitverkehr durch die Alpen insgesamt nicht reduziert. Dieser wird entweder auf die Schweiz verlagert oder <L1>trickreich</L1> zu bilateralem Verkehr nach und von Österreich umgestaltet oder von osteuropäischen LKW durchgeführt, die aufgrund einer anderen Genehmigung ebenso nicht ökopunktepflichtig sind.	Thirdly, reducing ecopoints does not reduce transit traffic through the Alps as a whole because it will either be switched to routes through Switzerland or trickily converted to bilateral traffic to and from Austria or traffic using east European lorries which are subject to a different licensing system and do not come under the ecopoint system.	meuchlings heimtückisch hinterhältig trickreich niederträchtig verräterisch perfide intrigant hinterlistig verschlagen hinterfotzig perfid hintertrieben | tricky listenreich listig ausgefuchst ausgekocht mit List und Tücke trickreich				
Drittens wird durch die Reduzierung der Ökopunkte der Transitverkehr durch die Alpen insgesamt nicht reduziert. Dieser wird entweder auf die Schweiz verlagert oder <N1>listig</N1> zu bilateralem Verkehr nach und von Österreich umgestaltet oder von osteuropäischen LKW durchgeführt, die aufgrund einer anderen Genehmigung ebenso nicht ökopunktepflichtig sind.	Thirdly, reducing ecopoints does not reduce transit traffic through the Alps as a whole because it will either be switched to routes through Switzerland or trickily converted to bilateral traffic to and from Austria or traffic using east European lorries which are subject to a different licensing system and do not come under the ecopoint system.					
TRUE						
						
Der Vorschlag sieht die Einrichtung eines Beobachtungs- und Informationszentrums vor, das die angeforderte und angebotene Unterstützung <L1>zentralisieren</L1> kann und mit von den Mitgliedstaaten festgelegten Kontaktstellen verbunden sein wird.	That draft provides for the setting up of an observation and information centre that can collate requests for aid and centralise the aid offered and that will be linked with contact points specified by the Member States.	zusammenführen zusammenfassen bündeln zentralisieren				
Der Vorschlag sieht die Einrichtung eines Beobachtungs- und Informationszentrums vor, das die angeforderte und angebotene Unterstützung <N1>zusammenführen</N1> kann und mit von den Mitgliedstaaten festgelegten Kontaktstellen verbunden sein wird.	That draft provides for the setting up of an observation and information centre that can collate requests for aid and centralise the aid offered and that will be linked with contact points specified by the Member States.					
TRUE						
						
Die Grundfrage ist also nach wie vor: Warum brauchen wir ein eigenes europäisches Satellitennavigationssystem, wo doch die Amerikaner bereits mit <L1>GPS</L1> ein funktionierendes Modell geliefert haben?	The fundamental issue is now as it was before: why do we need a European satellite navigation system of our own, when the Americans have already supplied a working model in the form of GPS?	GPS Globales Positionsbestimmungssystem	no loanword			
Die Grundfrage ist also nach wie vor: Warum brauchen wir ein eigenes europäisches Satellitennavigationssystem, wo doch die Amerikaner bereits mit <N1>GPS</N1> ein funktionierendes Modell geliefert haben?	The fundamental issue is now as it was before: why do we need a European satellite navigation system of our own, when the Americans have already supplied a working model in the form of GPS?					
TRUE						
						
Mit diesem Vorschlag für eine Richtlinie werden wir schlicht und einfach dazu aufgefordert, der <L1>CIA</L1> zu vertrauen, indem wir 27 Gruppierungen, die von dieser Behörde zu Recht oder zu Unrecht als terroristisch eingestuft werden, den Geldhahn zudrehen, wobei diese übrigens zur Gründung einer dieser Gruppierungen beigetragen hat.	This draft regulation quite simply asks us to trust the CIA in cutting off the means of subsistence from the 27 groups described, rightly or wrongly, as terrorists by the very agency which, more importantly, is behind some of them.	CIA Central Intelligence Agency	no loanword			
Mit diesem Vorschlag für eine Richtlinie werden wir schlicht und einfach dazu aufgefordert, der <N1>CIA</N1> zu vertrauen, indem wir 27 Gruppierungen, die von dieser Behörde zu Recht oder zu Unrecht als terroristisch eingestuft werden, den Geldhahn zudrehen, wobei diese übrigens zur Gründung einer dieser Gruppierungen beigetragen hat.	This draft regulation quite simply asks us to trust the CIA in cutting off the means of subsistence from the 27 groups described, rightly or wrongly, as terrorists by the very agency which, more importantly, is behind some of them.					
TRUE						
						
Herr Kommissar, Sie können sich nicht bis <L1>ultimo</L1> Zeit lassen.	Commissioner, you cannot take an infinite amount of time over this.	Ultimo letzter Banktag Letzte Monatsende | Fristende letzte Frist Liefertermin Lieferdatum Abgabetermin Ablieferungstermin letzter Termin Ultimo Stichtag Deadline				
Herr Kommissar, Sie können sich nicht bis <N1>Fristende</N1> Zeit lassen.	Commissioner, you cannot take an infinite amount of time over this.					
TRUE						
						
Frau Präsidentin, ich weiß, dass hier einige denken, man kann über Schottland nicht nach Straßburg gelangen, aber ich möchte dazu nur in der Muttersprache von Patricia McKenna sagen, <L1>what goes up, must come down</L1> .	Madam President, I am aware that some here will find themselves thinking that it is not possible to travel to Strasbourg via Scotland; but I would merely like to say - in Patricia McKenna's native language - that  what goes up, must come down .	bedrückt voller Wehmut niedergedrückt melancholisch gedankenschwer schwermütig voller Weltschmerz wehmutsvoll bekümmert wehmütig trübsinnig down | bedrückt down niedergeschlagen deprimiert Tief haben depri Moralischen haben im Stimmungstief heulende Elend haben Ohren hängen lassen | schlaff kraftlos kaputt platt down daneben schlapp matt lasch alle saft- und kraftlos duhne lurig fix und foxi ausgelutscht ohne Saft und Kraft groggy geschafft ausgepowert nüntig abgeschlafft	no loanword			
Frau Präsidentin, ich weiß, dass hier einige denken, man kann über Schottland nicht nach Straßburg gelangen, aber ich möchte dazu nur in der Muttersprache von Patricia McKenna sagen, <N1> what goes up, must come </N1> .	Madam President, I am aware that some here will find themselves thinking that it is not possible to travel to Strasbourg via Scotland; but I would merely like to say - in Patricia McKenna's native language - that  what goes up, must come down .					
TRUE						
						
Frau Präsidentin, wir sind eine kleine Delegation von Mitgliedern des Europäischen Parlaments, die gerade von der Clinique Sainte Barbe hier in Straßburg zurückgekommen ist, wo ein ehemaliger Minister aus Tschetschenien, Herr Ibragimow, nach einem Hungerstreik von 27 Tagen <L1>stationär</L1> behandelt wird.	Madam President, we are a small delegation of MEPs who have just come back from the Clinique Sainte Barbe here in Strasbourg, to which a former Chechen minister, Mr Ibragimov, had been admitted after having been on hunger strike for 27 days.	stationär mit Aufnahme im Krankenhaus im Krankenhaus | stationär ortsgebunden | unbewegt bewegungslos starr ruhig ruhend ortsfest stationär				
Frau Präsidentin, wir sind eine kleine Delegation von Mitgliedern des Europäischen Parlaments, die gerade von der Clinique Sainte Barbe hier in Straßburg zurückgekommen ist, wo ein ehemaliger Minister aus Tschetschenien, Herr Ibragimow, nach einem Hungerstreik von 27 Tagen <N1>im Krankenhaus</N1> behandelt wird.	Madam President, we are a small delegation of MEPs who have just come back from the Clinique Sainte Barbe here in Strasbourg, to which a former Chechen minister, Mr Ibragimov, had been admitted after having been on hunger strike for 27 days.					
TRUE						
						
Ich danke Ihnen, Herr Vande Lanotte für Ihre Ausführungen, in denen Sie diesen Aspekt - die Bereitschaft zur Verhandlung - auch noch einmal betont haben, denn ich glaube, dass man diese Forderung gerade auch an den Rat <L1>adressieren</L1> muss, dass Flexibilität in den Verhandlungen notwendig ist und dass in den verschiedenen Sitzungen nicht nur das wiederholt wird, was von den Hauptstädten festgelegt wurde.	I thank you, Mr Vande Lanotte, for re-emphasising in your speech this aspect - the willingness to negotiate - for I believe that this demand must also be addressed to the Council, that flexibility is necessary in negotiations and that what is said in the various sittings must not be merely a repetition of what was decided by governments in the capitals.	ansprechen adressieren anreden anquasseln anlabern anquatschen das Wort richten | Adressieren Adressierung | in Angriff nehmen angehen behandeln adressieren befassen				
Ich danke Ihnen, Herr Vande Lanotte für Ihre Ausführungen, in denen Sie diesen Aspekt - die Bereitschaft zur Verhandlung - auch noch einmal betont haben, denn ich glaube, dass man diese Forderung gerade auch an den Rat <N1>richten</N1> muss, dass Flexibilität in den Verhandlungen notwendig ist und dass in den verschiedenen Sitzungen nicht nur das wiederholt wird, was von den Hauptstädten festgelegt wurde.	I thank you, Mr Vande Lanotte, for re-emphasising in your speech this aspect - the willingness to negotiate - for I believe that this demand must also be addressed to the Council, that flexibility is necessary in negotiations and that what is said in the various sittings must not be merely a repetition of what was decided by governments in the capitals.					
TRUE						
						
Außerdem muss die Patentierbarkeit von lebenden Organismen verboten werden, da sie das Erbe der gesamten Menschheit darstellen. Dieses gemeinsame Erbe kann und darf nicht zum Alleinbesitz privater Interessen werden, die das Leben <L1>kommerzialisieren</L1> wollen.	Furthermore, the patenting of living organisms must be prohibited, because these are the heritage of all humanity and cannot and must not be hijacked by private interests that want to turn life into a commodity.					
Außerdem muss die Patentierbarkeit von lebenden Organismen verboten werden, da sie das Erbe der gesamten Menschheit darstellen. Dieses gemeinsame Erbe kann und darf nicht zum Alleinbesitz privater Interessen werden, die das Leben <N1>ausbeuten</N1> wollen.	Furthermore, the patenting of living organisms must be prohibited, because these are the heritage of all humanity and cannot and must not be hijacked by private interests that want to turn life into a commodity.					
TRUE						
						
Es hieß Unser Freund, das Atom und war so <L1>brillant</L1> illustriert wie alle Arbeiten von Walt Disney, die inzwischen - das können wir ruhig sagen - weltweit bekannt sind.	Its title was 'Our friend the atom' , and it was illustrated in that marvellous way that Walt Disney used to illustrate his universally famous works, as we might call them.	genial brillant glänzend wunderbar wundervoll splendid herrlich prächtig dass es eine ein Gedicht Ich kann mein Glück noch gar nicht fassen wahre Wonne famos | (geschliffener) Diamant Brilli Brillant | genial geil brillant glänzend absolut super exzellent beispiellos von außerordentlicher Qualität atemraubend magnifik wunderbar begnadet einzigartig affengeil sagenhaft unglaublich absoluter Wahnsinn hinreißend unübertroffen fetzt berückend überragend saugeil fulminant absolut irre erstklassig top süperb überwältigend ohne Beispiel atemberaubend phantastisch phänomenal ganz großes Kino urst zum Sterben schön unvergleichlich vom Feinsten wumbaba unübertrefflich fantastisch bestens hervorragend nicht zu toppen nicht zu fassen du kriegst die Motten allererste Sahne herausragend umwerfend hammergeil zum Niederknien toll traumhaft himmelsgleich rockt grandios megacool ganz große Klasse himmlisch wundervoll großartig super superb klasse fabelhaft ausgezeichnet stark sauber cool tipptopp prima leiwand knorke dufte doll zum Reinlegen töfte astrein phatt hasenrein 1A tofte der Hit erste Sahne leinwand spitze nicht schlecht bombig | brillant gekonnt mit Bravour virtuos				
Es hieß Unser Freund, das Atom und war so <N1>wunderbar</N1> illustriert wie alle Arbeiten von Walt Disney, die inzwischen - das können wir ruhig sagen - weltweit bekannt sind.	Its title was 'Our friend the atom' , and it was illustrated in that marvellous way that Walt Disney used to illustrate his universally famous works, as we might call them.					
TRUE						
						
Ein weiterer Änderungsvorschlag betrifft die Verpflichtung, bei den Bankkommunikationen die internationale Kontonummer <L1>IBAN</L1> und die internationale Bankleitzahl BIC zu verwenden.	Another proposal for change concerns the obligation to communicate with the banking country by using the IBAN and BIC codes.	Internationale Bankkontonummer IBAN International Bank Account Number	no loanword			
Ein weiterer Änderungsvorschlag betrifft die Verpflichtung, bei den Bankkommunikationen die internationale Kontonummer <N1>IBAN</N1> und die internationale Bankleitzahl BIC zu verwenden.	Another proposal for change concerns the obligation to communicate with the banking country by using the IBAN and BIC codes.					
TRUE						
						
Fluggesellschaften sind <L1>bankrott</L1> gegangen.	Airlines have gone bankrupt.	in Konkurs bankrott illiquide zahlungsunfähig pleite insolvent | blank bankrott zahlungsunfähig pleite insolvent finanzschwach mittellos illiquide (finanziell) am Ende ohne Geld abgebrannt | Pleite Insolvenz Zahlungseinstellung Konkursfall Ruin Illiquidität Konkurs Zahlungsunfähigkeit Bankrottfall Bankrott				
Fluggesellschaften sind <N1>pleite</N1> gegangen.	Airlines have gone bankrupt.					
TRUE						
						
Ich greife nur einen Punkt heraus: Wenn Sie diesem Konvent nicht einmal das Recht geben, seinen Präsidenten aus seiner Mitte zu wählen, dann <L1>desavouieren</L1> Sie ihn doch vor der gesamten europäischen Öffentlichkeit!	Just to single out one point: if you do not even give this Convention the right to elect its own president from among its own members, you are disowning it before the eyes of the European public as a whole.	vorführen an den Pranger stellen bloßstellen kompromittieren blamieren lächerlich machen zum Gespött machen mit heruntergelassener Hose dastehen lassen desavouieren				
Ich greife nur einen Punkt heraus: Wenn Sie diesem Konvent nicht einmal das Recht geben, seinen Präsidenten aus seiner Mitte zu wählen, dann <N1>stellen</N1> Sie ihn doch vor der gesamten europäischen Öffentlichkeit <N1>bloß</N1> !	Just to single out one point: if you do not even give this Convention the right to elect its own president from among its own members, you are disowning it before the eyes of the European public as a whole.					
TRUE						
						
Bei einer Abstimmung im Ausschuss stimmte eine Mehrheit der Mitglieder für eine noch schnellere Umsetzung, als die Kommission vorgeschlagen hatte, auch wenn einige von uns Bedenken angesichts des Hinweises der Kommission äußerten, dass damit <L1>netto</L1> ein Anstieg der CO2-Emissionen verbunden sei.	A majority vote in the committee demanded a rather faster implementation than the Commission proposed even if some of us were concerned at the Commission's assertion that this will, in fact, produce a net increase in CO2 emissions.					
Bei einer Abstimmung im Ausschuss stimmte eine Mehrheit der Mitglieder für eine noch schnellere Umsetzung, als die Kommission vorgeschlagen hatte, auch wenn einige von uns Bedenken angesichts des Hinweises der Kommission äußerten, dass damit <N1>nach Abzug</N1> ein Anstieg der CO2-Emissionen verbunden sei.	A majority vote in the committee demanded a rather faster implementation than the Commission proposed even if some of us were concerned at the Commission's assertion that this will, in fact, produce a net increase in CO2 emissions.					
TRUE						
						
Es ist verständlich, dass die Abgeordneten unsere Strategie für die gesamte Region für etwas <L1>konfus</L1> halten, aber ich sehe keinen Widerspruch darin, wenn ich geltend mache, dass wir einerseits EuropeAid reformieren und die Dekonzentration umsetzen müssen, die nunmehr begonnen hat und so rasch wie möglich voranzutreiben ist, während ich andererseits sage, dass es gelegentlich zu Situationen, insbesondere zu Krisen kommen kann, die eine andere Art von Regelungen erfordern.	It is understandable that honourable Members should think that there is some confusion in our management strategy for the whole region, But I do not feel that I am being inconsistent in arguing, on the one hand, that we have to work through Europe Aid, through deconcentration, which has now begun and which we must now push as rapidly as possible, while on the other hand, saying there may be odd occasions, particularly crises, which require different sort of arrangements.	umnachtet durcheinander fassungslos von allen guten Geistern verlassen entgeistert neben der Rolle sein konfus verwirrt tüdelig verstört derangiert neben sich stehen | konfus gedankenlos geistesabwesend zerstreut | unklar töricht absurd aberwitzig konfus verrückt sinnlos sinnfrei unsinnig unlogisch vernunftwidrig paradox irrational widersinnig irre irrsinnig unvernünftig idiotisch nicht rational schwachsinnig ohne Sinn und Verstand wahnwitzig hirnverbrannt blöd dämlich selten dämlich blödsinnig (totaler) Quatsch irrwitzig antinomisch reiner Blödsinn bescheuert hirnrissig | abstrus wüst konfus wirr an den Haaren herbeigezogen wild abenteuerlich | verwickelt unübersichtlich durcheinander konfus chaotisch verworren wirr | konfus unüberlegt chaotisch wirr hektisch unsystematisch unreflektiert konzeptionslos unkontrolliert unkoordiniert einfach drauflos nicht organisiert planlos ohne roten Faden ziellos kopflos				
Es ist verständlich, dass die Abgeordneten unsere Strategie für die gesamte Region für etwas <N1>durcheinander</N1> halten, aber ich sehe keinen Widerspruch darin, wenn ich geltend mache, dass wir einerseits EuropeAid reformieren und die Dekonzentration umsetzen müssen, die nunmehr begonnen hat und so rasch wie möglich voranzutreiben ist, während ich andererseits sage, dass es gelegentlich zu Situationen, insbesondere zu Krisen kommen kann, die eine andere Art von Regelungen erfordern.	It is understandable that honourable Members should think that there is some confusion in our management strategy for the whole region, But I do not feel that I am being inconsistent in arguing, on the one hand, that we have to work through Europe Aid, through deconcentration, which has now begun and which we must now push as rapidly as possible, while on the other hand, saying there may be odd occasions, particularly crises, which require different sort of arrangements.					
TRUE						
						
Das kann natürlich auch <L1>fifty-fifty</L1> sein, das muss nicht zwei Drittel von einer Geschlechtsart und nur ein Drittel von der anderen sein.	That can, of course, also be fifty-fifty, it need not be two thirds one gender and only one third the other.	halbpart halbe-halbe fifty-fifty gleichmäßig aufteilen in zwei gleiche Teile teilen in zwei gleiche Hälften teilen				
Das kann natürlich auch <N1>halb-halb</N1> sein, das muss nicht zwei Drittel von einer Geschlechtsart und nur ein Drittel von der anderen sein.	That can, of course, also be fifty-fifty, it need not be two thirds one gender and only one third the other.					
TRUE						
						
Wichtiger ist, ob man nun noch <L1>graduell</L1> das Verfahren diskutieren will oder nicht.	What is more important is to decide whether or not to still discuss the procedure gradually.	zögernd mit der Zeit graduell sukzessiv peu à peu sukzessive langsam langsam langsam aber sicher allmählich nach und nach				
Wichtiger ist, ob man nun noch <N1>allmählich</N1> das Verfahren diskutieren will oder nicht.	What is more important is to decide whether or not to still discuss the procedure gradually.					
TRUE						
						
Deswegen glaube ich, und da setzen wir auch Vertrauen in Sie, Frau Kommissarin, dass Sie sehr <L1>penibel</L1> kontrollieren müssen, wie die Mitgliedstaaten diese Dinge, die wir jetzt auf den Weg gebracht haben, auch umsetzen.	I therefore believe - and here we are putting our trust in you, Commissioner - that you will have to check very punctiliously how the Member States transpose the things we have just brought into being.	genau sorgfältig gewissenhaft bis ins letzte Detail akkurat aufs Sorgfältigste peinlich genau aufs Gewissenhafteste akribisch fein säuberlich korrekt mit äußerster Sorgfalt aufs Genaueste skrupulös minuziös sehr genau penibel minutiös bis zur letzten Kleinigkeit | kleinlich kleinkariert peinlich genau akribisch minuziös penibel minutiös detailversessen detailbesessen überpenibel pedantisch päpstlicher als der Papst hyperkorrekt übergenau buchhalterisch perfektionistisch pingelig detailverliebt				
Deswegen glaube ich, und da setzen wir auch Vertrauen in Sie, Frau Kommissarin, dass Sie sehr <N1>sorgfältig</N1> kontrollieren müssen, wie die Mitgliedstaaten diese Dinge, die wir jetzt auf den Weg gebracht haben, auch umsetzen.	I therefore believe - and here we are putting our trust in you, Commissioner - that you will have to check very punctiliously how the Member States transpose the things we have just brought into being.					
TRUE						
						
Home, <L1>sweet</L1> home!	Home, sweet home!		no loanword			
Home, <N1>sweet</N1> home!	Home, sweet home!					
TRUE						
						
Ein internationales Gerichtsorgan, das über Verbrechen gegen die Menschlichkeit urteilt, muss vollkommen unabhängig sein, was im konkreten Fall des Internationalen Strafgerichtshofs nicht sichergestellt ist, da er außerordentlich stark vom <L1>UNO-Sicherheitsrat</L1> abhängig ist.	An international judicial body which prosecutes crimes against humanity must be totally independent, of which there is no guarantee in the case of the ICC, because it is closely tied to the United Nations Security Council.		no loanword			
Ein internationales Gerichtsorgan, das über Verbrechen gegen die Menschlichkeit urteilt, muss vollkommen unabhängig sein, was im konkreten Fall des Internationalen Strafgerichtshofs nicht sichergestellt ist, da er außerordentlich stark vom <N1>UNO-Sicherheitsrat</N1> abhängig ist.	An international judicial body which prosecutes crimes against humanity must be totally independent, of which there is no guarantee in the case of the ICC, because it is closely tied to the United Nations Security Council.					
TRUE						
						
Hier liegt also ein Problem vor, Herr Kommissar, das dazu führt, dass wir unsere Informationsformate <L1>standardisieren</L1> und gleichzeitig anerkennen müssen, dass es innerhalb der EU unterschiedliche Gewohnheiten gibt, was das Vorgehen der Polizei und die Informationserfassung betrifft.	So there is an issue here, Commissioner, in that we do need to standardise our information formats while recognising that there are different cultures on policing and information collection across the EU.	normieren vereinheitlichen standardisieren				
Hier liegt also ein Problem vor, Herr Kommissar, das dazu führt, dass wir unsere Informationsformate <N1>vereinheitlichen</N1> und gleichzeitig anerkennen müssen, dass es innerhalb der EU unterschiedliche Gewohnheiten gibt, was das Vorgehen der Polizei und die Informationserfassung betrifft.	So there is an issue here, Commissioner, in that we do need to standardise our information formats while recognising that there are different cultures on policing and information collection across the EU.					
TRUE						
						
Heute hat sich das Europäische Parlament <L1>brüsk</L1> über diesen Kompromiss hinweggesetzt.	Today, the European Parliament is reneging on this agreement with a vengeance.	nassforsch abweisend unfreundlich pampig kurz angebunden forsch ruppig unsanft ungalant ungehobelt wie die Axt im Walde gröblich unflätig hantig schroff raubeinig unzivilisiert rüpelhaft rustikal grobklotzig grobschlächtig unwirsch raubauzig derb hau-drauf-mäßig in Wildwest-Manier rau harsch wenig galant nicht die feine englische Art rauborstig unhöflich uncharmant flegelhaft rüde rotzig grob barsch brüsk ungeschliffen				
Heute hat sich das Europäische Parlament <N1>abweisend</N1> über diesen Kompromiss hinweggesetzt.	Today, the European Parliament is reneging on this agreement with a vengeance.					
TRUE						
						
Ich will jetzt keine institutionelle Debatte über Ihr Amt einleiten, aber ich kann mir überhaupt nicht vorstellen, dass es eine andere Persönlichkeit außer Ihnen geben könnte, die diese Doppelbelastung aushalten kann, wie Sie sie aushalten müssen, und sie auch so <L1>bravourös</L1> meistert.	I do not want to start an institutional debate on your office right now, but I cannot even begin to imagine that there is anyone else out there who could bear the double burden you have to bear and shoulder it so brilliantly.	vortrefflich vorzüglich makellos vorbildlich vorbildhaft mustergültig klaglos untadelig ideal tipptopp in optima forma meisterlich vollendet in bestem Zustand bravourös tadellos meisterhaft ohne den kleinsten Fehler vollkommen einwandlos perfekt fehlerlos einwandfrei fehlerfrei mit Bravour				
Ich will jetzt keine institutionelle Debatte über Ihr Amt einleiten, aber ich kann mir überhaupt nicht vorstellen, dass es eine andere Persönlichkeit außer Ihnen geben könnte, die diese Doppelbelastung aushalten kann, wie Sie sie aushalten müssen, und sie auch so <N1>vortrefflich</N1> meistert.	I do not want to start an institutional debate on your office right now, but I cannot even begin to imagine that there is anyone else out there who could bear the double burden you have to bear and shoulder it so brilliantly.					
TRUE						
						
Wenn der Rat hier <L1>pokern</L1> möchte, dann spielen wir mit, und das heißt für uns in dieser Frage, hart bleiben und den Änderungsantrag 14 von Cappato unterstützen.	If the Council wants to play poker on this, we can play that game too, and for us that means remaining resolute and supporting Mr Cappato's Amendment No 14.	Poker spielen pokern				
Wenn der Rat hier <N1>spielen</N1> möchte, dann spielen wir mit, und das heißt für uns in dieser Frage, hart bleiben und den Änderungsantrag 14 von Cappato unterstützen.	If the Council wants to play poker on this, we can play that game too, and for us that means remaining resolute and supporting Mr Cappato's Amendment No 14.					
TRUE						
						
Durch ihre unangebrachte Hysterie gegenüber illegalen Einwanderern und Asylbewerbern <L1>dämonisieren</L1> sie Ausländer und schüren die Spannungen und das Misstrauen zwischen den verschiedenen Volksgruppen.	By their abusive hysteria about illegal immigrants and asylum seekers they demonise foreigners and generate more race tensions and suspicions.	verdammen verfluchen verleumden verwünschen verteufeln dämonisieren				
Durch ihre unangebrachte Hysterie gegenüber illegalen Einwanderern und Asylbewerbern <N1>verteufeln</N1> sie Ausländer und schüren die Spannungen und das Misstrauen zwischen den verschiedenen Volksgruppen.	By their abusive hysteria about illegal immigrants and asylum seekers they demonise foreigners and generate more race tensions and suspicions.					
TRUE						
						
Preiserhöhungen fallen einem jedoch im Café oder Restaurant auf oder wenn man sein Auto am gewohnten Ort <L1>parken</L1> will.	However, you do notice it in cafeterias, cafes or restaurants or when you try to park your car in the usual place.	parkieren parken stehenbleiben abstellen				
Preiserhöhungen fallen einem jedoch im Café oder Restaurant auf oder wenn man sein Auto am gewohnten Ort <N1>abstellen</N1> will.	However, you do notice it in cafeterias, cafes or restaurants or when you try to park your car in the usual place.					
TRUE						
						
Mittlerweile fliegen wir <L1>nonstop</L1> nach Frankfurt oder Zürich, und von dort sind es mit dem Auto noch drei Stunden.	Now we fly to Frankfurt or Zurich direct and then travel by car for three hours.	beharrlich ständig in einer Tour unablässig unaufhörlich ohne Unterlass unausgesetzt ohne abzusetzen unentwegt nonstop ununterbrochen dauernd ohne Unterbrechung pausenlos am laufenden Band				
Mittlerweile fliegen wir <N1>ohne Halt</N1> nach Frankfurt oder Zürich, und von dort sind es mit dem Auto noch drei Stunden.	Now we fly to Frankfurt or Zurich direct and then travel by car for three hours.					
TRUE						
						
Wenn wir Geld über die Agentur ausgeben - Frau Kollegin Stenzel hat gemeint, es soll weniger werden, was stimmt -, müssen wir wissen, dass die wirtschaftliche Situation nach wie vor sehr, sehr <L1>trist</L1> ist.	If we are to use the Agency to disburse funds - Mrs Stenzel thinks the amount should decrease, and she is right - we have to be aware that the economic situation continues to be very, very bleak.	trocken amusisch uninspiriert dröge phantasielos dürftig prosaisch nüchtern pragmatisch fade blass unbewegt ausdruckslos farblos schal sachlich klar trostlos schnöde zweckmäßig vernünftig monoton öde grau in grau geisttötend langatmig trist kontrastarm grau öd langweilig stupid reizlos spannungsarm eintönig stupide fad wenig aufregend schmucklos ruhig lapidar dumpf ernsthaft kühl ohne schmückendes Beiwerk machbarkeitsorientiert schnörkellos sachbetont ungerührt gleichmütig stoisch alles viel zu ernst nehmen humorfrei als hätte jemand einen Besenstiel verschluckt humorlos Stock im Arsch keinen Spaß vertragen keinen Spaß verstehen				
Wenn wir Geld über die Agentur ausgeben - Frau Kollegin Stenzel hat gemeint, es soll weniger werden, was stimmt -, müssen wir wissen, dass die wirtschaftliche Situation nach wie vor sehr, sehr <N1>trostlos</N1> ist.	If we are to use the Agency to disburse funds - Mrs Stenzel thinks the amount should decrease, and she is right - we have to be aware that the economic situation continues to be very, very bleak.					
TRUE						
						
Herr Präsident! Das, was meine Kollegen van Hulten und Swoboda gesagt haben, kann ich ergänzen, weil ich letzte Woche aufgrund der Bitte einer britischen Journalistin, die mich dazu <L1>interviewen</L1> wollte, Gelegenheit hatte, diesen Bericht der Kommission über Disziplinarmaßnahmen zu lesen.	Mr President, I can add to what Mr van Hulten and Mr Swoboda have said, having had the opportunity last week to read the Commission's report on disciplinary measures because a British journalist wanted to interview me about it.	befragen ein Interview machen interviewen				
Herr Präsident! Das, was meine Kollegen van Hulten und Swoboda gesagt haben, kann ich ergänzen, weil ich letzte Woche aufgrund der Bitte einer britischen Journalistin, die mich dazu <N1>befragen</N1> wollte, Gelegenheit hatte, diesen Bericht der Kommission über Disziplinarmaßnahmen zu lesen.	Mr President, I can add to what Mr van Hulten and Mr Swoboda have said, having had the opportunity last week to read the Commission's report on disciplinary measures because a British journalist wanted to interview me about it.					
TRUE						
						
Sie wollen sich das erneute Recht geben, die sechste Änderung hinausschieben zu können. Und wenn wir jetzt stillschweigend <L1>kuschen</L1> wie die kleinen Lämmchen, dann glauben Sie, dass Sie das Recht haben werden, das weiter fortzusetzen.	They want, again, to give themselves the right to defer the sixth amendment, and if we now lie down quietly like little lambs, then they will believe that they have the right to carry on doing the same thing.	sich beugen zurückrudern klein beigeben Rückzieher machen sich fügen sich einsichtig zeigen einlenken kein Rückgrat haben Einsehen haben nachgeben sich ducken zurückweichen zu Kreuze kriechen kleine Brötchen backen Kopf einziehen einknicken weichen den Schwanz einziehen kuschen Früh krümmt sich, was ein Häkchen werden will.				
Sie wollen sich das erneute Recht geben, die sechste Änderung hinausschieben zu können. Und wenn wir jetzt stillschweigend <N1>nachgeben</N1> wie die kleinen Lämmchen, dann glauben Sie, dass Sie das Recht haben werden, das weiter fortzusetzen.	They want, again, to give themselves the right to defer the sixth amendment, and if we now lie down quietly like little lambs, then they will believe that they have the right to carry on doing the same thing.					
TRUE						
						
Die Ziele der inneren Sicherheit und des Gleichgewichts unserer Gesellschaften <L1>rangieren</L1> für sie ganz klar und eingestandenermaßen erst an zweiter Stelle.	The Left is clearly and blatantly relegating to the background the objectives regarding domestic security and the balance of our societies.	rangieren formieren sich aufstellen | realisieren einrichten aufbauen anlegen arrangieren systematisieren serialisieren strukturieren ordnen aufreihen gliedern zusammenstellen rangieren aufstellen gestalten anordnen				
Die Ziele der inneren Sicherheit und des Gleichgewichts unserer Gesellschaften <N1>stehen</N1> für sie ganz klar und eingestandenermaßen erst an zweiter Stelle.	The Left is clearly and blatantly relegating to the background the objectives regarding domestic security and the balance of our societies.					
TRUE						
						
Aber es kann keinen Zweifel daran geben, dass die Verantwortung für die Einhaltung der Klimaschutzziele in erster Linie bei den Unterzeichnerstaaten des Kyoto-Protokolls liegt, also auch bei den Mitgliedstaaten der Europäischen Union, dass das burden sharing eine freiwillige Vereinbarung innerhalb der Europäischen Union ist und dass die Maßnahmen, die die Kommission vorschlägt und die das Parlament unterstützt, diese Ziele nicht <L1>konterkarieren</L1> dürfen.	There can, though, be no doubt that responsibility for adherence to the climate change objectives rests primarily with the states that signed the Kyoto Protocol, that is, with the Member States of the European Union, that burden sharing is a voluntary agreement within the European Union, and that the measures proposed by the Commission and supported by Parliament must not be allowed to frustrate these objectives.	entgegenwirken obstruieren intrigieren sabotieren hintertreiben konterminieren durchkreuzen gegenlenken seine Strippen ziehen konterkarieren				
Aber es kann keinen Zweifel daran geben, dass die Verantwortung für die Einhaltung der Klimaschutzziele in erster Linie bei den Unterzeichnerstaaten des Kyoto-Protokolls liegt, also auch bei den Mitgliedstaaten der Europäischen Union, dass das burden sharing eine freiwillige Vereinbarung innerhalb der Europäischen Union ist und dass die Maßnahmen, die die Kommission vorschlägt und die das Parlament unterstützt, diese Ziele nicht <N1>durchkreuzen</N1> dürfen.	There can, though, be no doubt that responsibility for adherence to the climate change objectives rests primarily with the states that signed the Kyoto Protocol, that is, with the Member States of the European Union, that burden sharing is a voluntary agreement within the European Union, and that the measures proposed by the Commission and supported by Parliament must not be allowed to frustrate these objectives.					
TRUE						
						
Wir sind gegen den Waffenhandel, sei er offiziell, <L1>offiziös</L1> oder illegal.	We are against arms dealing, whether it be official, unofficial or illegal.	offiziös halbamtlich				
Wir sind gegen den Waffenhandel, sei er offiziell, <N1>halbamtlich</N1> oder illegal.	We are against arms dealing, whether it be official, unofficial or illegal.					
TRUE						
						
Parlamentarier sollen doch gelegentlich <L1>parlieren</L1> können, also zu wesentlichen Themen reden können.	Members of Parliament should be able to speak on important matters when the occasion arises.	sich unterhalten plaudern schnacken miteinander reden plauschen konversieren Smalltalk machen quatschen parlieren babbeln Small Talk machen quatern ratschen babbele quasseln Konversation machen klönen				
Parlamentarier sollen doch gelegentlich <N1>reden</N1> können, also zu wesentlichen Themen reden können.	Members of Parliament should be able to speak on important matters when the occasion arises.					
TRUE						
						
Der Haushalt, so wie wir ihn jetzt aufstellen, zeichnet sich dadurch aus, dass wir im Haushaltsverfahren selbst während der Beratungen sehr hart miteinander streiten, um jede einzelne Million, zum Teil um jeden Tausender, dass wir aber im Verlauf des Jahres immer wieder sehr viel umschichten, neu <L1>arrangieren</L1> müssen.	The hallmark of the Budget as we draw it up at present is that heated debates rage during the budget-setting process around every million, sometimes even every thousand euros, yet during the year we often have to shift funds around and restructure the Budget.	arrangieren vorbereiten organisieren auf den Weg bringen einstielen in die Wege leiten anbahnen einfädeln | realisieren einrichten aufbauen anlegen arrangieren systematisieren serialisieren strukturieren ordnen aufreihen gliedern zusammenstellen rangieren aufstellen gestalten anordnen | aufziehen arrangieren gestalten abhalten formen | arrangieren zusammenstellen anordnen zurechtstellen formatieren in ein Format bringen				
Der Haushalt, so wie wir ihn jetzt aufstellen, zeichnet sich dadurch aus, dass wir im Haushaltsverfahren selbst während der Beratungen sehr hart miteinander streiten, um jede einzelne Million, zum Teil um jeden Tausender, dass wir aber im Verlauf des Jahres immer wieder sehr viel umschichten, neu <N1>gestalten</N1> müssen.	The hallmark of the Budget as we draw it up at present is that heated debates rage during the budget-setting process around every million, sometimes even every thousand euros, yet during the year we often have to shift funds around and restructure the Budget.					
TRUE						
						
In einer Zeit, in der wir den Begriff soziale Dimension und damit alle Instrumente dafür - den sozialen Dialog - immens <L1>strapazieren</L1> und auch von einer Vertiefung der sozialen Frage in Europa reden, lassen wir Zeit verstreichen.	At a point when the term 'social dimension' and thus all the mechanism that involves - notably the social dialogue - are constantly on everyone's lips, and when we are talking about deepening social issues in Europe, we are wasting time.	aufladen belasten aufbürden schlauchen strapazieren beschweren beladen aufoktroyieren bepacken oktroyieren auflasten auferlegen | strapazieren überanstrengen				
In einer Zeit, in der wir den Begriff soziale Dimension und damit alle Instrumente dafür - den sozialen Dialog - immens <N1>belasten</N1> und auch von einer Vertiefung der sozialen Frage in Europa reden, lassen wir Zeit verstreichen.	At a point when the term 'social dimension' and thus all the mechanism that involves - notably the social dialogue - are constantly on everyone's lips, and when we are talking about deepening social issues in Europe, we are wasting time.					
TRUE						
						
Herr Präsident, der Haushalt des kommenden Jahres schließt mit einer - gemessen am Bruttoinlandsprodukt der Mitgliedstaaten - <L1>rekordverdächtig</L1> niedrigen Summe ab.	Mr President, the grand total for next year's budget compared to Member States' GNP is a record low.		no loanword			
Herr Präsident, der Haushalt des kommenden Jahres schließt mit einer - gemessen am Bruttoinlandsprodukt der Mitgliedstaaten - <N1>rekordverdächtig</N1> niedrigen Summe ab.	Mr President, the grand total for next year's budget compared to Member States' GNP is a record low.					
TRUE						
						
Einer Meldung der Zeitung 'El País' vom 20. November zufolge <L1>tanken</L1> die meisten Schiffe, die die Straße von Gibraltar durchqueren, Kraftstoff von in den Gewässern Gibraltars ankernden Tankschiffen, anstatt dies im Hafen von Algeciras zu tun, der über bessere Einrichtungen dafür verfügt.	On 20 November, the newspaper 'El Pais' reported that most vessels passing through the Straits of Gibraltar take on fuel from tanker ships anchored in Gibraltarian waters, instead of doing so in the port of Algeciras, where there are better installations.	auftanken tanken betanken mit Kraftstoff befüllen den Tank auffüllen den Tank füllen				
Einer Meldung der Zeitung 'El País' vom 20. November zufolge <N1>befüllen</N1> die meisten Schiffe <N1>ihren Tank</N1> , die die Straße von Gibraltar durchqueren, Kraftstoff von in den Gewässern Gibraltars ankernden Tankschiffen, anstatt dies im Hafen von Algeciras zu tun, der über bessere Einrichtungen dafür verfügt.	On 20 November, the newspaper 'El Pais' reported that most vessels passing through the Straits of Gibraltar take on fuel from tanker ships anchored in Gibraltarian waters, instead of doing so in the port of Algeciras, where there are better installations.					
TRUE						
						
Das ist ein Schritt in die Zukunft, weil wir gerne ein Lenkungsinstrument haben wollen und demjenigen, der heute einen Computer baut, der gut <L1>recyclingfähig</L1> ist - wie dieser zum Beispiel - auch belohnt werden soll und derjenige, der ein langweiliges und altmodisches Gerät auch in Zukunft weiter produzieren will, durch die hohen Entsorgungskosten auch zur Kasse gebeten werden muss.	It is a step forward because we would like to have a guidance instrument and those who today are building computers that lend themselves to recycling - like this one, for example - should also be rewarded and those who want to continue producing boring old-fashioned ones in the future should be asked to contribute to the high costs of disposal.	recyclebar recyclingfähig wiederverwertbar				
Das ist ein Schritt in die Zukunft, weil wir gerne ein Lenkungsinstrument haben wollen und demjenigen, der heute einen Computer baut, der gut <N1>wiederverwertbar</N1> ist - wie dieser zum Beispiel - auch belohnt werden soll und derjenige, der ein langweiliges und altmodisches Gerät auch in Zukunft weiter produzieren will, durch die hohen Entsorgungskosten auch zur Kasse gebeten werden muss.	It is a step forward because we would like to have a guidance instrument and those who today are building computers that lend themselves to recycling - like this one, for example - should also be rewarded and those who want to continue producing boring old-fashioned ones in the future should be asked to contribute to the high costs of disposal.					
TRUE						
						
Als Beispiele hierfür seien die Aufnahme der Politik des wirtschaftlichen und sozialen Zusammenhalts, des Verbraucherschutzes oder der Umweltpolitik in den Vertrag genannt, alles Bereiche, deren Ziel darin besteht, die Strategien der Öffnung und der Liberalisierung zu <L1>flankieren</L1> und im Gleichgewicht zu halten.	One example is the inclusion in the Treaty of the policy of economic and social cohesion, of consumer protection and of environment policy, all of which are intended to complement and balance the strategies of opening up the markets and liberalisation.	begleiten flankieren | flankieren schützend begleiten an die Hand nehmen				
Als Beispiele hierfür seien die Aufnahme der Politik des wirtschaftlichen und sozialen Zusammenhalts, des Verbraucherschutzes oder der Umweltpolitik in den Vertrag genannt, alles Bereiche, deren Ziel darin besteht, die Strategien der Öffnung und der Liberalisierung zu <N1>begleiten</N1> und im Gleichgewicht zu halten.	One example is the inclusion in the Treaty of the policy of economic and social cohesion, of consumer protection and of environment policy, all of which are intended to complement and balance the strategies of opening up the markets and liberalisation.					
TRUE						
						
Das Europäische Parlament wird in einer Art und Weise ignoriert, wie es gerade in diesem Bereich kaum mehr zu <L1>toppen</L1> wäre. Daher die dringende Aufforderung an die Kommission, hier ein Stück weit konkrete Vorgaben zu machen.	Parliament is being ignored to an extent that, in this area in particular, could scarcely be surpassed; hence the urgent call for the Commission to make some progress on laying down specific criteria for this.	überbieten Rekord schlagen in den Schatten stellen toppen einen Schritt voraus sein den Vogel abschießen Rekord brechen übertreffen				
Das Europäische Parlament wird in einer Art und Weise ignoriert, wie es gerade in diesem Bereich kaum mehr zu <N1>überbieten</N1> wäre. Daher die dringende Aufforderung an die Kommission, hier ein Stück weit konkrete Vorgaben zu machen.	Parliament is being ignored to an extent that, in this area in particular, could scarcely be surpassed; hence the urgent call for the Commission to make some progress on laying down specific criteria for this.					
TRUE						
						
Das Ergebnis des Vermittlungsverfahrens kann nur <L1>kosmetisch</L1> als glänzend bezeichnet werden.	When viewed solely from the point of view of cosmetics, the outcome of the conciliation can be described as good.					
Das Ergebnis des Vermittlungsverfahrens kann nur <N1>oberflächlich</N1> als glänzend bezeichnet werden.	When viewed solely from the point of view of cosmetics, the outcome of the conciliation can be described as good.					
TRUE						
						
Zum ersten Mal besteht jedoch die Hoffnung, dass die Menschen, auch wenn sie <L1>HIV-infiziert</L1> sind, ihr Leben und ihre Lebensqualität tatsächlich verbessern können, wenn sie Zugang zu Medikamenten haben.	For the first time, however, there is hope that people - even those who are HIV positive - can in fact improve their lives and the quality of their lives if they have access to medicines.					
Zum ersten Mal besteht jedoch die Hoffnung, dass die Menschen, auch wenn sie an <N1>erkrankt</N1> sind, ihr Leben und ihre Lebensqualität tatsächlich verbessern können, wenn sie Zugang zu Medikamenten haben.	For the first time, however, there is hope that people - even those who are HIV positive - can in fact improve their lives and the quality of their lives if they have access to medicines.					
TRUE						
						
Ich hoffe, dass bald alle Bürger einen, wie ich es nennen will, 'Hand-C' im Gegensatz zum 'PC' tragen werden. Das ist eine Art Armbanduhr, die einen PC, ein Handy und einen LCD-Schirm in sich vereint und uns in die Lage versetzt, <L1>audiovisuell</L1> zu kommunizieren, Daten zu verarbeiten, zu kaufen, zu verkaufen und per Voicemail zu bezahlen, Sport anzuschauen und unsere Lieblingsmusik zu hören.	I hope we will soon have every EU citizen wearing what I would like to call the 'Hand C' not a 'PC', a wristwatch that is a combination of a PC, mobile phone and an LCD screen that will enable us to communicate audiovisually, process data, buy, sell and pay by voicemail, watch any sport and listen to our favourite music.	audiovisuell hörbar-sichtbar				
Ich hoffe, dass bald alle Bürger einen, wie ich es nennen will, 'Hand-C' im Gegensatz zum 'PC' tragen werden. Das ist eine Art Armbanduhr, die einen PC, ein Handy und einen LCD-Schirm in sich vereint und uns in die Lage versetzt, <N1>über Ton und Sicht</N1> zu kommunizieren, Daten zu verarbeiten, zu kaufen, zu verkaufen und per Voicemail zu bezahlen, Sport anzuschauen und unsere Lieblingsmusik zu hören.	I hope we will soon have every EU citizen wearing what I would like to call the 'Hand C' not a 'PC', a wristwatch that is a combination of a PC, mobile phone and an LCD screen that will enable us to communicate audiovisually, process data, buy, sell and pay by voicemail, watch any sport and listen to our favourite music.					
TRUE						
						
Aber diese Regierung ist <L1>partout</L1> nicht in der Lage, im Lande die Geltung der Verfassung und der Gesetze durchzusetzen.	And yet this government is completely incapable of imposing the constitution and the law on the country.	ohne Rücksicht auf Verluste unter allen Umständen komme was da wolle unbedingt partout auf Gedeih und Verderb wild entschlossen auf Teufel komm raus mit Gewalt um jeden Preis auf Biegen und Brechen und sei es mit Gewalt zum Äußersten entschlossen mit aller Gewalt koste es, was es wolle zu allem entschlossen | unausweichlich wahrlich beileibe definitiv unzweifelhaft sicher bestimmt absolut in jeder Hinsicht gewiss unter allen Umständen komme was da wolle (das ist) keine Frage hundertpro sicherlich unumstößlich bombensicher allemal so gut wie sicher ganz bestimmt jedenfalls fraglos todsicher zweifellos auf jeden Fall unbedingt sicher wie das Amen in der Kirche (ey Alter,) ich schwör mit Bestimmtheit mit Sicherheit (das ist) gar keine Frage unweigerlich in jedem Fall zweifelsohne außer Zweifel partout ohne Zweifel ohne Frage auf alle Fälle				
Aber diese Regierung ist <N1>ganz und gar</N1> nicht in der Lage, im Lande die Geltung der Verfassung und der Gesetze durchzusetzen.	And yet this government is completely incapable of imposing the constitution and the law on the country.					
TRUE						
						
Fast 8 % der 15- bis 19-jährigen <L1>kiffen</L1> täglich, und 75 % der Jugendlichen schätzen Cannabis als ungefährlich ein, obwohl die Medizin mit mehreren Studien eindeutig davor warnt, weil der Konsum von Cannabis ein Risiko für den Körper und insbesondere für die Psyche darstellt und zu psychologischen Abhängigkeiten führt.	Almost 8% of 15- to 19-year-olds smoke pot daily, and 75% of young people think that cannabis is harmless, even though several studies produced by the medical profession indicate conclusively that the use of cannabis poses physical and, more especially, psychological risks and that it leads to addiction.	vernichten haschen Haschisch rauchen buffen barzen einen heizen kiffen einen smoken				
Fast 8 % der 15- bis 19-jährigen <N1>rauchen</N1> täglich Cannabis, und 75 % der Jugendlichen schätzen Cannabis als ungefährlich ein, obwohl die Medizin mit mehreren Studien eindeutig davor warnt, weil der Konsum von Cannabis ein Risiko für den Körper und insbesondere für die Psyche darstellt und zu psychologischen Abhängigkeiten führt.	Almost 8% of 15- to 19-year-olds smoke pot daily, and 75% of young people think that cannabis is harmless, even though several studies produced by the medical profession indicate conclusively that the use of cannabis poses physical and, more especially, psychological risks and that it leads to addiction.					
TRUE						
						
Wir sehen auch Übungen vor, bei denen wir eine Katastrophe größeren Ausmaßes <L1>simulieren</L1> können, bei der möglicherweise sogar biologische oder chemische Waffen im Spiel sind.	We also have exercises whereby we can actually simulate a major accident, even with biological or chemical weapons.	vortäuschen Show abziehen sich ein ... Mäntelchen umhängen sich verstellen simulieren so tun als ob sich stellen so tun als sei man vorgeben machen auf etwas heucheln so tun als wäre man markieren sich geben schauspielern nur so tun				
Wir sehen auch Übungen vor, bei denen wir eine Katastrophe größeren Ausmaßes <N1>abbilden</N1> können, bei der möglicherweise sogar biologische oder chemische Waffen im Spiel sind.	We also have exercises whereby we can actually simulate a major accident, even with biological or chemical weapons.					
TRUE						
						
Diese Zustimmung ist nicht <L1>sentimental</L1> geprägt, sondern ein Ergebnis der grundlegenden wirtschaftlichen und gesellschaftlichen Veränderungen der letzten fünfzehn Jahre, der zehnjährigen Zusammenarbeit und der mehr als fünf Jahre andauernden harten und schwierigen Verhandlungen.	This is not a romantic 'yes', it is a 'yes' which is a result of 15 years of profound economic and social change, 10 years of cooperation and preparation and more than 5 years of tough and difficult negotiations.	gefühlsbeladen gefühlvoll schnulzig sentimental schmalzig rührselig gefühlsselig | gekünstelt theatralisch kitschig im Überschwang der Gefühle sentimental schmalzig larmoyant tränenselig gefühlig melodramatisch gefühlsduselig rührstückhaft gefühlsbetont mit Pipi inne Augen gefühlsbesoffen mit reichlich Herz und Schmerz seelenvoll				
Diese Zustimmung ist nicht <N1>von Gefühlen</N1> geprägt, sondern ein Ergebnis der grundlegenden wirtschaftlichen und gesellschaftlichen Veränderungen der letzten fünfzehn Jahre, der zehnjährigen Zusammenarbeit und der mehr als fünf Jahre andauernden harten und schwierigen Verhandlungen.	This is not a romantic 'yes', it is a 'yes' which is a result of 15 years of profound economic and social change, 10 years of cooperation and preparation and more than 5 years of tough and difficult negotiations.					
TRUE						
						
An der Haltung der Behörden des Flughafens von Amsterdam, sich gegenüber Griechen, die ihr Haar nicht <L1>blond</L1> gefärbt haben und die keine Kontaktlinsen tragen, um blaue Augen zu haben, repressiv zu verhalten, hat sich nichts geändert.	The authorities at Amsterdam airport persist in exercising an oppressive policy against any Greeks who have not dyed their hair blond and used contact lenses to make their eyes blue.	goldfarben hellhaarig blondgelockt golden semmelblond goldblond maisblond gülden blond goldglänzend				
An der Haltung der Behörden des Flughafens von Amsterdam, sich gegenüber Griechen, die ihr Haar nicht <N1>golden</N1> gefärbt haben und die keine Kontaktlinsen tragen, um blaue Augen zu haben, repressiv zu verhalten, hat sich nichts geändert.	The authorities at Amsterdam airport persist in exercising an oppressive policy against any Greeks who have not dyed their hair blond and used contact lenses to make their eyes blue.					
TRUE						
						
Ein Verbot weicher Drogen hat lediglich zur Folge, dass Jugendliche <L1>rebellieren</L1> und mühelos zum Konsum harter Drogen übergehen werden.	A ban on soft drugs simply leads to young people rebelling and eases their move onto the use of hard drugs.	sich erheben gegen aufmucken protestieren revoltieren sich sträuben sich auflehnen opponieren aufbegehren sich widersetzen frondieren Aufstand proben rebellieren				
Ein Verbot weicher Drogen hat lediglich zur Folge, dass Jugendliche <N1>sich widersetzen</N1> und mühelos zum Konsum harter Drogen übergehen werden.	A ban on soft drugs simply leads to young people rebelling and eases their move onto the use of hard drugs.					
TRUE						
						
So <L1>reell</L1> wie der Irak-Krieg.	It is every bit as real as the Iraq war.	stabil langlebig dauerhaft solide währschaft reell Da weiß man, was man hat. wertbeständig | wahrhaftig de facto in Wirklichkeit praktisch wirklich in der Tat man muss ganz ehrlich sagen in praxi nach Lage der Dinge wahrlich echt nach Tatsachen realiter im Ergebnis tatsächlich wahrhaft beileibe natürlich Im Endergebnis in facto in Wahrheit in der Praxis faktisch real greifbar effektiv bestimmt anschaulich fassbar ehrlich konkret eigentlich reell handfest gegenständlich anwendungsbezogen auf den Gegenstand bezogen sachbezogen gelebt so wie es sein soll ohne Scheiß in effectu				
So <N1>echt</N1> wie der Irak-Krieg.	It is every bit as real as the Iraq war.					
TRUE						
						
Herr Präsident! Ziel des Berichts von Herrn Corbett ist es, die Kontrollvollmachten des Parlaments über die Bestimmungen zur Durchführung der Rechtsakte zu stärken, die von der Kommission in einem <L1>mysteriös</L1> als Komitologie bezeichneten Rahmen erarbeitet wurden.	Mr President, the aim of Mr Corbett's report is to strengthen Parliament's powers of control over the texts implementing legislative acts prepared by the Commission in the context of what is mysteriously known as comitology.	unheimlich unverständlich geheimnisumwittert geheimnisumwoben mysteriös | unklar verborgen schleierhaft mysteriös rätselhaft Geheimnis ein Rätsel im Dunkeln | unergründlich okkult schleierhaft nebulös geheimnisumwittert geheimnisumwoben sibyllinisch delphisch wundersam geheimnisvoll mysteriös sagenumwoben arkan rätselhaft sibyllenhaft orphisch				
Herr Präsident! Ziel des Berichts von Herrn Corbett ist es, die Kontrollvollmachten des Parlaments über die Bestimmungen zur Durchführung der Rechtsakte zu stärken, die von der Kommission in einem <N1>seltsam</N1> als Komitologie bezeichneten Rahmen erarbeitet wurden.	Mr President, the aim of Mr Corbett's report is to strengthen Parliament's powers of control over the texts implementing legislative acts prepared by the Commission in the context of what is mysteriously known as comitology.					
TRUE						
						
Statt sich über dem Atlantik <L1>auftanken</L1> zu lassen, nehmen sie eine Abkürzung und überfliegen Gebiete in unmittelbarer Nähe von Hunderttausenden von Bewohnern, deren Sicherheit so gefährdet wird.	Rather than refuelling over the Atlantic, they are cutting corners and flying close to towns and cities with hundreds of thousands of inhabitants, whose safety they are jeopardising.	auftanken tanken betanken mit Kraftstoff befüllen den Tank auffüllen den Tank füllen	not loanword			
Statt sich über dem Atlantik <N1>auftanken</N1> zu lassen, nehmen sie eine Abkürzung und überfliegen Gebiete in unmittelbarer Nähe von Hunderttausenden von Bewohnern, deren Sicherheit so gefährdet wird.	Rather than refuelling over the Atlantic, they are cutting corners and flying close to towns and cities with hundreds of thousands of inhabitants, whose safety they are jeopardising.					
TRUE						
						
Die Frage der late payments ist ja <L1>legendär</L1> in der Union.	The issue of late payments has now become legendary in the Union.	ominös vielzitiert oft erwähnt häufig genannt sprichwörtlich vielbeschworen viel berufen legendär | legendär darüber erzählt man sich viele Geschichten				
Die Frage der late payments ist ja <N1>berühmt</N1> in der Union.	The issue of late payments has now become legendary in the Union.					
TRUE						
						
Herr Präsident, <L1>cher</L1> monsieur le commissaire! Der Bericht, über dessen Annahme wir hier debattieren, enthält eine wirklich grundlegende Änderung der Regionalpolitik.	Mr President, cher Monsieur le Commissaire, the report we are in a quandary about approving contains a genuinely fundamental change to regional policy.		not loanword, purpusefully spken french here			
Herr Präsident, <N1>cher</N1> monsieur le commissaire! Der Bericht, über dessen Annahme wir hier debattieren, enthält eine wirklich grundlegende Änderung der Regionalpolitik.	Mr President, cher Monsieur le Commissaire, the report we are in a quandary about approving contains a genuinely fundamental change to regional policy.					
TRUE						
						
Damit würde es vielleicht einfacher, in der Debatte, die in Frankreich und in anderen Ländern Europas in Gang ist, zu einer Klärung im Hinblick auf <L1>Reality-TV</L1> zu gelangen.	That would perhaps make it easier to settle the ongoing debate in France and other European countries on reality television.		not sure			
Damit würde es vielleicht einfacher, in der Debatte, die in Frankreich und in anderen Ländern Europas in Gang ist, zu einer Klärung im Hinblick auf <N1>"Reality"-Fernsehsendung</N1> zu gelangen.	That would perhaps make it easier to settle the ongoing debate in France and other European countries on reality television.					
TRUE						
						
What do you need, how can we help you?' begrüßt wird, solch eine Spürnase, die <L1>computergesteuert</L1> - aber nicht nur - dann wirklich weiterhilft, viel von dem erreicht werden könnte, wovon wir hier ständig reden.	What do you need? How can we help you?' - would really help matters along, enabling a lot of what we are constantly talking about in this House to be achieved.					
What do you need, how can we help you?' begrüßt wird, solch eine Spürnase, die <N1>rechnergesteuert</N1> - aber nicht nur - dann wirklich weiterhilft, viel von dem erreicht werden könnte, wovon wir hier ständig reden.	What do you need? How can we help you?' - would really help matters along, enabling a lot of what we are constantly talking about in this House to be achieved.					
TRUE						
						
Die Kollegen aus Limburg sollen wissen, wir haben dasselbe erlebt und haben jetzt eine florierende Automobilindustrie im Vereinigten Königreich; bei uns lassen mehr internationale Automobilhersteller Fahrzeuge <L1>montieren</L1> als in jedem anderen Land der Europäischen Union.	I want to say to colleagues from Limburg that we have had that experience and we now have a thriving automotive industry in the United Kingdom; we have more international car manufacturers assembling cars in the United Kingdom than any other country in the European Union.	einrichten einbauen zusammenfügen einsetzen einarbeiten montieren einpassen installieren | anfügen befestigen montieren anbringen festmachen | Montieren Aufschlagen				
Die Kollegen aus Limburg sollen wissen, wir haben dasselbe erlebt und haben jetzt eine florierende Automobilindustrie im Vereinigten Königreich; bei uns lassen mehr internationale Automobilhersteller Fahrzeuge <N1>zusammensetzen</N1> als in jedem anderen Land der Europäischen Union.	I want to say to colleagues from Limburg that we have had that experience and we now have a thriving automotive industry in the United Kingdom; we have more international car manufacturers assembling cars in the United Kingdom than any other country in the European Union.					
TRUE						
						
Herr Präsident, bitte schreiben Sie an den <L1>CEO</L1> und bringen Sie Diageo dazu, damit aufzuhören!	Mr President, please write to the chief executive and get Diageo to stop this!	CEO Vorsitzender des Vorstands Vorstandsvorsitzender erster Angestellter | CEO Geschäftsführer				
Herr Präsident, bitte schreiben Sie an den <N1>Vorstand</N1> und bringen Sie Diageo dazu, damit aufzuhören!	Mr President, please write to the chief executive and get Diageo to stop this!					
TRUE						
						
Allerdings mutet dieser Grund natürlich ein wenig <L1>bizarr</L1> an.	That is, of course, a little bizarre as a reason, though.	eigenartig eigentümlich eigenwillig komisch schräg verquer ungewöhnlich skurril sonderbar befremdend befremdlich bizarr fällt aus dem Rahmen abstrus absurd lächerlich aberwitzig grotesk kurios merkwürdig abgedreht				
Allerdings mutet dieser Grund natürlich ein wenig <N1>verrückt</N1> an.	That is, of course, a little bizarre as a reason, though.					
TRUE						
						
Die Vielfalt der Europäischen Union sollten wir <L1>zelebrieren</L1> und nicht eliminieren.	The diversity of the European Union is something to celebrate and not to eliminate.	zelebrieren feierlich inszenieren weihevoll begehen würdevoll begehen feierlich begehen festlich begehen				
Die Vielfalt der Europäischen Union sollten wir <N1>feiern</N1> und nicht eliminieren.	The diversity of the European Union is something to celebrate and not to eliminate.					
TRUE						
						
Beim ersten handelt es sich um den Gedanken, den MRL-Wert <L1>standardmäßig</L1> an der Nachweisgrenze festzulegen.	The first of these is the notion of a default limit-of-determination MRL.	serienmäßig genormt standardmäßig | gewöhnlich in der Regel in aller Regel normalerweise im Regelfall typischerweise landläufig standardmäßig gemeinhin von Haus aus gemeiniglich üblicherweise für gewöhnlich im Normalfall normal ab Werk werksseitig eingestellt ab Fabrik				
Beim ersten handelt es sich um den Gedanken, den MRL-Wert <N1>vorschriftsmäßig</N1> an der Nachweisgrenze festzulegen.	The first of these is the notion of a default limit-of-determination MRL.					
TRUE						
						
Wenn wir in die neue Rechtsvorschrift für umweltgerechte Gestaltung eine Anforderung einbauen können, dass Patronen nachfüllbar und <L1>recyclebar</L1> sein müssen, dann wird das für den Schutz der Verbraucherrechte einen großen Schritt nach vorn bedeuten und der Umwelt viele Vorteile bringen.	If we can build into the new eco-design legislation a requirement that cartridges must be refillable and recyclable, it will be a major step forward in both protecting the rights of the consumer and benefiting the environment.	recyclebar recyclingfähig wiederverwertbar				
Wenn wir in die neue Rechtsvorschrift für umweltgerechte Gestaltung eine Anforderung einbauen können, dass Patronen nachfüllbar und <N1>wiederverwendbar</N1> sein müssen, dann wird das für den Schutz der Verbraucherrechte einen großen Schritt nach vorn bedeuten und der Umwelt viele Vorteile bringen.	If we can build into the new eco-design legislation a requirement that cartridges must be refillable and recyclable, it will be a major step forward in both protecting the rights of the consumer and benefiting the environment.					
TRUE						
						
Gleichzeitig <L1>avisieren</L1> Kommission, Parlament und Rat eine Netzöffnung auch für den grenzüberschreitenden Personenverkehr für das Jahr 2010.	My thanks also go to Parliament’s delegation to the Conciliation Committee and, in particular, its Chair, Mrs Cederschiöld, who reached an agreement with the Council at the final conciliation meeting on 16 March, a compromise which we consider to be very balanced.	ankündigen ansagen avisieren ankünden				
Gleichzeitig <N1>zielen</N1> Kommission, Parlament und Rat auf eine Netzöffnung auch für den grenzüberschreitenden Personenverkehr für das Jahr 2010.	My thanks also go to Parliament’s delegation to the Conciliation Committee and, in particular, its Chair, Mrs Cederschiöld, who reached an agreement with the Council at the final conciliation meeting on 16 March, a compromise which we consider to be very balanced.					
TRUE						
						
Frau Präsidentin! Ich möchte kurz auf die sehr eindringlich und gleichwohl sehr <L1>charmant</L1> vorgebrachte Bemerkung der Vorsitzenden meiner Fraktion, Frau Frassoni, zurückkommen, nämlich dass den türkischen Zyprioten die Möglichkeit zur Teilnahme an den Europawahlen gegeben werden muss.	Madam President, I should briefly like to return to a point made, so powerfully and yet with such charm, by my group Chairman, Mrs Frassoni, which was that Turkish Cypriots need to be given the opportunity to take part in the European elections.	entzückend liebreizend aufregend reizvoll anziehend bezaubernd faszinierend charmant gewinnend apart | gut schön eins a sympathisch angenehm vorteilhaft günstig ersprießlich tadellos positiv charmant ergötzlich glücklich fein manierlich herzerfrischend wohltuend gefreut erbaulich herzerquicklich erhebend erfreulich pläsierlich erquicklich 1a von guter Qualität | nett gefällig freundlich charmant				
Frau Präsidentin! Ich möchte kurz auf die sehr eindringlich und gleichwohl sehr <N1>bezaubernd</N1> vorgebrachte Bemerkung der Vorsitzenden meiner Fraktion, Frau Frassoni, zurückkommen, nämlich dass den türkischen Zyprioten die Möglichkeit zur Teilnahme an den Europawahlen gegeben werden muss.	Madam President, I should briefly like to return to a point made, so powerfully and yet with such charm, by my group Chairman, Mrs Frassoni, which was that Turkish Cypriots need to be given the opportunity to take part in the European elections.					
TRUE						
						
Sie werden also verstehen, dass wir nicht verwundert sind, wenn irische Missionare Europa <L1>zivilisieren</L1> und diese Grundaufgabe, Sümpfe trockenzulegen - auch die des nationalen Egoismus -, Fundamente zu legen - auch die der europäischen Demokratie -, wahrnehmen.	So you will understand why we are not amazed when Irish missionaries civilise Europe and carry out the fundamental tasks of draining swamps – including the swamps of national egoisms – and laying foundations, including those of European democracy.	kultivieren erschließen zivilisieren verstädtern urbanisieren	not clear			
Sie werden also verstehen, dass wir nicht verwundert sind, wenn irische Missionare Europa <N1>zivilisieren</N1> und diese Grundaufgabe, Sümpfe trockenzulegen - auch die des nationalen Egoismus -, Fundamente zu legen - auch die der europäischen Demokratie -, wahrnehmen.	So you will understand why we are not amazed when Irish missionaries civilise Europe and carry out the fundamental tasks of draining swamps – including the swamps of national egoisms – and laying foundations, including those of European democracy.					
TRUE						
						
Wir erleben heute einen Aufbruch zu neuen Ufern, den Beginn einer neuen Ära, in der das alte Bild von Europa <L1>passé</L1> ist, in der Länder, denen einst eine repräsentative Demokratie verwehrt war, nun die Möglichkeit dazu erhalten.	We stand today at a new frontier, the dawn of a new era, when the old visions of Europe have been broken down, when countries that were denied the opportunities to have democracy and representation are being given that opportunity now.	dahin passé gewesen vorbei  mit abgelaufen passee verflossen herum gelaufen aus  mit es war einmal beendet vorbei vergangen vorüber rum aus und vorbei tot und begraben | abgegriffen abgedroschen überkommen überholt veraltet hat seine Zeit gehabt passé vernutzt altmodisch nostalgisch hat seine Zeit hinter sich abgenudelt out längst vergessen geglaubt veraltend nicht mehr angesagt Schnee von gestern obsolet abgelutscht | überholt veraltet antiquiert passé altmodisch out nicht mehr angesagt Schnee von gestern abgelutscht ausgelutscht unmodern vorbei altbacken ausgedient haben aus der Mode anachronistisch uncool hat seine Chance gehabt zum alten Eisen gehörend war mal. hat seine besten Zeiten hinter sich Vergangenheit sein nicht mehr zeitgemäß damit lockt man keinen Hund mehr hinter dem Ofen hervor nicht mehr aktuell nicht mehr auf der Höhe der Zeit unzeitgemäß Die Zeiten sind vorbei nicht mehr Stand der Technik gute alte der Vergangenheit angehören gehört entsorgt nicht mehr State of the Art Old School abgemeldet nicht mehr in Mode vorsintflutlich nicht mehr up to date hatte seine Chance hat sich erledigt				
Wir erleben heute einen Aufbruch zu neuen Ufern, den Beginn einer neuen Ära, in der das alte Bild von Europa <N1>überkommen</N1> ist, in der Länder, denen einst eine repräsentative Demokratie verwehrt war, nun die Möglichkeit dazu erhalten.	We stand today at a new frontier, the dawn of a new era, when the old visions of Europe have been broken down, when countries that were denied the opportunities to have democracy and representation are being given that opportunity now.					
TRUE						
						
Die serbischen Spitzenpolitiker nehmen die angespannte Lage, die sich herausgebildet hat, auf die leichte Schulter und <L1>bagatellisieren</L1> sie.	The political leaders of Serbia make light of and play down the tense situation that has developed.	als unbedeutend hinstellen verniedlichen bagatellisieren | sich zurückhalten bagatellisieren abwiegeln verharmlosen herunterspielen den Ball flachhalten kleinreden marginalisieren den Ball flach halten				
Die serbischen Spitzenpolitiker nehmen die angespannte Lage, die sich herausgebildet hat, auf die leichte Schulter und <N1>verharmlosen</N1> sie.	The political leaders of Serbia make light of and play down the tense situation that has developed.					
TRUE						
						
Der einzige legitime Rahmen für die Entscheidungen ist die UNO. Die Folgen eines Krieges wären <L1>desaströs</L1> und unabsehbar.	He affirmed that the consequences of warfare would be disastrous and incalculable.	mies sehr schlecht vernichtend katastrophal saumäßig unterirdisch zum Abgewöhnen unter aller Kanone hundsmiserabel miserabel unter aller Sau grottig lausig grottenschlecht lausig schlecht eine Katastrophe verderblich unheilvoll verheerend desaströs				
Der einzige legitime Rahmen für die Entscheidungen ist die UNO. Die Folgen eines Krieges wären <N1>vernichtend</N1> und unabsehbar.	He affirmed that the consequences of warfare would be disastrous and incalculable.					
TRUE						
						
Wir wollen Europa ein bisschen weniger <L1>promoten</L1> und sicherstellen, dass die Menschen Europa ein wenig mehr erleben.	We would like to promote Europe a little less and ensure that people experience Europe a little more.	anpreisen propagieren werben bewerben hochhalten Werbung machen umwerben promoten				
Wir wollen Europa ein bisschen weniger <N1>bewerben</N1> und sicherstellen, dass die Menschen Europa ein wenig mehr erleben.	We would like to promote Europe a little less and ensure that people experience Europe a little more.					
TRUE						
						
Durch die ausschließliche Zuständigkeit gilt für die GFP nicht mehr der Grundsatz der Subsidiarität, so dass regionale Beratungsgremien nie zu Verwaltungsgremien <L1>avancieren</L1> können.	Exclusive competence takes the CFP outwith the principle of subsidiarity, ensuring that regional advisory councils can never evolve into management bodies.	aufsteigen emporsteigen zu etwas werden höher steigen befördert werden sich verbessern emporkommen es zu etwas bringen avancieren Karriere machen aufrücken vorwärtskommen arrivieren				
Durch die ausschließliche Zuständigkeit gilt für die GFP nicht mehr der Grundsatz der Subsidiarität, so dass regionale Beratungsgremien nie zu Verwaltungsgremien <N1>werden</N1> können.	Exclusive competence takes the CFP outwith the principle of subsidiarity, ensuring that regional advisory councils can never evolve into management bodies.					
TRUE						
						
Diese Wahrheit schulden wir zuerst ihnen, aber auch unseren Kindern und den kommenden Generationen, denn jene, die den Holocaust schamlos leugnen oder, schlimmer noch, ihn zu <L1>banalisieren</L1> suchen, haben nicht gewartet, bis die letzten Überlebenden nicht mehr da sind, um zu versuchen, diese einzigartige Erinnerung zu beschmutzen.	We owe them truth. To them first of all, but also to our children and to future generations, because those who would insensitively deny the Holocaust or, worse, attempt to trivialise it, have not waited for the survivors to disappear before trying to demean this most singular of memories.					
Diese Wahrheit schulden wir zuerst ihnen, aber auch unseren Kindern und den kommenden Generationen, denn jene, die den Holocaust schamlos leugnen oder, schlimmer noch, ihn zu <N1>verharmlosen</N1> suchen, haben nicht gewartet, bis die letzten Überlebenden nicht mehr da sind, um zu versuchen, diese einzigartige Erinnerung zu beschmutzen.	We owe them truth. To them first of all, but also to our children and to future generations, because those who would insensitively deny the Holocaust or, worse, attempt to trivialise it, have not waited for the survivors to disappear before trying to demean this most singular of memories.					
TRUE						
						
Daher <L1>lancieren</L1> mehr als 100 Organisationen, NRO, Verbände und Gewerkschaften dieses Jahr eine internationale und europäische Mobilisierungs- und Umfragekampagne.	That is why more than 100 organisations, NGOs, associations and trade unions will run a mobilisation and questioning campaign at global and European level this year.	einleiten anfangen herbeiführen einarbeiten einführen eröffnen lancieren introduzieren				
Daher <N1>starten</N1> mehr als 100 Organisationen, NRO, Verbände und Gewerkschaften dieses Jahr eine internationale und europäische Mobilisierungs- und Umfragekampagne.	That is why more than 100 organisations, NGOs, associations and trade unions will run a mobilisation and questioning campaign at global and European level this year.					
TRUE						
						
Deshalb ist ein aktuelles Identifikationspapier, sowohl <L1>visuell</L1> als auch technisch, unerlässlich.	That is why it is vital that ID cards should be up-to-date, both visually and technologically speaking.	sichtbar visuell				
Deshalb ist ein aktuelles Identifikationspapier, sowohl <N1>dem Anschein nach</N1> als auch technisch, unerlässlich.	That is why it is vital that ID cards should be up-to-date, both visually and technologically speaking.					
TRUE						
						
Die Agentur wird Überwachungsschiffe <L1>chartern</L1> und nutzen können, die sie dann Beobachtern zur Verfügung stellt.	The agency will be able to charter and operate surveillance vessels, which it will place at the disposal of observers.	chartern mieten				
Die Agentur wird Überwachungsschiffe <N1>anmieten</N1> und nutzen können, die sie dann Beobachtern zur Verfügung stellt.	The agency will be able to charter and operate surveillance vessels, which it will place at the disposal of observers.					
TRUE						
						
Außerdem wird die Lissabon-Strategie nicht <L1>durchstarten</L1> können, wenn zu den Zielen der Union nicht auch die Festlegung und Durchführung von Maßnahmen gehört, die den Entwicklungsländern wirklich helfen und sie auf den Weg zur Demokratie und zur Achtung der Menschenrechte sowie der Rechte der Arbeitnehmer und der Kinder führen.	In addition, the Lisbon strategy will not be able to take off if the Union’s objectives do not include identifying and implementing measures to provide developing countries with effective help, leading them to democracy and respect for human rights and the rights of workers and children.	beginnen etwas antreten etwas anpacken herangehen an sich daranmachen zu durchstarten einleiten anfangen an etwas gehen in Angriff nehmen etwas angreifen einsteigen etwas aufnehmen Startschuss geben loslegen darangehen zu zur Tat schreiten angehen starten anschmeißen anwerfen initiieren etwas anleiern induzieren in Gang bringen entfachen etwas in Gang setzen anheben eröffnen einsteigen in aufnehmen				
Außerdem wird die Lissabon-Strategie nicht <N1>erfolgreich sein</N1> können, wenn zu den Zielen der Union nicht auch die Festlegung und Durchführung von Maßnahmen gehört, die den Entwicklungsländern wirklich helfen und sie auf den Weg zur Demokratie und zur Achtung der Menschenrechte sowie der Rechte der Arbeitnehmer und der Kinder führen.	In addition, the Lisbon strategy will not be able to take off if the Union’s objectives do not include identifying and implementing measures to provide developing countries with effective help, leading them to democracy and respect for human rights and the rights of workers and children.					
TRUE						
						
Um nur ein weiteres Beispiel zu nennen: Zum Erhalt eines russischen Dauervisums müssen selbst Kleinkinder einen <L1>HIV-Test</L1> nachweisen.	To give just one example: even small children have to present the results of an HIV test in order to obtain a Russian long-term visa.					
Um nur ein weiteres Beispiel zu nennen: Zum Erhalt eines russischen Dauervisums müssen selbst Kleinkinder einen <N1>HIV-Abklärung</N1> nachweisen.	To give just one example: even small children have to present the results of an HIV test in order to obtain a Russian long-term visa.					
TRUE						
						
Das schließt alle Gewässer ein, auf denen Menschen windsurfen, <L1>paddeln</L1> und dergleichen, und führt dazu, dass - ehe man es sich versieht - theoretisch das Wasser des gesamten schwedischen Schärengartens regelmäßig kontrolliert werden muss.	This includes water wherever people go windsurfing or canoeing or such like, with the result that, before you know it, water throughout the Swedish archipelago will, in theory, need regularly to be monitored.	paddeln pullen rudern skullen | plantschen paddeln baden schwimmen rinnen				
Das schließt alle Gewässer ein, auf denen Menschen windsurfen, <N1>rudern</N1> und dergleichen, und führt dazu, dass - ehe man es sich versieht - theoretisch das Wasser des gesamten schwedischen Schärengartens regelmäßig kontrolliert werden muss.	This includes water wherever people go windsurfing or canoeing or such like, with the result that, before you know it, water throughout the Swedish archipelago will, in theory, need regularly to be monitored.					
TRUE						
						
Wie wir gesehen haben, hat Software ja zur Entwicklung von Wirtschaftsbereichen beigetragen und es ermöglicht, viele Tätigkeiten zu relativ niedrigen Kosten zu <L1>automatisieren</L1> und zu vereinfachen.	As we have seen, software has contributed towards the development of economies and has made it possible to make many tasks automatic and simplified at relatively low cost.					
Wie wir gesehen haben, hat Software ja zur Entwicklung von Wirtschaftsbereichen beigetragen und es ermöglicht, viele Tätigkeiten zu relativ niedrigen Kosten <N1>maschinell zu verselbstständigen</N1> und zu vereinfachen.	As we have seen, software has contributed towards the development of economies and has made it possible to make many tasks automatic and simplified at relatively low cost.					
TRUE						
						
Wir reden hier über etwas völlig Anderes: Erfindungen, die von Computern angewendet werden oder die, wie es in einigen Änderungsanträgen heißt, <L1>computergestützt</L1> sind, das bedeutet, von Geräten, die Computerprogramme verwenden.	What we are talking about here is something completely different: inventions applied or assisted, as some amendments put it, by computer, that is to say, equipment that uses computer programs.	rechnerunterstützt computergestützt				
Wir reden hier über etwas völlig Anderes: Erfindungen, die von Computern angewendet werden oder die, wie es in einigen Änderungsanträgen heißt, <N1>rechnergestützt</N1> sind, das bedeutet, von Geräten, die Computerprogramme verwenden.	What we are talking about here is something completely different: inventions applied or assisted, as some amendments put it, by computer, that is to say, equipment that uses computer programs.					
TRUE						
						
Deshalb muss die Europäische Union ein Problem dieser Art eindeutig <L1>frontal</L1> angehen, alle Instrumente des Rechtsstaats einsetzen und auf der Grundlage unseres klaren Respekts des Schutzes der Menschenrechte agieren.	Clearly, therefore, the European Union must deal head on with a problem of this nature by adopting all the instruments of the rule of law and on the basis of our unequivocal respect for the defence of human rights.	direkt geradlinig frontal ohne Umwege geradeaus ohne Umweg				
Deshalb muss die Europäische Union ein Problem dieser Art eindeutig <N1>am Kopf</N1> angehen, alle Instrumente des Rechtsstaats einsetzen und auf der Grundlage unseres klaren Respekts des Schutzes der Menschenrechte agieren.	Clearly, therefore, the European Union must deal head on with a problem of this nature by adopting all the instruments of the rule of law and on the basis of our unequivocal respect for the defence of human rights.					
TRUE						
						
Im Vorgriff auf die Marktordnung im Eisenbahn-Personenverkehr ist vorige Woche die Zulassung des <L1>ICE</L1> 3 in Frankreich erfolgt, und der TGV wird wohl im nächsten Jahr folgen.	Accordingly, I think that at this time it is impossible for us to accept the liberalisation schedule he proposes for new Member States, and especially cabotage.	InterCity Express ICE Hochgeschwindigkeitszug Intercity-Express Inter City Express	not really a loanword			
Im Vorgriff auf die Marktordnung im Eisenbahn-Personenverkehr ist vorige Woche die Zulassung des <N1>ICE</N1> 3 in Frankreich erfolgt, und der TGV wird wohl im nächsten Jahr folgen.	Accordingly, I think that at this time it is impossible for us to accept the liberalisation schedule he proposes for new Member States, and especially cabotage.					
TRUE						
						
Wenn wir uns nur auf den Handel <L1>kaprizieren</L1> und die anderen notwendigen gesellschaftlichen Bestandteile nicht mit berücksichtigen, dann werden wir kein Ergebnis erzielen.	If we get fixated on trade and take no account of the other social components, we will get nowhere.	verlangen beharren pochen dringen bestehen versteifen einfordern drängen insistieren abverlangen ausbedingen kaprizieren etwas reklamieren Forderung stellen fordern beanspruchen anmahnen Anspruch erheben postulieren anfordern abfordern				
Wenn wir uns nur auf den Handel <N1>versteifen</N1> und die anderen notwendigen gesellschaftlichen Bestandteile nicht mit berücksichtigen, dann werden wir kein Ergebnis erzielen.	If we get fixated on trade and take no account of the other social components, we will get nowhere.					
TRUE						
						
Selbstverständlich müssen den Strafverfolgungsbehörden die Instrumentarien in die Hand gegeben werden, die es ihnen ermöglichen, Terrorismus und schwere Kriminalität zu bekämpfen. Doch das rechtfertigt nicht, immer wahlloser, ohne Rücksicht auf die Rechte des Einzelnen und ohne zwingende Notwendigkeit Daten und Informationen zu sammeln, zu <L1>verlinken</L1> und auszutauschen, bis in naher Zukunft der gläserne Bürger existiert.	Yes, of course, the law enforcement authorities have to be equipped to combat terrorism and the graver types of criminal activity, but that does not justify disregarding the rights of the individual and collecting – in a situation in which it is not absolutely necessary to do so – data and information and collating and exchanging it, to the point where, in the not-too-distant future, every detail of our citizens’ lives will be laid bare.	mit etwas assoziiert werden mit einer Sache in Verbindung gebracht werden verlinken				
Selbstverständlich müssen den Strafverfolgungsbehörden die Instrumentarien in die Hand gegeben werden, die es ihnen ermöglichen, Terrorismus und schwere Kriminalität zu bekämpfen. Doch das rechtfertigt nicht, immer wahlloser, ohne Rücksicht auf die Rechte des Einzelnen und ohne zwingende Notwendigkeit Daten und Informationen zu sammeln, zu <N1>verbinden</N1> und auszutauschen, bis in naher Zukunft der gläserne Bürger existiert.	Yes, of course, the law enforcement authorities have to be equipped to combat terrorism and the graver types of criminal activity, but that does not justify disregarding the rights of the individual and collecting – in a situation in which it is not absolutely necessary to do so – data and information and collating and exchanging it, to the point where, in the not-too-distant future, every detail of our citizens’ lives will be laid bare.					
TRUE						
						
Wenn die bulgarischen Medien diese Bestechungspraktiken an der Grenze <L1>filmen</L1> würden, wäre das sicherlich hilfreich, meint ein Insider.	According to one person in the know, it would certainly help if the Bulgarian media were to film the corrupt practices that go on at the border.	aufnehmen videographieren videografieren filmen abfilmen				
Wenn die bulgarischen Medien diese Bestechungspraktiken an der Grenze <N1>auf Band aufnehmen</N1> würden, wäre das sicherlich hilfreich, meint ein Insider.	According to one person in the know, it would certainly help if the Bulgarian media were to film the corrupt practices that go on at the border.					
TRUE						
						
Es ist für Hersteller nicht gut, wenn sie zwischen verschiedenen Regelungen <L1>jonglieren</L1> müssen, und es ist auch sehr bedauerlich, dass wir uns mit unserem Vorschlag, dass diese Frage bis allerspätestens 2008 endlich gelöst sein sollte, nicht durchsetzen konnten.	It is far from ideal that manufacturers should have to juggle different regulations, and it is also highly regrettable that we were unable to gain approval for our proposal that this issue should finally be resolved by 2008 at the latest.	jonglieren herumjonglieren sich durchschlängeln lavieren herumlavieren taktieren Schwierigkeiten meistern Klippen umschiffen				
Es ist für Hersteller nicht gut, wenn sie zwischen verschiedenen Regelungen <N1>hin- und herspringen</N1> müssen, und es ist auch sehr bedauerlich, dass wir uns mit unserem Vorschlag, dass diese Frage bis allerspätestens 2008 endlich gelöst sein sollte, nicht durchsetzen konnten.	It is far from ideal that manufacturers should have to juggle different regulations, and it is also highly regrettable that we were unable to gain approval for our proposal that this issue should finally be resolved by 2008 at the latest.					
TRUE						
						
Man kann sich unter EUDemocrats.org auf unserer <L0>Homepage</L0> <L1>einloggen</L1> und auf diese Weise direkt und kostenlos eintreten, sich informieren und an verschiedenen Veranstaltungen teilnehmen.	It is possible to log onto our home page, EUDemocrats.org and, in that way, join right off the street, free of charge, and be informed, as well as take part in the various events.					
Man kann sich unter EUDemocrats.org auf unserer <N0>Netzseite</N0> <N1>anmelden</N1> und auf diese Weise direkt und kostenlos eintreten, sich informieren und an verschiedenen Veranstaltungen teilnehmen.	It is possible to log onto our home page, EUDemocrats.org and, in that way, join right off the street, free of charge, and be informed, as well as take part in the various events.					
TRUE						
						
Ich habe mir die Mühe gemacht, ihre Charta von 1988 zu lesen, die erschreckend mittelalterlich und <L1>bigott</L1> wirkt und an vielen Stellen zum Antisemitismus aufwiegelt sowie zur Unterstützung des Dschihad und des Sharia-Gesetzes aufruft.	I took the trouble of reading their 1988 charter, which is chillingly medieval, bigoted and steeped in incitement to anti-Semitism and support for Jihad and Sharia law.	bigott frömmlerisch engstirnig blindgläubig frömmelnd | falsch gemein link tückisch heimtückisch hinterhältig unehrlich unlauter verlogen unwahrhaftig gaunerhaft unredlich unaufrichtig lügnerisch bigott niederträchtig biestig hundsgemein durchtrieben hinterfotzig schofel schofelig charakterlos schurkisch scheißfreundlich heuchlerisch geheuchelt pharisäerhaft hinterfotzig schlangenzüngig scheinheilig hypokritisch doppelzüngig hintenrum				
Ich habe mir die Mühe gemacht, ihre Charta von 1988 zu lesen, die erschreckend mittelalterlich und <N1>scheinheilig</N1> wirkt und an vielen Stellen zum Antisemitismus aufwiegelt sowie zur Unterstützung des Dschihad und des Sharia-Gesetzes aufruft.	I took the trouble of reading their 1988 charter, which is chillingly medieval, bigoted and steeped in incitement to anti-Semitism and support for Jihad and Sharia law.					
TRUE						
						
Ich möchte nur an Erfindungen wie beispielsweise die Lasertechnik oder das Röntgen oder den <L1>MP3-Player</L1> erinnern.	I need only remind the House of inventions such as laser technology or X-rays or the MP3 player.					
Ich möchte nur an Erfindungen wie beispielsweise die Lasertechnik oder das Röntgen oder den <N1>MP3-Abspieler</N1> erinnern.	I need only remind the House of inventions such as laser technology or X-rays or the MP3 player.					
TRUE						
						
Wir wollen über das Rahmenprogramm hinausgehen und <L1>visieren</L1> den Europäischen Forschungsraum an.	We want to go beyond the framework programme and into the European research area.					
Wir wollen über das Rahmenprogramm hinausgehen und <N1>fassen</N1> den Europäischen Forschungsraum ins Auge.	We want to go beyond the framework programme and into the European research area.					
TRUE						
						
In einigen Fällen ist es sehr teuer, sich ein Fußballspiel anzuschauen, da die Zuschauer mehrere Kanäle bei unterschiedlichen Anbietern kostenpflichtig <L1>abonnieren</L1> müssen, um bestimmt Spiele anschauen zu können.	In some cases, football is now extremely expensive to watch, because people must pay for more than one channel subscription, with more than one company in order to watch certain matches.	bestellen subskribieren abonnieren				
In einigen Fällen ist es sehr teuer, sich ein Fußballspiel anzuschauen, da die Zuschauer mehrere Kanäle bei unterschiedlichen Anbietern kostenpflichtig <N1>bestellen</N1> müssen, um bestimmt Spiele anschauen zu können.	In some cases, football is now extremely expensive to watch, because people must pay for more than one channel subscription, with more than one company in order to watch certain matches.					
TRUE						
						
Und was passiert schließlich mit den Listen der Sportarten, die die Mitgliedstaaten dem zuständigen Ausschuss der Europäischen Union vorlegen und auf denen die Disziplinen verzeichnet sein sollen, die kostenlos und nicht per <L1>Pay-TV</L1> übertragen werden müssen?	Finally, what is being done about the list of sports which the Member States must propose and notify to the competent committee of the European Union, for which broadcasting on free rather than subscriber television is mandatory?	Bezahl-Fernsehen Bezahlfernsehen Pay-TV Abofernsehen				
Und was passiert schließlich mit den Listen der Sportarten, die die Mitgliedstaaten dem zuständigen Ausschuss der Europäischen Union vorlegen und auf denen die Disziplinen verzeichnet sein sollen, die kostenlos und nicht per <N1>Bezahlfernsehen</N1> übertragen werden müssen?	Finally, what is being done about the list of sports which the Member States must propose and notify to the competent committee of the European Union, for which broadcasting on free rather than subscriber television is mandatory?					
TRUE						
						
Herr Präsident, Herr Kommissionspräsident, meine lieben Kolleginnen und Kollegen! Ich meine, dass wir in dieser Debatte zu viel Schatten <L1>boxen</L1> und zu wenig Respekt vor dem Recht und dem Bürger haben.	– Mr President, Mr President of the Commission, ladies and gentlemen, I think that we, in this debate, are indulging in too much shadow boxing and not showing enough respect to the law and the public.	schlagen hauen prügeln kloppen dreschen boxen | Boxen Faustkampf Boxkampf				
Herr Präsident, Herr Kommissionspräsident, meine lieben Kolleginnen und Kollegen! Ich meine, dass wir in dieser Debatte zu viel Schatten<N1>fechten</N1> betreiben und zu wenig Respekt vor dem Recht und dem Bürger haben.	– Mr President, Mr President of the Commission, ladies and gentlemen, I think that we, in this debate, are indulging in too much shadow boxing and not showing enough respect to the law and the public.					
TRUE						
						
Das ist <L1>unsportlich</L1> und unfair.	That is unsporting and unfair.	regelwidrig nicht fair unsportlich unfair				
Das ist <N1>verwerflich</N1> und unfair.	That is unsporting and unfair.					
TRUE						
						
Ich bin davon überzeugt, dass der Fußball die Grundlage für Entwicklung und Selbstverwirklichung schaffen kann, weshalb ich es auch begrüße, dass in dem Bericht von der Notwendigkeit gesprochen wird, die Vereine zu unterstützen, die jungen Menschen die entsprechenden Bedingungen bieten, damit sie <L1>trainieren</L1> und lernen können.	I am convinced that football can provide the basis for development and self-fulfilment, which is why I am pleased by the points included in this report which talk about the need to support clubs that provide young people with the right conditions both for training and for learning.	trainieren einüben abrichten dressieren konditionieren trimmen | schulen trainieren üben einüben | trainieren sich körperlich ertüchtigen sich ertüchtigen sporteln Sport treiben				
Ich bin davon überzeugt, dass der Fußball die Grundlage für Entwicklung und Selbstverwirklichung schaffen kann, weshalb ich es auch begrüße, dass in dem Bericht von der Notwendigkeit gesprochen wird, die Vereine zu unterstützen, die jungen Menschen die entsprechenden Bedingungen bieten, damit sie <N1>üben</N1> und lernen können.	I am convinced that football can provide the basis for development and self-fulfilment, which is why I am pleased by the points included in this report which talk about the need to support clubs that provide young people with the right conditions both for training and for learning.					
TRUE						
						
Wer sich offen dazu bekennt, dass er <L1>HIV-positiv</L1> ist, und gegen die damit verbundene Diskriminierung und Wut angeht, der ist ein Krieger; ein Krieger deshalb, weil er die Schlachten schlägt, von denen er sich wünscht, dass die nächste Generation sie nicht zu schlagen braucht.	To come out and say that you are HIV positive and to deal with the discrimination and the anger that you therefore suffer is to declare yourself a warrior: a warrior because you fight the battles that you never want another generation to have to fight again.					
Wer sich offen dazu bekennt, dass er <N1>HIV-erkrankt</N1> ist, und gegen die damit verbundene Diskriminierung und Wut angeht, der ist ein Krieger; ein Krieger deshalb, weil er die Schlachten schlägt, von denen er sich wünscht, dass die nächste Generation sie nicht zu schlagen braucht.	To come out and say that you are HIV positive and to deal with the discrimination and the anger that you therefore suffer is to declare yourself a warrior: a warrior because you fight the battles that you never want another generation to have to fight again.					
TRUE						
						
Es mag in gewissen Kreisen <L1>schick</L1> sein, Israel als <L2>Aggressor</L2> und Unterdrücker zu etikettieren, aber eine solche Auffassung ist unredlich und unsolide.	It may be fashionable in certain circles to label Israel as the aggressor and the oppressor, but this belief is untrue and unsound.	nett schnuckelig schick schnatz | geil fesch schmuck elegant flott schnittig schnatz cool frech schmissig modisch schnieke todschick chic todchic kleidsam schick	added 1 loanword			
Es mag in gewissen Kreisen <N1>schmuck</N1> sein, Israel als <N2>Anstifter</N2> und Unterdrücker zu etikettieren, aber eine solche Auffassung ist unredlich und unsolide.	It may be fashionable in certain circles to label Israel as the aggressor and the oppressor, but this belief is untrue and unsound.					
TRUE						
						
Frankreich rüstete den Sudan aus, Belgien liefert Waffen an den Autokraten Kabila im Kongo, unter anderem damit dieser die <L0>Opposition</L0> <L1>massakrieren</L1> kann.	France has armed Sudan, and Belgium is supplying weapons to the autocrat Joseph Kabila in the Democratic Republic of the Congo, partly so that he can massacre the opposition.	niedermachen schlachten metzeln massakrieren niedermetzeln abschlachten				
Frankreich rüstete den Sudan aus, Belgien liefert Waffen an den Autokraten Kabila im Kongo, unter anderem damit dieser die <N0>Gegenseite</N0> <N1>abschlachten</N1> kann.	France has armed Sudan, and Belgium is supplying weapons to the autocrat Joseph Kabila in the Democratic Republic of the Congo, partly so that he can massacre the opposition.					
TRUE						
						
Wir kaufen und verkaufen Waren und Dienstleistungen, <L1>chatten</L1> und treffen einander.	We buy and sell goods and services on it, and we chat and meet each other there.	chatten ein Chatprogramm benutzen über eine Chat-Platform kommunizieren				
Wir kaufen und verkaufen Waren und Dienstleistungen, <N1>plaudern</N1> und treffen einander.	We buy and sell goods and services on it, and we chat and meet each other there.					
TRUE						
						
Wir alle wissen, dass die reale Wirtschaft auf der Produktion, der Verteilung und der Konsumtion von Waren in Übereinstimmung mit den Bedürfnissen der Menschen beruht, ob diese Bedürfnisse nun real, <L1>imaginär</L1> oder von der Werbung generiert sind.	We all know that the real economy is based on production, distribution and the consumption of goods in accordance with people's needs, whether those needs be real, imagined or created by advertising.	erfunden spekulativ eingebildet imaginär belegfrei aus der Luft gegriffen ist nichts Wahres dran imaginiert erlogen ohne Realitätsgehalt fiktiv surreal frei phantasiert irreal zusammenfantasiert Produkt der Phantasie ausgedacht erstunken und erlogen ohne Realitätsbezug nicht auf Tatsachen beruhen frei erfunden an den Haaren herbeigezogen | imaginär unfassbar unkörperlich feenhaft immateriell unstofflich nicht greifbar ätherisch vergeistigt körperlos nicht fassbar engelhaft elfenhaft				
Wir alle wissen, dass die reale Wirtschaft auf der Produktion, der Verteilung und der Konsumtion von Waren in Übereinstimmung mit den Bedürfnissen der Menschen beruht, ob diese Bedürfnisse nun real, <N1>eingebildet</N1> oder von der Werbung generiert sind.	We all know that the real economy is based on production, distribution and the consumption of goods in accordance with people's needs, whether those needs be real, imagined or created by advertising.					
TRUE						
						
Unter strengen Bedingungen können Biokraftstoffe jedoch zu einer nachhaltigeren Energieversorgung beitragen, sofern gewährleistet ist, dass tropische Regenwälder nicht abgeholzt werden, damit wir unsere Autos <L1>betanken</L1> können.	But under strictly controlled conditions biofuels can help towards a more sustainable system of energy supply, subject to guarantees that tropical rainforests will not be felled in order to fill up our cars.	auftanken tanken betanken mit Kraftstoff befüllen den Tank auffüllen den Tank füllen				
Unter strengen Bedingungen können Biokraftstoffe jedoch zu einer nachhaltigeren Energieversorgung beitragen, sofern gewährleistet ist, dass tropische Regenwälder nicht abgeholzt werden, damit wir unsere Autos <N1>auffüllen</N1> können.	But under strictly controlled conditions biofuels can help towards a more sustainable system of energy supply, subject to guarantees that tropical rainforests will not be felled in order to fill up our cars.					
TRUE						
						
Ich stimme meinen Kolleginnen und Kollegen, insbesondere Herrn Paasilinna, dahingehend zu, dass wir in Energieangelegenheiten nicht <L1>doktrinär</L1> sein können und dass wir erneuerbare Energien nicht als Allheilmittel an sich betrachten dürfen.	I agree with my fellow Members, and in particular with my colleague Mr Paasilinna, that we cannot be doctrinaire in matters relating to energy and that we must not think of renewable energy as a panacea in itself.	keinen Widerspruch duldend apodiktisch ideologisch einzig richtig doktrinär allein seligmachend dogmatisch keinen Widerspruch zulassend die Wahrheit für sich gepachtet haben rechthaberisch				
Ich stimme meinen Kolleginnen und Kollegen, insbesondere Herrn Paasilinna, dahingehend zu, dass wir in Energieangelegenheiten nicht <N1>zu strikt</N1> sein können und dass wir erneuerbare Energien nicht als Allheilmittel an sich betrachten dürfen.	I agree with my fellow Members, and in particular with my colleague Mr Paasilinna, that we cannot be doctrinaire in matters relating to energy and that we must not think of renewable energy as a panacea in itself.					
TRUE						
						
Und wiederum, wir von meiner Fraktion sind sehr froh, dass sie auch enthalten sind, aber wie wollen Sie das <L1>korrespondieren</L1> zu den anderen Mitgliedern z. B. in Lateinamerika, mit denen wir Freihandelsabkommen haben?	Again, in my Group we are very happy that they are also included, but how do you want to link this to the other members, e.g. in Latin America, with whom we have free trade agreements?	übereinstimmen entsprechen gleichkommen korrespondieren | schriftlich kommunizieren korrespondieren | korrespondieren in brieflichem Kontakt stehen sich schreiben brieflich verkehren mit				
Und wiederum, wir von meiner Fraktion sind sehr froh, dass sie auch enthalten sind, aber wie wollen Sie das den anderen Mitgliedern <N1>vermitteln</N1>, z. B. in Lateinamerika, mit denen wir Freihandelsabkommen haben?	Again, in my Group we are very happy that they are also included, but how do you want to link this to the other members, e.g. in Latin America, with whom we have free trade agreements?					
TRUE						
						
Die israelische Stromgesellschaft kann die Stromversorgung der 1,5 Millionen Palästinenser in Gaza auf das absolute Mindestmaß reduzieren und die Gesellschaft Mekorot wird das Wasser <L1>rationieren</L1> und der Hamas die Verteilung auf die Viertel überlassen.	The Israeli electricity company can reduce the supply of electricity to Gaza's 1.5 million Palestinians to a bare minimum, and the company Mekorot will ration the water it distributes, leaving it to Hamas to distribute it to the districts.					
Die israelische Stromgesellschaft kann die Stromversorgung der 1,5 Millionen Palästinenser in Gaza auf das absolute Mindestmaß reduzieren und die Gesellschaft Mekorot wird das Wasser <N1>aufteilen</N1> und der Hamas die Verteilung auf die Viertel überlassen.	The Israeli electricity company can reduce the supply of electricity to Gaza's 1.5 million Palestinians to a bare minimum, and the company Mekorot will ration the water it distributes, leaving it to Hamas to distribute it to the districts.					
TRUE						
						
Innovation wird ganz sicher nicht gefördert, solange Multis mit goldgeränderten Bilanzen den übergroßen Teil der Forschungs- und Entwicklungsgelder auf ihren Konten <L1>bunkern</L1> können, während diejenigen, die tatsächlich auf solche Unterstützung angewiesen sind, im Regen stehen bleiben.	Innovation is certainly not promoted as long as multinationals with gilt-edged balance sheets are able to stash away the best part of research and development funds in their accounts, while those who are actually targeted for this kind of benefit are left out in the rain.	aufbewahren hamstern sich Vorräte anlegen sich eindecken bunkern etwas in großer Menge ansammeln horten				
Innovation wird ganz sicher nicht gefördert, solange Multis mit goldgeränderten Bilanzen den übergroßen Teil der Forschungs- und Entwicklungsgelder auf ihren Konten <N1>horten</N1> können, während diejenigen, die tatsächlich auf solche Unterstützung angewiesen sind, im Regen stehen bleiben.	Innovation is certainly not promoted as long as multinationals with gilt-edged balance sheets are able to stash away the best part of research and development funds in their accounts, while those who are actually targeted for this kind of benefit are left out in the rain.					
TRUE						
						
Sarkozy spricht <L1>pompös</L1> über alles und nichts, doch war in dreißig Minuten nicht ein einziges Mal das Wort sozial zu vernehmen.	Mr Sarkozy emits quantities of high-sounding hot air but not once in half-an-hour does he use the word 'social'.	pompös wuchtig | üppig bombastisch unglaublich fulminant imposant außerordentlich weit enorm bedeutend erheblich groß extrem pompös immens gewaltig exorbitant mächtig krass riesig weithin weitläufig makro				
Sarkozy spricht <N1>wuchtig</N1> über alles und nichts, doch war in dreißig Minuten nicht ein einziges Mal das Wort sozial zu vernehmen.	Mr Sarkozy emits quantities of high-sounding hot air but not once in half-an-hour does he use the word 'social'.					
TRUE						
						
Wie kann es sein, dass eine EU, die für Menschenrechte und die Abschaffung der Folter steht, mit Blick auf diese Barbarei nicht wirklich Rechenschaft ablegen oder zur Wahrheitsfindung beitragen kann, sondern nur gehaltlose Dementi und <L1>fade</L1> Zusicherungen abliefert, nicht daran beteiligt gewesen zu sein?	How can it be that an EU that stands for human rights and the elimination of torture has offered no true accountability or establishment of the truth, but only blank denials and bland assurances for its own involvement in this barbarity?	fade flau öde fad laff ohne Geschmack lau | muffig fade schal fad lasch abgestanden wie Laternenpfahl ganz unten vermufft labberig | heruntergekommen geschmacklos fade | trocken amusisch uninspiriert dröge phantasielos dürftig prosaisch nüchtern pragmatisch fade blass unbewegt ausdruckslos farblos schal sachlich klar trostlos schnöde zweckmäßig vernünftig monoton öde grau in grau geisttötend langatmig trist kontrastarm grau öd langweilig stupid reizlos spannungsarm eintönig stupide fad wenig aufregend schmucklos ruhig lapidar dumpf ernsthaft kühl ohne schmückendes Beiwerk machbarkeitsorientiert schnörkellos sachbetont ungerührt gleichmütig stoisch alles viel zu ernst nehmen humorfrei als hätte jemand einen Besenstiel verschluckt humorlos Stock im Arsch keinen Spaß vertragen keinen Spaß verstehen				
Wie kann es sein, dass eine EU, die für Menschenrechte und die Abschaffung der Folter steht, mit Blick auf diese Barbarei nicht wirklich Rechenschaft ablegen oder zur Wahrheitsfindung beitragen kann, sondern nur gehaltlose Dementi und <N1>schwache</N1> Zusicherungen abliefert, nicht daran beteiligt gewesen zu sein?	How can it be that an EU that stands for human rights and the elimination of torture has offered no true accountability or establishment of the truth, but only blank denials and bland assurances for its own involvement in this barbarity?					
TRUE						
						
Lenin sagte, der Extremismus sei die Kinderkrankheit des Kommunismus. Man könnte Lenin <L1>paraphrasieren</L1> und behaupten, der Extremismus sei unter Umständen eine Kinderkrankheit aller politischen, religiösen, wirtschaftlichen und ideologischen Konzepte.	Lenin said that extremism is the infantile disease of communism; we could paraphrase Lenin and say that extremism is perhaps an infantile disease of all political, religious, economic and ideological programmes.	anders formulieren umformulieren paraphrasieren sprachlich ändern				
Lenin sagte, der Extremismus sei die Kinderkrankheit des Kommunismus. Man könnte Lenin <N1>nachsprechen</N1> und behaupten, der Extremismus sei unter Umständen eine Kinderkrankheit aller politischen, religiösen, wirtschaftlichen und ideologischen Konzepte.	Lenin said that extremism is the infantile disease of communism; we could paraphrase Lenin and say that extremism is perhaps an infantile disease of all political, religious, economic and ideological programmes.					
TRUE						
						
Europäische Händler und Weiterverarbeiter <L1>ordern</L1> nicht mehr, sondern warten auf bessere Angebote aus China.	European retailers and manufacturers are no longer ordering, but are waiting for better offers from China.	ordern einholen einkaufen beauftragen nachfragen | bestellen ordern in Auftrag geben | ordern anfordern				
Europäische Händler und Weiterverarbeiter <N1>bestellen</N1> nicht mehr, sondern warten auf bessere Angebote aus China.	European retailers and manufacturers are no longer ordering, but are waiting for better offers from China.					
TRUE						
						
Ein solcher <L1>Check-up</L1> ist besonders dann angebracht, wenn sich eine Finanzkrise anbahnt, wenn der Aufruf gegen die globale Erderwärmung in einen Kampf mit ungewissem Ausgang mündet oder wenn die internationale Gemeinschaft versucht, einen Friedensprozess, mit dem der auffälligste Konflikt unserer Epoche gelöst werden könnte, wieder in Gang zu bringen.	A check-up of this kind is particularly important at a time when a financial crisis is flaring up, when mobilisation against global warming is causing a struggle, the outcome of which is uncertain, and when the international community is attempting to revive a peace process aimed at resolving the conflict that most epitomises our era.					
Eine solche <N1>Prüfung</N1> ist besonders dann angebracht, wenn sich eine Finanzkrise anbahnt, wenn der Aufruf gegen die globale Erderwärmung in einen Kampf mit ungewissem Ausgang mündet oder wenn die internationale Gemeinschaft versucht, einen Friedensprozess, mit dem der auffälligste Konflikt unserer Epoche gelöst werden könnte, wieder in Gang zu bringen.	A check-up of this kind is particularly important at a time when a financial crisis is flaring up, when mobilisation against global warming is causing a struggle, the outcome of which is uncertain, and when the international community is attempting to revive a peace process aimed at resolving the conflict that most epitomises our era.					
TRUE						
						
schriftlich. - (EN) Als begeisterter Zuschauer der großartigen <L1>TV-Serie</L1> Deadliest Catch bewundere ich die Fischer und ihre Arbeit sehr.	in writing. - As an avid viewer of that great TV series 'Deadliest Catch' I am now a great admirer of fishermen and the work they do.					
schriftlich. - (EN) Als begeisterter Zuschauer der großartigen <N1>Fernsehsendung</N1> Deadliest Catch bewundere ich die Fischer und ihre Arbeit sehr.	in writing. - As an avid viewer of that great TV series 'Deadliest Catch' I am now a great admirer of fishermen and the work they do.					
TRUE						
						
Doch er ist der Letzte, der das Recht hätte, die Verfassung Nr. 2 auf parlamentarischem Wege annehmen zu lassen, doch was tut man nicht alles, um zu <L1>brillieren</L1> und den Anschein zu erwecken, als hätte man alle Fäden in der Hand.	He was actually the very last person entitled to get this second version of the Constitution adopted by Parliament, but these are the lengths that some people will go to in order to draw attention to themselves and make themselves look as if they are pulling all the strings.	glänzen vorstehen herausstehen herausstechen trumpfen brillieren herausstrecken hervorstehen herausragen bestechen | glänzen brillieren schimmern blitzen funkeln leuchten aufblinken aufblitzen glitzern blinken				
Doch er ist der Letzte, der das Recht hätte, die Verfassung Nr. 2 auf parlamentarischem Wege annehmen zu lassen, doch was tut man nicht alles, um sich zu <N1>hervorzutun</N1> und den Anschein zu erwecken, als hätte man alle Fäden in der Hand.	He was actually the very last person entitled to get this second version of the Constitution adopted by Parliament, but these are the lengths that some people will go to in order to draw attention to themselves and make themselves look as if they are pulling all the strings.					
TRUE						
						
Meine Partei hat eine andere Vorstellung von der Zukunft Europas. Wir wollen ein Europa, das sowohl offener, dynamischer und transparenter ist als auch weniger zentralisiert, <L1>uniform</L1> und inflexibel.	My party has a different vision for the future of Europe, which is for a Europe that is both more open, dynamic and transparent and less centralised, uniform and inflexible.	gleichförmig uniform | Kluft Montur Dienstbekleidung Dienstkleidung Uniform Einheitskleidung Dienstanzug Livree				
Meine Partei hat eine andere Vorstellung von der Zukunft Europas. Wir wollen ein Europa, das sowohl offener, dynamischer und transparenter ist als auch weniger zentralisiert, <N1>gleichförmig</N1> und inflexibel.	My party has a different vision for the future of Europe, which is for a Europe that is both more open, dynamic and transparent and less centralised, uniform and inflexible.					
TRUE						
						
Diese kann ich mir nur dort holen, wo auch genügend Steuern zu <L1>akquirieren</L1> sind.	I can only get that in areas where enough taxes also can be obtained.	anheuern anwerben akquirieren einwerben				
Diese kann ich mir nur dort holen, wo wir auch genügend Steuern <N1>bekommen</N1> können.	I can only get that in areas where enough taxes also can be obtained.					
TRUE						
						
Lassen Sie mich ein konkretes Beispiel anführen, das möglicherweise ein wenig <L1>chauvinistisch</L1> ist, aber sei es drum.	Let me give a specific example.	machistisch chauvinistisch machohaft machomäßig sexistisch chauvimäßig				
Lassen Sie mich ein konkretes Beispiel anführen, das möglicherweise ein wenig <N1>altherrenmäßig</N1> ist, aber sei es drum.	Let me give a specific example.					
TRUE						
						
<L1>Business-as-usual</L1> .	Business as usual.					
<N1>Geschäft-wie-sonst-auch</N1> .	Business as usual.					
TRUE						
						
Das ist bedauerlich und lässt sich nicht allein dadurch erklären, dass die Frauen <L1>familiär</L1> stärker belastet sind.	This is regrettable and cannot be explained exclusively by women's heavier family commitments.	vertraut bekannt familiär traut				
Das ist bedauerlich und lässt sich nicht allein dadurch erklären, dass die Frauen <N1>in ihrer Sippe</N1> stärker belastet sind.	This is regrettable and cannot be explained exclusively by women's heavier family commitments.					
TRUE						
						
Wir <L1>betonieren</L1> die Ungleichheiten in Europa ein, nehmen keine Harmonisierung ins Visier.	We concrete over the divergences in Europe instead of aiming for harmonisation.	Betonieren Betoneinbringung | festschreiben zementieren einbetonieren betonieren in Stein meißeln (für lange Zeit) unveränderlich machen				
Wir <N1>meißeln</N1> die Ungleichheiten in Europa ein, nehmen keine Harmonisierung ins Visier.	We concrete over the divergences in Europe instead of aiming for harmonisation.					
TRUE						
						
Zudem sollen die Vorschriften für den Fußgängerschutz nun auch für geländetaugliche Pkw, die so genannten <L1>SUV</L1> gelten.	In addition, provisions on pedestrian protection will now also apply to off-road vehicles, also known as SUVs.	Schlampenpanzer Sport Utility Vehicle Geländelimousine SUV	not really possible to translate			
Zudem sollen die Vorschriften für den Fußgängerschutz nun auch für geländetaugliche Pkw, die so genannten <N1>SUV</N1> gelten.	In addition, provisions on pedestrian protection will now also apply to off-road vehicles, also known as SUVs.					
TRUE						
						
Heute weiß ich nicht, ob man noch ein Auto ohne Radio, <L1>CD-Player</L1> oder Ähnliches kaufen kann.	Now, I do not know whether it is possible to buy a car without a radio, CD player or those sorts of things.					
Heute weiß ich nicht, ob man noch ein Auto ohne Radio, <N1>CD-Abspieler</N1> oder Ähnliches kaufen kann.	Now, I do not know whether it is possible to buy a car without a radio, CD player or those sorts of things.					
TRUE						
						
Das heißt, diese Maßnahmen, die wir heute beschlossen haben, sind weder sinnvoll noch notwendig, und wir haben hier eine Situation geschaffen, die nicht <L1>komfortabel</L1> ist und im Prinzip gegen die Lissabon-Strategie spricht.	This means that the measures we have agreed on today are neither sensible nor necessary and we have created here a situation that is not convenient and that basically runs counter to the Lisbon Strategy.	luxuriös komfortabel feudal | bequem lässig behaglich komfortabel				
Das heißt, diese Maßnahmen, die wir heute beschlossen haben, sind weder sinnvoll noch notwendig, und wir haben hier eine Situation geschaffen, die nicht <N1>angenehm</N1> ist und im Prinzip gegen die Lissabon-Strategie spricht.	This means that the measures we have agreed on today are neither sensible nor necessary and we have created here a situation that is not convenient and that basically runs counter to the Lisbon Strategy.					
TRUE						
						
Besser ist es, nicht zu wiederholen, was er gesagt hat, denn es war alles richtig, und die Stellungnahme, die ich zu dem Thema abzugeben hätte, könnte unter Umständen als ein Versuch gewertet werden, seine Äußerungen <L1>nuancieren</L1> zu wollen, wozu keine Veranlassung besteht.	It is better not to repeat what he said, since it was all correct, and anything I might say on the subject might be seen as an attempt to qualify his remarks, which is not necessary.	verändern nuancieren modulieren | tönen nuancieren tingieren einfärben abtönen kolorieren färben				
Besser ist es, nicht zu wiederholen, was er gesagt hat, denn es war alles richtig, und die Stellungnahme, die ich zu dem Thema abzugeben hätte, könnte unter Umständen als ein Versuch gewertet werden, seine Äußerungen <N1>abschwächen</N1> zu wollen, wozu keine Veranlassung besteht.	It is better not to repeat what he said, since it was all correct, and anything I might say on the subject might be seen as an attempt to qualify his remarks, which is not necessary.					
TRUE						
						
Also Niederländer, die in Belgien oder Deutschland oder noch weiter fort in Frankreich, la <L1>belle</L1> France, oder in Spanien leben, haben jetzt Anspruch auf Behandlung.	So Dutch people living in Belgium or Germany, or even farther afield in France, la belle France, or in Spain, will now be entitled to treatment.					
Also Niederländer, die in Belgien oder Deutschland oder noch weiter fort in Frankreich, im <N1>schönen</N1> Frankreich, oder in Spanien leben, haben jetzt Anspruch auf Behandlung.	So Dutch people living in Belgium or Germany, or even farther afield in France, la belle France, or in Spain, will now be entitled to treatment.					
TRUE						
						
Ich empfand die Tatsache, dass Mugabe am Welternährungsgipfel teilnehmen und dort <L1>defilieren</L1> durfte, als besonders beschämend, da er tatsächlich der Verursacher einiger der größten globalen Probleme der Nahrungsmittelunsicherheit in seinem Land und auf seinem Kontinent ist.	I thought one of the most shameful things that happened was that Mugabe attended the World Food Summit where he was allowed to parade, when in fact he is the cause of some of the major global food insecurity problems in his own country and on his own continent.	vorbeigehen paradieren eine Parade abhalten feierlich vorbeimarschieren defilieren				
Ich empfand die Tatsache, dass Mugabe am Welternährungsgipfel teilnehmen und dort <N1>auftreten</N1> durfte, als besonders beschämend, da er tatsächlich der Verursacher einiger der größten globalen Probleme der Nahrungsmittelunsicherheit in seinem Land und auf seinem Kontinent ist.	I thought one of the most shameful things that happened was that Mugabe attended the World Food Summit where he was allowed to parade, when in fact he is the cause of some of the major global food insecurity problems in his own country and on his own continent.					
TRUE						
						
Das Problem ist folgendes: Wir dürfen unsere irischen Freunde nicht <L1>brüskieren</L1> und müssen gleichzeitig wissen, unter welchen Bedingungen und mit welchem Vertrag wir in die Europawahlen im Jahr 2009 gehen werden.	The problem is this: we must avoid both rushing our Irish friends and yet at the same time establish under what conditions and with what treaty we are going to organise the 2009 European elections.	düpieren verletzen vor den Kopf stoßen auf den Fuß treten auf den Schlips treten brüskieren				
Das Problem ist folgendes: Wir dürfen unsere irischen Freunde nicht <N1>bloßstellen</N1> und müssen gleichzeitig wissen, unter welchen Bedingungen und mit welchem Vertrag wir in die Europawahlen im Jahr 2009 gehen werden.	The problem is this: we must avoid both rushing our Irish friends and yet at the same time establish under what conditions and with what treaty we are going to organise the 2009 European elections.					
TRUE						
						
Das Ganze erinnert <L1>frappierend</L1> an diverse Gentechnik-Verlockungen, bei denen reihenweise Bauern in den Ruin getrieben wurden, weil das Saatgut nur einmal verwendbar war und sie sich kein neues leisten konnten.	The whole thing is disturbingly like the many and varied temptations to genetic technology, by which multitudes of farmers have been brought to ruin, because the seed was not re-useable and they could not afford any more.	erstaunlich überraschend verblüffend verwunderlich frappierend stupend frappant erwartungswidrig				
Das Ganze erinnert <N1>ganz stark</N1> an diverse Gentechnik-Verlockungen, bei denen reihenweise Bauern in den Ruin getrieben wurden, weil das Saatgut nur einmal verwendbar war und sie sich kein neues leisten konnten.	The whole thing is disturbingly like the many and varied temptations to genetic technology, by which multitudes of farmers have been brought to ruin, because the seed was not re-useable and they could not afford any more.					
TRUE						
						
Es ist schon <L1>makaber</L1> und grenzt an Geschmacklosigkeit, wenn iranische Regierungsvertreter auf die Kritik an dieser Praxis antworten, dass man ja mit der Hinrichtung warten würde, bis die Volljährigkeit erreicht sei.	It is macabre - indeed, it is verging on the tasteless - when Iranian Government representatives respond to criticism of this practice by claiming that the execution is suspended until the person has attained their majority.	geschmacklos düster grausig respektlos schauderhaft schauerlich abartig pietätlos makaber				
Es ist schon <N1>dunkel</N1> und grenzt an Geschmacklosigkeit, wenn iranische Regierungsvertreter auf die Kritik an dieser Praxis antworten, dass man ja mit der Hinrichtung warten würde, bis die Volljährigkeit erreicht sei.	It is macabre - indeed, it is verging on the tasteless - when Iranian Government representatives respond to criticism of this practice by claiming that the execution is suspended until the person has attained their majority.					
TRUE						
						
Wir können sie nur ermutigen, das unter den Bedingungen des Vertrags zu tun, der nie überarbeitet werden musste und dessen nützliche Bestimmungen es Europa ermöglichen, wirtschaftlich und <L1>monetär</L1> Fortschritte zu machen auf der Grundlage der beiden Säulen der Konsolidierung und der Erweiterung.	We can only encourage them to do this under the terms of the Treaty, which have never been revised and which are useful terms allowing Europe to progress in economic and monetary matters on the basis of the two pillars of consolidation and enlargement.	pekuniär finanziell wirtschaftlich kohlemäßig geldlich in Sachen Geld monetär was das Geld angeht in barer Münze geschäftlich ökonomisch				
Wir können sie nur ermutigen, das unter den Bedingungen des Vertrags zu tun, der nie überarbeitet werden musste und dessen nützliche Bestimmungen es Europa ermöglichen, wirtschaftlich und <N1>finanziell</N1> Fortschritte zu machen auf der Grundlage der beiden Säulen der Konsolidierung und der Erweiterung.	We can only encourage them to do this under the terms of the Treaty, which have never been revised and which are useful terms allowing Europe to progress in economic and monetary matters on the basis of the two pillars of consolidation and enlargement.					
TRUE						
						
Deshalb möchte ich gerne herausstellen, dass Slowenien keinesfalls <L1>kapriziös</L1> ist, wenn es darauf hinweist, dass die von Kroatien vorgelegten Dokumente nicht zuverlässig sind.	Therefore, I would like to point out that Slovenia is not being capricious in mentioning that Croatia's documents are not credible.	launenhaft wechselhaft launisch kapriziös				
Deshalb möchte ich gerne herausstellen, dass Slowenien keinesfalls <N1>launisch</N1> ist, wenn es darauf hinweist, dass die von Kroatien vorgelegten Dokumente nicht zuverlässig sind.	Therefore, I would like to point out that Slovenia is not being capricious in mentioning that Croatia's documents are not credible.					
TRUE						
						
Ich weiß nicht, ob uns dies vor den Wahlen genug <L1>amüsieren</L1> wird, aber es ist zumindest ein Beitrag, den wir in Bezug auf dieses wichtige Thema leisten.	I do not know whether this will amuse us enough before the elections, but at least it is a contribution which we are bringing to this important issue.	bespaßen unterhalten amüsieren belustigen | amüsieren belustigen erfreuen aufheitern aufmuntern erheitern beschwingen				
Ich weiß nicht, ob uns dies vor den Wahlen genug <N1>erfreuen</N1> wird, aber es ist zumindest ein Beitrag, den wir in Bezug auf dieses wichtige Thema leisten.	I do not know whether this will amuse us enough before the elections, but at least it is a contribution which we are bringing to this important issue.					
TRUE						
						
Es gibt oft einen großen Spielraum für die Beteiligung ausländischer Unternehmen, die dann die Umwelt und ihre eigenen Beschäftigten <L1>malträtieren</L1> und bis zur Zerstörung ausbeuten.	There is often a lot of scope for foreign companies to get involved, which then maltreat and exploit the environment and their employees to ruination.	misshandeln malträtieren missbrauchen schlecht behandeln				
Es gibt oft einen großen Spielraum für die Beteiligung ausländischer Unternehmen, die dann die Umwelt und ihre eigenen Beschäftigten <N1>schlecht behandeln</N1> und bis zur Zerstörung ausbeuten.	There is often a lot of scope for foreign companies to get involved, which then maltreat and exploit the environment and their employees to ruination.					
TRUE						
						
Es gibt einen Moment, Herr amtierender Präsident, in der berühmten Melodie von Smetanas Má Vlast, an dem ein Cello und ein Fagott in <L1>crescendo</L1> von düsteren Tiefen bis zu scheinbar unmöglich hohen Noten hinauf spielen.	There is a moment, President-in-Office, in the famed melody in Smetana's Má Vlast, where cello and bassoon rise in crescendo from lugubrious depths to reach a seemingly impossible high note.					
Es gibt einen Moment, Herr amtierender Präsident, in der berühmten Melodie von Smetanas Má Vlast, an dem ein Cello und ein Fagott <N1>stetig lauter werdend</N1> von düsteren Tiefen bis zu scheinbar unmöglich hohen Noten hinauf spielen.	There is a moment, President-in-Office, in the famed melody in Smetana's Má Vlast, where cello and bassoon rise in crescendo from lugubrious depths to reach a seemingly impossible high note.					
TRUE						
						
In Europa <L1>posieren</L1> Sie als verständnisvolle Europäer und große Integratoren, aber zuhause sprechen Sie davon, wie Sie sie alle übergehen werden, und vom Lissabon-Vertrag sprechen Sie, als ob er nicht mehr als ein Stück Papier sei.	When in Europe you pose as sympathetic Europeans and great integrators but at home you talk about how you are going to walk all over them and you talk about the Lisbon Treaty as if it were no more than a scrap of paper.	posen posieren | posen posieren sich in Pose stellen Haltung annehmen sich in Positur stellen sich in Positur bringen Pose einnehmen (eine bestimmte) Körperhaltung einnehmen				
In Europa <N1>zeigen</N1> sie sich als verständnisvolle Europäer und große Integratoren, aber zuhause sprechen Sie davon, wie Sie sie alle übergehen werden, und vom Lissabon-Vertrag sprechen Sie, als ob er nicht mehr als ein Stück Papier sei.	When in Europe you pose as sympathetic Europeans and great integrators but at home you talk about how you are going to walk all over them and you talk about the Lisbon Treaty as if it were no more than a scrap of paper.					
TRUE						
						
Wenn ich mir vorstelle, dass ich als Abgeordneter mit 25 Bewerbern für eine Assistentenstelle bereits bei einem Anschein von Diskriminierung oder bei einem Gefühl von Diskriminierung geklagt werden kann, dann komme ich überhaupt nicht mehr zum Arbeiten, sondern kann mich nur mehr mit den notwendigen Beweisen herumschlagen, die ich dann erbringen müsste, nur weil <L1>vis-a-vis</L1> das Gefühl besteht, obwohl ich in keinerlei Form diskriminiert habe.	If I think that, as an MEP with 25 applicants for an assistant's position, I could have a case brought against me just for the appearance of discrimination or a feeling of discrimination, I will simply not be able to work any more, but spend all my time battling with the evidence I need to provide just because the feeling is there, even though I have not discriminated in any way.	jenseits entgegengesetzt gegenüberliegend gegenüber vis-à-vis am anderen Ufer vis-a-vis auf der anderen Straßenseite auf der anderen Seite				
Wenn ich mir vorstelle, dass ich als Abgeordneter mit 25 Bewerbern für eine Assistentenstelle bereits bei einem Anschein von Diskriminierung oder bei einem Gefühl von Diskriminierung geklagt werden kann, dann komme ich überhaupt nicht mehr zum Arbeiten, sondern kann mich nur mehr mit den notwendigen Beweisen herumschlagen, die ich dann erbringen müsste, nur weil <N1>von Angesicht zu Angesicht</N1> das Gefühl besteht, obwohl ich in keinerlei Form diskriminiert habe.	If I think that, as an MEP with 25 applicants for an assistant's position, I could have a case brought against me just for the appearance of discrimination or a feeling of discrimination, I will simply not be able to work any more, but spend all my time battling with the evidence I need to provide just because the feeling is there, even though I have not discriminated in any way.					
TRUE						
						
Alle Redner, die <L1>frenetisch</L1> gegen Diskriminierung gesprochen haben, haben den Grundsatz beschrieben.	All the speakers who have vehemently spoken against discrimination have talked about the principle.	überschwänglich rasend stürmisch überschäumend tobend tosend frenetisch				
Alle Redner, die <N1>stürmisch</N1> gegen Diskriminierung gesprochen haben, haben den Grundsatz beschrieben.	All the speakers who have vehemently spoken against discrimination have talked about the principle.					
TRUE						
						
Ich freue mich auf die Grundsatzdebatte, die wir für das dritte Programm aufgrund einer versprochenen Mitteilung der Kommission rechtzeitig angehen werden, so dass wir dann alle Grundsatzfragen - ob wir die Programme für einzelne Verkehrsträger <L1>aufsplitten</L1> sollen und so weiter, all das, was wir in einem gemeinsamen Kompromissantrag aufgelistet haben - diskutieren können.	I look forward to the fundamental debate which we shall have shortly on the third programme, on the basis of a communication which the Commission has promised, so that we can discuss all the fundamental questions, everything that we have listed in a joint motion for a compromise, such as whether we should split up the programme for individual modes of transport and so on.					
Ich freue mich auf die Grundsatzdebatte, die wir für das dritte Programm aufgrund einer versprochenen Mitteilung der Kommission rechtzeitig angehen werden, so dass wir dann alle Grundsatzfragen - ob wir die Programme für einzelne Verkehrsträger <N1>aufteilen</N1> sollen und so weiter, all das, was wir in einem gemeinsamen Kompromissantrag aufgelistet haben - diskutieren können.	I look forward to the fundamental debate which we shall have shortly on the third programme, on the basis of a communication which the Commission has promised, so that we can discuss all the fundamental questions, everything that we have listed in a joint motion for a compromise, such as whether we should split up the programme for individual modes of transport and so on.					
TRUE						
						
Wir entschieden uns dafür, die Überwachung der <L1>saisonal</L1> bedingten Grippe auszudehnen, die normalerweise in Kalenderwoche 20 endet, um Infektionen mit diesem neuen Grippevirus zu erfassen.	We decided to extend the surveillance for seasonal flu, which should normally have ended at week 20, in order to identify infections with this new flu virus.	jahreszeitlich saisonal				
Wir entschieden uns dafür, die Überwachung der <N1>durch die Jahreszeiten</N1> bedingten Grippe auszudehnen, die normalerweise in Kalenderwoche 20 endet, um Infektionen mit diesem neuen Grippevirus zu erfassen.	We decided to extend the surveillance for seasonal flu, which should normally have ended at week 20, in order to identify infections with this new flu virus.					
TRUE						
						
Auf diese Weise hätten wir den Vorsitz Le Pens als ältester Abgeordneter verhindern können, ohne die Geschäftsordnung dieses Hauses zu <L1>killen</L1> und ein Verfahren anzunehmen, das in keinem anderen Parlament eines demokratischen Landes besteht.	In this way, we could have avoided having a Le Pen as the presiding oldest Member without this House murdering the Rules of Procedure and adopting a procedure that exists in no other parliament of a democratic country.	auslöschen abmurksen ins Jenseits befördern um die Ecke bringen töten tot... ins Gras beißen lassen vom Leben zum Tode befördern umbringen zur Strecke bringen meucheln kaltmachen killen ermorden jemandem den Garaus machen in die ewigen Jagdgründe schicken zum Schweigen bringen totmachen entleiben ums Leben bringen umlegen über die Klinge springen lassen ausknipsen abservieren				
Auf diese Weise hätten wir den Vorsitz Le Pens als ältester Abgeordneter verhindern können, ohne die Geschäftsordnung dieses Hauses zu <N1>nichte zu machen</N1> und ein Verfahren anzunehmen, das in keinem anderen Parlament eines demokratischen Landes besteht.	In this way, we could have avoided having a Le Pen as the presiding oldest Member without this House murdering the Rules of Procedure and adopting a procedure that exists in no other parliament of a democratic country.					
TRUE						
						
Es ist klar zu sehen, dass wir derzeit <L1>schachmatt</L1> sind.	We can well see that currently, we are in a stalemate.	hinüber fertig kaputt am Ende erschöpft entkräftet ausgelaugt erledigt fix und alle fix und fertig kaputt wie ein Hund (wie) gerädert rien ne va plus schachmatt Akku ist leer (wie) erschlagen				
Es ist klar zu sehen, dass wir derzeit <N1>erledigt</N1> sind.	We can well see that currently, we are in a stalemate.					
TRUE						
						
Diese dürfen nicht durch Einzelinteressen ökonomischer Großmächte im Netz außer Kraft gesetzt werden, weil diese ein veraltetes Copyright-System, das nicht <L1>internetfähig</L1> ist, mit Zähnen und Klauen verteidigen.	These should not be rendered ineffective by the individual interests of the large economic powers on the internet because they want to fight tooth and nail to save an outdated copyright system which is not adapted to the internet era.					
Diese dürfen nicht durch Einzelinteressen ökonomischer Großmächte im Netz außer Kraft gesetzt werden, weil diese ein veraltetes Copyright-System, das nicht <N1>fähig für das weltweite Netzwerk</N1> ist, mit Zähnen und Klauen verteidigen.	These should not be rendered ineffective by the individual interests of the large economic powers on the internet because they want to fight tooth and nail to save an outdated copyright system which is not adapted to the internet era.					
TRUE						
						
Ich, als jemand, der schon seit 20 Jahren kein Fleisch mehr isst, kann dazu nur sagen - und ich sehe, Frau Präsidentin, dass meine Redezeit abgelaufen ist - dass wir, um die Welt zu retten und den Hunger zu bekämpfen, <L1>vegetarisch</L1> essen sollten und kein Fleisch.	All I can say is - and I see my time is up, Madam President - as someone who gave up eating meat 20 years ago, if we want to save the world and prevent hunger, then we eat green, not red.	pflanzlich vegetarisch | pflanzlich vegetarisch fleischlos	translation would not make sense, since then there's a repetition			
Ich, als jemand, der schon seit 20 Jahren kein Fleisch mehr isst, kann dazu nur sagen - und ich sehe, Frau Präsidentin, dass meine Redezeit abgelaufen ist - dass wir, um die Welt zu retten und den Hunger zu bekämpfen, <N1>vegetarisch</N1> essen sollten und kein Fleisch.	All I can say is - and I see my time is up, Madam President - as someone who gave up eating meat 20 years ago, if we want to save the world and prevent hunger, then we eat green, not red.					
TRUE						
						
Sie kennen wahrscheinlich auch das neue Google-Buchprojekt, das ja nun seit einigen Monaten in aller Munde ist. Mit dem Buchprojekt will Google Bücher aus Bibliotheken <L1>abscannen</L1> und ins Internet einstellen, so dass den Lesern schnell und einfach möglichst viele Werke über das Netz zugänglich gemacht werden.	The aim of the project is to scan in books from libraries and make them available over the internet, so that readers have quick and easy access to a large number of works on the web.					
Sie kennen wahrscheinlich auch das neue Google-Buchprojekt, das ja nun seit einigen Monaten in aller Munde ist. Mit dem Buchprojekt will Google Bücher aus Bibliotheken <N1>abfotografieren</N1> und ins Internet einstellen, so dass den Lesern schnell und einfach möglichst viele Werke über das Netz zugänglich gemacht werden.	The aim of the project is to scan in books from libraries and make them available over the internet, so that readers have quick and easy access to a large number of works on the web.					
TRUE						
						
35 Prozent der <L1>Start-up-Unternehmen</L1> in der EU wurden von Personen gegründet, die arbeitslos waren.	Thirty-five per cent of start-up companies in the EU have been started by people who have been unemployed.	Start-up Start-up-Firma Start-up-Unternehmen junges Unternehmen				
35 Prozent der <N1>neu gegründeten Unternehmen</N1> in der EU wurden von Personen gegründet, die arbeitslos waren.	Thirty-five per cent of start-up companies in the EU have been started by people who have been unemployed.					
TRUE						
						
Falls diese Richtlinie <L1>all-inclusive</L1> ist und einen vollständigen Schutz bietet, bedeutet dies eine großartige Gelegenheit für die Reisebranche, den Markt der über 60-Jährigen in der Europäischen Union zu erschließen, was für diese von großem Vorteil wäre.	If this directive is all-inclusive and offers full protection, it is a great opportunity for the industry to tap into the over-60s in this European Union, which would be of great benefit to them.					
Falls diese Richtlinie <N1>alles einschließt</N1> ist und einen vollständigen Schutz bietet, bedeutet dies eine großartige Gelegenheit für die Reisebranche, den Markt der über 60-Jährigen in der Europäischen Union zu erschließen, was für diese von großem Vorteil wäre.	If this directive is all-inclusive and offers full protection, it is a great opportunity for the industry to tap into the over-60s in this European Union, which would be of great benefit to them.					
TRUE						
						
Europa ist ein Kontinent, der sehr viele Küsten und sehr große Häfen hat, und diese Häfen müssen untereinander verbunden werden - da ist Mobilität das A und O. Aber wir dürfen nicht nur <L1>just-in-time</L1> denken, sondern wir müssen natürlich auch kostengünstig, umweltverträglich und umweltfreundlich arbeiten.	Europe is a continent that has very many coastlines and very large ports and these ports need to be linked together - in this regard, mobility is essential. However, we must not simply take a 'just-in-time' approach.					
Europa ist ein Kontinent, der sehr viele Küsten und sehr große Häfen hat, und diese Häfen müssen untereinander verbunden werden - da ist Mobilität das A und O. Aber wir dürfen nicht nur <N1>im Augenblick</N1> denken, sondern wir müssen natürlich auch kostengünstig, umweltverträglich und umweltfreundlich arbeiten.	Europe is a continent that has very many coastlines and very large ports and these ports need to be linked together - in this regard, mobility is essential. However, we must not simply take a 'just-in-time' approach.					
TRUE						
						
Die aktuellen Regeln bestimmen, dass die Hilfsmittel innerhalb von zwei Jahren ab Erhalt der Hilfe verwendet werden müssen oder sonst zu <L1>retournieren</L1> sind.	The current rules stipulate that aid must be used within two years of it being obtained, or else it has to be returned.	zurücksenden remittieren retour senden retournieren zurückschicken | ausgleichen abgelten herausgeben erstatten retournieren bezahlen begleichen zurückgeben zurückzahlen rückvergüten				
Die aktuellen Regeln bestimmen, dass die Hilfsmittel innerhalb von zwei Jahren ab Erhalt der Hilfe verwendet werden müssen oder sonst <N1>zurückzusenden</N1> sind.	The current rules stipulate that aid must be used within two years of it being obtained, or else it has to be returned.					
TRUE						
						
Ich schicke gerne ein Foto per <L1>PDF</L1> oder per Mail.	I will be happy to send them a photo by PDF or e-mail.	Portable Document Format PDF	not possible to translate			
Ich schicke gerne ein Foto per <N1>PDF</N1> oder per Mail.	I will be happy to send them a photo by PDF or e-mail.					
TRUE						
						
Das heißt, dass ein Rollstuhlfahrer sich sozusagen von seinem Wagen oder von den Menschen, die ihn hinbringen, zum Schiff <L1>beamen</L1> muss, wo er dann wieder Rechte hat, denn im Hafen selbst wird nichts geregelt.	This means that a person in a wheelchair will have, as it were, to beam himself on board ship from his car or from the car belonging to the people who have brought him to the port. Once he is on the ship, he will have rights again, but the port itself is not governed by the regulation.					
Das heißt, dass ein Rollstuhlfahrer sich sozusagen von seinem Wagen oder von den Menschen, die ihn hinbringen, zum Schiff <N1>zaubern</N1> muss, wo er dann wieder Rechte hat, denn im Hafen selbst wird nichts geregelt.	This means that a person in a wheelchair will have, as it were, to beam himself on board ship from his car or from the car belonging to the people who have brought him to the port. Once he is on the ship, he will have rights again, but the port itself is not governed by the regulation.					
TRUE						
						
Dies hat Ausgleichkosten in Höhe von 2 Mrd. <L1>CAD</L1> verursacht.	It has cost CAD 2 billion in replacement costs.	rechnerunterstützte Konstruktion Computer Aided Design CAD computerunterstütztes Entwerfen und Konstruieren				
Dies hat Ausgleichkosten in Höhe von 2 Mrd. <N1>kanadische Dollar</N1> verursacht.	It has cost CAD 2 billion in replacement costs.					
TRUE						
						
Das bedeutet jedoch nicht, dass sie <L1>arbiträr</L1> handelt, denn es gibt Regeln, Grenzen und Kriterien, eine Vorgehensweise mit Garantien und in jedem Fall eine gerichtliche Kontrolle.	However, discretion does not mean acting arbitrarily, because there are rules, limits and criteria, there is a procedure with guarantees and, in any case, there is judicial control.	beliebig wahlfrei willkürlich arbiträr ad libitum wie es einem gerade passt nach Lust und Laune frei nach Schnauze nach Belieben frei wählbar nach Gusto nach Ermessen				
Das bedeutet jedoch nicht, dass sie <N1>willkürlich</N1> handelt, denn es gibt Regeln, Grenzen und Kriterien, eine Vorgehensweise mit Garantien und in jedem Fall eine gerichtliche Kontrolle.	However, discretion does not mean acting arbitrarily, because there are rules, limits and criteria, there is a procedure with guarantees and, in any case, there is judicial control.					
TRUE						
						
Das Arbeitsleben von Frauen und deren berufliche Laufbahn werden oftmals durch das Klischee behindert, dass Frauen schwächer und weniger <L1>stressresistent</L1> sind und jederzeit schwanger werden können und sich infolgedessen öfter krankschreiben oder anderweitig beurlauben lassen als Männer.	Women's working lives and their career paths are often hampered by the stereotype of women as weaker, less resistant to stress and likely to become pregnant at any moment, and who, as a result, might take sick leave and other kinds of leave more often than men.					
Das Arbeitsleben von Frauen und deren berufliche Laufbahn werden oftmals durch das Klischee behindert, dass Frauen schwächer und weniger <N1>widerstandsfähig</N1> sind und jederzeit schwanger werden können und sich infolgedessen öfter krankschreiben oder anderweitig beurlauben lassen als Männer.	Women's working lives and their career paths are often hampered by the stereotype of women as weaker, less resistant to stress and likely to become pregnant at any moment, and who, as a result, might take sick leave and other kinds of leave more often than men.					
TRUE						
						
Heute denken dieselben Haushalte darüber nach, ihre <L1>LCD-Fernseher</L1> durch LCD-Fernseher mit <L2>LED</L2> zu ersetzen.	Today, those same households are thinking about changing their LCD televisions for LCD-LED ones.	LED Lumineszenzdiode Leuchtdiode	not loanword			
Heute denken dieselben Haushalte darüber nach, ihre <N1>LCD-Fernseher</N1> durch LCD-Fernseher mit <N2>LED</N2> zu ersetzen.	Today, those same households are thinking about changing their LCD televisions for LCD-LED ones.					
TRUE						
						
Die <L1>PISA-Studie</L1> der OECD ist ein wichtiger Beitrag zu diesem Austausch.	The OECD's PISA survey is an important resource for these exchanges.					
Die <N1>PISA-Erhebung</N1> der OECD ist ein wichtiger Beitrag zu diesem Austausch.	The OECD's PISA survey is an important resource for these exchanges.					
TRUE						
						
Um es einmal <L1>pointiert</L1> zu formulieren: In gewisser Weise tun uns die Chinesen einen Gefallen, indem sie uns mit der Nase darauf stoßen, dass wir uns von dieser derzeitigen Abhängigkeit befreien müssen.	To put it more bluntly, in some ways, the Chinese are doing us a favour by making it entirely obvious to us that we need to escape from our current position of dependency.	zugespitzt auf den Punkt gebracht pointiert				
Um es einmal <N1>zugespitzt</N1> zu formulieren: In gewisser Weise tun uns die Chinesen einen Gefallen, indem sie uns mit der Nase darauf stoßen, dass wir uns von dieser derzeitigen Abhängigkeit befreien müssen.	To put it more bluntly, in some ways, the Chinese are doing us a favour by making it entirely obvious to us that we need to escape from our current position of dependency.					
TRUE						
						
Einzelhändler sollten Verbraucher informieren und ihre Zustimmung einholen, auch in Fällen, in denen ein Betrag auf ihrer Kredit- oder <L1>EC-Karte</L1> blockiert wird.	Retailers should inform consumers and obtain their consent, including in any circumstance where an amount is stopped on their credit or debit card.	Bankkarte Sparkassenkarte Girocard Plastikgeld EC-Karte ec-Karte ec-Card Scheckkarte Bankomatkarte Debitkarte	not loanword			
Einzelhändler sollten Verbraucher informieren und ihre Zustimmung einholen, auch in Fällen, in denen ein Betrag auf ihrer Kredit- oder <N1>EC-Karte</N1> blockiert wird.	Retailers should inform consumers and obtain their consent, including in any circumstance where an amount is stopped on their credit or debit card.					
TRUE						
						
Zwar ist dies in der Europäischen Union seit 2005 verboten, doch herrscht bezüglich der <L1>Made-in</L1> Angaben eindeutig zu wenig Klarheit über das Ursprungsland.	In fact, they have been prohibited in the European Union since 2005, but we can see that there is too little clarity about the country of manufacture when it comes to made-in labels.					
Zwar ist dies in der Europäischen Union seit 2005 verboten, doch herrscht bezüglich der <N1>Hergestellt-in</N1> Angaben eindeutig zu wenig Klarheit über das Ursprungsland.	In fact, they have been prohibited in the European Union since 2005, but we can see that there is too little clarity about the country of manufacture when it comes to made-in labels.					
TRUE						
						
(DA) Herr Präsident, während der Aussprache wurde viel über Herrn Hökmarks Bericht über unser Programm für die Funkfrequenzpolitik gesagt - etwas, das zugegebenermaßen nicht sehr <L1>glamourös</L1> klingt.	(DA) Mr President, during the debate, a great deal was said about Mr Hökmark's report on our radio spectrum policy programme - something that does not sound very glamorous, I have to admit.					
(DA) Herr Präsident, während der Aussprache wurde viel über Herrn Hökmarks Bericht über unser Programm für die Funkfrequenzpolitik gesagt - etwas, das zugegebenermaßen nicht sehr <N1>edel</N1> klingt.	(DA) Mr President, during the debate, a great deal was said about Mr Hökmark's report on our radio spectrum policy programme - something that does not sound very glamorous, I have to admit.					
TRUE						
						
Ich bedauere es, dass die Registrierung nicht Pflicht ist, aber, wie ein Sprichwort sagt: Chi va <L1>piano</L1> va sano .	I regret that registration is not mandatory, but as the saying goes: 'Chi va piano va sano'.	ruhig still leise geräuschgedämpft gedämpft schallgedämpft geräuschreduziert stille geräuscharm abgeschirmt piano tonlos | Klimperkasten Pianoforte Pianino Klavier Piano Fortepiano	doesnt make sense to replace			
Ich bedauere es, dass die Registrierung nicht Pflicht ist, aber, wie ein Sprichwort sagt: Chi va <N1>piano</N1> va sano .	I regret that registration is not mandatory, but as the saying goes: 'Chi va piano va sano'.					
TRUE						
						
Ich lehne beispielsweise ganz entschieden die Meinung ab, dass einige Agenturen nur <L1>PR-Arbeit</L1> leisten und sehr oberflächlich arbeiten.	For example, I very strongly reject the notion that some of these agencies just do PR and work of a very superficial nature.	PR-Arbeit Öffentlichkeitsarbeit Public Relations PR Pressearbeit				
Ich lehne beispielsweise ganz entschieden die Meinung ab, dass einige Agenturen nur <N1>Außenwirkungsarbeit</N1> leisten und sehr oberflächlich arbeiten.	For example, I very strongly reject the notion that some of these agencies just do PR and work of a very superficial nature.					
TRUE						
						
Denn nur dadurch ist auch eine höhere Mobilität junger Menschen zu erreichen, die dazu dienen soll, neue Kulturen und Gesellschaften kennenzulernen, um eventuell auch außerhalb des Heimatlandes <L1>reüssieren</L1> zu können.	This is also the only way that greater mobility of our young people can be achieved, something which is also intended to help them become acquainted with new cultures and societies so that they also have the option of making a success of themselves beyond their home country in years to come.	erfolgreich sein reüssieren Lorbeeren ernten Erfolg haben				
Denn nur dadurch ist auch eine höhere Mobilität junger Menschen zu erreichen, die dazu dienen soll, neue Kulturen und Gesellschaften kennenzulernen, um eventuell auch außerhalb des Heimatlandes <N1>Erfolg</N1> haben zu können.	This is also the only way that greater mobility of our young people can be achieved, something which is also intended to help them become acquainted with new cultures and societies so that they also have the option of making a success of themselves beyond their home country in years to come.					
TRUE						
						
Das Bein, auf dem die Haushaltspolitik ruht, ist <L1>muskulös</L1> und vielgliedrig, während das der Entwicklungspolitik, das für Schwung und langdauernde Schubkraft sorgen sollte, dürr und schwächlich erscheint.	The leg that controls fiscal policy is muscular and articulated, while the one that controls development policy, which should provide impetus and long-term drive, appears spindly and lacking in strength.	muskelbepackt muskulös				
Das Bein, auf dem die Haushaltspolitik ruht, ist <N1>kräftig</N1> und vielgliedrig, während das der Entwicklungspolitik, das für Schwung und langdauernde Schubkraft sorgen sollte, dürr und schwächlich erscheint.	The leg that controls fiscal policy is muscular and articulated, while the one that controls development policy, which should provide impetus and long-term drive, appears spindly and lacking in strength.					
TRUE						
						
Sehr verehrte Frau Präsidentin, Herr Kommissar Flynn! In Unternehmen und Betrieben in Europa existieren Vorschriften über den Umgang mit explosiven Atmosphären oft überhaupt nicht, oder sind bestenfalls <L1>rudimentär</L1> vorhanden.	Madam President, Mr Flynn, in businesses and factories in Europe there are often no instructions at all about how to handle explosive atmospheres, or at best they exist only in rudimentary form.	unvollkommen inkomplett unvollständig verkümmert im Ansatz nicht ausgebildet rudimentär defektiv				
Sehr verehrte Frau Präsidentin, Herr Kommissar Flynn! In Unternehmen und Betrieben in Europa existieren Vorschriften über den Umgang mit explosiven Atmosphären oft überhaupt nicht, oder sind bestenfalls <N1>in nur äußerst geringem Ausmaß</N1> vorhanden.	Madam President, Mr Flynn, in businesses and factories in Europe there are often no instructions at all about how to handle explosive atmospheres, or at best they exist only in rudimentary form.					
TRUE						
						
Es wurde zu Recht gesagt, die Institutionen seien verschlossen, <L1>elitär</L1> und für den Bürger unzugänglich.	People have rightly said that the institutions are closed, elitist and impenetrable to the citizens.	abgehoben ohne Bodenhaftung elitär (im) Elfenbeinturm				
Es wurde zu Recht gesagt, die Institutionen seien verschlossen, <N1>dünkelhaft</N1> und für den Bürger unzugänglich.	People have rightly said that the institutions are closed, elitist and impenetrable to the citizens.					
TRUE						
						
Außerdem soll es neue Begriffe für die Geschmacksangaben bei Schaumwein geben, nämlich <L1>brut</L1> nature oder ohne Dosage .	There are also to be new terms for indicating the taste of sparkling wine, namely 'brut nature' or 'no dosage' .	Bagage Mischpoke Sippschaft Gesindel Pack Asis White trash Gelichter Asoziale Paselacken Lumpenpack Geschmeiß Mob Pöbel Plebs Kroppzeug Gschleaf niederes Volk Bodensatz Brut Kanaken Gschwerl Gesocks Abschaum | Nachkommen Nachkommenschaft Nachwuchs Brut lieben Kleinen Blagen nächste Generation Gezücht Bälger Kinder Wänster	does not make sense to replace			
Außerdem soll es neue Begriffe für die Geschmacksangaben bei Schaumwein geben, nämlich <N1>brut</N1> nature oder ohne Dosage .	There are also to be new terms for indicating the taste of sparkling wine, namely 'brut nature' or 'no dosage' .					
TRUE						
						
Insofern geht es nicht nur um die Notiz von Herrn Castille, sondern auch mir wurde damals von verschiedenen Seiten <L1>süffisant</L1> gesagt: Wenn das Ganze so gefährlich ist, dann reden wir am besten gar nicht darüber!	In this respect, it is not just a question of the note by Mr Castille - and I also heard the smug remark being made at the time in various quarters that if the whole thing was so dangerous, it was best to say nothing at all!	spöttisch selbstgefällig süffisant genüsslich				
Insofern geht es nicht nur um die Notiz von Herrn Castille, sondern auch mir wurde damals von verschiedenen Seiten <N1>selbstgefällig</N1> gesagt: Wenn das Ganze so gefährlich ist, dann reden wir am besten gar nicht darüber!	In this respect, it is not just a question of the note by Mr Castille - and I also heard the smug remark being made at the time in various quarters that if the whole thing was so dangerous, it was best to say nothing at all!					
TRUE						
						
Wir müssen auch sicherstellen, daß Technologien wie <L1>ISDN</L1> gleichen Zugang für alle bieten - im Vereinigten Königreich ist ein ISDN-Zugang sehr teuer.	Also, we need to ensure that technologies like ISDN have equal access - in the UK it is very expensive to get access to that.		does not make sense to replace			
Wir müssen auch sicherstellen, daß Technologien wie <N1>ISDN</N1> gleichen Zugang für alle bieten - im Vereinigten Königreich ist ein ISDN-Zugang sehr teuer.	Also, we need to ensure that technologies like ISDN have equal access - in the UK it is very expensive to get access to that.					
TRUE						
						
Herr Präsident, die Rückkehr von Saddam Husseins Streitkräften nach Irakisch Kurdistan nach all dem, was er jahrelang getan hat, um kurdische Dörfer zu zerstören und das kurdische Volk zu unterdrücken, ist schrecklich; <L1>monströs</L1> ist allerdings, daß er von einer der größten kurdischen Parteien, der KDP, zur Rückkehr aufgefordert worden sein soll.	Mr President, the return of Saddam Hussein's forces to Iraqi Kurdistan after all he has done over the years to destroy Kurdish villages and oppress Kurdish people is appalling, but it is monstrous that he should have been invited back by one of the main Kurdish parties, the KDP.	aus der Form geraten massiv monströs ungestalt unförmig monströs dick tonnenförmig | formidabel aberwitzig enorm immens gewaltig mächtig riesig astronomisch unermesslich Mammut... riesenhaft Herkules... ungeheuer groß kolossal überdimensional monumental monströs Spitzen... gigantisch überdimensioniert immensurabel riesengroß von ungeheurer Größe titanisch ungeheuer				
Herr Präsident, die Rückkehr von Saddam Husseins Streitkräften nach Irakisch Kurdistan nach all dem, was er jahrelang getan hat, um kurdische Dörfer zu zerstören und das kurdische Volk zu unterdrücken, ist schrecklich; <N1>ungeheuerlich</N1> ist allerdings, daß er von einer der größten kurdischen Parteien, der KDP, zur Rückkehr aufgefordert worden sein soll.	Mr President, the return of Saddam Hussein's forces to Iraqi Kurdistan after all he has done over the years to destroy Kurdish villages and oppress Kurdish people is appalling, but it is monstrous that he should have been invited back by one of the main Kurdish parties, the KDP.					
TRUE						
						
Ein solche Ausbildung besteht in meinem Wahlkreis mit dem Kurs Small Business <L1>MBA</L1> an der Bolton Business School, den ich in diesem Sommer einrichtete.	Such training can be found in the Small Business MBA course at Bolton Business School in my constituency which I launched this summer.	MBA Master Of Business Administration	does not make sense to replace			
Ein solche Ausbildung besteht in meinem Wahlkreis mit dem Kurs Small Business <N1>MBA</N1> an der Bolton Business School, den ich in diesem Sommer einrichtete.	Such training can be found in the Small Business MBA course at Bolton Business School in my constituency which I launched this summer.					
TRUE						
						
Ich denke, er sieht erstaunlich <L1>adrett</L1> aus, und mit Freude stelle ich fest, daß die Sozialisten sich am Kleidungsstil der Konservativen orientieren.	I think he is looking remarkably smart and it is a pleasure to see the Socialists following the Conservative style of dress.	tipptopp proper adrett ordentlich angezogen korrekt angezogen in sauberer Kleidung | hübsch gepflegt ordentlich adrett				
Ich denke, er sieht erstaunlich <N1>ordentlich</N1> aus, und mit Freude stelle ich fest, daß die Sozialisten sich am Kleidungsstil der Konservativen orientieren.	I think he is looking remarkably smart and it is a pleasure to see the Socialists following the Conservative style of dress.					
TRUE						
						
Es gibt eine ganze Serie derartiger Vorfälle in der Türkei, und die Verurteilung fällt immer sehr <L1>matt</L1> aus.	We have a series of these sort of incidents and very little condemnation within Turkey.	schlaff kraftlos kaputt platt down daneben schlapp matt lasch alle saft- und kraftlos duhne lurig fix und foxi ausgelutscht ohne Saft und Kraft groggy geschafft ausgepowert nüntig abgeschlafft | kontrastarm matt dumpf stumpf glanzlos | matt gedeckt | matt trüb fahl | schwach matt unaufdringlich verhalten unauffällig				
Es gibt eine ganze Serie derartiger Vorfälle in der Türkei, und die Verurteilung fällt immer sehr <N1>zurückhaltend</N1> aus.	We have a series of these sort of incidents and very little condemnation within Turkey.					
TRUE						
						
Wir unterstützen den Vorschlag, daß Kindersendungen nicht durch Werbung und Teleshopping unterbrochen werden dürfen. Wir unterstützen ferner den Vorschlag, daß man keine Werbung für rezeptpflichtige Medikamente senden darf oder daß Pharmahersteller keine Fernsehprogramme über ihre Produkte <L1>sponsern</L1> dürfen.	We go along with the recommendation that children's broadcasts should not be interrupted by advertisements and teleshopping, and with the recommendation that one should not broadcast advertisements for prescribed medicines, or that pharmaceutical manufacturers should not be allowed to sponsor TV programs with their products.	bezuschussen sponsern subventionieren (finanziell) unterstützen (finanziell) stärken (finanziell) stützen (finanziell) fördern				
Wir unterstützen den Vorschlag, daß Kindersendungen nicht durch Werbung und Teleshopping unterbrochen werden dürfen. Wir unterstützen ferner den Vorschlag, daß man keine Werbung für rezeptpflichtige Medikamente senden darf oder daß Pharmahersteller keine Fernsehprogramme über ihre Produkte <N1>bezuschussen</N1> dürfen.	We go along with the recommendation that children's broadcasts should not be interrupted by advertisements and teleshopping, and with the recommendation that one should not broadcast advertisements for prescribed medicines, or that pharmaceutical manufacturers should not be allowed to sponsor TV programs with their products.					
TRUE						
						
Oder halten Sie es vielleicht für nicht sehr elegant, auf eine Ideologie zu schimpfen, die von den gleichen historischen Prozessen desavouiert wurde, die nach den Utopien des wissenschaftlichen Marxismus die ganze Welt <L1>uniformieren</L1> und kollektivieren sollten?	Or perhaps you think it undignified to attack an ideology which has been discredited by those same historical processes which, according to the utopian scientific theories of Marxism, should have standardized and collectivized the whole world?					
Oder halten Sie es vielleicht für nicht sehr elegant, auf eine Ideologie zu schimpfen, die von den gleichen historischen Prozessen desavouiert wurde, die nach den Utopien des wissenschaftlichen Marxismus die ganze Welt <N1>gleich machen</N1> und kollektivieren sollten?	Or perhaps you think it undignified to attack an ideology which has been discredited by those same historical processes which, according to the utopian scientific theories of Marxism, should have standardized and collectivized the whole world?					
TRUE						
						
Ich möchte lieber stolz auf ein gutes Ergebnis der Niederlande sein als mich wegen schlechter Ergebnisse <L1>genieren</L1> zu müssen; vor einem solchen Hintergrund möchte ich vor allem der rotgefärbten Regierung mehr Geschlossenheit wünschen und ich wünsche Minister Van Mierlo, an dessen europäischer Gesinnung ich keine einzige Minute zweifele, viel Erfolg und sehr viel Kraft.	I would much prefer to be proud of good results than ashamed of bad ones, and for this reason I wish the cabinet greater unity and Mr van Mierlo - of whose European-mindedness I am completely confident - every success and a good deal of strength.					
Ich möchte lieber stolz auf ein gutes Ergebnis der Niederlande sein als mich wegen schlechter Ergebnisse <N1>schämen</N1> zu müssen; vor einem solchen Hintergrund möchte ich vor allem der rotgefärbten Regierung mehr Geschlossenheit wünschen und ich wünsche Minister Van Mierlo, an dessen europäischer Gesinnung ich keine einzige Minute zweifele, viel Erfolg und sehr viel Kraft.	I would much prefer to be proud of good results than ashamed of bad ones, and for this reason I wish the cabinet greater unity and Mr van Mierlo - of whose European-mindedness I am completely confident - every success and a good deal of strength.					
TRUE						
						
Auch erfreut sich die Fraktion der Europäischen Volkspartei über die Tatsache, daß die Begriffe <L1>leasen</L1> und <L2>subleasen</L2> expliziter erklärt werden dementsprechend auch verstärkt unterbunden werden können.	The Group of the European People's Party also welcomes the fact that the terms 'leasing' and 'subleasing' are explained in more explicit terms, so that more can be done to prevent them.	mieten leasen anmieten pachten	added 1 loanword			
Auch erfreut sich die Fraktion der Europäischen Volkspartei über die Tatsache, daß die Begriffe <N1>mieten</N1> und <N2>untermieten</N2> expliziter erklärt werden dementsprechend auch verstärkt unterbunden werden können.	The Group of the European People's Party also welcomes the fact that the terms 'leasing' and 'subleasing' are explained in more explicit terms, so that more can be done to prevent them.					
TRUE						
						
Eine erfolgreiche Lösung im Falle der Davignon-Gruppe würde auch den Vorschlag für die Gesellschaftssatzung <L1>deblockieren</L1> und den Binnenmarkt beträchtlich ankurbeln.	A successful conclusion to the Davignon Group would also unlock the company statute proposal and be a considerable boost to the internal market.					
Eine erfolgreiche Lösung im Falle der Davignon-Gruppe würde auch den Vorschlag für die Gesellschaftssatzung <N1>freigeben</N1> und den Binnenmarkt beträchtlich ankurbeln.	A successful conclusion to the Davignon Group would also unlock the company statute proposal and be a considerable boost to the internal market.					
TRUE						
						
Die armenische Wirtschaft verzeichnete für zwei aufeinanderfolgende Jahre ein Wachstum. Auch in Asserbaidschan hat sich die rückläufige Entwicklung des Jahres 1996 umgekehrt, und eine noch schnellere Entwicklung steht zu erwarten, wenn die Produktion der <L1>offshore</L1> -Ölfelder im Kaspischen Meer in diesem Jahr in Gang kommt.	The results achieved up to now are as follows: economic growth in Georgia is estimated to have reached more than 10 % last year; the Armenian economy has grown for the second year in succession; and even in Azerbaijan, the poor performance recorded in 1996 has been reversed, and more rapid development is expected once production from the offshore oilfields in the Caspian Sea comes on line later this year.	offshore vor der Küste				
Die armenische Wirtschaft verzeichnete für zwei aufeinanderfolgende Jahre ein Wachstum. Auch in Asserbaidschan hat sich die rückläufige Entwicklung des Jahres 1996 umgekehrt, und eine noch schnellere Entwicklung steht zu erwarten, wenn die Produktion der <N1>vor der Küste gelegenen</N1> -Ölfelder im Kaspischen Meer in diesem Jahr in Gang kommt.	The results achieved up to now are as follows: economic growth in Georgia is estimated to have reached more than 10 % last year; the Armenian economy has grown for the second year in succession; and even in Azerbaijan, the poor performance recorded in 1996 has been reversed, and more rapid development is expected once production from the offshore oilfields in the Caspian Sea comes on line later this year.					
TRUE						
						
Wie der Herr Kommissar weiß, könnte ein falsch eingesetzter Stabilitätspakt überaus <L1>deflationär</L1> sein, das Wachstum senken und die Arbeitslosigkeit steigern.	As the Commissioner knows, wrongly used the Stability Pact could be highly deflationary, reduce growth and add to unemployment.					
Wie der Herr Kommissar weiß, könnte ein falsch eingesetzter Stabilitätspakt überaus <N1>preisdrückend</N1> sein, das Wachstum senken und die Arbeitslosigkeit steigern.	As the Commissioner knows, wrongly used the Stability Pact could be highly deflationary, reduce growth and add to unemployment.					
TRUE						
						
Es fehlt der Passus, der im Englischen lautet: in particular the implementation of the <L1>proper</L1> land use policy .	The words 'in particular the implementation of the proper land use policy' which appear in the English version are missing from the Finnish version.	tipptopp proper adrett ordentlich angezogen korrekt angezogen in sauberer Kleidung | rein picobello wie geleckt sauber hygienisch tipptopp blitzsauber spiegelblank makellos sauber da könnte man vom Fußboden essen proper fleckenlos sauber strahlend sauber vor Sauberkeit strahlen blitzeblank pieksauber porentief rein auf Hochglanz poliert blitzesauber es blitzt und blinkt blitzblank	does not make sense to replace			
Es fehlt der Passus, der im Englischen lautet: in particular the implementation of the <N1>proper</N1> land use policy .	The words 'in particular the implementation of the proper land use policy' which appear in the English version are missing from the Finnish version.					
TRUE						
						
Sie setzen <L1>CD-Rom</L1> nicht nur für Spiele ein und machen ihre Entdeckungen auch in der virtuellen Realität.	You use CD-Rom not just for games and also make discoveries in virtual reality.	Compact Disc CD Disc Silberscheibe Silberling Album CD-ROM	does not make sense to replace			
Sie setzen <N1>CD-Rom</N1> nicht nur für Spiele ein und machen ihre Entdeckungen auch in der virtuellen Realität.	You use CD-Rom not just for games and also make discoveries in virtual reality.					
TRUE						
						
Wissenschaftler, die nicht nur auf dem Gebiet der Tiermedizin kompetent sind, sondern vor allem Wissenschaftler aus der Humanmedizin sowie auch Wissenschaftler, die bei der Krebsforschung bekannt und <L1>renommiert</L1> sind.	Scientists who are not only competent in veterinary science, but above all scientists from the field of human medicine and also scientists who are known and renowned for cancer research.	namhaft anerkannt hat guten Namen geschätzt profiliert hat guten Ruf zu verteidigen bestbeleumdet hat guten Ruf zu verlieren renommiert hat guten Ruf Name hat einen guten Klang hat guten Leumund geachtet erfreut sich eines guten Rufes gut beleumundet steht in einem guten Ruf genießt guten Ruf gut beleumdet genießt(hohes) Ansehen (gut) angesehen | führend renommiert erste				
Wissenschaftler, die nicht nur auf dem Gebiet der Tiermedizin kompetent sind, sondern vor allem Wissenschaftler aus der Humanmedizin sowie auch Wissenschaftler, die bei der Krebsforschung bekannt und <N1>angesehen</N1> sind.	Scientists who are not only competent in veterinary science, but above all scientists from the field of human medicine and also scientists who are known and renowned for cancer research.					
TRUE						
						
Obwohl Zweifel an seiner Schuld bestehen, hat Gouverneur Allen sich geweigert, einen <L1>DNA-Test</L1> durchführen zu lassen.	Even though there are doubts regarding his guilt, Governor Allen is refusing to order DNA tests.					
Obwohl Zweifel an seiner Schuld bestehen, hat Gouverneur Allen sich geweigert, eine <N1>DNA-Probe</N1> durchführen zu lassen.	Even though there are doubts regarding his guilt, Governor Allen is refusing to order DNA tests.					
TRUE						
						
Der Rat hat in seiner ersten Lesung am 24.7. nach unserer gemeinsamen Konzertierungssitzung seine erste Lösung durchgeführt, und die Ratspräsidentschaft hat sich heute bemüht, ihr vermeintlich gutes Produkt auch gut zu verkaufen, wie dies ein guter <L1>PR-Manager</L1> tut.	The Council passed its first resolution at its first reading on 24 July following our coordination meeting, and the Council Presidency has today tried to sell us its allegedly good product, as any good PR man should.					
Der Rat hat in seiner ersten Lesung am 24.7. nach unserer gemeinsamen Konzertierungssitzung seine erste Lösung durchgeführt, und die Ratspräsidentschaft hat sich heute bemüht, ihr vermeintlich gutes Produkt auch gut zu verkaufen, wie dies ein guter <N1>Fachmann für öffentliche Außenwirkung</N1> tut.	The Council passed its first resolution at its first reading on 24 July following our coordination meeting, and the Council Presidency has today tried to sell us its allegedly good product, as any good PR man should.					
TRUE						
						
Ich bin eher der Meinung, man sollte sich einmal überlegen, ob brave new world nicht in jedem Fall besser ist als <L1>timid</L1> old world .	In my opinion we should reflect on whether a  brave new world' is not always better than a timid old one.					
Ich bin eher der Meinung, man sollte sich einmal überlegen, ob brave new world nicht in jedem Fall besser ist als <N1>ängstliche</N1> old world .	In my opinion we should reflect on whether a  brave new world' is not always better than a timid old one.					
TRUE						
						
Es ist klar, daß diese Angriffe zum großen Teil <L1>prätentiös</L1> sind.	It is clear that these attacks are largely pretexts.	prätentiös anmaßend hochnäsig eingebildet stolz selbstgefällig hochgestochen | dick aufgetragen protzig wichtigtuerisch großmundig nicht gerade schüchtern großkotzig großsprecherisch prätentiös angeberisch prahlerisch großschnauzig angeberhaft dünkelhaft großtuerisch großmäulig aufschneiderisch großspurig vollmundig				
Es ist klar, daß diese Angriffe zum großen Teil <N1>aufschneiderisch</N1> sind.	It is clear that these attacks are largely pretexts.					
TRUE						
						
Zum Beispiel ist jetzt die 5-Cent-Münze mit 21, 75 mm genauso groß wie die 20-Cent-Münze, was auch wieder ausgesprochen schwierig für Menschen ist, die <L1>gehandicapt</L1> sind.	For instance, the 5 cent coin, at 21.75 mm, is exactly the same size as the 20 cent coin, which makes things extremely difficult for people with disabilities.	gehandicapt behindert eingeschränkt gehandikapt				
Zum Beispiel ist jetzt die 5-Cent-Münze mit 21, 75 mm genauso groß wie die 20-Cent-Münze, was auch wieder ausgesprochen schwierig für Menschen ist, die <N1>eingeschränkt</N1> sind.	For instance, the 5 cent coin, at 21.75 mm, is exactly the same size as the 20 cent coin, which makes things extremely difficult for people with disabilities.					
TRUE						
						
Hätten Sie, Frau Präsidentin, einen Kollegen, der einen anderen Kollegen so <L1>vulgär</L1> und indirekt verletzt hat, rechtzeitig und nachdrücklich zur Ordnung gerufen, wäre der Vorfall wahrscheinlich nicht passiert.	If you, Mr President, had intervened duly and heavily in reprimanding a colleague who so grossly and directly offended another MEP, the incident would probably never have happened.	geschmacklos ordinär unanständig anstößig obszön bathisch vulgär unter der Gürtellinie				
Hätten Sie, Frau Präsidentin, einen Kollegen, der einen anderen Kollegen so <N1>unter der Gürtellinie</N1> und indirekt verletzt hat, rechtzeitig und nachdrücklich zur Ordnung gerufen, wäre der Vorfall wahrscheinlich nicht passiert.	If you, Mr President, had intervened duly and heavily in reprimanding a colleague who so grossly and directly offended another MEP, the incident would probably never have happened.					
TRUE						
						
Es ist ganz offensichtlich, daß die USA eine Doppelstrategie fahren: Sie <L1>protegieren</L1> die eigenen Unternehmen und die eigenen Interessen über ihre Gesetzgebung und fordern die Achtung der Regeln des Wettbewerbs und des freien Marktes nur von den anderen ein.	It is clear that the US is accepting and adopting for itself a double system: legislative protection for its own operations and interests, while at the same time demanding respect from others for the rules of competition and the free market.	unterstützen beistehen unter seine Fittiche nehmen fördern Lanze brechen jemandem die Steine aus dem Weg räumen behilflich sein begünstigen jemandem unter die Arme greifen jemandem den Weg ebnen jemandem den Rücken stärken jemandem hilfreich zur Seite stehen protegieren				
Es ist ganz offensichtlich, daß die USA eine Doppelstrategie fahren: Sie <N1>begünstigen</N1> die eigenen Unternehmen und die eigenen Interessen über ihre Gesetzgebung und fordern die Achtung der Regeln des Wettbewerbs und des freien Marktes nur von den anderen ein.	It is clear that the US is accepting and adopting for itself a double system: legislative protection for its own operations and interests, while at the same time demanding respect from others for the rules of competition and the free market.					
TRUE						
						
Da findet man Anweisungen zum Basteln von Bomben, wie man Türen aufsperren kann, obwohl man keine Schlüssel hat, wie man illegale Drogen herstellen kann, sonstige terroristische Tätigkeiten, wie man Kreditkarten fälschen kann, wie man sich unerlaubt in Computer <L1>einhacken</L1> kann usw., eine breite Palette.	You can find instructions on making your own bombs, unlocking doors without keys, producing illegal drugs, other terrorist activities, forging credit cards, hacking into computers without permission, and so on; a whole range of things.					
Da findet man Anweisungen zum Basteln von Bomben, wie man Türen aufsperren kann, obwohl man keine Schlüssel hat, wie man illegale Drogen herstellen kann, sonstige terroristische Tätigkeiten, wie man Kreditkarten fälschen kann, wie man unerlaubt in Computer <N1>einbrechen</N1> kann usw., eine breite Palette.	You can find instructions on making your own bombs, unlocking doors without keys, producing illegal drugs, other terrorist activities, forging credit cards, hacking into computers without permission, and so on; a whole range of things.					
TRUE						
						
Wir <L1>planieren</L1> nicht das Recht, sondern wir überwinden die Grenzen.	We are not weakening the law; we are merely removing boundaries.	flach machen abflachen einebnen ebnen verflachen begradigen planieren				
Wir <N1>verflachen</N1> nicht das Recht, sondern wir überwinden die Grenzen.	We are not weakening the law; we are merely removing boundaries.					
TRUE						
						
Wir <L1>lynchen</L1> die Mörder von Ruanda und Bosnien nicht - wir verurteilen sie!	We are not going to lynch the murderers in Bosnia - we are bringing them to trial!					
Wir <N1>quälen</N1> die Mörder von Ruanda und Bosnien nicht - wir verurteilen sie!	We are not going to lynch the murderers in Bosnia - we are bringing them to trial!					
TRUE						
						
Im Grunde ist es so, wenn wir nicht zu <L1>rocken</L1> beginnen, werden die Amerikaner über uns hinwegrollen.	Basically, if we do not start rocking the Americans are going to roll all over us.	bewerkstelligen schaukeln schaffen hinbekommen auf die Reihe bringen getan kriegen fertigkriegen hinkriegen geregelt bekommen zuwege bringen Herr werden meistern ins Lot bringen bewältigen geregelt kriegen wuppen auf die Kette kriegen auf die Reihe kriegen auf die Beine stellen schultern in den Griff bekommen auf die Reihe bekommen stemmen fertigbekommen rocken gebacken kriegen zustande bringen packen gebacken bekommen				
Im Grunde ist es so, wenn wir nicht <N1>durchstarten</N1>, werden die Amerikaner über uns hinwegrollen.	Basically, if we do not start rocking the Americans are going to roll all over us.					
TRUE						
						
Sollte man nicht analog zur bestehenden Rundfunkgesetzgebung eine Nutzungsgebühr beim Kauf von Komprimierungsinstrumenten wie <L1>MP3</L1> oder MP4 einführen?	Following the example of existing broadcasting legislation, should we not also introduce a user charge levied when compression tools such as MP3 or MP4 are sold?		not loanword			
Sollte man nicht analog zur bestehenden Rundfunkgesetzgebung eine Nutzungsgebühr beim Kauf von Komprimierungsinstrumenten wie <N1>MP3</N1> oder MP4 einführen?	Following the example of existing broadcasting legislation, should we not also introduce a user charge levied when compression tools such as MP3 or MP4 are sold?					
TRUE						
						
Um angesichts der in der letzten Zeit geführten Diskussionen eine klarere allgemeine und detailliertere Übersicht über die bisherigen Maßnahmen der Kommission auf dem Gebiet der Nuklearsicherheit zu geben, haben wir unlängst dem Energie-Ausschuß sowie einigen weiteren Ausschüssen des Europäischen Parlaments ein sogenanntes <L1>Aide-mémoire</L1> übermittelt, in dem wir die durchgeführten Aktionen sowie weitere Pläne für die nahe Zukunft nochmals ausführlich aufgelistet haben.	In the light of the discussions during the last part-session, and in order to give a clearer general and more detailed overview of what the Commission has done to date in the field of nuclear safety, we recently sent Parliament's Energy Committee and a number of other committees an 'aide-mémoire' setting out in detail the work already done and further plans for the immediate future.	Eintragung Aktennotiz Vermerk Aide-mémoire Intabulation Notiz Bemerkung Buchung				
Um angesichts der in der letzten Zeit geführten Diskussionen eine klarere allgemeine und detailliertere Übersicht über die bisherigen Maßnahmen der Kommission auf dem Gebiet der Nuklearsicherheit zu geben, haben wir unlängst dem Energie-Ausschuß sowie einigen weiteren Ausschüssen des Europäischen Parlaments eine sogenannte <N1>Gedächtnisstütze</N1> übermittelt, in dem wir die durchgeführten Aktionen sowie weitere Pläne für die nahe Zukunft nochmals ausführlich aufgelistet haben.	In the light of the discussions during the last part-session, and in order to give a clearer general and more detailed overview of what the Commission has done to date in the field of nuclear safety, we recently sent Parliament's Energy Committee and a number of other committees an 'aide-mémoire' setting out in detail the work already done and further plans for the immediate future.					
TRUE						
						
Wie König Sihanouk zu mir sagte: Mon peuple est toujours très <L1>malade</L1> .	As King Sihanouk told me, 'mon peuple est toujours très malade '.	kränklich krank erkrankt gesundheitlich angegriffen malade malad außer Gefecht leidend nicht gesund siech verletzt arbeitsunfähig	does not make sense to replace			
Wie König Sihanouk zu mir sagte: Mon peuple est toujours très <N1>malade</N1> .	As King Sihanouk told me, 'mon peuple est toujours très malade '.					
TRUE						
						
Und das alles haben wir ohne jeden Zweifel dem Talent, der Effizienz und der Intelligenz von Außenminister Fischer zu verdanken, der mich tief beeindruckt hat. Ich verspreche ihm, daß ich in meinem neuen Leben nach meiner Rückkehr nach Spanien <L1>joggen</L1> und Bananen essen werde.	This is all due, with no doubt whatsoever, to the talent, efficiency and intelligence of Mr Fischer, the Foreign Minister, with whom I have been very impressed, and I promise him that, in my new life, when I return to Spain, I will go jogging and eat bananas.					
Und das alles haben wir ohne jeden Zweifel dem Talent, der Effizienz und der Intelligenz von Außenminister Fischer zu verdanken, der mich tief beeindruckt hat. Ich verspreche ihm, daß ich in meinem neuen Leben nach meiner Rückkehr nach Spanien <N1>tüchtig laufen</N1> und Bananen essen werde.	This is all due, with no doubt whatsoever, to the talent, efficiency and intelligence of Mr Fischer, the Foreign Minister, with whom I have been very impressed, and I promise him that, in my new life, when I return to Spain, I will go jogging and eat bananas.					
TRUE						
						
Herr Präsident, Kollegen, es überläuft mich heiß und kalt, weil am Ende des Haushaltsjahres 1999 - um ein spanisches Sprichwort zu <L1>kolportieren</L1> - nicht einmal die Berichterstatterin ihren eigenen Haushalt erkennen wird .	Mr President, ladies and gentlemen, this terrifies me, because at the end of the financial year of the 1999 budget - to refer to a Spanish proverb -  not even the rapporteur is going to recognise her own budget  .	kolportieren Gerüchte verbreiten Gerüchte in Umlauf setzen | hausieren kolportieren				
Herr Präsident, Kollegen, es überläuft mich heiß und kalt, weil am Ende des Haushaltsjahres 1999 - um ein spanisches Sprichwort zu <N1>nehmen</N1> - nicht einmal die Berichterstatterin ihren eigenen Haushalt erkennen wird .	Mr President, ladies and gentlemen, this terrifies me, because at the end of the financial year of the 1999 budget - to refer to a Spanish proverb -  not even the rapporteur is going to recognise her own budget  .					
TRUE						
						
Das sind auf Erwerb gerichtete Tätigkeiten, und unter diesem Aspekt betrachtet, glaube ich, daß die Kommission zumindest versuchen könnte, etwas regelnd einzugreifen, insbesondere im Hinblick auf die Arbeitsbedingungen, denn wie der Kollege Cohn-Bendit sehr richtig bemerkt hat, <L1>dopen</L1> sich die Sportler nur, weil es die Wettkämpfe erforderlich machen.	These are profit-making activities and, seen from this perspective, the Commission could therefore at least try to regulate the sector and its working conditions to a certain extent. As Mr Cohn-Bendit very rightly said, if sportspeople take drugs, it is because the competitions require this.		had to rearrange a bit			
Das sind auf Erwerb gerichtete Tätigkeiten, und unter diesem Aspekt betrachtet, glaube ich, daß die Kommission zumindest versuchen könnte, etwas regelnd einzugreifen, insbesondere im Hinblick auf die Arbeitsbedingungen, denn wie der Kollege Cohn-Bendit sehr richtig bemerkt hat, <N1>werden unerlaubte Leistungssteigerungsmittel</N1> von Sportlern nur benutzt, weil es die Wettkämpfe erforderlich machen.	These are profit-making activities and, seen from this perspective, the Commission could therefore at least try to regulate the sector and its working conditions to a certain extent. As Mr Cohn-Bendit very rightly said, if sportspeople take drugs, it is because the competitions require this.					
TRUE						
						
Tadschikistan wurde jahrhundertelang <L1>kolonial</L1> ausgeplündert. Es wurde 80 Jahre lang vom Sowjet-Kommunismus brutal unterdrückt.	For centuries, Tajikistan was subjected to colonial exploitation and for eighty years it was brutally suppressed by Soviet Communism.		not possible to replace			
Tadschikistan wurde jahrhundertelang <N1>kolonial</N1> ausgeplündert. Es wurde 80 Jahre lang vom Sowjet-Kommunismus brutal unterdrückt.	For centuries, Tajikistan was subjected to colonial exploitation and for eighty years it was brutally suppressed by Soviet Communism.					
TRUE						
					
Und so wurde mir auch heute wieder eine Seite gezeigt, und ich bin tief berührt von dem was ich sehe und auch fühle. Es ist ganz klar diese schöne Inspiration, die ich in vielen der Kommentare und auch Interaktionen fand, und einige Menschen <L1>posten</L1> Blogs und Videos und so.	And so today again I'm shown a page and I'm deeply touched by what I see and I feel also, it was clear that beautiful inspiration, that I found in many of the comments and the interactions also, and some of the people are posting blogs and videos and so.	Position Stelle Job Stellung Posten Amt Arbeit Beschäftigungsverhältnis Arbeitsverhältnis Arbeitsstelle Anstellung Stätte seines Wirkens Arbeitsplatz | Schwung Partie Posten Lieferung Los Charge Lot Konvolut | in einForum schreiben posten | Rang Stelle Stellung Posten Amt Charge Dienstgrad | Aufsicht Wache Posten Patrouille Wachmannschaft Wachposten Wachdienst Wacht Security Service Wachtposten Sicherheitsdienst			
Und so wurde mir auch heute wieder eine Seite gezeigt, und ich bin tief berührt von dem was ich sehe und auch fühle. Es ist ganz klar diese schöne Inspiration, die ich in vielen der Kommentare und auch Interaktionen fand, und einige Menschen <N1>veröffentlichen</N1> Blogs und Videos und so.	And so today again I'm shown a page and I'm deeply touched by what I see and I feel also, it was clear that beautiful inspiration, that I found in many of the comments and the interactions also, and some of the people are posting blogs and videos and so.				
TRUE					
					
Die Welt von morgen wird <L1>komplett</L1> integriert sein. Sie werden kein Pilot sein,	This world that you're going to be talking about tomorrow is going to be completely integrated.	komplett perfekt gültig valide rechtskräftig | komplett ausgebucht nichts mehr frei voll belegt | generell vollständig gesamt komplett in Gänze in Bausch und Bogen pauschal durchweg hundertprozentig durchwegs einstimmig durchgängig alle, wie sie da sind samt und sonders ausnahmslos restlos alle miteinander alle, wie sie da waren ohne Ausnahme vollzählig durch die Bank in jeder Richtung praktisch alle | der Länge nach total vollumfänglich von A bis Z auf ganzer Linie vollständig gesamt heillos völlig komplett voll und ganz ganz in Gänze exhaustiv			
Die Welt von morgen wird <N1>vollständig</N1> integriert sein. Sie werden kein Pilot sein,	This world that you're going to be talking about tomorrow is going to be completely integrated.				
TRUE					
					
Oberhaupt der <L1>NASA</L1> beziehen. Als wir zusammen im Kongress vorsprachen brachte er seine Vision über die Zukunft dieser Art Fluggeräts vor.	I'd prefer to quote someone else, who testified with me before Congress, and in his position as head of NASA put forward this particular vision of the future of this type of aircraft.	National Aeronautics and Space Administration Nationale Luft- und Raumfahrtbehörde NASA US-Raumfahrtbehörde			
Oberhaupt der <N1></N1> beziehen. Als wir zusammen im Kongress vorsprachen brachte er seine Vision über die Zukunft dieser Art Fluggeräts vor.	I'd prefer to quote someone else, who testified with me before Congress, and in his position as head of NASA put forward this particular vision of the future of this type of aircraft.		not a loanword, more just an abbreviation that we could replace with the German complete name		
FALSE					
					
Er nutzt <L1>GPS</L1> -- damit sind Sie ja in ihrem Auto vertraut, Sie wissen vielleicht nicht, dass es ein GPS für die USA gibt, eines für Russland, und ein neues GPS System für Europa, namens Galileo.	It makes use of the GPS -- you're familiar with GPS in your automobile, but you may not be familiar with the fact that there's a GPS U.S., there's a Russian GPS, and there's a new GPS system going to Europe, called Galileo.	GPS Globales Positionsbestimmungssystem			
Er nutzt <N1></N1> -- damit sind Sie ja in ihrem Auto vertraut, Sie wissen vielleicht nicht, dass es ein GPS für die USA gibt, eines für Russland, und ein neues GPS System für Europa, namens Galileo.	It makes use of the GPS -- you're familiar with GPS in your automobile, but you may not be familiar with the fact that there's a GPS U.S., there's a Russian GPS, and there's a new GPS system going to Europe, called Galileo.		abbreviation, not loanword		
FALSE					
					
Um von zu Hause aus <L1>starten</L1> zu können, müsste das sehr leise geschehen.	I mean to be able to take off from your home, you'd have to be extremely quiet.	anmachen starten anschmeißen anwerfen einschalten anknipsen aktivieren anschalten anstellen anlassen in Gang setzen in Betrieb setzen Startknopf drücken | starten abheben sich in die Lüfte erheben | starten losgehen anheben einsetzen anbrechen entbrennen losbrechen in Gang kommen beginnen anfangen | starten ins Leben rufen initiieren in Gang bringen ankurbeln entstehen lassen in Gang setzen ans Laufen bringen Initiator sein anleiern | starten initialisieren anschmeißen anwerfen hochfahren booten urladen | aufbrechen starten abmarschieren ausrücken Standort verlassen | starten anfahren in Betrieb nehmen hochfahren in Dienst stellen in Betrieb setzen | beginnen etwas antreten etwas anpacken herangehen an sich daranmachen zu durchstarten einleiten anfangen an etwas gehen in Angriff nehmen etwas angreifen einsteigen etwas aufnehmen Startschuss geben loslegen darangehen zu zur Tat schreiten angehen starten anschmeißen anwerfen initiieren etwas anleiern induzieren in Gang bringen entfachen etwas in Gang setzen anheben eröffnen einsteigen in aufnehmen			
Um von zu Hause aus <N1>beginnen</N1> zu können, müsste das sehr leise geschehen.	I mean to be able to take off from your home, you'd have to be extremely quiet.				
TRUE					
					
Weißt du, wenn du ein <L1>CEO</L1> wärst, du würdest die gleichen Entscheidungen treffen wie sie.	You know, if you were a CEO, you would be making the same choices they do.	CEO Vorsitzender des Vorstands Vorstandsvorsitzender erster Angestellter | CEO Geschäftsführer			
Weißt du, wenn du ein <N1></N1> wärst, du würdest die gleichen Entscheidungen treffen wie sie.	You know, if you were a CEO, you would be making the same choices they do.		abbreviation 		
FALSE					
					
Es wird Zeit, sich darauf vorzubereiten und etwas dazu beizusteuern und es <L1>passieren</L1> zu lassen.	It's time to get ready for it, and help contribute to it, and make it happen.	ertragen erleiden durchlaufen durchmachen mitmachen überstehen hinnehmen passieren durchhalten verleben erleben durchleben ausstehen zustoßen auf sich wirken lassen in Kauf nehmen einen Streifen mitmachen am eigenen Leib erfahren einstecken miterleben erfahren | durchgehen seihen durchseihen sieben passieren | passieren kommen zu sich ereignen vorfallen erfolgen sich tun sich zutragen sich begeben geschehen nicht ausbleiben ergehen sich abspielen | vorbeigehen passieren vorübergehen | passieren überschreiten übertreten			
Es wird Zeit, sich darauf vorzubereiten und etwas dazu beizusteuern und es <N1>geschehen</N1> zu lassen.	It's time to get ready for it, and help contribute to it, and make it happen.				
TRUE					
					
Aber mich bestürzte die Tatsache, dass Amerika, ein Land mit so einer angeschlagenen Bürgerrechtsgeschichte, seine Fehler so <L1>ungeniert</L1> wiederholen konnte.	But I was struck by the fact that America, a country with such a tarnished civil rights record, could be repeating its mistakes so blatantly.	unbekümmert vorlaut zwanglos ungezwungen schamlos frech kess keck vorwitzig ungeniert schmerzfrei locker-flockig locker vom Hocker ohne falsche Scham | schlankweg spontan einfach so umstandslos ohne viel Federlesens bedenkenlos ohne langes Überlegen ohne Umschweife ungeniert ohne weiteres ohne Weiteres a limine mir nichts dir nichts kurzentschlossen ohne viel Aufhebens kurz entschlossen ohne lange zu fackeln ohne Wenn und Aber brevi manu ohne Zögern vom Fleck weg unbesehen ohne lange zu überlegen kurzerhand ohne zu fragen ohne zu zögern kurzweg ohneweiters kurz und schmerzlos | schamlos ohne Bedenken ungeniert ohne Hemmungen | ungeziert ungeniert | unverdrossen fröhlich ungeniert einfach weiter lustig munter einfach nicht aufhören zu			
Aber mich bestürzte die Tatsache, dass Amerika, ein Land mit so einer angeschlagenen Bürgerrechtsgeschichte, seine Fehler so <N1>ohne Scham</N1> wiederholen konnte.	But I was struck by the fact that America, a country with such a tarnished civil rights record, could be repeating its mistakes so blatantly.				
TRUE					
					
Tatsächlich wissen wir, wie wir diese Aussage <L1>testen</L1> können.	We actually know how to test that statement.	versuchen verkosten abschmecken testen kosten degustieren probieren schmecken | versuchen testen probieren es auf einen Versuch ankommen lassen sich wagen hineinschnuppern auf einen Versuch ankommen ausprobieren Test machen die Probe aufs Exempel machen erproben Versuch wagen es versuchen mit auf die Probe stellen sein Glück versuchen antesten sich herantrauen | überprüfen untersuchen inspizieren herausfinden ermitteln testen prüfen abtesten begutachten			
Tatsächlich wissen wir, wie wir diese Aussage <N1>überprüfen</N1> können.	We actually know how to test that statement.				
TRUE					
					
Wenn Sie irgendetwas über Anatomie wissen, die zerschneidet man besser nicht, genausowenig wie alles auf dem Weg nach oben. Dann - ich hatte die Hände noch oben - zog er die Klinge raus, zielte auf meinen Nacken, und stieß sie mir bis zum Heft ins Genick. Es gelang mir, mit rechts eine Gerade zu <L1>platzieren</L1> und schlug den mittleren Typen K.O.	If you know anything about anatomy, that's not a good thing to get cut, and everything, of course, on the way up, and then — I still had my hands up — he pulled it out and went for my neck, and sunk it in up to the hilt in my neck, and I got one straight right punch and knocked the middle guy out.	platzieren unterbringen einschleusen | stellen anbringen platzieren | abstellen ausrichten ablegen hinstellen platzieren zurechtrücken positionieren			
Wenn Sie irgendetwas über Anatomie wissen, die zerschneidet man besser nicht, genausowenig wie alles auf dem Weg nach oben. Dann - ich hatte die Hände noch oben - zog er die Klinge raus, zielte auf meinen Nacken, und stieß sie mir bis zum Heft ins Genick. Es gelang mir, mit rechts eine Gerade zu <N1>unterbringen</N1> und schlug den mittleren Typen K.O.	If you know anything about anatomy, that's not a good thing to get cut, and everything, of course, on the way up, and then — I still had my hands up — he pulled it out and went for my neck, and sunk it in up to the hilt in my neck, and I got one straight right punch and knocked the middle guy out.		cannot just replace the word, would need to remove "zu" before and say "unterzubringen"		
TRUE					
					
Es ist ein <L1>politisch</L1> korrekter Zoo, aber es ist ein schlechter Zoo.	It's a very politically correct zoo, but it's a bad zoo.				
Es ist ein <N1>politisch</N1> korrekter Zoo, aber es ist ein schlechter Zoo.	It's a very politically correct zoo, but it's a bad zoo.				
TRUE					
					
Meist mögen Menschen, die Unsinn mögen, auch abstrakte Kunst, sind eher <L1>liberal</L1> als <L2>konservativ</L2>, diese Richtung.	In general, people who enjoy more nonsense, enjoy more abstract art, they tend to be liberal, less conservative, that type of stuff.	libertär freiheitlich liberalistisch liberal freisinnig | vorurteilsfrei liberal vorurteilslos			
Meist mögen Menschen, die Unsinn mögen, auch abstrakte Kunst, sind eher <N1>liberal</N1> als <N2>konservativ</N2>, diese Richtung.	In general, people who enjoy more nonsense, enjoy more abstract art, they tend to be liberal, less conservative, that type of stuff.				
TRUE					
					
Mit <L1>pink</L1> und blau, wissen Sie.	You know, with the pinks and blues.	rosig rosafarben pink pastellrot schweinchenrosa blassrot mattrot fleischfarben rosé rosarot babyrosa rosa zartrot			
Mit <N1>rosa</N1> und blau, wissen Sie.	You know, with the pinks and blues.		rosa is also a loanword		
TRUE					
					
Und wenn es erscheint, werden zu gleichen Zeit eine Reihe von Wiki-Seiten unter dem Label WISER <L1>online</L1> gehen.	The book is called  Blessed Unrest.  And when it comes out, a series of wiki sites under the label WlSER, are going to launch at the same time.	verbunden zugreifbar angeschlossen zugänglich erreichbar online ansprechbar			
Und wenn es erscheint, werden zu gleichen Zeit eine Reihe von Wiki-Seiten unter dem Label WISER <N1>online</N1> gehen.	The book is called  Blessed Unrest.  And when it comes out, a series of wiki sites under the label WlSER, are going to launch at the same time.				
TRUE					
					
WISER soll das dokumentieren, <L1>verlinken</L1> und bestärken, was Paul die größte und am schnellsten wachsende Bewegung in der Geschichte der Menschheit nennt. Die kollektive Immunreaktion der Menschheit auf die Bedrohungen von heute.	WlSER sets out to document, link and empower what Paul calls the largest movement, and fastest-growing movement in human history: humanity's collective immune response to today's threats.	mit etwas assoziiert werden mit einer Sache in Verbindung gebracht werden verlinken			
WISER soll das dokumentieren, <N1>verknüpfen</N1> und bestärken, was Paul die größte und am schnellsten wachsende Bewegung in der Geschichte der Menschheit nennt. Die kollektive Immunreaktion der Menschheit auf die Bedrohungen von heute.	WlSER sets out to document, link and empower what Paul calls the largest movement, and fastest-growing movement in human history: humanity's collective immune response to today's threats.				
TRUE					
					
Wieder organisierten internationale NGOs unter der Schirmherrschaft der <L1>UNO</L1> massive Hilfslieferungen, und Tausende Leben wurden gerettet.	Again, international NGOs, united under the umbrella of the U.N., staged a massive relief operation and thousands of lives were saved.	UN Vereinte Nationen Staatengemeinschaft UNO			
Wieder organisierten internationale NGOs unter der Schirmherrschaft der <N1></N1> massive Hilfslieferungen, und Tausende Leben wurden gerettet.	Again, international NGOs, united under the umbrella of the U.N., staged a massive relief operation and thousands of lives were saved.		abbreviation		
FALSE					
					
Das Bild erinnerte mich an eine Höhlenmalerei und spiegelte wider, wie <L1>primitiv</L1> wir noch in vielerlei Hinsicht sind.	The image reminded me of a cave painting, and echoed how primitive we still are in so many ways.	grobschlächtig roh primitiv kulturlos banausisch prollig | Raumbezugsgrundform Grundobjekt grafisches Primitiv grafische Grundform Primitiv | schlecht Billig... platt seicht fadenscheinig flach derb primitiv ohne Anspruch unambitioniert ohne Niveau ohne Ambition nicht besonders einfallsreich nicht ambitioniert wie in einem schlechten Film niveaulos | einfach unkompliziert leicht ohne Probleme reibungslos störungsfrei wie ein Glöckerl klaglos anstandslos wie am Schnürchen unaufwändig wie geschmiert problemlos mühelos umstandslos ohne Schwierigkeiten simpel unproblematisch geschenkt primitiv			
Das Bild erinnerte mich an eine Höhlenmalerei und spiegelte wider, wie <N1>ursprünglich</N1> wir noch in vielerlei Hinsicht sind.	The image reminded me of a cave painting, and echoed how primitive we still are in so many ways.				
TRUE					
					
Für die Schweiz als Teil des Schengen-Raums aber nicht der EU heißt dass, das Nicht-Schweizer jederzeit <L1>einchecken</L1> können, aber nie bleiben.	For Switzerland being part of Schengen but not part of the European Union means that non-swiss can check in any time they like, but they can never stay.	sich anmelden einchecken			
Für die Schweiz als Teil des Schengen-Raums aber nicht der EU heißt dass, das Nicht-Schweizer jederzeit <N1></N1> können, aber nie bleiben.	For Switzerland being part of Schengen but not part of the European Union means that non-swiss can check in any time they like, but they can never stay.		sentence does not make sense and is grammatically incorrect		
FALSE					
					
Es ist <L1>enorm</L1> wichtig für mich, weil unsere Kinder wachsen, im Raum zwischen uns.	It is enormously important to me because our children grow in the space between us.	formidabel aberwitzig enorm immens gewaltig mächtig riesig astronomisch unermesslich Mammut... riesenhaft Herkules... ungeheuer groß kolossal überdimensional monumental monströs Spitzen... gigantisch überdimensioniert immensurabel riesengroß von ungeheurer Größe titanisch ungeheuer | üppig bombastisch unglaublich fulminant imposant außerordentlich weit enorm bedeutend erheblich groß extrem pompös immens gewaltig exorbitant mächtig krass riesig weithin weitläufig makro | besonders außerordentlich außergewöhnlich stark ausgesprochen zutiefst höchlichst ungemein massiv sehr himmelweit in höchstem Maße äußerst enorm überaus sonderlich allerbest hochgradig | deutlich weit sehr enorm wesentlich erheblich immens ausgeprägt tierisch ziemlich arg viel ausnehmend ordentlich was eine gehörige Portion jede Menge ein gerüttelt Maß haushoch beträchtlich allerhand			
Es ist <N1>sehr</N1> wichtig für mich, weil unsere Kinder wachsen, im Raum zwischen uns.	It is enormously important to me because our children grow in the space between us.				
TRUE					
					
Erinnern Sie sich, ich sagte, wenn unsere TEDxTokyo-Gesellschaft die Weltbevölkerung <L1>repräsentieren</L1> würde, hätten 24 von uns eine ernste psychische Störung.	Remember I said that if our TEDxTokyo community represented the world population, 24 of us would have serious mental illness?	zeigen repräsentieren wiedergeben bildlich darstellen darstellen abbilden zur Darstellung bringen | widerspiegeln zurückwerfen repräsentieren spiegeln wiedergeben reflektieren | repräsentieren stehen für verkörpern symbolisieren versinnbildlichen der Inbegriff sein			
Erinnern Sie sich, ich sagte, wenn unsere TEDxTokyo-Gesellschaft die Weltbevölkerung <N1>vertreten</N1> würde, hätten 24 von uns eine ernste psychische Störung.	Remember I said that if our TEDxTokyo community represented the world population, 24 of us would have serious mental illness?				
TRUE					
					
Diese Gefühle <L1>resultieren</L1> aus der Stigmatisierung psychischer Erkrankungen und dieses Stigma ist das einzige und größte Hindernis, um die Leben von Millionen Menschen auf der Welt zu verbessern.	And those feelings are a product of the stigma of mental illness and it is this stigma that is the single greatest obstacle to improving the lives of millions of people with mental disorder around the globe.	sich ergeben herkommen abstammen entspringen stammen resultieren | sich herausbilden sich entwickeln sich einstellen sich ergeben hervorgehen folgen sich herauskristallisieren Form annehmen resultieren sich herleiten basieren Ergebnis sein | resultieren führen zu zur Folge haben münden			
Diese Gefühle <N1>ergeben sich</N1> aus der Stigmatisierung psychischer Erkrankungen und dieses Stigma ist das einzige und größte Hindernis, um die Leben von Millionen Menschen auf der Welt zu verbessern.	And those feelings are a product of the stigma of mental illness and it is this stigma that is the single greatest obstacle to improving the lives of millions of people with mental disorder around the globe.				
TRUE					
					
Ich versuche einfach nur <L1>fit</L1> zu sein.	Actually, I try to stay just fit.	gut in Form fit gesund auf dem Damm bei guter Gesundheit wohlbehalten wohlauf gesund und munter in Form bei Kräften | sicher firm fit sattelfest routiniert versiert | tauglich qualifiziert im Stande fähig firm fit			
Ich versuche einfach nur <N1>in Form</N1> zu sein.	Actually, I try to stay just fit.				
TRUE					
					
Und man kann sich sehr <L1>präzise</L1> anpassen.	And you can adapt really precisely.	genau gewissenhaft akkurat korrekt prägnant fehlerfrei exakt richtig präzise präzis haargenau | spezifisch gezielt präzise präzis			
Und man kann sich sehr <N1>genau</N1> anpassen.	And you can adapt really precisely.				
TRUE					
					
Für diese - <L1>wow</L1> Schönheit - die Ästhetik des Hauses, wow Juwelen - Ästhetik von sich selbst, wow Söhne - der Mangel an Ästhetik der Kinder,	Towards these things - wow Beauty - Aesthetics of the house, wow jewels - Aesthetics of yourself, wow sons - the lack of aesthetics of the children,				
Für diese - <N1></N1> Schönheit - die Ästhetik des Hauses, wow Juwelen - Ästhetik von sich selbst, wow Söhne - der Mangel an Ästhetik der Kinder,	Towards these things - wow Beauty - Aesthetics of the house, wow jewels - Aesthetics of yourself, wow sons - the lack of aesthetics of the children,		strange sentence		
FALSE					
					
In diesem Monat in deine Hände lege ich Ihnen im Laufe der Zeit die Fähigkeit zu <L1>kontrollieren</L1> erhöhen die kurze Zeit, es liegt in Ihren Händen	This month is for you I leave you with control over time, the ability to increase the time, to shorten it, it is in your hands	führen leiten kontrollieren sagen, wo es langgeht was zu sagen haben Kontrolle behalten Chef von't Janze sein die Richtschnur vorgeben Kontrolle haben führend sein das Heft in der Hand halten die erste Geige spielen lenken das Sagen haben dominieren den Ton angeben Takt vorgeben das Heft in der Hand haben vorangehen | untersuchen kontrollieren abchecken nachprüfen abklären prüfen | führen leiten kontrollieren regieren dirigieren manövrieren lenken Weichen stellen steuern | kontrollieren jemandem auf die Finger schauen jemandem über die Schulter schauen | überprüfen kontrollieren prüfen revidieren | beaufsichtigen überwachen aufpassen im Visier haben nachhalten beobachten checken kontrollieren im Visier behalten im Blick haben im Sichtfeld haben | in den Griff bekommen kontrollieren in Schach halten unter Kontrolle haben im Griff haben Kontrolle gewinnen über			
In diesem Monat in deine Hände lege ich Ihnen im Laufe der Zeit die Fähigkeit zu <N1>überprüfen</N1> erhöhen die kurze Zeit, es liegt in Ihren Händen	This month is for you I leave you with control over time, the ability to increase the time, to shorten it, it is in your hands				
TRUE					
					
Und Frauen von heute sind wirklich erstaunlich, die Weisheit, um die Abschlussprüfung zu Mittwoch die Stützen Zeitverschwendung, <L1>genial</L1> Mann neben dir aussehen fühlt sich wie eine Rosine wie nichts	And women of today really are amazing your smart, your mature you have a fourth degree you have an income what a waste of time You look amazing a man next to you feels like a raisin, like a nothing	genial brillant glänzend wunderbar wundervoll splendid herrlich prächtig dass es eine ein Gedicht Ich kann mein Glück noch gar nicht fassen wahre Wonne famos | genial ingeniös | genial geil brillant glänzend absolut super exzellent beispiellos von außerordentlicher Qualität atemraubend magnifik wunderbar begnadet einzigartig affengeil sagenhaft unglaublich absoluter Wahnsinn hinreißend unübertroffen fetzt berückend überragend saugeil fulminant absolut irre erstklassig top süperb überwältigend ohne Beispiel atemberaubend phantastisch phänomenal ganz großes Kino urst zum Sterben schön unvergleichlich vom Feinsten wumbaba unübertrefflich fantastisch bestens hervorragend nicht zu toppen nicht zu fassen du kriegst die Motten allererste Sahne herausragend umwerfend hammergeil zum Niederknien toll traumhaft himmelsgleich rockt grandios megacool ganz große Klasse himmlisch wundervoll großartig super superb klasse fabelhaft ausgezeichnet stark sauber cool tipptopp prima leiwand knorke dufte doll zum Reinlegen töfte astrein phatt hasenrein 1A tofte der Hit erste Sahne leinwand spitze nicht schlecht bombig			
Und Frauen von heute sind wirklich erstaunlich, die Weisheit, um die Abschlussprüfung zu Mittwoch die Stützen Zeitverschwendung, <N1></N1> Mann neben dir aussehen fühlt sich wie eine Rosine wie nichts	And women of today really are amazing your smart, your mature you have a fourth degree you have an income what a waste of time You look amazing a man next to you feels like a raisin, like a nothing		strange sentence		
FALSE					
					
Heute erzähle ich euch, wie wir von der Erde zum Mars gekommen sind und warum das so <L1>cool</L1> ist.	Today I'm going to tell you about how we got from Earth to Mars and why it's so cool.	genial geil brillant glänzend absolut super exzellent beispiellos von außerordentlicher Qualität atemraubend magnifik wunderbar begnadet einzigartig affengeil sagenhaft unglaublich absoluter Wahnsinn hinreißend unübertroffen fetzt berückend überragend saugeil fulminant absolut irre erstklassig top süperb überwältigend ohne Beispiel atemberaubend phantastisch phänomenal ganz großes Kino urst zum Sterben schön unvergleichlich vom Feinsten wumbaba unübertrefflich fantastisch bestens hervorragend nicht zu toppen nicht zu fassen du kriegst die Motten allererste Sahne herausragend umwerfend hammergeil zum Niederknien toll traumhaft himmelsgleich rockt grandios megacool ganz große Klasse himmlisch wundervoll großartig super superb klasse fabelhaft ausgezeichnet stark sauber cool tipptopp prima leiwand knorke dufte doll zum Reinlegen töfte astrein phatt hasenrein 1A tofte der Hit erste Sahne leinwand spitze nicht schlecht bombig | cool abgeklärt in sich ruhen drüber stehen erhaben sein kann nichts erschüttern über den Dingen stehen nicht leicht zu beeindrucken | gefühllos hartgesotten gefühlskalt cool abgebrüht kaltschnäuzig verroht eiskalt gemütsarm gefühlsarm | bombastisch fulminant phantastisch phänomenal fantastisch großartig stark abgefahren cool krass ultrakrass | locker unerschütterlich detachiert ruhig lässig cool kühl gelassen seelenruhig nonchalant ungerührt ohne mit der Wimper zu zucken gleichmütig gezügelt nervenstark gefasst stoisch kaltblütig nicht aus der Ruhe zu bringen souverän unaufgeregt | geil fesch schmuck elegant flott schnittig schnatz cool frech schmissig modisch schnieke todschick chic todchic kleidsam schick			
Heute erzähle ich euch, wie wir von der Erde zum Mars gekommen sind und warum das so <N1>ausserordentlich</N1> ist.	Today I'm going to tell you about how we got from Earth to Mars and why it's so cool.				
TRUE					
					
Das liegt nicht daran, dass sie es gemacht und versucht haben und sagten Igitt! , sondern weil man, ohne seinen Stuhl zu verlassen, den Geschmack <L1>simulieren</L1> und Igitt sagen kann ohne es zu machen.	It's because, without leaving your armchair, you can simulate that flavor and say  yuck  before you make it.	vortäuschen Show abziehen sich ein ... Mäntelchen umhängen sich verstellen simulieren so tun als ob sich stellen so tun als sei man vorgeben machen auf etwas heucheln so tun als wäre man markieren sich geben schauspielern nur so tun			
Das liegt nicht daran, dass sie es gemacht und versucht haben und sagten Igitt! , sondern weil man, ohne seinen Stuhl zu verlassen, den Geschmack <N1>vortäuschen</N1> und Igitt sagen kann ohne es zu machen.	It's because, without leaving your armchair, you can simulate that flavor and say  yuck  before you make it.				
TRUE					
					
Ich bin auf andere irgendwie merkwürdige Beziehungen gestoßen, zwischen Poller, die man unterschiedlich interpretieren kann, aber - solche Dinge <L1>amüsieren</L1> mich.	I've come across some other just, kind of, curious relationships of bollards on the street that have different interpretations, but -- these things amuse me.	amüsieren belustigen erfreuen aufheitern aufmuntern erheitern beschwingen | bespaßen unterhalten amüsieren belustigen			
Ich bin auf andere irgendwie merkwürdige Beziehungen gestoßen, zwischen Poller, die man unterschiedlich interpretieren kann, aber - solche Dinge <N1>belustigen</N1> mich.	I've come across some other just, kind of, curious relationships of bollards on the street that have different interpretations, but -- these things amuse me.				
TRUE					
					
Mindestens 30 andere Teile, die selektiv Bedeutung erstellen, <L1>kreieren</L1> mehr Bedeutung durch Aha -Erlebnisse.	As many as 30 other parts that selectively make more sense, create more meaning through the kind of  Ah-ha  experiences.	realisieren entwerfen schaffen entwickeln gestalten anfertigen schöpfen formen hervorbringen erstellen erzeugen kreieren produzieren erschaffen			
Mindestens 30 andere Teile, die selektiv Bedeutung erstellen, <N1>erschaffen</N1> mehr Bedeutung durch Aha -Erlebnisse.	As many as 30 other parts that selectively make more sense, create more meaning through the kind of  Ah-ha  experiences.				
TRUE					
					
Es ist sehr alt, <L1>evolutionär</L1> gesehen.	It's very old, evolutionarily.				
Es ist sehr alt, <N1>evolutionär</N1> gesehen.	It's very old, evolutionarily.				
TRUE					
					
Nun, erneut, der schematische Aufbau ist, dass das Auge <L1>visuell</L1> abfragt, was wir ansehen.	Well, again, the schematic view is that the eye visually interrogates what we look at.	sichtbar visuell			
Nun, erneut, der schematische Aufbau ist, dass das Auge <N1>visuell</N1> abfragt, was wir ansehen.	Well, again, the schematic view is that the eye visually interrogates what we look at.				
TRUE					
					
Und dann drittens sie <L1>permanent</L1> zu machen.	And then thirdly, making them persistent.	permanent durchgehend rund um die Uhr Tag und Nacht 24/24 | ständig unablässig ununterbrochen dauernd ohne Unterbrechung pausenlos permanent beständig andauernd immerfort fortlaufend in einem durch durchgängig durchgehend unterbrechungsfrei die ganze Zeit die ganze Zeit hindurch in einem fort die ganze Zeit über fortgesetzt unverwandt immerzu | ständig dauernd pausenlos ewig permanent andauernd immerfort | ständig permanent ausdauernd hartnäckig dauerhaft nachhaltig langanhaltend beständig persistent			
Und dann drittens sie <N1>beständig</N1> zu machen.	And then thirdly, making them persistent.				
TRUE					
					
Es ist nicht weil es <L1>trivial</L1> ist.	It's not because it's trivial.	glaubhaft klar triftig schlüssig überzeugend sinnfällig plausibel einsichtig fassbar einleuchtend noetisch augenfällig evident intelligibel nachzuvollziehen eingängig fasslich erklärlich ersichtlich begreiflich verständlich verstehbar nachvollziehbar schlagend trivial selbstverständlich | trivial leicht simpel | nichtssagend billig leer witzlos wohlfeil beliebig geistlos trivial oberflächlich platt inhaltsleer seicht flau ohne Aussage abgedroschen banal abgeschmackt schal nichts sagend hohl | einfach trivial leicht simpel pille-palle nichts leichter als das jedes Kind kann das spielend einfach ich bin jahrelang ... gewesen supereinfach babyeinfach jeder Idiot kann das kinderleicht ganz leicht so einfach wie eins und eins ist zwei unschwer keine Kunst babyleicht ganz einfach nicht allzu viel dazu gehören zu | trivial einleuchtend auf der Hand liegend selbsterklärend keiner weiteren Erklärung bedürfen selbstdokumentierend unmittelbar einleuchtend unmittelbar verständlich selbst erklärend			
Es ist nicht weil es <N1>offensichtlich</N1> ist.	It's not because it's trivial.				
TRUE					
					
Das lässt den Ausdruck nicht <L1>singulär</L1> werden.	It doesn't make it undefined.	beispiellos einzigartig unvergleichlich individuell nicht vergleichbar alleinig einzig einzig und allein wie kein zweiter wie nichts sonst unnachahmlich sondergleichen gibt's nur einmal unverwechselbar unikal einmalig ohnegleichen nie gekannt der seinesgleichen sucht sui generis steht allein kommt nicht wieder wie kein anderer singulär			
Das lässt den Ausdruck nicht <N1>einzigartig</N1> werden.	It doesn't make it undefined.				
TRUE					
					
Wenn sie voneinader umgeben sind, bemerken sie das auch und können etwas <L1>nervös</L1> werden.	If they get surrounded, they notice that too, they might get a little flustered.	nervös nervlich | durcheinander ruhelos zappelig fickerig erregt wie ein aufgescheuchtes Huhn aufgeregt aufgedreht kirre unruhig schreckhaft rapplig aufgewühlt kribbelig nervös beunruhigt fieberhaft rappelig gereizt kabbelig wie angestochen aufgekratzt | aufgewühlt nervös zitterig gespannt angespannt nervlich angespannt die Nerven liegen bloß unter Spannung unter Anspannung unter Spannung aufgerührt in Anspannung in atemloser Spannung Nerven sind zum Zerreißen gespannt nervlich angespannt			
Wenn sie voneinader umgeben sind, bemerken sie das auch und können etwas <N1>aufgeregt</N1> werden.	If they get surrounded, they notice that too, they might get a little flustered.				
TRUE					
					
Dort sind Effekte, die man <L1>live</L1> verändern kann, wie z.B. Hall und Filter.	There are effects that you can control live, like reverb and filter.				
Dort sind Effekte, die man <N1>live</N1> verändern kann, wie z.B. Hall und Filter.	There are effects that you can control live, like reverb and filter.				
TRUE					
					
Ich unterstreiche sie <L1>orange</L1> 1 mal 2 - hier müssen wir vorsichtig sein 1 mal 2 ist 2	I'll underline it with the orange. One times two-- oh, we have to be very careful here. One times two is two.	orangen orangefarben orange pfirsichfarben | Apfelsine Orange			
Ich unterstreiche sie <N1>orange</N1> 1 mal 2 - hier müssen wir vorsichtig sein 1 mal 2 ist 2	I'll underline it with the orange. One times two-- oh, we have to be very careful here. One times two is two.				
TRUE					
					
Er ist Seung Jos Rivale, also müssen wir ihn gründlich <L1>abchecken</L1> und etwas planen.	He's Seung Jo's rival, so we need to analyze him real well and plan something.	checken austesten abchecken ausprobieren antesten herumexperimentieren | untersuchen kontrollieren abchecken nachprüfen abklären prüfen			
Er ist Seung Jos Rivale, also müssen wir ihn gründlich <N1>untersuchen</N1> und etwas planen.	He's Seung Jo's rival, so we need to analyze him real well and plan something.				
TRUE					
					
Euer Partner wird <L1>fair</L1> ausgesucht...	Your partner will be decided fairly...	fair ritterlich | okay vertretbar akzeptabel in Ordnung fair adäquat OK passabel | aufrichtig wahrhaft anständig treu geradeheraus ehrbar lauter fair unverstellt ehrlich treu und brav grundgut redlich kreuzbrav rechtschaffen patent aufrecht veritabel grundehrlich grundanständig | billig fair recht gerechtfertigt gerecht recht und billig | anständig sportlich fair			
Euer Partner wird <N1>gerecht</N1> ausgesucht...	Your partner will be decided fairly...				
TRUE					
					
Wir <L1>finanzieren</L1> Krebsstiftungen in 13 Ländern.	We fund prostate cancer foundations now in 13 countries.	bestreiten bezahlen finanzieren			
Wir <N1>finanzieren</N1> Krebsstiftungen in 13 Ländern.	We fund prostate cancer foundations now in 13 countries.				
TRUE					
					
Denn diese Idee, dass Gesundheit innerlich <L1>partikulär</L1> und <L2>individuell</L2> und medizinisch ist, ist weitgehendst ein Fehler.	Because this idea that health is internal and atomized and individual and pharmaceutical is largely an error.	beispiellos einzigartig unvergleichlich individuell nicht vergleichbar alleinig einzig einzig und allein wie kein zweiter wie nichts sonst unnachahmlich sondergleichen gibt's nur einmal unverwechselbar unikal einmalig ohnegleichen nie gekannt der seinesgleichen sucht sui generis steht allein kommt nicht wieder wie kein anderer singulär | unabhängig abgetrennt geteilt einzeln abgesondert getrennt individuell separat | individuell entsprechend den Wünschen hergerichtet maßgeschneidert zugeschnitten individualisiert angepasst | eigenwillig individuell eigensinnig			
Denn diese Idee, dass Gesundheit innerlich <N1>einzigartig</N1> und <N2>persönlich</N2> und medizinisch ist, ist weitgehendst ein Fehler.	Because this idea that health is internal and atomized and individual and pharmaceutical is largely an error.				
TRUE					
					
Und wir geben ihnen ein paar Sachen, um das zu tun, und ihnen zu helfen, wie Haustierausstattung, solange sie <L1>bloggen</L1> und emailen.	And we give them a couple of things to do that, to help them do companion animal devices while they're blogging and doing their email.				
Und wir geben ihnen ein paar Sachen, um das zu tun, und ihnen zu helfen, wie Haustierausstattung, solange sie <N1>bloggen</N1> und emailen.	And we give them a couple of things to do that, to help them do companion animal devices while they're blogging and doing their email.				
TRUE					
					
Gesunde Teilpopulationen von Vögeln, <L1>generell</L1> eine größere Artenvielfalt.	Healthy sub-populations of birds, increasing biodiversity generally.	umfassend generell global absolut allumfassend allgemein gültig universell allgemeingültig unbestimmt immersiv | generell vollständig gesamt komplett in Gänze in Bausch und Bogen pauschal durchweg hundertprozentig durchwegs einstimmig durchgängig alle, wie sie da sind samt und sonders ausnahmslos restlos alle miteinander alle, wie sie da waren ohne Ausnahme vollzählig durch die Bank in jeder Richtung praktisch alle | alles in allem insgesamt im Grundsatz weitgehend zusammenfassend grundsätzlich summa summarum in Summe in der Regel im Großen und Ganzen generell wenn man alles berücksichtigt im Allgemeinen in der Summe auf einen Nenner gebracht in der Gesamtheit im großen Ganzen | generell allgemein soweit			
Gesunde Teilpopulationen von Vögeln, <N1>allgemein</N1> eine größere Artenvielfalt.	Healthy sub-populations of birds, increasing biodiversity generally.				
TRUE					
					
Und dann können Sie den Fischen auch eine <L1>SMS</L1> schreiben.	And then you can also text the fish.	Short Message Kurznachricht SMS | SMS Dienst für Kurznachrichten			
Und dann können Sie den Fischen auch eine <N1>Kurznachricht</N1> schreiben.	And then you can also text the fish.				
TRUE					
					
Cursor über den <L1>USB</L1> Device und drücken Sie die [schreiben / ENTER] Taste	Cursor over to the  USB Device  and press the [WRlTE / ENTER] key	Universal Serial Bus USB			
Cursor über den <N1></N1> Device und drücken Sie die [schreiben / ENTER] Taste	Cursor over to the  USB Device  and press the [WRlTE / ENTER] key		abbreviation		
FALSE					
					
Logik wird immer häufiger an der Schnittstelle zwischen Mensch und Maschine benutzt, besonders in Logik fähigen Computer Systemen, in denen die Benutzer logische Sätze sehen und <L1>editieren</L1> können.	Logic is increasingly being used at the interface between Man and Machine, especially in logic-enabled computer systems, where the users can view and edit logical sentences.	umschreiben abändern editieren verändern modifizieren abwandeln ändern bearbeiten | editieren herausgeben verlegen veröffentlichen publizieren			
Logik wird immer häufiger an der Schnittstelle zwischen Mensch und Maschine benutzt, besonders in Logik fähigen Computer Systemen, in denen die Benutzer logische Sätze sehen und <N1>anpassen</N1> können.	Logic is increasingly being used at the interface between Man and Machine, especially in logic-enabled computer systems, where the users can view and edit logical sentences.				
TRUE					
					
Als Berater für euer <L1>Start-up</L1> würde ich euch in knapp 10 Minuten die folgenden Ratschläge geben.	But if I were a consultant for your startup, here's all the advice I would give in under 10 minutes.	Start-up Start-up-Firma Start-up-Unternehmen junges Unternehmen			
Als Berater für euer <N1>Jungunternehmen</N1> würde ich euch in knapp 10 Minuten die folgenden Ratschläge geben.	But if I were a consultant for your startup, here's all the advice I would give in under 10 minutes.				
TRUE					
					
Version mit oder ohne <L1>www</L1> sehen sollen. Dann leitet ihr Nutzer per 301-Weiterleitung von eurer nicht bevorzugten zu eurer bevorzugten Version weiter.	At which point your 301 redirect users from your non preferred to your preferred version.	Netz Internet WWW World Wide Web Web			
Version mit oder ohne <N1></N1> sehen sollen. Dann leitet ihr Nutzer per 301-Weiterleitung von eurer nicht bevorzugten zu eurer bevorzugten Version weiter.	At which point your 301 redirect users from your non preferred to your preferred version.		abbreviation		
FALSE					
					
Mit eurer <L1>URL</L1> können wir ein Crawling als Googlebot durchführen. Damit sieht man genau, ob wir richtig weitergeleitet wurden und welchen Inhalt wir genau herunterladen.	It's a great feature cause you give us a URL and then we'll perform a crawl as Googlebot, and you can see exactly whether we've been redirected appropriately and exactly what content we download.	Link Web-Adresse Internetadresse URL			
Mit eurer <N1>Internetadresse</N1> können wir ein Crawling als Googlebot durchführen. Damit sieht man genau, ob wir richtig weitergeleitet wurden und welchen Inhalt wir genau herunterladen.	It's a great feature cause you give us a URL and then we'll perform a crawl as Googlebot, and you can see exactly whether we've been redirected appropriately and exactly what content we download.				
TRUE					
					
Und für eine Weile ist dies, was ich den Weisen-losen Zustand oder das absolute Gewahrsein nenne, es scheint nicht <L1>attraktiv</L1> zu sein, denn es hat keine richtige Bezeichnung.	And for a while, this - what I'm referring to as the sageless state or the Absolute Awareness - it doesn't seem to be attractive because it doesn't really have a label.	hinreißend schön hold ansehnlich fesch entzückend eine Augenweide wahre Pracht gut aussehend reizend schmuck lieblich herrlich hübsch Wohltat fürs Auge hübsch anzusehen attraktiv allerliebst schön anzusehen wie gemalt liebreizend ein erfreulicher Anblick Blicke auf sich ziehen | attraktiv zugkräftig schlagkräftig von Interesse spannend packend faszinierend hochinteressant interessant fesselnd hochspannend Interesse weckend | hinreißend reizend attraktiv ansprechend verführerisch reizvoll betörend zum Anbeißen gefällig herzig liebenswert anmächelig zauberhaft anlockend anziehend bezaubernd bestrickend verlockend | scharf geil atemraubend atemberaubend reizend attraktiv Blicke auf sich ziehen aufreizend ansprechend Lust machen weiblichen Reize zur Geltung bringen lustvoll heiß wohlgestaltet lasziv aufregend Phantasien auslösen aphrodisierend mit heißen Kurven verführerisch Hormone ankurbelnd erregend erotisierend sinnlich rassig erotisch Männerherzen höher schlagen lassen stimulierend wohlgeformt lecker knackig knusprig reizvoll Hormone in Wallung bringen wohlproportioniert kurvig sexy betörend zum Anbeißen			
Und für eine Weile ist dies, was ich den Weisen-losen Zustand oder das absolute Gewahrsein nenne, es scheint nicht <N1>anziehend</N1> zu sein, denn es hat keine richtige Bezeichnung.	And for a while, this - what I'm referring to as the sageless state or the Absolute Awareness - it doesn't seem to be attractive because it doesn't really have a label.				
TRUE					
					
Wie entwirft man also Algorithmen, die eine Maschine so <L1>sportlich</L1> machen?	So how does one design the algorithms that create a machine athlete?	athletisch durchtrainiert sportlich trainiert fit wie ein Turnschuh sportiv (körperlich) fit nur aus Muskeln bestehend | anspruchsvoll ambitioniert sportlich ambitiös ehrgeizig | leger informell lässig salopp sportlich | anständig sportlich fair			
Wie entwirft man also Algorithmen, die eine Maschine so <N1></N1> machen?	So how does one design the algorithms that create a machine athlete?				
FALSE					
					
Damit kann ich diesen Quad so positionieren, dass er den Rest der Demonstration mit der montierten Kamera von oben <L1>filmen</L1> kann.	I will use this new capability to position this camera-carrying quad to the appropriate location for filming the remainder of this demonstration.	aufnehmen videographieren videografieren filmen abfilmen			
Damit kann ich diesen Quad so positionieren, dass er den Rest der Demonstration mit der montierten Kamera von oben <N1>aufnehmen</N1> kann.	I will use this new capability to position this camera-carrying quad to the appropriate location for filming the remainder of this demonstration.				
TRUE					
					
Das geschieht ständig, aber wir <L1>blockieren</L1> das, so dass wir nicht sehen können, nicht bewusst durch Gnade leben können.	You see? So you've started beautifully, continue like that and just watch it, watch it. You see?	Versperren Sperren Blockieren | blocken behindern abhalten sperren abblocken versperren verhindern abwehren blockieren obstruieren stoppen jemandem entgegentreten hemmen nicht mitspielen Steine in den Weg legen sich querstellen Weg versperren Knüppel zwischen die Beine werfen mauern hindern in den Weg stellen reingrätschen | versperren blockieren verstellen zustellen			
Das geschieht ständig, aber wir <N1>sperren</N1> das, so dass wir nicht sehen können, nicht bewusst durch Gnade leben können.	You see? So you've started beautifully, continue like that and just watch it, watch it. You see?				
TRUE					
					
Ich glaube, wir werden anfangen, zu <L1>rationieren</L1> und Dinge wiederzuverwenden. und nicht immer nur neue Quellen erschließen.	I think we will start to ration it and re-use things as opposed to just creating a new one.				
Ich glaube, wir werden anfangen, zu <N1>einteilen</N1> und Dinge wiederzuverwenden. und nicht immer nur neue Quellen erschließen.	I think we will start to ration it and re-use things as opposed to just creating a new one.		grammar needs to be adjusted		
TRUE					
					
Wir haben Dachdecker. Wir haben wir Leute, die das <L1>professionell</L1> machen.	We have roofers, we have people that do that professionally.	beruflich professionell | erfahren bewandert professionell beschlagen qualifiziert kompetent fachkundig kundig hat Ahnung kenntnisreich kennt sich aus sachverständig sachkundig | professionell fachgemäß fachgerecht fachmännisch Gelernt ist gelernt. vom Fach			
Wir haben Dachdecker. Wir haben wir Leute, die das <N1>fachmännisch</N1> machen.	We have roofers, we have people that do that professionally.				
TRUE					
					
Oh yeah, das Rauchen radioaktiven, wirklich, wirklich <L1>hot stuff</L1>.	Oh yeah, smoking radioactive, really, really hot stuff.				
Oh yeah, das Rauchen radioaktiven, wirklich, wirklich <N1>heisses Zeug</N1>.	Oh yeah, smoking radioactive, really, really hot stuff.				
TRUE					
					
Sie konnten nicht kompliziert <L1>solide</L1>	They couldn't use complicated solid fuel reactors.	ausgereift solide fundiert substantiiert gerechtfertigt untermauert begründet | stark stattlich stabil fest zäh tragfähig solide haltbar belastbar ehern robust taff resilient kräftig | zuverlässig solide vertrauenerweckend ordentlich verlässlich integer reliabel man kann darauf zählen währschaft | überlegt solide nicht nur so dahergesagt wohlüberlegt | stabil langlebig dauerhaft solide währschaft reell Da weiß man, was man hat. wertbeständig			
Sie konnten nicht kompliziert <N1></N1>	They couldn't use complicated solid fuel reactors.		does not make sense		
FALSE					
					
Anzahl ein, es kann nicht <L1>hacken</L1> die Temperatur, schon haben wir darüber gesprochen.	Number one, it can't hack the temperature, we already talked about that.	hacken zerhäckseln häckseln zerschnetzeln zerstückeln zerhacken schnetzeln zerkleinern | Absatz Stöckel Hacken | eingeben hacken tippen (auf einer Tastatur) schreiben | implementieren proggen programmieren entwickeln coden hacken			
Anzahl ein, es kann nicht <N1></N1> die Temperatur, schon haben wir darüber gesprochen.	Number one, it can't hack the temperature, we already talked about that.		does not make sense		
FALSE					
					
Er sagt: Du weißt, wie in Mini-Golf du hat der Vulkan, und der Vulkan ist bekam die Loch an der Spitze, und Sie haben zu <L1>putten</L1> bekam Ihre Kugel in einer Weise, dass es geht den ganzen Weg an der Seite des Vulkans, und phwep! fällt in das Loch.	He says,  You know how in mini golf you've got the volcano, and the volcano's got the hole at the very top, and you've got to putt your ball in a way that it goes all the way up the side of the volcano, and 'phwep!' falls in the hole.  He goes,  OK.		baaaad grammar		
Er sagt: Du weißt, wie in Mini-Golf du hat der Vulkan, und der Vulkan ist bekam die Loch an der Spitze, und Sie haben zu <N1></N1> bekam Ihre Kugel in einer Weise, dass es geht den ganzen Weg an der Seite des Vulkans, und phwep! fällt in das Loch.	He says,  You know how in mini golf you've got the volcano, and the volcano's got the hole at the very top, and you've got to putt your ball in a way that it goes all the way up the side of the volcano, and 'phwep!' falls in the hole.  He goes,  OK.				
FALSE					
					
Das Gitter sollten nicht Energie aus dem Kauf bei einige <L1>massiv</L1> verteuert.	The grid should not have to buy energy from you at some massively increased price.	scharf hitzig hart aggressiv massiv verbissen erbittert heftig vehement | Massengebirge Massiv Gipfelstock Gebirgsmassiv Gebirgsstock | besonders außerordentlich außergewöhnlich stark ausgesprochen zutiefst höchlichst ungemein massiv sehr himmelweit in höchstem Maße äußerst enorm überaus sonderlich allerbest hochgradig | aus der Form geraten massiv monströs ungestalt unförmig monströs dick tonnenförmig | massiv gedrungen zusammengedrängt kompakt stabil | massiv großzügig in großem Umfang in großem Stil in großem Rahmen in großem Maßstab | ernst zu nehmen tiefgreifend massiv weitreichend maßgeblich bedeutsam bedeutend entscheidend großgeschrieben werden zentral von Bedeutung von Relevanz nicht zu vernachlässigen wesentlich von Belang kommt darauf an erheblich ins Gewicht fallen von großer Bedeutung hat Gewicht wichtig hat Bedeutung gewichtig relevant von großer Wichtigkeit groß nicht zu unterschätzen von Gewicht steht hoch im Kurs ernst gravierend ernstlich folgenschwer schwer wiegend schwer wiegend schwerwiegend | massiv fest dicht eng			
Das Gitter sollten nicht Energie aus dem Kauf bei einige <N1></N1> verteuert.	The grid should not have to buy energy from you at some massively increased price.		does not make sense		
FALSE					
					
Generation zwei und drei sind noch in Betrieb, Generation 3.5 ist, was sein Recht errichtet jetzt und vierten Generation hat eine höhere Sicherheit Standards, einfacher zu bauen und so billiger zum Aufbau einer besseren Brennstoffausnutzung, <L1>drastisch</L1> billiger Energie, noch sicherer Reaktoren.	Generation two and three are still operational, generation 3.5 is what's being built right now and generation four has higher safety standards, easier to build and so cheaper to build better fuel utilization, drastically cheaper energy, even safer reactors.	hart drastisch einschneidend schockierend krass ultrakrass gravierend dramatisch durchgreifend streng heftig drakonisch | dringend essentiell essenziell drastisch bedeutend wesentlich wichtig grundlegend prinzipiell primär heftig fundamental substanziell eminent von essentieller Bedeutung von essenzieller Bedeutung elementar von elementarer Bedeutung basal von grundlegender Bedeutung vehement resolut ins Gewicht fallend | besorgniserregend dramatisch gravierend schwerwiegend empfindlich schwer drastisch | überzeugend effizient leistungsfähig drastisch einschneidend verlustfrei durchschlagend mit hohem Wirkungsgrad tiefgreifend effektiv rationell schlagkräftig wirkungsvoll wirksam verlustarm			
Generation zwei und drei sind noch in Betrieb, Generation 3.5 ist, was sein Recht errichtet jetzt und vierten Generation hat eine höhere Sicherheit Standards, einfacher zu bauen und so billiger zum Aufbau einer besseren Brennstoffausnutzung, <N1>einschneidend</N1> billiger Energie, noch sicherer Reaktoren.	Generation two and three are still operational, generation 3.5 is what's being built right now and generation four has higher safety standards, easier to build and so cheaper to build better fuel utilization, drastically cheaper energy, even safer reactors.				
TRUE					
					
Wenn Sie gehen raus bist versuchen, etwas zu bringen an die Öffentlichkeit zu sagen: Ich bin zu <L1>autoritär</L1> gehen widerlegen die Verwendung von Thorium als Energiequelle dann obliegt es Ihnen, Ihre Hausaufgaben zu machen.	If you're going go out there try to put something out to the public saying  I'm going to authoritatively refute the use of thorium as an energy source,  then it behooves you to do your homework.	autoritär hart rigoros streng katonisch unnachsichtig (mit jemandem) ist nicht gut Kirschen essen strikt Haare auf den Zähnen haben rigide | paternalistisch obrigkeitlich herrisch bevormundend autoritär | herrisch autoritär gebieterisch durchsetzungsfähig durchsetzungsstark			
Wenn Sie gehen raus bist versuchen, etwas zu bringen an die Öffentlichkeit zu sagen: Ich bin zu <N1></N1> gehen widerlegen die Verwendung von Thorium als Energiequelle dann obliegt es Ihnen, Ihre Hausaufgaben zu machen.	If you're going go out there try to put something out to the public saying  I'm going to authoritatively refute the use of thorium as an energy source,  then it behooves you to do your homework.		does not make sense		
FALSE					
					
Es gibt eines neue <L1>Reality-TV</L1> Programm, und es heisst der blaue-- ich soll vermutlich es mit blauen Schriften schreiben-- aber es heisst der blaue Stirnraum. (Blauer Stirnraum)	There's a new reality television program, and it's called the Blue-- I should probably write it in blue-- but it's called the Blue Forehead Room.				
Es gibt eines neue <N1>Wirkflichkeitsfernsehen</N1> Programm, und es heisst der blaue-- ich soll vermutlich es mit blauen Schriften schreiben-- aber es heisst der blaue Stirnraum. (Blauer Stirnraum)	There's a new reality television program, and it's called the Blue-- I should probably write it in blue-- but it's called the Blue Forehead Room.				
TRUE					
					
Wir sind selbstbewusster und <L1>experimentieren</L1> mehr, was übrigens Misserfolge erfordert.	We're more confident to experiment, which requires failure, by the way.				
Wir sind selbstbewusster und <N1>versuchen</N1> mehr, was übrigens Misserfolge erfordert.	We're more confident to experiment, which requires failure, by the way.				
TRUE					
					
Ich weiß nicht, ob Sie die Gegenparti <L1>interviewen</L1> wollen, z. B. die Region	I don't know whether you're going to interview the opposing side, e.g. the offiicial adminstration	befragen ein Interview machen interviewen			
Ich weiß nicht, ob Sie die Gegenparti <N1>befragen</N1> wollen, z. B. die Region	I don't know whether you're going to interview the opposing side, e.g. the offiicial adminstration				
TRUE					
					
Es wäre absurd, wenn wir uns erneut in Operationen wie denen im Irak und in Afghanistan <L1>engagieren</L1> sollten und uns plötzlich in einer Situation befinden würden, in der wir irgendetwas anderes als ein demokratisches System einführen würden.	It would be absurd if we were to engage again in the kind of operations we were engaged in, in Iraq and Afghanistan if we were to suddenly find ourselves in a situation in which we were imposing anything other than a democratic system.	anstellen anheuern anwerben beschäftigen einstellen verpflichten einem Bewerber eine Chance geben berufen rekrutieren engagieren dingen in Lohn und Brot nehmen unter Vertrag nehmen			
Es wäre absurd, wenn wir uns erneut in Operationen wie denen im Irak und in Afghanistan <N1>beschäftigen</N1> sollten und uns plötzlich in einer Situation befinden würden, in der wir irgendetwas anderes als ein demokratisches System einführen würden.	It would be absurd if we were to engage again in the kind of operations we were engaged in, in Iraq and Afghanistan if we were to suddenly find ourselves in a situation in which we were imposing anything other than a democratic system.				
TRUE					
					
Diese Kreislauf-Technologien haben stark dazu beigetragen, dass wir 71 Millionen Quadratmeter klimaneutralen Teppichs produziert und verkauft haben seit 2004. Das heißt, zur globalen Klimaschädigung trägt dieser Teppich <L1>netto</L1> in der Produktion wie auch durch die gesamte Lieferkette, vom Abbau bis zur Rückgewinnung am Ende seines Produktlebens NICHTS bei Das wurde von unabhängiger Stelle bestätigt.	Those new cyclical technologies have contributed mightily to the fact that we have produced and sold 85 million square yards of climate-neutral carpet since 2004, meaning no net contribution to global climate disruption in producing the carpet throughout the supply chain, from mine and well head clear to end-of-life reclamation -- independent third-party certified.				
Diese Kreislauf-Technologien haben stark dazu beigetragen, dass wir 71 Millionen Quadratmeter klimaneutralen Teppichs produziert und verkauft haben seit 2004. Das heißt, zur globalen Klimaschädigung trägt dieser Teppich <N1>netto</N1> in der Produktion wie auch durch die gesamte Lieferkette, vom Abbau bis zur Rückgewinnung am Ende seines Produktlebens NICHTS bei Das wurde von unabhängiger Stelle bestätigt.	Those new cyclical technologies have contributed mightily to the fact that we have produced and sold 85 million square yards of climate-neutral carpet since 2004, meaning no net contribution to global climate disruption in producing the carpet throughout the supply chain, from mine and well head clear to end-of-life reclamation -- independent third-party certified.				
TRUE					
					
Es ist wie ein Fallschirmsprung oder <L1>high</L1> sein.	It's like a skydive or getting high	berauscht überschwänglich enthusiasmiert himmelhoch jauchzend mit strahlenden Augen entflammt angetan rasend vor Begeisterung enthusiastisch voller Begeisterung tobend vor Begeisterung aus dem Häuschen dithyrambisch begeistert glühend vor Begeisterung entzückt wie auf Droge wie von Sinnen hellauf begeistert euphorisch Feuer und Flamme wie im Rausch fasziniert wild begeistert mit glänzenden Augen verzückt gebannt mitgerissen von den Socken hin und weg erregt hingerissen im Überschwang der Gefühle high			
Es ist wie ein Fallschirmsprung oder <N1>berauscht</N1> sein.	It's like a skydive or getting high				
TRUE					
					
Also genau wie ein Turmspringer auf dem Sprungbrett, der hinabspringt um Schwung zu holen und dann diese Pirouette vollführt, diesen zweieinhalbfachen Salto und sich dann <L1>elegant</L1> wieder fängt, dieser Roboter macht im Wesentlichen das Gleiche.	So just like a diver stands on a springboard and then jumps off it to gain momentum, and then does this pirouette, this two and a half somersault through and then gracefully recovers, this robot is basically doing that.	elegant extravagant nobel exklusiv fein vornehm mondän | elegant nobel fein distinguiert vornehm betont vornehm | gazellenhaft graziös voller Anmut geschmeidig edel zart grazil zierlich elegant anmutig | geil fesch schmuck elegant flott schnittig schnatz cool frech schmissig modisch schnieke todschick chic todchic kleidsam schick | elegant beweglich geschickt gewandt wendig anpassungsfähig glattzüngig			
Also genau wie ein Turmspringer auf dem Sprungbrett, der hinabspringt um Schwung zu holen und dann diese Pirouette vollführt, diesen zweieinhalbfachen Salto und sich dann <N1>voller Anmut</N1> wieder fängt, dieser Roboter macht im Wesentlichen das Gleiche.	So just like a diver stands on a springboard and then jumps off it to gain momentum, and then does this pirouette, this two and a half somersault through and then gracefully recovers, this robot is basically doing that.				
TRUE					
					
Alles was für den Patienten vor dem Unfall <L1>stressig</L1> war, hat er vergessen	For the patient, anything really stressful before the accident, he's forgotten.	nervend stressig stressvoll anstrengend			
Alles was für den Patienten vor dem Unfall <N1>anstrengend</N1> war, hat er vergessen	For the patient, anything really stressful before the accident, he's forgotten.				
TRUE					
					
Die beste Taktik für den SU-122-54 besteht darin, gegnerische Jagdpanzer zu flankieren, plötzlich hinter schweren Panzern aufzutauchen, und mittlere Panzer <L1>frontal</L1> anzugreifen.	The best tactic for the SU-122-54 is to flank enemy tank destroyers, suddenly appear behind heavy tanks, and face the medium tanks head-on. Its layout hides the hidden power of this tank.	direkt geradlinig frontal ohne Umwege geradeaus ohne Umweg			
Die beste Taktik für den SU-122-54 besteht darin, gegnerische Jagdpanzer zu flankieren, plötzlich hinter schweren Panzern aufzutauchen, und mittlere Panzer <N1>von vorne</N1> anzugreifen.	The best tactic for the SU-122-54 is to flank enemy tank destroyers, suddenly appear behind heavy tanks, and face the medium tanks head-on. Its layout hides the hidden power of this tank.				
TRUE					
					
Wir fanden aber heraus, dass es von entscheidender Wichtigkeit ist, das Verhalten dieser kleinen Kerlchen zu modellieren, damit sie nicht mehr so <L1>roboterhaft</L1> wirken, sondern <L2>vage</L2> dem Kopf eines Menschen ähneln.	What we did find out, however, was that it was crucially important to model the behavior of these little guys in a way that they stopped being robotic, and started to remotely resemble somebody's head.	undeutlich unklar schemenhaft verschwommen diffus nicht deutlich zu erkennen vage nebelhaft konturlos schleierhaft nebulös nicht klar zu erkennen | unklar unsauber unscharf schwammig vage unpräzise unspezifisch ungenau wischi-waschi | launig ungefähr wolkig vage unverbindlich blumig unpräzise			
Wir fanden aber heraus, dass es von entscheidender Wichtigkeit ist, das Verhalten dieser kleinen Kerlchen zu modellieren, damit sie nicht mehr so <N1>roboterhaft</N1> wirken, sondern <N2>ungefähr</N2> dem Kopf eines Menschen ähneln.	What we did find out, however, was that it was crucially important to model the behavior of these little guys in a way that they stopped being robotic, and started to remotely resemble somebody's head.				
TRUE					
					
Michael Biehn ist Sergent Rex Power Colt im spannendsten, actionreichsten Cyber-Abenteuer des Jahres... Insel und Kinder sind <L1>separat</L1> erhältlich	Michael Biehn is sergent Rex Power Colt in this year's most thrilling, action packed cyber adventure... island and children sold separately	abgeschlossen separat | getrennt separat extra gesondert | unabhängig abgetrennt geteilt einzeln abgesondert getrennt individuell separat			
Michael Biehn ist Sergent Rex Power Colt im spannendsten, actionreichsten Cyber-Abenteuer des Jahres... Insel und Kinder sind <N1>getrennt</N1> erhältlich	Michael Biehn is sergent Rex Power Colt in this year's most thrilling, action packed cyber adventure... island and children sold separately				
TRUE					
					
Wir könnten dass wiederholen. Hier <L1>zoomen</L1> wir auf diese Region.	Here's this part blown up.	vergrößern heranholen hochziehen zoomen			
Wir könnten dass wiederholen. Hier <N1>vergrössern</N1> wir auf diese Region.	Here's this part blown up.				
TRUE					
					
Um <L1>ruinieren</L1> mich.	To ruin me.	ruinieren verderben in Verruf bringen zu Grunde richten zugrunde richten | ruinieren um Hab und Gut bringen arm machen zum Bettler machen jemandem sein Vermögen nehmen an den Bettelstab bringen zum Bettler werden lassen verarmen lassen Vermögen verlieren | in Trümmer legen zerschlagen zu Kleinholz verarbeiten kurz und klein schlagen entzweischlagen ramponieren hinmachen schrotten in Kleinholz verwandeln zernichten zerstören verwüsten trashen in Schutt und Asche legen zertrümmern kaputt machen zerbrechen demolieren himmeln ruinieren zuschanden machen von Grund auf zerstören destruieren zerhackstückeln niederreißen devastieren kaputtmachen zunichtemachen torpedieren vernichten zerfetzen einschlagen zerschmettern zerdeppern plattmachen einhauen etwas plattmachen zu Kleinholz machen | ruinieren zu Grunde richten zugrunde richten zerrütten runterwirtschaften abwirtschaften | ruinieren zu Grunde richten zugrunde richten (ein Unternehmen) herunterwirtschaften Existenz zerstören an den Bettelstab bringen jemandem den Rest geben jemandem die Existenzgrundlage entziehen | verhunzen verunstalten ruinieren sich verderben			
Um <N1>zugrunderichten</N1> mich.	To ruin me.		grammar change necessary		
TRUE					
					
Da diskutieren Ärzte allen Ernstes mit einem durchgedrehten Wunderheiler dessen schwachsinnige Thesen ... ... eine Toleranz die fast schon <L1>kriminell</L1> ist.	Physicists seriously discussing with a cracked charlatan about his insane theories... ... tolerance which is almost criminal.	illegal ungesetzlich kriminell rechtswidrig verbrecherisch mafiös sträflich | kriminell verbrecherisch straffällig delinquent auf der schiefen Bahn | schwarz gesetzwidrig unberechtigt ungenehmigt unzulässig unautorisiert krumm illegal widerrechtlich ungesetzlich kriminell gesetzeswidrig rechtswidrig untersagt unrechtmäßig nicht erlaubt verboten unerlaubt			
Da diskutieren Ärzte allen Ernstes mit einem durchgedrehten Wunderheiler dessen schwachsinnige Thesen ... ... eine Toleranz die fast schon <N1>verbrecherisch</N1> ist.	Physicists seriously discussing with a cracked charlatan about his insane theories... ... tolerance which is almost criminal.				
TRUE					
					
Weil sie auf der psychischen Ebene, auf der Gehirnebene unsere Handlungen beeinflussen und uns in Situationen <L1>manövrieren</L1> in denen wir sonst nicht vorankommen würden.	It helps us on the psychological level to try keep on going and finding a solution. Because every biological programs runs on all 3 levels psyche, brain and organ simultaneously, constantly.	führen leiten kontrollieren regieren dirigieren manövrieren lenken Weichen stellen steuern | führen navigieren leiten regieren bugsieren lotsen dirigieren schleusen geleiten manövrieren			
Weil sie auf der psychischen Ebene, auf der Gehirnebene unsere Handlungen beeinflussen und uns in Situationen <N1>führen</N1> in denen wir sonst nicht vorankommen würden.	It helps us on the psychological level to try keep on going and finding a solution. Because every biological programs runs on all 3 levels psyche, brain and organ simultaneously, constantly.				
TRUE					
					
Sie werden nicht einmal auf <L1>HIV</L1> getestet.	They are not even tested for HlV.	HIV HI-Virus human immunodeficiency virus AIDS-Erreger HIV-Virus Virus der Immunschwächekrankheit			
Sie werden nicht einmal auf <N1></N1> getestet.	They are not even tested for HlV.		abbreviation		
FALSE					
					
Kaum ist der Patient in einem Krankenhausbett allein gelassen, in dem sich kaum jemand rührend um ihn kümmert, wird der so genannte Flüchtlingskonflikt aktiv, hier auch als Krankenhauskonflikt bezeichnet, mehr Wasser wird eingelagert, und die Schwellungen werden <L1>rapide</L1> größer.	As soon as a patient is left alone in a hospital bed where hardly anyone is sincerely caring for him the so called refugee conflict becomes active, in this case also named hospital conflict, more water is stored and swellings increase rapidly.	zackig munter zeitsparend schleunig flott dalli rapide rasch subito zeitnah schnell geschwind rapid eilig fix in lebhafter Fortbewegungsweise hurtig flink mit Schmackes speditiv mit Karacho behände eilends zügig Zeit sparend flugs unerwartet schnell			
Kaum ist der Patient in einem Krankenhausbett allein gelassen, in dem sich kaum jemand rührend um ihn kümmert, wird der so genannte Flüchtlingskonflikt aktiv, hier auch als Krankenhauskonflikt bezeichnet, mehr Wasser wird eingelagert, und die Schwellungen werden <N1>schnell</N1> größer.	As soon as a patient is left alone in a hospital bed where hardly anyone is sincerely caring for him the so called refugee conflict becomes active, in this case also named hospital conflict, more water is stored and swellings increase rapidly.				
TRUE					
					
Jedoch sollte man zum Verständnis dessen die alten Begrifflichkeiten außen vor lassen, da sie auf einem überholten Bezugssystem <L1>basieren</L1> und somit fehlleiten.	For better understanding, the old names should be abandoned, as they are based on an outdated reference system.	gründen aufbauen basieren sich speisen aufsatteln abhangen abhängen fußen beruhen | sich herausbilden sich entwickeln sich einstellen sich ergeben hervorgehen folgen sich herauskristallisieren Form annehmen resultieren sich herleiten basieren Ergebnis sein			
Jedoch sollte man zum Verständnis dessen die alten Begrifflichkeiten außen vor lassen, da sie auf einem überholten Bezugssystem <N1>gründen</N1> und somit fehlleiten.	For better understanding, the old names should be abandoned, as they are based on an outdated reference system.				
TRUE					
					
Diese Begleitumstände können alles sein, was der Organismus wahrnehmen kann. Z.B. Gerüche, Musik, eine Farbe, bestimmte Gedanken, die man <L1>parallel</L1> hatte, eine Person, Gegenstände, Geräusche, Temperaturen, ein einziges Wort usw..	These circumstantial features may comprise everything the organism is able to sense, images, smells, a certain thought one was having in mind at the time, persons, things, sounds, temperature, a single word, etc.	zugleich parallel in zeitlicher Übereinstimmung gleichlaufend zu zur selben Zeit in Koinzidenz koinzident zusammenfallend im selben Augenblick zeitgleich synchron in demselben Augenblick im gleichen Augenblick zeitlich übereinstimmend simultan in Echtzeit gleichzeitig zur gleichen Zeit | parallel gleichzeitig begleitend konkomitierend | parallel korrespondierend in Analogie zu übereinstimmend entsprechend ähnlich gleichartig gleichermaßen kommensurabel einheitlich analog vergleichbar kongruent komparabel | parallel nebeneinander Seite an Seite			
Diese Begleitumstände können alles sein, was der Organismus wahrnehmen kann. Z.B. Gerüche, Musik, eine Farbe, bestimmte Gedanken, die man <N1>zugleich</N1> hatte, eine Person, Gegenstände, Geräusche, Temperaturen, ein einziges Wort usw..	These circumstantial features may comprise everything the organism is able to sense, images, smells, a certain thought one was having in mind at the time, persons, things, sounds, temperature, a single word, etc.				
TRUE					
					
Im Weiteren wird behauptet, Dr. Hamer würde Krebs als Teil eines natürlichen Heilungsprozesses sehen. Diese Aussage steht natürlich gänzlich <L1>konträr</L1> zu der tatsächlichen Aussage des 3. biologischen Naturgesetzes.	Further below it is claimed that Dr. Hamer considers cancer part of a natural healing process which is entirely opposed to the actual statement of the Third Biological Law.	absurd widersprüchlich folgewidrig sinnwidrig widerspruchsvoll konträr unlogisch kontradiktorisch vernunftwidrig sich selbst widersprechend paradox irrational widersinnig | widersprüchlich disparat konträr paradox widersinnig gegensätzlich antithetisch | widersprüchlich diskrepant unvereinbar advers widerstreitend konträr entgegengesetzt antagonistisch gegensätzlich adversativ dualistisch gegenteilig oppositär sich widersprechend diametral antithetisch polar			
Im Weiteren wird behauptet, Dr. Hamer würde Krebs als Teil eines natürlichen Heilungsprozesses sehen. Diese Aussage steht natürlich gänzlich <N1>widersprüchlich</N1> zu der tatsächlichen Aussage des 3. biologischen Naturgesetzes.	Further below it is claimed that Dr. Hamer considers cancer part of a natural healing process which is entirely opposed to the actual statement of the Third Biological Law.				
TRUE					
					
Auf unserer Seite werden viele von den typischen Anfängerfragen im <L1>FAQ</L1> und an anderer Stelle beantwortet.	Our homepage has an FAQ addressing some of the typical questions from beginners.	häufig gestellte Fragen frequently asked questions FAQ			
Auf unserer Seite werden viele von den typischen Anfängerfragen im <N1>FAQ</N1> und an anderer Stelle beantwortet.	Our homepage has an FAQ addressing some of the typical questions from beginners.				
TRUE					
					
Willst du mich <L1>daten</L1> oder willst du mit mir zusammen leben?	Do you want to date me or do you want to live with me?	sich treffen daten sich verabreden | Daten Zahlen Datenmaterial Statistik | Information Wissen Datenansammlung Daten Fakten			
Willst du mich <N1>daten</N1> oder willst du mit mir zusammen leben?	Do you want to date me or do you want to live with me?				
TRUE					
					
Behindert , Adjektiv: verkrüppelt, hilflos, nutzlos, zerstört, abgestorben, verstümmelt, verwundet, zugerichtet, lahm, abgetrennt verwahrlost, ausgedient, geschwächt, impotent, kastriert, gelähmt, <L1>gehandicapt</L1> senil, altersschwach, aus dem Verkehr gezogen, nachgebessert, erledigt, kaputt geborsten, ausgezählt, siehe auch verletzt, nutzlos und schwach.	Disabled, adjective: crippled, helpless, useless, wrecked, stalled, maimed, wounded, mangled, lame, mutilated, run-down, worn-out, weakened, impotent, castrated, paralyzed, handicapped, senile, decrepit, laid-up, done-up, done-for, done-in cracked-up, counted-out; see also hurt, useless and weak.	gehandicapt behindert eingeschränkt gehandikapt			
Behindert , Adjektiv: verkrüppelt, hilflos, nutzlos, zerstört, abgestorben, verstümmelt, verwundet, zugerichtet, lahm, abgetrennt verwahrlost, ausgedient, geschwächt, impotent, kastriert, gelähmt, <N1></N1> senil, altersschwach, aus dem Verkehr gezogen, nachgebessert, erledigt, kaputt geborsten, ausgezählt, siehe auch verletzt, nutzlos und schwach.	Disabled, adjective: crippled, helpless, useless, wrecked, stalled, maimed, wounded, mangled, lame, mutilated, run-down, worn-out, weakened, impotent, castrated, paralyzed, handicapped, senile, decrepit, laid-up, done-up, done-for, done-in cracked-up, counted-out; see also hurt, useless and weak.				
FALSE					
					
Aber sie können in einen deutschen <L1>ICE</L1> Zug einsteigen und fast bis Albanien kommen.	But you can get on a German ICE train and make it almost to Albania.	InterCity Express ICE Hochgeschwindigkeitszug Intercity-Express Inter City Express			
Aber sie können in einen deutschen <N1>ICE</N1> Zug einsteigen und fast bis Albanien kommen.	But you can get on a German ICE train and make it almost to Albania.				
TRUE					
					
Eva ist schlampig und Karin ist <L1>schick</L1>	Eva is tarty and Karin is chic	geil fesch schmuck elegant flott schnittig schnatz cool frech schmissig modisch schnieke todschick chic todchic kleidsam schick | nett schnuckelig schick schnatz			
Eva ist schlampig und Karin ist <N1>ansprechend</N1>	Eva is tarty and Karin is chic				
TRUE					
					
Sie <L1>kuscheln</L1> sich zu Ihrem Partner unter die Decke.	So you join your partner and get under the covers.	herzen an die Brust drücken kraulen Zärtlichkeiten austauschen liebkosen schmusen streicheln herumschmusen tätscheln kuscheln schmiegen ei, ei machen			
Sie <N1>anschmiegen</N1> sich zu Ihrem Partner unter die Decke.	So you join your partner and get under the covers.				
TRUE					
					
Als ich <L1>paddeln</L1> entlang des nördlichen Ufers war eine sehr ruhige Oktober am Nachmittag, für solche Tage vor allem sie setzen sich auf den Seen, wie die Wolfsmilch unten, nachdem in schaute vergeblich über den Teich für eine loon, plötzlich eins, Segeln vom Ufer in die Mitte ein paar Stangen vor mir, einrichten seine wilde Lachen und verraten sich.	As I was paddling along the north shore one very calm October afternoon, for such days especially they settle on to the lakes, like the milkweed down, having looked in vain over the pond for a loon, suddenly one, sailing out from the shore toward the middle a few rods in front of me, set up his wild laugh and betrayed himself.	plantschen paddeln baden schwimmen rinnen | paddeln pullen rudern skullen			
Als ich <N1></N1> entlang des nördlichen Ufers war eine sehr ruhige Oktober am Nachmittag, für solche Tage vor allem sie setzen sich auf den Seen, wie die Wolfsmilch unten, nachdem in schaute vergeblich über den Teich für eine loon, plötzlich eins, Segeln vom Ufer in die Mitte ein paar Stangen vor mir, einrichten seine wilde Lachen und verraten sich.	As I was paddling along the north shore one very calm October afternoon, for such days especially they settle on to the lakes, like the milkweed down, having looked in vain over the pond for a loon, suddenly one, sailing out from the shore toward the middle a few rods in front of me, set up his wild laugh and betrayed himself.		bad grammar		
FALSE					
					
Die Berberitze ist <L1>brillant</L1> Obst wurde ebenfalls Nahrung für meine Augen nur, aber ich sammelte kleinen Laden von wilden Äpfeln für Verweichlichung, die der Inhaber und Reisende hatten übersehen.	The barberry's brilliant fruit was likewise food for my eyes merely; but I collected a small store of wild apples for coddling, which the proprietor and travellers had overlooked.	genial brillant glänzend wunderbar wundervoll splendid herrlich prächtig dass es eine ein Gedicht Ich kann mein Glück noch gar nicht fassen wahre Wonne famos | (geschliffener) Diamant Brilli Brillant | genial geil brillant glänzend absolut super exzellent beispiellos von außerordentlicher Qualität atemraubend magnifik wunderbar begnadet einzigartig affengeil sagenhaft unglaublich absoluter Wahnsinn hinreißend unübertroffen fetzt berückend überragend saugeil fulminant absolut irre erstklassig top süperb überwältigend ohne Beispiel atemberaubend phantastisch phänomenal ganz großes Kino urst zum Sterben schön unvergleichlich vom Feinsten wumbaba unübertrefflich fantastisch bestens hervorragend nicht zu toppen nicht zu fassen du kriegst die Motten allererste Sahne herausragend umwerfend hammergeil zum Niederknien toll traumhaft himmelsgleich rockt grandios megacool ganz große Klasse himmlisch wundervoll großartig super superb klasse fabelhaft ausgezeichnet stark sauber cool tipptopp prima leiwand knorke dufte doll zum Reinlegen töfte astrein phatt hasenrein 1A tofte der Hit erste Sahne leinwand spitze nicht schlecht bombig | brillant gekonnt mit Bravour virtuos			
Die Berberitze ist <N1></N1> Obst wurde ebenfalls Nahrung für meine Augen nur, aber ich sammelte kleinen Laden von wilden Äpfeln für Verweichlichung, die der Inhaber und Reisende hatten übersehen.	The barberry's brilliant fruit was likewise food for my eyes merely; but I collected a small store of wild apples for coddling, which the proprietor and travellers had overlooked.		bad grammar		
FALSE					
					
Gondibert, dass der Winter, dass ich mit einer Lethargie gearbeitet - was, nebenbei bemerkt, nie I wusste, ob als Familie betrachten Beschwerde, mit einem Onkel, der zu schlafen <L1>rasieren</L1> sich geht, und ist verpflichtet, sprießen Kartoffeln in einem Keller Sonntag, um wach zu halten und den Sabbat halten, oder als Folge von meinem Versuch zu lesen	Gondibert,  that winter that I labored with a lethargy--which, by the way, I never knew whether to regard as a family complaint, having an uncle who goes to sleep shaving himself, and is obliged to sprout potatoes in a cellar Sundays, in order to keep awake and keep the Sabbath, or as the consequence of my attempt to read				
Gondibert, dass der Winter, dass ich mit einer Lethargie gearbeitet - was, nebenbei bemerkt, nie I wusste, ob als Familie betrachten Beschwerde, mit einem Onkel, der zu schlafen <N1></N1> sich geht, und ist verpflichtet, sprießen Kartoffeln in einem Keller Sonntag, um wach zu halten und den Sabbat halten, oder als Folge von meinem Versuch zu lesen	Gondibert,  that winter that I labored with a lethargy--which, by the way, I never knew whether to regard as a family complaint, having an uncle who goes to sleep shaving himself, and is obliged to sprout potatoes in a cellar Sundays, in order to keep awake and keep the Sabbath, or as the consequence of my attempt to read		bad grammar		
FALSE					
					
Stein unter der Erde, als die letzte des Rennens ging. Was für ein trauriger <L1>handeln</L1> muss, dass - die Vertuschung der Brunnen! deckungsgleich mit der Eröffnung der Brunnen der Tränen.	What a sorrowful act must that be--the covering up of wells! coincident with the opening of wells of tears.	wirken handeln tun agieren machen walten | handeln feilschen wie ein Teppichhändler feilschen feilschen wie im türkischen Basar schachern | handeln tauschen kaupeln | bewerkstelligen handhaben handeln managen zurechtkommen | Strategie Handeln Politik | leiten handhaben umgehen hantieren handeln | handeln Handel treiben Geschäfte machen negoziieren | Auftreten Handlungsweise Benehmen Tun und Lassen Tun Handeln Habitus Verhaltensweise Gebaren Verhalten Betragen | reagieren handeln agieren benehmen			
Stein unter der Erde, als die letzte des Rennens ging. Was für ein trauriger <N1></N1> muss, dass - die Vertuschung der Brunnen! deckungsgleich mit der Eröffnung der Brunnen der Tränen.	What a sorrowful act must that be--the covering up of wells! coincident with the opening of wells of tears.		bad grammar		
FALSE					
					
Um Mitternacht, wenn es einen Mond, habe ich manchmal traf sich mit Hunden in meinem Weg streifen durch die Wälder, die skulk <L1>out</L1> würde mir aus dem Weg, als hätte er Angst, und stehen still inmitten der Büsche, bis ich vorbei war.	At midnight, when there was a moon, I sometimes met with hounds in my path prowling about the woods, which would skulk out of my way, as if afraid, and stand silent amid the bushes till I had passed.	überholt veraltet antiquiert passé altmodisch out nicht mehr angesagt Schnee von gestern abgelutscht ausgelutscht unmodern vorbei altbacken ausgedient haben aus der Mode anachronistisch uncool hat seine Chance gehabt zum alten Eisen gehörend war mal. hat seine besten Zeiten hinter sich Vergangenheit sein nicht mehr zeitgemäß damit lockt man keinen Hund mehr hinter dem Ofen hervor nicht mehr aktuell nicht mehr auf der Höhe der Zeit unzeitgemäß Die Zeiten sind vorbei nicht mehr Stand der Technik gute alte der Vergangenheit angehören gehört entsorgt nicht mehr State of the Art Old School abgemeldet nicht mehr in Mode vorsintflutlich nicht mehr up to date hatte seine Chance hat sich erledigt | abgegriffen abgedroschen überkommen überholt veraltet hat seine Zeit gehabt passé vernutzt altmodisch nostalgisch hat seine Zeit hinter sich abgenudelt out längst vergessen geglaubt veraltend nicht mehr angesagt Schnee von gestern obsolet abgelutscht			
Um Mitternacht, wenn es einen Mond, habe ich manchmal traf sich mit Hunden in meinem Weg streifen durch die Wälder, die skulk <N1></N1> würde mir aus dem Weg, als hätte er Angst, und stehen still inmitten der Büsche, bis ich vorbei war.	At midnight, when there was a moon, I sometimes met with hounds in my path prowling about the woods, which would skulk out of my way, as if afraid, and stand silent amid the bushes till I had passed.		bad grammar		
FALSE					
					
Rüdiger Gamm, der sich selbst als hoffnungsloser Schüler bezeichnete, fiel bei den Grundrechenarten durch und fing an seine Fähigkeiten zu <L1>trainieren</L1> und wurde als menschlicher Rechner berühmt.	Growth and its evolutionary side-effects, such as happiness and fulfilment, are stimulated when we are not being labeled in our interactions. We may have many different views and disagree with one another in practical terms, but interactions that nevertheless accept us for who we are, without judgment, are neuropsychological catalysts that wire the human brain to acknowledge others and accept rationally verified belief systems without dissonance. Stimulating this type of neural activity and interaction alleviates the need for distraction or entertainment and creates cycles of constructive behavior in our environment.	trainieren sich körperlich ertüchtigen sich ertüchtigen sporteln Sport treiben | trainieren einüben abrichten dressieren konditionieren trimmen | schulen trainieren üben einüben			
Rüdiger Gamm, der sich selbst als hoffnungsloser Schüler bezeichnete, fiel bei den Grundrechenarten durch und fing an seine Fähigkeiten zu <N1>üben</N1> und wurde als menschlicher Rechner berühmt.	Growth and its evolutionary side-effects, such as happiness and fulfilment, are stimulated when we are not being labeled in our interactions. We may have many different views and disagree with one another in practical terms, but interactions that nevertheless accept us for who we are, without judgment, are neuropsychological catalysts that wire the human brain to acknowledge others and accept rationally verified belief systems without dissonance. Stimulating this type of neural activity and interaction alleviates the need for distraction or entertainment and creates cycles of constructive behavior in our environment.				
TRUE					
					
Genau gesagt, nutzen wir diese sechs Design-Leitsätze. Der wichtigste davon ist wahrscheinlich der zweite: Wir <L1>designen</L1> mit , nicht für - daher, wenn wir humanitäres Design machen, geht es nicht mehr darum, für Kunden zu gestalten; sondern vielmehr, mit Menschen zu designen. und so passende Lösungen von innen her entstehen zu lassen.	Specifically, we use these six design directives, probably the most important being number two: we design with, not for -- in that, when we're doing humanitarian-focused design, it's not about designing for clients anymore.	entwerfen gestalten designen			
Genau gesagt, nutzen wir diese sechs Design-Leitsätze. Der wichtigste davon ist wahrscheinlich der zweite: Wir <N1>entwerfen</N1> mit , nicht für - daher, wenn wir humanitäres Design machen, geht es nicht mehr darum, für Kunden zu gestalten; sondern vielmehr, mit Menschen zu designen. und so passende Lösungen von innen her entstehen zu lassen.	Specifically, we use these six design directives, probably the most important being number two: we design with, not for -- in that, when we're doing humanitarian-focused design, it's not about designing for clients anymore.				
TRUE					
					
Ich denke: Das ist ein Kind, für das ich wohl eine <L1>TV-Show</L1> entwickeln würde. Möchtest du ein Filmstar werden?	I'm thinking,  This is a kid I want to probably develop a T.V. show for.   &gt;&gt; Do you want to be a movie star?				
Ich denke: Das ist ein Kind, für das ich wohl eine <N1>Fernsehvorstellung</N1> entwickeln würde. Möchtest du ein Filmstar werden?	I'm thinking,  This is a kid I want to probably develop a T.V. show for.   &gt;&gt; Do you want to be a movie star?				
TRUE					
					
Wie auch immer, ich muss jetzt gehen, weil deine Freundin gerade entschieden hat, dass sie in alten Kleidern ziemlich gut aussieht, und ich muss das schnell ändern, bevor sie aufhört, den Ambien/Prozac-Cocktail zu trinken, den ich ihr gegeben habe und dann aufhört, fortlaufend <L1>shoppen</L1> zu gehen, um die gähnende Leere zu füllen, welche durch den von mir erzeugten Selbsthass geschaffen wurde.	Anyway, I got to go because your girlfriend just decided she looks pretty good in vintage dress, and I gotta turn that around quick before she stops taking the Ambien/Prozac cocktail I gave her, and then she'll stop shopping continuously in order to fill the void created by self-hatred, created by me.	Shoppen Einkaufsbummel Erlebniskauf Shopping | kaufen erstehen erkaufen besorgen einkaufen sich holen käuflich erwerben anschaffen sich zulegen shoppen			
Wie auch immer, ich muss jetzt gehen, weil deine Freundin gerade entschieden hat, dass sie in alten Kleidern ziemlich gut aussieht, und ich muss das schnell ändern, bevor sie aufhört, den Ambien/Prozac-Cocktail zu trinken, den ich ihr gegeben habe und dann aufhört, fortlaufend <N1>einkaufen</N1> zu gehen, um die gähnende Leere zu füllen, welche durch den von mir erzeugten Selbsthass geschaffen wurde.	Anyway, I got to go because your girlfriend just decided she looks pretty good in vintage dress, and I gotta turn that around quick before she stops taking the Ambien/Prozac cocktail I gave her, and then she'll stop shopping continuously in order to fill the void created by self-hatred, created by me.				
TRUE					
					
Und ich liebte dieses Gefühl und begann zu <L1>skaten</L1> als ich etwa 10 Jahre alt war, 1977. Ich lernte ziemlich schnell.	And I loved that sense, so I started skating when I was about 10 years old, in 1977, and when I did, I picked it up pretty quickly.				
Und ich liebte dieses Gefühl und begann zu <N1>skaten</N1> als ich etwa 10 Jahre alt war, 1977. Ich lernte ziemlich schnell.	And I loved that sense, so I started skating when I was about 10 years old, in 1977, and when I did, I picked it up pretty quickly.				
TRUE					
					
Esther ging heute morgen durch ihren Tischset Prozess, und sie schrieb nur wenige Dinge auf ihre Seite der Tischmatte. alles andere schrieb sie auf die Seite des Universums, sie liebt es zu <L1>delegieren</L1> und es dem Universum zu überlassen.	Esther made her placemat process this morning, and she only put a few things on her side of the placemat everything else she put on the Universe's side of the placemat, she loves delegating and releasing to the Universe.	schicken fortschicken wegschicken beordern aussenden delegieren deputieren entsenden abordnen abkommandieren			
Esther ging heute morgen durch ihren Tischset Prozess, und sie schrieb nur wenige Dinge auf ihre Seite der Tischmatte. alles andere schrieb sie auf die Seite des Universums, sie liebt es zu <N1>weiterreichen</N1> und es dem Universum zu überlassen.	Esther made her placemat process this morning, and she only put a few things on her side of the placemat everything else she put on the Universe's side of the placemat, she loves delegating and releasing to the Universe.				
TRUE					
					
Kartoffeln, die <L1>kosmetisch</L1> nicht perfekt sind, werden an die Schweine verfüttert.	Potatoes that are cosmetically imperfect, all going for pigs.				
Kartoffeln, die <N1>kosmetisch</N1> nicht perfekt sind, werden an die Schweine verfüttert.	Potatoes that are cosmetically imperfect, all going for pigs.				
TRUE					
					
Ihre Mitschüler werden Sie dabei <L1>motivieren</L1> und unterstützen, das Material zu meistern, und Sie werden ihnen im Gegenzug helfen können.	Your classmates will motivate and support you in mastering the material, and you'll be able to help them out in return.	anspornen motivieren beflügeln anregen befruchten bereichern von der Muse geküsst werden begeistern inspirieren | motivieren animieren veranlassen (dazu) bringen zu jemandem Anlass geben | anspornen motivieren ermutigen animieren beflügeln			
Ihre Mitschüler werden Sie dabei <N1>anregen</N1> und unterstützen, das Material zu meistern, und Sie werden ihnen im Gegenzug helfen können.	Your classmates will motivate and support you in mastering the material, and you'll be able to help them out in return.				
TRUE					
					
Was vom vorherigen System noch bliebe, ist der <L1>UN-Sicherheitsrat</L1> als Schwurgericht am Anfang.	What we have extant right now, at the beginning of this system, is the U.N. Security Council as a grand jury.				
Was vom vorherigen System noch bliebe, ist der <N1>UN-Sicherheitsrat</N1> als Schwurgericht am Anfang.	What we have extant right now, at the beginning of this system, is the U.N. Security Council as a grand jury.				
TRUE					
					
Jungs mit <L1>losen</L1> Abzugsfingern hierhin;	Trigger-pullers go this way.	lösen klären aus der Welt schaffen (Missstand) abstellen ins Reine bringen (Problem) bewältigen Kuh vom Eis holen (Problem) beseitigen abhelfen (Fehler) ausmerzen geradebiegen in Ordnung bringen Abhilfe schaffen bereinigen (Mangel) beheben | trennen lösen losmachen locker machen lockern | lösen Schutz aufheben entsperren entsichern | loshaken losschnallen gehen lassen lösen abschnallen | abtrennen lösen			
Jungs mit <N1>lockeren</N1> Abzugsfingern hierhin;	Trigger-pullers go this way.				
TRUE					
					
Was die <L1>CIA</L1> eigentlich sein sollte, kommt dorthin: analytisch und auf offene Quellen konzentriert.	What should be the ClA, open, analytical, open source should come over here.	CIA Central Intelligence Agency			
Was die <N1>CIA</N1> eigentlich sein sollte, kommt dorthin: analytisch und auf offene Quellen konzentriert.	What should be the ClA, open, analytical, open source should come over here.				
TRUE					
					
Außerdem wurden gekühlte Lebensmittel hinter geschlossenen Türen mit <L1>LED-Beleuchtung</L1> gelagert.	And, third, they put the refrigerated goods behind closed doors with LED lighting.				
Außerdem wurden gekühlte Lebensmittel hinter geschlossenen Türen mit <N1>LED-Beleuchtung</N1> gelagert.	And, third, they put the refrigerated goods behind closed doors with LED lighting.				
TRUE					
					
Das heißt, wir können die Moleküle in der Kraftstoff-Kette exakt <L1>manipulieren</L1> und sie während des Produktionsprozesses optimieren.	That means we can precisely engineer the molecules in the fuel chain and optimize them along the way.	vertuschen zudecken verdecken verschleiern verheimlichen verschweigen in die Irre führen etwas unter den Teppich kehren manipulieren Nebelkerzen werfen jemandem Sand in die Augen streuen | beherrschen verändern beeinflussen lenken manipulieren steuern | frisieren verfälschen manipulieren klittern fälschen faken schönen | etwas vorgeben vortäuschen einseifen manipulieren Nebelkerzen werfen so tun als ob einnebeln auftischen Floh ins Ohr setzen Bären aufbinden suggerieren (jemanden von etwas) zu überzeugen versuchen vormachen hinwegtäuschen über einreden Köpfe vernebeln (jemanden etwas) glauben machen jemandem Sand in die Augen streuen weismachen Augenwischerei betreiben einflüstern			
Das heißt, wir können die Moleküle in der Kraftstoff-Kette exakt <N1>anpassen</N1> und sie während des Produktionsprozesses optimieren.	That means we can precisely engineer the molecules in the fuel chain and optimize them along the way.				
TRUE					
					
Sie <L1>charakterisieren</L1> die spärliche Abhängigkeit, welche bei vielen lesbaren Problemen existiert, wie in der Robotertechnik und beim computerunterstützten Sehen usw.	It really characterizes the sparse dependence that exists in many readable problems like in robotics and computer vision and filtering and diagnostics and so on.	auszeichnen kennzeichnen charakterisieren jemandem zukommen jemandem eigen sein | beschreiben kennzeichnen charakterisieren			
Sie <N1>kennzeichnen</N1> die spärliche Abhängigkeit, welche bei vielen lesbaren Problemen existiert, wie in der Robotertechnik und beim computerunterstützten Sehen usw.	It really characterizes the sparse dependence that exists in many readable problems like in robotics and computer vision and filtering and diagnostics and so on.				
TRUE					
					
-Wir <L1>relaxen</L1> und haben Spaß.	- relax, enjoy ourselves. - Okay. Deal with that shit when you get home.	erholen ausspannen pausieren entspannen ausruhen verschnaufen in Pause sein rasten Pause machen sich ausrasten Rast machen Pause einlegen Pause haben relaxen abspannen durchatmen			
-Wir <N1>spannen aus</N1> und haben Spaß.	- relax, enjoy ourselves. - Okay. Deal with that shit when you get home.				
TRUE					
					
Deine Söhne - wenn sie <L1>farmen</L1> müssten, wie du es gemacht hast - denkst du, sie würden es tun?	Your sons, if they had to farm like you did, do you think they would do it now?				
Deine Söhne - wenn sie <N1>als Bäuer arbeiten</N1> müssten, wie du es gemacht hast - denkst du, sie würden es tun?	Your sons, if they had to farm like you did, do you think they would do it now?				
TRUE					
					
Die ersten beiden <L1>checken</L1> die Lage Chevchenko bleibt zurück!	Advance party is clearing, Chevchenko is hanging back.	checken austesten abchecken ausprobieren antesten herumexperimentieren | beaufsichtigen überwachen aufpassen im Visier haben nachhalten beobachten checken kontrollieren im Visier behalten im Blick haben im Sichtfeld haben | aufnehmen erschließen durchsehen fassen checken erfassen blicken verstehen der Groschen fällt dahintersteigen durchblicken klar sehen hinter etwas steigen durchschauen raffen bewusst werden durchsteigen kapieren jemandem eingehen schnallen überreißen peilen Klick machen begreifen spannen verarbeiten rallen			
Die ersten beiden <N1>überprüfen</N1> die Lage Chevchenko bleibt zurück!	Advance party is clearing, Chevchenko is hanging back.				
TRUE					
					
Anstatt Gewalt zu benutzen, wird Veronica total kreativ und <L1>clever</L1> mit der	Instead of using violence Veronica gets really creative and clever with the way that she solves her cases.	pfiffig clever smart | tückisch heimtückisch pfiffig listig clever gerissen hinterlistig schlau verschlagen durchtrieben | originell geschickt einfallsreich erfinderisch findig pfiffig clever schlau gescheit raffiniert gewieft aufgeweckt gefitzt ausgeschlafen auf Draht ausgebufft auf Zack helle plietsch gewitzt jenisch alert			
Anstatt Gewalt zu benutzen, wird Veronica total kreativ und <N1>pfiffig</N1> mit der	Instead of using violence Veronica gets really creative and clever with the way that she solves her cases.				
TRUE					
					
Heute Abend hat die <L1>NATO</L1> mit Luftschlägen gegen militärische Ziele in Jugoslawien begonnen.	Tonight started the NATO air strikes against military targets in Yugoslavia.	North Atlantic Treaty Organization Atlantisches Bündnis NATO			
Heute Abend hat die <N1>NATO</N1> mit Luftschlägen gegen militärische Ziele in Jugoslawien begonnen.	Tonight started the NATO air strikes against military targets in Yugoslavia.				
TRUE					
					
Die OSZE, Organisation für Sicherheit und Zusammenarbeit in Europa, müsste davon doch gewusst haben. Denn ihre Beobachter hatten <L1>penibel</L1> die Vorkommnisse im Kosovo gemeldet.	But the OSCE, the Organization for Security and Cooperation in Europe, must have known, because their observers have meticulously reported the events in Kosovo.	kleinlich kleinkariert peinlich genau akribisch minuziös penibel minutiös detailversessen detailbesessen überpenibel pedantisch päpstlicher als der Papst hyperkorrekt übergenau buchhalterisch perfektionistisch pingelig detailverliebt | genau sorgfältig gewissenhaft bis ins letzte Detail akkurat aufs Sorgfältigste peinlich genau aufs Gewissenhafteste akribisch fein säuberlich korrekt mit äußerster Sorgfalt aufs Genaueste skrupulös minuziös sehr genau penibel minutiös bis zur letzten Kleinigkeit			
Die OSZE, Organisation für Sicherheit und Zusammenarbeit in Europa, müsste davon doch gewusst haben. Denn ihre Beobachter hatten <N1>kleinlich</N1> die Vorkommnisse im Kosovo gemeldet.	But the OSCE, the Organization for Security and Cooperation in Europe, must have known, because their observers have meticulously reported the events in Kosovo.				
TRUE					
					
Und in ein <L1>top-secret</L1> Computer System der Regierung einzubrechen und Dateien zu kopieren?	Breaking into top-secret government computer systems and copying files?				
Und in ein <N1>geheimes</N1> Computer System der Regierung einzubrechen und Dateien zu kopieren?	Breaking into top-secret government computer systems and copying files?				
TRUE					
					
TOR wurde von der Navy konstruiert, damit sich ihre Informanten <L1>einloggen</L1> konnten und ihnen geheime Informationen von einem Land geben konnten, in dem sie nicht sein durften.	TOR was designed by the Navy so their informants could login and give them secret information from a country they're not supposed to be in.				
TOR wurde von der Navy konstruiert, damit sich ihre Informanten <N1>einloggen</N1> konnten und ihnen geheime Informationen von einem Land geben konnten, in dem sie nicht sein durften.	TOR was designed by the Navy so their informants could login and give them secret information from a country they're not supposed to be in.				
TRUE					
					
Stört es Dich, dass die <L1>NSA</L1> alles überwacht was Du online machst?	Does it bother you that the NSA monitors everything that you do online?				
Stört es Dich, dass die <N1>NSA</N1> alles überwacht was Du online machst?	Does it bother you that the NSA monitors everything that you do online?				
TRUE					
					
Sie <L1>kidnappen</L1> Menschen.	They kidnap people.	entführen kidnappen verschleppen			
Sie <N1>entführen</N1> Menschen.	They kidnap people.				
TRUE					
					
Stellen wir uns die Leitung einer Fabrik vor, wo sie diese Arbeiter haben, von denen einige einfach Mist fabrizieren und das Management kriegt gesagt: Hey, sie dürfen nur einmal im Jahr hier runter kommen, aber sie müssen uns bescheid geben, weil wir sie vielleicht <L1>austricksen</L1> und versuchen, gute Arbeit für den kleinen Augenblick zu machen.	So imagine running a factory where you've got these workers, some of them just making crap and the management is told,  Hey, you can only come down here once a year, but you need to let us know, because we might actually fool you, and try and do a good job in that one brief moment.	reinlegen austricksen übervorteilen überlisten			
Stellen wir uns die Leitung einer Fabrik vor, wo sie diese Arbeiter haben, von denen einige einfach Mist fabrizieren und das Management kriegt gesagt: Hey, sie dürfen nur einmal im Jahr hier runter kommen, aber sie müssen uns bescheid geben, weil wir sie vielleicht <N1>überlisten</N1> und versuchen, gute Arbeit für den kleinen Augenblick zu machen.	So imagine running a factory where you've got these workers, some of them just making crap and the management is told,  Hey, you can only come down here once a year, but you need to let us know, because we might actually fool you, and try and do a good job in that one brief moment.				
TRUE					
					
<L1>UNICEF</L1> berichtet, dass 2011 6,9 Millionen Kinder unter fünf Jahren durch vermeidbare und Armut bedingte Krankheiten starben.	look at this. UNlCEF reports that in 2011, 6.9 million children under five died from preventable, poverty-related diseases.	Kinderhilfswerk der Vereinten Nationen Weltkinderhilfswerk UNICEF			
<N1>UNICEF</N1> berichtet, dass 2011 6,9 Millionen Kinder unter fünf Jahren durch vermeidbare und Armut bedingte Krankheiten starben.	look at this. UNlCEF reports that in 2011, 6.9 million children under five died from preventable, poverty-related diseases.				
TRUE					
					
Und die Organisation bringt Menschen verschiedener Generationen zusammen, wie Holly Morgan, eine Studentin im Grundstudium, die sich verpflichtet hat, 10 % des kleinen Einkommens, das sie hat, abzugeben und hier rechts Ada Wan, die direkt für Arme gearbeitet hat, jetzt aber nach Yale gegangen ist, um einen <L1>MBA</L1> zu machen, um mehr geben zu können.	And the organization draws together people of different generations, like Holly Morgan, who's an undergraduate, who's pledged to give 10 percent of the little amount that she has, and on the right, Ada Wan, who has worked directly for the poor, but has now gone to Yale to do an MBA to have more to give.	MBA Master Of Business Administration			
Und die Organisation bringt Menschen verschiedener Generationen zusammen, wie Holly Morgan, eine Studentin im Grundstudium, die sich verpflichtet hat, 10 % des kleinen Einkommens, das sie hat, abzugeben und hier rechts Ada Wan, die direkt für Arme gearbeitet hat, jetzt aber nach Yale gegangen ist, um einen <N1>MBA</N1> zu machen, um mehr geben zu können.	And the organization draws together people of different generations, like Holly Morgan, who's an undergraduate, who's pledged to give 10 percent of the little amount that she has, and on the right, Ada Wan, who has worked directly for the poor, but has now gone to Yale to do an MBA to have more to give.				
TRUE					
					
Dann <L1>tippen</L1> Sie einfach pharmacy Chicago oder die Postleitzahl von Chicago ein.	You type  pharmacy Chicago,  or the zip code.	spielen tippen wetten zocken auf etwas setzen | tippen Maschine schreiben | eingeben hacken tippen (auf einer Tastatur) schreiben			
Dann <N1>tippen</N1> Sie einfach pharmacy Chicago oder die Postleitzahl von Chicago ein.	You type  pharmacy Chicago,  or the zip code.				
TRUE					
					
Das ist das Schaltnetzteil für den <L1>DVD</L1> Player.	So this is our Switch Mode Power Supply for the DVD player.	Digital Versatile Disc DVD			
Das ist das Schaltnetzteil für den <N1>DVD</N1> Player.	So this is our Switch Mode Power Supply for the DVD player.				
TRUE					
					
Gemeinde Ich werde das Auto auf dem Hügel <L1>parken</L1> dort drüben und halten Sie ein Auge auf dieses Haus mit dem Rat sagte dieser Affe sollte eigentlich stecken Ich kann sehen, das Haus und die meisten der Kleinkind wird bis beiseite	looking for told the constable two people i think that they're sometime this afternoon the custom of silence allow hole about it was a little too quick when we got away so effective in that house easter like how the parking lot in vegas an overpass a cop rachna backing out there because you made a break right we'll never get them skis salamander but ticket we shall doing surely won't aol about her mac yet bigot aapan free isaac unjustified donate had begun placed are suffering place upside-down dot is that a lot donatelli still myself gentlemen someday i'm gonna stick up ten and one of the stuff head out that my have you believe damages and just a moment chair accountants will give us the concluding part of our program remember the old iron bridge usa span the river in your hometown and the sign printed on the bridge read by a dollars feinberg driving faster than a wallop how times have changed nowadays we say april bradley cracked his spine or any kind of driving fast also about friends as putting it mildly the rest of the story of the rio grande the crack is the gasoline that goes in the time to the cause the crackdown the enemies of society and catch them not only does this by normal if you will power more police cars and more fire engines and differences in other life-and-death automotive equipment wherever it is sold in any other brand but we'll run decrypted the gasoline upon which preponderance of california state and federal government official depend to speed their emergency cars on the air waves more swiftly surely and economic are you one of the tens of thousands of motorists benefiting by this brief gasoline if not be up to date if rick it will cost us in this movie long-run got rio grande a cracked and enjoy the police car performance of this the most highly-acclaimed gasoline in the west annul sheriff champs recaptured man was howard l you have not been movement glycol caramel love his type eternal when cornered brought to my office not only confessed his california activities to me what bragged about his many criminal escapades he was tried separately for all his crimes committed in southern california now serving six separate sentences and also present is is another life of crime of those failed to pay thank you for your campus managers on the corner all cars national guard again to go against two hundred billion and regarding haldeman kidnapping bed his vision of investing national blooming dan the reader patrick glynn sleeping at night ovey all part of a copywriter program created by rio grande valley was unwinnable cardinal garden road getting two hundred morning deep blue and and sunset you know him mezzo windmill really are a few days and we don't celebrate the one hundred and thick effective anniversary of the signing of the declaration of independence and you know prem varma famous wait longer before is to visit some section of this great country of ours never seen before reforms of accident and the mother happen if the being one of these can be avoided by couple driving another bike up when he was a fire working on the other by giving you a moment of reflection in the was thirty real new motorola this great lubricant manufactured in the country's largest refinery and so may that it cannot break down under the pressure published during hot weather friend if you've been experimenting with wishy washy oiled up to remove a dollop of these properties and declare your independence right now and before you head up miniclip roll into the red and white male member station in your neighborhood and declare your allegiance jewelry aloo the newest standby miserable royal in the last the story really here tonight has been taken from the file of the los angeles police department we have therefore us chief of police gameday davis to open our program all the people who come to hollywood break into the movie is wouldn't there'd be a lot more happen is all around it has always been a mystery to me how anyone in his right mind will allow himself to be sold so completely by spurious producer that he will fight with his hard-earned money and they have a whole that he will someday be a big shot in the movies one of the most constantly recurring problems the police have to deal with is that of some unsuspecting person	parkieren parken stehenbleiben abstellen			
Gemeinde Ich werde das Auto auf dem Hügel <N1>abstellen</N1> dort drüben und halten Sie ein Auge auf dieses Haus mit dem Rat sagte dieser Affe sollte eigentlich stecken Ich kann sehen, das Haus und die meisten der Kleinkind wird bis beiseite	looking for told the constable two people i think that they're sometime this afternoon the custom of silence allow hole about it was a little too quick when we got away so effective in that house easter like how the parking lot in vegas an overpass a cop rachna backing out there because you made a break right we'll never get them skis salamander but ticket we shall doing surely won't aol about her mac yet bigot aapan free isaac unjustified donate had begun placed are suffering place upside-down dot is that a lot donatelli still myself gentlemen someday i'm gonna stick up ten and one of the stuff head out that my have you believe damages and just a moment chair accountants will give us the concluding part of our program remember the old iron bridge usa span the river in your hometown and the sign printed on the bridge read by a dollars feinberg driving faster than a wallop how times have changed nowadays we say april bradley cracked his spine or any kind of driving fast also about friends as putting it mildly the rest of the story of the rio grande the crack is the gasoline that goes in the time to the cause the crackdown the enemies of society and catch them not only does this by normal if you will power more police cars and more fire engines and differences in other life-and-death automotive equipment wherever it is sold in any other brand but we'll run decrypted the gasoline upon which preponderance of california state and federal government official depend to speed their emergency cars on the air waves more swiftly surely and economic are you one of the tens of thousands of motorists benefiting by this brief gasoline if not be up to date if rick it will cost us in this movie long-run got rio grande a cracked and enjoy the police car performance of this the most highly-acclaimed gasoline in the west annul sheriff champs recaptured man was howard l you have not been movement glycol caramel love his type eternal when cornered brought to my office not only confessed his california activities to me what bragged about his many criminal escapades he was tried separately for all his crimes committed in southern california now serving six separate sentences and also present is is another life of crime of those failed to pay thank you for your campus managers on the corner all cars national guard again to go against two hundred billion and regarding haldeman kidnapping bed his vision of investing national blooming dan the reader patrick glynn sleeping at night ovey all part of a copywriter program created by rio grande valley was unwinnable cardinal garden road getting two hundred morning deep blue and and sunset you know him mezzo windmill really are a few days and we don't celebrate the one hundred and thick effective anniversary of the signing of the declaration of independence and you know prem varma famous wait longer before is to visit some section of this great country of ours never seen before reforms of accident and the mother happen if the being one of these can be avoided by couple driving another bike up when he was a fire working on the other by giving you a moment of reflection in the was thirty real new motorola this great lubricant manufactured in the country's largest refinery and so may that it cannot break down under the pressure published during hot weather friend if you've been experimenting with wishy washy oiled up to remove a dollop of these properties and declare your independence right now and before you head up miniclip roll into the red and white male member station in your neighborhood and declare your allegiance jewelry aloo the newest standby miserable royal in the last the story really here tonight has been taken from the file of the los angeles police department we have therefore us chief of police gameday davis to open our program all the people who come to hollywood break into the movie is wouldn't there'd be a lot more happen is all around it has always been a mystery to me how anyone in his right mind will allow himself to be sold so completely by spurious producer that he will fight with his hard-earned money and they have a whole that he will someday be a big shot in the movies one of the most constantly recurring problems the police have to deal with is that of some unsuspecting person				
TRUE					
					
Der Chef hat Schwierigkeiten mit dem Hören, so hat der Arbeitnehmer zu <L1>intensivieren</L1> ganz in seiner Nähe.	The boss has trouble hearing, so the employee has to step up quite close to him.	stützen stärken intensivieren ankurbeln verstärken untermauern vertiefen			
Der Chef hat Schwierigkeiten mit dem Hören, so hat der Arbeitnehmer zu <N1>verstärken</N1> ganz in seiner Nähe.	The boss has trouble hearing, so the employee has to step up quite close to him.				
TRUE					
					
Und selbst wenn er den Zug einholte, gab es keine Vermeidung eines <L1>Blow-up</L1> mit dem Chef, weil die Firma Laufbursche wäre für den 5.00 Zug gewartet habe und berichtet die Nachricht von seiner Abwesenheit vor langer Zeit.	And even if he caught the train, there was no avoiding a blow-up with the boss, because the firm's errand boy would've waited for the five o'clock train and reported the news of his absence long ago.				
Und selbst wenn er den Zug einholte, gab es keine Vermeidung eines <N1></N1> mit dem Chef, weil die Firma Laufbursche wäre für den 5.00 Zug gewartet habe und berichtet die Nachricht von seiner Abwesenheit vor langer Zeit.	And even if he caught the train, there was no avoiding a blow-up with the boss, because the firm's errand boy would've waited for the five o'clock train and reported the news of his absence long ago.		bad grammar		
FALSE					
					
<L1>Take it easy</L1> auf meine Eltern!	Take it easy on my parents!				
<N1>Take it easy</N1> auf meine Eltern!	Take it easy on my parents!				
TRUE					
					
Mit einem halb bewußtlos drehen und nicht ohne eine leichte Scham eilte er unter der Couch, wo trotz der Tatsache, dass sein Rücken ein wenig eng war und er konnte nicht mehr sein Haupt erheben, fühlte er sich sehr <L1>komfortabel</L1> und bedauerte nur, daß sein Körper zu breit war, um ganz fit unter es.	With a half unconscious turn and not without a slight shame he scurried under the couch, where, in spite of the fact that his back was a little cramped and he could no longer lift up his head, he felt very comfortable and was sorry only that his body was too wide to fit completely under it.	luxuriös komfortabel feudal | bequem lässig behaglich komfortabel			
Mit einem halb bewußtlos drehen und nicht ohne eine leichte Scham eilte er unter der Couch, wo trotz der Tatsache, dass sein Rücken ein wenig eng war und er konnte nicht mehr sein Haupt erheben, fühlte er sich sehr <N1></N1> und bedauerte nur, daß sein Körper zu breit war, um ganz fit unter es.	With a half unconscious turn and not without a slight shame he scurried under the couch, where, in spite of the fact that his back was a little cramped and he could no longer lift up his head, he felt very comfortable and was sorry only that his body was too wide to fit completely under it.		bad grammar		
FALSE					
					
Ohne zu sagen, dass es <L1>originell</L1> sei, es ist einfach die: 2 mal 10 --Ich schreibe gerade klein-- plus minus 3 mal 12	Or without saying it that fancy, it's just this: it's 2 times 10, so 2-- I'm going to write small-- times 10, plus minus 3 times 12.	originell eigenartig eigen ausgefallen eigentümlich idiosynkratisch besonders | originell ingeniös ideenreich einfallsreich erfinderisch fantasiebegabt phantasiebegabt phantasievoll innovativ gestalterisch kreativ fantasievoll schöpferisch erfindungsreich | originell vigilant mit Witz findig geistreich blitzgescheit witzig pfiffig | originell geschickt einfallsreich erfinderisch findig pfiffig clever schlau gescheit raffiniert gewieft aufgeweckt gefitzt ausgeschlafen auf Draht ausgebufft auf Zack helle plietsch gewitzt jenisch alert | originell neuartig innovativ frisch neu entwickelt nie dagewesen neu auf dem Markt der letzte Schrei neu entstanden noch nicht dagewesen			
Ohne zu sagen, dass es <N1></N1> sei, es ist einfach die: 2 mal 10 --Ich schreibe gerade klein-- plus minus 3 mal 12	Or without saying it that fancy, it's just this: it's 2 times 10, so 2-- I'm going to write small-- times 10, plus minus 3 times 12.		bad grammar		
FALSE					
					
Am 3. Maerz 2015 war Amerika <L1>bankrott</L1>	Title: America declares bankruptcy March 3rd 2016	blank bankrott zahlungsunfähig pleite insolvent finanzschwach mittellos illiquide (finanziell) am Ende ohne Geld abgebrannt | Pleite Insolvenz Zahlungseinstellung Konkursfall Ruin Illiquidität Konkurs Zahlungsunfähigkeit Bankrottfall Bankrott | in Konkurs bankrott illiquide zahlungsunfähig pleite insolvent			
Am 3. Maerz 2015 war Amerika <N1>pleite</N1>	Title: America declares bankruptcy March 3rd 2016				
TRUE					
					
Nun, wir <L1>riskieren</L1> ziemlich viel.	Now, we anted up pretty good.	gefährden aufs Spiel setzen riskieren			
Nun, wir <N1>setzen aufs Spiel</N1> ziemlich viel.	Now, we anted up pretty good.				
TRUE					
					
Auch auf diesem Event <L1>twittern</L1> dutzende von Leuten und tausende verfolgen ihre Tweeds da sie wissen möchten wie es ist hier zu sein und was hier geschieht.	At this event, dozens of people here are Twittering and thousands of people around the world are following along because they want to know what it feels like to be here and what's happening.	zwitschern tweeten sich Twitter-Nachrichten schicken twittern			
Auch auf diesem Event <N1>twittern</N1> dutzende von Leuten und tausende verfolgen ihre Tweeds da sie wissen möchten wie es ist hier zu sein und was hier geschieht.	At this event, dozens of people here are Twittering and thousands of people around the world are following along because they want to know what it feels like to be here and what's happening.				
TRUE					
					
Sie hat nie erinnerte sich <L1>familiär</L1> etwas anderes als die dunklen Gesichter ihrer Ayah und die anderen einheimischen Dienern, und als sie immer gehorchte ihr und gab ihr ihren eigenen Weg in alles, da der Mem Sahib würde böse sein, wenn sie von ihrem Schreien gestört wurde, von der Zeit war sie sechs Jahre alt war sie als tyrannisch und egoistisch ein kleines Schwein als jemals gelebt hat.	She never remembered seeing familiarly anything but the dark faces of her Ayah and the other native servants, and as they always obeyed her and gave her her own way in everything, because the Mem Sahib would be angry if she was disturbed by her crying, by the time she was six years old she was as tyrannical and selfish a little pig as ever lived.	vertraut bekannt familiär traut			
Sie hat nie erinnerte sich <N1></N1> etwas anderes als die dunklen Gesichter ihrer Ayah und die anderen einheimischen Dienern, und als sie immer gehorchte ihr und gab ihr ihren eigenen Weg in alles, da der Mem Sahib würde böse sein, wenn sie von ihrem Schreien gestört wurde, von der Zeit war sie sechs Jahre alt war sie als tyrannisch und egoistisch ein kleines Schwein als jemals gelebt hat.	She never remembered seeing familiarly anything but the dark faces of her Ayah and the other native servants, and as they always obeyed her and gave her her own way in everything, because the Mem Sahib would be angry if she was disturbed by her crying, by the time she was six years old she was as tyrannical and selfish a little pig as ever lived.		bad grammar		
FALSE					
					
Dann gehe ich nach Hause ein <L1>clean</L1> up für Mutter ein gib ihr einen Tag Ruhe.	Then I go home an' clean up for mother an' give her a day's rest.				
Dann gehe ich nach Hause ein <N1></N1> up für Mutter ein gib ihr einen Tag Ruhe.	Then I go home an' clean up for mother an' give her a day's rest.		bad grammar		
FALSE					
					
Jeden Morgen wachte sie in ihrem tapestried Zimmer und fand Martha knien auf dem Herd Gebäude ihr Feuer; jeden Morgen aß ihr Frühstück in den Kindergarten, die hatte nichts <L1>amüsant</L1> in sie, und nach jedem Frühstück schaute sie aus dem Fenster hinüber zu den großen Moor, das schien verteilt auf allen Seiten und klettern in den Himmel, und nachdem sie eine Weile starrte sie erkannte, dass wenn sie nicht gehen sie müsste Aufenthalt in und nichts tun - und so ging sie hinaus.	Every morning she awoke in her tapestried room and found Martha kneeling upon the hearth building her fire; every morning she ate her breakfast in the nursery which had nothing amusing in it; and after each breakfast she gazed out of the window across to the huge moor which seemed to spread out on all sides and climb up to the sky, and after she had stared for a while she realized that if she did not go out she would have to stay in and do nothing--and so she went out.	komisch lustig scherzhaft witzig urkomisch zum Schießen belustigend brüllend komisch rasend komisch zum Kaputtlachen grobhumorig zum Schreien schreiend komisch humorig äußerst komisch ulkig spaßig amüsant zum Totlachen | amüsant vergnüglich kurzweilig			
Jeden Morgen wachte sie in ihrem tapestried Zimmer und fand Martha knien auf dem Herd Gebäude ihr Feuer; jeden Morgen aß ihr Frühstück in den Kindergarten, die hatte nichts <N1></N1> in sie, und nach jedem Frühstück schaute sie aus dem Fenster hinüber zu den großen Moor, das schien verteilt auf allen Seiten und klettern in den Himmel, und nachdem sie eine Weile starrte sie erkannte, dass wenn sie nicht gehen sie müsste Aufenthalt in und nichts tun - und so ging sie hinaus.	Every morning she awoke in her tapestried room and found Martha kneeling upon the hearth building her fire; every morning she ate her breakfast in the nursery which had nothing amusing in it; and after each breakfast she gazed out of the window across to the huge moor which seemed to spread out on all sides and climb up to the sky, and after she had stared for a while she realized that if she did not go out she would have to stay in and do nothing--and so she went out.		bad grammar		
FALSE					
					
Und hier ist die grundsätzliche Idee, dass Migefühl zu guten Taten für Menschen führt, die sich dafür <L1>revanchieren</L1> werden.	And there, the basic idea is that compassion leads you to do good things for people who then will return the favor.				
Und hier ist die grundsätzliche Idee, dass Migefühl zu guten Taten für Menschen führt, die sich dafür <N1>erkenntlich zeigen</N1> werden.	And there, the basic idea is that compassion leads you to do good things for people who then will return the favor.				
TRUE					
					
Zusätzlich zu ihrem Überlebenskampf müssen die Tribute also <L1>performen</L1> und schauspielern, um Mitgefühl und Geschenke von ihren Sponsoren zu bekommen.	So in addition to trying to survive, the tributes are performing and acting as a way to gain sympathy and gifts from sponsors.	schaffen leisten Leistung erbringen performen			
Zusätzlich zu ihrem Überlebenskampf müssen die Tribute also <N1>Leistung erbringen</N1> und schauspielern, um Mitgefühl und Geschenke von ihren Sponsoren zu bekommen.	So in addition to trying to survive, the tributes are performing and acting as a way to gain sympathy and gifts from sponsors.				
TRUE					
					
Aber das Ziel ist es viel weiter zu gehen und, sehr umfassend, all diese Arten des Wissens zu <L1>demokratisieren</L1> und zu versuchen eine zuverlässige	But the goal is to go much further and, very broadly, to democratize all of this knowledge, and to try and be an authoritative source in all areas.				
Aber das Ziel ist es viel weiter zu gehen und, sehr umfassend, all diese Arten des Wissens zu <N1>demokratisieren</N1> und zu versuchen eine zuverlässige	But the goal is to go much further and, very broadly, to democratize all of this knowledge, and to try and be an authoritative source in all areas.				
TRUE					
					
Lesen Sie mit: die Google-Emails, lesen Sie mit wenn die Leute <L1>chatten</L1> - und SMS kriegen wir auch noch hin.	And as I said, the question on when the Western countries are willing to intervene in such a conflict has to be discussed anew, and we can't solve this question here tonight, that'll be a discourse that will probably take multiple months and years. The question is whether the western countries are not already intervening, but in an inofficial capacity.	chatten ein Chatprogramm benutzen über eine Chat-Platform kommunizieren			
Lesen Sie mit: die Google-Emails, lesen Sie mit wenn die Leute <N1></N1> - und SMS kriegen wir auch noch hin.	And as I said, the question on when the Western countries are willing to intervene in such a conflict has to be discussed anew, and we can't solve this question here tonight, that'll be a discourse that will probably take multiple months and years. The question is whether the western countries are not already intervening, but in an inofficial capacity.		bad grammar		
FALSE					
					
Hier stellen Tausende von Benutzern Musik zur Verfügung, die alle auf ihren Computer <L1>downloaden</L1> können.	Here, thousands of users make music available,which everyone can download to their computer.	laden herunterladen herunterkopieren runterladen downloaden			
Hier stellen Tausende von Benutzern Musik zur Verfügung, die alle auf ihren Computer <N1>herunterladen</N1> können.	Here, thousands of users make music available,which everyone can download to their computer.				
TRUE					
					
Wenn wir heutige Organisationen weiter entwickeln wollen, ist eins der wichtigsten Dinge, auf die wir schauen sollten, wie wir das Betriebssystem der Organisationen <L1>upgraden</L1> können auf etwas, das durch und mit Spannungsverarbeitung funktioniert, in dem jede Spannung, wahrgenommen von egal wem, überall in der Organisation ihren Platz hat, an dem sie schnell, effizient und zuverlässig verarbeitet wird und sinnvolle Veränderung nach sich zieht.	I think if we want to evolve our organizations today, one of the key thing we need to look at is how the organizational operating system can be upgraded to something powered by tension processing, where any tension sensed by anyone, anywhere in the company has some place to go to get rapidly and reliably processed in a meaningful change.	verbessern heben verfeinern veredeln höhere Weihen erteilen nobilitieren auszeichnen aufwerten erheben adeln upgraden | auf den neuesten Stand bringen auf den aktuellen Stand bringen à jour bringen auf neue Füße stellen aktualisieren upgraden modernisieren ajourieren updaten Upgrade vornehmen Update durchführen			
Wenn wir heutige Organisationen weiter entwickeln wollen, ist eins der wichtigsten Dinge, auf die wir schauen sollten, wie wir das Betriebssystem der Organisationen <N1>verbessern</N1> können auf etwas, das durch und mit Spannungsverarbeitung funktioniert, in dem jede Spannung, wahrgenommen von egal wem, überall in der Organisation ihren Platz hat, an dem sie schnell, effizient und zuverlässig verarbeitet wird und sinnvolle Veränderung nach sich zieht.	I think if we want to evolve our organizations today, one of the key thing we need to look at is how the organizational operating system can be upgraded to something powered by tension processing, where any tension sensed by anyone, anywhere in the company has some place to go to get rapidly and reliably processed in a meaningful change.				
TRUE					
					
Wenn wir diese konkreten, klaren, disziplinierten Strukturen und Systeme <L1>etablieren</L1> können, im Rahmen einer umfassenden, natürlicheren Organisationsstruktur geben wir unserer Organisation die Kapazität zur Evolution: neue Möglichkeiten und Chancen, die die meisten Organisationen heutzutage nicht wirklich haben.	If we can put in place these concrete, clear, disciplined structues and systems, within an overarching more organic organizational structure, we give our organization a capacity for evolution: new potential that most organizations today don't really have.	durchsetzen gründen einrichten aufbauen ins Leben rufen konstituieren etablieren greifen			
Wenn wir diese konkreten, klaren, disziplinierten Strukturen und Systeme <N1>durchsetzen</N1> können, im Rahmen einer umfassenden, natürlicheren Organisationsstruktur geben wir unserer Organisation die Kapazität zur Evolution: neue Möglichkeiten und Chancen, die die meisten Organisationen heutzutage nicht wirklich haben.	If we can put in place these concrete, clear, disciplined structues and systems, within an overarching more organic organizational structure, we give our organization a capacity for evolution: new potential that most organizations today don't really have.				
TRUE					
					
Sie <L1>streiken</L1> seit einigen Tagen.	They are on strike for several days now.	ausgehen streiken stehenbleiben nicht funktionieren aufhören zu laufen | streiken in Streik treten in den Ausstand treten die Arbeit niederlegen			
Sie <N1>legen die Arbeit nieder</N1> seit einigen Tagen.	They are on strike for several days now.				
TRUE					
					
In einer Zeit beispiellosen Bevölkerungswachstums und zunehmendem Nahrungsbedarf könnte sich das als <L1>desaströs</L1> erweisen.	In a period of unprecedented population growth and increased food demands, this could prove disastrous.	mies sehr schlecht vernichtend katastrophal saumäßig unterirdisch zum Abgewöhnen unter aller Kanone hundsmiserabel miserabel unter aller Sau grottig lausig grottenschlecht lausig schlecht eine Katastrophe verderblich unheilvoll verheerend desaströs			
In einer Zeit beispiellosen Bevölkerungswachstums und zunehmendem Nahrungsbedarf könnte sich das als <N1>verheerend</N1> erweisen.	In a period of unprecedented population growth and increased food demands, this could prove disastrous.				
TRUE					
					
Ein System von Selbstlimitation und Überwachung auf der Basis von der fundamentellen Prämisse dass Geschmäcker am besten <L1>riskant</L1> sind, am schlechtesten unzulässig.	A system of self limitation and monitoring based on the fundamental premise that appetites are at best risky, at worst impermissible.	kühn unsicher gefährlich riskant risikobehaftet gewagt mit einem Risiko verbunden Risiken bergen nicht ungefährlich mit ungewissem Ausgang Risiko bergen heiß mit Risiken verbunden auf dünnem Eis | vermessen riskant risikofreudig waghalsig tolldreist mit Todesverachtung Wer wagt, gewinnt. draufgängerisch tollkühn risikobereit verwegen todesmutig | unsicher kritisch ernst brenzlig bedenklich bedrohlich Besorgnis erregend beunruhigend gefährlich besorgniserregend riskant gefahrenträchtig abenteuerlich			
Ein System von Selbstlimitation und Überwachung auf der Basis von der fundamentellen Prämisse dass Geschmäcker am besten <N1></N1> sind, am schlechtesten unzulässig.	A system of self limitation and monitoring based on the fundamental premise that appetites are at best risky, at worst impermissible.		bad grammar		
FALSE					
					
Sie <L1>stalken</L1> glückliche Paare und studieren jeden Schritt und jede Eigentümlichkeit.	They stalk blissful couples and they study their every move and mannerism.	verfolgen stalken jemandem hinterherspionieren jemandem heimlich folgen jemandem nachspionieren jemandem nachstellen jemandem nachschleichen jemandem hinterherschleichen			
Sie <N1>stalken</N1> glückliche Paare und studieren jeden Schritt und jede Eigentümlichkeit.	They stalk blissful couples and they study their every move and mannerism.				
TRUE					
					
Wir können spatter <L1>flirten</L1> Dr. Akagi; im Moment haben wir wichtige Arbeit zu tun.	We can flirt later, Dr. Akagi; right now we have important work to do.	schäkern tändeln herummachen mit rummachen mit herumturteln scharmutzieren flirten beturteln kokettieren liebäugeln poussieren turteln herumschäkern bebalzen liebeln | flirten flöten schmeicheln säuseln gurren			
Wir können spatter <N1>schäkern</N1> Dr. Akagi; im Moment haben wir wichtige Arbeit zu tun.	We can flirt later, Dr. Akagi; right now we have important work to do.				
TRUE					
					
Aber in der Mitte hier gibt es so eine Art <L1>fixen</L1> Punkt.	But you have a kind of a set point there, which would be in the middle.	drücken fixen sich Drogen spritzen | verbessern ausbessern überarbeiten berichtigen ausbügeln korrigieren fixen emendieren			
Aber in der Mitte hier gibt es so eine Art <N1>festen</N1> Punkt.	But you have a kind of a set point there, which would be in the middle.				
TRUE					
					
<L1>MP3</L1> Player zu verbieten.	MP3 players.				
<N1>MP3</N1> Player zu verbieten.	MP3 players.				
TRUE					
					
Er würde mir kleine schwarze Punkte auf die rechte Seite meines Gesichts <L1>tätowieren</L1> und mein Aussehen sehr symmetrisch machen.	He was going to tattoo little black dots on the right side of my face and make me look very symmetric.				
Er würde mir kleine schwarze Punkte auf die rechte Seite meines Gesichts <N1>tätowieren</N1> und mein Aussehen sehr symmetrisch machen.	He was going to tattoo little black dots on the right side of my face and make me look very symmetric.				
TRUE					
					
Es gab in dieser Gruppe eine Person, die eine sehr hohe Leistung haben sollte, die in Wirklichkeit aber <L1>miserabel</L1> abschnitt.	There was one person in the group that was supposed to have very high performance that was actually performing terribly.	unglücklich heruntergekommen hoffnungslos armselig arm kläglich erbärmlich beklagenswert miserabel bemitleidenswert bejammernswert erbarmungswürdig Mitleid erregend arm dran bedauernswert letztklassig jammervoll jämmerlich zu bedauern | abgrundtief miserabel entsetzlich abgründig | mies sehr schlecht vernichtend katastrophal saumäßig unterirdisch zum Abgewöhnen unter aller Kanone hundsmiserabel miserabel unter aller Sau grottig lausig grottenschlecht lausig schlecht eine Katastrophe verderblich unheilvoll verheerend desaströs			
Es gab in dieser Gruppe eine Person, die eine sehr hohe Leistung haben sollte, die in Wirklichkeit aber <N1>kläglich</N1> abschnitt.	There was one person in the group that was supposed to have very high performance that was actually performing terribly.				
TRUE					
					
Alan Horsager von der USC geleitet und was das Start-up Eos Neuroscience <L1>kommerzialisieren</L1> möchte, finanziert vom NIH.	Alan Horsager at USC, and being sought to be commercialized by a start-up company Eos Neuroscience, which is funded by the NlH.				
Alan Horsager von der USC geleitet und was das Start-up Eos Neuroscience <N1>handelsfähig machen</N1> möchte, finanziert vom NIH.	Alan Horsager at USC, and being sought to be commercialized by a start-up company Eos Neuroscience, which is funded by the NlH.				
TRUE					
					
Sie denken, dass das Spiel <L1>unfair</L1> ist.	They think this game is unfair.	nicht in Ordnung nicht fair unfair nicht gerecht nicht okay ungerecht | regelwidrig nicht fair unsportlich unfair			
Sie denken, dass das Spiel <N1>ungerecht</N1> ist.	They think this game is unfair.				
TRUE					
					
Und ich möchte nun mit Vorschlägen schließen, die zeigen, wie man einige dieser Prinzipen in die reale Welt <L1>transferieren</L1> kann.	And I just want to end by suggesting a few ways in which these principles could fan out into the world.	veräußern übertragen transferieren | transferieren tauschen austauschen ablösen ersetzen substituieren auswechseln			
Und ich möchte nun mit Vorschlägen schließen, die zeigen, wie man einige dieser Prinzipen in die reale Welt <N1>übertragen</N1> kann.	And I just want to end by suggesting a few ways in which these principles could fan out into the world.				
TRUE					
					
Arizal Poesie hat, schreibt er: ; <L1>arrangieren</L1> ungelöst, ungelöste Tisch	The Ari Hakadosh has a saying, he writes:  L'Sader Patora,   Patora  is a table	arrangieren zusammenstellen anordnen zurechtstellen formatieren in ein Format bringen | realisieren einrichten aufbauen anlegen arrangieren systematisieren serialisieren strukturieren ordnen aufreihen gliedern zusammenstellen rangieren aufstellen gestalten anordnen | arrangieren vorbereiten organisieren auf den Weg bringen einstielen in die Wege leiten anbahnen einfädeln | aufziehen arrangieren gestalten abhalten formen			
Arizal Poesie hat, schreibt er: ; <N1></N1> ungelöst, ungelöste Tisch	The Ari Hakadosh has a saying, he writes:  L'Sader Patora,   Patora  is a table		bad grammar		
FALSE					
					
Beim Schälen Sie die schälen und essen das Innere Teil des <L1>sweet</L1> sweet, fragen freisprechen	When peeling the peel and we eat the inside part that is sweet sweet, we ask to be judges favorably				
Beim Schälen Sie die schälen und essen das Innere Teil des <N1></N1> sweet, fragen freisprechen	When peeling the peel and we eat the inside part that is sweet sweet, we ask to be judges favorably		bad grammar		
FALSE					
					
A Schönheit, schauen, wie viel Sie die Natur, <L1>charmant</L1> zu lieben.	A beauty, look how much you love nature, charming (conversing with crowd).	gut schön eins a sympathisch angenehm vorteilhaft günstig ersprießlich tadellos positiv charmant ergötzlich glücklich fein manierlich herzerfrischend wohltuend gefreut erbaulich herzerquicklich erhebend erfreulich pläsierlich erquicklich 1a von guter Qualität | entzückend liebreizend aufregend reizvoll anziehend bezaubernd faszinierend charmant gewinnend apart | nett gefällig freundlich charmant			
A Schönheit, schauen, wie viel Sie die Natur, <N1></N1> zu lieben.	A beauty, look how much you love nature, charming (conversing with crowd).		bad grammar		
FALSE					
					
Gast sagt Haim heilig, dass er wirklich war, wirklich <L1>smart</L1> und als er zu Mose kam und gab ihm Anregungen Optimierung Mose erzählen, wie wollen Sie das Volk zu richten, was ist das Ineffizienz?	Guest says Haim holy: that he was really, really smart and when he came to Moses and gave him suggestions optimization tell Moses, how do you judge the people, what is this inefficiency?	pfiffig clever smart			
Gast sagt Haim heilig, dass er wirklich war, wirklich <N1></N1> und als er zu Mose kam und gab ihm Anregungen Optimierung Mose erzählen, wie wollen Sie das Volk zu richten, was ist das Ineffizienz?	Guest says Haim holy: that he was really, really smart and when he came to Moses and gave him suggestions optimization tell Moses, how do you judge the people, what is this inefficiency?		bad grammar		
FALSE					
					
Plötzlich - zwangen sie zu <L1>montieren</L1> fast gezwungen	Suddenly - forced them to mount almost forced	Montieren Aufschlagen | einrichten einbauen zusammenfügen einsetzen einarbeiten montieren einpassen installieren | anfügen befestigen montieren anbringen festmachen			
Plötzlich - zwangen sie zu <N1></N1> fast gezwungen	Suddenly - forced them to mount almost forced		bad grammar		
FALSE					
					
Sehen Sie, wie Sie wie ein normaler Mensch gehen, gerade, nicht wie ein Kinderwagen Töchter, eine der schwierigsten, wenn körperlich kranke Mutter im Krankenhaus geehrt Gott um sie kümmern , um ihre Augenbrauen, zog ihr <L1>Make-up</L1>	See how you walk like a normal person, straight, not like a baby stroller daughters, one of the most difficult when physically ill mother in hospital honored God take care of her to get her eyebrows, put on her makeup	Schminke Make-up			
Sehen Sie, wie Sie wie ein normaler Mensch gehen, gerade, nicht wie ein Kinderwagen Töchter, eine der schwierigsten, wenn körperlich kranke Mutter im Krankenhaus geehrt Gott um sie kümmern , um ihre Augenbrauen, zog ihr <N1>Schminke</N1>	See how you walk like a normal person, straight, not like a baby stroller daughters, one of the most difficult when physically ill mother in hospital honored God take care of her to get her eyebrows, put on her makeup				
TRUE					
					
Und er beginnt, in andere Gewebe hineinzuwachsen, sie zu <L1>infiltrieren</L1> dann ist er invasiv.	And he starts infiltrating other tissue, so he's invasive.	durchsetzen sich einschmuggeln sich einschleichen einsickern unterwandern langsam eindringen infiltrieren			
Und er beginnt, in andere Gewebe hineinzuwachsen, sie zu <N1>unterwandern</N1> dann ist er invasiv.	And he starts infiltrating other tissue, so he's invasive.				
TRUE					
					
Aber ich war völlig überrascht davon, wieviel es davon gab und wie <L1>spektakulär</L1> es war.	But I was totally unprepared for how much there was and how spectacular it was.	imposant effektvoll filmreif aufsehenerregend dramatisch medienwirksam spektakulär Aufsehen erregend hollywoodreif sensationell			
Aber ich war völlig überrascht davon, wieviel es davon gab und wie <N1>filmreif</N1> es war.	But I was totally unprepared for how much there was and how spectacular it was.				
TRUE					
					
Und Sie können sehen, wie knapp unser Budget war, wir haben die 16 <L1>LED</L1> in Epoxid gegossen und in der Gussform können Sie noch das Wort Ziploc erkennen.	And you can see just what a shoestring operation this really was, because we cast these 16 blue LEDs in epoxy and you can see in the epoxy mold that we used, the word Ziploc is still visible.	LED Lumineszenzdiode Leuchtdiode			
Und Sie können sehen, wie knapp unser Budget war, wir haben die 16 <N1>LED</N1> in Epoxid gegossen und in der Gussform können Sie noch das Wort Ziploc erkennen.	And you can see just what a shoestring operation this really was, because we cast these 16 blue LEDs in epoxy and you can see in the epoxy mold that we used, the word Ziploc is still visible.				
TRUE					
					
Dann zwei Teile eines Films, der auf eine <L1>TV-Serie</L1> zurückgeht die wiederum von einer Spielzeugmarke inspiriert war	We've got two sequels to a film that was adapted from an animated TV show based on a line of toys.				
Dann zwei Teile eines Films, der auf eine <N1>Fernsehserie</N1> zurückgeht die wiederum von einer Spielzeugmarke inspiriert war	We've got two sequels to a film that was adapted from an animated TV show based on a line of toys.				
TRUE					
					
Es reicht nicht, einfach Mitarbeiter einzustellen. Man muss auch weitere Mitarbeiter einstellen, um diese Mitarbeiter zu <L1>managen</L1> und um die Ziele der Institution durchzusetzen und so weiter.	No good just hiring employees, you also have to hire other employees to manage those employees and to enforce the goals of the institution and so forth.	bewerkstelligen handhaben handeln managen zurechtkommen | beherrschen herrschen managen regeln			
Es reicht nicht, einfach Mitarbeiter einzustellen. Man muss auch weitere Mitarbeiter einstellen, um diese Mitarbeiter zu <N1>betreuen</N1> und um die Ziele der Institution durchzusetzen und so weiter.	No good just hiring employees, you also have to hire other employees to manage those employees and to enforce the goals of the institution and so forth.				
TRUE					
					
Meetup ist ein Service, der Nutzern bei der Suche hilft, Menschen mit gleichen Interessen und Neigungen in ihrer Nachbarschaft zu finden und sich sogar <L1>offline</L1> in der realen Welt zu treffen, in einem Café, einer Kneipe oder wo auch immer.	Meetup, a service founded so that users could find people in their local area who share their interests and affinities and actually have a real-world meeting offline in a cafe or a pub or what have you.	getrennt offline unangeschlossen nicht online nicht angeschlossen nicht am Netz rechnerunabhängig			
Meetup ist ein Service, der Nutzern bei der Suche hilft, Menschen mit gleichen Interessen und Neigungen in ihrer Nachbarschaft zu finden und sich sogar <N1>offline</N1> in der realen Welt zu treffen, in einem Café, einer Kneipe oder wo auch immer.	Meetup, a service founded so that users could find people in their local area who share their interests and affinities and actually have a real-world meeting offline in a cafe or a pub or what have you.				
TRUE					
					
Ich will euch ein paar Ansätze zeigen, wie ihr es anstellen könnt, dass wir sehen können, dass die Wissenschaft und die Technik, mit der ihr euch beschäftigt, <L1>sexy</L1> und spannend ist.	I want to share a few keys on how you can do that to make sure that we can see that your science is sexy and that your engineering is engaging.	aktuell sexy steht hoch im Kurs gefragt kultig en vogue trendy (voll) im Trend angesagt im Trend liegen im Schwange in Mode Mode sein in dem Zeitgeist entsprechend hip trendig zum guten Ton gehören | scharf geil atemraubend atemberaubend reizend attraktiv Blicke auf sich ziehen aufreizend ansprechend Lust machen weiblichen Reize zur Geltung bringen lustvoll heiß wohlgestaltet lasziv aufregend Phantasien auslösen aphrodisierend mit heißen Kurven verführerisch Hormone ankurbelnd erregend erotisierend sinnlich rassig erotisch Männerherzen höher schlagen lassen stimulierend wohlgeformt lecker knackig knusprig reizvoll Hormone in Wallung bringen wohlproportioniert kurvig sexy betörend zum Anbeißen			
Ich will euch ein paar Ansätze zeigen, wie ihr es anstellen könnt, dass wir sehen können, dass die Wissenschaft und die Technik, mit der ihr euch beschäftigt, <N1>aktuell</N1> und spannend ist.	I want to share a few keys on how you can do that to make sure that we can see that your science is sexy and that your engineering is engaging.				
TRUE					
					
Zuallererst, wenn Sie im Internet <L1>surfen</L1> und <L2>runterscrollen</L2> wollen, lassen Sie Ihre Finger von der Maus.	First of all, on the web, if you want to scroll down, don't pick up the mouse and use the scroll bar.	Surfing Wellenreiten Surfen | browsen einen Webbrowser benutzen surfen			
Zuallererst, wenn Sie im Internet <N1>surfen</N1> und <N2>runterscrollen</N2> wollen, lassen Sie Ihre Finger von der Maus.	First of all, on the web, if you want to scroll down, don't pick up the mouse and use the scroll bar.				
TRUE					
					
Aber was ist mit dem <L1>Pop-up-Menü</L1> zur Eingabe des Bundesstaates?	But what about the pop-up menu where you put in your state?				
Aber was ist mit dem <N1>Pop-up-Menü</N1> zur Eingabe des Bundesstaates?	But what about the pop-up menu where you put in your state?				
TRUE					
					
Sie wollen <L1>modern</L1> , nicht effektiv .	They want Buck Rogers, they don't want effective.	verfallen verwesen verkommen faulen gammeln verfaulen vergammeln herunterkommen verlottern verrotten vermodern modern | auf der Höhe der Zeit auf dem neuesten Stand neoterisch zeitgerecht neumodisch fortschrittlich neuartig neuzeitlich topaktuell neu modern aktuell heutig up to date von heute zeitgemäß à jour			
Sie wollen <N1>aktuell</N1> , nicht effektiv .	They want Buck Rogers, they don't want effective.				
TRUE					
					
Mit einem Kumpel zu <L1>jammen</L1> ist immer eine lustige Sache, aber ich bin überzeugt, dass du diese Übung besser alleine machst, damit du nicht Angst hast, Fehler zu machen und dich besser konzentrieren kannst und selbstständig herumprobieren kannst.	Jamming with your mates is always a good fun thing but, at this time, I really think it might be better to be on your own where you're not afraid of making mistakes and you can kind of concentrate and kind of figure out the sounds on your own.				
Mit einem Kumpel zu <N1>jammen</N1> ist immer eine lustige Sache, aber ich bin überzeugt, dass du diese Übung besser alleine machst, damit du nicht Angst hast, Fehler zu machen und dich besser konzentrieren kannst und selbstständig herumprobieren kannst.	Jamming with your mates is always a good fun thing but, at this time, I really think it might be better to be on your own where you're not afraid of making mistakes and you can kind of concentrate and kind of figure out the sounds on your own.				
TRUE					
					
Er war sehr <L1>populär</L1> und hätte wahrscheinlich, wenn er gewollt hätte,	So I'm going to leave, and it's fascinating. Just to give you a sense of things, here's the map.	populär massentauglich für die breite Masse massenkompatibel (für den) Massengeschmack | (wird) gern gekauft begehrt gesucht in jemandes Gunst beliebt populär (wird) viel gekauft gut eingeführt nachgefragt gefragt			
Er war sehr <N1>beliebt</N1> und hätte wahrscheinlich, wenn er gewollt hätte,	So I'm going to leave, and it's fascinating. Just to give you a sense of things, here's the map.				
TRUE					
					
Wir haben die Annahme geschaffen, dass, wenn man Patient an diesem Krankenhaus ist und einen erhöhten <L1>BMI</L1> aufweist, die vier Wände der Arztpraxis einem vermutlich nicht alles geben, was man braucht, um gesund zu sein.	We've created a presumption that if you're a patient at that hospital with an elevated BMl, the four walls of the doctor's office probably aren't going to give you everything you need to be healthy.	Innenministerium Ministerium des Innern Bundesministerium des Innern BMI Bundesinnenministerium | BMI Kaup-Index Body-Mass-Index Körpermassenzahl Körpermasseindex			
Wir haben die Annahme geschaffen, dass, wenn man Patient an diesem Krankenhaus ist und einen erhöhten <N1>BMI</N1> aufweist, die vier Wände der Arztpraxis einem vermutlich nicht alles geben, was man braucht, um gesund zu sein.	We've created a presumption that if you're a patient at that hospital with an elevated BMl, the four walls of the doctor's office probably aren't going to give you everything you need to be healthy.				
TRUE					
					
Ich wollte, wie ich mir später aufging, <L1>empathisch</L1> sein, das heißt, ich wollte spüren können, was sie sagen wollen und ein Mittel zu ihrer Selbstoffenbarung sein.	I wanted to be, as I later thought of it, empathic, which is to say, to feel what they wanted to say and to be an agent of their self-revelation.	mitfühlend empathisch einfühlend			
Ich wollte, wie ich mir später aufging, <N1>mitfühlend</N1> sein, das heißt, ich wollte spüren können, was sie sagen wollen und ein Mittel zu ihrer Selbstoffenbarung sein.	I wanted to be, as I later thought of it, empathic, which is to say, to feel what they wanted to say and to be an agent of their self-revelation.				
TRUE					
					
Es ist immer wie - <L1>unisono</L1> Sie zwei Fremde. Es gibt keine Blutsverwandtschaft zwischen Mann und Frau aller Zeiten!	It's always like - unison you two strangers.	übereinstimmend kongruent einhellig einmütig einstimmig unisono konform konkordant			
Es ist immer wie - <N1></N1> Sie zwei Fremde. Es gibt keine Blutsverwandtschaft zwischen Mann und Frau aller Zeiten!	It's always like - unison you two strangers.		bad grammar		
FALSE					
					
Wie kann man das Fell wächst <L1>modular</L1> mit ihm?	How can this modular coat grows with him?	bausteinförmig modular			
Wie kann man das Fell wächst <N1></N1> mit ihm?	How can this modular coat grows with him?		bad grammar		
FALSE					
					
Personenlisten sind nun besser angelegt und können einfacher durchgescrollt werden. Natürlich könnt ihr noch immer <L1>tweeten</L1> - von jetzt an aber egal, wo auf der Seite ihr euch gerade befindet.	Lists of people are now laid out better and easier to scroll, and of course you can still Tweet, but you can do it from anywhere on the site.	zwitschern tweeten sich Twitter-Nachrichten schicken twittern			
Personenlisten sind nun besser angelegt und können einfacher durchgescrollt werden. Natürlich könnt ihr noch immer <N1>tweeten</N1> - von jetzt an aber egal, wo auf der Seite ihr euch gerade befindet.	Lists of people are now laid out better and easier to scroll, and of course you can still Tweet, but you can do it from anywhere on the site.				
TRUE					
					
Das also ist das neue Twitter.com, das wir allen im Laufe der kommenden Wochen <L1>präsentieren</L1> werden.	So that's the new Twitter.com which we'll be rolling out to everyone over the course of a few weeks. So stay tuned.	zeigen präsentieren darstellen vorzeigen abbilden vorführen demonstrieren vorstellen | präsentieren offen zeigen zur Schau stellen herzeigen			
Das also ist das neue Twitter.com, das wir allen im Laufe der kommenden Wochen <N1>vorstellen</N1> werden.	So that's the new Twitter.com which we'll be rolling out to everyone over the course of a few weeks. So stay tuned.				
TRUE					
					
H rikm dies - wurde plötzlich klar, dass ich <L1>tanken</L1> mehr Bring the	H rikm this  - suddenly realized that I could fill up more Bring the	auftanken tanken betanken mit Kraftstoff befüllen den Tank auffüllen den Tank füllen			
H rikm dies - wurde plötzlich klar, dass ich <N1></N1> mehr Bring the	H rikm this  - suddenly realized that I could fill up more Bring the		bad grammar		
FALSE					
					
Ernährt, genug schon mit all diesen Konzepten Scheidung <L1>presto</L1>	Be fed, enough already with all these concepts divorce presto	allegro vivace vivo presto allegro ma non troppo			
Ernährt, genug schon mit all diesen Konzepten Scheidung <N1></N1>	Be fed, enough already with all these concepts divorce presto		bad grammar		
FALSE					
					
Ich war hier schon sagte, nicht <L1>ausloggen</L1>	I've said here, do not log	aussteigen ausloggen abmelden			
Ich war hier schon sagte, nicht <N1>ausloggen</N1>	I've said here, do not log				
TRUE					
					
Machen Sie eine große Veränderung erkennst du nicht, wie <L1>raffiniert</L1>	Make a huge change Do not you realize how refined	abgebrüht ausgekocht abgefeimt schlau raffiniert durchtrieben verschlagen ausgebufft gerissen es faustdick hinter den Ohren haben gewieft (auch) kein Waisenknabe abgezockt (dem) machst du nichts vor mit allen Wassern gewaschen | originell geschickt einfallsreich erfinderisch findig pfiffig clever schlau gescheit raffiniert gewieft aufgeweckt gefitzt ausgeschlafen auf Draht ausgebufft auf Zack helle plietsch gewitzt jenisch alert | durchdacht komplex kompliziert kunstvoll ausgeklügelt raffiniert ausgefeilt vielfältig verflochten feingesponnen fein gesponnen kaum zu durchschauen hochkomplex mit großer Kunstfertigkeit geknüpft mit viel Raffinement			
Machen Sie eine große Veränderung erkennst du nicht, wie <N1>gewieft</N1>	Make a huge change Do not you realize how refined				
TRUE					
					
Aber das Problem, sich auf Regeln und Anreize zu verlassen, liegt darin, dass sie die berufliche Tätigkeit demoralisieren. Und sie <L1>demoralisieren</L1> die berufliche Tätigkeit in zweierlei Hinsicht.	But the problem with relying on rules and incentives is that they demoralize professional activity, and they demoralize professional activity in two senses.	demoralisieren kleinkriegen erniedrigen jemanden fertig machen | abschrecken ins Bockshorn jagen einschüchtern demoralisieren demotivieren den Schneid nehmen entmutigen den Schneid abkaufen Wind aus den Segeln nehmen decouragieren			
Aber das Problem, sich auf Regeln und Anreize zu verlassen, liegt darin, dass sie die berufliche Tätigkeit demoralisieren. Und sie <N1>entmutigen</N1> die berufliche Tätigkeit in zweierlei Hinsicht.	But the problem with relying on rules and incentives is that they demoralize professional activity, and they demoralize professional activity in two senses.				
TRUE					
					
Dieser Film ist nicht <L1>taff</L1> genug, deshalb wollte ich es etwas schwerer machen.	Now this film isn't really hard enough, so I wanted to make it a little bit harder.	stark stattlich stabil fest zäh tragfähig solide haltbar belastbar ehern robust taff resilient kräftig			
Dieser Film ist nicht <N1>stark</N1> genug, deshalb wollte ich es etwas schwerer machen.	Now this film isn't really hard enough, so I wanted to make it a little bit harder.				
TRUE					
					
Es empfiehlt sich, nicht nur Annoncen oder verkaufsorientierte Inhalte zu teilen, die die Feeds der anderen Benutzer <L1>bombardieren</L1> könnten.	It's good not to share just listings or purely sales-oriented content that can bombard other users  feeds.	bombardieren reich bedenken überhäufen überschütten eindecken zumüllen zuscheißen			
Es empfiehlt sich, nicht nur Annoncen oder verkaufsorientierte Inhalte zu teilen, die die Feeds der anderen Benutzer <N1>überschütten</N1> könnten.	It's good not to share just listings or purely sales-oriented content that can bombard other users  feeds.				
TRUE					
					
Und er kontroliert die Schrittgröße beim <L1>updaten</L1> vom Parameter theta J. Und der zweite Term hier ist der abgeleitete Term.	And it controls how big a step we take when updating my parameter theta J. And this second term here is the derivative term.	auf den neuesten Stand bringen auf den aktuellen Stand bringen à jour bringen auf neue Füße stellen aktualisieren upgraden modernisieren ajourieren updaten Upgrade vornehmen Update durchführen			
Und er kontroliert die Schrittgröße beim <N1>aktualisieren</N1> vom Parameter theta J. Und der zweite Term hier ist der abgeleitete Term.	And it controls how big a step we take when updating my parameter theta J. And this second term here is the derivative term.				
TRUE					
					
Wenn das Stroh macht Ärger put it <L1>down</L1> in die Rechnung.	Don't.	bedrückt down niedergeschlagen deprimiert Tief haben depri Moralischen haben im Stimmungstief heulende Elend haben Ohren hängen lassen | schlaff kraftlos kaputt platt down daneben schlapp matt lasch alle saft- und kraftlos duhne lurig fix und foxi ausgelutscht ohne Saft und Kraft groggy geschafft ausgepowert nüntig abgeschlafft | bedrückt voller Wehmut niedergedrückt melancholisch gedankenschwer schwermütig voller Weltschmerz wehmutsvoll bekümmert wehmütig trübsinnig down			
Wenn das Stroh macht Ärger put it <N1></N1> in die Rechnung.	Don't.		bad grammar		
FALSE					
					
Lemme hineingehen , sagte Marvel, und schrie laut, als ein Schlag plötzlich die befestigt Tür zittern und wurde von einem eiligen <L1>rappen</L1> und ein Geschrei draußen gefolgt.	Lemme go inside,  said Marvel, and shrieked aloud as a blow suddenly made the fastened door shiver and was followed by a hurried rapping and a shouting outside.				
Lemme hineingehen , sagte Marvel, und schrie laut, als ein Schlag plötzlich die befestigt Tür zittern und wurde von einem eiligen <N1></N1> und ein Geschrei draußen gefolgt.	Lemme go inside,  said Marvel, and shrieked aloud as a blow suddenly made the fastened door shiver and was followed by a hurried rapping and a shouting outside.		bad grammar		
FALSE					
					
So dies mag ein bisschen <L1>bizarr</L1> jetzt auf euch wirken, und	So this might seem a little bit bizarre to you right now, and	eigenartig eigentümlich eigenwillig komisch schräg verquer ungewöhnlich skurril sonderbar befremdend befremdlich bizarr fällt aus dem Rahmen abstrus absurd lächerlich aberwitzig grotesk kurios merkwürdig abgedreht			
So dies mag ein bisschen <N1>eigenartig</N1> jetzt auf euch wirken, und	So this might seem a little bit bizarre to you right now, and				
TRUE					
					
Und daher bekamen wir das <L1>pikant</L1> eingelegte Gemüse.	And that's where we got zesty pickles. Then the next person came to him:	pikant schmackhaft | schmierig zweideutig unanständig eindeutig-zweideutig nicht stubenrein pikant frivol schlüpfrig anzüglich			
Und daher bekamen wir das <N1>scharf</N1> eingelegte Gemüse.	And that's where we got zesty pickles. Then the next person came to him:				
TRUE					
					
Nach dem Aufprall auf das Ziel wird die RDX <L1>detonieren</L1> Schaffung eines Mini Explosion, so dass, wenn es brennbaren Flüssigkeiten, Gase etwas von dieser Art bei der Detonation, wird alles explodieren	After the impact on the target, the RDX will detonate creating a mini explosion, so if there are flammable liquids, gases anything of this nature in the detonation, everything will explode	platzen detonieren explodieren jemandem um die Ohren fliegen hochgehen			
Nach dem Aufprall auf das Ziel wird die RDX <N1></N1> Schaffung eines Mini Explosion, so dass, wenn es brennbaren Flüssigkeiten, Gase etwas von dieser Art bei der Detonation, wird alles explodieren	After the impact on the target, the RDX will detonate creating a mini explosion, so if there are flammable liquids, gases anything of this nature in the detonation, everything will explode		bad grammar		
FALSE					
					
Wenn aber die Tiere <L1>matt</L1> und schwach werden, bricht man ihnen die Knochen im Schwanz, um sie wieder auf die Beine zu bringen, indem man den Schwanz wiederholt an mehreren Stellen knickt.	But when the cattle become weary and grow faint, the bones in their tales are broken in an effort to get them back up on their feet. This is done by repeatedly pinching the tail in several areas.	schwach matt unaufdringlich verhalten unauffällig | matt trüb fahl | kontrastarm matt dumpf stumpf glanzlos | schlaff kraftlos kaputt platt down daneben schlapp matt lasch alle saft- und kraftlos duhne lurig fix und foxi ausgelutscht ohne Saft und Kraft groggy geschafft ausgepowert nüntig abgeschlafft | matt gedeckt			
Wenn aber die Tiere <N1>müde</N1> und schwach werden, bricht man ihnen die Knochen im Schwanz, um sie wieder auf die Beine zu bringen, indem man den Schwanz wiederholt an mehreren Stellen knickt.	But when the cattle become weary and grow faint, the bones in their tales are broken in an effort to get them back up on their feet. This is done by repeatedly pinching the tail in several areas.				
TRUE					
					
Was bringt ein Tier dazu, etwas Unnatürliches, ja sogar Gefährliches zu tun, wie durch Flammen zu springen, auf einem Fuß zu <L1>balancieren</L1> oder von einer wackeligen Plattform hoch in der Luft ins Wasser zu tauchen?	What incites an animal to do something unnatural, even dangerous, such as jumping through flames, balancing on one foot, or diving into water from shaky platforms high in the air?				
Was bringt ein Tier dazu, etwas Unnatürliches, ja sogar Gefährliches zu tun, wie durch Flammen zu springen, auf einem Fuß zu <N1>balancieren</N1> oder von einer wackeligen Plattform hoch in der Luft ins Wasser zu tauchen?	What incites an animal to do something unnatural, even dangerous, such as jumping through flames, balancing on one foot, or diving into water from shaky platforms high in the air?				
TRUE					
					
Gleichzeitig sollten einige Panzer versuchen, einen der drei Panzer zu <L1>flankieren</L1> und ihn so schnell wie möglich von den Seiten zu zerstören. Zudem sollten sie beim nächsten Panzer noch so ein Manöver versuchen.	At the same time, a couple of tanks should try to flank one of the three tanks and destroy it from the sides as fast as possible and try to perform such maneuvers again with the next tank.	begleiten flankieren | flankieren schützend begleiten an die Hand nehmen			
Gleichzeitig sollten einige Panzer versuchen, einen der drei Panzer zu <N1>flankieren</N1> und ihn so schnell wie möglich von den Seiten zu zerstören. Zudem sollten sie beim nächsten Panzer noch so ein Manöver versuchen.	At the same time, a couple of tanks should try to flank one of the three tanks and destroy it from the sides as fast as possible and try to perform such maneuvers again with the next tank.				
TRUE					
					
Es ist ein Ort, wo bei jeder neuen Forschungsreise neue Kreaturen entdeckt werden, die so wunderlich und fremd sind dass unsere Vorfahren sie wirklich <L1>monströs</L1> genannt hätten.	It is a place where each new voyage of exploration brings back new discoveries of creatures so wondrous and strange that our forefathers would have considered them monstrous indeed.	formidabel aberwitzig enorm immens gewaltig mächtig riesig astronomisch unermesslich Mammut... riesenhaft Herkules... ungeheuer groß kolossal überdimensional monumental monströs Spitzen... gigantisch überdimensioniert immensurabel riesengroß von ungeheurer Größe titanisch ungeheuer | aus der Form geraten massiv monströs ungestalt unförmig monströs dick tonnenförmig			
Es ist ein Ort, wo bei jeder neuen Forschungsreise neue Kreaturen entdeckt werden, die so wunderlich und fremd sind dass unsere Vorfahren sie wirklich <N1>riesig</N1> genannt hätten.	It is a place where each new voyage of exploration brings back new discoveries of creatures so wondrous and strange that our forefathers would have considered them monstrous indeed.				
TRUE					
					
Ich habe in der Küche gehört, wie du <L1>ausgeflippt</L1> bist.	I heard you way out in the kitchen.	unglaublich nicht zu fassen schräg abgedreht übergeschnappt verrückt wahnsinnig überdreht wie Rumpelstilzchen spinnert unfassbar irre narrisch nasch crazy durchgeknallt unfasslich kann nicht wahr sein abgespact leicht verrückt wildgeworden (ziemlich) durchgedreht ausgeflippt abgespaced verdreht darf nicht wahr sein			
Ich habe in der Küche gehört, wie du <N1>durchgedreht</N1> bist.	I heard you way out in the kitchen.				
TRUE					
					
Wir haben sie absichtlich ziemlich <L1>seriös</L1> aussehen lassen.	And it was purposely done to look fairly serious.	ernst zu nehmen seriös nicht von der Hand zu weisen | vertrauenswürdig seriös Vertrauen erweckend vertrauenerweckend | ernst seriös ernsthaft			
Wir haben sie absichtlich ziemlich <N1>ernst</N1> aussehen lassen.	And it was purposely done to look fairly serious.				
TRUE					
					
Die Herausforderung dabei war, herauszufinden, wie man etwas Geheimnisvolles - menschliche Anziehungskraft - für einen Computer in mundgerechte Stücke <L1>aufsplitten</L1> kann.	The tricky part in designing it was figuring out how to take something mysterious, human attraction, and break it into components that a computer can work with.				
Die Herausforderung dabei war, herauszufinden, wie man etwas Geheimnisvolles - menschliche Anziehungskraft - für einen Computer in mundgerechte Stücke <N1>aufteilen</N1> kann.	The tricky part in designing it was figuring out how to take something mysterious, human attraction, and break it into components that a computer can work with.				
TRUE					
					
Als ich angefangen habe, wussten die Menschen nicht, was <L1>HTML</L1> ist, was das World Wide Web ist und dann plötzlich war die Kraft des Internets, die jahrelang da gewesen war, für alle erreichbar und das ganz einfach: draufzeigen &amp; klicken, die universelle Sprache.	When I started people didn't know what HTML was, what the World Wide Web was, and then all of a sudden the power of the Internet that had been there for years was available to everybody in an easy way, Point &amp; click, the universal language.	Hypertext Markup Language HTML HTML5 Hypertext Markup Language 5 HTML 5			
Als ich angefangen habe, wussten die Menschen nicht, was <N1>HTML</N1> ist, was das World Wide Web ist und dann plötzlich war die Kraft des Internets, die jahrelang da gewesen war, für alle erreichbar und das ganz einfach: draufzeigen &amp; klicken, die universelle Sprache.	When I started people didn't know what HTML was, what the World Wide Web was, and then all of a sudden the power of the Internet that had been there for years was available to everybody in an easy way, Point &amp; click, the universal language.				
TRUE					
					
*Free <L1>free</L1> Palestine!*	*Free free Palestine !*				
*Free <N1></N1> Palestine!*	*Free free Palestine !*				
FALSE					
					
Aber sehen Sie, sind diese Kerle kinder <L1>debattieren</L1> dort unten, und blickte, wie Hühner, wenn sie gehen, um zu fliegen bis auf den Schlafplatz.	But see, these fellows are kinder debating down there, and looking up, like hens when they are going to fly up on to the roost.	erörtern bereden konferieren diskutieren ausdiskutieren auf etwas eingehen wörteln besprechen durchsprechen debattieren disputieren			
Aber sehen Sie, sind diese Kerle kinder <N1></N1> dort unten, und blickte, wie Hühner, wenn sie gehen, um zu fliegen bis auf den Schlafplatz.	But see, these fellows are kinder debating down there, and looking up, like hens when they are going to fly up on to the roost.				
FALSE					
					
Also nur um das klar zu stellen, die 25 Milliarden Dollar sind <L1>brutto</L1> oder?	But just to clarify, the 25 billion dollars is gross, right? That's gross?				
Also nur um das klar zu stellen, die 25 Milliarden Dollar sind <N1>brutto</N1> oder?	But just to clarify, the 25 billion dollars is gross, right? That's gross?				
TRUE					
					
Es gibt zum Beispiel einen Arzt in Afrika, der herausgefunden hat, dass nach Einnahme eines antiretroviralen Medikaments in der Schwangerschaft, das Baby nach der Geburt nicht <L1>HIV-infiziert</L1> sein wird.	So, for instance, there's a doctor in Africa that's found that if you give a mother antiretroviral drugs at 24 weeks, when she's pregnant, that the baby will not have HlV when it's born.				
Es gibt zum Beispiel einen Arzt in Afrika, der herausgefunden hat, dass nach Einnahme eines antiretroviralen Medikaments in der Schwangerschaft, das Baby nach der Geburt nicht <N1>HIV-angesteckt</N1> sein wird.	So, for instance, there's a doctor in Africa that's found that if you give a mother antiretroviral drugs at 24 weeks, when she's pregnant, that the baby will not have HlV when it's born.				
TRUE					
					
Ich glaube, Wirtschaftsführer können ihr unternehmerisches <L1>Know-how</L1> einbringen und Regierungen helfen, die Dinge ein wenig anders anzugehen.	But I think business leaders can bring their entrepreneurial know-how and help governments approach things slightly differently.	Sicherheit Routine Übung Wissen Know-how Kenntnis Erfahrung Praxis Geübtheit Kenntnisse Erfahrungen | Fähigkeit Rüstzeug Kompetenz Horizont Ahnung Wissen Expertise Sachkunde Sachkenntnis Know-how Techne Kenntnis Können Kenne Kenntnisstand Wissensstand Sachverstand			
Ich glaube, Wirtschaftsführer können ihr unternehmerisches <N1>Wissen</N1> einbringen und Regierungen helfen, die Dinge ein wenig anders anzugehen.	But I think business leaders can bring their entrepreneurial know-how and help governments approach things slightly differently.				
TRUE					
					
Ich konnte einfach nicht glauben, wie <L1>poetisch</L1> das alles ist, diese Seelen, die alle von ihren einsamen Inseln elektronische Flaschenpost zueinander schicken.	I just couldn't believe the poetry of all of it -- these souls all on their own desert island, sending electronic messages in bottles to each other.	poetisch dichterisch			
Ich konnte einfach nicht glauben, wie <N1>dichterisch</N1> das alles ist, diese Seelen, die alle von ihren einsamen Inseln elektronische Flaschenpost zueinander schicken.	I just couldn't believe the poetry of all of it -- these souls all on their own desert island, sending electronic messages in bottles to each other.				
TRUE					
					
Evony <L1>MMO</L1> verwendete zum Beispiel solche Anzeigen, was ganz klar eine Nutzung von weiblichen Körpern ist, um Jungen dazu zu bringen, ihr Spiel zu spielen. Allerdings ist das Spiel ein Strategie	For example the Evony MMO used ads like this which clearly is using women's bodies to attacted boys to come play their game except I think their game was like a strategy				
Evony <N1></N1> verwendete zum Beispiel solche Anzeigen, was ganz klar eine Nutzung von weiblichen Körpern ist, um Jungen dazu zu bringen, ihr Spiel zu spielen. Allerdings ist das Spiel ein Strategie	For example the Evony MMO used ads like this which clearly is using women's bodies to attacted boys to come play their game except I think their game was like a strategy				
FALSE					
					
Erstens, dass die Wahrscheinlichkeiten <L1>komplementär</L1> sind.	One is about complementary probability.	komplementär ergänzend supplementär			
Erstens, dass die Wahrscheinlichkeiten <N1>ergänzend</N1> sind.	One is about complementary probability.				
TRUE					
					
Wenn die Feder <L1>stationär</L1> ist wenn ich die 5 Newton ausübe, bedeutet dass da muss eine andere gleiche und entgegengesetzte Kraft sein mit positiven 5 Newton, richtig?	So if this spring is stationary when I apply this 5-Newton force, that means that there must be another equal and opposite force that's positive 5 Newtons, right?	stationär mit Aufnahme im Krankenhaus im Krankenhaus | unbewegt bewegungslos starr ruhig ruhend ortsfest stationär | stationär ortsgebunden			
Wenn die Feder <N1>ortsfest</N1> ist wenn ich die 5 Newton ausübe, bedeutet dass da muss eine andere gleiche und entgegengesetzte Kraft sein mit positiven 5 Newton, richtig?	So if this spring is stationary when I apply this 5-Newton force, that means that there must be another equal and opposite force that's positive 5 Newtons, right?				
TRUE					
					
Wenn man so schwer <L1>depressiv</L1> ist wie diese Patienten, sind diese Areale beeinträchtigt. Man hat keine Motivation mehr, keinen Antrieb.	You lack motivation and drive.	hoffnungslos freudlos gemütskrank depressiv dysthymisch			
Wenn man so schwer <N1>gemütskrank</N1> ist wie diese Patienten, sind diese Areale beeinträchtigt. Man hat keine Motivation mehr, keinen Antrieb.	You lack motivation and drive.				
TRUE					
					
Und wenn wir diese Früchte <L1>funky</L1> werden lassen wollen müssen wir daraus einen großen Püree machen!	No, fruit salad is too chunky. And if we want these fruits to get funky we gotta make a big puree.				
Und wenn wir diese Früchte <N1></N1> werden lassen wollen müssen wir daraus einen großen Püree machen!	No, fruit salad is too chunky. And if we want these fruits to get funky we gotta make a big puree.				
FALSE					
					
Und das ermöglicht es mir, <L1>diskret</L1> auf die Uhr zu schauen, hier, ohne den Arm zu anzuwinkeln.	And that allows me to check my timer discretely, here, without bending my elbow.	diskontinuierlich inkrementell schrittweise diskret Zug um Zug Schritt für Schritt stufenweise | diskret trennbar separierbar | diskret digital | schonend unaufdringlich diskret rücksichtsvoll zurückhaltend verhalten dezent unauffällig leise vorsichtig taktvoll			
Und das ermöglicht es mir, <N1>unauffällig</N1> auf die Uhr zu schauen, hier, ohne den Arm zu anzuwinkeln.	And that allows me to check my timer discretely, here, without bending my elbow.				
TRUE					
					
(Applaus) An alle Mütter, die heute hier sind, sie könnten sich kein besseres Muttertagsgeschenk erwünschen als alle diese Leute <L1>graduieren</L1> zu sehen.	(Applause.) To all the moms who are here today, you could not ask for a better Mother's Day gift than to see all of these folks graduate.				
(Applaus) An alle Mütter, die heute hier sind, sie könnten sich kein besseres Muttertagsgeschenk erwünschen als alle diese Leute <N1>abschliessen</N1> zu sehen.	(Applause.) To all the moms who are here today, you could not ask for a better Mother's Day gift than to see all of these folks graduate.				
TRUE					
					
Und der Grund warum Michelle die Kraft hatte alles zu <L1>jonglieren</L1> und mich zu ertragen, und schließlich den Blickpunkt des Publikum war, weil sie auch, aus einer Familie stammte, die nicht aufgegeben hat - weil sie ihren Vater gesehen hat aufzustehen und geden jeden Tag zur Arbeit zu gehen, obwohl er die Universität nicht beendigt hat, obwohl er lähmende Multiple Sklerose hatte.	And the reason Michelle had the strength to juggle everything, and put up with me and eventually the public spotlight, was because she, too, came from a family of folks who didn't quit~ because she saw her dad get up and go to work every day even though he never finished college, even though he had crippling MS.	jonglieren herumjonglieren sich durchschlängeln lavieren herumlavieren taktieren Schwierigkeiten meistern Klippen umschiffen			
Und der Grund warum Michelle die Kraft hatte alles zu <N1>jonglieren</N1> und mich zu ertragen, und schließlich den Blickpunkt des Publikum war, weil sie auch, aus einer Familie stammte, die nicht aufgegeben hat - weil sie ihren Vater gesehen hat aufzustehen und geden jeden Tag zur Arbeit zu gehen, obwohl er die Universität nicht beendigt hat, obwohl er lähmende Multiple Sklerose hatte.	And the reason Michelle had the strength to juggle everything, and put up with me and eventually the public spotlight, was because she, too, came from a family of folks who didn't quit~ because she saw her dad get up and go to work every day even though he never finished college, even though he had crippling MS.				
TRUE					
					
Nach dem Betriebsinhaber und der Kuchen Kette in diesem Terminkontrakt zu engagieren ein paar Fragen beginnen, um <L1>Pop-up</L1> in jedem ihrer Köpfe	After the farmer and the pie chain get involved in this forward contract a few questions start to pop up in each of their minds the main one is what if the other party isnt able to uphold their end of the contract and this is called counter party risk				
Nach dem Betriebsinhaber und der Kuchen Kette in diesem Terminkontrakt zu engagieren ein paar Fragen beginnen, um <N1></N1> in jedem ihrer Köpfe	After the farmer and the pie chain get involved in this forward contract a few questions start to pop up in each of their minds the main one is what if the other party isnt able to uphold their end of the contract and this is called counter party risk				
FALSE					
					
Aber jetzt stehen wir vor einem dieser seltenen Momente, an dem wir entscheiden müssen, ob wir nur <L1>frenetisch</L1> weiterstrampeln, um dahin zurückzukehren, wo wir vor einem oder zwei Jahren waren, und zurückkehren zu einer sehr beschränkten Idee über den Sinn und Zweck der Wirtschaft - oder ob dies der Moment ist, den Sprung nach vorn zu wagen, neu zu starten, und einige der Dinge zu tun, die wir sowieso schon hätten tun sollen.	But this is one of those very rare moments when we have to choose whether we're just pedaling furiously to get back to where we were a year or two ago, and a very narrow idea of what the economy is for, or whether this is a moment to jump ahead, to reboot and to do some of the things we probably should have been doing anyway.	überschwänglich rasend stürmisch überschäumend tobend tosend frenetisch			
Aber jetzt stehen wir vor einem dieser seltenen Momente, an dem wir entscheiden müssen, ob wir nur <N1>überschwänglich</N1> weiterstrampeln, um dahin zurückzukehren, wo wir vor einem oder zwei Jahren waren, und zurückkehren zu einer sehr beschränkten Idee über den Sinn und Zweck der Wirtschaft - oder ob dies der Moment ist, den Sprung nach vorn zu wagen, neu zu starten, und einige der Dinge zu tun, die wir sowieso schon hätten tun sollen.	But this is one of those very rare moments when we have to choose whether we're just pedaling furiously to get back to where we were a year or two ago, and a very narrow idea of what the economy is for, or whether this is a moment to jump ahead, to reboot and to do some of the things we probably should have been doing anyway.				
TRUE					
					
Nelson, <L1>stop</L1>	Nelson, stop.				
Nelson, <N1>fertig</N1>	Nelson, stop.				
TRUE					
					
Ich kann jetzt sogar, ich kann jetzt sogar skaten -- in Flip-Flops, jeden Trick stehen und nebenher bequem <L1>leger</L1> mit meinen zehn Zehen zehn Haggisacks, -sacks kicken, kein Problem, denn ich kann jetzt zehn Finger tippen.	I can now even, I can now even skate, in flip-flops. Perform every trick, and as I comfortably, casually with my ten toes kick ten footbags -bags, because now I know ten-finger typing.	leger locker sorglos unbesorgt geschmeidig bequem geruhsam formlos entspannt tiefenentspannt zwanglos unförmlich erholsam ausgeruht unverkrampft chillig relaxed ruhig unbeschwert ungezwungen relaxt gelöst lässig | leger lax locker | leger informell lässig salopp sportlich			
Ich kann jetzt sogar, ich kann jetzt sogar skaten -- in Flip-Flops, jeden Trick stehen und nebenher bequem <N1>locker</N1> mit meinen zehn Zehen zehn Haggisacks, -sacks kicken, kein Problem, denn ich kann jetzt zehn Finger tippen.	I can now even, I can now even skate, in flip-flops. Perform every trick, and as I comfortably, casually with my ten toes kick ten footbags -bags, because now I know ten-finger typing.				
TRUE					
					
Mit der Mengenvorausplanungsfunktion von Hootsuite können Sie bis zu 350 Beiträge zeitgesteuert posten. Dadurch können Sie Ihre Publikationsmaßnahmen gezielt und <L1>rationell</L1> vorausplanen und gewinnen mehr Zeit, um auf Ihre Anhänger einzugehen.	Hootsuite's Bulk Upload feature lets you schedule up to 350 posts in advance, giving you the ability to plan what you want to publish, freeing up time that can spent engaging with your followers.	überzeugend effizient leistungsfähig drastisch einschneidend verlustfrei durchschlagend mit hohem Wirkungsgrad tiefgreifend effektiv rationell schlagkräftig wirkungsvoll wirksam verlustarm			
Mit der Mengenvorausplanungsfunktion von Hootsuite können Sie bis zu 350 Beiträge zeitgesteuert posten. Dadurch können Sie Ihre Publikationsmaßnahmen gezielt und <N1>wirtschaftlich</N1> vorausplanen und gewinnen mehr Zeit, um auf Ihre Anhänger einzugehen.	Hootsuite's Bulk Upload feature lets you schedule up to 350 posts in advance, giving you the ability to plan what you want to publish, freeing up time that can spent engaging with your followers.				
TRUE					
					
Sie <L1>alarmieren</L1> ihre Umgebung nicht.	They do not go around hot dogging it.	alarmieren beunruhigen für Unruhe sorgen in Alarmstimmung versetzen | avertieren vorwarnen aufschrecken aufzeigen Alarm schlagen alarmieren warnen Alarm auslösen Alarm geben | aufschrecken alarmieren aufscheuchen wachrütteln wecken emporreißen aufrütteln aufwecken elektrisieren erschüttern			
Sie <N1>alarmieren</N1> ihre Umgebung nicht.	They do not go around hot dogging it.				
TRUE					
					
Starten Sie durch Kneifen das Hemd am Punkt A mit der linken hand, <L1>Pick-up</L1> Punkt B mit der rechten Hand, dann kreuzen Sie die rechte Hand auf den Pick-up Punkt C	Start by pinching the shirt at point  A  with your left hand, pick up point  B  with your right hand, then cross your right hand over to pick up point  C				
Starten Sie durch Kneifen das Hemd am Punkt A mit der linken hand, <N1></N1> Punkt B mit der rechten Hand, dann kreuzen Sie die rechte Hand auf den Pick-up Punkt C	Start by pinching the shirt at point  A  with your left hand, pick up point  B  with your right hand, then cross your right hand over to pick up point  C				
FALSE					
					
Dann haben wir AMIA in die lighweight UI toolkit (LWUTT) implementiert, in <L1>LCD</L1> UI und in AWT für JAVA ME Umgebungen.	We then implemented AMlA on the lightweight UI toolkit (LWUlT), on LCD Ul, and for AWT for JAVA ME environments.	TFT-Display Flüssigkristallbildschirm LCD			
Dann haben wir AMIA in die lighweight UI toolkit (LWUTT) implementiert, in <N1></N1> UI und in AWT für JAVA ME Umgebungen.	We then implemented AMlA on the lightweight UI toolkit (LWUlT), on LCD Ul, and for AWT for JAVA ME environments.				
FALSE					
					
Wenn sie eine barrierefreies Dokument erstellt haben können sie es nicht nur barrierefrei ins <L1>PDF-Format</L1> exportieren, sondern mit Hilfe des von AEGIS entwickelten odt2Daisy Plugins auch direkt ein Digitales Audiobuch erstellen, oder mit dem odt2Braille Plugin ein Blindenschriftbuch aus ihrem Dokument erstellen.	Once you have created an accessible document, you can not only export it accessibly to PDF as normal, but through the AEGlS-developed odt2Daisy plugin, you can immediately create a digital audio talking book, or with the odt2Braille plugin, you can create and emboss a Braille book from your document.				
Wenn sie eine barrierefreies Dokument erstellt haben können sie es nicht nur barrierefrei ins <N1>PDF-Format</N1> exportieren, sondern mit Hilfe des von AEGIS entwickelten odt2Daisy Plugins auch direkt ein Digitales Audiobuch erstellen, oder mit dem odt2Braille Plugin ein Blindenschriftbuch aus ihrem Dokument erstellen.	Once you have created an accessible document, you can not only export it accessibly to PDF as normal, but through the AEGlS-developed odt2Daisy plugin, you can immediately create a digital audio talking book, or with the odt2Braille plugin, you can create and emboss a Braille book from your document.				
TRUE					
					
Sie sind ein wenig <L1>revolutionär</L1> indem was sie tun.	They're a bit subversive in what they do.	epochemachend stilbildend revolutionär bahnbrechend umwälzend epochal			
Sie sind ein wenig <N1>bahnbrechend</N1> indem was sie tun.	They're a bit subversive in what they do.				
TRUE					
					
Und wir haben keinerlei wie auch immer geartete Kenntnis von der Qualität dieser Geräte, aber wir schauen auf einen der kombinierten TV- und <L1>DVD-Player</L1> und sagen: Uff.	And we have no knowledge whatsoever of the quality of those things, but we look at a combined TV and DVD player and we go,  Uck.	DVD-Abspielgerät DVD-Player DVD-Spieler			
Und wir haben keinerlei wie auch immer geartete Kenntnis von der Qualität dieser Geräte, aber wir schauen auf einen der kombinierten TV- und <N1>DVD-Player</N1> und sagen: Uff.	And we have no knowledge whatsoever of the quality of those things, but we look at a combined TV and DVD player and we go,  Uck.				
TRUE					
					
Warum geben Menschen durchschnittlich 15 bis 30 Prozent mehr aus, wenn Sie eine <L1>EC-Karte</L1> oder eine Kreditkarte benutzen, als bei Bargeld?	Why do people spend an average of 15 to 30 percent more when they use an ATM card or a credit card as opposed to cash?	Bankkarte Sparkassenkarte Girocard Plastikgeld EC-Karte ec-Karte ec-Card Scheckkarte Bankomatkarte Debitkarte			
Warum geben Menschen durchschnittlich 15 bis 30 Prozent mehr aus, wenn Sie eine <N1>Bankkarte</N1> oder eine Kreditkarte benutzen, als bei Bargeld?	Why do people spend an average of 15 to 30 percent more when they use an ATM card or a credit card as opposed to cash?				
TRUE					
					
Und die Art, wie, die ich darüber nachdenke, ist, dass diese--sobald Sie haben ein Orbital, das <L1>orbital</L1> gefüllt etwas stabiler wird.	And the way I think about it is that these-- once you've filled an orbital, that orbital becomes somewhat stable.	den Augapfel betreffend orbital			
Und die Art, wie, die ich darüber nachdenke, ist, dass diese--sobald Sie haben ein Orbital, das <N1></N1> gefüllt etwas stabiler wird.	And the way I think about it is that these-- once you've filled an orbital, that orbital becomes somewhat stable.				
FALSE					
					
Angenommen, es ist ein <L1>HIV-Test</L1> - für das Virus, das AIDS auslöst - und angenommen, der Test sagt, die Person sei infiziert.	Let's suppose there's a test for HlV -- the virus that causes AlDS -- and the test says the person has the disease.				
Angenommen, es ist ein <N1>HIV-Test</N1> - für das Virus, das AIDS auslöst - und angenommen, der Test sagt, die Person sei infiziert.	Let's suppose there's a test for HlV -- the virus that causes AlDS -- and the test says the person has the disease.				
TRUE					
					
Das kann ein <L1>WLAN</L1> sein, das kann das Internet sein, das kann ein Bote sein, der unsere Nachricht transportiert. Jeder Kanal, wo wir nicht darauf vertrauen können, dass er sicher ist.	This could be a wireless network, this could be the internet, this could be a courier carrying your message, any channel where we can't trust the channel to be secure.				
Das kann ein <N1>WLAN</N1> sein, das kann das Internet sein, das kann ein Bote sein, der unsere Nachricht transportiert. Jeder Kanal, wo wir nicht darauf vertrauen können, dass er sicher ist.	This could be a wireless network, this could be the internet, this could be a courier carrying your message, any channel where we can't trust the channel to be secure.				
TRUE					
					
Rapid-Prototyping und <L1>CAD</L1> verstehen. Die Mediziner unter Ihnen, falls welche da sind, werden die ersten beiden erkennen. Aber in diesem Raum wird es keinen geben, der alle vier Worte versteht.	The medics amongst you, if there are any, will recognize the first two, but there will be nobody else here that understands all those four words.	rechnerunterstützte Konstruktion Computer Aided Design CAD computerunterstütztes Entwerfen und Konstruieren			
Rapid-Prototyping und <N1>rechnergestütztes Entwerfen</N1> verstehen. Die Mediziner unter Ihnen, falls welche da sind, werden die ersten beiden erkennen. Aber in diesem Raum wird es keinen geben, der alle vier Worte versteht.	The medics amongst you, if there are any, will recognize the first two, but there will be nobody else here that understands all those four words.				
TRUE					
					
Genau das gleiche 12 jährige kleiner Junge-Mann-Mädchen, nur dass ich keinen <L1>Sport-BH</L1> trage.	Just the same 12-year-old little boy-man-girl, except I'm not wearing a sports bra.				
Genau das gleiche 12 jährige kleiner Junge-Mann-Mädchen, nur dass ich keinen <N1>Sport-Büstenhalter</N1> trage.	Just the same 12-year-old little boy-man-girl, except I'm not wearing a sports bra.				
TRUE					
					
Aki rice salt fish are <L1>nice</L1> -- ist ein Sinnbild für die Bedeutung des Stockfisches im nordöstlichen Kanada.	Ackee rice salt fish are nice  -- is an emblem of the importance of salt cod from northeastern Canada.				
Aki rice salt fish are <N1></N1> -- ist ein Sinnbild für die Bedeutung des Stockfisches im nordöstlichen Kanada.	Ackee rice salt fish are nice  -- is an emblem of the importance of salt cod from northeastern Canada.				
FALSE					
					
Kinderwagen mit ihren vielfältigen Umbaumöglichkeiten sollten die Kinder eigentlich die ersten 3 Lebensjahre begleiten indem sie sich <L1>ergonomisch</L1> dem wachsendem Körper anpassen lassen doch im Test stellte sich schnell heraus - zu enge Sitze zu kurze Lehnen und zu lange oft nicht verstellbare Fußstützen für viele Kinder sind die Wagen entweder zu groß oder zu klein und oft unbequem.	But in the Test they found out fast things like - to narrow seats to short armrests and too long - and ofte not adjustable foot rests for lots of children the baby trollers are zu big or to small and often uncomfortable. inconvenient can be the handling, the first montage and be the folding for the transport in car.				
Kinderwagen mit ihren vielfältigen Umbaumöglichkeiten sollten die Kinder eigentlich die ersten 3 Lebensjahre begleiten indem sie sich <N1>benutzerfreundlich</N1> dem wachsendem Körper anpassen lassen doch im Test stellte sich schnell heraus - zu enge Sitze zu kurze Lehnen und zu lange oft nicht verstellbare Fußstützen für viele Kinder sind die Wagen entweder zu groß oder zu klein und oft unbequem.	But in the Test they found out fast things like - to narrow seats to short armrests and too long - and ofte not adjustable foot rests for lots of children the baby trollers are zu big or to small and often uncomfortable. inconvenient can be the handling, the first montage and be the folding for the transport in car.				
TRUE					
					
Der <L1>IQ-Test</L1> ist die mentale Verarbeitung -- wie schnell Sie Informationen aufnehmen können; wie Sie sie behalten und abrufen -- das ist heutzutage essentiell für den Erfolg im Leben.	Full-scale I.Q. is the mental processing -- how fast you can acquire information, retain it and retrieve it -- that is essential for success in life today.	Intelligenztest IQ-Test			
Der <N1>IQ-Test</N1> ist die mentale Verarbeitung -- wie schnell Sie Informationen aufnehmen können; wie Sie sie behalten und abrufen -- das ist heutzutage essentiell für den Erfolg im Leben.	Full-scale I.Q. is the mental processing -- how fast you can acquire information, retain it and retrieve it -- that is essential for success in life today.				
TRUE					
					
Die <L1>ISO</L1> Empfindlichkeit habe ich recht hoch geschraubt, denn auf der Bühne ist's dunkel.	The ISO is pushed quite hight, because on stage it's very dark.	Internationale Organisation für Standardisierung ISO			
Die <N1>ISO</N1> Empfindlichkeit habe ich recht hoch geschraubt, denn auf der Bühne ist's dunkel.	The ISO is pushed quite hight, because on stage it's very dark.				
TRUE					
					
- Das hört sich doch <L1>grotesk</L1> an.	That's preposterous!	grotesk bedrohlich beängstigend rätselhaft kafkaesk | absurd grotesk fratzenhaft | eigenartig eigentümlich eigenwillig komisch schräg verquer ungewöhnlich skurril sonderbar befremdend befremdlich bizarr fällt aus dem Rahmen abstrus absurd lächerlich aberwitzig grotesk kurios merkwürdig abgedreht			
- Das hört sich doch <N1>bedrohlich</N1> an.	That's preposterous!				
TRUE					
					
Irene Adler, wie ich noch nennen sie hatte die Treppe hinauf eilte, aber sie stand an der <L1>top</L1> mit einem prächtigen Gestalt gegen die Lichter der Halle skizziert, Blick zurück in die der Straße.	Irene Adler, as I will still call her, had hurried up the steps; but she stood at the top with her superb figure outlined against the lights of the hall, looking back into the street.	Tagesordnungspunkt TOP Traktandum | genial geil brillant glänzend absolut super exzellent beispiellos von außerordentlicher Qualität atemraubend magnifik wunderbar begnadet einzigartig affengeil sagenhaft unglaublich absoluter Wahnsinn hinreißend unübertroffen fetzt berückend überragend saugeil fulminant absolut irre erstklassig top süperb überwältigend ohne Beispiel atemberaubend phantastisch phänomenal ganz großes Kino urst zum Sterben schön unvergleichlich vom Feinsten wumbaba unübertrefflich fantastisch bestens hervorragend nicht zu toppen nicht zu fassen du kriegst die Motten allererste Sahne herausragend umwerfend hammergeil zum Niederknien toll traumhaft himmelsgleich rockt grandios megacool ganz große Klasse himmlisch wundervoll großartig super superb klasse fabelhaft ausgezeichnet stark sauber cool tipptopp prima leiwand knorke dufte doll zum Reinlegen töfte astrein phatt hasenrein 1A tofte der Hit erste Sahne leinwand spitze nicht schlecht bombig			
Irene Adler, wie ich noch nennen sie hatte die Treppe hinauf eilte, aber sie stand an der <N1></N1> mit einem prächtigen Gestalt gegen die Lichter der Halle skizziert, Blick zurück in die der Straße.	Irene Adler, as I will still call her, had hurried up the steps; but she stood at the top with her superb figure outlined against the lights of the hall, looking back into the street.				
FALSE					
					
Ich sehe so etwas, und mache mir aus lauter Angst vor Blogs - um es <L1>salopp</L1> auszudrücken - die Hosen voll, weil das nichts Gutes ist.	I see this, and I'm sure scared -- I swear on stage -- shitless about blogs, because this is not something that's friendly.	leger informell lässig salopp sportlich | unbekümmert nonchalant salopp unernst hanswurstig flapsig | locker hemdsärmelig bequem ungezwungen salopp hemdärmelig hemdärmlig | dreist unverschämt impertinent nassforsch rotzfrech unangemessen pampig präpotent anmaßend respektlos unbotmäßig unartig ungehobelt unflätig unhöflich ungeschliffen unmanierlich rotznäsig unanständig frech unverfroren ungezogen schlecht erzogen rücksichtslos ungehörig ungebührlich salopp nickelig schnodderig kodderig ungesittet dreibastig kotzbrockig koddrig patzig frech wie Dreck flapsig ungebührend | kess salopp			
Ich sehe so etwas, und mache mir aus lauter Angst vor Blogs - um es <N1>lässig</N1> auszudrücken - die Hosen voll, weil das nichts Gutes ist.	I see this, and I'm sure scared -- I swear on stage -- shitless about blogs, because this is not something that's friendly.				
TRUE					
					
Und - und ich druckte ihre Worte aus - oder ich habe ein <L1>PDF</L1> ihres Blogs an ihre Familie geschickt, und dann teilten sie ihre Worte bei ihrer Beerdigung aus, und sogar in ihrem Nachruf erwähnten sie ihren Blog, weil es so ein großer Teil ihres Lebens gewesen war. Und das ist herausragend.	And so I printed out and sent a PDF of her blog to her family, and they passed it out at her memorial service, and even in her obituary, they mentioned her blog, because it was such a big part of her life.	Portable Document Format PDF			
Und - und ich druckte ihre Worte aus - oder ich habe ein <N1>PDF</N1> ihres Blogs an ihre Familie geschickt, und dann teilten sie ihre Worte bei ihrer Beerdigung aus, und sogar in ihrem Nachruf erwähnten sie ihren Blog, weil es so ein großer Teil ihres Lebens gewesen war. Und das ist herausragend.	And so I printed out and sent a PDF of her blog to her family, and they passed it out at her memorial service, and even in her obituary, they mentioned her blog, because it was such a big part of her life.				
TRUE					
					
Zum Abschluss, wir hörten vor einigen Tagen von dem Wert, das individuelle Heldentum so alltäglich zu machen, dass es <L1>banal</L1> oder zur Routine wird.	Now, to close, we heard a couple of days ago about the value of making individual heroism so commonplace that it becomes banal or routine.	nichtssagend billig leer witzlos wohlfeil beliebig geistlos trivial oberflächlich platt inhaltsleer seicht flau ohne Aussage abgedroschen banal abgeschmackt schal nichts sagend hohl | schlicht banal simpel | schlicht einfach banal ordinär gewöhnlich stinknormal überall vorhanden nichts Besonderes schnöde gibt's im Überfluss mittelprächtig normal mittelmäßig profan alltäglich gemein handelsüblich durchschnittlich Plain Vanilla			
Zum Abschluss, wir hörten vor einigen Tagen von dem Wert, das individuelle Heldentum so alltäglich zu machen, dass es <N1>witzlos</N1> oder zur Routine wird.	Now, to close, we heard a couple of days ago about the value of making individual heroism so commonplace that it becomes banal or routine.				
TRUE					
					
Und falls euch keine Worte einfallen oder keine Dinge mit denen ihr <L1>kontern</L1> könnt, denkt daran was ich sagen würde, denkt daran was euer Therapeut sagen würde, oder eure beste Freundin, wenn sie jemanden so mit dir reden hören würden wie deine Essstörung es tut.	And if you find yourself at a loss for words, or for things to talk back to it, think of what I would say. Think what your therapist would say, or what your best friend would say if they heard someone talking to you the way your eating disorder is talking to you, that can be really helpful.	entgegensetzen dagegenhalten jemandem entgegentreten Paroli bieten jemandem die Stirn bieten Kontra geben kontern | erwidern widersprechen einwenden kontern einwerfen objizieren mit dem Gegenargument kommen den Einwand erheben entgegenhalten entgegnen			
Und falls euch keine Worte einfallen oder keine Dinge mit denen ihr <N1>entgegensetzen</N1> könnt, denkt daran was ich sagen würde, denkt daran was euer Therapeut sagen würde, oder eure beste Freundin, wenn sie jemanden so mit dir reden hören würden wie deine Essstörung es tut.	And if you find yourself at a loss for words, or for things to talk back to it, think of what I would say. Think what your therapist would say, or what your best friend would say if they heard someone talking to you the way your eating disorder is talking to you, that can be really helpful.				
TRUE					
					
Wenn mann sie trifft, dann schießen sie sich auf einen ein, dann sehen sie einem in die Augen, dringen in den persönlichen Raum ein und <L1>massieren</L1> einem den Hinterkopf.	When you meet them, they lock into you, they look you in the eye, they invade your personal space, they massage the back of your head.	durchkneten kneten walken massieren			
Wenn mann sie trifft, dann schießen sie sich auf einen ein, dann sehen sie einem in die Augen, dringen in den persönlichen Raum ein und <N1>kneten</N1> einem den Hinterkopf.	When you meet them, they lock into you, they look you in the eye, they invade your personal space, they massage the back of your head.				
TRUE					
					
Was <L1>vital</L1> / lebenswichtig in der einen ist, ist nicht richtig in der anderen.	What is vital in one is not right for the other.	lebendig vital munter lebenskräftig sanguin aktiv in Bewegung nicht kaputt zu kriegen quicklebendig lebhaft quirlig quietschlebendig springlebendig rührig putzmunter tätig rege umtriebig | essentiell lebenswichtig vital essenziell überlebenswichtig lebensnotwendig wichtig wie die Luft zum Atmen existenziell lebenserhaltend | vital quicklebendig voller Leben gesund und munter | vital munter agil rüstig unternehmungslustig junggeblieben			
Was <N1>lebendig</N1> / lebenswichtig in der einen ist, ist nicht richtig in der anderen.	What is vital in one is not right for the other.				
TRUE					
					
Vielleicht solltet ihr, bevor das SWAT-Team auftaucht, die Einladung in meinen <L1>SUV</L1> annehmen. Wir trinken, wir reden, na?	So perhaps, before SWAT team arrives and, you can accept my invitation to my SUV, we, we drink, we talk, huh?	Schlampenpanzer Sport Utility Vehicle Geländelimousine SUV			
Vielleicht solltet ihr, bevor das SWAT-Team auftaucht, die Einladung in meine <N1>Geländelimousine</N1> annehmen. Wir trinken, wir reden, na?	So perhaps, before SWAT team arrives and, you can accept my invitation to my SUV, we, we drink, we talk, huh?				
TRUE					
					
Daran anknüpfend, Warum sagst du, dass die Evolution <L1>mysteriös</L1> ist?	So just to follow up why do you say that evolution is mysterious?	unheimlich unverständlich geheimnisumwittert geheimnisumwoben mysteriös | unklar verborgen schleierhaft mysteriös rätselhaft Geheimnis ein Rätsel im Dunkeln | unergründlich okkult schleierhaft nebulös geheimnisumwittert geheimnisumwoben sibyllinisch delphisch wundersam geheimnisvoll mysteriös sagenumwoben arkan rätselhaft sibyllenhaft orphisch			
Daran anknüpfend, Warum sagst du, dass die Evolution <N1>geheimnisumwoben</N1> ist?	So just to follow up why do you say that evolution is mysterious?				
TRUE					
					
Bekanntlich teilen sie sich immer, Bakterien vermehren sich, indem sie sich zweiteilen, <L1>klonen</L1> - genetisch ident, so passiert das.	And they always divide as you know, bacteria they grow or they multiply by just dividing themselves into two and they make clones of themselves, genetically identical, and so this is what happens.	sich unterhalten plaudern schnacken miteinander reden plauschen konversieren Smalltalk machen quatschen parlieren babbeln Small Talk machen quatern ratschen babbele quasseln Konversation machen klönen | kopieren vervielfältigen klonen replizieren verdoppeln klonieren duplizieren | Klonen ungeschlechtliche Vermehrung asexuelle Vermehrung vegetative Vermehrung			
Bekanntlich teilen sie sich immer, Bakterien vermehren sich, indem sie sich zweiteilen, <N1>klonen</N1> - genetisch ident, so passiert das.	And they always divide as you know, bacteria they grow or they multiply by just dividing themselves into two and they make clones of themselves, genetically identical, and so this is what happens.				
TRUE					
					
Man kan zwischen den Höhen <L1>flippen</L1> und verschiedene Modelle und Fabrikanten anzeigen lassen.	You can also toggle between altitude for model and manufacturer.				
Man kan zwischen den Höhen <N1>wechseln</N1> und verschiedene Modelle und Fabrikanten anzeigen lassen.	You can also toggle between altitude for model and manufacturer.				
TRUE					
					
Und man kann herum <L1>scrollen</L1> und einige der verschiedenen Flughäfen und unterschiedlichen Muster sehen, die es gibt.	And you can scroll around and see some of the different airports and the different patterns that they have.	rollen blättern scrollen Bildschirminhalt verschieben | Bildlauf Scrollen			
Und man kann herum <N1>scrollen</N1> und einige der verschiedenen Flughäfen und unterschiedlichen Muster sehen, die es gibt.	And you can scroll around and see some of the different airports and the different patterns that they have.				
TRUE					
					
Wie weit <L1>flippig</L1> - wie verrückt du leben möchtest - wird bestimmt durch dein Wertesystem und deine Lebensweise.	How far way out- how far out you want to live- will be determined by your value system, and your lifestyle.				
Wie weit <N1>sprunghaft</N1> - wie verrückt du leben möchtest - wird bestimmt durch dein Wertesystem und deine Lebensweise.	How far way out- how far out you want to live- will be determined by your value system, and your lifestyle.				
TRUE					
					
Eine Identität wurde <L1>primär</L1> durch Religion definiert.	An identity was defined primarily by religion.	erst einmal zuvörderst zuallererst zuerst erstmal an erster Stelle in erster Linie vor allem vorrangig primär zunächst | dringend essentiell essenziell drastisch bedeutend wesentlich wichtig grundlegend prinzipiell primär heftig fundamental substanziell eminent von essentieller Bedeutung von essenzieller Bedeutung elementar von elementarer Bedeutung basal von grundlegender Bedeutung vehement resolut ins Gewicht fallend | überwiegend größtenteils vorwiegend vor allem vorrangig primär hauptsächlich insbesondere in der Hauptsache schwerpunktmäßig vor allen Dingen			
Eine Identität wurde <N1>zuallererst</N1> durch Religion definiert.	An identity was defined primarily by religion.				
TRUE					
					
Und das Tolle daran ist, dass wir jedes Einzelne so <L1>kalibrieren</L1> können, dass es auf seinen Einsatzort abgestimmt ist, dass es auf den Einfallswinkel der Sonne abgestimmt ist und auch wie es sich verbiegt.	And the great thing with that is the fact that we can calibrate each one to be very, very specific to its location, to the angle of the sun, and also how the thing actually curls.	einrichten fluchten konfigurieren einstellen justieren ausrichten kalibrieren eichen			
Und das Tolle daran ist, dass wir jedes Einzelne so <N1>einrichten</N1> können, dass es auf seinen Einsatzort abgestimmt ist, dass es auf den Einfallswinkel der Sonne abgestimmt ist und auch wie es sich verbiegt.	And the great thing with that is the fact that we can calibrate each one to be very, very specific to its location, to the angle of the sun, and also how the thing actually curls.				
TRUE					
					
Wenn man es angenehmer machen könnte und das nun in acht oder zehn Minuten schafft, Sie können Ihr Fahrzeug nicht finden, es wegfahren, oder es bewegen, <L1>umparken</L1> oder sonstwo damit hinfahren; sie können kein Taxi bekommen oder die U-Bahn nehmen.	If you could make it fun, and make it eight or 10 minutes, you can't find your car, un-park your car, move your car, re-park your car and go somewhere; you can't get to a cab or a subway.				
Wenn man es angenehmer machen könnte und das nun in acht oder zehn Minuten schafft, Sie können Ihr Fahrzeug nicht finden, es wegfahren, oder es bewegen, <N1>umparken</N1> oder sonstwo damit hinfahren; sie können kein Taxi bekommen oder die U-Bahn nehmen.	If you could make it fun, and make it eight or 10 minutes, you can't find your car, un-park your car, move your car, re-park your car and go somewhere; you can't get to a cab or a subway.				
TRUE					
					
Jedes mal wenn ELISA positiv ist, das heißt nicht, dass der Patient <L1>HIV-positiv</L1> ist.	You can be diagnosed with AlDS without ever having a HlV test. In 1987 I had galleria on my arm and it was KS - Kaposi's sarcoma. The doctor diagnosed you with AlDS without a HlV test?				
Jedes mal wenn ELISA positiv ist, das heißt nicht, dass der Patient <N1>HIV-positiv</N1> ist.	You can be diagnosed with AlDS without ever having a HlV test. In 1987 I had galleria on my arm and it was KS - Kaposi's sarcoma. The doctor diagnosed you with AlDS without a HlV test?				
TRUE					
					
Obwohl Lindsey in Rumänien <L1>HIV-negativ</L1> war, rief mich Dr. McCew an und sagte, dass es Probleme mit den Tests gäbe, die sie gemacht hätten und wir müssten gleich kommen und sie sehen.	She was hard to handle at the table. And then the leg cramp started. Once that's started it got progressively worse.				
Obwohl Lindsey in Rumänien <N1>HIV-negativ</N1> war, rief mich Dr. McCew an und sagte, dass es Probleme mit den Tests gäbe, die sie gemacht hätten und wir müssten gleich kommen und sie sehen.	She was hard to handle at the table. And then the leg cramp started. Once that's started it got progressively worse.				
TRUE					
					
bref j'avais <L1>passé</L1> un entretien d'embauche que je pensais avoir raté do you speak english ? yes where are you from ? yes mais ils m'ont engagé à l'intendance ils m'ont dit que je ferais tout et rien vous ferez tout et rien je me suis rendu compte que je faisais tout et eux ils faisaient rien en y repenssant j'ai compris pourquoi ils m'avaient pris vous demandez quoi en terme de salaire ? ...de l'argent merde ! je faisais du café je rechargeais les photocopieuses un jour Fabien m'a dit	Kurz ich hatte eine Vorstellungsgesprach gehabt , das ich dachte, verpasste hatte Do you speak english ? yes Where are you from ? yes aber sie haben mich in dem Dienst genohmen im Nachschube	dahin passé gewesen vorbei  mit abgelaufen passee verflossen herum gelaufen aus  mit es war einmal beendet vorbei vergangen vorüber rum aus und vorbei tot und begraben | überholt veraltet antiquiert passé altmodisch out nicht mehr angesagt Schnee von gestern abgelutscht ausgelutscht unmodern vorbei altbacken ausgedient haben aus der Mode anachronistisch uncool hat seine Chance gehabt zum alten Eisen gehörend war mal. hat seine besten Zeiten hinter sich Vergangenheit sein nicht mehr zeitgemäß damit lockt man keinen Hund mehr hinter dem Ofen hervor nicht mehr aktuell nicht mehr auf der Höhe der Zeit unzeitgemäß Die Zeiten sind vorbei nicht mehr Stand der Technik gute alte der Vergangenheit angehören gehört entsorgt nicht mehr State of the Art Old School abgemeldet nicht mehr in Mode vorsintflutlich nicht mehr up to date hatte seine Chance hat sich erledigt | abgegriffen abgedroschen überkommen überholt veraltet hat seine Zeit gehabt passé vernutzt altmodisch nostalgisch hat seine Zeit hinter sich abgenudelt out längst vergessen geglaubt veraltend nicht mehr angesagt Schnee von gestern obsolet abgelutscht			
bref j'avais <N1></N1> un entretien d'embauche que je pensais avoir raté do you speak english ? yes where are you from ? yes mais ils m'ont engagé à l'intendance ils m'ont dit que je ferais tout et rien vous ferez tout et rien je me suis rendu compte que je faisais tout et eux ils faisaient rien en y repenssant j'ai compris pourquoi ils m'avaient pris vous demandez quoi en terme de salaire ? ...de l'argent merde ! je faisais du café je rechargeais les photocopieuses un jour Fabien m'a dit	Kurz ich hatte eine Vorstellungsgesprach gehabt , das ich dachte, verpasste hatte Do you speak english ? yes Where are you from ? yes aber sie haben mich in dem Dienst genohmen im Nachschube		französisch		
FALSE					
					
Die Affen <L1>poppen</L1> und dann machen sie mehr Affen	The monkeys have sex and then they make more monkeys	vernaschen bimsen schnackseln erkennen rammeln koitieren intim werden sich lieben kohabitieren flachlegen poppen Rohr verlegen Geschlechtsverkehr haben kopulieren einen wegstecken den Beischlaf vollführen Sex haben pudern begatten bumsen vögeln verkehren Sex machen Liebe machen mit jemandem schlafen es treiben Verkehr haben nageln Nummer schieben Lachs buttern pimpern ehelichen Pflichten nachkommen ficken es kommt zum Geschlechtsverkehr			
Die Affen <N1>rammeln</N1> und dann machen sie mehr Affen	The monkeys have sex and then they make more monkeys				
TRUE					
					
--sorry, 99 Dollar, <L1>sorry</L1> --	If I take 1 from the ten's place, that's like adding 10 to the ones place. Don't want to confuse you.	tut mir echt leid tut mir leid bedaure sehr ich bin untröstlich tut mir außerordentlich leid bedaure sorry (ich) bitte tausendmal um Entschuldigung			
--sorry, 99 Dollar, <N1></N1> --	If I take 1 from the ten's place, that's like adding 10 to the ones place. Don't want to confuse you.				
FALSE					
					
Als ich Harriet im nächsten Jahr persönlich an der TED Konferenz kennenlernte, hatte sie online schon unsere eigenen <L1>happy</L1> Haplotype T-shirts bestellt.	And when I met Harriet in person the next year at the TED Conference, she'd gone online and ordered our own happy Haplotype T-shirts.	froh glücklich zufrieden happy			
Als ich Harriet im nächsten Jahr persönlich an der TED Konferenz kennenlernte, hatte sie online schon unsere eigenen <N1>glücklichen</N1> Haplotype T-shirts bestellt.	And when I met Harriet in person the next year at the TED Conference, she'd gone online and ordered our own happy Haplotype T-shirts.				
TRUE					
					
Mit Bluetooth oder W-LAN <L1>beamen</L1> sie Bilder auf ihre Augen.	BlueTooth, WiFi available -- beams back images to your eye.				
Mit Bluetooth oder W-LAN <N1>strahlen</N1> sie Bilder auf ihre Augen.	BlueTooth, WiFi available -- beams back images to your eye.				
TRUE					
					
Die <L1>CPU</L1> konnte die vier grundlegenden arithmetischen Funktionen ausführen -- also Addition, Multiplikation, Subtraktion, Division -- ein ziemliches Kunststück in Metall, aber sie konnte auch etwas, das ein Computer im Gegensatz zu einem Rechenautomat konnte: Sie konnte ihren eigenen internen Speicher betrachten und eine Entscheidung treffen.	The CPU could do the four fundamental functions of arithmetic -- so addition, multiplication, subtraction, division -- which already is a bit of a feat in metal, but it could also do something that a computer does and a calculator doesn't: this machine could look at its own internal memory and make a decision.	Kern Prozessor Mikroprozessor Central Processing Unit zentrale Prozessoreinheit CPU Hauptprozessor Zentraleinheit			
Der <N1>Prozessorkern</N1> konnte die vier grundlegenden arithmetischen Funktionen ausführen -- also Addition, Multiplikation, Subtraktion, Division -- ein ziemliches Kunststück in Metall, aber sie konnte auch etwas, das ein Computer im Gegensatz zu einem Rechenautomat konnte: Sie konnte ihren eigenen internen Speicher betrachten und eine Entscheidung treffen.	The CPU could do the four fundamental functions of arithmetic -- so addition, multiplication, subtraction, division -- which already is a bit of a feat in metal, but it could also do something that a computer does and a calculator doesn't: this machine could look at its own internal memory and make a decision.				
TRUE					
					
Etwas so Kompliziertes wie eine Wolke, die so unbeständig, so <L1>variabel</L1> ist, sollte doch eigentlich einer einfachen Regel unterliegen...?	Something so complicated like a cloud, so unstable, so varying, should have a simple rule behind it.	mutabel veränderlich fluid veränderbar beweglich variabel variant wandelbar abwandelbar | beweglich variabel flink behände biegsam gewandt agil flexibel elastisch mobil gelenkig wendig leichtfüßig			
Etwas so Kompliziertes wie eine Wolke, die so unbeständig, so <N1>veränderlich</N1> ist, sollte doch eigentlich einer einfachen Regel unterliegen...?	Something so complicated like a cloud, so unstable, so varying, should have a simple rule behind it.				
TRUE					
					
Wenn ich einen meiner eigenen Titel spiele und sehe, wie die Leute <L1>ausflippen</L1> ... ist das so erfüllend.	When I play one of my own tracks and see the dance floor go crazy... it's so fulfilling.	abgehen explodieren hochgehen wie ein HB-Männchen an die Decke gehen hochgehen wie eine Rakete abspacen ausrasten einen Tobsuchtsanfall kriegen ausflippen austicken einen Rappel kriegen herumwüten (quasi) Schaum vorm Mund haben ausklinken Wutanfall kriegen die Nerven verlieren sich vergessen vor Wut schäumen verrückt werden überschnappen durchdrehen aus der Haut fahren auszucken (beinahe) platzen die Beherrschung verlieren Gift und Galle spucken			
Wenn ich einen meiner eigenen Titel spiele und sehe, wie die Leute <N1>überschnappen</N1> ... ist das so erfüllend.	When I play one of my own tracks and see the dance floor go crazy... it's so fulfilling.				
TRUE					
					
Er holte, laut Brian, dem Scientologen, verlorene Zeit auf - was, wie ich weiß, <L1>ominös</L1> klingt, aber nicht unbedingt ominös sein muss.	He was, according to Brian the Scientologist, making up for lost time, which I know sounds ominous, but isn't necessarily ominous.	ominös vielzitiert oft erwähnt häufig genannt sprichwörtlich vielbeschworen viel berufen legendär | eigenartig eigentümlich außergewöhnlich komisch ungewöhnlich sonderbar merkwürdig obskur ominös wunderlich eigen Ding seltsam | komisch merkwürdig ominös seltsam | fragwürdig windig dunkel zweifelhaft undurchsichtig zwielichtig obskur nicht koscher dubios nicht vertrauenswürdig anrüchig ominös			
Er holte, laut Brian, dem Scientologen, verlorene Zeit auf - was, wie ich weiß, <N1>merkwürdig</N1> klingt, aber nicht unbedingt ominös sein muss.	He was, according to Brian the Scientologist, making up for lost time, which I know sounds ominous, but isn't necessarily ominous.				
TRUE					
					
Wissen Sie, zu meiner Verteidigung, damals gab es kein Google; man konnte nicht einfach <L1>googeln</L1> im Jahre 91.	You know, in my defense, there was no Google at that time; you could not just Google in '91.				
Wissen Sie, zu meiner Verteidigung, damals gab es kein Google; man konnte nicht einfach <N1>googeln</N1> im Jahre 91.	You know, in my defense, there was no Google at that time; you could not just Google in '91.				
TRUE					
					
Mit diesem Trick kann euer Gegner eure Schwachstellen nicht exakt <L1>anvisieren</L1> und in die Lücken eurer vertikalen Panzerung schießen.	With this trick, your enemy won't be able to aim at your weak spots accurately and fire at your vertical armor gaps.	anpeilen etwas in den Blick nehmen es abgesehen haben auf willens sein beabsichtigen etwas fixieren erstreben hinter etwas her sein streben nach sich konzentrieren anvisieren (erreichen) wollen anstreben ringen um bezwecken es anlegen auf alles tun, um zu sich auf die Fahnen geschrieben haben darauf aus sein abzielen vorhaben gewillt sein intendieren zum Ziel setzen hinarbeiten trachten nach in den Kopf setzen (zu tun) gedenken im Sinne haben fest vornehmen | in den Blick nehmen anvisieren fokussieren in den Fokus nehmen sich konzentrieren auf in den Mittelpunkt stellen Fokus richten auf			
Mit diesem Trick kann euer Gegner eure Schwachstellen nicht exakt <N1>anpeilen</N1> und in die Lücken eurer vertikalen Panzerung schießen.	With this trick, your enemy won't be able to aim at your weak spots accurately and fire at your vertical armor gaps.				
TRUE					
					
Es könnte zuallerst verwirrend gewesen sein, weil wir mit einer Zahl hantieren die <L1>imaginär</L1> ist, und ich eine zyklische Eigeneschaft lehre.	It might have been confusing the first time because we're dealing with a number that's  imaginary,  and I'm teaching the cycle property of it.	imaginär unfassbar unkörperlich feenhaft immateriell unstofflich nicht greifbar ätherisch vergeistigt körperlos nicht fassbar engelhaft elfenhaft | erfunden spekulativ eingebildet imaginär belegfrei aus der Luft gegriffen ist nichts Wahres dran imaginiert erlogen ohne Realitätsgehalt fiktiv surreal frei phantasiert irreal zusammenfantasiert Produkt der Phantasie ausgedacht erstunken und erlogen ohne Realitätsbezug nicht auf Tatsachen beruhen frei erfunden an den Haaren herbeigezogen			
Es könnte zuallerst verwirrend gewesen sein, weil wir mit einer Zahl hantieren die <N1>imaginär</N1> ist, und ich eine zyklische Eigeneschaft lehre.	It might have been confusing the first time because we're dealing with a number that's  imaginary,  and I'm teaching the cycle property of it.				
TRUE					
					
Es que soy un poquito güerita de mis piernitas y de mi espalda. Weil ich ein bisschen <L1>blond</L1> bin, meine Beine und mein Rücken. Y de mi carita y mis bracitos los tengo morenitos.	Because I am a little bit blondy of my legs and of my back, and my face and arms I have them dark-skinned.	goldfarben hellhaarig blondgelockt golden semmelblond goldblond maisblond gülden blond goldglänzend			
Es que soy un poquito güerita de mis piernitas y de mi espalda. Weil ich ein bisschen <N1></N1> bin, meine Beine und mein Rücken. Y de mi carita y mis bracitos los tengo morenitos.	Because I am a little bit blondy of my legs and of my back, and my face and arms I have them dark-skinned.				
FALSE					
					
Von den Menschen, die <L1>partout</L1> nicht regieren wollen.	A great thinker, I recommend him, who said:	unausweichlich wahrlich beileibe definitiv unzweifelhaft sicher bestimmt absolut in jeder Hinsicht gewiss unter allen Umständen komme was da wolle (das ist) keine Frage hundertpro sicherlich unumstößlich bombensicher allemal so gut wie sicher ganz bestimmt jedenfalls fraglos todsicher zweifellos auf jeden Fall unbedingt sicher wie das Amen in der Kirche (ey Alter,) ich schwör mit Bestimmtheit mit Sicherheit (das ist) gar keine Frage unweigerlich in jedem Fall zweifelsohne außer Zweifel partout ohne Zweifel ohne Frage auf alle Fälle | ohne Rücksicht auf Verluste unter allen Umständen komme was da wolle unbedingt partout auf Gedeih und Verderb wild entschlossen auf Teufel komm raus mit Gewalt um jeden Preis auf Biegen und Brechen und sei es mit Gewalt zum Äußersten entschlossen mit aller Gewalt koste es, was es wolle zu allem entschlossen			
Von den Menschen, die <N1>unbedingt</N1> nicht regieren wollen.	A great thinker, I recommend him, who said:				
TRUE					
					
Und die Kraft kommt aus der Wirklichkeit, die wir Sprachen geht früh auf, die Elektronen nicht in einer festen, <L1>uniform</L1> Umlaufbahn um Dinge.	They're probablistic.	gleichförmig uniform | Kluft Montur Dienstbekleidung Dienstkleidung Uniform Einheitskleidung Dienstanzug Livree			
Und die Kraft kommt aus der Wirklichkeit, die wir Sprachen geht früh auf, die Elektronen nicht in einer festen, <N1></N1> Umlaufbahn um Dinge.	They're probablistic.				
FALSE					
					
Ist es <L1>totalitär</L1> Lesen, Schreiben und Mathematik zu verlangen?	I don't think so.	diktatorisch totalitär			
Ist es <N1>allgewaltig</N1> Lesen, Schreiben und Mathematik zu verlangen?	I don't think so.				
TRUE					
					
Baue mir einen Computer, der nicht jedes Programm ausführen kann, sondern nur ein Programm, das eine spezielle Aufgabe erfüllt wie z.B. Audiostreamen, Netzwerkpakete routen oder Xbox Spiele spielen, und stellt sicher, dass er keine Programme ausführen kann, die ich nicht authorisiert habe und die unsere Gewinne <L1>unterminieren</L1> könnten .	And on the surface, this seems like a reasonable idea -- just a program that does one specialized task -- after all, we can put an electric motor in a blender, and we can install a motor in a dishwasher, and we don't worry if it's still possible to run a dishwashing program in a blender.	zersetzen aushöhlen unterhöhlen unterminieren untergraben erodieren lassen			
Baue mir einen Computer, der nicht jedes Programm ausführen kann, sondern nur ein Programm, das eine spezielle Aufgabe erfüllt wie z.B. Audiostreamen, Netzwerkpakete routen oder Xbox Spiele spielen, und stellt sicher, dass er keine Programme ausführen kann, die ich nicht authorisiert habe und die unsere Gewinne <N1>untergraben</N1> könnten .	And on the surface, this seems like a reasonable idea -- just a program that does one specialized task -- after all, we can put an electric motor in a blender, and we can install a motor in a dishwasher, and we don't worry if it's still possible to run a dishwashing program in a blender.				
TRUE					
					
Die Geräte sind mobil, das bedeutet, dass wenn man etwas interessantes gefunden hat, das Personal das Produkt <L1>scannen</L1> und es dann auf einem der Bildschirme demonstriert werden kann.	You can look at color, and sizes, and how it appeared on the runway, or whatever.	scannen (Bilder oder Texte) digitalisieren | abtasten ablesen scannen			
Die Geräte sind mobil, das bedeutet, dass wenn man etwas interessantes gefunden hat, das Personal das Produkt <N1>scannen</N1> und es dann auf einem der Bildschirme demonstriert werden kann.	You can look at color, and sizes, and how it appeared on the runway, or whatever.				
TRUE					
					
Wähle die App, die Du installieren möchtest, im App-Verzeichnis aus und klicke Installieren . Das <L1>Plug-in</L1> wird dann automatisch zum Dashboard hinzugefügt.	You can access app plugins from any Twitter or Facebook post in HootSuite.	Plug-in Programmmodul Programmerweiterung Zusatzprogramm Add-on			
Wähle die App, die Du installieren möchtest, im App-Verzeichnis aus und klicke Installieren . Das <N1>Programmiermodul</N1> wird dann automatisch zum Dashboard hinzugefügt.	You can access app plugins from any Twitter or Facebook post in HootSuite.				
TRUE					
					
Nachdem Du Create Note geklickt hast, kannst auswählen, wie der Titel lauten, in welches Notebook die Notiz geheftet werden soll und kannst weitere Tags oder Kommentare im <L1>Pop-up-Fenster</L1> hinzufügen.	You can read, edit, and search your notes later in the dashboard using Evernote's app stream, or even send a note to your social networks!				
Nachdem Du Create Note geklickt hast, kannst auswählen, wie der Titel lauten, in welches Notebook die Notiz geheftet werden soll und kannst weitere Tags oder Kommentare im <N1>Pop-Up-Fenster</N1> hinzufügen.	You can read, edit, and search your notes later in the dashboard using Evernote's app stream, or even send a note to your social networks!				
TRUE					
					
Zisch ab, bevor's <L1>sentimental</L1> wird.	And tell me how it was!	gefühlsbeladen gefühlvoll schnulzig sentimental schmalzig rührselig gefühlsselig | gekünstelt theatralisch kitschig im Überschwang der Gefühle sentimental schmalzig larmoyant tränenselig gefühlig melodramatisch gefühlsduselig rührstückhaft gefühlsbetont mit Pipi inne Augen gefühlsbesoffen mit reichlich Herz und Schmerz seelenvoll			
Zisch ab, bevor's <N1>gefühlsbeladen</N1> wird.	And tell me how it was!				
TRUE					
					
Auf dem Rücken der letzten Ausgabe war ein Foto einer morgendlichen Landstrasse, die Art auf der man <L1>trampen</L1> könnte, wenn man so abenteuerlustig ist.	Beneath it were the words:	mitfahren trampen per Anhalter fahren den Daumen heraushalten			
Auf dem Rücken der letzten Ausgabe war ein Foto einer morgendlichen Landstrasse, die Art auf der man <N1>Anhalter fahren</N1> könnte, wenn man so abenteuerlustig ist.	Beneath it were the words:				
TRUE					
					
Härter zu <L1>kicken</L1> löst das Problem nicht da der durchschnittliche Schwimmer nur ca. 3% seiner Energie für die Vorwärtsbewegung aufwendet.	The problem is hydrodynamics.	kicken buffen tschutten schutten fußballen pöhlen bolzen bäbbeln Fußball spielen pölen | schießen kicken			
Härter zu <N1>kicken</N1> löst das Problem nicht da der durchschnittliche Schwimmer nur ca. 3% seiner Energie für die Vorwärtsbewegung aufwendet.	The problem is hydrodynamics.				
TRUE					
					
Der Song <L1>rockt</L1> immer noch voll.	I'm not even sure I can call them singers in this song, because it seems more like growling and yelling.	genial geil brillant glänzend absolut super exzellent beispiellos von außerordentlicher Qualität atemraubend magnifik wunderbar begnadet einzigartig affengeil sagenhaft unglaublich absoluter Wahnsinn hinreißend unübertroffen fetzt berückend überragend saugeil fulminant absolut irre erstklassig top süperb überwältigend ohne Beispiel atemberaubend phantastisch phänomenal ganz großes Kino urst zum Sterben schön unvergleichlich vom Feinsten wumbaba unübertrefflich fantastisch bestens hervorragend nicht zu toppen nicht zu fassen du kriegst die Motten allererste Sahne herausragend umwerfend hammergeil zum Niederknien toll traumhaft himmelsgleich rockt grandios megacool ganz große Klasse himmlisch wundervoll großartig super superb klasse fabelhaft ausgezeichnet stark sauber cool tipptopp prima leiwand knorke dufte doll zum Reinlegen töfte astrein phatt hasenrein 1A tofte der Hit erste Sahne leinwand spitze nicht schlecht bombig			
Der Song <N1>überwältigt</N1> immer noch voll.	I'm not even sure I can call them singers in this song, because it seems more like growling and yelling.				
TRUE					
					
Sie <L1>debütieren</L1> als They debuted as schroff und Bad-Ass, und sie bleiben dabei.	Good, because really if they ever try to pull of a cute and playful Bilasa kind of video, I think I might vomit.				
Sie <N1></N1> als They debuted as schroff und Bad-Ass, und sie bleiben dabei.	Good, because really if they ever try to pull of a cute and playful Bilasa kind of video, I think I might vomit.				
FALSE					
					
Aber...sie <L1>sprayen</L1> sich nicht selbst an... also kann es nicht Parfüm sein.	What is it, then?	spritzen sprayen sprühen			
Aber...sie <N1></N1> sich nicht selbst an... also kann es nicht Parfüm sein.	What is it, then?				
FALSE					
					
Ich war <L1>undercover</L1> im Gefängnis.	I have been there for a long time.				
Ich war <N1>undercover</N1> im Gefängnis.	I have been there for a long time.				
TRUE					
					
Wir wollen keine Frauenquote - Starke Frauen <L1>rebellieren</L1> gegen Staatsdiktat und Gleichmacherei	So sehen Rebellinnen heute aus:	sich erheben gegen aufmucken protestieren revoltieren sich sträuben sich auflehnen opponieren aufbegehren sich widersetzen frondieren Aufstand proben rebellieren			
Wir wollen keine Frauenquote - Starke Frauen <N1>erheben sich</N1> gegen Staatsdiktat und Gleichmacherei	So sehen Rebellinnen heute aus:				
TRUE					
					
And dieser Code, wenn man davor genug hintereinander hat, vielleicht haben wir ein paar hundert oder ein paar tausend davon <L1>codieren</L1> sie Proteine oder Dinge die andere Proteine kontrollieren, aber vielleicht gibt es eine Veränderung in einem davon.	Maybe this cytosine for whatever reason becomes a guanine randomly, or maybe these got deleted, and that would change the DNA.	chiffrieren enkodieren encodieren verschlüsseln codieren			
And dieser Code, wenn man davor genug hintereinander hat, vielleicht haben wir ein paar hundert oder ein paar tausend davon <N1>codieren</N1> sie Proteine oder Dinge die andere Proteine kontrollieren, aber vielleicht gibt es eine Veränderung in einem davon.	Maybe this cytosine for whatever reason becomes a guanine randomly, or maybe these got deleted, and that would change the DNA.				
TRUE					
					
Ist Ihnen klar, dass wir daraus Nutzen ziehen können und die Mechanismen eines gemeinsamen Bakterium <L1>requirieren</L1> können um das Protein des menschlichen Insulins zu produzieren, welches verwendet wird um Diabetiker zu behandeln?	This is not like human insulin; this is the same protein that is chemically indistinguishable from what comes out of your pancreas.	sicherstellen etwas aus dem Verkehr ziehen requirieren beschlagnahmen einziehen sichern konfiszieren | requirieren untersuchen nachforschen detektieren ermitteln erkunden Ermittlungen anstellen recherchieren			
Ist Ihnen klar, dass wir daraus Nutzen ziehen können und die Mechanismen eines gemeinsamen Bakterium <N1>sicherstellen</N1> können um das Protein des menschlichen Insulins zu produzieren, welches verwendet wird um Diabetiker zu behandeln?	This is not like human insulin; this is the same protein that is chemically indistinguishable from what comes out of your pancreas.				
TRUE					
					
Ein intransitives Verb, wie <L1>dinieren</L1> , zum Beispiel, kann kein direktes Objekt nach sich ziehen.	You have to say,  Sam dined,  not,  Sam dined the pizza.	Mahlzeit zu sich nehmen schmausen zu Tisch sein essen dinieren tafeln speisen | dinieren zu Abend essen Abendbrot essen Abendmahlzeit zu sich nehmen			
Ein intransitives Verb, wie <N1>zu Abend essen</N1> , zum Beispiel, kann kein direktes Objekt nach sich ziehen.	You have to say,  Sam dined,  not,  Sam dined the pizza.				
TRUE					
					
Und wofür <L1>reservieren</L1> Sie sie, wenn Sie etwas Bestimmtes erforschen?	Well, obviously, there's something in here, and you can all have a guess as to what it is.	bestellen buchen blocken vorbestellen vormerken reservieren sich freihalten lassen widmen zuteilen hinterlegen zusichern belegen vorbehalten zurückhalten zurücklegen auf die Seite legen beiseitelegen zuweisen allozieren			
Und wofür <N1>buchen</N1> Sie sie, wenn Sie etwas Bestimmtes erforschen?	Well, obviously, there's something in here, and you can all have a guess as to what it is.				
TRUE					
					
Ich hoffe, ich konnte Sie überzeugen, dass es eine Menge großartiger, interessanter Dinge zu lernen gibt, darüber wie die Natur Stoffe bildet - und wie man das auf die nächste Stufe hebt, um zu sehen, ob man die Art der natürlichen Stofferzeugung <L1>forcieren</L1> kann, oder sie dazu nutzen, Dinge herzustellen, deren Herstellung die Natur sich bislang nicht hat träumen lassen.	Thank you.	ankurbeln forcieren vorantreiben befördern befeuern nach vorne bringen anschieben anheizen weitertreiben (mit Nachdruck) betreiben | einfordern einspannen anhalten abkommandieren verdonnern zu forcieren in die Pflicht nehmen erzwingen bestimmen verpflichten zwingen vergattern zu			
Ich hoffe, ich konnte Sie überzeugen, dass es eine Menge großartiger, interessanter Dinge zu lernen gibt, darüber wie die Natur Stoffe bildet - und wie man das auf die nächste Stufe hebt, um zu sehen, ob man die Art der natürlichen Stofferzeugung <N1>erzwingen</N1> kann, oder sie dazu nutzen, Dinge herzustellen, deren Herstellung die Natur sich bislang nicht hat träumen lassen.	Thank you.				
TRUE					
					
Nein, es ist ein bißchen zu <L1>vulgär</L1> für mich.	Yes. I like this song.	geschmacklos ordinär unanständig anstößig obszön bathisch vulgär unter der Gürtellinie			
Nein, es ist ein bißchen zu <N1>anstössig</N1> für mich.	Yes. I like this song.				
TRUE					
					
Und ein Beispiel dazu wäre: Ich toure als Künstler unglaublich viel, ich bin <L1>nonstop</L1> unterwegs auf diesem Planeten.	And one of my favorite cities is Tbilisi, the capital city of Georgia; great people, the Georgians.	beharrlich ständig in einer Tour unablässig unaufhörlich ohne Unterlass unausgesetzt ohne abzusetzen unentwegt nonstop ununterbrochen dauernd ohne Unterbrechung pausenlos am laufenden Band			
Und ein Beispiel dazu wäre: Ich toure als Künstler unglaublich viel, ich bin <N1>ständig</N1> unterwegs auf diesem Planeten.	And one of my favorite cities is Tbilisi, the capital city of Georgia; great people, the Georgians.				
TRUE					
					
Und Teil dieser bringt in einer Öl-Pipeline aus Kanada, unter Ausnutzung der Öl und Kohle haben wir hier, offshore-Bohrungen in Alaska, Bohren <L1>offshore</L1> in Virginia wo die Menschen es wollen.	Mr. President, could you address, because we did finally get to gas prices here, could you address what the governor said, which is if your energy policy was working, the price of gasoline would not be $4 a gallon here.	offshore vor der Küste			
Und Teil dieser bringt in einer Öl-Pipeline aus Kanada, unter Ausnutzung der Öl und Kohle haben wir hier, offshore-Bohrungen in Alaska, Bohren <N1>vor der Küste</N1> in Virginia wo die Menschen es wollen.	Mr. President, could you address, because we did finally get to gas prices here, could you address what the governor said, which is if your energy policy was working, the price of gasoline would not be $4 a gallon here.				
TRUE					
					
Aber sie wussten, dass allein die Länge dieser Reise ihre Vorräte an Essen und Wasser <L1>strapazieren</L1> würde.	To be eaten by cannibals, to be battered by storms, to starve to death before reaching land.	strapazieren überanstrengen | aufladen belasten aufbürden schlauchen strapazieren beschweren beladen aufoktroyieren bepacken oktroyieren auflasten auferlegen			
Aber sie wussten, dass allein die Länge dieser Reise ihre Vorräte an Essen und Wasser <N1>belasten</N1> würde.	To be eaten by cannibals, to be battered by storms, to starve to death before reaching land.				
TRUE					
					
Die Menschen die sagen dass <L1>Rock'n'roll</L1> zu einem Verfall der moralischen Werte führen würde hatten also zu einem kleinen Funken recht.	But there was a decline from at least two orders of magnitude in homicide from the Middle Ages to the present, and the elbow occurred in the early sixteenth century.	Rock and Roll Rock'n'Roll			
Die Menschen die sagen dass <N1>Rock'n'roll</N1> zu einem Verfall der moralischen Werte führen würde hatten also zu einem kleinen Funken recht.	But there was a decline from at least two orders of magnitude in homicide from the Middle Ages to the present, and the elbow occurred in the early sixteenth century.				
TRUE					
					
Das menschliche Auge ist jedoch außergewöhnlich anpassungsfähig an all diese unterschiedlichen Lichtbedingungen, die zusammen eine Umgebung schaffen, die niemals langweilig und <L1>trist</L1> erscheint und uns so zu mehr Lebensqualität verhilft.	I really owe a short introduction of this man to you.	trocken amusisch uninspiriert dröge phantasielos dürftig prosaisch nüchtern pragmatisch fade blass unbewegt ausdruckslos farblos schal sachlich klar trostlos schnöde zweckmäßig vernünftig monoton öde grau in grau geisttötend langatmig trist kontrastarm grau öd langweilig stupid reizlos spannungsarm eintönig stupide fad wenig aufregend schmucklos ruhig lapidar dumpf ernsthaft kühl ohne schmückendes Beiwerk machbarkeitsorientiert schnörkellos sachbetont ungerührt gleichmütig stoisch alles viel zu ernst nehmen humorfrei als hätte jemand einen Besenstiel verschluckt humorlos Stock im Arsch keinen Spaß vertragen keinen Spaß verstehen			
Das menschliche Auge ist jedoch außergewöhnlich anpassungsfähig an all diese unterschiedlichen Lichtbedingungen, die zusammen eine Umgebung schaffen, die niemals langweilig und <N1>traurig</N1> erscheint und uns so zu mehr Lebensqualität verhilft.	I really owe a short introduction of this man to you.				
TRUE					
					
Vom mächtigen eBay, dem Großvater der Austausch-Marktplätze, bis hin zu Fahrgemeinschafts-Firmen, so wie GoGet, bei der Sie eine monatliche Gebühr zahlen, um Autos stundenweise zu mieten, bis hin zu sozialen Ausleih-Plattformen, so wie Zopa, das jeden hier im Publikum nimmt, der 100 $ zu verleihen hat und ihn mit einem Anleihnehmer überall auf der Welt in Verbindung bringt, wir teilen und arbeiten wieder zusammen auf Arten und Weisen, die meiner Meinung nach mehr <L1>hip</L1> als Hippie sind.	I call this  groundswell collaborative consumption.	aktuell sexy steht hoch im Kurs gefragt kultig en vogue trendy (voll) im Trend angesagt im Trend liegen im Schwange in Mode Mode sein in dem Zeitgeist entsprechend hip trendig zum guten Ton gehören			
Vom mächtigen eBay, dem Großvater der Austausch-Marktplätze, bis hin zu Fahrgemeinschafts-Firmen, so wie GoGet, bei der Sie eine monatliche Gebühr zahlen, um Autos stundenweise zu mieten, bis hin zu sozialen Ausleih-Plattformen, so wie Zopa, das jeden hier im Publikum nimmt, der 100 $ zu verleihen hat und ihn mit einem Anleihnehmer überall auf der Welt in Verbindung bringt, wir teilen und arbeiten wieder zusammen auf Arten und Weisen, die meiner Meinung nach mehr <N1>in Mode</N1> als Hippie sind.	I call this  groundswell collaborative consumption.				
TRUE					
					
Also brauchen Sie ein <L1>GPS-Gerät</L1> um vielleicht ein Objekt zu lokalisieren und dann können Sie alles relativ dazu anordnen, wenn Sie --	And it will be in class, and it will be during the same schedule. Now for the midterm, the time of the class is short, and you'll have really to be ready not really to, like to discover how to solve the problem but really immediately to work on the problem. So that's why the review sessions are very important to prepare you for the midterm to make sure that you will be able to solve all the problems, although we will make sure that the size of the problem fits with the time constraints that we have in the midterm.				
Also brauchen Sie ein <N1>GPS-Gerät</N1> um vielleicht ein Objekt zu lokalisieren und dann können Sie alles relativ dazu anordnen, wenn Sie --	And it will be in class, and it will be during the same schedule. Now for the midterm, the time of the class is short, and you'll have really to be ready not really to, like to discover how to solve the problem but really immediately to work on the problem. So that's why the review sessions are very important to prepare you for the midterm to make sure that you will be able to solve all the problems, although we will make sure that the size of the problem fits with the time constraints that we have in the midterm.				
TRUE					
					
Die Leute werden nicht vom umziehen abgehalten, da sie eh <L1>prekär</L1> sind.	When the idea comes up for a new union campaign, say at a shark employer like some dispatch labor agency, a member would go there, sign-up and begin working to launch a union.	bescheiden prekär schlecht schwach übel nicht rosig mau beschissen mies | prekär labil | mit Vorsicht zu genießen nicht ohne knifflig prekär schwierig heikel haarig kritisch neuralgisch brisant problembehaftet nicht unbedenklich nicht geheuer problematisch delikat verfänglich spinös brenzlig bedenklich | schwer verständlich komplex verschachtelt knifflig prekär verhatscht vertrackt schwierig vigelinsch kein Zuckerschlecken vielschichtig mit einigen Unannehmlichkeiten verbunden heikel nicht einfach kompliziert keine einfache Lösung kein Zuckerlecken tricky verklausuliert diffizil verwickelt unübersichtlich schwer verzwickt mit Mühe verbunden			
Die Leute werden nicht vom umziehen abgehalten, da sie eh <N1>unsicher</N1> sind.	When the idea comes up for a new union campaign, say at a shark employer like some dispatch labor agency, a member would go there, sign-up and begin working to launch a union.				
TRUE					
					
Er sieht aus wie aus einem <L1>Pin-up</L1> Kalender.	Yeah, and I tap that! Yeah, me.				
Er sieht aus wie aus einem <N1>Pin-up</N1> Kalender.	Yeah, and I tap that! Yeah, me.				
TRUE					
					
Push-ups, Gewichte heben, <L1>Sit-ups</L1> und so.	In fact, this week is my  Core Week .	Rumpfbeuge Aufrichter Sit-up Rumpfheben			
Push-ups, Gewichte heben, <N1>Rumpfbeugen</N1> und so.	In fact, this week is my  Core Week .				
TRUE					
					
Und wir glauben mit Sicherheit an <L1>Learning-by-Doing</L1> und alles, vom Logo, das 1968 begründet wurde, bis hin zu modernen Sachen wie Scratch, wenn Sie jemals davon gehört haben, sind ein sehr, sehr elementarer Bestandteil davon.	And that's the rollout.				
Und wir glauben mit Sicherheit an <N1>Learning-by-Doing</N1> und alles, vom Logo, das 1968 begründet wurde, bis hin zu modernen Sachen wie Scratch, wenn Sie jemals davon gehört haben, sind ein sehr, sehr elementarer Bestandteil davon.	And that's the rollout.				
TRUE					
					
Hugh letzte Woche, was haben sie mit der Geburt, Alraune, weniger <L1>lukrativ</L1> Hause Schwangerschaft Geburt, Schwangerschaft Mutterschaft geben	Where are they now?	zugkräftig rentabel gewinnbringend lukrativ profitabel einbringlich einträglich ergiebig Gewinn bringend rentierlich ertragreich lohnend renditestark wirtschaftlich nutzbringend vorteilhaft erstrebsam			
Hugh letzte Woche, was haben sie mit der Geburt, Alraune, weniger <N1></N1> Hause Schwangerschaft Geburt, Schwangerschaft Mutterschaft geben	Where are they now?				
FALSE					
					
Se hanno dei problemi perchè non mi chiamano e me lo dicono io rispondo sempre al telefono se volgiono che cambi qualcosa <L1>basta</L1> dirlo stai traquilla, ora lo cambia	Eggert Halldórsson er Þingmaður Pírata. Ertu með hanska til mín. Ég mun hætta hjá liðinu eftir Tímabilið.				
Se hanno dei problemi perchè non mi chiamano e me lo dicono io rispondo sempre al telefono se volgiono che cambi qualcosa <N1></N1> dirlo stai traquilla, ora lo cambia	Eggert Halldórsson er Þingmaður Pírata. Ertu með hanska til mín. Ég mun hætta hjá liðinu eftir Tímabilið.				
FALSE					
					
Und die Leute können RSS-Feeds <L1>abonnieren</L1> -- sie können E-Mail Benachrichtungen der Änderungen erhalten.	And then users can set up their own personal watch list.	bestellen subskribieren abonnieren			
Und die Leute können RSS-Feeds <N1>bestellen</N1> -- sie können E-Mail Benachrichtungen der Änderungen erhalten.	And then users can set up their own personal watch list.				
TRUE					
					
Ihr Dummschwenker! (Leute, die nicht richtig <L1>grillen</L1> können)	Now pay attention:	befragen grillen ausfragen einvernehmen zur Rede stellen vernehmen verhören inquirieren | Allüren Spinnerei Grillen Kapriolen Mucken Anwandlungen Flausen Launen | grillen grillieren auf dem Grill braten bräteln auf dem Grill rösten			
Ihr Dummschwenker! (Leute, die nicht richtig <N1>grillen</N1> können)	Now pay attention:				
TRUE					
					
Die Notwendigkeit einer Vereinigung, selbst wenn diese nur <L1>temporär</L1> ist, muss allen Beteiligten klar sein und sie muss von einem Verständnis für die Dringlichkeit begleitet sein, welches die Menschen dazu antreibt andere in ihrer Umgebung zu erreichen zu versuchen und die Idee zu verbreiten.	2. A clear vision of what you're working towards.	zeitweilig nicht dauerhaft vorübergehend nicht auf Dauer zur Überbrückung nicht für immer für eine Übergangszeit kurzzeitig für eine Weile übergangsweise transient nicht von Dauer zeitlich begrenzt für den Übergang eine Zeit lang nicht für die Ewigkeit keine endgültige Lösung temporär			
Die Notwendigkeit einer Vereinigung, selbst wenn diese nur <N1>vorübergehend</N1> ist, muss allen Beteiligten klar sein und sie muss von einem Verständnis für die Dringlichkeit begleitet sein, welches die Menschen dazu antreibt andere in ihrer Umgebung zu erreichen zu versuchen und die Idee zu verbreiten.	2. A clear vision of what you're working towards.				
TRUE					
					
Ich könnte mich davon <L1>hypnotisieren</L1> lassen	And you can see that lots of other people liked it, too, because they made all these spin-offs of it, right?	fesseln unwiderstehlich anziehen eine hypnotische Faszination ausüben süchtig machen ganz in Anspruch nehmen faszinieren in den Bann schlagen hypnotisieren kaum loskommen von hypnotisch anziehen | verführen einwickeln bezaubern verzaubern hypnotisieren berücken bezirzen um den Finger wickeln in den/seinen Bann schlagen in den/seinen Bann ziehen betören umgarnen einlullen			
Ich könnte mich davon <N1>in den Bann schlagen</N1> lassen	And you can see that lots of other people liked it, too, because they made all these spin-offs of it, right?				
TRUE					
					
In einem stationären Kraftwerk kann man viel einfacher etwas nehmen, das viel mehr wiegt und sehr <L1>voluminös</L1> ist, und man kann die Abwärme abnehmen, damit eine Dampfturbine betreiben und erhält so eine sekundäre Energiequelle.	So in effect, even after you've taken transmission loss into account and everything, even using the same source fuel, you're at least twice as better off charging an electric car, then burning it at the power plant.	umfänglich ausgedehnt umfassend umfangreich weitreichend extensiv allumfassend voluminös in die Breite gehend breit gefächert weitschweifig erweiternd			
In einem stationären Kraftwerk kann man viel einfacher etwas nehmen, das viel mehr wiegt und sehr <N1>ausgedehnt</N1> ist, und man kann die Abwärme abnehmen, damit eine Dampfturbine betreiben und erhält so eine sekundäre Energiequelle.	So in effect, even after you've taken transmission loss into account and everything, even using the same source fuel, you're at least twice as better off charging an electric car, then burning it at the power plant.				
TRUE					
					
Und bin jemand, der für sein Heimkino lebt, ein Heimkino, in dem ich DVDs, <L1>Video-on-Demand</L1> und eine Menge Fernsehen verschlinge.	SVU,  Tina Fey and  30 Rock  and  Judge Judy  --				
Und bin jemand, der für sein Heimkino lebt, ein Heimkino, in dem ich DVDs, <N1>Video-on-Demand</N1> und eine Menge Fernsehen verschlinge.	SVU,  Tina Fey and  30 Rock  and  Judge Judy  --				
TRUE					
					
Schwule Männer werden häufig als <L1>extravagant</L1> und Mode besessen dargestellt.	But there is one teeny little problem	dandyhaft extravagant überspannt überdreht snobistisch überkandidelt exaltiert verstiegen exzentrisch | elegant extravagant nobel exklusiv fein vornehm mondän | extravagant überspannt verstiegen			
Schwule Männer werden häufig als <N1>übertrieben</N1> und Mode besessen dargestellt.	But there is one teeny little problem				
TRUE					
					
Mit meinem letzten Stück will ich Ihnen zeigen, wie viel Spaß klassische Musik machen kann, und dass sie <L1>rocken</L1> kann.	Let me introduce you to my brand new project,	bewerkstelligen schaukeln schaffen hinbekommen auf die Reihe bringen getan kriegen fertigkriegen hinkriegen geregelt bekommen zuwege bringen Herr werden meistern ins Lot bringen bewältigen geregelt kriegen wuppen auf die Kette kriegen auf die Reihe kriegen auf die Beine stellen schultern in den Griff bekommen auf die Reihe bekommen stemmen fertigbekommen rocken gebacken kriegen zustande bringen packen gebacken bekommen			
Mit meinem letzten Stück will ich Ihnen zeigen, wie viel Spaß klassische Musik machen kann, und dass sie <N1>rocken</N1> kann.	Let me introduce you to my brand new project,				
TRUE					
					
In den meisten Fällen helfen die, die sich selber <L1>outen</L1> den Mythos zu zerstören, dass etwas faul ist mit Atheisten.	On the contrary, they'll demonstrate that atheists are often the kinds of people who could serve as decent role models for your children, the kinds of people an advertising agent could use to recommend a product, the kinds of people who are sitting in this room.	zu erkennen geben aufklären offenbaren enthüllen aufdecken decouvrieren outen enttarnen die Katze aus dem Sack lassen entlarven dekuvrieren auspacken offen legen demaskieren			
In den meisten Fällen helfen die, die sich selber <N1>offenbaren</N1> den Mythos zu zerstören, dass etwas faul ist mit Atheisten.	On the contrary, they'll demonstrate that atheists are often the kinds of people who could serve as decent role models for your children, the kinds of people an advertising agent could use to recommend a product, the kinds of people who are sitting in this room.				
TRUE					
					
Homosexualität beginnen, zum Einen, weil deren Schlussfolgerungen innerhalb der Kirche eine wesentlich längere Geschichte aufweisen als modernere Deutungen und zum Anderen, weil ich glaube, dass viele Menschen, die sich zu dieser Position bekennen das Gefühl haben, dass jene, welche für eine Neuauslegung <L1>plädieren</L1> noch keine theologische Beweisführung unternommen haben, welche so gut an der Heiligen Schrift belegt ist, wie die traditionelle; in diesem	exchanging natural relations for unnatural ones,  and of men abandoning  natural relations with women and committing shameful acts with other men.  And so according to the traditional interpretation, both the Old and the New Testament are consistent in their rejection of same-sex relationships.				
Homosexualität beginnen, zum Einen, weil deren Schlussfolgerungen innerhalb der Kirche eine wesentlich längere Geschichte aufweisen als modernere Deutungen und zum Anderen, weil ich glaube, dass viele Menschen, die sich zu dieser Position bekennen das Gefühl haben, dass jene, welche für eine Neuauslegung <N1>sprechen</N1> noch keine theologische Beweisführung unternommen haben, welche so gut an der Heiligen Schrift belegt ist, wie die traditionelle; in diesem	exchanging natural relations for unnatural ones,  and of men abandoning  natural relations with women and committing shameful acts with other men.  And so according to the traditional interpretation, both the Old and the New Testament are consistent in their rejection of same-sex relationships.				
TRUE					
					
VIPs beim <L1>boxen</L1> und kochen, im dschungel und in den Wehen	I know 9live can be classified as shit.	Boxen Faustkampf Boxkampf | schlagen hauen prügeln kloppen dreschen boxen			
VIPs beim <N1></N1> und kochen, im dschungel und in den Wehen	I know 9live can be classified as shit.				
FALSE					
					
Die Fälle, die ich dokumentierte, <L1>rangieren</L1> von Familienfehden in Brasilien über Opfer von Völkermord in Bosnien und der ersten Frau, die ein Flugzeug entführte, bis hin zu den lebenden Toten in Indien.	In each chapter, you can see the external forces of governance, power and territory or religion colliding with the internal forces of psychological and physical inheritance.	realisieren einrichten aufbauen anlegen arrangieren systematisieren serialisieren strukturieren ordnen aufreihen gliedern zusammenstellen rangieren aufstellen gestalten anordnen | rangieren formieren sich aufstellen			
Die Fälle, die ich dokumentierte, <N1>reichen</N1> von Familienfehden in Brasilien über Opfer von Völkermord in Bosnien und der ersten Frau, die ein Flugzeug entführte, bis hin zu den lebenden Toten in Indien.	In each chapter, you can see the external forces of governance, power and territory or religion colliding with the internal forces of psychological and physical inheritance.				
TRUE					
					
Der erste Teil, das erste Problem, ist relativ einfach - es ist gar nicht einfach - aber die Neurowissenschaft hat sich dem <L1>graduell</L1> genähert.	And it's quite clear that, in order to make minds, we need to construct neural maps.	zögernd mit der Zeit graduell sukzessiv peu à peu sukzessive langsam langsam langsam aber sicher allmählich nach und nach			
Der erste Teil, das erste Problem, ist relativ einfach - es ist gar nicht einfach - aber die Neurowissenschaft hat sich dem <N1>schrittweise</N1> genähert.	And it's quite clear that, in order to make minds, we need to construct neural maps.				
TRUE					
					
Hier ist der Artikel 2 der Satzung der einzige <L1>UN-Organisation</L1> die direkt von der Sicherheitsrat und insbesondere seiner fünf ständigen Mitglieder mit Vetorecht (kleine exklusiven Klub der abschreckenden dominanten nuklearen Nationen) :	(small restricted club of the dissuasive dominant nuclear nations) :				
Hier ist der Artikel 2 der Satzung der einzige <N1></N1> die direkt von der Sicherheitsrat und insbesondere seiner fünf ständigen Mitglieder mit Vetorecht (kleine exklusiven Klub der abschreckenden dominanten nuklearen Nationen) :	(small restricted club of the dissuasive dominant nuclear nations) :				
FALSE					
					
48 Gouverneure konkurrierten, was 48 Staatslegislativen davon überzeugte, Schüler nun <L1>standardmäßig</L1> auf die Uni vorzubereiten.	Forty-eight states opted in, creating a national [education] policy from the bottom up.	serienmäßig genormt standardmäßig | gewöhnlich in der Regel in aller Regel normalerweise im Regelfall typischerweise landläufig standardmäßig gemeinhin von Haus aus gemeiniglich üblicherweise für gewöhnlich im Normalfall normal ab Werk werksseitig eingestellt ab Fabrik			
48 Gouverneure konkurrierten, was 48 Staatslegislativen davon überzeugte, Schüler nun <N1>von Haus aus</N1> auf die Uni vorzubereiten.	Forty-eight states opted in, creating a national [education] policy from the bottom up.				
TRUE					
					
Das war <L1>uncool</L1> und es tat weh, weil sie doch mal meine besten Freunde waren und sie kannten meine Eltern und ich ihre, und es war einfach seltsam.	They were angry about school, they were angry about home, they were angry that this kid was walking here and thought he was cool, and so they beat him up.	ätzend uncool lahm doof scheiße ungeil | überholt veraltet antiquiert passé altmodisch out nicht mehr angesagt Schnee von gestern abgelutscht ausgelutscht unmodern vorbei altbacken ausgedient haben aus der Mode anachronistisch uncool hat seine Chance gehabt zum alten Eisen gehörend war mal. hat seine besten Zeiten hinter sich Vergangenheit sein nicht mehr zeitgemäß damit lockt man keinen Hund mehr hinter dem Ofen hervor nicht mehr aktuell nicht mehr auf der Höhe der Zeit unzeitgemäß Die Zeiten sind vorbei nicht mehr Stand der Technik gute alte der Vergangenheit angehören gehört entsorgt nicht mehr State of the Art Old School abgemeldet nicht mehr in Mode vorsintflutlich nicht mehr up to date hatte seine Chance hat sich erledigt			
Das war <N1>doof</N1> und es tat weh, weil sie doch mal meine besten Freunde waren und sie kannten meine Eltern und ich ihre, und es war einfach seltsam.	They were angry about school, they were angry about home, they were angry that this kid was walking here and thought he was cool, and so they beat him up.				
TRUE					
					
Die Führung muss kompetent, entschlossen und <L1>visionär</L1> sein in seinem Einsatz für den Frieden.	Leaders need to connect to each other and to their followers, and they need to bring them along on what is an often arduous journey into a peaceful future.	visionär richtungsweisend zukunftsweisend bahnbrechend seiner Zeit voraus wegweisend | visionär realitätsfern utopisch nur in der Phantasie möglich über den Wolken schweben unrealistisch realitätsfremd wirklichkeitsfremd nur in der Fantasie möglich unerfüllbar | vorausahnend visionär vorahnend ahnungsvoll			
Die Führung muss kompetent, entschlossen und <N1>richtungsweisend</N1> sein in seinem Einsatz für den Frieden.	Leaders need to connect to each other and to their followers, and they need to bring them along on what is an often arduous journey into a peaceful future.				
TRUE					
					
Sie <L1>skypen</L1> mit ihren Familien einige Male pro Woche.	But once a fortnight, they actually put the computer on their dining table, pull out the webcam and actually have dinner with their family in Sao Paulo.	über Skype kommunizieren skypen über Skype Kontakt halten			
Sie <N1>skypen</N1> mit ihren Familien einige Male pro Woche.	But once a fortnight, they actually put the computer on their dining table, pull out the webcam and actually have dinner with their family in Sao Paulo.				
TRUE					
					
Ich kann n' <L1>USB-Stick</L1> reinstecken, ich kann ne Festplatte reinstecken, ich kann einen DVB-T-Stick oder einen UMTS-Stick einstecken und kann das Ding auch verwenden.	And similarly, the operating system is pretty much like on a usual PC.	Zumpferl USB-Stick USB-Speicher-Stick			
Ich kann n' <N1>USB-Stick</N1> reinstecken, ich kann ne Festplatte reinstecken, ich kann einen DVB-T-Stick oder einen UMTS-Stick einstecken und kann das Ding auch verwenden.	And similarly, the operating system is pretty much like on a usual PC.				
TRUE					
					
Ich kann jetzt zum Beispiel auch hier mein home-Verzeichnis öffnen, kann hier auf die <L1>SD-Karte</L1> kucken, was drauf ist, also das ist schon wirklich wie ein ganz normaler PC.	And if people are saying, 'Man, that's incredibly complicated!'				
Ich kann jetzt zum Beispiel auch hier mein home-Verzeichnis öffnen, kann hier auf die <N1>SD-Karte</N1> kucken, was drauf ist, also das ist schon wirklich wie ein ganz normaler PC.	And if people are saying, 'Man, that's incredibly complicated!'				
TRUE					
					
Wir erkennen, das diese sehr viel virulenter sein werden. Was wir heute sehen, ist dieses Vernetzen von Gesellschaften, von Systemen, zusammengezurrt durch Technologien, und beschleunigt durch <L1>just-in-time</L1> Management-Systeme.	Small levels of stock push resilience into other people's responsibility.				
Wir erkennen, das diese sehr viel virulenter sein werden. Was wir heute sehen, ist dieses Vernetzen von Gesellschaften, von Systemen, zusammengezurrt durch Technologien, und beschleunigt durch <N1>just-in-time</N1> Management-Systeme.	Small levels of stock push resilience into other people's responsibility.				
TRUE					
					
Jedoch Individuen unserer Spezies zur Arbeit gezwungen werden obwohl man diese <L1>automatisieren</L1> kann, oder in der Gehorsam im Austausch für Essen verlangt wird, was zu psychotischem Verhalten in Menschen führt oder solche Situationen aufrechterhält oder sogar hervorruft.	A situation like this can only be the result of a psychosis of individuals with power in society.				
Jedoch Individuen unserer Spezies zur Arbeit gezwungen werden obwohl man diese <N1>verselbständigen</N1> kann, oder in der Gehorsam im Austausch für Essen verlangt wird, was zu psychotischem Verhalten in Menschen führt oder solche Situationen aufrechterhält oder sogar hervorruft.	A situation like this can only be the result of a psychosis of individuals with power in society.				
TRUE					
					
Ich weiß, ich sage <L1>simsen</L1> und viele von Ihnen denken an den Versand eigener Nacktbilder, vielen von Ihnen denken an diese anstößigen Bilder - die hoffentlich nicht Ihre Kinder an andere Menschen schicken - oder den Versuch, Abkürzungen zu übersetzen	LOL, LMAO, HMU.	SMSen (jemandem eine) SMS schicken antexten simsen SMS verschicken ansimsen			
Ich weiß, ich sage <N1>simsen</N1> und viele von Ihnen denken an den Versand eigener Nacktbilder, vielen von Ihnen denken an diese anstößigen Bilder - die hoffentlich nicht Ihre Kinder an andere Menschen schicken - oder den Versuch, Abkürzungen zu übersetzen	LOL, LMAO, HMU.				
TRUE					
					
Das bedeutete, das wir <L1>fifty-fifty</L1> die Verantwortung teilen würden.	I said  I'm not ready, I'll pay,  which meant I [could] have zero responsibility. [laughter]	halbpart halbe-halbe fifty-fifty gleichmäßig aufteilen in zwei gleiche Teile teilen in zwei gleiche Hälften teilen			
Das bedeutete, das wir <N1>halbe-halbe</N1> die Verantwortung teilen würden.	I said  I'm not ready, I'll pay,  which meant I [could] have zero responsibility. [laughter]				
TRUE					
					
Selbstgekochtes Essen konnte da nicht mithalten, denn der hohe Fettanteil, die starken Gewürze in Produkten wie McNuggets oder Hot Pockets - wir haben alle unsere persönlichen Favoriten - führten dazu, dass selbstgemachtes Essen nur <L1>fade</L1> schmeckte.	At the same time, masses of women were entering the workforce, and cooking simply wasn't important enough for men to share the burden.	fade flau öde fad laff ohne Geschmack lau | heruntergekommen geschmacklos fade | trocken amusisch uninspiriert dröge phantasielos dürftig prosaisch nüchtern pragmatisch fade blass unbewegt ausdruckslos farblos schal sachlich klar trostlos schnöde zweckmäßig vernünftig monoton öde grau in grau geisttötend langatmig trist kontrastarm grau öd langweilig stupid reizlos spannungsarm eintönig stupide fad wenig aufregend schmucklos ruhig lapidar dumpf ernsthaft kühl ohne schmückendes Beiwerk machbarkeitsorientiert schnörkellos sachbetont ungerührt gleichmütig stoisch alles viel zu ernst nehmen humorfrei als hätte jemand einen Besenstiel verschluckt humorlos Stock im Arsch keinen Spaß vertragen keinen Spaß verstehen | muffig fade schal fad lasch abgestanden wie Laternenpfahl ganz unten vermufft labberig			
Selbstgekochtes Essen konnte da nicht mithalten, denn der hohe Fettanteil, die starken Gewürze in Produkten wie McNuggets oder Hot Pockets - wir haben alle unsere persönlichen Favoriten - führten dazu, dass selbstgemachtes Essen nur <N1>einförmig</N1> schmeckte.	At the same time, masses of women were entering the workforce, and cooking simply wasn't important enough for men to share the burden.				
TRUE					
					
Wenn ich jetzt das Modell hier <L1>posieren</L1> lasse und ich schieße von dort, dann fotografiere ich im Hintergrund den schwarzen Reflektor.	Light is coming from over here.	posen posieren | posen posieren sich in Pose stellen Haltung annehmen sich in Positur stellen sich in Positur bringen Pose einnehmen (eine bestimmte) Körperhaltung einnehmen			
Wenn ich jetzt das Modell hier <N1>posieren</N1> lasse und ich schieße von dort, dann fotografiere ich im Hintergrund den schwarzen Reflektor.	Light is coming from over here.				
TRUE					
					
Und das ist die Art von Einfluss, die am Ende die Situation <L1>deblockieren</L1> kann.	These leaders have proven that nonviolence works in places like Budrus.				
Und das ist die Art von Einfluss, die am Ende die Situation <N1>auflösen</N1> kann.	These leaders have proven that nonviolence works in places like Budrus.				
TRUE					
					
Eine ähnliche Situation ist, wenn eine <L1>PR-Agentur</L1> die Betreuung von Kunden-Communities an einen externen Dienstleister auslagert.	A contract community manager may manage a number of different brands and you'll want to ensure they're familiar with the different social media practices of each client before granting them full access.				
Eine ähnliche Situation ist, wenn eine <N1>PR-Agentur</N1> die Betreuung von Kunden-Communities an einen externen Dienstleister auslagert.	A contract community manager may manage a number of different brands and you'll want to ensure they're familiar with the different social media practices of each client before granting them full access.				
TRUE					
					
Und obwohl wir noch nicht genau wissen, wie Technologie unser Gehirn formt, so wissen wir doch, dass jedesmal wenn wir uns einloggen, einer anderen Person folgen, ihr <L1>mailen</L1> oder zu ihr linken, dass dies uns beeinflusst. Wir sollten also bedachtsam sein, was wir in unser Gehirn hereinlassen, immer, und manchmal bedeutet dies zu wissen, wann die Verbindung zu beenden ist.	Just as it's not good for a child's brain to be constantly over or under stimulated, it's not good for an adult's brain either.				
Und obwohl wir noch nicht genau wissen, wie Technologie unser Gehirn formt, so wissen wir doch, dass jedesmal wenn wir uns einloggen, einer anderen Person folgen, ihr <N1>mailen</N1> oder zu ihr linken, dass dies uns beeinflusst. Wir sollten also bedachtsam sein, was wir in unser Gehirn hereinlassen, immer, und manchmal bedeutet dies zu wissen, wann die Verbindung zu beenden ist.	Just as it's not good for a child's brain to be constantly over or under stimulated, it's not good for an adult's brain either.				
TRUE					
					
Interessante historische Fußnote: als die Mauren Südspanien eroberten brachten sie diesen Brauch mit. Die Aussprache änderte sich im Laufe der Jahrhunderte von Allah, Allah, Allah zu Olé, olé, <L1>olé</L1> , das man immer noch bei Stierkämpfen und Flamenco-Tänzen hört.	In Spain, when a performer has done something impossible and magic,				
Interessante historische Fußnote: als die Mauren Südspanien eroberten brachten sie diesen Brauch mit. Die Aussprache änderte sich im Laufe der Jahrhunderte von Allah, Allah, Allah zu Olé, olé, <N1></N1> , das man immer noch bei Stierkämpfen und Flamenco-Tänzen hört.	In Spain, when a performer has done something impossible and magic,				
FALSE					
					
Also beschloss ich, <L1>vegan</L1> zu werden.	But I am starting slowly.				
Also beschloss ich, <N1>vegan</N1> zu werden.	But I am starting slowly.				
TRUE					
					
Klicken Sie hier für eine <L1>PDF-Datei</L1> des Verfahrens	You can then save, email, or print this PDF file				
Klicken Sie hier für eine <N1>PDF-Datei</N1> des Verfahrens	You can then save, email, or print this PDF file				
TRUE					
					
Zweitens ist es nicht perfekt, es ist nicht sehr <L1>glamourös</L1> und es fängt nicht plötzlich an und hört plötzlich auf.	It's an ongoing process your whole life.				
Zweitens ist es nicht perfekt, es ist nicht sehr <N1>glanzvoll</N1> und es fängt nicht plötzlich an und hört plötzlich auf.	It's an ongoing process your whole life.				
FALSE					
					
Hingegen jene Kulturen -- buchstäblich tatsächlich der Rest der Welt -- die in einer sehr viel schwächeren Position waren, <L1>vis-a-vis</L1> dem Westen, wurden daher gezwungen, den Westen zu verstehen, wegen der Präsenz des Westens in jenen Gesellschaften.	And therefore, they are, as a result, more cosmopolitan in many ways than the West.	jenseits entgegengesetzt gegenüberliegend gegenüber vis-à-vis am anderen Ufer vis-a-vis auf der anderen Straßenseite auf der anderen Seite			
Hingegen jene Kulturen -- buchstäblich tatsächlich der Rest der Welt -- die in einer sehr viel schwächeren Position waren, <N1>gegenüber</N1> dem Westen, wurden daher gezwungen, den Westen zu verstehen, wegen der Präsenz des Westens in jenen Gesellschaften.	And therefore, they are, as a result, more cosmopolitan in many ways than the West.				
TRUE					
					
Wir haben auch versucht, Computer überall in die Welt zu bringen, so dass die Gruppen viel effizienter kommunizieren und viel effektiver Kampagnen <L1>lancieren</L1> könnten. Aber jetzt haben wir die wundervollen Möglichkeiten, die sich uns durch die Mobiltelefone mit integrierten Kameras bieten, denn sie sind günstig und allgegenwärtig und verbreiten sich rasend schnell um die Welt, das ist sehr aufregend für uns.	And so, the dream is that we could have a world in which anyone who has anything bad happen to them of this sort has a chance of getting their story uploaded, being seen, being watched, that they really know that they can be heard, that there would be a giant website, maybe, a little like Google Earth, and you could fly over and find out the realities of what's going, for the world's inhabitants.	einleiten anfangen herbeiführen einarbeiten einführen eröffnen lancieren introduzieren			
Wir haben auch versucht, Computer überall in die Welt zu bringen, so dass die Gruppen viel effizienter kommunizieren und viel effektiver Kampagnen <N1>einleiten</N1> könnten. Aber jetzt haben wir die wundervollen Möglichkeiten, die sich uns durch die Mobiltelefone mit integrierten Kameras bieten, denn sie sind günstig und allgegenwärtig und verbreiten sich rasend schnell um die Welt, das ist sehr aufregend für uns.	And so, the dream is that we could have a world in which anyone who has anything bad happen to them of this sort has a chance of getting their story uploaded, being seen, being watched, that they really know that they can be heard, that there would be a giant website, maybe, a little like Google Earth, and you could fly over and find out the realities of what's going, for the world's inhabitants.				
TRUE					
					
(Lachen) und das setzt voraus, dass sie bereits <L1>DSL</L1> in ihrem Haus haben.	Try to get DSL installed in your house. The engineers who do it everyday can't do it.				
(Lachen) und das setzt voraus, dass sie bereits <N1>DSL</N1> in ihrem Haus haben.	Try to get DSL installed in your house. The engineers who do it everyday can't do it.				
TRUE					
					
Haben Sie auch festgestellt, dass mehr Frauen als Männer <L1>vegetarisch</L1> oder vegan leben?	Well, yeah, you know why? - Tell me why.	pflanzlich vegetarisch fleischlos | pflanzlich vegetarisch			
Haben Sie auch festgestellt, dass mehr Frauen als Männer <N1>pflanzlich</N1> oder vegan leben?	Well, yeah, you know why? - Tell me why.				
TRUE					
					
Axelle und Pierre sind Therapeuten und arbeiten an einem Buch über ihr Modell Revenue de Base <L1>XXL</L1> .	Ismaël is an engineer and worked in his spare time for 6 months on a calculation model.				
Axelle und Pierre sind Therapeuten und arbeiten an einem Buch über ihr Modell Revenue de Base <N1></N1> .	Ismaël is an engineer and worked in his spare time for 6 months on a calculation model.				
FALSE					
					
- so wir müssen ein wenig <L1>hochscrollen</L1> -	It printed...so this is, we run the program..it printed 'a&lt;0'. so it shows we are inside of this clause.				
- so wir müssen ein wenig <N1>hochscrollen</N1> -	It printed...so this is, we run the program..it printed 'a&lt;0'. so it shows we are inside of this clause.				
TRUE					
					
Das ist die große Sache an der ihr da arbeitet. Und versucht es irgendwie etwas <L1>groovy</L1> hinzubekommen und das es schön mitswingt, das wäre eine gute Idee.	We then have basic fingerstyle practice				
Das ist die große Sache an der ihr da arbeitet. Und versucht es irgendwie etwas <N1>groovy</N1> hinzubekommen und das es schön mitswingt, das wäre eine gute Idee.	We then have basic fingerstyle practice				
TRUE					
					
Falls all diese <L1>binär</L1> sind, was in der gesamten Lektion angenommen wird, können sie 2 hoch 16 verschiedene Werte annehmen, was eine ganze Menge ist.	The Bayes network, as we find out, is a complex representation of a distribution over this very, very large joint probability distribution of all of these variables.				
Falls all diese <N1>binär</N1> sind, was in der gesamten Lektion angenommen wird, können sie 2 hoch 16 verschiedene Werte annehmen, was eine ganze Menge ist.	The Bayes network, as we find out, is a complex representation of a distribution over this very, very large joint probability distribution of all of these variables.				
TRUE					
					
Und wenn sie mehr Geld haben, dann <L1>betonieren</L1> sie ihre Straßen und sie konstruieren eine Kanalisatioon und gute Wasserpumpen und solche Dinge.	This is water going to Rio.	festschreiben zementieren einbetonieren betonieren in Stein meißeln (für lange Zeit) unveränderlich machen | Betonieren Betoneinbringung			
Und wenn sie mehr Geld haben, dann <N1>betonieren</N1> sie ihre Straßen und sie konstruieren eine Kanalisatioon und gute Wasserpumpen und solche Dinge.	This is water going to Rio.				
TRUE					
					
Hier leben Atzen, die dich für eine Dusche <L1>killen</L1>	Who are looking for straying cats and grill them with a magnifier	auslöschen abmurksen ins Jenseits befördern um die Ecke bringen töten tot... ins Gras beißen lassen vom Leben zum Tode befördern umbringen zur Strecke bringen meucheln kaltmachen killen ermorden jemandem den Garaus machen in die ewigen Jagdgründe schicken zum Schweigen bringen totmachen entleiben ums Leben bringen umlegen über die Klinge springen lassen ausknipsen abservieren			
Hier leben Atzen, die dich für eine Dusche <N1>umbringen</N1>	Who are looking for straying cats and grill them with a magnifier				
TRUE					
					
Die Jets <L1>brillieren</L1> in der Vertikale.	The parameters of single-engine monoplanes depend on the nation.	glänzen vorstehen herausstehen herausstechen trumpfen brillieren herausstrecken hervorstehen herausragen bestechen | glänzen brillieren schimmern blitzen funkeln leuchten aufblinken aufblitzen glitzern blinken			
Die Jets <N1>glänzen</N1> in der Vertikale.	The parameters of single-engine monoplanes depend on the nation.				
TRUE					
					
Weil dies etwas ist, dass ich wnigstens, als ich als mich zum ersten Mal mit der Europäischen Geschichte befasste, als sehr <L1>konfus</L1> empfand.	You have these states, you can call them.	konfus gedankenlos geistesabwesend zerstreut | umnachtet durcheinander fassungslos von allen guten Geistern verlassen entgeistert neben der Rolle sein konfus verwirrt tüdelig verstört derangiert neben sich stehen | konfus unüberlegt chaotisch wirr hektisch unsystematisch unreflektiert konzeptionslos unkontrolliert unkoordiniert einfach drauflos nicht organisiert planlos ohne roten Faden ziellos kopflos | abstrus wüst konfus wirr an den Haaren herbeigezogen wild abenteuerlich | verwickelt unübersichtlich durcheinander konfus chaotisch verworren wirr | unklar töricht absurd aberwitzig konfus verrückt sinnlos sinnfrei unsinnig unlogisch vernunftwidrig paradox irrational widersinnig irre irrsinnig unvernünftig idiotisch nicht rational schwachsinnig ohne Sinn und Verstand wahnwitzig hirnverbrannt blöd dämlich selten dämlich blödsinnig (totaler) Quatsch irrwitzig antinomisch reiner Blödsinn bescheuert hirnrissig			
Weil dies etwas ist, dass ich wnigstens, als ich als mich zum ersten Mal mit der Europäischen Geschichte befasste, als sehr <N1>durcheinander</N1> empfand.	You have these states, you can call them.				
TRUE					
					
I was right here right listening to them having conversations like she was infiltrating my house through my phone talking to my mom like you don't mess with my family you don't try to infiltrate my family to tear our family <L1>apart</L1> and she was causing all kinds of drama making my mom feel bad about herself just like she did with me that's all she does and my ask my mom about it	longer&lt;00:07:04.759&gt; inconvenient&lt;00:07:05.539&gt; we&lt;00:07:05.629&gt; have&lt;00:07:05.719&gt; just forgotten&lt;00:07:06.469&gt; the&lt;00:07:07.039&gt; technology&lt;00:07:07.729&gt; we&lt;00:07:07.879&gt; have&lt;00:07:08.060&gt; that&lt;00:07:08.750&gt; we can&lt;00:07:08.930&gt; use&lt;00:07:09.110&gt; to&lt;00:07:09.620&gt; achieve&lt;00:07:10.039&gt; these&lt;00:07:10.430&gt; goals&lt;00:07:10.610&gt; right&lt;00:07:11.270&gt; so the&lt;00:07:13.129&gt; hierarchy&lt;00:07:13.789&gt; was&lt;00:07:14.360&gt; used&lt;00:07:14.719&gt; for&lt;00:07:14.899&gt; so&lt;00:07:15.259&gt; long and&lt;00:07:16.960&gt; it&lt;00:07:17.050&gt; was&lt;00:07:17.199&gt; developed&lt;00:07:17.380&gt; in&lt;00:07:18.070&gt; a&lt;00:07:18.190&gt; time&lt;00:07:18.490&gt; when&lt;00:07:18.639&gt; we didn't&lt;00:07:19.180&gt; have&lt;00:07:19.389&gt; the&lt;00:07:20.500&gt; telephone&lt;00:07:20.979&gt; when&lt;00:07:21.580&gt; we&lt;00:07:21.699&gt; didn't have&lt;00:07:22.240&gt; the&lt;00:07:22.600&gt; internet&lt;00:07:23.139&gt; when&lt;00:07:24.160&gt; our&lt;00:07:25.630&gt; communication technologies&lt;00:07:27.490&gt; are&lt;00:07:27.639&gt; very&lt;00:07:28.030&gt; different&lt;00:07:28.300&gt; than they&lt;00:07:28.660&gt; are&lt;00:07:28.750&gt; today&lt;00:07:29.530&gt; so&lt;00:07:30.639&gt; we&lt;00:07:31.060&gt; just&lt;00:07:31.240&gt; need&lt;00:07:31.360&gt; to reconsider&lt;00:07:32.380&gt; that&lt;00:07:33.550&gt; the&lt;00:07:34.030&gt; technology&lt;00:07:34.360&gt; that&lt;00:07:34.690&gt; we have&lt;00:07:34.960&gt; at&lt;00:07:35.350&gt; our&lt;00:07:35.410&gt; disposal&lt;00:07:35.530&gt; that's&lt;00:07:36.250&gt; been&lt;00:07:36.400&gt; sitting in&lt;00:07:36.729&gt; front&lt;00:07:36.970&gt; of&lt;00:07:37.090&gt; us&lt;00:07:37.180&gt; especially&lt;00:07:38.050&gt; the&lt;00:07:38.530&gt; internet in&lt;00:07:40.120&gt; new&lt;00:07:40.960&gt; ways&lt;00:07:41.380&gt; ways&lt;00:07:42.010&gt; that&lt;00:07:42.190&gt; we&lt;00:07:42.310&gt; can&lt;00:07:42.520&gt; use&lt;00:07:42.580&gt; the internet&lt;00:07:43.540&gt; to&lt;00:07:43.870&gt; organize&lt;00:07:44.440&gt; ourselves&lt;00:07:44.650&gt; that&lt;00:07:46.270&gt; is the&lt;00:07:47.470&gt; way&lt;00:07:47.650&gt; out&lt;00:07:48.040&gt; the&lt;00:07:48.729&gt; way&lt;00:07:48.820&gt; out&lt;00:07:49.060&gt; of&lt;00:07:49.300&gt; this&lt;00:07:49.449&gt; cycle&lt;00:07:49.990&gt; of always&lt;00:07:51.340&gt; getting&lt;00:07:51.550&gt; bad&lt;00:07:52.000&gt; results&lt;00:07:52.479&gt; of&lt;00:07:52.510&gt; always doing&lt;00:07:53.020&gt; things&lt;00:07:53.350&gt; the&lt;00:07:53.560&gt; same&lt;00:07:53.620&gt; way&lt;00:07:53.919&gt; and&lt;00:07:54.970&gt; the&lt;00:07:55.060&gt; sort of&lt;00:07:55.419&gt; bitterness&lt;00:07:55.900&gt; at&lt;00:07:56.500&gt; the&lt;00:07:56.560&gt; heart&lt;00:07:56.919&gt; of&lt;00:07:56.979&gt; America&lt;00:07:57.550&gt; is saying&lt;00:07:58.360&gt; I&lt;00:07:58.510&gt; don't&lt;00:07:58.660&gt; even&lt;00:07:58.810&gt; want&lt;00:07:59.410&gt; to&lt;00:07:59.440&gt; vote&lt;00:07:59.530&gt; anymore I&lt;00:08:00.400&gt; almost&lt;00:08:00.639&gt; didn't&lt;00:08:01.240&gt; vote&lt;00:08:02.050&gt; for&lt;00:08:02.260&gt; president because&lt;00:08:03.010&gt; I&lt;00:08:03.280&gt; was&lt;00:08:03.400&gt; so&lt;00:08:03.550&gt; frustrated we&lt;00:08:04.900&gt; need&lt;00:08:05.139&gt; to&lt;00:08:05.320&gt; pinpoint&lt;00:08:05.770&gt; the&lt;00:08:06.550&gt; best&lt;00:08:07.120&gt; way&lt;00:08:07.330&gt; to&lt;00:08:08.139&gt; use decentralisation&lt;00:08:09.220&gt; as&lt;00:08:10.150&gt; a&lt;00:08:10.210&gt; way&lt;00:08:10.360&gt; to&lt;00:08:10.389&gt; organize ourselves&lt;00:08:11.020&gt; to&lt;00:08:11.500&gt; replace&lt;00:08:12.130&gt; the&lt;00:08:12.970&gt; outdated&lt;00:08:13.360&gt; model of&lt;00:08:14.260&gt; the&lt;00:08:14.470&gt; hierarchy&lt;00:08:14.830&gt; right&lt;00:08:15.370&gt; and&lt;00:08:17.139&gt; luckily&lt;00:08:18.039&gt; there are&lt;00:08:19.660&gt; solutions&lt;00:08:20.020&gt; that&lt;00:08:21.910&gt; are&lt;00:08:22.030&gt; already&lt;00:08:22.300&gt; working i've&lt;00:08:22.990&gt; already&lt;00:08:23.139&gt; been&lt;00:08:23.320&gt; proven&lt;00:08:23.620&gt; to&lt;00:08:23.919&gt; work&lt;00:08:24.070&gt; and they&lt;00:08:25.360&gt; are&lt;00:08:25.690&gt; part&lt;00:08:26.050&gt; of&lt;00:08:26.139&gt; the&lt;00:08:26.260&gt; sharing&lt;00:08:26.710&gt; economy&lt;00:08:26.740&gt; i don't&lt;00:08:27.520&gt; know&lt;00:08:27.639&gt; if&lt;00:08:27.760&gt; you've&lt;00:08:27.940&gt; heard&lt;00:08:27.970&gt; the&lt;00:08:28.330&gt; sharing economy&lt;00:08:28.720&gt; but&lt;00:08:29.380&gt; it's&lt;00:08:29.680&gt; a&lt;00:08:29.770&gt; basically&lt;00:08:30.940&gt; uber&lt;00:08:31.180&gt; lyft Kickstarter&lt;00:08:33.190&gt; Airbnb&lt;00:08:34.479&gt; and&lt;00:08:36.520&gt; also&lt;00:08:37.089&gt; I&lt;00:08:37.510&gt; feel includes&lt;00:08:38.529&gt; a&lt;00:08:38.589&gt; Bitcoin&lt;00:08:39.849&gt; in&lt;00:08:39.969&gt; the&lt;00:08:40.029&gt; boxing watching&lt;00:08:41.919&gt; technology&lt;00:08:42.550&gt; so&lt;00:08:43.870&gt; the&lt;00:08:43.959&gt; way&lt;00:08:44.110&gt; these work&lt;00:08:44.589&gt; with&lt;00:08:45.250&gt; uber&lt;00:08:45.580&gt; for&lt;00:08:45.760&gt; example&lt;00:08:46.360&gt; you&lt;00:08:46.480&gt; are you're&lt;00:08:48.760&gt; having&lt;00:08:49.060&gt; two&lt;00:08:49.240&gt; parties&lt;00:08:49.660&gt; right&lt;00:08:49.870&gt; there&lt;00:08:50.110&gt; is a&lt;00:08:50.230&gt; person&lt;00:08:50.650&gt; that&lt;00:08:50.709&gt; needs&lt;00:08:51.010&gt; a&lt;00:08:51.040&gt; ride&lt;00:08:51.370&gt; a&lt;00:08:51.430&gt; person&lt;00:08:51.820&gt; that has&lt;00:08:52.000&gt; a&lt;00:08:52.270&gt; ride&lt;00:08:52.570&gt; so&lt;00:08:53.200&gt; there's&lt;00:08:53.380&gt; a&lt;00:08:53.410&gt; person&lt;00:08:53.800&gt; that&lt;00:08:54.040&gt; says i&lt;00:08:55.690&gt; need&lt;00:08:55.810&gt; a&lt;00:08:56.020&gt; ride&lt;00:08:56.410&gt; here&lt;00:08:56.860&gt; i&lt;00:08:57.010&gt; am&lt;00:08:57.310&gt; my&lt;00:08:58.270&gt; GPS&lt;00:08:58.870&gt; on&lt;00:08:58.959&gt; my phone&lt;00:08:59.140&gt; this&lt;00:08:59.529&gt; is&lt;00:08:59.680&gt; where&lt;00:08:59.890&gt; i&lt;00:09:00.010&gt; am&lt;00:09:00.040&gt; willing&lt;00:09:00.520&gt; to&lt;00:09:00.580&gt; pay this&lt;00:09:00.940&gt; much&lt;00:09:01.270&gt; and&lt;00:09:01.480&gt; then&lt;00:09:01.570&gt; there's&lt;00:09:01.720&gt; a&lt;00:09:01.779&gt; person&lt;00:09:02.140&gt; who says&lt;00:09:02.470&gt; I&lt;00:09:02.890&gt; have&lt;00:09:03.040&gt; a&lt;00:09:03.100&gt; car&lt;00:09:03.430&gt; i'm&lt;00:09:03.610&gt; willing&lt;00:09:03.850&gt; to&lt;00:09:03.910&gt; give you&lt;00:09:04.150&gt; a&lt;00:09:04.270&gt; ride&lt;00:09:04.600&gt; from&lt;00:09:04.750&gt; that&lt;00:09:04.959&gt; location&lt;00:09:05.170&gt; for&lt;00:09:06.339&gt; this much&lt;00:09:06.730&gt; money&lt;00:09:06.910&gt; and&lt;00:09:08.050&gt; you're&lt;00:09:08.200&gt; creating&lt;00:09:08.620&gt; an agreement&lt;00:09:09.279&gt; among&lt;00:09:10.240&gt; two&lt;00:09:10.450&gt; parties&lt;00:09:11.050&gt; that&lt;00:09:12.130&gt; is decentralized&lt;00:09:12.670&gt; right&lt;00:09:13.510&gt; when&lt;00:09:14.560&gt; you're&lt;00:09:14.680&gt; creating the&lt;00:09:15.400&gt; agreement&lt;00:09:16.089&gt; using&lt;00:09:18.070&gt; automation&lt;00:09:18.790&gt; right through&lt;00:09:20.290&gt; the&lt;00:09:20.440&gt; process&lt;00:09:20.920&gt; of&lt;00:09:21.010&gt; automation&lt;00:09:21.490&gt; so&lt;00:09:21.790&gt; its computer&lt;00:09:22.420&gt; code&lt;00:09:22.779&gt; it's&lt;00:09:23.380&gt; not&lt;00:09:23.709&gt; a&lt;00:09:23.830&gt; chain&lt;00:09:24.100&gt; of command that's&lt;00:09:26.380&gt; the&lt;00:09:26.470&gt; key&lt;00:09:26.680&gt; here&lt;00:09:26.920&gt; is&lt;00:09:27.130&gt; that&lt;00:09:27.310&gt; it's&lt;00:09:28.240&gt; not	fremdländisch fremd unbekannt apart exotisch fremdartig | entzückend liebreizend aufregend reizvoll anziehend bezaubernd faszinierend charmant gewinnend apart			
I was right here right listening to them having conversations like she was infiltrating my house through my phone talking to my mom like you don't mess with my family you don't try to infiltrate my family to tear our family <N1></N1> and she was causing all kinds of drama making my mom feel bad about herself just like she did with me that's all she does and my ask my mom about it	longer&lt;00:07:04.759&gt; inconvenient&lt;00:07:05.539&gt; we&lt;00:07:05.629&gt; have&lt;00:07:05.719&gt; just forgotten&lt;00:07:06.469&gt; the&lt;00:07:07.039&gt; technology&lt;00:07:07.729&gt; we&lt;00:07:07.879&gt; have&lt;00:07:08.060&gt; that&lt;00:07:08.750&gt; we can&lt;00:07:08.930&gt; use&lt;00:07:09.110&gt; to&lt;00:07:09.620&gt; achieve&lt;00:07:10.039&gt; these&lt;00:07:10.430&gt; goals&lt;00:07:10.610&gt; right&lt;00:07:11.270&gt; so the&lt;00:07:13.129&gt; hierarchy&lt;00:07:13.789&gt; was&lt;00:07:14.360&gt; used&lt;00:07:14.719&gt; for&lt;00:07:14.899&gt; so&lt;00:07:15.259&gt; long and&lt;00:07:16.960&gt; it&lt;00:07:17.050&gt; was&lt;00:07:17.199&gt; developed&lt;00:07:17.380&gt; in&lt;00:07:18.070&gt; a&lt;00:07:18.190&gt; time&lt;00:07:18.490&gt; when&lt;00:07:18.639&gt; we didn't&lt;00:07:19.180&gt; have&lt;00:07:19.389&gt; the&lt;00:07:20.500&gt; telephone&lt;00:07:20.979&gt; when&lt;00:07:21.580&gt; we&lt;00:07:21.699&gt; didn't have&lt;00:07:22.240&gt; the&lt;00:07:22.600&gt; internet&lt;00:07:23.139&gt; when&lt;00:07:24.160&gt; our&lt;00:07:25.630&gt; communication technologies&lt;00:07:27.490&gt; are&lt;00:07:27.639&gt; very&lt;00:07:28.030&gt; different&lt;00:07:28.300&gt; than they&lt;00:07:28.660&gt; are&lt;00:07:28.750&gt; today&lt;00:07:29.530&gt; so&lt;00:07:30.639&gt; we&lt;00:07:31.060&gt; just&lt;00:07:31.240&gt; need&lt;00:07:31.360&gt; to reconsider&lt;00:07:32.380&gt; that&lt;00:07:33.550&gt; the&lt;00:07:34.030&gt; technology&lt;00:07:34.360&gt; that&lt;00:07:34.690&gt; we have&lt;00:07:34.960&gt; at&lt;00:07:35.350&gt; our&lt;00:07:35.410&gt; disposal&lt;00:07:35.530&gt; that's&lt;00:07:36.250&gt; been&lt;00:07:36.400&gt; sitting in&lt;00:07:36.729&gt; front&lt;00:07:36.970&gt; of&lt;00:07:37.090&gt; us&lt;00:07:37.180&gt; especially&lt;00:07:38.050&gt; the&lt;00:07:38.530&gt; internet in&lt;00:07:40.120&gt; new&lt;00:07:40.960&gt; ways&lt;00:07:41.380&gt; ways&lt;00:07:42.010&gt; that&lt;00:07:42.190&gt; we&lt;00:07:42.310&gt; can&lt;00:07:42.520&gt; use&lt;00:07:42.580&gt; the internet&lt;00:07:43.540&gt; to&lt;00:07:43.870&gt; organize&lt;00:07:44.440&gt; ourselves&lt;00:07:44.650&gt; that&lt;00:07:46.270&gt; is the&lt;00:07:47.470&gt; way&lt;00:07:47.650&gt; out&lt;00:07:48.040&gt; the&lt;00:07:48.729&gt; way&lt;00:07:48.820&gt; out&lt;00:07:49.060&gt; of&lt;00:07:49.300&gt; this&lt;00:07:49.449&gt; cycle&lt;00:07:49.990&gt; of always&lt;00:07:51.340&gt; getting&lt;00:07:51.550&gt; bad&lt;00:07:52.000&gt; results&lt;00:07:52.479&gt; of&lt;00:07:52.510&gt; always doing&lt;00:07:53.020&gt; things&lt;00:07:53.350&gt; the&lt;00:07:53.560&gt; same&lt;00:07:53.620&gt; way&lt;00:07:53.919&gt; and&lt;00:07:54.970&gt; the&lt;00:07:55.060&gt; sort of&lt;00:07:55.419&gt; bitterness&lt;00:07:55.900&gt; at&lt;00:07:56.500&gt; the&lt;00:07:56.560&gt; heart&lt;00:07:56.919&gt; of&lt;00:07:56.979&gt; America&lt;00:07:57.550&gt; is saying&lt;00:07:58.360&gt; I&lt;00:07:58.510&gt; don't&lt;00:07:58.660&gt; even&lt;00:07:58.810&gt; want&lt;00:07:59.410&gt; to&lt;00:07:59.440&gt; vote&lt;00:07:59.530&gt; anymore I&lt;00:08:00.400&gt; almost&lt;00:08:00.639&gt; didn't&lt;00:08:01.240&gt; vote&lt;00:08:02.050&gt; for&lt;00:08:02.260&gt; president because&lt;00:08:03.010&gt; I&lt;00:08:03.280&gt; was&lt;00:08:03.400&gt; so&lt;00:08:03.550&gt; frustrated we&lt;00:08:04.900&gt; need&lt;00:08:05.139&gt; to&lt;00:08:05.320&gt; pinpoint&lt;00:08:05.770&gt; the&lt;00:08:06.550&gt; best&lt;00:08:07.120&gt; way&lt;00:08:07.330&gt; to&lt;00:08:08.139&gt; use decentralisation&lt;00:08:09.220&gt; as&lt;00:08:10.150&gt; a&lt;00:08:10.210&gt; way&lt;00:08:10.360&gt; to&lt;00:08:10.389&gt; organize ourselves&lt;00:08:11.020&gt; to&lt;00:08:11.500&gt; replace&lt;00:08:12.130&gt; the&lt;00:08:12.970&gt; outdated&lt;00:08:13.360&gt; model of&lt;00:08:14.260&gt; the&lt;00:08:14.470&gt; hierarchy&lt;00:08:14.830&gt; right&lt;00:08:15.370&gt; and&lt;00:08:17.139&gt; luckily&lt;00:08:18.039&gt; there are&lt;00:08:19.660&gt; solutions&lt;00:08:20.020&gt; that&lt;00:08:21.910&gt; are&lt;00:08:22.030&gt; already&lt;00:08:22.300&gt; working i've&lt;00:08:22.990&gt; already&lt;00:08:23.139&gt; been&lt;00:08:23.320&gt; proven&lt;00:08:23.620&gt; to&lt;00:08:23.919&gt; work&lt;00:08:24.070&gt; and they&lt;00:08:25.360&gt; are&lt;00:08:25.690&gt; part&lt;00:08:26.050&gt; of&lt;00:08:26.139&gt; the&lt;00:08:26.260&gt; sharing&lt;00:08:26.710&gt; economy&lt;00:08:26.740&gt; i don't&lt;00:08:27.520&gt; know&lt;00:08:27.639&gt; if&lt;00:08:27.760&gt; you've&lt;00:08:27.940&gt; heard&lt;00:08:27.970&gt; the&lt;00:08:28.330&gt; sharing economy&lt;00:08:28.720&gt; but&lt;00:08:29.380&gt; it's&lt;00:08:29.680&gt; a&lt;00:08:29.770&gt; basically&lt;00:08:30.940&gt; uber&lt;00:08:31.180&gt; lyft Kickstarter&lt;00:08:33.190&gt; Airbnb&lt;00:08:34.479&gt; and&lt;00:08:36.520&gt; also&lt;00:08:37.089&gt; I&lt;00:08:37.510&gt; feel includes&lt;00:08:38.529&gt; a&lt;00:08:38.589&gt; Bitcoin&lt;00:08:39.849&gt; in&lt;00:08:39.969&gt; the&lt;00:08:40.029&gt; boxing watching&lt;00:08:41.919&gt; technology&lt;00:08:42.550&gt; so&lt;00:08:43.870&gt; the&lt;00:08:43.959&gt; way&lt;00:08:44.110&gt; these work&lt;00:08:44.589&gt; with&lt;00:08:45.250&gt; uber&lt;00:08:45.580&gt; for&lt;00:08:45.760&gt; example&lt;00:08:46.360&gt; you&lt;00:08:46.480&gt; are you're&lt;00:08:48.760&gt; having&lt;00:08:49.060&gt; two&lt;00:08:49.240&gt; parties&lt;00:08:49.660&gt; right&lt;00:08:49.870&gt; there&lt;00:08:50.110&gt; is a&lt;00:08:50.230&gt; person&lt;00:08:50.650&gt; that&lt;00:08:50.709&gt; needs&lt;00:08:51.010&gt; a&lt;00:08:51.040&gt; ride&lt;00:08:51.370&gt; a&lt;00:08:51.430&gt; person&lt;00:08:51.820&gt; that has&lt;00:08:52.000&gt; a&lt;00:08:52.270&gt; ride&lt;00:08:52.570&gt; so&lt;00:08:53.200&gt; there's&lt;00:08:53.380&gt; a&lt;00:08:53.410&gt; person&lt;00:08:53.800&gt; that&lt;00:08:54.040&gt; says i&lt;00:08:55.690&gt; need&lt;00:08:55.810&gt; a&lt;00:08:56.020&gt; ride&lt;00:08:56.410&gt; here&lt;00:08:56.860&gt; i&lt;00:08:57.010&gt; am&lt;00:08:57.310&gt; my&lt;00:08:58.270&gt; GPS&lt;00:08:58.870&gt; on&lt;00:08:58.959&gt; my phone&lt;00:08:59.140&gt; this&lt;00:08:59.529&gt; is&lt;00:08:59.680&gt; where&lt;00:08:59.890&gt; i&lt;00:09:00.010&gt; am&lt;00:09:00.040&gt; willing&lt;00:09:00.520&gt; to&lt;00:09:00.580&gt; pay this&lt;00:09:00.940&gt; much&lt;00:09:01.270&gt; and&lt;00:09:01.480&gt; then&lt;00:09:01.570&gt; there's&lt;00:09:01.720&gt; a&lt;00:09:01.779&gt; person&lt;00:09:02.140&gt; who says&lt;00:09:02.470&gt; I&lt;00:09:02.890&gt; have&lt;00:09:03.040&gt; a&lt;00:09:03.100&gt; car&lt;00:09:03.430&gt; i'm&lt;00:09:03.610&gt; willing&lt;00:09:03.850&gt; to&lt;00:09:03.910&gt; give you&lt;00:09:04.150&gt; a&lt;00:09:04.270&gt; ride&lt;00:09:04.600&gt; from&lt;00:09:04.750&gt; that&lt;00:09:04.959&gt; location&lt;00:09:05.170&gt; for&lt;00:09:06.339&gt; this much&lt;00:09:06.730&gt; money&lt;00:09:06.910&gt; and&lt;00:09:08.050&gt; you're&lt;00:09:08.200&gt; creating&lt;00:09:08.620&gt; an agreement&lt;00:09:09.279&gt; among&lt;00:09:10.240&gt; two&lt;00:09:10.450&gt; parties&lt;00:09:11.050&gt; that&lt;00:09:12.130&gt; is decentralized&lt;00:09:12.670&gt; right&lt;00:09:13.510&gt; when&lt;00:09:14.560&gt; you're&lt;00:09:14.680&gt; creating the&lt;00:09:15.400&gt; agreement&lt;00:09:16.089&gt; using&lt;00:09:18.070&gt; automation&lt;00:09:18.790&gt; right through&lt;00:09:20.290&gt; the&lt;00:09:20.440&gt; process&lt;00:09:20.920&gt; of&lt;00:09:21.010&gt; automation&lt;00:09:21.490&gt; so&lt;00:09:21.790&gt; its computer&lt;00:09:22.420&gt; code&lt;00:09:22.779&gt; it's&lt;00:09:23.380&gt; not&lt;00:09:23.709&gt; a&lt;00:09:23.830&gt; chain&lt;00:09:24.100&gt; of command that's&lt;00:09:26.380&gt; the&lt;00:09:26.470&gt; key&lt;00:09:26.680&gt; here&lt;00:09:26.920&gt; is&lt;00:09:27.130&gt; that&lt;00:09:27.310&gt; it's&lt;00:09:28.240&gt; not				
FALSE					
					
I heard it all go down somehow i was blessed with the <L1>backstage</L1> pass to hear what was going on with everything and how they are taking arm they want to label us with mental illness and call a psychotic and target us and make our	literally&lt;00:21:44.200&gt; there&lt;00:21:44.950&gt; things&lt;00:21:45.369&gt; are&lt;00:21:45.460&gt; done&lt;00:21:45.850&gt; in&lt;00:21:46.090&gt; the shade&lt;00:21:46.840&gt; and&lt;00:21:47.649&gt; that's&lt;00:21:47.860&gt; intentional&lt;00:21:48.309&gt; right you're&lt;00:21:48.999&gt; blocking&lt;00:21:49.629&gt; out&lt;00:21:49.869&gt; the&lt;00:21:49.929&gt; amount&lt;00:21:50.230&gt; of information&lt;00:21:50.619&gt; so&lt;00:21:51.730&gt; you&lt;00:21:51.999&gt; know&lt;00:21:52.240&gt; politicians&lt;00:21:52.899&gt; are all&lt;00:21:53.379&gt; you&lt;00:21:53.919&gt; know&lt;00:21:54.009&gt; shaking&lt;00:21:54.460&gt; hands&lt;00:21:54.999&gt; and&lt;00:21:55.090&gt; then&lt;00:21:55.360&gt; you know&lt;00:21:56.350&gt; looking&lt;00:21:57.190&gt; the&lt;00:21:57.309&gt; other&lt;00:21:57.399&gt; way&lt;00:21:57.610&gt; and&lt;00:21:58.059&gt; there it's&lt;00:22:00.519&gt; of&lt;00:22:01.090&gt; course&lt;00:22:01.419&gt; we&lt;00:22:01.570&gt; don't&lt;00:22:01.690&gt; trust&lt;00:22:02.080&gt; them because&lt;00:22:02.440&gt; this&lt;00:22:02.980&gt; is&lt;00:22:03.129&gt; where&lt;00:22:03.369&gt; they&lt;00:22:03.519&gt; live this&lt;00:22:05.590&gt; is&lt;00:22:05.830&gt; this&lt;00:22:06.519&gt; system&lt;00:22:06.999&gt; they&lt;00:22:07.149&gt; are&lt;00:22:07.269&gt; part&lt;00:22:07.600&gt; of&lt;00:22:07.690&gt; is one&lt;00:22:09.850&gt; of&lt;00:22:10.179&gt; not&lt;00:22:10.929&gt; enough&lt;00:22:11.259&gt; information&lt;00:22:11.499&gt; one&lt;00:22:12.759&gt; of secrecy&lt;00:22:13.269&gt; one&lt;00:22:15.249&gt; of&lt;00:22:15.580&gt; mystery&lt;00:22:16.990&gt; and&lt;00:22:18.820&gt; that&lt;00:22:19.539&gt; makes&lt;00:22:19.809&gt; no sense&lt;00:22:20.019&gt; because&lt;00:22:20.769&gt; it's&lt;00:22:21.220&gt; less&lt;00:22:21.460&gt; communication&lt;00:22:22.179&gt; if we&lt;00:22:23.559&gt; have&lt;00:22:23.710&gt; democracy&lt;00:22:24.249&gt; we&lt;00:22:24.519&gt; need&lt;00:22:24.700&gt; more communication&lt;00:22:25.929&gt; we&lt;00:22:26.080&gt; need&lt;00:22:26.230&gt; more&lt;00:22:26.409&gt; efficiency&lt;00:22:27.070&gt; we need&lt;00:22:28.090&gt; the&lt;00:22:29.080&gt; majority&lt;00:22:30.429&gt; of&lt;00:22:30.549&gt; people&lt;00:22:31.090&gt; in&lt;00:22:32.080&gt; the nation&lt;00:22:32.769&gt; to&lt;00:22:33.279&gt; be&lt;00:22:33.490&gt; interacting&lt;00:22:34.330&gt; with&lt;00:22:34.480&gt; the government&lt;00:22:35.049&gt; but&lt;00:22:35.860&gt; that's&lt;00:22:36.309&gt; the&lt;00:22:36.429&gt; entire&lt;00:22:36.700&gt; purpose of&lt;00:22:37.330&gt; democracy this&lt;00:22:38.740&gt; is&lt;00:22:39.039&gt; authoritarian&lt;00:22:39.789&gt; ok&lt;00:22:40.899&gt; something&lt;00:22:41.860&gt; that we&lt;00:22:42.340&gt; have&lt;00:22:42.820&gt; actually&lt;00:22:43.330&gt; set&lt;00:22:44.889&gt; is&lt;00:22:45.070&gt; an&lt;00:22:45.369&gt; enemy&lt;00:22:45.700&gt; of&lt;00:22:45.940&gt; the United&lt;00:22:46.360&gt; States&lt;00:22:46.450&gt; is&lt;00:22:47.019&gt; this&lt;00:22:47.350&gt; authoritarian&lt;00:22:48.039&gt; way of&lt;00:22:48.580&gt; doing&lt;00:22:48.850&gt; things&lt;00:22:48.970&gt; we&lt;00:22:49.809&gt; want&lt;00:22:50.049&gt; to&lt;00:22:50.110&gt; flow&lt;00:22:50.379&gt; of information&lt;00:22:50.769&gt; back&lt;00:22:51.460&gt; and&lt;00:22:51.549&gt; forth&lt;00:22:51.639&gt; right&lt;00:22:53.470&gt; this&lt;00:22:54.070&gt; is what&lt;00:22:54.340&gt; our&lt;00:22:54.519&gt; government&lt;00:22:54.669&gt; could&lt;00:22:55.179&gt; look&lt;00:22:55.360&gt; like&lt;00:22:55.450&gt; it's much&lt;00:22:59.139&gt; better&lt;00:22:59.350&gt; isn't&lt;00:22:59.830&gt; it I&lt;00:23:00.669&gt; think&lt;00:23:01.090&gt; this&lt;00:23:01.240&gt; is&lt;00:23:01.450&gt; consensus&lt;00:23:01.899&gt; automation this&lt;00:23:04.480&gt; is&lt;00:23:04.779&gt; a&lt;00:23:04.869&gt; government&lt;00:23:05.919&gt; we&lt;00:23:06.220&gt; can&lt;00:23:06.399&gt; stand&lt;00:23:06.789&gt; behind so&lt;00:23:07.419&gt; they&lt;00:23:07.450&gt; were&lt;00:23:07.629&gt; proud&lt;00:23:07.899&gt; of&lt;00:23:08.139&gt; that&lt;00:23:08.409&gt; inspires&lt;00:23:09.580&gt; us to&lt;00:23:10.299&gt; be&lt;00:23:10.480&gt; citizens&lt;00:23:10.840&gt; to&lt;00:23:11.919&gt; participate&lt;00:23:12.070&gt; in&lt;00:23:13.659&gt; our democracy vote&lt;00:23:15.420&gt; a&lt;00:23:16.950&gt; legal&lt;00:23:17.400&gt; system&lt;00:23:17.880&gt; that&lt;00:23:18.060&gt; we&lt;00:23:18.150&gt; can&lt;00:23:18.330&gt; stand behind&lt;00:23:18.810&gt; when&lt;00:23:19.800&gt; you&lt;00:23:19.920&gt; have&lt;00:23:20.160&gt; this&lt;00:23:20.310&gt; kind&lt;00:23:20.430&gt; of interaction&lt;00:23:21.540&gt; when&lt;00:23:22.110&gt; you&lt;00:23:22.200&gt; have&lt;00:23:22.320&gt; this&lt;00:23:22.470&gt; amount&lt;00:23:23.100&gt; of information&lt;00:23:23.550&gt; you&lt;00:23:25.560&gt; have&lt;00:23:25.740&gt; a&lt;00:23:25.800&gt; much&lt;00:23:26.010&gt; more&lt;00:23:26.220&gt; high entropy&lt;00:23:27.240&gt; system&lt;00:23:27.870&gt; too&lt;00:23:29.220&gt; much&lt;00:23:29.400&gt; more&lt;00:23:29.640&gt; efficient system&lt;00:23:30.570&gt; i&lt;00:23:31.530&gt; feel&lt;00:23:31.860&gt; that&lt;00:23:31.950&gt; a&lt;00:23:32.220&gt; scientifically&lt;00:23:33.960&gt; the hierarchy&lt;00:23:35.490&gt; is&lt;00:23:36.990&gt; inefficient&lt;00:23:37.410&gt; and&lt;00:23:37.920&gt; outdated and&lt;00:23:39.690&gt; really&lt;00:23:40.110&gt; kind&lt;00:23:42.270&gt; of&lt;00:23:42.450&gt; dangerous&lt;00:23:44.160&gt; when&lt;00:23:45.240&gt; it comes&lt;00:23:45.570&gt; to&lt;00:23:45.750&gt; because&lt;00:23:46.110&gt; it's&lt;00:23:46.350&gt; it's&lt;00:23:47.370&gt; we're assuming&lt;00:23:48.030&gt; that&lt;00:23:49.200&gt; it&lt;00:23:49.380&gt; works&lt;00:23:49.800&gt; correctly&lt;00:23:49.950&gt; when&lt;00:23:50.520&gt; it really&lt;00:23:50.940&gt; it&lt;00:23:51.150&gt; becomes&lt;00:23:51.600&gt; a&lt;00:23:51.660&gt; lie&lt;00:23:51.960&gt; so&lt;00:23:52.920&gt; we're&lt;00:23:53.070&gt; misled by&lt;00:23:53.790&gt; most&lt;00:23:54.630&gt; hierarchies&lt;00:23:55.320&gt; thinking&lt;00:23:56.910&gt; there&lt;00:23:57.060&gt; is&lt;00:23:57.150&gt; a chain&lt;00:23:57.540&gt; of&lt;00:23:57.570&gt; command&lt;00:23:58.020&gt; when&lt;00:23:58.170&gt; there&lt;00:23:58.290&gt; isn't&lt;00:23:58.680&gt; and&lt;00:23:59.790&gt; it it&lt;00:24:00.480&gt; actually&lt;00:24:00.690&gt; goes&lt;00:24:01.830&gt; against&lt;00:24:02.370&gt; the&lt;00:24:02.460&gt; laws&lt;00:24:02.520&gt; of nature&lt;00:24:02.970&gt; in&lt;00:24:03.990&gt; general&lt;00:24:04.050&gt; the&lt;00:24:05.070&gt; laws&lt;00:24:05.250&gt; of thermodynamics&lt;00:24:05.730&gt; the&lt;00:24:06.990&gt; laws&lt;00:24:07.380&gt; of&lt;00:24:07.560&gt; communication technology&lt;00:24:09.420&gt; the&lt;00:24:10.290&gt; laws&lt;00:24:10.680&gt; of&lt;00:24:11.010&gt; even&lt;00:24:12.510&gt; basic&lt;00:24:13.440&gt; plant growth&lt;00:24:15.750&gt; and&lt;00:24:16.470&gt; biology&lt;00:24:17.220&gt; i&lt;00:24:17.490&gt; mean&lt;00:24:17.730&gt; it&lt;00:24:17.910&gt; it&lt;00:24:18.390&gt; really goes&lt;00:24:18.870&gt; against&lt;00:24:19.320&gt; all&lt;00:24:20.010&gt; systems&lt;00:24:20.970&gt; of&lt;00:24:21.150&gt; organization to&lt;00:24:22.200&gt; say&lt;00:24:22.410&gt; that&lt;00:24:22.710&gt; you&lt;00:24:23.160&gt; should&lt;00:24:23.340&gt; have&lt;00:24:23.430&gt; a&lt;00:24:23.610&gt; structured hierarchy&lt;00:24:24.870&gt; that&lt;00:24:25.770&gt; works&lt;00:24:26.220&gt; in&lt;00:24:26.280&gt; a&lt;00:24:26.370&gt; stack&lt;00:24:26.940&gt; now				
I heard it all go down somehow i was blessed with the <N1></N1> pass to hear what was going on with everything and how they are taking arm they want to label us with mental illness and call a psychotic and target us and make our	literally&lt;00:21:44.200&gt; there&lt;00:21:44.950&gt; things&lt;00:21:45.369&gt; are&lt;00:21:45.460&gt; done&lt;00:21:45.850&gt; in&lt;00:21:46.090&gt; the shade&lt;00:21:46.840&gt; and&lt;00:21:47.649&gt; that's&lt;00:21:47.860&gt; intentional&lt;00:21:48.309&gt; right you're&lt;00:21:48.999&gt; blocking&lt;00:21:49.629&gt; out&lt;00:21:49.869&gt; the&lt;00:21:49.929&gt; amount&lt;00:21:50.230&gt; of information&lt;00:21:50.619&gt; so&lt;00:21:51.730&gt; you&lt;00:21:51.999&gt; know&lt;00:21:52.240&gt; politicians&lt;00:21:52.899&gt; are all&lt;00:21:53.379&gt; you&lt;00:21:53.919&gt; know&lt;00:21:54.009&gt; shaking&lt;00:21:54.460&gt; hands&lt;00:21:54.999&gt; and&lt;00:21:55.090&gt; then&lt;00:21:55.360&gt; you know&lt;00:21:56.350&gt; looking&lt;00:21:57.190&gt; the&lt;00:21:57.309&gt; other&lt;00:21:57.399&gt; way&lt;00:21:57.610&gt; and&lt;00:21:58.059&gt; there it's&lt;00:22:00.519&gt; of&lt;00:22:01.090&gt; course&lt;00:22:01.419&gt; we&lt;00:22:01.570&gt; don't&lt;00:22:01.690&gt; trust&lt;00:22:02.080&gt; them because&lt;00:22:02.440&gt; this&lt;00:22:02.980&gt; is&lt;00:22:03.129&gt; where&lt;00:22:03.369&gt; they&lt;00:22:03.519&gt; live this&lt;00:22:05.590&gt; is&lt;00:22:05.830&gt; this&lt;00:22:06.519&gt; system&lt;00:22:06.999&gt; they&lt;00:22:07.149&gt; are&lt;00:22:07.269&gt; part&lt;00:22:07.600&gt; of&lt;00:22:07.690&gt; is one&lt;00:22:09.850&gt; of&lt;00:22:10.179&gt; not&lt;00:22:10.929&gt; enough&lt;00:22:11.259&gt; information&lt;00:22:11.499&gt; one&lt;00:22:12.759&gt; of secrecy&lt;00:22:13.269&gt; one&lt;00:22:15.249&gt; of&lt;00:22:15.580&gt; mystery&lt;00:22:16.990&gt; and&lt;00:22:18.820&gt; that&lt;00:22:19.539&gt; makes&lt;00:22:19.809&gt; no sense&lt;00:22:20.019&gt; because&lt;00:22:20.769&gt; it's&lt;00:22:21.220&gt; less&lt;00:22:21.460&gt; communication&lt;00:22:22.179&gt; if we&lt;00:22:23.559&gt; have&lt;00:22:23.710&gt; democracy&lt;00:22:24.249&gt; we&lt;00:22:24.519&gt; need&lt;00:22:24.700&gt; more communication&lt;00:22:25.929&gt; we&lt;00:22:26.080&gt; need&lt;00:22:26.230&gt; more&lt;00:22:26.409&gt; efficiency&lt;00:22:27.070&gt; we need&lt;00:22:28.090&gt; the&lt;00:22:29.080&gt; majority&lt;00:22:30.429&gt; of&lt;00:22:30.549&gt; people&lt;00:22:31.090&gt; in&lt;00:22:32.080&gt; the nation&lt;00:22:32.769&gt; to&lt;00:22:33.279&gt; be&lt;00:22:33.490&gt; interacting&lt;00:22:34.330&gt; with&lt;00:22:34.480&gt; the government&lt;00:22:35.049&gt; but&lt;00:22:35.860&gt; that's&lt;00:22:36.309&gt; the&lt;00:22:36.429&gt; entire&lt;00:22:36.700&gt; purpose of&lt;00:22:37.330&gt; democracy this&lt;00:22:38.740&gt; is&lt;00:22:39.039&gt; authoritarian&lt;00:22:39.789&gt; ok&lt;00:22:40.899&gt; something&lt;00:22:41.860&gt; that we&lt;00:22:42.340&gt; have&lt;00:22:42.820&gt; actually&lt;00:22:43.330&gt; set&lt;00:22:44.889&gt; is&lt;00:22:45.070&gt; an&lt;00:22:45.369&gt; enemy&lt;00:22:45.700&gt; of&lt;00:22:45.940&gt; the United&lt;00:22:46.360&gt; States&lt;00:22:46.450&gt; is&lt;00:22:47.019&gt; this&lt;00:22:47.350&gt; authoritarian&lt;00:22:48.039&gt; way of&lt;00:22:48.580&gt; doing&lt;00:22:48.850&gt; things&lt;00:22:48.970&gt; we&lt;00:22:49.809&gt; want&lt;00:22:50.049&gt; to&lt;00:22:50.110&gt; flow&lt;00:22:50.379&gt; of information&lt;00:22:50.769&gt; back&lt;00:22:51.460&gt; and&lt;00:22:51.549&gt; forth&lt;00:22:51.639&gt; right&lt;00:22:53.470&gt; this&lt;00:22:54.070&gt; is what&lt;00:22:54.340&gt; our&lt;00:22:54.519&gt; government&lt;00:22:54.669&gt; could&lt;00:22:55.179&gt; look&lt;00:22:55.360&gt; like&lt;00:22:55.450&gt; it's much&lt;00:22:59.139&gt; better&lt;00:22:59.350&gt; isn't&lt;00:22:59.830&gt; it I&lt;00:23:00.669&gt; think&lt;00:23:01.090&gt; this&lt;00:23:01.240&gt; is&lt;00:23:01.450&gt; consensus&lt;00:23:01.899&gt; automation this&lt;00:23:04.480&gt; is&lt;00:23:04.779&gt; a&lt;00:23:04.869&gt; government&lt;00:23:05.919&gt; we&lt;00:23:06.220&gt; can&lt;00:23:06.399&gt; stand&lt;00:23:06.789&gt; behind so&lt;00:23:07.419&gt; they&lt;00:23:07.450&gt; were&lt;00:23:07.629&gt; proud&lt;00:23:07.899&gt; of&lt;00:23:08.139&gt; that&lt;00:23:08.409&gt; inspires&lt;00:23:09.580&gt; us to&lt;00:23:10.299&gt; be&lt;00:23:10.480&gt; citizens&lt;00:23:10.840&gt; to&lt;00:23:11.919&gt; participate&lt;00:23:12.070&gt; in&lt;00:23:13.659&gt; our democracy vote&lt;00:23:15.420&gt; a&lt;00:23:16.950&gt; legal&lt;00:23:17.400&gt; system&lt;00:23:17.880&gt; that&lt;00:23:18.060&gt; we&lt;00:23:18.150&gt; can&lt;00:23:18.330&gt; stand behind&lt;00:23:18.810&gt; when&lt;00:23:19.800&gt; you&lt;00:23:19.920&gt; have&lt;00:23:20.160&gt; this&lt;00:23:20.310&gt; kind&lt;00:23:20.430&gt; of interaction&lt;00:23:21.540&gt; when&lt;00:23:22.110&gt; you&lt;00:23:22.200&gt; have&lt;00:23:22.320&gt; this&lt;00:23:22.470&gt; amount&lt;00:23:23.100&gt; of information&lt;00:23:23.550&gt; you&lt;00:23:25.560&gt; have&lt;00:23:25.740&gt; a&lt;00:23:25.800&gt; much&lt;00:23:26.010&gt; more&lt;00:23:26.220&gt; high entropy&lt;00:23:27.240&gt; system&lt;00:23:27.870&gt; too&lt;00:23:29.220&gt; much&lt;00:23:29.400&gt; more&lt;00:23:29.640&gt; efficient system&lt;00:23:30.570&gt; i&lt;00:23:31.530&gt; feel&lt;00:23:31.860&gt; that&lt;00:23:31.950&gt; a&lt;00:23:32.220&gt; scientifically&lt;00:23:33.960&gt; the hierarchy&lt;00:23:35.490&gt; is&lt;00:23:36.990&gt; inefficient&lt;00:23:37.410&gt; and&lt;00:23:37.920&gt; outdated and&lt;00:23:39.690&gt; really&lt;00:23:40.110&gt; kind&lt;00:23:42.270&gt; of&lt;00:23:42.450&gt; dangerous&lt;00:23:44.160&gt; when&lt;00:23:45.240&gt; it comes&lt;00:23:45.570&gt; to&lt;00:23:45.750&gt; because&lt;00:23:46.110&gt; it's&lt;00:23:46.350&gt; it's&lt;00:23:47.370&gt; we're assuming&lt;00:23:48.030&gt; that&lt;00:23:49.200&gt; it&lt;00:23:49.380&gt; works&lt;00:23:49.800&gt; correctly&lt;00:23:49.950&gt; when&lt;00:23:50.520&gt; it really&lt;00:23:50.940&gt; it&lt;00:23:51.150&gt; becomes&lt;00:23:51.600&gt; a&lt;00:23:51.660&gt; lie&lt;00:23:51.960&gt; so&lt;00:23:52.920&gt; we're&lt;00:23:53.070&gt; misled by&lt;00:23:53.790&gt; most&lt;00:23:54.630&gt; hierarchies&lt;00:23:55.320&gt; thinking&lt;00:23:56.910&gt; there&lt;00:23:57.060&gt; is&lt;00:23:57.150&gt; a chain&lt;00:23:57.540&gt; of&lt;00:23:57.570&gt; command&lt;00:23:58.020&gt; when&lt;00:23:58.170&gt; there&lt;00:23:58.290&gt; isn't&lt;00:23:58.680&gt; and&lt;00:23:59.790&gt; it it&lt;00:24:00.480&gt; actually&lt;00:24:00.690&gt; goes&lt;00:24:01.830&gt; against&lt;00:24:02.370&gt; the&lt;00:24:02.460&gt; laws&lt;00:24:02.520&gt; of nature&lt;00:24:02.970&gt; in&lt;00:24:03.990&gt; general&lt;00:24:04.050&gt; the&lt;00:24:05.070&gt; laws&lt;00:24:05.250&gt; of thermodynamics&lt;00:24:05.730&gt; the&lt;00:24:06.990&gt; laws&lt;00:24:07.380&gt; of&lt;00:24:07.560&gt; communication technology&lt;00:24:09.420&gt; the&lt;00:24:10.290&gt; laws&lt;00:24:10.680&gt; of&lt;00:24:11.010&gt; even&lt;00:24:12.510&gt; basic&lt;00:24:13.440&gt; plant growth&lt;00:24:15.750&gt; and&lt;00:24:16.470&gt; biology&lt;00:24:17.220&gt; i&lt;00:24:17.490&gt; mean&lt;00:24:17.730&gt; it&lt;00:24:17.910&gt; it&lt;00:24:18.390&gt; really goes&lt;00:24:18.870&gt; against&lt;00:24:19.320&gt; all&lt;00:24:20.010&gt; systems&lt;00:24:20.970&gt; of&lt;00:24:21.150&gt; organization to&lt;00:24:22.200&gt; say&lt;00:24:22.410&gt; that&lt;00:24:22.710&gt; you&lt;00:24:23.160&gt; should&lt;00:24:23.340&gt; have&lt;00:24:23.430&gt; a&lt;00:24:23.610&gt; structured hierarchy&lt;00:24:24.870&gt; that&lt;00:24:25.770&gt; works&lt;00:24:26.220&gt; in&lt;00:24:26.280&gt; a&lt;00:24:26.370&gt; stack&lt;00:24:26.940&gt; now				
FALSE					
					
Was wir hier sehen, ist lediglich ein Stück Papier mit ein bisschen Kupfer-Klebeband darauf, verbunden mit einem <L1>MP3-Player</L1> und einem Magneten.	(Music:				
Was wir hier sehen, ist lediglich ein Stück Papier mit ein bisschen Kupfer-Klebeband darauf, verbunden mit einem <N1>MP3-Player</N1> und einem Magneten.	(Music:				
TRUE					
					
Ausfallschritt lässt Fiora zu einem gewählten Gegner <L1>sprinten</L1> und diesem bei der Ankunft Schaden zufügen.	Lunge can be used a second time to dash again to the same or a different enemy before going on cooldown.	fegen wetzen zischen laufen fetzen fitschen hetzen sausen stieben huschen eilen schnell laufen hechten Hackengas geben Gummi geben stürmen rennen düsen schnellen die Beine in die Hand nehmen dahinpreschen spurten pesen pfeifen galoppieren sprinten schießen fliegen hasten jagen preschen rasen flitzen			
Ausfallschritt lässt Fiora zu einem gewählten Gegner <N1>sausen</N1> und diesem bei der Ankunft Schaden zufügen.	Lunge can be used a second time to dash again to the same or a different enemy before going on cooldown.				
TRUE					
					
Ich bin sehr beunruhigt davon, wie alle unsere Kulturen die jeweils anderen <L1>dämonisieren</L1> indem wir jene sprechen lassen, die vor allem spalten und trennen wollen.	Listen to these titles of some of the bestselling books from both sides of the political divide here in the U.S.	verdammen verfluchen verleumden verwünschen verteufeln dämonisieren			
Ich bin sehr beunruhigt davon, wie alle unsere Kulturen die jeweils anderen <N1>schwarzzeichnen</N1> indem wir jene sprechen lassen, die vor allem spalten und trennen wollen.	Listen to these titles of some of the bestselling books from both sides of the political divide here in the U.S.				
TRUE					
					
Sind Sie achtsam und <L1>mondän</L1> wie 007?	Are you established, traditional, nurturing, protective, empathetic like the Oprah?	elegant extravagant nobel exklusiv fein vornehm mondän			
Sind Sie achtsam und <N1>vornehm</N1> wie 007?	Are you established, traditional, nurturing, protective, empathetic like the Oprah?				
TRUE					
					
Junge auburn Cupid, er, der so <L1>trimmen</L1> Als König Cophetua der Bettler-Mädchen lov'd shot! -	He heareth not, he stirreth not, he moveth not; The ape is dead, and I must conjure him.--	trainieren einüben abrichten dressieren konditionieren trimmen			
Junge auburn Cupid, er, der so <N1></N1> Als König Cophetua der Bettler-Mädchen lov'd shot! -	He heareth not, he stirreth not, he moveth not; The ape is dead, and I must conjure him.--				
FALSE					
					
Ich höre ein Geräusch in: liebe Liebe, <L1>adieu</L1> - [Nurse Anrufe innerhalb.]	Anon, good nurse!--Sweet Montague, be true.	lebe wohl habe die Ehre servus Adieu Tschauie Wiedersehen Auf Wiedersehen Tschüssikowski guten Tag bye-bye Tschö Tschüssie ciao Ade und tschüss salü leb wohl Bye Tschau cheerio gehab dich wohl Tüsskes Tschüss Tschüs Tschüssle baba pfiat di Tschü Adele Wiederhören | Servus lebe wohl ade vale adieu tschüs ciao tschüss			
Ich höre ein Geräusch in: liebe Liebe, <N1>tschüs</N1> - [Nurse Anrufe innerhalb.]	Anon, good nurse!--Sweet Montague, be true.				
TRUE					
					
Wir respektieren und <L1>zelebrieren</L1> einander als Mann und Frau, als eine Gemeinschaft und als Teil dieses Planeten und wir müssen damit weitermachen.	And Legadema?	zelebrieren feierlich inszenieren weihevoll begehen würdevoll begehen feierlich begehen festlich begehen			
Wir respektieren und <N1>feiern</N1> einander als Mann und Frau, als eine Gemeinschaft und als Teil dieses Planeten und wir müssen damit weitermachen.	And Legadema?				
TRUE					
					
Ich habe bemerkt, dass heutzutage so viele Menschen bewusst Maßnahmen ergreifen, um jeden Morgen für 30 Minuten in einer Ecke des Zimmer, ohne jegliche Geräte in Ruhe dazusitzen und sich zu sammeln, oder jeden Abend <L1>joggen</L1> gehen, oder ihr Handy zu Hause lassen, wenn sie sich für ein längeres Gespräch mit einem Freund treffen.	Movement is a fantastic privilege, and it allows us to do so much that our grandparents could never have dreamed of doing.				
Ich habe bemerkt, dass heutzutage so viele Menschen bewusst Maßnahmen ergreifen, um jeden Morgen für 30 Minuten in einer Ecke des Zimmer, ohne jegliche Geräte in Ruhe dazusitzen und sich zu sammeln, oder jeden Abend <N1>joggen</N1> gehen, oder ihr Handy zu Hause lassen, wenn sie sich für ein längeres Gespräch mit einem Freund treffen.	Movement is a fantastic privilege, and it allows us to do so much that our grandparents could never have dreamed of doing.				
TRUE					
					
Denk je nu echt dat een heet geval als zij bij één <L1>gast</L1> zal blijven?	I donít want to go monkeying around under her window.	Gast Eingeladener Besucher			
Denk je nu echt dat een heet geval als zij bij één <N1></N1> zal blijven?	I donít want to go monkeying around under her window.				
FALSE					
					
Greenpeace muss mit dem <L1>WWF</L1> zusammenarbeiten.	Everybody's got to work together --	WWF World Wide Fund For Nature			
Greenpeace muss mit dem <N1>WWF</N1> zusammenarbeiten.	Everybody's got to work together --				
TRUE					
					
Er begann über das Leben nachzudenken und realisiert sich: Wo immer er auch hinsah Überall schien er <L1>schachmatt</L1> gesetzt werden.	Big fishes all around him, and he is the smallest.	hinüber fertig kaputt am Ende erschöpft entkräftet ausgelaugt erledigt fix und alle fix und fertig kaputt wie ein Hund (wie) gerädert rien ne va plus schachmatt Akku ist leer (wie) erschlagen			
Er begann über das Leben nachzudenken und realisiert sich: Wo immer er auch hinsah Überall schien er <N1>schachmatt</N1> gesetzt werden.	Big fishes all around him, and he is the smallest.				
TRUE					
					
Ich bin zufrieden damit, wie es uns gelungen ist, das tiefgründige und dynamische <L1>PC-Spiel</L1> auf die mobile Plattform zu übertragen.	Hundreds of millions of devices are ready for our game.	PC-Spiel PC-Game Computergame Computerspiel			
Ich bin zufrieden damit, wie es uns gelungen ist, das tiefgründige und dynamische <N1>PC-Spiel</N1> auf die mobile Plattform zu übertragen.	Hundreds of millions of devices are ready for our game.				
TRUE					
					
Oder eine Intelligenz für Begeisterung erwecken und Verführung usw. Das ist was anderes, das kann heute keiner. Und wenn Sie heute in Stellenanzeigen gucken, dann haben wir auf der einen Seite so was wie: Soll irgendwie verhandlungssicher sein, <L1>teamfähig</L1> usw., diese ganzen Sachen können.	That is, certain movie downloads - imagination doesn't go much beyond that.				
Oder eine Intelligenz für Begeisterung erwecken und Verführung usw. Das ist was anderes, das kann heute keiner. Und wenn Sie heute in Stellenanzeigen gucken, dann haben wir auf der einen Seite so was wie: Soll irgendwie verhandlungssicher sein, <N1>teamfähig</N1> usw., diese ganzen Sachen können.	That is, certain movie downloads - imagination doesn't go much beyond that.				
TRUE					
					
Wir sammelten 130 unterschiedliche Quellen von <L1>NGO</L1> Berichten zu Zeitungs- und Fernsehnachrichten.	We brought this raw data in and we filtered it.	Nichtregierungsorganisation NGO nichtstaatliche Organisation			
Wir sammelten 130 unterschiedliche Quellen von <N1>NGO</N1> Berichten zu Zeitungs- und Fernsehnachrichten.	We brought this raw data in and we filtered it.				
TRUE					
					
Und nun begannen sie sogar, mit diesen Geräten - <L1>apropos</L1> coole Technologie - drei kleine Geräte, kleine GIS Tracker wie dieser hier, die sie in die Impfstoffträger ihrer Impfärzte stecken.	And then they can track them, and at the end of the day, they look and see, did these guys get every single street, every single house.	nebenher eigentlich wo wir schon mal dabei sind da wir gerade dabei sind ach übrigens bei dieser Gelegenheit nicht zu vergessen bei diesem Stichwort nebenbei bemerkt nur mal so nebenbei apropos da fällt mir ein wo wir gerade davon sprechen was ich noch sagen wollte übrigens wo wir gerade dabei sind			
Und nun begannen sie sogar, mit diesen Geräten - <N1>wenn wir davon sprechen</N1> coole Technologie - drei kleine Geräte, kleine GIS Tracker wie dieser hier, die sie in die Impfstoffträger ihrer Impfärzte stecken.	And then they can track them, and at the end of the day, they look and see, did these guys get every single street, every single house.				
TRUE					
					
Meistens mache ich Poster und poste sie auf Facebook; meine Freunde <L1>liken</L1> sie oder liken sie nicht. Meisten liken sie sie nicht, teilen sie nicht, machen nichts. Und ein neuer Tag beginnt.	So I went to sleep, and that was it for me.	stehen auf ich lobe mir spitz sein auf gerne mögen begeistert sein von mögen geil sein auf jemandem belieben sich begeistern für liken neigen zu eine Vorliebe haben für sich loben abfahren auf | liken positiv bewerten eine positive Bewertung abgeben gefällt-mir-Button anklicken			
Meistens mache ich Poster und poste sie auf Facebook; meine Freunde <N1>liken</N1> sie oder liken sie nicht. Meisten liken sie sie nicht, teilen sie nicht, machen nichts. Und ein neuer Tag beginnt.	So I went to sleep, and that was it for me.				
TRUE					
					
Mir wird übrigens gerade klar, dass die Angst mich zu <L1>blamieren</L1> mich genau so wie jeder andere Ehrgeiz treibt.	Do you think this sort of thing could really attract a student to the school?	verlegen machen bloßstellen blamieren beschämen sehr peinlich sein jemandem Schande machen | vorführen an den Pranger stellen bloßstellen kompromittieren blamieren lächerlich machen zum Gespött machen mit heruntergelassener Hose dastehen lassen desavouieren			
Mir wird übrigens gerade klar, dass die Angst mich <N1>blosszustellen</N1> mich genau so wie jeder andere Ehrgeiz treibt.	Do you think this sort of thing could really attract a student to the school?				
TRUE					
					
Mein Bild erscheint auf dem <L1>CD-Cover</L1> - (Lachen)	But the conductor doesn't make a sound.				
Mein Bild erscheint auf dem <N1>CD-Cover</N1> - (Lachen)	But the conductor doesn't make a sound.				
TRUE					
					
Sie <L1>mixen</L1> eine Substanz um den Professor zu Bewusstsein zu bringen:	- We dont know whats thats supposed to be: C9H13N... offvoice:	anrühren vermixen mixen verrühren verquirlen mischen verschneiden durchmengen konfundieren verquicken einrühren durchrühren vermischen durchmischen verwursten vermanschen durcheinanderwürfeln vermengen untermischen pantschen panschen | zusammenrühren durcheinanderrühren (miteinander) verschlagen vermixen mixen verrühren verquirlen			
Sie <N1>verrühren</N1> eine Substanz um den Professor zu Bewusstsein zu bringen:	- We dont know whats thats supposed to be: C9H13N... offvoice:				
TRUE					
					
Ich habe dies heute auf dem Bauernmarkt gefunden. Wenn sie irgendjemand mit nach Hause nehmen und später <L1>pürieren</L1> möchte, dürfen sie das gerne tun.	The humble potato -- and I've spent a long time, 25 years, preparing these.	pürieren zu Püree machen			
Ich habe dies heute auf dem Bauernmarkt gefunden. Wenn sie irgendjemand mit nach Hause nehmen und später <N1>pürieren</N1> möchte, dürfen sie das gerne tun.	The humble potato -- and I've spent a long time, 25 years, preparing these.				
TRUE					
					
Das Spiel, das diesen Monat auf den Markt kommt, ist ein neues <L1>MMORPG</L1> mit realistischen Visualaspekten.	It's a taste of a game that none other possesses with focus on animation like graphics. Then, we'll start now. These days online games are exported just as much as cars, maybe more, and therefore quality has gone down causing concern.				
Das Spiel, das diesen Monat auf den Markt kommt, ist ein neues <N1>MMORPG</N1> mit realistischen Visualaspekten.	It's a taste of a game that none other possesses with focus on animation like graphics. Then, we'll start now. These days online games are exported just as much as cars, maybe more, and therefore quality has gone down causing concern.				
TRUE					
					
Und diese <L1>trendy</L1> jungen Dinger aus Sorbonne sagten:	Madame Draupadi, on n'est pas feministe, mais ça?	aktuell sexy steht hoch im Kurs gefragt kultig en vogue trendy (voll) im Trend angesagt im Trend liegen im Schwange in Mode Mode sein in dem Zeitgeist entsprechend hip trendig zum guten Ton gehören			
Und diese <N1>angesagten</N1> jungen Dinger aus Sorbonne sagten:	Madame Draupadi, on n'est pas feministe, mais ça?				
TRUE					
					
Man könnte es also <L1>aufpeppen</L1> und z.B. den viel leckereren Mac benutzen, aber irgendwie ist das der gleiche alte Mist, den wir schon seit 30 Jahren haben.	(Laughter) (Applause)	aufmöbeln verbessern aufpolieren tunen aufpeppen aufblasen pimpen aufmotzen aufbohren frisieren			
Man könnte es also <N1>verbessern</N1> und z.B. den viel leckereren Mac benutzen, aber irgendwie ist das der gleiche alte Mist, den wir schon seit 30 Jahren haben.	(Laughter) (Applause)				
TRUE					
					
Und weil Plastik aus Öl gemacht wird, habe ich BP angerufen und eine gute halbe Stunde damit verbracht die <L1>PR-Abteilung</L1> von BP zu überreden, dass es für sie fantastisch wäre, mich auf eine Bohrinsel zu fliegen, und mir eine Kanne Öl abtreten.	BP obviously has a bit more on their mind now.				
Und weil Plastik aus Öl gemacht wird, habe ich BP angerufen und eine gute halbe Stunde damit verbracht die <N1>PR-Abteilung</N1> von BP zu überreden, dass es für sie fantastisch wäre, mich auf eine Bohrinsel zu fliegen, und mir eine Kanne Öl abtreten.	BP obviously has a bit more on their mind now.				
TRUE					
					
FEPC, ist Sponsor von CS2 <L1>TV-Programm</L1> News keine shinsou / News Tiefen , hatte Druck auf Herrn Takashi Uesugi, der wollte nur ein wahrhaftiges Bild der nuklearen Krise Farbe machen, lassen Sie das Programm.	However, the TV station rejected such request and instead refused the sponsorship from FEPC.				
FEPC, ist Sponsor von CS2 <N1>TV-Programm</N1> News keine shinsou / News Tiefen , hatte Druck auf Herrn Takashi Uesugi, der wollte nur ein wahrhaftiges Bild der nuklearen Krise Farbe machen, lassen Sie das Programm.	However, the TV station rejected such request and instead refused the sponsorship from FEPC.				
TRUE					
					
Sie <L1>konterkarieren</L1> einander auf wunderbare Weise.	And that ends with a little clip of my father, of Lou, talking about something that is very dear to him, which is the accidents of life.	entgegenwirken obstruieren intrigieren sabotieren hintertreiben konterminieren durchkreuzen gegenlenken seine Strippen ziehen konterkarieren			
Sie <N1>untergraben</N1> einander auf wunderbare Weise.	And that ends with a little clip of my father, of Lou, talking about something that is very dear to him, which is the accidents of life.				
TRUE					
					
Aber die gesamten Filmeinnahmen in Kinos, Heimkino und <L1>Pay-per-View</L1> sind gestiegen.	And TV, satellite and cable revenues are way up.				
Aber die gesamten Filmeinnahmen in Kinos, Heimkino und <N1>Pay-per-View</N1> sind gestiegen.	And TV, satellite and cable revenues are way up.				
TRUE					
					
Google+ <L1>Log-in</L1> ist die sichere Möglichkeit, sich mit unserer Seite zu verbinden.	You already have a Google account, so you don't have to create a whole new username and password.				
Google+ <N1>Log-in</N1> ist die sichere Möglichkeit, sich mit unserer Seite zu verbinden.	You already have a Google account, so you don't have to create a whole new username and password.				
TRUE					
					
Lass das Ich-bin-sein <L1>marinieren</L1> im Ich bin .	And look how peaceful.	einlegen beizen marinieren			
Lass das Ich-bin-sein <N1></N1> im Ich bin .	And look how peaceful.				
FALSE					
					
Das ist dasselbe, wie wenn Sie Ihren Wagen 1998 <L1>volltanken</L1> und dann bis 2011 warten: Jetzt können Sie zweimal zum Jupiter hin- und zurückfahren.	(Laughter) World population,				
Das ist dasselbe, wie wenn Sie Ihren Wagen 1998 <N1>volltanken</N1> und dann bis 2011 warten: Jetzt können Sie zweimal zum Jupiter hin- und zurückfahren.	(Laughter) World population,				
TRUE					
					
Und wenn wir beide Ja sagen, <L1>voilà</L1> - willkommen zum chromosomalen LinkedIn.	(Laughter)				
Und wenn wir beide Ja sagen, <N1>voilà</N1> - willkommen zum chromosomalen LinkedIn.	(Laughter)				
TRUE					
					
Vergülden feines Gold, bemalen die Lilie, <L1>parfümieren</L1> das Veilchen... ist einfach verdammt dämlich	Some of these will sound familiar because you probably are thinking that way.	parfümieren mit Duft erfüllen			
Vergülden feines Gold, bemalen die Lilie, <N1></N1> das Veilchen... ist einfach verdammt dämlich	Some of these will sound familiar because you probably are thinking that way.				
FALSE					
					
Portierungsverpflichtungen, vom Oracle und und Sysbase und andere wichtige Datenbankenlieferanten [ Und warum war das kritisch? ] weil wir wussten, dass wenn die ganze Open Source- und vorallem die Linux-Story glaubhaft sein sollte müssen wir Verträge mit unabhängigen Softwarefirmen machen um Anwendungen auf diese Plattformen zu <L1>portieren</L1> und ich war sogar besorgt	The offices are right up here on the 9th floor.	einsetzen anpassen adaptieren portieren drauf setzen			
Portierungsverpflichtungen, vom Oracle und und Sysbase und andere wichtige Datenbankenlieferanten [ Und warum war das kritisch? ] weil wir wussten, dass wenn die ganze Open Source- und vorallem die Linux-Story glaubhaft sein sollte müssen wir Verträge mit unabhängigen Softwarefirmen machen um Anwendungen auf diese Plattformen <N1>anzupassen</N1> und ich war sogar besorgt	The offices are right up here on the 9th floor.				
TRUE					
					
Du hast einne Menge Leute, und die sind ziemlich <L1>hardcore</L1> und sie fühlten sich dadurch angegriffen weisst du, sie arbeiten ziemlich hart und sie bekommen nicht wirklich den gerechten Teil den sie eigentlich verdienen würden.	We flew up to San Francisco spent Wednesday afternoon meeting investment firms in San Francisco	kein Zuckerschlecken kein Zuckerlecken nur was für harte Hardcore			
Du hast einne Menge Leute, und die sind ziemlich <N1>krass</N1> und sie fühlten sich dadurch angegriffen weisst du, sie arbeiten ziemlich hart und sie bekommen nicht wirklich den gerechten Teil den sie eigentlich verdienen würden.	We flew up to San Francisco spent Wednesday afternoon meeting investment firms in San Francisco				
TRUE					
					
Ich bin so erfahren, als du an die Fell School gingst und all die reichen kleinen Goldjungen ein Kind <L1>sponsern</L1> wollten, das war ich, aber sie schmissen mich raus, als ich den Goldjungen beibrachte, wie man die Flecken von einer Lee-Jeans stiehlt, und sie zu VIM brachte.	Have fun with that.	bezuschussen sponsern subventionieren (finanziell) unterstützen (finanziell) stärken (finanziell) stützen (finanziell) fördern			
Ich bin so erfahren, als du an die Fell School gingst und all die reichen kleinen Goldjungen ein Kind <N1>unterstützen</N1> wollten, das war ich, aber sie schmissen mich raus, als ich den Goldjungen beibrachte, wie man die Flecken von einer Lee-Jeans stiehlt, und sie zu VIM brachte.	Have fun with that.				
TRUE					
					
Die Zukunft muss nicht zu denjenigen gehören, die Frauen zu <L1>schikanieren</L1> - Es muss vom Mädchen geprägt werden, die zur Schule gehen, und wer sich für eine Welt wo unsere Töchter ihre Träume nur leben können wie unsere Söhne.	All these things give me hope, but what gives me the most hope is not the actions of us, not the actions of leaders - it is the people that I've seen.	piesacken zur Sau machen fertigmachen mobben aufs Korn nehmen drangsalieren intrigieren schikanieren kujonieren schurigeln			
Die Zukunft muss nicht zu denjenigen gehören, die Frauen zu <N1>piesacken</N1> - Es muss vom Mädchen geprägt werden, die zur Schule gehen, und wer sich für eine Welt wo unsere Töchter ihre Träume nur leben können wie unsere Söhne.	All these things give me hope, but what gives me the most hope is not the actions of us, not the actions of leaders - it is the people that I've seen.				
TRUE					
					
Aber am Ende hat er eine Reportage gemacht, die sogar mich überrascht hat -- Hip Hop -- es gibt junge Jemeniten, die sich durch Tanzen und b <L1>tsch</L1> b tsch ausdrücken.	Well, i was at my place, playing video games then something glitched in mye computer then there was a flash, thunder and darkness				
Aber am Ende hat er eine Reportage gemacht, die sogar mich überrascht hat -- Hip Hop -- es gibt junge Jemeniten, die sich durch Tanzen und b <N1></N1> b tsch ausdrücken.	Well, i was at my place, playing video games then something glitched in mye computer then there was a flash, thunder and darkness				
FALSE					
					
Wir kamen nicht am Nordpol an und wir hatten kein Geld, um irgendjemanden für <L1>PR-Arbeit</L1> zu bezahlen, also hatte keiner von dieser Expedition gehört.	The pack ice is always drifting.	PR-Arbeit Öffentlichkeitsarbeit Public Relations PR Pressearbeit			
Wir kamen nicht am Nordpol an und wir hatten kein Geld, um irgendjemanden für <N1>Öffentlichkeitsarbeit</N1> zu bezahlen, also hatte keiner von dieser Expedition gehört.	The pack ice is always drifting.				
TRUE					
					
An der Spitze der internationalen Rangliste laut der letzten <L1>PISA-Studie</L1> steht der Shanghai-Distrikt von China.	That tells you something really important.				
An der Spitze der internationalen Rangliste laut der letzten <N1>PISA-Studie</N1> steht der Shanghai-Distrikt von China.	That tells you something really important.				
TRUE					
					
In Libyen hätten wir uns an die <L1>UN-Resolution</L1> halten sollen.	And the fact is that you haven't got the energy to do it. But we don't as yet ...				
In Libyen hätten wir uns an die <N1>UN-Resolution</N1> halten sollen.	And the fact is that you haven't got the energy to do it. But we don't as yet ...				
TRUE					
					
Der Hauptunterschied zwischen einer Wirtschaft, die auf Ressourcen basiert und dem Geldsystem ist, dass sich eine ressourcenbasierte Wirtschaft mit den Menschen beschäftigt und ihrem Wohl. Während das Geldsystem so entstellt wurde, dass die Anliegen des Volkes geradezu <L1>sekundär</L1> sind, wenn sie überhaupt eine Rolle spielen.	Fast, clean, with only a fraction of the energy usage we use today for the same means.	zweitrangig unter ferner liefen sekundär nebensächlich nachrangig zweite Geige beiläufig auch ebenfalls untergeordnet | marginal unbedeutend zweitrangig nicht der Rede wert peripher egal ohne Belang nicht ins Gewicht fallend zu vernachlässigen nicht entscheidend uninteressant nichtssagend hat es nicht viel auf sich unmaßgeblich bedeutungslos unter ferner liefen irrelevant sekundär unwesentlich nebensächlich von untergeordneter Bedeutung belanglos unbeträchtlich keinen Schuss Pulver wert vernachlässigbar nachgeordnet unerheblich unwichtig kannste vergessen nicht wichtig sei's drum nachrangig nicht von Interesse			
Der Hauptunterschied zwischen einer Wirtschaft, die auf Ressourcen basiert und dem Geldsystem ist, dass sich eine ressourcenbasierte Wirtschaft mit den Menschen beschäftigt und ihrem Wohl. Während das Geldsystem so entstellt wurde, dass die Anliegen des Volkes geradezu <N1>zweitrangig</N1> sind, wenn sie überhaupt eine Rolle spielen.	Fast, clean, with only a fraction of the energy usage we use today for the same means.				
TRUE					
					
Ich las, dass die CPU ständig Daten hin und her schiebt zwischen Speicher, <L1>RAM</L1> und der ALU, der arithmetisch-logischen Einheit.	So I'm not the first to figure this out.	Direktzugriffsspeicher Random Access Memory RAM Kurzspeicher Kurzzeitspeicher Zentralspeicher Hauptspeicher Arbeitsspeicher			
Ich las, dass die CPU ständig Daten hin und her schiebt zwischen Speicher, <N1>Direktzugriffsspeicher</N1> und der ALU, der arithmetisch-logischen Einheit.	So I'm not the first to figure this out.				
TRUE					
					
Also, seit über 200 Jahren wird Ayahuasca in diesen Kontexten involviert in einer komplexen und teils auch gewaltvollen Überschneidung zwischen den indogenen amazonischen Leuten und europäischen <L1>kolonial</L1> Bewegungen.	And I'll just finish there. Thanks.				
Also, seit über 200 Jahren wird Ayahuasca in diesen Kontexten involviert in einer komplexen und teils auch gewaltvollen Überschneidung zwischen den indogenen amazonischen Leuten und europäischen <N1>kolonial</N1> Bewegungen.	And I'll just finish there. Thanks.				
TRUE					
					
Die andere Hauptantwort war die Suche nach Wissen oder Weisheit. Wie auch immer, die Linien zwischen Heilung und Weisheit sind oft verschwommen gegeben dass das Erlangen von Wissen durch Ayahuasca Offenbarungen <L1>regulär</L1> verbunden wird mit einer Art spirituellen Gesundheit.	Somebody was smart and put a Bic pen in my neck to open up my airway, so I could get some air in there.	vorschriftsmäßig laut Vorschrift ordnungsgemäß regelgemäß nach Vorschrift regelrecht wie vorgeschrieben reglementarisch ordnungsmäßig regulär | gleichmäßig regulär regelmäßig in gleichen Abständen			
Die andere Hauptantwort war die Suche nach Wissen oder Weisheit. Wie auch immer, die Linien zwischen Heilung und Weisheit sind oft verschwommen gegeben dass das Erlangen von Wissen durch Ayahuasca Offenbarungen <N1>gewohnheitsmässig</N1> verbunden wird mit einer Art spirituellen Gesundheit.	Somebody was smart and put a Bic pen in my neck to open up my airway, so I could get some air in there.				
TRUE					
					
Das bedeutet, dass visuelle Aufklärungssoftware es nach interessanten Dingen <L1>abscannen</L1> müsste.	We have license plates on cars, tail numbers on aircraft.				
Das bedeutet, dass visuelle Aufklärungssoftware es nach interessanten Dingen <N1>abscannen</N1> müsste.	We have license plates on cars, tail numbers on aircraft.				
TRUE					
					
Niemand hat jemals nachgewiesen - und das wird Sie <L1>schockieren</L1> - dass die Chemotherapie in den meisten Fällen tatsächlich eine Krebszelle berührt.	They had to give it also in the U.S. to get approval, so I think there were three U.S. patients in upstate New York who were part of the trial.	schockieren erschrecken erschüttern | schockieren schocken einen Skandal hervorrufen			
Niemand hat jemals nachgewiesen - und das wird Sie <N1>erschüttern</N1> - dass die Chemotherapie in den meisten Fällen tatsächlich eine Krebszelle berührt.	They had to give it also in the U.S. to get approval, so I think there were three U.S. patients in upstate New York who were part of the trial.				
TRUE					
					
Eine Milliarde Menschen ist <L1>adipös</L1> oder übergewichtig, und eine Milliarde Menschen ist hungerleidend.	I'll be able to say that it's been a success.	üppig stark vollschlank dick und fett über Normalgewicht dickbäuchig wohlgerundet fettleibig korpulent schmerbäuchig feist dickleibig beleibt wampert stattlich wohlgenährt etwas auf den Rippen haben adipös füllig kugelrund aus der Form geraten mollig dick fett drall wohlbeleibt übergewichtig gut gepolstert | fettleibig korpulent feist adipös fett an Fettsucht leidend hochgradig übergewichtig			
Eine Milliarde Menschen ist <N1>adipös</N1> oder übergewichtig, und eine Milliarde Menschen ist hungerleidend.	I'll be able to say that it's been a success.				
TRUE					
					
Sie war von einer Klientin um einen Hausbesuch gebeten worden, weil diese ihrer Mutter und ihren Geschwister von ihrer <L1>HIV-Infektion</L1> erzählen wollte und Angst hatte, es alleine zu machen.	It was at that point, just the spark of an idea.				
Sie war von einer Klientin um einen Hausbesuch gebeten worden, weil diese ihrer Mutter und ihren Geschwister von ihrer <N1>HIV-Infektion</N1> erzählen wollte und Angst hatte, es alleine zu machen.	It was at that point, just the spark of an idea.				
TRUE					
					
Sie probierten ein innovatives Verfahren namens Agile Entwicklung aus, das sich gerade von Japan aus zu den <L1>Start-up-Unternehmen</L1> im Silicon Valley ausbreitete.	Everyone throws out suggestions and then we pick two to focus on.	Start-up Start-up-Firma Start-up-Unternehmen junges Unternehmen			
Sie probierten ein innovatives Verfahren namens Agile Entwicklung aus, das sich gerade von Japan aus zu den <N1>Start-up-Unternehmen</N1> im Silicon Valley ausbreitete.	Everyone throws out suggestions and then we pick two to focus on.				
TRUE					
					
Das Nutzen von eingebetteten Geräten, eingebetteter Technologie im weiteren Sinne in unserer Umwelt, nicht nur in der Heimat, sondern der Umzug in Städte, Straßen, Gebäude usw., ist als Mittel zur Übertragung und Kommunikation von Daten an das Netzwerk und erzeugt dann eine Art von maschenförmigen Netzwerk. Das liegt an der Stadt oder von jemanden die Erfahrung, nicht nur zwischen ihrem mobilen Gerät und ihrem <L1>Tablet-PC</L1> in ihrem Haus aber regelrecht in der Echtzeit über alles.	Looks like a stalemate.	Flachrechner Tablet Tablet-Computer Tabletcomputer Tablet-PC			
Das Nutzen von eingebetteten Geräten, eingebetteter Technologie im weiteren Sinne in unserer Umwelt, nicht nur in der Heimat, sondern der Umzug in Städte, Straßen, Gebäude usw., ist als Mittel zur Übertragung und Kommunikation von Daten an das Netzwerk und erzeugt dann eine Art von maschenförmigen Netzwerk. Das liegt an der Stadt oder von jemanden die Erfahrung, nicht nur zwischen ihrem mobilen Gerät und ihrem <N1>Flachrechner</N1> in ihrem Haus aber regelrecht in der Echtzeit über alles.	Looks like a stalemate.				
TRUE					
					
Es wurde als <L1>elitär</L1> angesehen, eine ausschließende Religion, die der weißen Bevölkerung vorbehalten ist.	Nate:	abgehoben ohne Bodenhaftung elitär (im) Elfenbeinturm			
Es wurde als <N1>abgehoben</N1> angesehen, eine ausschließende Religion, die der weißen Bevölkerung vorbehalten ist.	Nate:				
TRUE					
					
Kurz nach seinem ersten Geburtstag sagte mein Sohn <L1>gaga</L1> , wenn er Wasser meinte.	Aaaa.)	durchgedreht wahnsinnig durch den Wind geistig umnachtet irre bekloppt nicht ganz dicht narrisch unzurechnungsfähig geisteskrank psychotisch irrsinnig von Sinnen neben der Spur ballaballa Sprung in der Schüssel haben unter Wahnvorstellungen leidend (total) durchgeknallt verrückt jeck gaga geistesgestört Ei am Wandern haben nasch (wohl) mit dem Klammerbeutel gepudert sein (total) von der Rolle			
Kurz nach seinem ersten Geburtstag sagte mein Sohn <N1></N1> , wenn er Wasser meinte.	Aaaa.)				
FALSE					
					
Es war nicht das allerdings, dass notleidende arme alte Corky, weil er nicht <L1>bigott</L1> war und hatte keine Einwände gegen den Mann weiter zu leben.	There's only one thing to do,  I said.	bigott frömmlerisch engstirnig blindgläubig frömmelnd | falsch gemein link tückisch heimtückisch hinterhältig unehrlich unlauter verlogen unwahrhaftig gaunerhaft unredlich unaufrichtig lügnerisch bigott niederträchtig biestig hundsgemein durchtrieben hinterfotzig schofel schofelig charakterlos schurkisch scheißfreundlich heuchlerisch geheuchelt pharisäerhaft hinterfotzig schlangenzüngig scheinheilig hypokritisch doppelzüngig hintenrum			
Es war nicht das allerdings, dass notleidende arme alte Corky, weil er nicht <N1>frömmlerisch</N1> war und hatte keine Einwände gegen den Mann weiter zu leben.	There's only one thing to do,  I said.				
TRUE					
					
Es gibt zwar unendlich viele Farben, doch da wir nur drei Arten Zapfen haben, kann man <L1>tricksen</L1> und das Gehirn alle Farben sehen lassen, indem nur drei richtig kombiniert werden: Rot, Grün und Blau.	When it comes time to sheetrock, if you use EcoRock it's about a quarter of the embodied energy of standard sheetrock.	mogeln schwindeln täuschen schummeln tricksen mauscheln Schmu machen			
Es gibt zwar unendlich viele Farben, doch da wir nur drei Arten Zapfen haben, kann man <N1>mogeln</N1> und das Gehirn alle Farben sehen lassen, indem nur drei richtig kombiniert werden: Rot, Grün und Blau.	When it comes time to sheetrock, if you use EcoRock it's about a quarter of the embodied energy of standard sheetrock.				
TRUE					
					
Z. B. sagt Sally: ich brauch jemand zum <L1>chillen</L1> und Jake sagt: haha - auch über haha könnte man eine Doktorarbeit schreiben, doch dazu ist keine Zeit -	(Applause)	abhängen herumgammeln ausruhen abschalten gammeln herumlungern sich erholen Däumchen drehen absicken nichts zu tun haben nichts tun sich einen Lenz machen faulenzen rumlungern abflacken sich festhalten an rumfaulenzen sich auf die faule Haut legen herumhängen chillen sich entspannen lungern abchillen ablockern rumgammeln abschimmeln (es sich) bequem machen untätig sein			
Z. B. sagt Sally: ich brauch jemand zum <N1>abhängen</N1> und Jake sagt: haha - auch über haha könnte man eine Doktorarbeit schreiben, doch dazu ist keine Zeit -	(Applause)				
TRUE					
					
Und alle Kinder <L1>kiffen</L1>	It was plain to see that your life was lost	vernichten haschen Haschisch rauchen buffen barzen einen heizen kiffen einen smoken			
Und alle Kinder <N1>heizen einen</N1>	It was plain to see that your life was lost				
TRUE					
					
Legendär - wie Ted Williams <L1>legendär</L1> - der letzte Major League Baseball Spieler der während einer regulären Saison über 400 Mal traf.	Maybe I wanted to be so successful and so able to take responsibility that I would do so and I would be able to take care of my attending's patients without even having to contact him.	legendär darüber erzählt man sich viele Geschichten | ominös vielzitiert oft erwähnt häufig genannt sprichwörtlich vielbeschworen viel berufen legendär			
Legendär - wie Ted Williams <N1>grossartig</N1> - der letzte Major League Baseball Spieler der während einer regulären Saison über 400 Mal traf.	Maybe I wanted to be so successful and so able to take responsibility that I would do so and I would be able to take care of my attending's patients without even having to contact him.				
TRUE					
					
Ich habe mit Firmen wie Microsoft, SAP oder Google gearbeitet, habe deren Bugs analysiert, gesucht was falsche gelaufen war, und mir fiel auf, dass es fast kein Lehrmaterial für Debugging und wie man Programme <L1>debuggen</L1> soll gibt.	But do they call me MacGregor the pier builder?	Fehler beseitigen debuggen von Fehlern befreien			
Ich habe mit Firmen wie Microsoft, SAP oder Google gearbeitet, habe deren Bugs analysiert, gesucht was falsche gelaufen war, und mir fiel auf, dass es fast kein Lehrmaterial für Debugging und wie man Programme <N1>von Fehlern befreien</N1> soll gibt.	But do they call me MacGregor the pier builder?				
TRUE					
					
Lass uns das aktuelle, abschließende Beispiel Lass uns das aktuelle, abschließende Beispiel von Homoehen betrachten, welches <L1>markant</L1> ist für die politische Debate.	What do you wanna do for dinner?	stark deutlich wahrnehmbar augenfällig ersichtlich klar und deutlich nicht zu übersehen unübersehbar ausgeprägt apparent ins Auge fallend auffällig deutlich sichtbar intensiv offensichtlich ins Auge stechend dick und fett offenkundig hervorstechend auffallend markant deutlich erkennbar | stark deutlich merklich augenfällig prägnant ausgeprägt markant spürbar fühlbar charakteristisch in großem Umfang signifikant bezeichnend | scharf stark deutlich klar prägnant kräftig ausgeprägt intensiv markant regelmäßig umrissen gestochen heftig			
Lass uns das aktuelle, abschließende Beispiel Lass uns das aktuelle, abschließende Beispiel von Homoehen betrachten, welches <N1>augenfällig</N1> ist für die politische Debate.	What do you wanna do for dinner?				
TRUE					
					
Also das Bild ist <L1>reell</L1> und kleiner als der eigentliche Gegenstand. falls der Gegenstand weiter draußen als der Krümmungsmittelpunkt ist.	So here I'll do a slightly different ray that intersects the parabolic mirror right over there	stabil langlebig dauerhaft solide währschaft reell Da weiß man, was man hat. wertbeständig | wahrhaftig de facto in Wirklichkeit praktisch wirklich in der Tat man muss ganz ehrlich sagen in praxi nach Lage der Dinge wahrlich echt nach Tatsachen realiter im Ergebnis tatsächlich wahrhaft beileibe natürlich Im Endergebnis in facto in Wahrheit in der Praxis faktisch real greifbar effektiv bestimmt anschaulich fassbar ehrlich konkret eigentlich reell handfest gegenständlich anwendungsbezogen auf den Gegenstand bezogen sachbezogen gelebt so wie es sein soll ohne Scheiß in effectu			
Also das Bild ist <N1>wahrhaftig</N1> und kleiner als der eigentliche Gegenstand. falls der Gegenstand weiter draußen als der Krümmungsmittelpunkt ist.	So here I'll do a slightly different ray that intersects the parabolic mirror right over there				
TRUE					
					
Und als die Kopien ihres Fragebogens <L1>retour</L1> kamen, trat genau ein Ding mit einer statistischen Klarheit hervor, von der die meisten Wissenschaftler nur träumen können.	And it means that people like many of us, who have run organizations, and gone out of our way to try to find the very best people we can, mostly fail to get the best out of them.	zurück retour nach hinten rückwärts retro			
Und als die Kopien ihres Fragebogens <N1>zurück</N1> kamen, trat genau ein Ding mit einer statistischen Klarheit hervor, von der die meisten Wissenschaftler nur träumen können.	And it means that people like many of us, who have run organizations, and gone out of our way to try to find the very best people we can, mostly fail to get the best out of them.				
TRUE					
					
Indem Sie sich einfach etwas anschauen, was jemand getan hat, es <L1>sondieren</L1> und sagen:	For some people, we just eliminated that.	ergründen untersuchen herausfinden ermitteln erforschen erkunden durchforschen ausloten explorieren sondieren | Sondierung Sondieren			
Indem Sie sich einfach etwas anschauen, was jemand getan hat, es <N1>untersuchen</N1> und sagen:	For some people, we just eliminated that.				
TRUE					
					
Und schlimmstenfalls wird man dich <L1>lynchen</L1> und ans Kreuz nageln.	And I think, a lot of times, what we do is just, sort of, hold the mirror up to our clients, and sort of go,				
Und schlimmstenfalls wird man dich <N1>lynchen</N1> und ans Kreuz nageln.	And I think, a lot of times, what we do is just, sort of, hold the mirror up to our clients, and sort of go,				
TRUE					
					
Denn es ist so, wir sind so <L1>chauvinistisch</L1> im Hinblick auf Biologie, wenn man Kohlenstoff entfernt, dann gibt es andere Dinge, die passieren können.	Let me mark out the 0 a little bit better, so you see relative to 0.	machistisch chauvinistisch machohaft machomäßig sexistisch chauvimäßig			
Denn es ist so, wir sind so <N1>chauvinistisch</N1> im Hinblick auf Biologie, wenn man Kohlenstoff entfernt, dann gibt es andere Dinge, die passieren können.	Let me mark out the 0 a little bit better, so you see relative to 0.				
TRUE					
					
Ich kenne Leute sind nicht immer Fans von solchen Gesprachen. aber ich verspreche, ich werde über neue Mode der Chemie sprechen was bedeutet <L1>up-to-date</L1> Chemie wie, was Mohammed hesham sagte nur betonen seinem Vortrag die Hauptaussage	So you could say,  If I have 4, and I get 3 more, I get 7.				
Ich kenne Leute sind nicht immer Fans von solchen Gesprachen. aber ich verspreche, ich werde über neue Mode der Chemie sprechen was bedeutet <N1></N1> Chemie wie, was Mohammed hesham sagte nur betonen seinem Vortrag die Hauptaussage	So you could say,  If I have 4, and I get 3 more, I get 7.				
FALSE					
					
Das mag einer der Gründe sein, wieso manche Mattie vorschnell als feministishen Charakter einordnen. Ebenso wie andere weibliche popkulturelle Figuren, die als stark und <L1>tough</L1> bezeichnet werden.	How many people are actually going to receive that letter? Well, what's 10 to the sixth power? 10 to the sixth is equal to 1 with six zeroes, which is 1 million people are going to receive that letter in just 6 weeks, just sending out 10 letters each.				
Das mag einer der Gründe sein, wieso manche Mattie vorschnell als feministishen Charakter einordnen. Ebenso wie andere weibliche popkulturelle Figuren, die als stark und <N1>hart</N1> bezeichnet werden.	How many people are actually going to receive that letter? Well, what's 10 to the sixth power? 10 to the sixth is equal to 1 with six zeroes, which is 1 million people are going to receive that letter in just 6 weeks, just sending out 10 letters each.				
TRUE					
					
Aber lassen Sie uns jetzt über <L1>PISA</L1> reden, die weltweite Studie der OECD zur Evaluierung von Wissen und Fähigkeiten.	What you see is that two countries with similar spending achieve very different results.				
Aber lassen Sie uns jetzt über <N1>PISA</N1> reden, die weltweite Studie der OECD zur Evaluierung von Wissen und Fähigkeiten.	What you see is that two countries with similar spending achieve very different results.				
TRUE					
					
Letztes Jahr wurde ich zu einem Spiel der <L1>NBA</L1> All-Stars eingeladen.	Spain had colonized the eastern half of the island,				
Letztes Jahr wurde ich zu einem Spiel der <N1>NBA</N1> All-Stars eingeladen.	Spain had colonized the eastern half of the island,				
TRUE					
					
Und wenn man sich vorstellt, was z.B. Google Labs experimentell mit Google Docs, Google Spreadsheets, usw tut. All diese Dinge werden <L1>webbasiert</L1> sein.	So, I don't know what the name of this thing is.				
Und wenn man sich vorstellt, was z.B. Google Labs experimentell mit Google Docs, Google Spreadsheets, usw tut. All diese Dinge werden <N1>webbasiert</N1> sein.	So, I don't know what the name of this thing is.				
TRUE					
					
Das erste Fax - die Person die die erste Faxmaschine kaufte war ein Idiot, weil es niemand gab dem man <L1>faxen</L1> konnte.	So that's what you want, is all your friends are identified, and you should just carry these relationships around.	Angabe Affektiertheit Ziererei Allüren Gesums Gehabe Bohei Aufhebens Getue Buhei Geziere Affigkeit Faxen Gewese Gekünsteltheit (übertrieben viel) Tamtam			
Das erste Fax - die Person die die erste Faxmaschine kaufte war ein Idiot, weil es niemand gab dem man <N1>faxen</N1> konnte.	So that's what you want, is all your friends are identified, and you should just carry these relationships around.				
TRUE					
					
Zum Beispiel hat mir jemand geschrieben, der sagte Hey Ze, wenn du jemals nach Boulder kommst, solltest du mit uns <L1>abrocken</L1> . Und ich sagte mir Warum warten?	(Laughter)				
Zum Beispiel hat mir jemand geschrieben, der sagte Hey Ze, wenn du jemals nach Boulder kommst, solltest du mit uns <N1>abrocken</N1> . Und ich sagte mir Warum warten?	(Laughter)				
TRUE					
					
Ich glaube, ich will nur nochmal <L1>rekapitulieren</L1> und sagen: Das ist etwas sehr häufiges.	I level up my druid when I'm playin' World of Warcraft	bewusst machen in Erinnerung rufen Revue passieren lassen vor seinem inneren Auge vorbeiziehen lassen vergegenwärtigen rekapitulieren eingedenk sein (sich über etwas) klar werden			
Ich glaube, ich will nur nochmal <N1>in Erinnerung rufen</N1> und sagen: Das ist etwas sehr häufiges.	I level up my druid when I'm playin' World of Warcraft				
TRUE					
					
Was ich mich frage ist, wie wird die Gesellschaft sein, wenn die Kinder heutzutage so phänomenal gut im Nachrichten schicken sind und wahnsinnig viel Zeit am Bildschirm verbringen, aber noch nie zusammen <L1>bowlen</L1> gegangen sind.	Mentoring me.				
Was ich mich frage ist, wie wird die Gesellschaft sein, wenn die Kinder heutzutage so phänomenal gut im Nachrichten schicken sind und wahnsinnig viel Zeit am Bildschirm verbringen, aber noch nie zusammen <N1>bowlen</N1> gegangen sind.	Mentoring me.				
TRUE					
					
Wir müssen uns anschauen, wie wir sieben Milliarden Menschen auf nachhaltige Weise ernähren, heilen, bilden, transportieren und mit ihnen <L1>korrespondieren</L1> können.	I woke up from a month-long coma, following a double lung transplant.	korrespondieren in brieflichem Kontakt stehen sich schreiben brieflich verkehren mit | schriftlich kommunizieren korrespondieren | übereinstimmen entsprechen gleichkommen korrespondieren			
Wir müssen uns anschauen, wie wir sieben Milliarden Menschen auf nachhaltige Weise ernähren, heilen, bilden, transportieren und mit ihnen <N1>schriftlich verkehren</N1> können.	I woke up from a month-long coma, following a double lung transplant.				
TRUE					
					
Ich könnte wie ein Virus durch Ihre Server und Firewalls <L1>zippen</L1> bis das World Wide Web so weise, wild und organisiert wäre, wie ich meine, ein modernes Mirakel/Orakel nur sein kann, doch, oh-weh, willste drauf wetten, wie jeck und un-PC Dein Mac oder PC abgeht? Denn ich rock' das Internet, ein Teufelskerl auf Gott.net.	And in every war there are massacres, but the US at least believes that its soldiers can kinda take the high-road, that they don't engage in these types of things.	packen komprimieren eindampfen komprimiert archivieren zippen			
Ich könnte wie ein Virus durch Ihre Server und Firewalls <N1>zippen</N1> bis das World Wide Web so weise, wild und organisiert wäre, wie ich meine, ein modernes Mirakel/Orakel nur sein kann, doch, oh-weh, willste drauf wetten, wie jeck und un-PC Dein Mac oder PC abgeht? Denn ich rock' das Internet, ein Teufelskerl auf Gott.net.	And in every war there are massacres, but the US at least believes that its soldiers can kinda take the high-road, that they don't engage in these types of things.				
TRUE					
					
Warum <L1>boomen</L1> die sozialen Netzwerke trotz Zensur so?	But you can't even expand more, no, because Chinese Sina Weibo, when it was founded was exactly one month after the official blocking of Twitter.com.	brummen blühen florieren erfolgreich sein gut laufen boomen			
Warum <N1>blühen</N1> die sozialen Netzwerke trotz Zensur so?	But you can't even expand more, no, because Chinese Sina Weibo, when it was founded was exactly one month after the official blocking of Twitter.com.				
TRUE					
					
In a country where a cripple has more rights than a <L1>proper</L1> man... and you do not feel well yourself?	Just skin and bones of the unorganised body remain with me.	rein picobello wie geleckt sauber hygienisch tipptopp blitzsauber spiegelblank makellos sauber da könnte man vom Fußboden essen proper fleckenlos sauber strahlend sauber vor Sauberkeit strahlen blitzeblank pieksauber porentief rein auf Hochglanz poliert blitzesauber es blitzt und blinkt blitzblank | tipptopp proper adrett ordentlich angezogen korrekt angezogen in sauberer Kleidung			
In a country where a cripple has more rights than a <N1></N1> man... and you do not feel well yourself?	Just skin and bones of the unorganised body remain with me.				
FALSE					
					
Da wir wissen... ...daß es eine Auftragung Population - versus - Zeit - werden wird, ist es immer gut... ...die Achsen zu <L1>labeln</L1> [mit Hinweisen zu versehen]... ...so daß man nicht vergisst... [schreibt]	That really has to do with our aging population.	etikettieren verschlagworten mit Schlagwörtern versehen labeln taggen			
Da wir wissen... ...daß es eine Auftragung Population - versus - Zeit - werden wird, ist es immer gut... ...die Achsen zu <N1></N1> [mit Hinweisen zu versehen]... ...so daß man nicht vergisst... [schreibt]	That really has to do with our aging population.				
FALSE					
					
Durch die Energie aller Anwesenden entschied ich mich weiter zu <L1>puschen</L1> und kam auf 17 Minuten und 4 Sekunden.	The point that I would like to ask you to try to do, is just in 30 seconds -- and I know this is in a sense an impossible task -- write down what you think is probably some of the top priorities.	erregen hervorrufen anspornen aktivieren ankurbeln anregen aufpeitschen antreiben innervieren pushen in Wallung bringen aufputschen stimulieren powern puschen | Schlappen Puschen Schluffen Hausschuhe Schlurren Finken Pantoffeln			
Durch die Energie aller Anwesenden entschied ich mich weiter zu <N1>anzutreiben</N1> und kam auf 17 Minuten und 4 Sekunden.	The point that I would like to ask you to try to do, is just in 30 seconds -- and I know this is in a sense an impossible task -- write down what you think is probably some of the top priorities.				
TRUE					
					
Es ist ein guter Film im Hinblick darauf, dass ich ihn sicher sehen will, stimmt's, aber erwarten sie nicht von Emmerich in seinem nächsten Film Brad Pitt zu <L1>casten</L1> wie er in Tanzania Latrinen gräbt oder so etwas ähnliches.	This is point D.				
Es ist ein guter Film im Hinblick darauf, dass ich ihn sicher sehen will, stimmt's, aber erwarten sie nicht von Emmerich in seinem nächsten Film Brad Pitt zu <N1>casten</N1> wie er in Tanzania Latrinen gräbt oder so etwas ähnliches.	This is point D.				
TRUE					
					
Welches sind die Probleme, die wir zu <L1>adressieren</L1> versuchen?	It's very, very unlikely.	ansprechen adressieren anreden anquasseln anlabern anquatschen das Wort richten | in Angriff nehmen angehen behandeln adressieren befassen | Adressieren Adressierung			
Welches sind die Probleme, die wir zu <N1>lösen</N1> versuchen?	It's very, very unlikely.				
TRUE					
					
Wenn wir das Licht <L1>dimmen</L1> könnten... [ Die 99 ]	And torture's a terrible enough thing as it is, but when it's done by your hero, that just breaks you in so many ways.	dunkler machen dimmen			
Wenn wir das Licht <N1>dunkler machen</N1> könnten... [ Die 99 ]	And torture's a terrible enough thing as it is, but when it's done by your hero, that just breaks you in so many ways.				
TRUE					
					
Also <L1>randomisieren</L1> wir, machen Langzeit-	But once you fractionate happiness the way I do -- not just positive emotion, that's not nearly enough -- there's flow in life, and there's meaning in life.				
Also <N1>machen wir zufällig</N1>, machen Langzeit-	But once you fractionate happiness the way I do -- not just positive emotion, that's not nearly enough -- there's flow in life, and there's meaning in life.				
TRUE					
					
Das macht sie, indem sie in Bussum eröffnet, was wir heute ein <L1>Bed-and-Breakfast</L1> nennen würden, in dem viele Künstler bleiben werden, die später ein Teil ihrer Verbindungen werden.	So the answer is eleven thousand forty-five.				
Das macht sie, indem sie in Bussum eröffnet, was wir heute ein <N1>Bed-and-Breakfast</N1> nennen würden, in dem viele Künstler bleiben werden, die später ein Teil ihrer Verbindungen werden.	So the answer is eleven thousand forty-five.				
TRUE					
					
Es scheint einfach sehr <L1>stressfrei</L1> und heiter zu sein.	I've always had an artistic side so I wanted to sit down and paint.				
Es scheint einfach sehr <N1>stressfrei</N1> und heiter zu sein.	I've always had an artistic side so I wanted to sit down and paint.				
TRUE					
					
Ich muss auflegen, damit ich <L1>einparken</L1> kann.	Thank you.				
Ich muss auflegen, damit ich <N1>einparken</N1> kann.	Thank you.				
TRUE					
					
Sie <L1>akquirieren</L1> eine Kartei aus Rechten an geistigem Eigentum, um dann für ihren Profit zu prozessieren.	It's important for the public to see how it all works too.	anheuern anwerben akquirieren einwerben			
Sie <N1>werben</N1> eine Kartei aus Rechten an geistigem Eigentum ein, um dann für ihren Profit zu prozessieren.	It's important for the public to see how it all works too.				
TRUE					
					
Rückblickend sieht alles <L1>makaber</L1> und düster und unheimlich aus, als hätte das der Anfang von etwas Bösem sein können.	He stopped drinking, went to church with his grandmother, and he fought what he believed were immoral homosexual urges which eventually led to his inescapable fantasies about murder.	geschmacklos düster grausig respektlos schauderhaft schauerlich abartig pietätlos makaber			
Rückblickend sieht alles <N1>grausig</N1> und düster und unheimlich aus, als hätte das der Anfang von etwas Bösem sein können.	He stopped drinking, went to church with his grandmother, and he fought what he believed were immoral homosexual urges which eventually led to his inescapable fantasies about murder.				
TRUE					
					
Ja wie in diesen Filmen wo sie den Menschen Spermaproben entnehmen und ihre Hoden <L1>frittieren</L1>	No, but all transformed humans are now attacking the ones remaining	fritten frittieren			
Ja wie in diesen Filmen wo sie den Menschen Spermaproben entnehmen und ihre Hoden <N1>frittieren</N1>	No, but all transformed humans are now attacking the ones remaining				
TRUE					
					
Aber das sind frühe Verwendungen von Illusionen, die aber - irgendwie <L1>brisant</L1> in Hans	Maia run.	brisant konfliktgeladen explosiv hochexplosiv konfliktträchtig | mit Vorsicht zu genießen nicht ohne knifflig prekär schwierig heikel haarig kritisch neuralgisch brisant problembehaftet nicht unbedenklich nicht geheuer problematisch delikat verfänglich spinös brenzlig bedenklich			
Aber das sind frühe Verwendungen von Illusionen, die aber - irgendwie <N1></N1> in Hans	Maia run.				
FALSE					
					
Dieses besagt, dass jedes Land drastische Senkungen des Verbrauchs fossiler Brennstoffe durch ein <L1>UN-Mandat</L1> erreichen muss.	This was carefully planned since the inception of the Federal Reserve Bank.				
Dieses besagt, dass jedes Land drastische Senkungen des Verbrauchs fossiler Brennstoffe durch ein <N1>UN-Mandat</N1> erreichen muss.	This was carefully planned since the inception of the Federal Reserve Bank.				
TRUE					
					
Psychopathen <L1>mobben</L1> hauptsächlich aus zwei Gründen:	And then what's b squared?	niedermachen abkanzeln herabwürdigen in Misskredit bringen diskreditieren schlechtmachen abwerten mobben | piesacken zur Sau machen fertigmachen mobben aufs Korn nehmen drangsalieren intrigieren schikanieren kujonieren schurigeln			
Psychopathen <N1>machen schlecht</N1> hauptsächlich aus zwei Gründen:	And then what's b squared?				
TRUE					
					
<L1>MMORPGs</L1> auf der anderen Seite leben davon, wieviel Zeit des Spielers sie konsumieren.	And, last but not least, we'll see the first attempts to cross over between MMOs, the web, and reality.				
<N1>MMORPGs</N1> auf der anderen Seite leben davon, wieviel Zeit des Spielers sie konsumieren.	And, last but not least, we'll see the first attempts to cross over between MMOs, the web, and reality.				
TRUE					
					