					
					
Πίνετε αυτό το <L1>τσάι</L1> κρύο, 2-3 φορές τη μέρα πριν από τα γεύματα.	Take 1 teaspoon of pollen, 2 times a day for half an hour before meals.				
Πίνετε αυτό το <N1>(τέιο) τσάι</N1> κρύο, 2-3 φορές τη μέρα πριν από τα γεύματα.	Take 1 teaspoon of pollen, 2 times a day for half an hour before meals.				
FALSE					
					
Κατά τον Κριμαϊκό Πόλεμο, στη Μήλο οι δυνάμεις των Άγγλων και των Γάλλων ίδρυσαν ναυτική βάση στο <L1>λιμάνι</L1> του Αδάμαντα.	During the Crimean War, Milos forces of the British and French established a naval base in the port of Adamas.	λιμένας 			
Κατά τον Κριμαϊκό Πόλεμο, στη Μήλο οι δυνάμεις των Άγγλων και των Γάλλων ίδρυσαν ναυτική βάση στο <N1>λιμένα</N1> του Αδάμαντα.	During the Crimean War, Milos forces of the British and French established a naval base in the port of Adamas.				
FALSE					
					
Κωδικός Προϊόντος: 92670 Αδιάβροχη <L1>τσάντα</L1> με κλείσιμο με <L2>κλικ</L2> και προσαρμόσιμο λουρί.	Product Ref: 92670 Tarpaulin waterproof bag with click closure and adjustable strap.	σάκος ή θήκη | πάτημα (κουμπιού)			
Κωδικός Προϊόντος: 92670 Αδιάβροχη <N1>σάκος</N1> με κλείσιμο με <N2>πάτημα (κουμπιού)</N2> και προσαρμόσιμο λουρί.	Product Ref: 92670 Tarpaulin waterproof bag with click closure and adjustable strap.				
TRUE					
					
Προσφέρουμε κομψές και μοντέρνες λύσεις για εστιατόρια και καφετέριες στους δρόμους: σκηνές για βεράντες εστιατορίων και εποχιακών χώρων, στέγαστρα, λόμπι εισόδου και περίπτερα για καλοκαιρινά καφέ, καθώς και βεράντες για χώρους <L1>στιλ</L1> στον τελευταίο όροφο σε στέγες ή ψηλότερους ορόφους κτιρίων.	We offer stylish and modern solutions for restaurants and street cafés: tents for terraces of restaurants and seasonal sites, canopies, entrance lobbies and pavilions for summer cafés, as well as terraces for rooftop style venues on roofs or higher floors of buildings.	ύφος (?)			
Προσφέρουμε κομψές και μοντέρνες λύσεις για εστιατόρια και καφετέριες στους δρόμους: σκηνές για βεράντες εστιατορίων και εποχιακών χώρων, στέγαστρα, λόμπι εισόδου και περίπτερα για καλοκαιρινά καφέ, καθώς και βεράντες για χώρους <N1>(σε) ύφος</N1> στον τελευταίο όροφο σε στέγες ή ψηλότερους ορόφους κτιρίων.	We offer stylish and modern solutions for restaurants and street cafés: tents for terraces of restaurants and seasonal sites, canopies, entrance lobbies and pavilions for summer cafés, as well as terraces for rooftop style venues on roofs or higher floors of buildings.				
FALSE					
					
Ηχοσύστημα Θα υπάρξει χρόνος για <L1>πάρτι</L1> και χρόνος για απαλή μουσική!	Speakers on Board There will be time for party and time for smooth music!	γιορτή			
Ηχοσύστημα Θα υπάρξει χρόνος για <N1>γιορτή</N1> και χρόνος για απαλή μουσική!	Speakers on Board There will be time for party and time for smooth music!				
TRUE					
					
Αυτό μπορεί να ρυθμιστεί γρήγορα παραπάνω, για παράδειγμα, μια <L1>πλακέτα</L1> τυπωμένου κυκλώματος ή ένα <L2>τηλέφωνο</L2> προς επισκευή.	This can be quickly set above, for example, a printed circuit board or telephone to be repaired.				
Αυτό μπορεί να ρυθμιστεί γρήγορα παραπάνω, για παράδειγμα, μια <N1>πλακέτα</N1> τυπωμένου κυκλώματος ή ένα <N2>τηλέφωνο</N2> προς επισκευή.	This can be quickly set above, for example, a printed circuit board or telephone to be repaired.				
FALSE					
					
Σε <L1>μπολ</L1> αναμειγνύουμε τη σάλτσα με τα ζυμαρικά.	Serve, garnishing with the breadcrumbs.	κύπελλο 			
Σε <N1>κύπελλο</N1> αναμειγνύουμε τη σάλτσα με τα ζυμαρικά.	Serve, garnishing with the breadcrumbs.				
TRUE					
					
Επιπλέον, το ελαφρύ του μαγείρεμα ενισχύει τη <L1>βιταμίνη</L1> Α και επιτρέπει την απελευθέρωση και άλλων θρεπτικών ουσιών.	In addition, its light cooking enhances vitamin A and allows the release of other nutrients.				
Επιπλέον, το ελαφρύ του μαγείρεμα ενισχύει τη <N1>βιταμίνη</N1> Α και επιτρέπει την απελευθέρωση και άλλων θρεπτικών ουσιών.	In addition, its light cooking enhances vitamin A and allows the release of other nutrients.				
FALSE					
					
Κομψή μύτη με χαρακτηριστικά αρώματα λεμονανθών, διακριτικά αρώματα γλυκών μπαχαρικών όπως <L1>βανίλια</L1> και κάρδαμο και φρουτώδη αρώματα αχλαδιού και ψητού κυφωνιού.	It is bright with elegant nose with distinctive aromas of lemon blossom, sweet spices like cardamom and vanilla and fruity aromas of pear and baked quince.				
Κομψή μύτη με χαρακτηριστικά αρώματα λεμονανθών, διακριτικά αρώματα γλυκών μπαχαρικών όπως <N1>βανίλια</N1> και κάρδαμο και φρουτώδη αρώματα αχλαδιού και ψητού κυφωνιού.	It is bright with elegant nose with distinctive aromas of lemon blossom, sweet spices like cardamom and vanilla and fruity aromas of pear and baked quince.				
FALSE					
					
Στο <L1>μπάνιο</L1> περιλαμβάνονται στεγνωτήρας μαλλιών, πετσέτες και προϊόντα περιποίησης.	The bathroom includes a hairdryer, towels and toiletries.	λουτρό 			
Στο <N1>λουτρό </N1> περιλαμβάνονται στεγνωτήρας μαλλιών, πετσέτες και προϊόντα περιποίησης.	The bathroom includes a hairdryer, towels and toiletries.				
TRUE					
					
Ο ετεροφυλόφιλος γάμος είναι κάτι πάρα πάνω από σεξουαλική οικειότητα, και όποιος είναι παντρεμένος για αρκετό διάστημα θα σας πει πως το <L1>σεξ</L1> είναι το πρώτο πράγμα που εξαφανίζεται όταν χαθεί ή παραβιασθεί η πνευματική και συναισθηματική οικειότητα.	Heterosexual marriage is more than just sexual intimacy, and anyone who has been married for any length of time will tell you, sex is the first thing to go when spiritual and emotional intimacy is lost or violated.	συνουσία (σεξουαλική επαφή)			
Ο ετεροφυλόφιλος γάμος είναι κάτι πάρα πάνω από σεξουαλική οικειότητα, και όποιος είναι παντρεμένος για αρκετό διάστημα θα σας πει πως η <N1>συνουσία</N1> είναι το πρώτο πράγμα που εξαφανίζεται όταν χαθεί ή παραβιασθεί η πνευματική και συναισθηματική οικειότητα.	Heterosexual marriage is more than just sexual intimacy, and anyone who has been married for any length of time will tell you, sex is the first thing to go when spiritual and emotional intimacy is lost or violated.				
TRUE					
					
Τα άτομα που δεν έχουν εμφανίσει ποτέ συμπτώματα ή δεν έχουν εμφανίσει συμπτώματα για τουλάχιστον 2 ημέρες μπορούν να τερματίσουν την περίοδο αυτοαπομόνωσής τους μετά από 5 ημέρες, εάν εκτελέσουν αρνητικό αποτέλεσμα σε μοριακό <L1>τεστ</L1> ή σε ένα γρήγορο <L2>τεστ</L2> αντιγόνου.	People who have never developed symptoms or who have not had symptoms for at least 2 days can end their self-isolation period after 5 days, if they perform a negative result to a molecular test or to a rapid antigen test.	δοκιμή - έλεγχος			
Τα άτομα που δεν έχουν εμφανίσει ποτέ συμπτώματα ή δεν έχουν εμφανίσει συμπτώματα για τουλάχιστον 2 ημέρες μπορούν να τερματίσουν την περίοδο αυτοαπομόνωσής τους μετά από 5 ημέρες, εάν εκτελέσουν αρνητικό αποτέλεσμα σε μοριακό <N1>έλεγχο</N1> ή σε ένα γρήγορο <N2>έλεγχο</N2>  αντιγόνου.	People who have never developed symptoms or who have not had symptoms for at least 2 days can end their self-isolation period after 5 days, if they perform a negative result to a molecular test or to a rapid antigen test.				
TRUE					
					
Μπορείτε να φτιάξετε ποτπουρρί ανακατεύοντας μαζί 2με 3 κούπες από αποξηραμένα λουλούδια,ρίζες και φύλλα (Χρησιμοποιείστε βότανα και λουλούδια), 2 με 3 κουταλιές της σούπας τριμμένη <L1>κανέλα</L1> γλυκάνισο και κανελογαρύφαλλο, 1/4 της κούπας ξερές φλούδες λεμονιού ή πορτοκαλιού, 2 κουταλιές της σούπας στερεωτικού, (περισσότερο αργότερα) και 5-6 σταγόνες αιθέρια έλαια.	You can make potpourri by blending together 2 to 3 cups of dried flowers, roots and leaves (use herbs and flowers), 2 to 3 tablespoons crushed cinnamon, star anise and cloves, 1/4 cup dried orange or lemon peel, 2 tablespoons of a fixative (more later) and 5 or 6 drops of an essential oil.				
Μπορείτε να φτιάξετε ποτπουρρί ανακατεύοντας μαζί 2με 3 κούπες από αποξηραμένα λουλούδια,ρίζες και φύλλα (Χρησιμοποιείστε βότανα και λουλούδια), 2 με 3 κουταλιές της σούπας τριμμένη <N1>κανέλα</N1> γλυκάνισο και κανελογαρύφαλλο, 1/4 της κούπας ξερές φλούδες λεμονιού ή πορτοκαλιού, 2 κουταλιές της σούπας στερεωτικού, (περισσότερο αργότερα) και 5-6 σταγόνες αιθέρια έλαια.	You can make potpourri by blending together 2 to 3 cups of dried flowers, roots and leaves (use herbs and flowers), 2 to 3 tablespoons crushed cinnamon, star anise and cloves, 1/4 cup dried orange or lemon peel, 2 tablespoons of a fixative (more later) and 5 or 6 drops of an essential oil.				
FALSE					
					
Αν τολμάς να μπεις κάτω από το κρύο νερό του καταρράκτη, κράτα και το <L1>μαγιό</L1> σου.	If you dare to swim in the chilly waters of the waterfall, remember to take your bathing suit as well.	ένδυμα κολύμβησης			
Αν τολμάς να μπεις κάτω από το κρύο νερό του καταρράκτη, κράτα και το <N1>ένδυμα κολύμβησης</N1> σου.	If you dare to swim in the chilly waters of the waterfall, remember to take your bathing suit as well.				
FALSE					
					
Η απάντηση φωλιάζει στις παιδικές αυτές δημιουργίες, συνιστά το χαρούμενο και φωτεινό μυστικό, που επιτρέπει σε μας τους ενήλικες να πούμε, <L1>παρέα</L1> με τους μικρούς δημιουργούς: Ναι!	The answer nestles in these children's creations, is the joyous, radiant secret that enable us adults to say, along with the young artists:  Yes!	συντροφία 			
Η απάντηση φωλιάζει στις παιδικές αυτές δημιουργίες, συνιστά το χαρούμενο και φωτεινό μυστικό, που επιτρέπει σε μας τους ενήλικες να πούμε, <N1>συντροφία </N1> με τους μικρούς δημιουργούς: Ναι!	The answer nestles in these children's creations, is the joyous, radiant secret that enable us adults to say, along with the young artists:  Yes!				
TRUE					
					
Η τεχνητή νοημοσύνη και το <L1>ίντερνετ</L1> των πραγμάτων έχουν ενισχύσει σημαντικά την συνδεσιμότητα μεταξύ ανθρώπων και συσκευών.	Then there's Artificial Intelligence (AI) and the Internet Of Things (IOT) - that is, the interconnectivity of all our devices, fuelled by increasingly powerful systems.	διαδίκτυο			
Η τεχνητή νοημοσύνη και το <N1>διαδίκτυο</N1> των πραγμάτων έχουν ενισχύσει σημαντικά την συνδεσιμότητα μεταξύ ανθρώπων και συσκευών.	Then there's Artificial Intelligence (AI) and the Internet Of Things (IOT) - that is, the interconnectivity of all our devices, fuelled by increasingly powerful systems.				
TRUE					
					
Ο οποίος θα χρηματοδοτείται γενναιόδωρα και θα αντιμετωπίζεται με μεγάλη προσοχή είτε είναι το πάρκο, η πλατεία, ο δρόμος, το λεωφορείο, το <L1>τρένο</L1> κ.λπ.	This would mean that it'd receive generous funding and would be dealt with great care, whether it's a park, a square, a street, a bus, a train etc.	σιδηρόδρομος - αμαξοστοιχία			
Ο οποίος θα χρηματοδοτείται γενναιόδωρα και θα αντιμετωπίζεται με μεγάλη προσοχή είτε είναι το πάρκο, η πλατεία, ο δρόμος, το λεωφορείο, το <N1>σιδηρόδρομος</N1> κ.λπ.	This would mean that it'd receive generous funding and would be dealt with great care, whether it's a park, a square, a street, a bus, a train etc.				
FALSE					
					
Κωδικός Προϊόντος: 98501 Παιδικό <L1>γιλέκο</L1> 100% από πολυεστέρα.	Product Ref: 98501 100% polyester reflective kids' vests.	αμάνικο ένδυμα			
Κωδικός Προϊόντος: 98501 Παιδικό <N1>αμάνικο ένδυμα</N1> 100% από πολυεστέρα.	Product Ref: 98501 100% polyester reflective kids' vests.				
FALSE					
					
Σε όλους όσοι τερματίσουν, θα δοθεί αναμνηστικό <L1>μετάλλιο</L1> και δίπλωμα του αγώνα, το οποίο θα έχουν την δυνατότητα να το κατεβάσουν από την ιστοσελίδα του αγώνα μετά την ανάρτηση των επίσημων αποτελεσμάτων.	All finishers will receive commemorative medal and diploma of the race, which will be able to download it from the race website after posting the official results.	τιμητικό έμβλημα - διάκριση			
Σε όλους όσοι τερματίσουν, θα δοθεί αναμνηστικό <N1>έμβλημα </N1> και δίπλωμα του αγώνα, το οποίο θα έχουν την δυνατότητα να το κατεβάσουν από την ιστοσελίδα του αγώνα μετά την ανάρτηση των επίσημων αποτελεσμάτων.	All finishers will receive commemorative medal and diploma of the race, which will be able to download it from the race website after posting the official results.				
TRUE					
					
Συμβουλές για την <L1>πρόσληψη</L1> φυτικών ινών	TIPS FOR GETTING ADEQUATE FIBER				
Συμβουλές για την <N1>πρόσληψη</N1> φυτικών ινών	TIPS FOR GETTING ADEQUATE FIBER				
FALSE					
					
Επειδή αποτελείται από <L1>καουτσούκ</L1> και το καουτσούκ δεν είναι αγώγιμο, τρίβεται στον μεταφορέα κατά τη λειτουργία, δημιουργώντας στατική ηλεκτρική ενέργεια, η οποία προκαλεί έκρηξη όταν αγγίζει τη φλόγα.	Because it consists of rubber, and rubber is not conductive, it rubs against the conveyor during operation, generating static electrical energy, which causes an explosion when it touches the flame.	ελάστικό κόμμι καουτσούκ			
Επειδή αποτελείται από <N1></N1> και το καουτσούκ δεν είναι αγώγιμο, τρίβεται στον μεταφορέα κατά τη λειτουργία, δημιουργώντας στατική ηλεκτρική ενέργεια, η οποία προκαλεί έκρηξη όταν αγγίζει τη φλόγα.	Because it consists of rubber, and rubber is not conductive, it rubs against the conveyor during operation, generating static electrical energy, which causes an explosion when it touches the flame.				
FALSE					
					
Περισσότερος χώρος Χάρη στην κατάργηση του θόλου του κινητήρα και τη μεταφορά του <L1>ρεζερβουάρ</L1> αερίου στην οροφή, οι επιβάτες έχουν στη διάθεσή τους περισσότερο χώρο κι απολαμβάνουν μεγαλύτερη άνεση.	More space With the engine tower obsolete and the gas cylinders stowed in the roof, the bus provides more space and comfort for passengers. E stands for emission-free				
Περισσότερος χώρος Χάρη στην κατάργηση του θόλου του κινητήρα και τη μεταφορά του <N1></N1> αερίου στην οροφή, οι επιβάτες έχουν στη διάθεσή τους περισσότερο χώρο κι απολαμβάνουν μεγαλύτερη άνεση.	More space With the engine tower obsolete and the gas cylinders stowed in the roof, the bus provides more space and comfort for passengers. E stands for emission-free				
FALSE					
					
Συγκεκριμένα, το πυρίτιο βοηθά στην εξάλειψη των μεταβολικών αποβλήτων (ουρία, ουρικό οξύ, <L1>νικοτίνη</L1> κ.λπ.) με αποτέλεσμα τον καθαρισμό.	Specifically, Silicon helps eliminate metabolic wastes (urea, uric acid, nicotine etc.) resulting in cleaning.				
Συγκεκριμένα, το πυρίτιο βοηθά στην εξάλειψη των μεταβολικών αποβλήτων (ουρία, ουρικό οξύ, <N1></N1> κ.λπ.) με αποτέλεσμα τον καθαρισμό.	Specifically, Silicon helps eliminate metabolic wastes (urea, uric acid, nicotine etc.) resulting in cleaning.				
FALSE					
					
Αναπτυξιακό <L1>μοντέλο</L1> μάθησης μέσω κινητικών δραστηριοτήτων	Development through motor learning	ήρωας μοντέλο πρότυπο			
Αναπτυξιακό <N1></N1> μάθησης μέσω κινητικών δραστηριοτήτων	Development through motor learning				
FALSE					
					
Τα εξαιρετικά εστιατόρια και τα γκουρμέ εστιατόρια κάνουν τους διαφορετικούς πολιτισμούς του κόσμου να λιώνουν ακριβώς μπροστά σας στο <L1>πιάτο</L1> σας.	The fine dining and gourmet restaurants make diverse cultures of the world melt right in front of you on your plate.				
Τα εξαιρετικά εστιατόρια και τα γκουρμέ εστιατόρια κάνουν τους διαφορετικούς πολιτισμούς του κόσμου να λιώνουν ακριβώς μπροστά σας στο <N1></N1> σας.	The fine dining and gourmet restaurants make diverse cultures of the world melt right in front of you on your plate.				
FALSE					
					
Αν μιλάτε καλά αγγλικά και έχετε φιλοδοξίες να συνεχίσετε μια <L1>καριέρα</L1> σε μια ξένη χώρα, η Ιρλανδία θα ήταν η καλύτερη επιλογή το 2020.	So if you speak good English and have ambitions to pursue a career in a foreign country, Ireland would be the best choice in 2021.	επάγγελμα καριέρα | καριέρα σταδιοδρομία			
Αν μιλάτε καλά αγγλικά και έχετε φιλοδοξίες να συνεχίσετε μια <N1>σταδιοδρομία</N1> σε μια ξένη χώρα, η Ιρλανδία θα ήταν η καλύτερη επιλογή το 2020.	So if you speak good English and have ambitions to pursue a career in a foreign country, Ireland would be the best choice in 2021.				
TRUE					
					
Απόλαυσα έναν απογευματινό <L1>καφέ</L1> σε ένα από τα καφέ του λιμανιού, και αργότερα ένα νόστιμο δείπνο με θαλασσινά, πιο δίπλα, σε μια ψαροταβέρνα.	I enjoyed an afternoon coffee at one of the cafés of the harbor, and later a delicious seafood dinner at a local tavern.	καφέ καφενείο-μπαρ καφετέρια			
Απόλαυσα έναν απογευματινό <N1></N1> σε ένα από τα καφέ του λιμανιού, και αργότερα ένα νόστιμο δείπνο με θαλασσινά, πιο δίπλα, σε μια ψαροταβέρνα.	I enjoyed an afternoon coffee at one of the cafés of the harbor, and later a delicious seafood dinner at a local tavern.				
FALSE					
					
Τα ενδιαφέροντά του αποτελούν ο κινηματογράφος, η <L1>φωτογραφία</L1> και η λογοτεχνία, ενώ έχει σκηνοθετήσει τρία μικρού μήκους ντοκιμαντέρ, Το Νησί των Λωτοφάγων (2019), Γιώργος Ψάιλας - Προσωπογραφία του επιστάτη του Βρετανικού Νεκροταφείου (2019) και Αμαλθείας Κέρας (2020).	He is interested in film, photography and literature and has directed three films – Lotophagi Island (2019), Yorgos Psailas: A portrait of the British Cemetery caretaker (2019) and Cornucopia (2020).	φωτογραφία εικόνα | φωτογράφιση φωτογραφία φωτογραφική τέχνη			
Τα ενδιαφέροντά του αποτελούν ο κινηματογράφος, η <N1></N1> και η λογοτεχνία, ενώ έχει σκηνοθετήσει τρία μικρού μήκους ντοκιμαντέρ, Το Νησί των Λωτοφάγων (2019), Γιώργος Ψάιλας - Προσωπογραφία του επιστάτη του Βρετανικού Νεκροταφείου (2019) και Αμαλθείας Κέρας (2020).	He is interested in film, photography and literature and has directed three films – Lotophagi Island (2019), Yorgos Psailas: A portrait of the British Cemetery caretaker (2019) and Cornucopia (2020).				
FALSE					
					
Το πρόγραμμα επιτρέπει στο χρήστη να καταγράφει γρήγορα <L1>βίντεο</L1> από την οθόνη.	The program allows the user to quickly record video from the monitor screen.				
Το πρόγραμμα επιτρέπει στο χρήστη να καταγράφει γρήγορα <N1></N1> από την οθόνη.	The program allows the user to quickly record video from the monitor screen.				
FALSE					
					
Όταν επικοινωνήσετε με την τεχνική υποστήριξη, θα σας ζητηθούν οι ακόλουθες πληροφορίες: πινακίδες κυκλοφορίας, ακριβής τοποθεσία της βλάβης (διεύθυνση, <L1>χιλιόμετρο</L1> εθνικής οδού ή γεωγραφικές συντεταγμένες) και πληροφορίες σχετικά με τη φύση της βλάβης. Σε περίπτωση που η βλάβη δεν είναι δυνατόν να επισκευαστεί εντός 24 ωρών θα σας δοθεί όχημα αντικατάστασης ή εναλλακτική λύση για να συνεχίσετε το ταξίδι σας.	Before contacting the technical support, prepare the following information, registration number of the vehicle, exact location of the brake down (address, highway kilometres, or GPS coordinates) and information on the nature of malfunction, If the repair of the vehicle cannot be completed in 24 hours we will provide you with a replacement vehicle or an alternative way of continuing your trip.				
Όταν επικοινωνήσετε με την τεχνική υποστήριξη, θα σας ζητηθούν οι ακόλουθες πληροφορίες: πινακίδες κυκλοφορίας, ακριβής τοποθεσία της βλάβης (διεύθυνση, <N1></N1> εθνικής οδού ή γεωγραφικές συντεταγμένες) και πληροφορίες σχετικά με τη φύση της βλάβης. Σε περίπτωση που η βλάβη δεν είναι δυνατόν να επισκευαστεί εντός 24 ωρών θα σας δοθεί όχημα αντικατάστασης ή εναλλακτική λύση για να συνεχίσετε το ταξίδι σας.	Before contacting the technical support, prepare the following information, registration number of the vehicle, exact location of the brake down (address, highway kilometres, or GPS coordinates) and information on the nature of malfunction, If the repair of the vehicle cannot be completed in 24 hours we will provide you with a replacement vehicle or an alternative way of continuing your trip.				
FALSE					
					
Ξέπλυνε ενδελεχώς με το σύνηθες <L1>σαμπουάν</L1> σου.	Rinse off with a deep cleansing shampoo.				
Ξέπλυνε ενδελεχώς με το σύνηθες <N1></N1> σου.	Rinse off with a deep cleansing shampoo.				
FALSE					
					
Δίνεται ιδιαίτερη έμφαση στην κατανομή του φυσικού φωτός στο χώρο, καθώς και στην επιρροή που ασκεί στην <L1>ψυχολογία</L1> του ασθενή και κατά συνέπεια στη θεραπεία του.	Great emphasis is placed on the daylight's distribution over the place, as well as on the influence that it exerts on the patient's psychology and on his treatment accordingly.				
Δίνεται ιδιαίτερη έμφαση στην κατανομή του φυσικού φωτός στο χώρο, καθώς και στην επιρροή που ασκεί στην <N1></N1> του ασθενή και κατά συνέπεια στη θεραπεία του.	Great emphasis is placed on the daylight's distribution over the place, as well as on the influence that it exerts on the patient's psychology and on his treatment accordingly.				
FALSE					
					
Από την άκρη του Φάρου και ακολουθώντας το γραφικό πλακόστρωτο <L1>σοκάκι</L1> για 100 μέτρα, φτάνετε στη δεύτερη παραλία της περιοχής, το Γλυφό.	From the outskirts of Faros and following the charming cobblestone path for 100m, you arrive at the second beach of the area, Glyfo.	λωρίδα κυκλοφορίας σοκάκι			
Από την άκρη του Φάρου και ακολουθώντας το γραφικό πλακόστρωτο <N1></N1> για 100 μέτρα, φτάνετε στη δεύτερη παραλία της περιοχής, το Γλυφό.	From the outskirts of Faros and following the charming cobblestone path for 100m, you arrive at the second beach of the area, Glyfo.				
FALSE					
					
Η φαρδιά λωρίδα υποστήριξης στο κάτω μέρος του <L1>σουτιέν</L1> υποκαθιστά επαρκώς τις μπανέλες και τα σύρματα που προσφέρουν <L2>έξτρα</L2> υποστήριξη και ανόρθωση του στήθους.	The wide support strip at the bottom of the bra adequately replaces the straps and wires that offer extra support and breast lift.	σουτιέν στηθόδεσμος | έξτρα επιπλέον			
Η φαρδιά λωρίδα υποστήριξης στο κάτω μέρος του <N1>στηθόδεσμος</N1> υποκαθιστά επαρκώς τις μπανέλες και τα σύρματα που προσφέρουν <N2>επιπλέον</N2> υποστήριξη και ανόρθωση του στήθους.	The wide support strip at the bottom of the bra adequately replaces the straps and wires that offer extra support and breast lift.				
TRUE					
					
Ο <L1>ρόλος</L1> που διαδραματίζει στο χώρο του εμπορίου είναι αναμφισβήτητα σημαντικός, όχι μόνο σε εθνικό αλλά και σε παγκόσμιο επίπεδο.	The role the Customs Service plays in the trade domain, is unquestionably critical not only at a national but also at an international level.	ρόλος χαρακτήρας			
Ο <N1>χαρακτήρας</N1> που διαδραματίζει στο χώρο του εμπορίου είναι αναμφισβήτητα σημαντικός, όχι μόνο σε εθνικό αλλά και σε παγκόσμιο επίπεδο.	The role the Customs Service plays in the trade domain, is unquestionably critical not only at a national but also at an international level.				
TRUE					
					
Επικοινωνία Στείλτε μας τις απόψεις και τις ερωτήσεις σας συμπληρώνοντας την παρακάτω <L1>φόρμα</L1> και θα επικοινωνήσουμε μαζί σας.	Please send us a message by filling out the form below and we will get back with you shortly.	μορφή φόρμα έντυπο			
Επικοινωνία Στείλτε μας τις απόψεις και τις ερωτήσεις σας συμπληρώνοντας το παρακάτω <N1>έντυπο</N1> και θα επικοινωνήσουμε μαζί σας.	Please send us a message by filling out the form below and we will get back with you shortly.				
TRUE					
					
Ποιότητα εφάμιλλή των ΟΕ: η <L1>γκάμα</L1> μας με περισσότερα από 25.000 εξαρτήματα συμπληρώνεται από την εγγύηση ότι κάθε προϊόν πληροί τις ΟΕ προδιαγραφές.	OE-matching quality: our range of more than 25,000 articles is complemented by the guarantee of every product being to OE specification.	γκαμα κλίμακα σειρά διαδοχή ποικιλία			
Ποιότητα εφάμιλλή των ΟΕ: η <N1>ποικιλία</N1> μας με περισσότερα από 25.000 εξαρτήματα συμπληρώνεται από την εγγύηση ότι κάθε προϊόν πληροί τις ΟΕ προδιαγραφές.	OE-matching quality: our range of more than 25,000 articles is complemented by the guarantee of every product being to OE specification.				
TRUE					
					
Ειδικότερα, το πρόγραμμα στοχεύει στο να προσφέρει στην ολοκλήρωσή του: α) μία περιγραφή των τρεχουσών δυσκολιών που βιώνουν τα παιδιά όπως αυτά αποτυπώνονται στη σχολική φοίτηση (σύμφωνα με τις αναφορές των διευθυντών των σχολείων), β) μια λεπτομερή και παρουσίαση των καλών πρακτικών των εκπαιδευτικών όπως θα αναδυθούν μέσα από ημι-δομημένα πρωτόκολλα συνεντεύξεων, γ) μία ηλεκτρονική <L1>πλατφόρμα</L1> με εκπαιδευτικό υλικό και εργαλεία διαθέσιμα ως ένα σύστημα υποστήριξης για τους εκπαιδευτικούς με βάση την έρευνα που προηγήθηκε, και δ) μία καλά οργανωμένη διαδικασία διάχυσης και αξιοποίησης των αποτελεσμάτων βασισμένη στη συνεργασία φορέων, δικτύων και εμπειρογνωμόνων έτσι ώστε να εξασφαλιστούν μεγάλης διάρκειας αποτελέσματα.	In particular, it aims to provide a) an account of the current difficulties that students face as presented in schools (according to school principals reports), b) a detailed presentation of teachers' good practices though semi-structured interviews with teachers c) an electronic platform with educational material and tools to support teachers based on the results of the survey, and d) a well-organized dissemination process based on collaboration with associations, networks and experts to ensure its long-lasting effects.	βάση δεδομένων πλατφόρμα			
Ειδικότερα, το πρόγραμμα στοχεύει στο να προσφέρει στην ολοκλήρωσή του: α) μία περιγραφή των τρεχουσών δυσκολιών που βιώνουν τα παιδιά όπως αυτά αποτυπώνονται στη σχολική φοίτηση (σύμφωνα με τις αναφορές των διευθυντών των σχολείων), β) μια λεπτομερή και παρουσίαση των καλών πρακτικών των εκπαιδευτικών όπως θα αναδυθούν μέσα από ημι-δομημένα πρωτόκολλα συνεντεύξεων, γ) μία ηλεκτρονική <N1>βάση δεδομένων</N1> με εκπαιδευτικό υλικό και εργαλεία διαθέσιμα ως ένα σύστημα υποστήριξης για τους εκπαιδευτικούς με βάση την έρευνα που προηγήθηκε, και δ) μία καλά οργανωμένη διαδικασία διάχυσης και αξιοποίησης των αποτελεσμάτων βασισμένη στη συνεργασία φορέων, δικτύων και εμπειρογνωμόνων έτσι ώστε να εξασφαλιστούν μεγάλης διάρκειας αποτελέσματα.	In particular, it aims to provide a) an account of the current difficulties that students face as presented in schools (according to school principals reports), b) a detailed presentation of teachers' good practices though semi-structured interviews with teachers c) an electronic platform with educational material and tools to support teachers based on the results of the survey, and d) a well-organized dissemination process based on collaboration with associations, networks and experts to ensure its long-lasting effects.				
TRUE					
					
Ο υπεύθυνος γιατρός μετά τη λήψη του πλήρους ιατρικού ιστορικού του ασθενούς, θα πραγματοποιήσει <L1>κλινική</L1> αξιολόγηση του προβλήματος.	The doctor, after taking a complete medical history of the patient, will perform a clinical evaluation of the problem.				
Ο υπεύθυνος γιατρός μετά τη λήψη του πλήρους ιατρικού ιστορικού του ασθενούς, θα πραγματοποιήσει <N1></N1> αξιολόγηση του προβλήματος.	The doctor, after taking a complete medical history of the patient, will perform a clinical evaluation of the problem.				
FALSE					
					
Σήμερα στην Ε.Ε. η διαδικασία αυτή διαρκεί κατά <L1>μέσο</L1> όρο 8.5 μέρες στην κινητή τηλεφωνία και 7.5 μέρες στην σταθερή.	Currently in the EU it takes on average 8.5 days for a mobile number and 7.5 days for a fixed number to be changed, with some customers facing a two to three week wait (MEMO/09/126).				
Σήμερα στην Ε.Ε. η διαδικασία αυτή διαρκεί κατά <N1></N1> όρο 8.5 μέρες στην κινητή τηλεφωνία και 7.5 μέρες στην σταθερή.	Currently in the EU it takes on average 8.5 days for a mobile number and 7.5 days for a fixed number to be changed, with some customers facing a two to three week wait (MEMO/09/126).				
FALSE					
					
Ο αδελφός του Αλέξανδρος, μίλησε στην <L1>κάμερα</L1> για τις άδικες βολές που δέχτηκαν τόσο ο ίδιος όσο και η μητέρα του.	His brother Alexandros spoke to the camera about the unfair behavour he and his mother accepted.	μηχανή λήψεως εικόνων - κάμερα 			
Ο αδελφός του Αλέξανδρος, μίλησε στην <N1></N1> για τις άδικες βολές που δέχτηκαν τόσο ο ίδιος όσο και η μητέρα του.	His brother Alexandros spoke to the camera about the unfair behavour he and his mother accepted.				
FALSE					
					
Στερεώστε τη βάση για <L1>κούπα</L1> στον σκελετό για να έχετε πάντα δίπλα σας καφέ ή άλλα ροφήματα.	Clip the included cup holder to the underframe to always have coffee and other beverages nearby.	 ποτήριον - κύπελλο κουπα 			
Στερεώστε τη βάση για <N1>ποτήρι</N1> στον σκελετό για να έχετε πάντα δίπλα σας καφέ ή άλλα ροφήματα.	Clip the included cup holder to the underframe to always have coffee and other beverages nearby.				
TRUE					
					
αίθουσα υποδοχής: χώρος υποδοχής με καθιστικό, πρόσβαση σε υπολογιστές & ασύρματο διαδίκτυο, <L1>τηλεόραση</L1> μεγάλης οθόνης, γωνιά με θυρίδες ασφαλείας και βιβλιοθήκη όπου μπορείτε ελευθέρα να δανειστείτε βιβλία της αρεσκείας σας	reception area: reception area with comfortable sitting, access to computer & wireless internet, large screen TV, safe deposit box corner and library where you can freely borrow books of your field	δέκτης τηλεόραση			
αίθουσα υποδοχής: χώρος υποδοχής με καθιστικό, πρόσβαση σε υπολογιστές & ασύρματο διαδίκτυο, <N1>δέκτης</N1> μεγάλης οθόνης, γωνιά με θυρίδες ασφαλείας και βιβλιοθήκη όπου μπορείτε ελευθέρα να δανειστείτε βιβλία της αρεσκείας σας	reception area: reception area with comfortable sitting, access to computer & wireless internet, large screen TV, safe deposit box corner and library where you can freely borrow books of your field				
TRUE					
					
Οι λάτρεις της περιπέτειας μπορούν να δοκιμάσουν δραστηριότητες που ανεβάζουν την <L1>αδρεναλίνη</L1> στα ύψη: κανό-καγιάκ, πεζοπορία, ποδηλασία, παρατήρηση πουλιών, τοξοβολία, διαδρομές με τζιπ και ιππασία είναι μόνο μερικές από τις δραστηριότητες που διοργανώνονται στην περιοχή του Νέστου, της Βιστωνίδας ή του Λειβαδίτη. Εμπνευστείτε	Action fans and nature lovers will feel excited by the variety of possibilities offered: canoe-kayak in Nestos passes, hiking, cycling, bird watching, archery, off-road driving and horseback riding are only a few of the activities that someone can pursue in Nestos, Livaditis or Vistonida area.	αδρεναλίνη επινεφριδίνη			
Οι λάτρεις της περιπέτειας μπορούν να δοκιμάσουν δραστηριότητες που ανεβάζουν την <N1></N1> στα ύψη: κανό-καγιάκ, πεζοπορία, ποδηλασία, παρατήρηση πουλιών, τοξοβολία, διαδρομές με τζιπ και ιππασία είναι μόνο μερικές από τις δραστηριότητες που διοργανώνονται στην περιοχή του Νέστου, της Βιστωνίδας ή του Λειβαδίτη. Εμπνευστείτε	Action fans and nature lovers will feel excited by the variety of possibilities offered: canoe-kayak in Nestos passes, hiking, cycling, bird watching, archery, off-road driving and horseback riding are only a few of the activities that someone can pursue in Nestos, Livaditis or Vistonida area.				
FALSE					
					
Ενδορινικά εμβόλια μπορεί να προκαλέσει τη <L1>γάτα</L1> σας να φτερνιστεί, αλλά αυτό συνήθως διαρκεί μόνο λίγες μέρες.	Intranasal vaccines may cause your cat to sneeze, but this usually only lasts a few days.	γάτα γατί			
Ενδορινικά εμβόλια μπορεί να προκαλέσει τη <N1></N1> σας να φτερνιστεί, αλλά αυτό συνήθως διαρκεί μόνο λίγες μέρες.	Intranasal vaccines may cause your cat to sneeze, but this usually only lasts a few days.				
FALSE					
					
Κατοικίδια Τα ζωάκια σας είναι καλοδεχούμενα στο καμπινγκ χωρίς επιπλέον χρέωση, αλλά πρέπει να τα φροντίζετε εσείς και να τα κρατάτε από το <L1>λουρί</L1> τους.	Pets Your pets are welcome in the campsite at no extra cost, but you must take care of them and keep them from their straps.	λουρί χαλινάρι | ιμάντας λουρί λουρίδα			
Κατοικίδια Τα ζωάκια σας είναι καλοδεχούμενα στο καμπινγκ χωρίς επιπλέον χρέωση, αλλά πρέπει να τα φροντίζετε εσείς και να τα κρατάτε από τοω <N1>ιμάντα</N1> τους.	Pets Your pets are welcome in the campsite at no extra cost, but you must take care of them and keep them from their straps.				
TRUE					
					
Προσέξτε, τον χυτό σφυρήλατο σίδηρο, που δημιουργεί τον <L1>μπαλκόνι</L1> (εξώστη).Πορεία στο χρόνο: Κατά τη διάρκεια της οθωμανικής κυριαρχίας, το κτίριο χρησίμευε, για μικρά διαστήματα, ως έδρα του Ελληνικού Προξενείου.	Notice the cast wrought iron, which creates the balcony(exostis). Over time: During the Ottoman rule, the building was used for short periods, as the seat of the Greek Consulate.	εξώστης μπλακόνι			
Προσέξτε, τον χυτό σφυρήλατο σίδηρο, που δημιουργεί το <N1>εξώστης</N1> (εξώστη).Πορεία στο χρόνο: Κατά τη διάρκεια της οθωμανικής κυριαρχίας, το κτίριο χρησίμευε, για μικρά διαστήματα, ως έδρα του Ελληνικού Προξενείου.	Notice the cast wrought iron, which creates the balcony(exostis). Over time: During the Ottoman rule, the building was used for short periods, as the seat of the Greek Consulate.				
TRUE					
					
2018, Προσθήκη κλειστού χώρου μπάρμπεκιου,χώρου <L1>πάρκινγκ</L1> και διαμόρφωση περιβάλλοντοας χώρου ιδιοκτησίας Μπουζάνη Βιργινίας στον Βόλο.	2018, Addition of an enclosed barbecue area, parking space and landscaping of the surrounding area owned by Bouzani Virginia in Volos.	πάρκινγκ χώρος στάθμευσης			
2018, Προσθήκη κλειστού χώρου μπάρμπεκιου,χώρου <N1>χώρος στάθμευσης</N1> και διαμόρφωση περιβάλλοντοας χώρου ιδιοκτησίας Μπουζάνη Βιργινίας στον Βόλο.	2018, Addition of an enclosed barbecue area, parking space and landscaping of the surrounding area owned by Bouzani Virginia in Volos.				
TRUE					
					
Χρησιμοποιείστε σε καθαρή, νωπή επιδερμίδα επαρκή ποσότητα σε πρόσωπο και λαιμό, κάνοντας απαλό <L1>μασάζ</L1> 2-3 λεπτά, αποφεύγοντας την περιοχή των ματιών.	Use on clean, fresh skin in sufficient quantity on face and neck, gently massaging for 2-3 minutes, avoiding the eye area.	μάλαξη μασαζ			
Χρησιμοποιείστε σε καθαρή, νωπή επιδερμίδα επαρκή ποσότητα σε πρόσωπο και λαιμό, κάνοντας απαλές <N1>μαλάξεις</N1> 2-3 λεπτά, αποφεύγοντας την περιοχή των ματιών.	Use on clean, fresh skin in sufficient quantity on face and neck, gently massaging for 2-3 minutes, avoiding the eye area.				
TRUE					
					
Η επιχείρηση μας αναλαμβάνει την παράδοση και παραλαβή του αυτοκινήτου ή του μοτοποδηλάτου σας στο <L1>αεροδρόμιο</L1> ή στο λιμάνι του νησιού, χωρίς καμία επιπλέον επιβάρυνση.	We take charge of the car/motor-cycle delivery and pick-up at the airport and the port of the island at no additional charge.	αερολιμένας αεροδρόμιο 			
Η επιχείρηση μας αναλαμβάνει την παράδοση και παραλαβή του αυτοκινήτου ή του μοτοποδηλάτου σας στον <N1>αερολιμένας</N1> ή στο λιμάνι του νησιού, χωρίς καμία επιπλέον επιβάρυνση.	We take charge of the car/motor-cycle delivery and pick-up at the airport and the port of the island at no additional charge.				
FALSE					
					
Στόχος μας είναι να προσφέρουμε πάντα τις καλύτερες υπηρεσίες με <L1>κόστος</L1> που ανταποκρίνεται στις συνθήκες του σήμερα, έτσι ώστε να μπορούν όλοι οι σύλλογοι να εντάξουν στον ετήσιο προγραμματισμό τους τη συμμετοχή τους σε μία τουλάχιστον αθλητική εκδήλωση!	Our goal is always to offer the best services at a cost that meets the current conditions, so that all clubs can include in their annual schedule participation in at least one sporting event!	έξοδα δαπάνη κόστος			
Στόχος μας είναι να προσφέρουμε πάντα τις καλύτερες υπηρεσίες με <N1>έξοδα</N1> που ανταποκρίνεται στις συνθήκες του σήμερα, έτσι ώστε να μπορούν όλοι οι σύλλογοι να εντάξουν στον ετήσιο προγραμματισμό τους τη συμμετοχή τους σε μία τουλάχιστον αθλητική εκδήλωση!	Our goal is always to offer the best services at a cost that meets the current conditions, so that all clubs can include in their annual schedule participation in at least one sporting event!				
FALSE					
					
Στην οθόνη θα εμφανιστεί μια <L1>λίστα</L1> ξενοδοχείων, δίπλα στην οποία θα αναφέρεται το κόστος κράτησης για κάθε ξενοδοχείο.	From the list of hotels that appears, you will need to choose the appropriate option.	κατάσταση λίστα | κατάλογος λίστα			
Στην οθόνη θα εμφανιστεί ένας <N1>κατάλογος</N1> ξενοδοχείων, δίπλα στην οποία θα αναφέρεται το κόστος κράτησης για κάθε ξενοδοχείο.	From the list of hotels that appears, you will need to choose the appropriate option.				
TRUE					
					
Ο στόχος του είναι να αποτρέψει την κατασκευή υδροηλεκτρικών εγκαταστάσεων που θα θέσουν σε κίνδυνο ολόκληρο το <L1>οικοσύστημα</L1> του ποταμού, επηρεάζοντας την πλούσια φυσική και πολιτιστική κληρονομιά της περιοχής.	The project's goal is to prevent the construction of hydropower plants that will endanger the river's entire ecosystem, affecting the rich natural and cultural heritage of the region.				
Ο στόχος του είναι να αποτρέψει την κατασκευή υδροηλεκτρικών εγκαταστάσεων που θα θέσουν σε κίνδυνο ολόκληρο το <N1></N1> του ποταμού, επηρεάζοντας την πλούσια φυσική και πολιτιστική κληρονομιά της περιοχής.	The project's goal is to prevent the construction of hydropower plants that will endanger the river's entire ecosystem, affecting the rich natural and cultural heritage of the region.				
FALSE					
					
Τι συμβαίνει όταν οι ηλεκτρικές κιθάρες, τα μπάσα, οι ενισχυτές και τα συνθεσάιζερ δίνουν τη θέση τους σε βιολιά και κοντραμπάσα, κλαρινέτα, τρομπόνια και φλάουτα, για να αποδώσουν διάσημες επιτυχίες της <L1>ροκ</L1> σκηνής; Καταξιωμένοι καλλιτέχνες, ο κάθε ένας στο δικό του ύφος, σμίγουν μουσικά επί σκηνής και μας προσκαλούν να ζήσουμε την εμπειρία.	What happens when electric guitars, basses, amplifiers and synthesizers give their place to violins and double basses, clarinets, trombones and flutes, to render famous hits of the rock scene?				
Τι συμβαίνει όταν οι ηλεκτρικές κιθάρες, τα μπάσα, οι ενισχυτές και τα συνθεσάιζερ δίνουν τη θέση τους σε βιολιά και κοντραμπάσα, κλαρινέτα, τρομπόνια και φλάουτα, για να αποδώσουν διάσημες επιτυχίες της <N1></N1> σκηνής; Καταξιωμένοι καλλιτέχνες, ο κάθε ένας στο δικό του ύφος, σμίγουν μουσικά επί σκηνής και μας προσκαλούν να ζήσουμε την εμπειρία.	What happens when electric guitars, basses, amplifiers and synthesizers give their place to violins and double basses, clarinets, trombones and flutes, to render famous hits of the rock scene?				
FALSE					
					
Μια σύγχρονη σύλληψη σε μια κλασική προσέγγιση για τον φωτισμό του χώρου εκμεταλλεύεται τα σχεδιαστικά στοιχεία και τα ξεχωριστά φωτιστικά σώματα σχεδιαστών για να δημιουργήσει μια πολυτελή <L1>ατμόσφαιρα</L1> που ταιριάζει με την ιστορία του κτιρίου.	A modern take on a classic lighting approach for the spaces takes advantage of the design elements and distinct designer lighting fixtures to create a luxury atmosphere that matches the history of the building.	αίσθηση ατμόσφαιρα αύρα νότα			
Μια σύγχρονη σύλληψη σε μια κλασική προσέγγιση για τον φωτισμό του χώρου εκμεταλλεύεται τα σχεδιαστικά στοιχεία και τα ξεχωριστά φωτιστικά σώματα σχεδιαστών για να δημιουργήσει μια πολυτελή <N1></N1> που ταιριάζει με την ιστορία του κτιρίου.	A modern take on a classic lighting approach for the spaces takes advantage of the design elements and distinct designer lighting fixtures to create a luxury atmosphere that matches the history of the building.				
FALSE					
					
Διαθέτουν <L1>πισίνα</L1> υπερχείλισης με σύστημα μη χημικού οικολογικού καθαρισμού.	They feature an infinity swimming pool with a non chemical eco cleaning system.				
Διαθέτουν <N1></N1> υπερχείλισης με σύστημα μη χημικού οικολογικού καθαρισμού.	They feature an infinity swimming pool with a non chemical eco cleaning system.				
FALSE					
					
1.Εισαγωγή στη συγκριτική γραμματολογία και <L1>μεθοδολογία</L1> μέσα από μια θεωρητική πρόσληψη της συγκριτικής γραμματολογίας και μέσα από θεματολογία συγκριτικού χαρακτήρα και περιεχομένου (λογοτεχνία και μύθος,θεωρια των λογοτεχνικών ειδών, λογοτεχνία και επαναγραφή, λογοτεχνία και τέχνες, διαπολιτισμικότητα, <L2>διακειμενικότητα</L2> κ.λπ).	Introduction to comparative literature and methodology through a theoretical intake of comparative literature and themes through comparative data and content (literature and myth, literature and translation, literature and cinema etc).				
1.Εισαγωγή στη συγκριτική γραμματολογία και <N1></N1> μέσα από μια θεωρητική πρόσληψη της συγκριτικής γραμματολογίας και μέσα από θεματολογία συγκριτικού χαρακτήρα και περιεχομένου (λογοτεχνία και μύθος,θεωρια των λογοτεχνικών ειδών, λογοτεχνία και επαναγραφή, λογοτεχνία και τέχνες, διαπολιτισμικότητα, <N2></N2> κ.λπ).	Introduction to comparative literature and methodology through a theoretical intake of comparative literature and themes through comparative data and content (literature and myth, literature and translation, literature and cinema etc).				
FALSE					
					
Μια γυναίκα που πάσχει από χαμηλή <L1>λίμπιντο</L1> μπορεί ποτέ ή πολύ σπάνια να έχει αυτές τις σκέψεις.	A woman who is suffering from a low libido may never or very infrequently have these thoughts.				
Μια γυναίκα που πάσχει από χαμηλή <N1></N1> μπορεί ποτέ ή πολύ σπάνια να έχει αυτές τις σκέψεις.	A woman who is suffering from a low libido may never or very infrequently have these thoughts.				
FALSE					
					
Κύριο χαρακτηριστικό της το άσπρο μπάλωμα στο σβέρκο του μαύρου κεφαλιού, τα μάγουλα άσπρα, το πάνω μέρος του σώματος γκριζωπό λαδί με διπλό άσπρο <L1>γαλόνι</L1> στις φτερούγες, το κάτω μέρος άσπρο με καστανοκίτρινα πλευρά. Απαντάται σε δασώδεις εκτάσεις.	Its main feature is the white patch on the neck of the black head, the cheeks are white, the upper part of the body is grayish olive with double white gallon on the wings, the lower part is white with brownish-yellow sides. It is found in wooded areas.				
Κύριο χαρακτηριστικό της το άσπρο μπάλωμα στο σβέρκο του μαύρου κεφαλιού, τα μάγουλα άσπρα, το πάνω μέρος του σώματος γκριζωπό λαδί με διπλό άσπρο <N1></N1> στις φτερούγες, το κάτω μέρος άσπρο με καστανοκίτρινα πλευρά. Απαντάται σε δασώδεις εκτάσεις.	Its main feature is the white patch on the neck of the black head, the cheeks are white, the upper part of the body is grayish olive with double white gallon on the wings, the lower part is white with brownish-yellow sides. It is found in wooded areas.				
FALSE					
					
Κάντε κλικ στο Φίλτρα αφού κάνετε κλικ στο εικονίδιο με το <L1>γρανάζι</L1> δίπλα στο μικρόφωνο που χρησιμοποιείτε για να ηχογραφήσετε τη φωνή σας.	Click on Filters after clicking on the gear icon adjacent to the microphone you're using to record your voice.				
Κάντε κλικ στο Φίλτρα αφού κάνετε κλικ στο εικονίδιο με το <N1></N1> δίπλα στο μικρόφωνο που χρησιμοποιείτε για να ηχογραφήσετε τη φωνή σας.	Click on Filters after clicking on the gear icon adjacent to the microphone you're using to record your voice.				
FALSE					
					
Φαινόταν να συνειδητοποιεί περισσότερο την ναρκισσιστική του <L1>μεγαλομανία</L1> και τον τρόμο ενάντια στον οποίο αυτή τον προστάτευε.	He seemed more aware of his narcissistic grandiosity and of the terror against which it defended him.				
Φαινόταν να συνειδητοποιεί περισσότερο την ναρκισσιστική του <N1></N1> και τον τρόμο ενάντια στον οποίο αυτή τον προστάτευε.	He seemed more aware of his narcissistic grandiosity and of the terror against which it defended him.				
FALSE					
					
Η Απολογία του Σωκράτη είναι μια ευχάριστη και γεμάτη <L1>χιούμορ</L1> δραματοποίηση της περίφημης υπεράσπισης του μεγάλου φιλόσοφου και ηθικού δάσκαλου μπροστά στο Αθηναϊκό δικαστήριο το 399 π.Χ.	The play features a delightful and quite humorous dramatization of the famous philosopher's defence and his rebuttals to a guilty verdict and sentence to death.	αστεϊσμός χιούμορ			
Η Απολογία του Σωκράτη είναι μια ευχάριστη και γεμάτη <N1>αστεϊσμός</N1> δραματοποίηση της περίφημης υπεράσπισης του μεγάλου φιλόσοφου και ηθικού δάσκαλου μπροστά στο Αθηναϊκό δικαστήριο το 399 π.Χ.	The play features a delightful and quite humorous dramatization of the famous philosopher's defence and his rebuttals to a guilty verdict and sentence to death.				
TRUE					
					
3) Αναπτύξουν <L1>κριτική</L1> σκέψη για την αξιοποίηση των επιτευγμάτων της Γενετικής και την εφαρμογή τους στη Γεωπονική.	3) Develop critical thoughts and skills for exploiting the new techniques and applications of Genetics, in Agricultural science.	αξιολόγηση κριτική σχολιασμός			
3) Αναπτύξουν <N1></N1> σκέψη για την αξιοποίηση των επιτευγμάτων της Γενετικής και την εφαρμογή τους στη Γεωπονική.	3) Develop critical thoughts and skills for exploiting the new techniques and applications of Genetics, in Agricultural science.				
FALSE					
					
Βασικός σκοπός αυτού του σχεδίου είναι να θέσει τη βάση για την εναρμόνιση των διαφορετικών εθνικών διαχειριστικών πρακτικών για τα ψάρια και την αλιεία, ενώ μία περιορισμένης έκτασης έρευνα πεδίου αναμένεται να συμπληρώσει την υφιστάμενη γνώση για τις οικολογικές απαιτήσεις και την κατάσταση υγείας των αυτόχθονων ειδών ψαριών, την <L1>οικολογία</L1> των εξωτικών ειδών και την επιρροή διαφόρων μεταβλητών στη σύνθεση και την αφθονία της ιχθυοπανίδας.	The primary purpose of the document will be to prepare the ground for harmonization of the different national fish and fisheries management practices, while a limited field survey is expected to supplement the existing knowledge on the ecological requirements and the health status of the native fish species, the ecology of the exotic species, and the influence of various factors to the composition and abundance of the fish fauna.	δημογραφία οικολογία			
Βασικός σκοπός αυτού του σχεδίου είναι να θέσει τη βάση για την εναρμόνιση των διαφορετικών εθνικών διαχειριστικών πρακτικών για τα ψάρια και την αλιεία, ενώ μία περιορισμένης έκτασης έρευνα πεδίου αναμένεται να συμπληρώσει την υφιστάμενη γνώση για τις οικολογικές απαιτήσεις και την κατάσταση υγείας των αυτόχθονων ειδών ψαριών, την <N1></N1> των εξωτικών ειδών και την επιρροή διαφόρων μεταβλητών στη σύνθεση και την αφθονία της ιχθυοπανίδας.	The primary purpose of the document will be to prepare the ground for harmonization of the different national fish and fisheries management practices, while a limited field survey is expected to supplement the existing knowledge on the ecological requirements and the health status of the native fish species, the ecology of the exotic species, and the influence of various factors to the composition and abundance of the fish fauna.				
FALSE					
					
Ωστόσο, η λέξη σουβλάκι χρησιμοποιείται και για να περιγράψει ένα καλαμάκι τυλιγμένο με <L1>πίτα</L1> , μαζί με λαχανικά και σάλτσες.	Nevertheless, the word souvlaki is used also to describe a  kalamaki  wrapped with a  pita , and with different vegetables or sauces added.				
Ωστόσο, η λέξη σουβλάκι χρησιμοποιείται και για να περιγράψει ένα καλαμάκι τυλιγμένο με <N1></N1> , μαζί με λαχανικά και σάλτσες.	Nevertheless, the word souvlaki is used also to describe a  kalamaki  wrapped with a  pita , and with different vegetables or sauces added.				
FALSE					
					
Αεροδρόμιο προς το λιμάνι του Πειραιά με <L1>ταξί</L1> Τα ταξί θα σας περιμένουν στην έξοδο του αεροδρομίου.	Airport to Piraeus port by taxi Taxis will wait for you at the exit of the airport.	αγοραίο όχημα ταξί			
Αεροδρόμιο προς το λιμάνι του Πειραιά με <N1></N1> Τα ταξί θα σας περιμένουν στην έξοδο του αεροδρομίου.	Airport to Piraeus port by taxi Taxis will wait for you at the exit of the airport.				
FALSE					
					
Υπό τοπική αναισθησία, ο πλαστικός χειρουργός λαμβάνει μια μικρή ποσότητα λίπους από κάποιο σημείο του σώματος (π.χ. κοιλιά), το οποίο επεξεργάζεται κατάλληλα και τοποθετείται με λεπτή <L1>κάνουλα</L1> στα χείλη.	Under local anesthesia, the plastic surgeon harvests a small amount of fat from another body area (e.g. belly). This fat is then centrifuged and injected in the lips through a small cannula.	κάνουλα κρουνός ρουμπινές			
Υπό τοπική αναισθησία, ο πλαστικός χειρουργός λαμβάνει μια μικρή ποσότητα λίπους από κάποιο σημείο του σώματος (π.χ. κοιλιά), το οποίο επεξεργάζεται κατάλληλα και τοποθετείται με λεπτή <N1></N1> στα χείλη.	Under local anesthesia, the plastic surgeon harvests a small amount of fat from another body area (e.g. belly). This fat is then centrifuged and injected in the lips through a small cannula.				
FALSE					
					
Αυτό μπορεί να είναι προσβάσιμο από <L1>χάκερ</L1> ή να ζητηθεί από τις αρχές επιβολής του νόμου χωρίς καν να το γνωρίζετε.	This can be accessed by hackers or requested by law enforcement without you even knowing.				
Αυτό μπορεί να είναι προσβάσιμο από <N1></N1> ή να ζητηθεί από τις αρχές επιβολής του νόμου χωρίς καν να το γνωρίζετε.	This can be accessed by hackers or requested by law enforcement without you even knowing.				
FALSE					
					
Όταν μπείτε στο καφέ που υπάρχει στο ξενοδοχείο για να πάρετε το κλειδί του δωματίου σας, θα νιώσετε σίγουρα το κύμα ζέστης που προσφέρει το τζάκι που καίει στην άκρη του χώρου, ενώ πίσω απ' το μπαρ θα δείτε την κυρία Μαρία με τον άντρα της Γιώργο να φτιάχνουν τα καφεδάκια των πελατών με <L1>μεράκι</L1> και χαρά.	When you enter the cafe that the hotel houses, in order to get your room key, you will definitely feel the heat wave the fireplace offers from the edge of the place and behind the bar you will see Mrs Maria and her husband George making coffees for the customers with joy.	 κέφι- ζήλος - μεράκι 			
Όταν μπείτε στο καφέ που υπάρχει στο ξενοδοχείο για να πάρετε το κλειδί του δωματίου σας, θα νιώσετε σίγουρα το κύμα ζέστης που προσφέρει το τζάκι που καίει στην άκρη του χώρου, ενώ πίσω απ' το μπαρ θα δείτε την κυρία Μαρία με τον άντρα της Γιώργο να φτιάχνουν τα καφεδάκια των πελατών με <N1>ζήλο</N1> και χαρά.	When you enter the cafe that the hotel houses, in order to get your room key, you will definitely feel the heat wave the fireplace offers from the edge of the place and behind the bar you will see Mrs Maria and her husband George making coffees for the customers with joy.				
TRUE					
					
Το μικρό βάθος κατασκευής και οι λεπτές γραμμές του ορατού <L1>προφίλ</L1> προσφέρουν τα καλύτερα πλεονεκτήματα για ανακαινίσεις.	The small construction depth and the slender profile sight lines offer the best advantages for renovations.	κατατομή - περίγραμμα προφιλ			
Το μικρό βάθος κατασκευής και οι λεπτές γραμμές του ορατού <N1>περίγραμματος</N1> προσφέρουν τα καλύτερα πλεονεκτήματα για ανακαινίσεις.	The small construction depth and the slender profile sight lines offer the best advantages for renovations.				
TRUE					
					
Γωνιακή <L1>μεζονέτα</L1> 150τμ στο Λυκαβηττό με απεριόριστη θέα.	Corner 150 sqm duplex in Lycabettus hill with a stunning view of Athens.	διώροφη κατοικία μεζονέτα 			
Γωνιακή <N1>διώροφη κατοικία</N1> 150τμ στο Λυκαβηττό με απεριόριστη θέα.	Corner 150 sqm duplex in Lycabettus hill with a stunning view of Athens.				
TRUE					
					
Είναι μερικώς επιπλωμένη, κατασκευασμένη το 1950 και διαθέτει πανέμορφη θέα στο βουνό, αρκετές εξωτερικές θέσεις στάθμευσης, ενεργειακή <L1>κλάση</L1> Η, δάπεδα από πέτρα-με μουσαμά.	It is partially furnished, built in 1950 and has beautiful mountain views, several outdoor parking spaces, energy class H, stone-with-tarpaulin floors.	κατηγορία βαθμίδα κλάση 			
Είναι μερικώς επιπλωμένη, κατασκευασμένη το 1950 και διαθέτει πανέμορφη θέα στο βουνό, αρκετές εξωτερικές θέσεις στάθμευσης, ενεργειακή <N1>κατηγορία</N1> Η, δάπεδα από πέτρα-με μουσαμά.	It is partially furnished, built in 1950 and has beautiful mountain views, several outdoor parking spaces, energy class H, stone-with-tarpaulin floors.				
TRUE					
					
Από <L1>τρακτέρ</L1> και θεριζοαλωνιστικές μηχανές μέχρι ψεκαστήρες και χλοοκοπτικά, υπάρχει μεγάλη ποικιλία εξοπλισμού που χρησιμοποιείται στη γεωργία.	From tractors and harvesters to sprayers and mowers, there is a wide array of equipment used in farming.	γεωργικός ελκυστήρας τρακτέρ			
Από <N1></N1> και θεριζοαλωνιστικές μηχανές μέχρι ψεκαστήρες και χλοοκοπτικά, υπάρχει μεγάλη ποικιλία εξοπλισμού που χρησιμοποιείται στη γεωργία.	From tractors and harvesters to sprayers and mowers, there is a wide array of equipment used in farming.				
FALSE					
					
Από την εργατική τάξη το ψευτοΚΚΕ παίρνει ότι πιο τραμπούκικο και ότι πιο στενόμυαλο υπάρχει μέσα της και το κάνει συνδικαλιστική καταπιεστική <L1>γραφειοκρατία</L1> σε βάρος της ίδιας της τάξης.	From the working class, the pseudo-CPG has borrowed whatever more bullish and narrow-minded exists inside it and made it syndicalistic oppressive bureaucracy at the expense of the working class.				
Από την εργατική τάξη το ψευτοΚΚΕ παίρνει ότι πιο τραμπούκικο και ότι πιο στενόμυαλο υπάρχει μέσα της και το κάνει συνδικαλιστική καταπιεστική <N1></N1> σε βάρος της ίδιας της τάξης.	From the working class, the pseudo-CPG has borrowed whatever more bullish and narrow-minded exists inside it and made it syndicalistic oppressive bureaucracy at the expense of the working class.				
FALSE					
					
Ακομπανιαμέντα για <L1>μπουζούκι</L1> Το βιβλίο αυτό είναι συμπληρωματικό σε κάθε μέθοδο εκμάθησης μπουζουκιού και αναλύει με συστηματικό τρόπο τις διάφορες μορφές ακομπανιαμέντων καθώς και τον τρόπο χρήσης τους.	This book is a complement for each bouzouki learning method and analyses in a systematic way the different forms of accompaniment as well as the way of using them.				
Ακομπανιαμέντα για <N1></N1> Το βιβλίο αυτό είναι συμπληρωματικό σε κάθε μέθοδο εκμάθησης μπουζουκιού και αναλύει με συστηματικό τρόπο τις διάφορες μορφές ακομπανιαμέντων καθώς και τον τρόπο χρήσης τους.	This book is a complement for each bouzouki learning method and analyses in a systematic way the different forms of accompaniment as well as the way of using them.				
FALSE					
					
Πόση <L1>πρωτεΐνη</L1> έχει το κινέζικο κοτόπουλο με λεμόνι; Δείτε παρακάτω πόση πρωτείνη έχει αυτή η τροφή ανά 100 γραμμάρια.	See how much protein is in this food per 100 grams: DV Proteins				
Πόση <N1></N1> έχει το κινέζικο κοτόπουλο με λεμόνι; Δείτε παρακάτω πόση πρωτείνη έχει αυτή η τροφή ανά 100 γραμμάρια.	See how much protein is in this food per 100 grams: DV Proteins				
FALSE					
					
Στη συνέχεια, όταν το κοτόπουλο είναι έτοιμο, προσθέστε το <L1>καλαμπόκι</L1> και το σπανάκι.	Add the chicken and broccoli florets and toss to coat.	αραβόσιτος καλαμποκιά καλαμπόκι | αραποσίτι καλαμπόκι			
Στη συνέχεια, όταν το κοτόπουλο είναι έτοιμο, προσθέστε το <N1></N1> και το σπανάκι.	Add the chicken and broccoli florets and toss to coat.				
FALSE					
					
Το <L1>ντοκιμαντέρ</L1> διαπραγματεύεται τις ιδέες της νησιωτικότητας, κινητικότητας και διαχρονικής ανθρώπινης παρουσίας στο Αιγαίο	A documentary that deals with the ideas of insularity, mobility and timeless human presence in the Aegean	τεκμηριογράφημα ντοκιμαντέρ  			
Το <N1>τεκμηριογράφημα</N1> διαπραγματεύεται τις ιδέες της νησιωτικότητας, κινητικότητας και διαχρονικής ανθρώπινης παρουσίας στο Αιγαίο	A documentary that deals with the ideas of insularity, mobility and timeless human presence in the Aegean				
TRUE					
					
Αποτελεί για εμάς έναν καινούριο σταθμό από τον οποίο θα είμαστε σε θέση να εξερευνήσουμε επιπρόσθετες δυνατότητες, να υποδεχθούμε και άλλους νέους ανθρώπους στην ομάδα μας, φιλοξενώντας περισσότερο <L1>ταλέντο</L1> και πάθος για να υπηρετήσουμε ακόμη καλύτερα την αποστολή μας να προσφέρουμε εξαιρετικές υπηρεσίες και προϊόντα ψυχαγωγίας.	It suggests a watershed moment for us and the starting point of exploring additional possibilities, so as to welcome new people in our team, host more talent and passion to better serve our mission, that is to offer excellent services and entertainment products.	 δεξιότητα χάρισμα ταλέντο χάρη ικανότητα			
Αποτελεί για εμάς έναν καινούριο σταθμό από τον οποίο θα είμαστε σε θέση να εξερευνήσουμε επιπρόσθετες δυνατότητες, να υποδεχθούμε και άλλους νέους ανθρώπους στην ομάδα μας, φιλοξενώντας περισσότερη <N1>δεξιότητα</N1> και πάθος για να υπηρετήσουμε ακόμη καλύτερα την αποστολή μας να προσφέρουμε εξαιρετικές υπηρεσίες και προϊόντα ψυχαγωγίας.	It suggests a watershed moment for us and the starting point of exploring additional possibilities, so as to welcome new people in our team, host more talent and passion to better serve our mission, that is to offer excellent services and entertainment products.				
TRUE					
					
Πάνω στη συζήτησή μας, μου ανέφερε για το μεγάλο του <L1>φετίχ</L1> που είναι να βλέπει γυναίκες να παίζουν με τον εαυτό τους.	In our discussion, he told me about his big fetish which is to see women playing with themselves.	πάθος εμμονή φετίχ 			
Πάνω στη συζήτησή μας, μου ανέφερε για το μεγάλο του <N1></N1> που είναι να βλέπει γυναίκες να παίζουν με τον εαυτό τους.	In our discussion, he told me about his big fetish which is to see women playing with themselves.				
FALSE					
					
Η κυριότερη διαφορά της από την <L1>μαγιά</L1> που χρησιμοποιείται στην <L2>μπύρα</L2> και το ψωμί, είναι πως πρόκειται για απενεργοποιημένη, και όχι ενεργή, μαγιά.	The main difference from the yeast used in beer and bread is that it is turned off, and not active, yeast.	ζύθος μπύρα			
Η κυριότερη διαφορά της από την <N1></N1> που χρησιμοποιείται στην <N2></N2> και το ψωμί, είναι πως πρόκειται για απενεργοποιημένη, και όχι ενεργή, μαγιά.	The main difference from the yeast used in beer and bread is that it is turned off, and not active, yeast.				
FALSE					
					
Συνδυάζουν τα πλεονεκτήματα από το <L1>μαντέμι</L1> και την ομορφιά από το <L2>σμάλτο</L2> πορσελάνης.	The Enameled Cast Iron Dutch Ovens - Casseroles Oval 6.6 lt combine the benefits of the cast iron with the beauty of porcelain enamel.	αδαμαντίνη σμάλτο			
Συνδυάζουν τα πλεονεκτήματα από το <N1></N1> και την ομορφιά από το <N2></N2> πορσελάνης.	The Enameled Cast Iron Dutch Ovens - Casseroles Oval 6.6 lt combine the benefits of the cast iron with the beauty of porcelain enamel.				
FALSE					
					
Κατεβάζουμε από τη φωτιά και προσθέτουμε τη <L1>σοκολάτα</L1> σε κομματάκια ανακατεύοντας μέχρι να λιώσει.	For the sauce Put the cream on low heat, then put the chocolate and stir quickly until it melts.				
Κατεβάζουμε από τη φωτιά και προσθέτουμε τη <N1></N1> σε κομματάκια ανακατεύοντας μέχρι να λιώσει.	For the sauce Put the cream on low heat, then put the chocolate and stir quickly until it melts.				
FALSE					
					
Για να αποφασιστεί ο κατάλληλος τύπος βιοψίας θα πρέπει να μελετηθούν οι εξής παράμετροι: το μέγεθος της βλάβης, εάν η βλάβη είναι ψηλαφητή ή μη ψηλαφητή, η ανατομική εντόπισή της, εάν απεικονίζεται στη μαστογραφία ή στο υπερηχογράφημα ή μόνο στη μία από τις δύο εξετάσεις, η <L1>μορφολογία</L1> της αλλοίωσης, εάν για παράδειγμα αφορά συμπαγή βλάβη ή μικροαποτιτανώσεις και το μέγεθος των μαστών.	In order to decide the appropriate type of biopsy, the following parameters should be considered: the size of the lesion, whether the lesion is palpable or non-palpable, its anatomical location, whether it is shown on the mammogram or ultrasound or only one of the two examinations, the morphology of the lesion, for example if it concerns solid lesion or microcalcifications and the size of the breasts.	γλωσσική δομή μορφολογία			
Για να αποφασιστεί ο κατάλληλος τύπος βιοψίας θα πρέπει να μελετηθούν οι εξής παράμετροι: το μέγεθος της βλάβης, εάν η βλάβη είναι ψηλαφητή ή μη ψηλαφητή, η ανατομική εντόπισή της, εάν απεικονίζεται στη μαστογραφία ή στο υπερηχογράφημα ή μόνο στη μία από τις δύο εξετάσεις, η <N1></N1> της αλλοίωσης, εάν για παράδειγμα αφορά συμπαγή βλάβη ή μικροαποτιτανώσεις και το μέγεθος των μαστών.	In order to decide the appropriate type of biopsy, the following parameters should be considered: the size of the lesion, whether the lesion is palpable or non-palpable, its anatomical location, whether it is shown on the mammogram or ultrasound or only one of the two examinations, the morphology of the lesion, for example if it concerns solid lesion or microcalcifications and the size of the breasts.				
FALSE					
					
Το απλώνετε μετά τον καθαρισμό και την τόνωση, για τη διατήρηση της <L1>ματ</L1> όψης όλη τη διάρκεια της ημέρας και βοηθά στη λείανση των λεπτών γραμμών και της υφής του δέρματος.	Apply after cleansing and toning to help maintain an all-day matte finish, and to smooth away fine lines and uneven texture.				
Το απλώνετε μετά τον καθαρισμό και την τόνωση, για τη διατήρηση της <N1></N1> όψης όλη τη διάρκεια της ημέρας και βοηθά στη λείανση των λεπτών γραμμών και της υφής του δέρματος.	Apply after cleansing and toning to help maintain an all-day matte finish, and to smooth away fine lines and uneven texture.				
FALSE					
					
Κεφαλή για πρωκτικό <L1>ντους</L1> με ειδικό εσωτερικό σχεδιασμό που μπλοκάρει την πολύ ισχυρή πίεση του νερού.	The inner part of the shower head is designed to block high water pressure.	νίψη λουτρό ντους ντουσιέρα			
Κεφαλή για πρωκτικό <N1></N1> με ειδικό εσωτερικό σχεδιασμό που μπλοκάρει την πολύ ισχυρή πίεση του νερού.	The inner part of the shower head is designed to block high water pressure.				
FALSE					
					
Για λόγους υγιεινής, η εταιρεία μας δεν θα δέχεται επιστροφές εσωρούχων, μαγιό, <L1>κολάν</L1> και γενικώς προϊόντων που μπορούν να επηρεάσουν την προσωπική υγιεινή του ανθρώπου.	For reasons of hygiene, our company will not accept returns of underwear, swimwear, leggings and generally products that can affect personal hygiene.				
Για λόγους υγιεινής, η εταιρεία μας δεν θα δέχεται επιστροφές εσωρούχων, μαγιό, <N1></N1> και γενικώς προϊόντων που μπορούν να επηρεάσουν την προσωπική υγιεινή του ανθρώπου.	For reasons of hygiene, our company will not accept returns of underwear, swimwear, leggings and generally products that can affect personal hygiene.				
FALSE					
					
Ρίχνουμε το μείγμα πάνω από το κρέας στη γάστρα, πασπαλίζουμε με τριμμένη <L1>γραβιέρα</L1> ΔΩΔΩΝΗ και γαρνίρουμε με ροδέλες ντομάτας.	Pour the mixture over the meat in the clay pot, dust with grated DODONI kefalograviera and decorate with the tomato slices.				
Ρίχνουμε το μείγμα πάνω από το κρέας στη γάστρα, πασπαλίζουμε με τριμμένη <N1></N1> ΔΩΔΩΝΗ και γαρνίρουμε με ροδέλες ντομάτας.	Pour the mixture over the meat in the clay pot, dust with grated DODONI kefalograviera and decorate with the tomato slices.				
FALSE					
					
Σε ανέκριναν δυο-τρεις φορές και μετά σου έδιναν το <L1>πασαπόρτι</L1> να μπεις στην χώρα.	In interrogated two or three times and then gave you the passport to enter the country.				
Σε ανέκριναν δυο-τρεις φορές και μετά σου έδιναν το <N1></N1> να μπεις στην χώρα.	In interrogated two or three times and then gave you the passport to enter the country.				
FALSE					
					
Η Κανάτα Ξύλινη με Καπάκι 1.2 λίτρων είναι μια παραδοσιακή, χειροποίητη, ξύλινη <L1>κανάτα</L1> ιδανική για σερβίρισμα.	The Wooden Jug with Lid 1.2 liters is a traditional, handmade, wooden container ideal for serving liquids.	βάζο δοχείο κανάτα			
Η Κανάτα Ξύλινη με Καπάκι 1.2 λίτρων είναι μια παραδοσιακή, χειροποίητη, ξύλινο <N1>δοχείο</N1> ιδανική για σερβίρισμα.	The Wooden Jug with Lid 1.2 liters is a traditional, handmade, wooden container ideal for serving liquids.				
FALSE					
					
Τα έξι συνολικά δίκλινα, τρίκλινα δωμάτια και η <L1>σουίτα</L1> του ξενώνα διαθέτουν αυτόνομη θέρμανση, τζάκι, μικρή κουζίνα, μπάνιο, τηλεόραση και όλες τις σύγχρονες ανέσεις, προσφέροντας ξεχωριστές στιγμές ζεστασιάς και ξεκούρασης.	There are six double rooms, six triple rooms and one suite, feature central heating, fireplace, kitchenette, bathroom, TV and all modern amenities, offering unique moments of warmth and relaxation.	πολυτελές κατάλυμα σουίτα			
Τα έξι συνολικά δίκλινα, τρίκλινα δωμάτια και η <N1></N1> του ξενώνα διαθέτουν αυτόνομη θέρμανση, τζάκι, μικρή κουζίνα, μπάνιο, τηλεόραση και όλες τις σύγχρονες ανέσεις, προσφέροντας ξεχωριστές στιγμές ζεστασιάς και ξεκούρασης.	There are six double rooms, six triple rooms and one suite, feature central heating, fireplace, kitchenette, bathroom, TV and all modern amenities, offering unique moments of warmth and relaxation.				
FALSE					
					
Πώς είδα αυτό το <L1>κάστρο</L1>	How I saw this castle	φρούριο κάστρο			
Πώς είδα αυτό το <N1>φρούριο</N1>	How I saw this castle				
FALSE					
					
Έτσι, η λύση που πρότεινε ο Άαρον Κλίντον ήταν να προσθέσει ένα <L1>ένζυμο</L1> στον θρόμβο, να κόψει τους υδατάνθρακες και να δώσει σε αυτά τα τρόφιμα περισσότερη θρεπτική αξία.	So the solution that Aaron Clinton proposed was to add an enzyme to the clote, cut up the carbohydrates and give these foods more nutrition.	ζυμωτικό ένζυμο 			
Έτσι, η λύση που πρότεινε ο Άαρον Κλίντον ήταν να προσθέσει ένα <N1></N1> στον θρόμβο, να κόψει τους υδατάνθρακες και να δώσει σε αυτά τα τρόφιμα περισσότερη θρεπτική αξία.	So the solution that Aaron Clinton proposed was to add an enzyme to the clote, cut up the carbohydrates and give these foods more nutrition.				
FALSE					
					
Ένας εκπληκτικός μάρσιπος για να μπορείτε να κινήστε άνετα ενώ κάνετε δουλειές, <L1>βόλτα</L1> ή ψώνια!	A stunning pocket for you to move comfortably while doing business, strolling or shopping!	βόλτα περίπατος			
Ένας εκπληκτικός μάρσιπος για να μπορείτε να κινήστε άνετα ενώ κάνετε δουλειές, <N1>περίπατος</N1> ή ψώνια!	A stunning pocket for you to move comfortably while doing business, strolling or shopping!				
TRUE					
					
Ασκήσεις γρήγορου σκίτσου σε μικρότερα μεγέθη, που επεκτείνονται και σε μελέτες φύσης σε εξωτερικό χώρο, με στόχο να χρησιμοποιείται το <L1>σκίτσο</L1> ως μέθοδος εξάσκησης στο σχέδιο, ως προπαρασκευαστικό εργαλείο για μεγαλύτερες μελέτες, ως τελικό αυτόνομο έργο, αλλά και ως εργαλείο επίλυσης εικαστικών προβλημάτων.	Quick sketch exercises in smaller sizes, which extend to nature studies outdoors, with the aim of using sketching as a method of practicing drawing, as a preparatory tool for larger studies, as a final autonomous project, as well as a tool for solving artistic problems.	σχέδιο σκαρίφημα σκίτσο			
Ασκήσεις γρήγορου σκίτσου σε μικρότερα μεγέθη, που επεκτείνονται και σε μελέτες φύσης σε εξωτερικό χώρο, με στόχο να χρησιμοποιείται το <N1>σκαρίφημα</N1> ως μέθοδος εξάσκησης στο σχέδιο, ως προπαρασκευαστικό εργαλείο για μεγαλύτερες μελέτες, ως τελικό αυτόνομο έργο, αλλά και ως εργαλείο επίλυσης εικαστικών προβλημάτων.	Quick sketch exercises in smaller sizes, which extend to nature studies outdoors, with the aim of using sketching as a method of practicing drawing, as a preparatory tool for larger studies, as a final autonomous project, as well as a tool for solving artistic problems.				
TRUE					
					
Τα σκεπάζετε με ελαιόλαδο, ανακατεύετε το <L1>βάζο</L1> και το αφήνετε να μαρινάρεται επί τρεις εβδομάδες.	Cover with olive oil and stir the contents of the bowl and let marinade for 3 weeks.	βάζο δοχείο κανάτα			
Τα σκεπάζετε με ελαιόλαδο, ανακατεύετε το <N1>δοχείο</N1> και το αφήνετε να μαρινάρεται επί τρεις εβδομάδες.	Cover with olive oil and stir the contents of the bowl and let marinade for 3 weeks.				
TRUE					
					
Παιδικό σετ 2 τεμαχίων για κορίτσια αποτελούμενο από <L1>μπλούζα</L1> με κοντό <L2>μανίκι</L2> και ποδηλατικό κολάν.	Spring set of 2 pieces for girls consisting of a pink blouse with a short sleeve and long gray leggings.				
Παιδικό σετ 2 τεμαχίων για κορίτσια αποτελούμενο από <N1></N1> με κοντό <N2></N2> και ποδηλατικό κολάν.	Spring set of 2 pieces for girls consisting of a pink blouse with a short sleeve and long gray leggings.				
FALSE					
					
Υπερπολυτελής <L1>βίλα</L1> 640 τ.μ. επί οικοπέδου 6.000 τ.μ. σε εξαιρετικό σημείο της Αρχαίας Επιδαύρου.	Duplex 182 sq.m. consisting of a ground floor apartment of 125 sq.m. fully renovated and semi-basement apartment of 57 sq.m.	 πολυτελής κατοικία βίλα			
Υπερπολυτελής <N1></N1> 640 τ.μ. επί οικοπέδου 6.000 τ.μ. σε εξαιρετικό σημείο της Αρχαίας Επιδαύρου.	Duplex 182 sq.m. consisting of a ground floor apartment of 125 sq.m. fully renovated and semi-basement apartment of 57 sq.m.				
FALSE					
					
Με φλάντζα σιλικόνης στη δομή, το <L1>ράφι</L1> μπορεί να συγκρατήσει όλους τους σωλήνες σταθερά.	With silicone gasket in structure,the rack can hold all tubes firmly.	πάγκος ράφι			
Με φλάντζα σιλικόνης στη δομή, το <N1></N1> μπορεί να συγκρατήσει όλους τους σωλήνες σταθερά.	With silicone gasket in structure,the rack can hold all tubes firmly.				
FALSE					
					
Η <L1>διεθνής</L1> αυτή έκθεση πραγματοποιείται σε εκθεσιακούς χώρους που προσφέρουν οι Αρχές των χωρών στις οποίες εδρεύουν οι συμμετέχουσες στην έκθεση Πρεσβείες.	This international exhibition is being carried out in special sites offered at our disposal by the authorities of the countries of the Embassies which are taking part in this project.				
Η <N1></N1> αυτή έκθεση πραγματοποιείται σε εκθεσιακούς χώρους που προσφέρουν οι Αρχές των χωρών στις οποίες εδρεύουν οι συμμετέχουσες στην έκθεση Πρεσβείες.	This international exhibition is being carried out in special sites offered at our disposal by the authorities of the countries of the Embassies which are taking part in this project.				
FALSE					
					
Στην ίδια <L1>κατσαρόλα</L1> σωτάρουμε το κρεμμύδι και το σκόρδο μέχρι να ροδίσουν.	Saute the mushrooms with a bit of butter until nicely browned.	χύτρα κατσαρόλα			
Στην ίδια <N1></N1> σωτάρουμε το κρεμμύδι και το σκόρδο μέχρι να ροδίσουν.	Saute the mushrooms with a bit of butter until nicely browned.				
FALSE					
					
Τα παυσίπονα ή ένα ζεστό μπάνιο πριν από τον ύπνο μπορούν να ανακουφίσουν τον πόνο και τη δυσκαμψία. Το <L1>κρεβάτι</L1> πρέπει να υποστηρίζει καλά το σώμα και να είναι αναπαυτικό.	Try the following tips: • Painkillers or a warm bath can help ease pain or stiffness before going to bed.	κλίνη κρεβάτι			
Τα παυσίπονα ή ένα ζεστό μπάνιο πριν από τον ύπνο μπορούν να ανακουφίσουν τον πόνο και τη δυσκαμψία. Η <N1>κλίνη</N1> πρέπει να υποστηρίζει καλά το σώμα και να είναι αναπαυτικό.	Try the following tips: • Painkillers or a warm bath can help ease pain or stiffness before going to bed.				
TRUE					
					
Τα σήματα τηλεμετρίας μπορούν να διασυνδεθούν με άλλες συσκευές μέτρησης όπως το σύστημα ανάλυσης κινήσεων, να αναγκάσουν τις πλατφόρμες, το ισοκινητικό <L1>δυναμόμετρο</L1> κ.λπ.	Up to 16 telemetry signals can interface with other measurement devices like motion analysis systems, force-plates, isokinetic dynamometers etc.				
Τα σήματα τηλεμετρίας μπορούν να διασυνδεθούν με άλλες συσκευές μέτρησης όπως το σύστημα ανάλυσης κινήσεων, να αναγκάσουν τις πλατφόρμες, το ισοκινητικό <N1></N1> κ.λπ.	Up to 16 telemetry signals can interface with other measurement devices like motion analysis systems, force-plates, isokinetic dynamometers etc.				
FALSE					
					
Το να εργάζεσαι σήμερα σε ένα <L1>κανάλι</L1> είναι πολύ σημαντικό, όχι μόνο για τη δουλειά που κάνεις εκεί αλλά για αυτό που προσφέρεις στον κόσμο που σε παρακολουθεί.	Working these days for a channel is really important, not only concerning the work you've been doing over there but also what you've been offering to the public watching you.	δίαυλος δίοδος διώρυγα κανάλι | κανάλι τηλεοπτικό κανάλι σταθμός			
Το να εργάζεσαι σήμερα σε ένα <N1>σταθμός</N1> είναι πολύ σημαντικό, όχι μόνο για τη δουλειά που κάνεις εκεί αλλά για αυτό που προσφέρεις στον κόσμο που σε παρακολουθεί.	Working these days for a channel is really important, not only concerning the work you've been doing over there but also what you've been offering to the public watching you.				
TRUE					
					
Ως <L1>φωτογράφος</L1> και κινηματογραφιστής, έχει κάνει παραγωγές για το Παρατηρητήριο Ανθρωπίνων Δικαιωμάτων, τη Διεθνή Αμνηστία, τους Γιατρούς του Κόσμου, όπως και για διεθνή ειδησεογραφικά μέσα.	He has filmed and produced numerous short documentaries for organisations such as Human Rights Watch, Amnesty International and Médecins du Monde, as well as for international media outlets.				
Ως <N1></N1> και κινηματογραφιστής, έχει κάνει παραγωγές για το Παρατηρητήριο Ανθρωπίνων Δικαιωμάτων, τη Διεθνή Αμνηστία, τους Γιατρούς του Κόσμου, όπως και για διεθνή ειδησεογραφικά μέσα.	He has filmed and produced numerous short documentaries for organisations such as Human Rights Watch, Amnesty International and Médecins du Monde, as well as for international media outlets.				
FALSE					
					
Αν και ο ζωμός των οστών δεν πρέπει να χρησιμοποιείται αντί για ένα γεύμα, είναι ένα θρεπτικό συμπλήρωμα στην τακτική <L1>ρουτίνα</L1> σίτισης του σκύλου σας.	While bone broth should not be used in place of a meal, it is a nutritious supplement to your dog's regular feeding routine.	καθημερινότητα συνήθεια ρουτίνα			
Αν και ο ζωμός των οστών δεν πρέπει να χρησιμοποιείται αντί για ένα γεύμα, είναι ένα θρεπτικό συμπλήρωμα στην τακτική <N1>καθημερινότητα</N1> σίτισης του σκύλου σας.	While bone broth should not be used in place of a meal, it is a nutritious supplement to your dog's regular feeding routine.				
FALSE					
					
Η <L1>ζελατίνα</L1> είναι μία πρακτική λύση ιδίως για επιχειρήσεις που διαθέτουν εξωτερικό χώρο και θέλουν να τον εκμεταλλευτούν.	Gelatine is a practical solution especially for companies with outside and want to exploit.				
Η <N1></N1> είναι μία πρακτική λύση ιδίως για επιχειρήσεις που διαθέτουν εξωτερικό χώρο και θέλουν να τον εκμεταλλευτούν.	Gelatine is a practical solution especially for companies with outside and want to exploit.				
FALSE					
					
Ιδέα: Μη βλέπεις μόνο δυο επιλογές: <L1>μοντέρνος</L1> (άρα αποδεκτός) ή <L2>ντεμοντέ</L2> (άρα μη αποδεκτός). Σκέψου μια τρίτη επιλογή: σίγουρος για τον εαυτό σου και τις επιλογές σου.	Fashion tip: Rather than seeing only two options —trendy (and accepted) or out-of-style (and rejected) —consider a third option: self-confident and secure.	σύγχρονος μοντέρνος |  παρωχημένος ξεπερασμένος ντεμοντέ			
Ιδέα: Μη βλέπεις μόνο δυο επιλογές: <N1>σύγχρονος</N1> (άρα αποδεκτός) ή <N2>ξεπερασμένος</N2> (άρα μη αποδεκτός). Σκέψου μια τρίτη επιλογή: σίγουρος για τον εαυτό σου και τις επιλογές σου.	Fashion tip: Rather than seeing only two options —trendy (and accepted) or out-of-style (and rejected) —consider a third option: self-confident and secure.				
TRUE					
					
Χρησιμοποιήστε τη <L1>μάσκα</L1> 1-2 φορές την εβδομάδα, για να αποκτήσετε νεανικά χέρια που δε θα αποκαλύψουν ποτέ την ηλικία σας.	Use this at-home hand treatment 1-2 times a week for youthful hands that will never give away your age.	μάσκα προσωπίδα προσωπείο			
Χρησιμοποιήστε τη <N1></N1> 1-2 φορές την εβδομάδα, για να αποκτήσετε νεανικά χέρια που δε θα αποκαλύψουν ποτέ την ηλικία σας.	Use this at-home hand treatment 1-2 times a week for youthful hands that will never give away your age.				
FALSE					
					
Φτιάχνουμε μικρές τηγανίτες με τα χέρια μας και τις τοποθετούμε σε <L1>ταψί</L1> στο οποίο έχουμε ήδη στρώσει λαδόκολλα.	We make small pancakes with our hands and put them in a baking pan on which we have already laid greaseproof paper.	πλάκα ψησίματος ταψί			
Φτιάχνουμε μικρές τηγανίτες με τα χέρια μας και τις τοποθετούμε σε <N1></N1> στο οποίο έχουμε ήδη στρώσει λαδόκολλα.	We make small pancakes with our hands and put them in a baking pan on which we have already laid greaseproof paper.				
FALSE					
					
Ψήνουμε για 60 λεπτά στους 160 βαθμούς Κελσίου και αφήνουμε το <L1>κέικ</L1> μας να κρυώσει.	Bake for 60 minutes at 160C degrees and let it cool.				
Ψήνουμε για 60 λεπτά στους 160 βαθμούς Κελσίου και αφήνουμε το <N1></N1> μας να κρυώσει.	Bake for 60 minutes at 160C degrees and let it cool.				
FALSE					
					
Η βελτίωση των γνώσεων και ικανοτήτων σας στην <L1>πληροφορική</L1> και η αξιολόγηση του προσωπικού σας είναι προσωπική μας υπόθεση!	The personal improvement of your knowledge and skills in computers and the evaluation of your personnel is our affair!				
Η βελτίωση των γνώσεων και ικανοτήτων σας στην <N1></N1> και η αξιολόγηση του προσωπικού σας είναι προσωπική μας υπόθεση!	The personal improvement of your knowledge and skills in computers and the evaluation of your personnel is our affair!				
FALSE					
					
Κάθε άτομο θα πρέπει να διαμένει σε ξεχωριστό δωμάτιο με εσωτερική ατομική <L1>τουαλέτα</L1> εξοπλισμένη με υγρό σαπούνι και νερό.	Each person should reside in a separate room with an indoor toilet equipped with liquid soap and water.	αποχωρητήριο απόπατος αφοδευτήριο βεσέ καμπινές μέρος τουαλέτα | μέρος τουαλέτα			
Κάθε άτομο θα πρέπει να διαμένει σε ξεχωριστό δωμάτιο με εσωτερική ατομική <N1></N1> εξοπλισμένη με υγρό σαπούνι και νερό.	Each person should reside in a separate room with an indoor toilet equipped with liquid soap and water.				
FALSE					
					
Τι θα συμβεί αν ο <L1>παπαγάλος</L1> τρώει κρεμμύδια;	What happens if the budgerigar eats onions?	ψιττακός παπαγάλος			
Τι θα συμβεί αν ο <N1>ψιττακός</N1> τρώει κρεμμύδια;	What happens if the budgerigar eats onions?				
TRUE					
					
Έχουν επίπλωση σε απαλές <L1>μοβ</L1> αποχρώσεις και μια μικρή κουζίνα με 2 μαγειρικές εστίες, μίνι ψυγείο και τραπεζαρία Πρόσθετες Πληροφορίες	They are furnished in soft purple tones and a kitchen with 2 hotplates, a mini fridge and a dining area Additional Info	μοβ πορφυρό ιώδες			
Έχουν επίπλωση σε απαλές <N1>πορφυρές</N1> αποχρώσεις και μια μικρή κουζίνα με 2 μαγειρικές εστίες, μίνι ψυγείο και τραπεζαρία Πρόσθετες Πληροφορίες	They are furnished in soft purple tones and a kitchen with 2 hotplates, a mini fridge and a dining area Additional Info				
TRUE					
					
Με το έργο του αυτό βοήθησε στην ανάπτυξη μιας διακριτής, αγγλόφωνης ποιητικής παράδοσης στην πατρίδα του, η οποία ως τότε εκφραζόταν στα γαελικά, και καθιερώθηκε ως εθνικός <L1>βάρδος</L1> της Ιρλανδίας.	With this work he helped to develop a distinct poetic tradition in English language in his homeland, which until then was expressed in Gaelic; he was established as the  national bard  of Ireland.	ποιητής  τραγουδοποιός βάρδος			
Με το έργο του αυτό βοήθησε στην ανάπτυξη μιας διακριτής, αγγλόφωνης ποιητικής παράδοσης στην πατρίδα του, η οποία ως τότε εκφραζόταν στα γαελικά, και καθιερώθηκε ως εθνικός <N1>ποιητής</N1> της Ιρλανδίας.	With this work he helped to develop a distinct poetic tradition in English language in his homeland, which until then was expressed in Gaelic; he was established as the  national bard  of Ireland.				
TRUE					
					
Σερβίρετε το <L1>πιλάφι</L1> μαζί με τις ελιές και τα ντοματίνια και συνοδεύετε με το παγωμένο τζαντζίκι.	Serve the bulgur pilaf with olives and fresh tomatoes and accompany with the cold tzantziki	ρύζι πιλάφι			
Σερβίρετε το <N1>ρύζι</N1> μαζί με τις ελιές και τα ντοματίνια και συνοδεύετε με το παγωμένο τζαντζίκι.	Serve the bulgur pilaf with olives and fresh tomatoes and accompany with the cold tzantziki				
FALSE					
					
Πολύ πλούσιο σε ίνες, περιέχει επίσης θρεπτικά συστατικά όπως μαγνήσιο, <L1>κάλιο</L1> και ασβέστιο.	Super rich in fibers, also contain nutrients like magnesium, potassium, and calcium.				
Πολύ πλούσιο σε ίνες, περιέχει επίσης θρεπτικά συστατικά όπως μαγνήσιο, <N1></N1> και ασβέστιο.	Super rich in fibers, also contain nutrients like magnesium, potassium, and calcium.				
FALSE					
					
Εάν το σενάριο σας προβλέπεται να εκτελεστεί σε μια εικόνα που έχει επεξεργαστεί, θα θέλετε να το εισάγετε στο <L1>μενού</L1> του παραθύρου εικόνας.	If your script is intended to work on an image being edited, you'll want to insert it in the image window menu.	κατάλογος επιλογές μενού			
Εάν το σενάριο σας προβλέπεται να εκτελεστεί σε μια εικόνα που έχει επεξεργαστεί, θα θέλετε να το εισάγετε στις <N1>επιλογές</N1> του παραθύρου εικόνας.	If your script is intended to work on an image being edited, you'll want to insert it in the image window menu.				
TRUE					
					
Στον καμβά της <L1>σκιάς</L1> της, εκδηλώνει την επίγνωση της ομορφιάς της.	In the canvas of its shade, it expresses the conscience of its beauty.				
Στον καμβά της <N1></N1> της, εκδηλώνει την επίγνωση της ομορφιάς της.	In the canvas of its shade, it expresses the conscience of its beauty.				
FALSE					
					
Το χιόνι άρχισε να λιώνει, χιονοσταλίδες εμφανίστηκαν, τριαντάφυλλα, χρυσάνθεμα, αστέρες, κρίνοι, βιολέτες, γεράνια, κροκοσμία, ροδόδενδρο άνθισε στο υπέροχο θερμοκήπιο, εμφανίστηκαν όμορφα φύλλα από διάφορα χόρτα <L1>γκαζόν</L1> και οικοδεσπότες.	The snow began to melt, snowdrops appeared, roses, chrysanthemums, asters, lilies, violets, geraniums, crocosmia, rhododendron blossomed in the fabulous greenhouse, beautiful leaves of various lawn grasses and hostas appeared.	γρασίδι  χλοοτάπητας γκαζόν			
Το χιόνι άρχισε να λιώνει, χιονοσταλίδες εμφανίστηκαν, τριαντάφυλλα, χρυσάνθεμα, αστέρες, κρίνοι, βιολέτες, γεράνια, κροκοσμία, ροδόδενδρο άνθισε στο υπέροχο θερμοκήπιο, εμφανίστηκαν όμορφα φύλλα από διάφορα χόρτα <N1></N1> και οικοδεσπότες.	The snow began to melt, snowdrops appeared, roses, chrysanthemums, asters, lilies, violets, geraniums, crocosmia, rhododendron blossomed in the fabulous greenhouse, beautiful leaves of various lawn grasses and hostas appeared.				
FALSE					
					
Είναι φτιαγμένα από υπέροχο γυαλισμένο δέρμα εξαιρετικής ποιότητας, έχουν μυτερό το μπροστινό μέρος, εντυπωσιακή σόλα και ανοίγουν από την εσωτερική πλευρά με <L1>φερμουάρ</L1> για εύκολη χρήση.	They are made from fine shiny leather, they feature pointed toes, impressive black outsole, they are lace-ups and at the internal side there is a zip, so you can wear them very easily.				
Είναι φτιαγμένα από υπέροχο γυαλισμένο δέρμα εξαιρετικής ποιότητας, έχουν μυτερό το μπροστινό μέρος, εντυπωσιακή σόλα και ανοίγουν από την εσωτερική πλευρά με <N1></N1> για εύκολη χρήση.	They are made from fine shiny leather, they feature pointed toes, impressive black outsole, they are lace-ups and at the internal side there is a zip, so you can wear them very easily.				
FALSE					
					
Αν τα σανδάλια ή παπούτσια σας έχουν διακοσμηθεί, κάνετε προσεχτική χρήση, μην φοράτε τα χειροποίητα υποδήματα σας πχ στην παραλία στην άμμο, ενώ κάνετε ποδήλατο, <L1>σπορ</L1> κτλ	If the sandals have embellishments, wear them with care – don't wear your embellished sandals while riding your bike, or walking in the sand etc	σπορ αθλήματα			
Αν τα σανδάλια ή παπούτσια σας έχουν διακοσμηθεί, κάνετε προσεχτική χρήση, μην φοράτε τα χειροποίητα υποδήματα σας πχ στην παραλία στην άμμο, ενώ κάνετε ποδήλατο, <N1>αθλήματα</N1> κτλ	If the sandals have embellishments, wear them with care – don't wear your embellished sandals while riding your bike, or walking in the sand etc				
TRUE					
					
Χτυπάμε 1 κρόκο αυγού με 2 κουταλιές <L1>κρέμα</L1> γάλακτος και αλείφουμε το δεύτερο φύλλο με το μείγμα.	Fill the cases with the custard and top with your choice of summer berries.	αλοιφή κρέμα | κρέμα πολτός			
Χτυπάμε 1 κρόκο αυγού με 2 κουταλιές <N1></N1> γάλακτος και αλείφουμε το δεύτερο φύλλο με το μείγμα.	Fill the cases with the custard and top with your choice of summer berries.				
FALSE					
					
Η περιοχή του Παγκρατίου είναι γνωστή για την εύκολη πρόσβαση στο κέντρο της πόλης (σήμερα εξυπηρετείται από τον σταθμό του <L1>μετρό</L1> Ευαγγελισμός), τα καλά εστιατόρια και τις συνοικιακές ταβέρνες.	Pagkrati area is known for its easy accessibility to the city center, (currently served by Evangelismos metro station).	υπόγειος σιδηρόδρομος μετρό			
Η περιοχή του Παγκρατίου είναι γνωστή για την εύκολη πρόσβαση στο κέντρο της πόλης (σήμερα εξυπηρετείται από τον σταθμό του <N1>υπόγειου σιδηροδρόμου</N1> Ευαγγελισμός), τα καλά εστιατόρια και τις συνοικιακές ταβέρνες.	Pagkrati area is known for its easy accessibility to the city center, (currently served by Evangelismos metro station).				
TRUE					
					
Σήμερα, η εταιρεία έχει καταφέρει το να πρωταγωνιστεί στην αγορά με συνεχή εξέλιξη και εξειδίκευση, με κύριο στόχο το να προσφέρει στους πελάτες της ένα ολοκληρωμένο δημιουργικό <L1>πακέτο</L1> υψηλής αισθητικής αλλά και ποιότητας.	Today, the company has managed to lead the market with continuous development and specialization, with the main goal of offering its customers a complete creative package of high aesthetics and quality.	σύνολο πακέτο υπηρεσιών			
Σήμερα, η εταιρεία έχει καταφέρει το να πρωταγωνιστεί στην αγορά με συνεχή εξέλιξη και εξειδίκευση, με κύριο στόχο το να προσφέρει στους πελάτες της ένα ολοκληρωμένο δημιουργικό <N1>σύνολο</N1> υψηλής αισθητικής αλλά και ποιότητας.	Today, the company has managed to lead the market with continuous development and specialization, with the main goal of offering its customers a complete creative package of high aesthetics and quality.				
FALSE					
					
Φέρει νέο υδροδυναμικό σχεδιασμό, <L1>τζάμι</L1> μπροστά για τον οπτικό έλεγχο των φίλτρων και χαμηλή τάση λειτουργίας - κατανάλωση ενέργειας.	It has a special stremlined design and glass for the visual inspection of the filters.	γυαλί τζάμι			
Φέρει νέο υδροδυναμικό σχεδιασμό, <N1>γυαλί</N1> μπροστά για τον οπτικό έλεγχο των φίλτρων και χαμηλή τάση λειτουργίας - κατανάλωση ενέργειας.	It has a special stremlined design and glass for the visual inspection of the filters.				
TRUE					
					
Εδώ πρέπει με προσοχή να εισάγουμε ένα λεπτό ίσιο κατσαβίδι ακριβώς ανάμεσα στο κάθε κλιπ και στο κομμάτι της οροφής και να μετακινήσουμε προς τα κάτω το πλαστικό <L1>καπάκι</L1> του κλιπ.	Here, we must carefully insert a thin straight screwdriver right between each clip and the top of the roof and move the plastic cover of the clip down.	βούλωμα καπάκι πώμα τάπα κάλυμμα			
Εδώ πρέπει με προσοχή να εισάγουμε ένα λεπτό ίσιο κατσαβίδι ακριβώς ανάμεσα στο κάθε κλιπ και στο κομμάτι της οροφής και να μετακινήσουμε προς τα κάτω το πλαστικό <N1>πώμα</N1> του κλιπ.	Here, we must carefully insert a thin straight screwdriver right between each clip and the top of the roof and move the plastic cover of the clip down.				
TRUE					
					
Τον μικρό μαθητή βρήκε σε κατάσταση <L1>σοκ</L1> η μητέρα του στην αυλή του σχολείου μετά το σχόλασμα.	When the mother went to pick up her child from school in the afternoon, she found her son in a state of shock.	σάστισμα σοκ ταραχή κλονισμός			
Τον μικρό μαθητή βρήκε σε κατάσταση <N1>κλονισμού</N1> η μητέρα του στην αυλή του σχολείου μετά το σχόλασμα.	When the mother went to pick up her child from school in the afternoon, she found her son in a state of shock.				
TRUE					
					
Τέλος, ιδιαίτερα αποτελεσματική είναι η συντήρηση γονιμότητας στους άνδρες, η εφαρμογή της οποίας επιτρέπει σε άνδρες που πρόκειται να υποβληθούν σε <L1>χημειοθεραπεία</L1> να κρυοσυντηρήσουν σπέρμα ή ορχικό ιστό για μελλοντική χρήση, γεγονός που επιτρέπει τη δημιουργία οικογένειας μέσα από θεραπεία υποβοήθησης σε μελλοντικό στάδιο. , αναφέρει ο κ.	Finally, fertility preservation in men is particularly effective, the application of which allows men undergoing chemotherapy to cryopreserve sperm or testicular tissue for future use, which allows them to start a family through assisted reproduction therapy at a later stage.				
Τέλος, ιδιαίτερα αποτελεσματική είναι η συντήρηση γονιμότητας στους άνδρες, η εφαρμογή της οποίας επιτρέπει σε άνδρες που πρόκειται να υποβληθούν σε <N1></N1> να κρυοσυντηρήσουν σπέρμα ή ορχικό ιστό για μελλοντική χρήση, γεγονός που επιτρέπει τη δημιουργία οικογένειας μέσα από θεραπεία υποβοήθησης σε μελλοντικό στάδιο. , αναφέρει ο κ.	Finally, fertility preservation in men is particularly effective, the application of which allows men undergoing chemotherapy to cryopreserve sperm or testicular tissue for future use, which allows them to start a family through assisted reproduction therapy at a later stage.				
FALSE					
					
Το προϊόν είναι κατάλληλο για όσους θέλουν να δημιουργήσουν ματ <L1>μακιγιάζ</L1> με μέτρια αδιαφάνεια.	The product is suitable for those who want to create a matte, medium opacity make-up.	βάψιμο μακιγιάζ			
Το προϊόν είναι κατάλληλο για όσους θέλουν να δημιουργήσουν ματ <N1>βάψιμο</N1> με μέτρια αδιαφάνεια.	The product is suitable for those who want to create a matte, medium opacity make-up.				
TRUE					
					
Η υπαίθρια αγορά βιοκαλλιεργητών λειτουργεί στο <L1>πάρκο</L1> κάθε Δευτέρα, Τετάρτη & Παρασκευή από τις 10.00 έως τις 15.00.	The open organic market is hosted here every Monday, Tuesday and Friday from about 10.00 to 15.00, throughout the year.	άλσος  κήπος πάρκο			
Η υπαίθρια αγορά βιοκαλλιεργητών λειτουργεί στο <N1></N1> κάθε Δευτέρα, Τετάρτη & Παρασκευή από τις 10.00 έως τις 15.00.	The open organic market is hosted here every Monday, Tuesday and Friday from about 10.00 to 15.00, throughout the year.				
FALSE					
					
Η καλύτερη στιγμή για να βάλεις ένα εντυπωσιακό ζευγάρι σκουλαρίκια ή ένα ακριβό <L1>κολιέ</L1> είναι εκείνη που δεν θα νιώθεις και τόσο σπουδαία.	The best moment to put on an impressive pair of earrings or an expensive necklace is when you will not feel so great.	κολιέ περιδέραιο			
Η καλύτερη στιγμή για να βάλεις ένα εντυπωσιακό ζευγάρι σκουλαρίκια ή ένα ακριβό <N1>περιδέραιο</N1> είναι εκείνη που δεν θα νιώθεις και τόσο σπουδαία.	The best moment to put on an impressive pair of earrings or an expensive necklace is when you will not feel so great.				
TRUE					
					
Η λέξη <L1>καφές</L1> διαθέτει το υποκοριστικό καφεδάκι και το μεγεθυντικό καφεδούκλα (= εξαιρετικός καφές).	The word coffee has the derogatory coffee and the magnifying coffee maker (= excellent coffee).				
Η λέξη <N1></N1> διαθέτει το υποκοριστικό καφεδάκι και το μεγεθυντικό καφεδούκλα (= εξαιρετικός καφές).	The word coffee has the derogatory coffee and the magnifying coffee maker (= excellent coffee).				
FALSE					
					
Αν και το δολάριο πέρασε και τυπικά το 1900 στον κανόνα χρυσού, η χρήση του κανόνα χρυσού και αργύρου σταμάτησε <L1>ντε</L1> φάκτο το 1873 όταν ο νόμος περί νομισμάτων του 1873 ανέστειλε την κοπή του αργυρού δολαρίου 412.5 κόκκων, το μόνο νόμιμο χρήμα που μπορούσαν οι κάτοχοι του να το μετατρέψουν από χρυσό σε απεριόριστες ποσότητες αργύρου.[33] Αυτή η απόφαση έγινε την δεκαετία του 1870 όταν ξεκίνησε ο πυρετός του αργύρου.	Though the dollar came under the gold standard de jure only after 1900, the bimetallic era was ended de facto when the Coinage Act of 1873 suspended the minting of the standard silver dollar of 412.5 grains (26.73 g = 0.8595 oz t), the only fully legal tender coin that individuals could convert bullion into in unlimited (or Free silver) quantities,[a] and right at the onset of the silver rush from the Comstock Lode in the 1870s.	στην πράξη πρακτικά ντε φάκτο			
Αν και το δολάριο πέρασε και τυπικά το 1900 στον κανόνα χρυσού, η χρήση του κανόνα χρυσού και αργύρου σταμάτησε <N1>στην πράξη</N1> το 1873 όταν ο νόμος περί νομισμάτων του 1873 ανέστειλε την κοπή του αργυρού δολαρίου 412.5 κόκκων, το μόνο νόμιμο χρήμα που μπορούσαν οι κάτοχοι του να το μετατρέψουν από χρυσό σε απεριόριστες ποσότητες αργύρου.[33] Αυτή η απόφαση έγινε την δεκαετία του 1870 όταν ξεκίνησε ο πυρετός του αργύρου.	Though the dollar came under the gold standard de jure only after 1900, the bimetallic era was ended de facto when the Coinage Act of 1873 suspended the minting of the standard silver dollar of 412.5 grains (26.73 g = 0.8595 oz t), the only fully legal tender coin that individuals could convert bullion into in unlimited (or Free silver) quantities,[a] and right at the onset of the silver rush from the Comstock Lode in the 1870s.				
TRUE					
					
Το κατεξοχήν καλοκαιρινό χρώμα είναι το <L1>μπλε</L1> σε όλες τις αποχρώσεις του: ρουά, τιρκουάζ, ναυτικό, σιέλ, ηλεκτρίκ, ενώ με το εκτυφλωτικό φως του ήλιου που χρυσαφίζει δημιουργεί ακριβώς αυτό τον καλοκαιρινό συνδυασμό που θέλουμε για τις συσκευασίες μας.	The preeminent summery color is blue in all its shades: turquoise, navy, ciel, royal blue, electric, while in combination with the blinding golden sunlight it creates exactly this summer feeling we want for our packaging.				
Το κατεξοχήν καλοκαιρινό χρώμα είναι το <N1></N1> σε όλες τις αποχρώσεις του: ρουά, τιρκουάζ, ναυτικό, σιέλ, ηλεκτρίκ, ενώ με το εκτυφλωτικό φως του ήλιου που χρυσαφίζει δημιουργεί ακριβώς αυτό τον καλοκαιρινό συνδυασμό που θέλουμε για τις συσκευασίες μας.	The preeminent summery color is blue in all its shades: turquoise, navy, ciel, royal blue, electric, while in combination with the blinding golden sunlight it creates exactly this summer feeling we want for our packaging.				
FALSE					
					
Έργα όπως η προαστιακή σιδηροδρομική σύνδεση με το νέο διεθνές αεροδρόμιο ή το παραλιακό <L1>τραμ</L1> της πρωτεύουσας, κατασκευάστηκαν μόνο με επιμονή της Διεθνούς Ολυμπιακής Επιτροπής, ενώ στις κατασκευές που θωρακίστηκαν νομικά με ειδικές παρεκκλίσεις ως Ολυμπιακά Έργα περιλαμβάνονται εμπορικά κέντρα που λειτούργησαν... 1,5 χρόνο μετά τους Αγώνες.	Works such as the suburban railway connection with the new international airport or the coastal tram of Athens, were built only with insistence of the International Olympic Committee, while commercial centres that functioned… 18 months after the Olympic Games were legally shielded with special deviations, long before.	γραμμή τρόλεϊ τραμ τροχιόδρομος			
Έργα όπως η προαστιακή σιδηροδρομική σύνδεση με το νέο διεθνές αεροδρόμιο ή το παραλιακό <N1>τροχιόδρομο</N1> της πρωτεύουσας, κατασκευάστηκαν μόνο με επιμονή της Διεθνούς Ολυμπιακής Επιτροπής, ενώ στις κατασκευές που θωρακίστηκαν νομικά με ειδικές παρεκκλίσεις ως Ολυμπιακά Έργα περιλαμβάνονται εμπορικά κέντρα που λειτούργησαν... 1,5 χρόνο μετά τους Αγώνες.	Works such as the suburban railway connection with the new international airport or the coastal tram of Athens, were built only with insistence of the International Olympic Committee, while commercial centres that functioned… 18 months after the Olympic Games were legally shielded with special deviations, long before.				
TRUE					
					
αδιάβροχος πίνακας αφρού οικοδόμησης υψηλής πυκνότητας για την οικοδόμηση κτηρίου Περιγραφή λεπτομέρειας Ο <L1>εγκιβωτισμός</L1> οικοδόμησης είναι μια προσωρινή ενισχυτική δομή, που παράγει από το σχέδιο, κάνει τη συγκε... Διαβάστε περισσότερα	high density waterproof construction foam board for building construction Detail Description The building formwork is a temporary supporting structure, producing by the design, make concrete structure,... Read More				
αδιάβροχος πίνακας αφρού οικοδόμησης υψηλής πυκνότητας για την οικοδόμηση κτηρίου Περιγραφή λεπτομέρειας Το <N1></N1> οικοδόμησης είναι μια προσωρινή ενισχυτική δομή, που παράγει από το σχέδιο, κάνει τη συγκε... Διαβάστε περισσότερα	high density waterproof construction foam board for building construction Detail Description The building formwork is a temporary supporting structure, producing by the design, make concrete structure,... Read More				
FALSE					
					
Το ερώτημα είναι, πρέπει η επιχείρησή σας να επενδύσει τους πόρους της σε μια εσωτερική έναντι εξωτερικής ομάδας; Πλεονεκτήματα Τα πλεονεκτήματα της εσωτερικής ομάδας <L1>μάρκετινγκ</L1> ή του υπαλλήλου περιλαμβάνουν: Εξοικείωση με τη <L2>μάρκα</L2> Όταν έχετε μια εσωτερική ομάδα μάρκετινγκ ή έναν υπάλληλο, γνωρίζουν την επωνυμία σας, η οποία ενημερώνει όλες τις αποφάσεις μάρκετινγκ και το υλικό τους.	The question is, should your business invest its resources in an internal versus external team? Pros The advantages of in-house marketing include: Brand familiarity When you have an internal marketing team, they know your brand, which informs all their marketing decisions and materials.	προώθηση μάρκετινγκ | επωνυμία μάρκα			
Το ερώτημα είναι, πρέπει η επιχείρησή σας να επενδύσει τους πόρους της σε μια εσωτερική έναντι εξωτερικής ομάδας; Πλεονεκτήματα Τα πλεονεκτήματα της εσωτερικής ομάδας <N1>προώθησης</N1> ή του υπαλλήλου περιλαμβάνουν: Εξοικείωση με την <N2>επωνυμία</N2> Όταν έχετε μια εσωτερική ομάδα μάρκετινγκ ή έναν υπάλληλο, γνωρίζουν την επωνυμία σας, η οποία ενημερώνει όλες τις αποφάσεις μάρκετινγκ και το υλικό τους.	The question is, should your business invest its resources in an internal versus external team? Pros The advantages of in-house marketing include: Brand familiarity When you have an internal marketing team, they know your brand, which informs all their marketing decisions and materials.				
TRUE					
					
Ανάδειξε τις καμπύλες σου, με ένα ολόσωμο μαγιό με έντονο <L1>ντεκολτέ</L1> ή ένα μπικίνι με εντυπωσιακό πάνω μέρος και ανοιχτόχρωμα χρώματα.	Highlight your curves, with a one-piece swimsuit with a strong neckline or a bikini with an impressive top and light colours.	ντεκολτέ  λαιμόκοψη τραχηλιά			
Ανάδειξε τις καμπύλες σου, με ένα ολόσωμο μαγιό με έντονη <N1>λαιμόκοψη</N1> ή ένα μπικίνι με εντυπωσιακό πάνω μέρος και ανοιχτόχρωμα χρώματα.	Highlight your curves, with a one-piece swimsuit with a strong neckline or a bikini with an impressive top and light colours.				
TRUE					
					
Ακόμα θα χρειαστείτε λιγότερο χρόνο για να ολοκληρώσετε τον καθαρισμό με μια ηλεκτρική σκούπα με επιδόσεις απόδοσης καθαρισμού που θα περιμένατε από μια μεγαλύτερη ηλεκτρική σκούπα.Μπορείτε να ρυθμίσετε εύκολα την ισχύ του <L1>μοτέρ</L1> αναρρόφησης για να καλύψετε τις συγκεκριμένες ανάγκες καθαρισμού σας και τα με εξαρτήματα τα οποία είναι βολικά αποθηκευμένα επί της σκούπας έχοντας μεγάλη ευκινησία αλλά και ένδειξη αλλαγής φιλτρόσακκου η εργασία του καθαρισμού δεν θα μπορούσε να γίνει ευκολότερη.	You'll also spend less time cleaning with a machine that provides all the performance of dust pick up that most would expect to be achieved by only larger vacuum cleaners. You can effortlessly adjust the motor speed to meet your specific cleaning task, and with handy on-board accessories, easy manoeuvrability and a dust bag full indicator showing you when to change the bag, cleaning could not be made easier.	μοτέρ κινητήρας			
Ακόμα θα χρειαστείτε λιγότερο χρόνο για να ολοκληρώσετε τον καθαρισμό με μια ηλεκτρική σκούπα με επιδόσεις απόδοσης καθαρισμού που θα περιμένατε από μια μεγαλύτερη ηλεκτρική σκούπα.Μπορείτε να ρυθμίσετε εύκολα την ισχύ του <N1>κινητήρα</N1> αναρρόφησης για να καλύψετε τις συγκεκριμένες ανάγκες καθαρισμού σας και τα με εξαρτήματα τα οποία είναι βολικά αποθηκευμένα επί της σκούπας έχοντας μεγάλη ευκινησία αλλά και ένδειξη αλλαγής φιλτρόσακκου η εργασία του καθαρισμού δεν θα μπορούσε να γίνει ευκολότερη.	You'll also spend less time cleaning with a machine that provides all the performance of dust pick up that most would expect to be achieved by only larger vacuum cleaners. You can effortlessly adjust the motor speed to meet your specific cleaning task, and with handy on-board accessories, easy manoeuvrability and a dust bag full indicator showing you when to change the bag, cleaning could not be made easier.				
TRUE					
					
Έχω την αίσθηση ότι αυτό είναι το καλύτερο <L1>άλμπουμ</L1> σας εδώ και κάτι χρόνια.	Actually, I have the feeling that this album is better than the last couple of albums or so.	άλμπουμ λεύκωμα δίσκος συλλογή			
Έχω την αίσθηση ότι αυτό είναι η καλύτερη <N1>συλλογή</N1> σας εδώ και κάτι χρόνια.	Actually, I have the feeling that this album is better than the last couple of albums or so.				
TRUE					
					
Πρακτικά το <L1>κεχριμπάρι</L1> επιπλέει σε αλατισμένο νερό.	Practically, amber floats in salt water.	ήλεκτρο κεχριμπάρι			
Πρακτικά το <N1>ήλεκτρο</N1> επιπλέει σε αλατισμένο νερό.	Practically, amber floats in salt water.				
TRUE					
					
Τα <L1>πάνελ</L1> είναι δομικά στοιχεία επικάλυψης και πλαγιοκάλυψης που αποτελούνται από δυο χαλύβδινα ελάσματα με ενδιάμεση στρώση αφρού πολυουρεθάνης.	The panels are structurally cover elements and wall panels that consist of two steel plates with an intermediate layer of polyurethane foam.				
Τα <N1></N1> είναι δομικά στοιχεία επικάλυψης και πλαγιοκάλυψης που αποτελούνται από δυο χαλύβδινα ελάσματα με ενδιάμεση στρώση αφρού πολυουρεθάνης.	The panels are structurally cover elements and wall panels that consist of two steel plates with an intermediate layer of polyurethane foam.				
FALSE					
					
Η <L1>καφεΐνη</L1> μπορεί να βελτιώσει σημαντικά τις σωματικές σας επιδόσεις.	Caffeine can greatly improve your physical performance.				
Η <N1></N1> μπορεί να βελτιώσει σημαντικά τις σωματικές σας επιδόσεις.	Caffeine can greatly improve your physical performance.				
FALSE					
					
Ανακατέψτε τα με ένα μιξεράκι για <L1>φραπέ</L1> ή με ένα μικρό χτυπητήρι έως ότου το μείγμα ομογενοποιηθεί.	Stir them with a mixer or a small whisk until the mixture is homogenized.	καφές στιγμής φραπέ 			
Ανακατέψτε τα με ένα μιξεράκι για <N1></N1> ή με ένα μικρό χτυπητήρι έως ότου το μείγμα ομογενοποιηθεί.	Stir them with a mixer or a small whisk until the mixture is homogenized.				
FALSE					
					
Και οι δύο Ελληνίδες πάλεψαν σκληρά αλλά το <L1>ροζ</L1> φύλλο αγώνα πήγε στην Φαίη, η οποία με 11,5 πόντους (7 επιθέσεις, 4 άσσους, 1 <L2>μπλοκ</L2> και 12 άμυνες) ηγήθηκε της ομάδας της.	Both of the Greek ladies fought hard but Fay got the 'dub', and with 11.5 points (7 kills, 4 aces, 1 block and 12 digs) led her team.	άξονας μπλοκ αποκρούσεις			
Και οι δύο Ελληνίδες πάλεψαν σκληρά αλλά το <N1></N1> φύλλο αγώνα πήγε στην Φαίη, η οποία με 11,5 πόντους (7 επιθέσεις, 4 άσσους, 1 <N2></N2> και 12 άμυνες) ηγήθηκε της ομάδας της.	Both of the Greek ladies fought hard but Fay got the 'dub', and with 11.5 points (7 kills, 4 aces, 1 block and 12 digs) led her team.				
FALSE					
					
Είναι σχεδόν όλοι με ένα ύφος <L1>μπλαζέ</L1> τύπου α άλλος ένας θάνατος στην οικογένεια, οκ, πάμε για ποτό; (ούτε τα βορειοευρωπαϊκά δράματα έτσι).	Almost everyone has a blaze style like  another death in the family, okay, shall we go for a drink?	αδιάφορος ασυγκίνητος μπλαζέ  			
Είναι σχεδόν όλοι με ένα ύφος <N1>ασυγκίνητου</N1> τύπου α άλλος ένας θάνατος στην οικογένεια, οκ, πάμε για ποτό; (ούτε τα βορειοευρωπαϊκά δράματα έτσι).	Almost everyone has a blaze style like  another death in the family, okay, shall we go for a drink?				
TRUE					
					
Η εφαρμογή γίνεται εν ψυχρώ, με χορταρένια βούρτσα, πινέλο, <L1>ρολό</L1> ή πιστόλι βαφής, σε όλη την επιφάνεια, όπου πρόκειται να κολληθούν ασφαλτικές μεμβράνες.	Cold-apply, with a grass brush, a paintbrush, a roller or a paint sprayer gun, on the entire surface on which bituminous membranes are to be attached.	κύλινδρος βαφής ρολό			
Η εφαρμογή γίνεται εν ψυχρώ, με χορταρένια βούρτσα, πινέλο, <N1></N1> ή πιστόλι βαφής, σε όλη την επιφάνεια, όπου πρόκειται να κολληθούν ασφαλτικές μεμβράνες.	Cold-apply, with a grass brush, a paintbrush, a roller or a paint sprayer gun, on the entire surface on which bituminous membranes are to be attached.				
FALSE					
					
Το <L1>μπουκέτο</L1> που παρουσιάζεται περιλαμβάνει 15 κόκκινα τριαντάφυλλα και 9 κλαδιά Λευκών Χρυσάνθεμων.	Amazing bouquet of 30 roses Ukrainian Classic: 15 red and 15 pink, foliage.	ανθοδέσμη μπουκέτο			
Η <N1>ανθοδέσμη</N1> που παρουσιάζεται περιλαμβάνει 15 κόκκινα τριαντάφυλλα και 9 κλαδιά Λευκών Χρυσάνθεμων.	Amazing bouquet of 30 roses Ukrainian Classic: 15 red and 15 pink, foliage.				
TRUE					
					
Ήταν από τους καλύτερους στο μπουζούκι, ενώ παράλληλα έπαιζε <L1>πιάνο</L1> και κιθάρα και φανταζόταν τη ζωή του να συνεχίζεται μέσα σε ορχήστρες στη διαδρομή της μουσικής.	He was one of the best in playing the bouzouki, while at the same time he played the piano and guitar and imagined a career in orchestras, following the path of music.	πιάνο όρθιο πιάνο			
Ήταν από τους καλύτερους στο μπουζούκι, ενώ παράλληλα έπαιζε <N1></N1> και κιθάρα και φανταζόταν τη ζωή του να συνεχίζεται μέσα σε ορχήστρες στη διαδρομή της μουσικής.	He was one of the best in playing the bouzouki, while at the same time he played the piano and guitar and imagined a career in orchestras, following the path of music.				
FALSE					
					
Η σουίτα περιλαμβάνει μπανιέρα υδρομασάζ, δική της τραπεζαρία και ιδιωτικό μπαλκόνι και <L1>αξεσουάρ</L1> ομορφιάς.	The Suite includes Jacuzzi, dining room, balcony and beauty accessories	αξεσουάρ εξάρτημα είδη επιπρόσθετο συμπλήρωμα			
Η σουίτα περιλαμβάνει μπανιέρα υδρομασάζ, δική της τραπεζαρία και ιδιωτικό μπαλκόνι και <N1>είδη</N1> ομορφιάς.	The Suite includes Jacuzzi, dining room, balcony and beauty accessories				
TRUE					
					
Το <L1>κλαρινέτο</L1> κατέχει σήμερα βασική θέση στη συμφωνική ορχήστρα και ανήκει στην κατηγορία των ξύλινων πνευστών.	The clarinet today holds a fundamental position in the symphonic orchestra and belongs to the category of woodwinds.				
Το <N1></N1> κατέχει σήμερα βασική θέση στη συμφωνική ορχήστρα και ανήκει στην κατηγορία των ξύλινων πνευστών.	The clarinet today holds a fundamental position in the symphonic orchestra and belongs to the category of woodwinds.				
FALSE					
					
Χειροποίητα κεντήματα, φλουριά, φούντες, πούλια, μέχρι ολόκληρα σκουλαρίκια και <L1>χίντι</L1> υφάσματα!	From handmade embroidery, coins, tassels, checkers, to entire earrings and Hindi fabrics!	ινδικά υφάσματα χίντι 			
Χειροποίητα κεντήματα, φλουριά, φούντες, πούλια, μέχρι ολόκληρα σκουλαρίκια και <N1>ινδικά</N1> υφάσματα!	From handmade embroidery, coins, tassels, checkers, to entire earrings and Hindi fabrics!				
TRUE					
					
Διάλεξε ένα τοπ με <L1>βολάν</L1> ή ακόμη και μανίκι για να δώσεις όγκο στο επάνω μέρος του σώματός σου.	Choose a ruffle top or even a sleeve to add volume to your upper body.	πτυχώσεις βολάν			
Διάλεξε ένα τοπ με <N1></N1> ή ακόμη και μανίκι για να δώσεις όγκο στο επάνω μέρος του σώματός σου.	Choose a ruffle top or even a sleeve to add volume to your upper body.				
FALSE					
					
Τζιν <L1>μπουφάν</L1> για ένα κορίτσι.	Denim jacket for a girl.	μπουφάν πανωφόρι			
Τζιν <N1>πανωφόρι</N1> για ένα κορίτσι.	Denim jacket for a girl.				
TRUE					
					
Μοντέρνο τραπέζι από ανάγλυφη <L1>μελαμίνη</L1> με τεχνοτροπία ξύλου σε συνδυασμό με ματ μονόχρωμη μελαμίνη και μεταλλικά πόδια.	Modern table made of embossed melamine with wood style in combination with matte monochrome melamine and metal legs.				
Μοντέρνο τραπέζι από ανάγλυφη <N1></N1> με τεχνοτροπία ξύλου σε συνδυασμό με ματ μονόχρωμη μελαμίνη και μεταλλικά πόδια.	Modern table made of embossed melamine with wood style in combination with matte monochrome melamine and metal legs.				
FALSE					
					
Σάς λένε ότι έχετε <L1>μάγια</L1> ή κάτι ανάλογο και σάς ζητάνε χιλιάδες ευρώ για να τα λύσουν.	They may say to you that you have a spell or a curse on you (and they may be right) but they will ask for thousands of dollars to break it.	μάγια μαγγανείες ξόρκια			
Σάς λένε ότι έχετε <N1>μαγγανείες</N1> ή κάτι ανάλογο και σάς ζητάνε χιλιάδες ευρώ για να τα λύσουν.	They may say to you that you have a spell or a curse on you (and they may be right) but they will ask for thousands of dollars to break it.				
TRUE					
					
Ζεστό και άνετο χώρο αναμονής για να απολαύσετε τον καφέ σας, να δείτε τηλεόραση ή να διαβάσετε ένα περιοδικό, αναμένοντας για το <L1>ραντεβού</L1> σας ή τον ασθενή που συνοδεύετε.	Cozy waiting room to enjoy your coffee, watch TV or read a magazine while waiting for your appointment or for the patient you accompany	συνάντηση συνεύρεση ραντεβού			
Ζεστό και άνετο χώρο αναμονής για να απολαύσετε τον καφέ σας, να δείτε τηλεόραση ή να διαβάσετε ένα περιοδικό, αναμένοντας για τη <N1>συνάντηση</N1> σας ή τον ασθενή που συνοδεύετε.	Cozy waiting room to enjoy your coffee, watch TV or read a magazine while waiting for your appointment or for the patient you accompany				
TRUE					
					
Το απέραντο γαλάζιο απλώνεται έξω από το <L1>παράθυρο</L1> σας, ενώ χαλαρώνετε στην απόλυτη άνεση.	The vast blue sea spreads out of your window, while you relax in the absolute comfort.				
Το απέραντο γαλάζιο απλώνεται έξω από το <N1></N1> σας, ενώ χαλαρώνετε στην απόλυτη άνεση.	The vast blue sea spreads out of your window, while you relax in the absolute comfort.				
FALSE					
					
Σε ένα <L1>φλιτζάνι</L1> ανακατώνουμε το κρύο νερό με τη ζελατίνη. Αφήνουμε 5 λεπτά για να μαλακώσει η ζελατίνη.	In cup, combine cold water and gelatin; set aside 5 minutes to soften gelatin.	ποτήρι φλιτζάνι κύπελλο			
Σε ένα <N1>ποτήρι</N1> ανακατώνουμε το κρύο νερό με τη ζελατίνη. Αφήνουμε 5 λεπτά για να μαλακώσει η ζελατίνη.	In cup, combine cold water and gelatin; set aside 5 minutes to soften gelatin.				
TRUE					
					
Όλοι αυτοί είναι εκείνοι που χρεωκόπησαν τη χώρα και την παρέδωσαν στα μνημόνια των πιστωτών ενώ οι πιο δραστήριοι στο <L1>σαμποτάζ</L1> παριστάνουν τους αρχηγούς της αντίστασης.	It is all those that led the country to bankruptcy and offered it to the memoranda of the money-lenders, while the most active in the sabotage appear to be the leaders of the self proclaimed anti-imperialist  resistance .	δολιοφθορά σαμποτάζ υπονόμευση			
Όλοι αυτοί είναι εκείνοι που χρεωκόπησαν τη χώρα και την παρέδωσαν στα μνημόνια των πιστωτών ενώ οι πιο δραστήριοι στη <N1>δολιοφθορά</N1> παριστάνουν τους αρχηγούς της αντίστασης.	It is all those that led the country to bankruptcy and offered it to the memoranda of the money-lenders, while the most active in the sabotage appear to be the leaders of the self proclaimed anti-imperialist  resistance .				
TRUE					
					
Το μπροστινό υδραυλικό δισκόφρενο και τα δύο πίσω φρένα <L1>ταμπούρο</L1> εξασφαλίζουν την ακαριαία ακινητοποίηση του τρίκυκλου.	The front hydraulic disc brake and the two rear drum brakes ensure the instantaneous immobilization of the tricycle.	τυμπανόφρενο ταμπούρο			
Το μπροστινό υδραυλικό δισκόφρενο και τα δύο πίσω φρένα <N1></N1> εξασφαλίζουν την ακαριαία ακινητοποίηση του τρίκυκλου.	The front hydraulic disc brake and the two rear drum brakes ensure the instantaneous immobilization of the tricycle.				
FALSE					
					
Γιλέκο <L1>καπιτονέ</L1> με τσέπη στο στήθος με φερμουάρ και δύο τσέπες στο πλάι.	Its made in indigo terry non brushed fabric, has two pockets and one backpocket.				
Γιλέκο <N1></N1> με τσέπη στο στήθος με φερμουάρ και δύο τσέπες στο πλάι.	Its made in indigo terry non brushed fabric, has two pockets and one backpocket.				
FALSE					
					
Τώρα ο κονέκτορας θα βρίσκεται μόνιμα στην θύρα φόρτισης του κινητού σας και το μόνο που θα πρέπει να κάνετε στο εξής είναι να πλησιάζετε την άλλη άκρη του καλωδίου κοντά του ώστε με τον ειδικό μαγνητικό <L1>πόλο</L1> του να συνδέετε ακριβώς στο σημείο που πρέπει από μόνο του!	Now the connector will be permanently on the charging port of your mobile phone and all you have to do from now on is to approach the other end of the cable near it so that with its special magnetic pole you can connect it exactly where it should!	άκρο πόλος			
Τώρα ο κονέκτορας θα βρίσκεται μόνιμα στην θύρα φόρτισης του κινητού σας και το μόνο που θα πρέπει να κάνετε στο εξής είναι να πλησιάζετε την άλλη άκρη του καλωδίου κοντά του ώστε με το ειδικό μαγνητικό <N1>άκρο</N1> του να συνδέετε ακριβώς στο σημείο που πρέπει από μόνο του!	Now the connector will be permanently on the charging port of your mobile phone and all you have to do from now on is to approach the other end of the cable near it so that with its special magnetic pole you can connect it exactly where it should!				
TRUE					
					
Ο Χρήστος Αλαβέρας, με μεγάλη δεξιοτεχνία χειρίστηκε το <L1>κάρβουνο</L1> μέχρι εξαντλήσεως του χαρτιού, αναδεικνύοντας μορφές χωρίς να χάνει την ισορροπία μεταξύ πλήρους και κενού, άσπρου και μαύρου, γραμμής και φόρμας.	Christos Alaveras has used charcoal with great skilfulness exhausting all the paper at his disposal. He managed to indicate forms keeping at the same time the balance between full and empty, black and white, form and line.	άνθρακας γαιάνθρακας κάρβουνο λιγνίτης λιθάνθρακας ξυλάνθρακας πετροκάρβουνο τύρφη			
Ο Χρήστος Αλαβέρας, με μεγάλη δεξιοτεχνία χειρίστηκε τον <N1>άνθρακα</N1> μέχρι εξαντλήσεως του χαρτιού, αναδεικνύοντας μορφές χωρίς να χάνει την ισορροπία μεταξύ πλήρους και κενού, άσπρου και μαύρου, γραμμής και φόρμας.	Christos Alaveras has used charcoal with great skilfulness exhausting all the paper at his disposal. He managed to indicate forms keeping at the same time the balance between full and empty, black and white, form and line.				
TRUE					
					
Προσαρμόσιμο κουμπί διατήρησης εστίασης, δακτύλιος διαφράγματος, διακόπτης κλικ διαφράγματος, μη αυτόματη εστίαση γραμμικής απόκρισης, σχεδιασμός για αντοχή σε σκόνη και υγρασία, επίστρωση μπροστινού στοιχείου με <L1>φθόριο</L1> για επαγγελματικές λήψεις.	Customizable focus hold button, aperture ring, aperture click switch, Linear Response MF, dust and moisture resistant design, and fluorine front-element coating adds up to fully professional control and reliability for movies as well as stills.				
Προσαρμόσιμο κουμπί διατήρησης εστίασης, δακτύλιος διαφράγματος, διακόπτης κλικ διαφράγματος, μη αυτόματη εστίαση γραμμικής απόκρισης, σχεδιασμός για αντοχή σε σκόνη και υγρασία, επίστρωση μπροστινού στοιχείου με <N1></N1> για επαγγελματικές λήψεις.	Customizable focus hold button, aperture ring, aperture click switch, Linear Response MF, dust and moisture resistant design, and fluorine front-element coating adds up to fully professional control and reliability for movies as well as stills.				
FALSE					
					
Ο σύγχρονος <L1>προτεσταντισμός</L1> κατέστησε το κείμενο της Γραφής ακατανόητο έξω από ατομικές συναισθηματικές αντιδράσεις.	Modern Protestantism rendered the text of the Bible incomprehensible if removed from personal emotional reaction.				
Ο σύγχρονος <N1></N1> κατέστησε το κείμενο της Γραφής ακατανόητο έξω από ατομικές συναισθηματικές αντιδράσεις.	Modern Protestantism rendered the text of the Bible incomprehensible if removed from personal emotional reaction.				
FALSE					
					
Θα μπορούσαν πλέον να καταλάβουν πράγματα όπως ο βελονισμός, το τσι, η οργόνη, η <L1>τηλεπάθεια</L1> κλπ. όπως επίσης και να διαγνώσουν αλλά και να θεραπεύσουν οποιαδήποτε πάθηση.	They would now be able to understand such things as acupuncture, chi, orgone energy, telepathy, etc., as well as diagnose and cure whatever ails us.				
Θα μπορούσαν πλέον να καταλάβουν πράγματα όπως ο βελονισμός, το τσι, η οργόνη, η <N1></N1> κλπ. όπως επίσης και να διαγνώσουν αλλά και να θεραπεύσουν οποιαδήποτε πάθηση.	They would now be able to understand such things as acupuncture, chi, orgone energy, telepathy, etc., as well as diagnose and cure whatever ails us.				
FALSE					
					
Γενικά, μην αφαιρείτε βασισμένες σε πηγές πληροφορίες από την <L1>εγκυκλοπαίδεια</L1> μόνο και μόνο επειδή φαίνονται προκατειλημμένες.	Generally, do not remove sourced information from the encyclopedia solely because it seems biased.				
Γενικά, μην αφαιρείτε βασισμένες σε πηγές πληροφορίες από την <N1></N1> μόνο και μόνο επειδή φαίνονται προκατειλημμένες.	Generally, do not remove sourced information from the encyclopedia solely because it seems biased.				
FALSE					
					
Το λεύκωμα που κρατάτε στα χέρια σας αποτελεί καλλιτεχνικό <L1>ντοκουμέντο</L1> μιας χρονιάς-σταθμού για την ανθρωπότητα.	The book in your hands is an artistic testament to a landmark year for humanity.	τεκμήριο ντοκουμέντο			
Το λεύκωμα που κρατάτε στα χέρια σας αποτελεί καλλιτεχνικό <N1>τεκμήριο</N1> μιας χρονιάς-σταθμού για την ανθρωπότητα.	The book in your hands is an artistic testament to a landmark year for humanity.				
TRUE					
					
Ένα κιτ επείγουσας υγειονομικής περίθαλψης βρίσκεται στη <L1>ρεσεψιόν</L1> (θερμόμετρο, μικροβιοκτόνο απολυμαντικό / μαντηλάκια για επιφάνειες, απολυμαντικό τζελ, μάσκες προσώπου, γάντια μιας χρήσης, προστατευτική ποδιά μιας χρήσης, σακούλα απορριμμάτων μίας χρήσης), καθώς και πληροφορίες για γιατρούς και νοσοκομεία.	An Emergency Health Care Kit is to be found at the reception (infrared thermometer, germicidal disinfectant/wipes for surface, sanitiser gel, face masks, disposable gloves, disposable protective apron, disposable waste bag), as well as information about doctors and hospitals.	υποδοχή ρεσεψιόν			
Ένα κιτ επείγουσας υγειονομικής περίθαλψης βρίσκεται στην <N1>υποδοχή</N1> (θερμόμετρο, μικροβιοκτόνο απολυμαντικό / μαντηλάκια για επιφάνειες, απολυμαντικό τζελ, μάσκες προσώπου, γάντια μιας χρήσης, προστατευτική ποδιά μιας χρήσης, σακούλα απορριμμάτων μίας χρήσης), καθώς και πληροφορίες για γιατρούς και νοσοκομεία.	An Emergency Health Care Kit is to be found at the reception (infrared thermometer, germicidal disinfectant/wipes for surface, sanitiser gel, face masks, disposable gloves, disposable protective apron, disposable waste bag), as well as information about doctors and hospitals.				
TRUE					
					
Από τότε που θυμάται τον εαυτό της, γοητευόταν από το μαγικό κόσμο των παραμυθιών και με την <L1>φαντασία</L1> της έπλαθε ιστορίες που όμως θαρρείς πως έμεναν παγιδευμένες σ' ένα αόρατο δίχτυ στην άκρη του μυαλού της.	Ever since she could remember, she was fascinated by the magical world of fairy tales and created stories with her imagination, but it seems that they remained trapped in an invisible net at the edge of her mind.				
Από τότε που θυμάται τον εαυτό της, γοητευόταν από το μαγικό κόσμο των παραμυθιών και με την <N1></N1> της έπλαθε ιστορίες που όμως θαρρείς πως έμεναν παγιδευμένες σ' ένα αόρατο δίχτυ στην άκρη του μυαλού της.	Ever since she could remember, she was fascinated by the magical world of fairy tales and created stories with her imagination, but it seems that they remained trapped in an invisible net at the edge of her mind.				
FALSE					
					
Θέλω να συνεχίσω να προπονούμαι με την ομάδα ως το τέλος της <L1>σεζόν</L1> και να μην τα παρατήσω.	I want to continue training and playing with my team till the end of the season and not give up.	περίοδος σεζόν			
Θέλω να συνεχίσω να προπονούμαι με την ομάδα ως το τέλος της <N1>περιόδου</N1> και να μην τα παρατήσω.	I want to continue training and playing with my team till the end of the season and not give up.				
TRUE					
					
Στο εργαστήριο του Απριλίου θα παρακολουθήσουμε τη μετάβαση από τον ρομαντικό ήρωα στον υπονομευμένο ήρωα της μοντέρνας εποχής, αντλώντας έμπνευση από την Έκτη Ελεγεία του Ράινερ Μαρία Ρίλκε, τα έργα της Καμίλ Κλωντέλ και του Ροντέν καθώς και τα <L1>κολάζ</L1> των κυβιστών.	In April's workshop, we will follow the transition from the romantic hero to the subverted hero of the modern age, drawing inspiration from Raine Maria Rilke's Sixth Elegy, the works of Camille Claudel and Rodin, and the collages of the cubists.	συρραφές σύνθετα έργα κολάζ			
Στο εργαστήριο του Απριλίου θα παρακολουθήσουμε τη μετάβαση από τον ρομαντικό ήρωα στον υπονομευμένο ήρωα της μοντέρνας εποχής, αντλώντας έμπνευση από την Έκτη Ελεγεία του Ράινερ Μαρία Ρίλκε, τα έργα της Καμίλ Κλωντέλ και του Ροντέν καθώς και τα <N1>σύνθετα έργα</N1> των κυβιστών.	In April's workshop, we will follow the transition from the romantic hero to the subverted hero of the modern age, drawing inspiration from Raine Maria Rilke's Sixth Elegy, the works of Camille Claudel and Rodin, and the collages of the cubists.				
FALSE					
					
Μπορείς να την συνδυάσεις με φόρεμα, φούστα, <L1>παντελόνι</L1> και κολάν.	You can match it with a dress, skirt, pants and leggings.				
Μπορείς να την συνδυάσεις με φόρεμα, φούστα, <N1></N1> και κολάν.	You can match it with a dress, skirt, pants and leggings.				
FALSE					
					
Από τη στιγμή λοιπόν που πιάνουν από μόνες τους αρκετό χώρο γιατί να μην τις χρησιμοποιήσουμε; Βάλτε μία επένδυση από χαρτί περιτυλίγματος αν η <L1>βαλίτσα</L1> είναι παλιά και λίγο αρωματικό λεβάντας για να απομακρύνετε τα έντομα.	Add some acid-free tissue paper lining if your bags are a little older and use some lavender or cedar blocks to keep away any bugs.	αποσκευή σάκος βαλίτσα 			
Από τη στιγμή λοιπόν που πιάνουν από μόνες τους αρκετό χώρο γιατί να μην τις χρησιμοποιήσουμε; Βάλτε μία επένδυση από χαρτί περιτυλίγματος αν η <N1>αποσκευή</N1> είναι παλιά και λίγο αρωματικό λεβάντας για να απομακρύνετε τα έντομα.	Add some acid-free tissue paper lining if your bags are a little older and use some lavender or cedar blocks to keep away any bugs.				
TRUE					
					
Κωδ:3193 Περιοχή Αγία Βάσσα, σε μικρή απόσταση από την πόλη της Χίου, πάνω σε κεντρική <L1>δημοτική</L1> οδό, ενοικιάζεται επαγγελματικός χώρος συνολικής επιφάνειας 1.200 τ.μ. με ακάλυπτο χώρο στάθμευσης έκτασης 5.000 τ.μ.	Code: 3193 Agia Vassa area, a short distance from the city of Chios, on a central municipal road, a commercial space of a total area of 1,200 sq.m. with uncovered parking area of 5,000 sq.m.				
Κωδ:3193 Περιοχή Αγία Βάσσα, σε μικρή απόσταση από την πόλη της Χίου, πάνω σε κεντρική <N1></N1> οδό, ενοικιάζεται επαγγελματικός χώρος συνολικής επιφάνειας 1.200 τ.μ. με ακάλυπτο χώρο στάθμευσης έκτασης 5.000 τ.μ.	Code: 3193 Agia Vassa area, a short distance from the city of Chios, on a central municipal road, a commercial space of a total area of 1,200 sq.m. with uncovered parking area of 5,000 sq.m.				
FALSE					
					
Η υπερλίπανση* και η <L1>γλυκερίνη</L1> που παράγεται φυσικά από τη διαδικασία της σαπωνοποίησης, και πάνω από όλα η σωστή σύνθεση και επιλογή ποιοτικών πρώτων υλών κάνουν τα σαπούνια μας μοναδικά.	The superfat * and the glycerin that is naturally produced by the saponification process, and especially the correct composition and the selection of quality raw materials, make our soaps unique.				
Η υπερλίπανση* και η <N1></N1> που παράγεται φυσικά από τη διαδικασία της σαπωνοποίησης, και πάνω από όλα η σωστή σύνθεση και επιλογή ποιοτικών πρώτων υλών κάνουν τα σαπούνια μας μοναδικά.	The superfat * and the glycerin that is naturally produced by the saponification process, and especially the correct composition and the selection of quality raw materials, make our soaps unique.				
FALSE					
					
Γλυκό μαύρο σταφύλι σε συνδυασμό με γευστική <L1>τάρτα</L1> λεμονιού σε ένα απολαυστικό δροσερό τελείωμα...!	Freshly baked waffle, crispy and delicious in a cone shape to sweetly embrace the creamy sin...				
Γλυκό μαύρο σταφύλι σε συνδυασμό με γευστική <N1></N1> λεμονιού σε ένα απολαυστικό δροσερό τελείωμα...!	Freshly baked waffle, crispy and delicious in a cone shape to sweetly embrace the creamy sin...				
FALSE					
					
Σετ <L1>μενταγιόν</L1> καρδιά και αστέρι <L2>μενταγιόν</L2> από ασήμι 925 σε σχήμα καρδιάς και αστεριού, διακοσμημένα με ζιργκόν.	Sterling silver cross pendant necklace and chain, decorated with white triangle cut cubic zirconia and an oval cut, red one, in the center.	κρεμαστό κόσμημα φυλαχτό μενταγιόν			
Σετ <N1>κρεμαστό κόσμημα</N1> καρδιά και αστέρι <N2>φυλαχτό</N2>  από ασήμι 925 σε σχήμα καρδιάς και αστεριού, διακοσμημένα με ζιργκόν.	Sterling silver cross pendant necklace and chain, decorated with white triangle cut cubic zirconia and an oval cut, red one, in the center.				
FALSE					
					
Αντί να τοποθετείτε μια <L1>σερβιέτα</L1> μέσα στο εσώρουχο, η προστασία είναι ραμμένη απευθείας μέσα στο εσώρουχο.	Instead of inserting a sanitary pad into the panty, the protection is sewn directly into the panty.	σερβιέτα επίθεμα 			
Αντί να τοποθετείτε μια <N1></N1> μέσα στο εσώρουχο, η προστασία είναι ραμμένη απευθείας μέσα στο εσώρουχο.	Instead of inserting a sanitary pad into the panty, the protection is sewn directly into the panty.				
FALSE					
					
Σε κάθε μελιτζάνα βάζουμε μια ποσότητα από τη φρέσκια <L1>ντομάτα</L1> και τέλος αραδιάζουμε από πάνω την φέτα σε κομμάτια.	Put a quantity of fresh tomatoes in each eggplant and finally spread the feta in pieces on top.				
Σε κάθε μελιτζάνα βάζουμε μια ποσότητα από τη φρέσκια <N1></N1> και τέλος αραδιάζουμε από πάνω την φέτα σε κομμάτια.	Put a quantity of fresh tomatoes in each eggplant and finally spread the feta in pieces on top.				
FALSE					
					
Η στρατιωτική <L1>χούντα</L1> είχε προηγουμένως εκδώσει ένταλμα σύλληψής του στις 13 Φεβρουαρίου 2021 λόγω των αναρτήσεων του στα μέσα κοινωνικής δικτύωσης, οι οποίες ήταν επικριτικές για το στρατιωτικό πραξικόπημα της χούντας που έλαβε χώρα λίγες ημέρες πριν.	The military junta had previously issued a warrant for his arrest on 13 February 2021 over his posts on social media, which were critical of the junta's military coup that took place just days prior.	δικτατορία χούντα			
Η στρατιωτική <N1>δικτατορία</N1> είχε προηγουμένως εκδώσει ένταλμα σύλληψής του στις 13 Φεβρουαρίου 2021 λόγω των αναρτήσεων του στα μέσα κοινωνικής δικτύωσης, οι οποίες ήταν επικριτικές για το στρατιωτικό πραξικόπημα της χούντας που έλαβε χώρα λίγες ημέρες πριν.	The military junta had previously issued a warrant for his arrest on 13 February 2021 over his posts on social media, which were critical of the junta's military coup that took place just days prior.				
TRUE					
					
Η επιχείρηση παράγει και εμπορεύεται χονδρικώς ενδύματα από ολόκληρες γούνες <L1>βιζόν</L1> και από κομμάτια βιζόν <L2>ρακούν</L2> και αλεπούς.	The company is a manufacturer and wholesaler of garments made of full mink leather and leather pieces racoon and fox.				
Η επιχείρηση παράγει και εμπορεύεται χονδρικώς ενδύματα από ολόκληρες γούνες <N1></N1> και από κομμάτια βιζόν <N2></N2> και αλεπούς.	The company is a manufacturer and wholesaler of garments made of full mink leather and leather pieces racoon and fox.				
FALSE					
					
Παρόμοια συμβουλή ανεγράφη στο Καθολικό εβδομαδιαίο <L1>περιοδικό</L1> Αμέρικα της 24ης Ιουνίου 1961.	Similar counsel appeared in the Catholic weekly magazine America of June 24, 1961.				
Παρόμοια συμβουλή ανεγράφη στο Καθολικό εβδομαδιαίο <N1></N1> Αμέρικα της 24ης Ιουνίου 1961.	Similar counsel appeared in the Catholic weekly magazine America of June 24, 1961.				
FALSE					
					
Το παντελόνι του είναι επίσης από λινό, με λεπτομέρεια στην τσέπη, και μπορεί να διαπραγματευτεί στο χρώμα, επιτρέποντας στις γυναίκες της ζωής του να αναλάβουν ένα μικρό ρολάκι στις στιλιστικές του επιλογές, αρκεί να σιγουρευτούν ότι το ψάθινο <L1>καπέλο</L1> του θα έχει αντίστοιχου χρώματος κορδέλα.	His pants are also made of linen, with detail in the pocket, and can be traded in color, allowing the women of his life to take on a small roll in his stylistic choices, as long as they make sure that his straw hat will have a matching ribbon.	καπέλο σκούφος			
Το παντελόνι του είναι επίσης από λινό, με λεπτομέρεια στην τσέπη, και μπορεί να διαπραγματευτεί στο χρώμα, επιτρέποντας στις γυναίκες της ζωής του να αναλάβουν ένα μικρό ρολάκι στις στιλιστικές του επιλογές, αρκεί να σιγουρευτούν ότι το ψάθινο <N1></N1> του θα έχει αντίστοιχου χρώματος κορδέλα.	His pants are also made of linen, with detail in the pocket, and can be traded in color, allowing the women of his life to take on a small roll in his stylistic choices, as long as they make sure that his straw hat will have a matching ribbon.				
FALSE					
					
Ακολουθούν οι βασικοί ορισμοί των όρων που χρησιμοποιούνται σε αυτό το έγγραφο, όπως τίθενται στο Άρθρο 4 του Γενικού Κανονισμού για την Προστασία Δεδομένων, προκειμένου το υποκείμενο των δεδομένων να εξοικειωθεί με την <L1>ορολογία</L1> του Κανονισμού:	The following are the basic definitions for the terms that are used in this document, as cited by Article 4 of the General Data Protection Regulation, in order for the subject of the data to familiarize itself with the terminology of the Regulation:				
Ακολουθούν οι βασικοί ορισμοί των όρων που χρησιμοποιούνται σε αυτό το έγγραφο, όπως τίθενται στο Άρθρο 4 του Γενικού Κανονισμού για την Προστασία Δεδομένων, προκειμένου το υποκείμενο των δεδομένων να εξοικειωθεί με την <N1></N1> του Κανονισμού:	The following are the basic definitions for the terms that are used in this document, as cited by Article 4 of the General Data Protection Regulation, in order for the subject of the data to familiarize itself with the terminology of the Regulation:				
FALSE					
					
Η τρομοκρατία αναπνέει το <L1>οξυγόνο</L1> του θανατοπολιτικού συμβολισμού.	Terrorism breaths the oxygen of thanatopolitical symbolism.				
Η τρομοκρατία αναπνέει το <N1></N1> του θανατοπολιτικού συμβολισμού.	Terrorism breaths the oxygen of thanatopolitical symbolism.				
FALSE					
					
Οι επιφάνειες του ναργιλέ έχουν τον ίδιο βαθμό σκληρότητας με το <L1>ζαφείρι</L1> χρησιμοποιώντας τη διαδικασία ανοδίωσης, η οποία εγγυάται τη μακροζωία του ναργιλέ σας.	The surfaces of the hookah have the same degree of hardness as sapphire using the anodizing process. This guarantees the longevity of your shisha.				
Οι επιφάνειες του ναργιλέ έχουν τον ίδιο βαθμό σκληρότητας με το <N1></N1> χρησιμοποιώντας τη διαδικασία ανοδίωσης, η οποία εγγυάται τη μακροζωία του ναργιλέ σας.	The surfaces of the hookah have the same degree of hardness as sapphire using the anodizing process. This guarantees the longevity of your shisha.				
FALSE					
					
Μία τσιμεντένια <L1>ζούγκλα</L1> όπου φτιάχνονται τα όνειρα, περισσότεροι από 250.000 νέοι κάτοικοι μετακομίζουν εδώ κάθε χρόνο.	A concrete jungle where dreams are made of, more than 250.000 new residents make their move here every year.	δάσος ζούγκλα			
Μία τσιμεντένια <N1></N1> όπου φτιάχνονται τα όνειρα, περισσότεροι από 250.000 νέοι κάτοικοι μετακομίζουν εδώ κάθε χρόνο.	A concrete jungle where dreams are made of, more than 250.000 new residents make their move here every year.				
FALSE					
					
Έτσι, έχουμε ένα δεύτερο σημείο σύνδεσης μεταξύ του νοήματος της αυτονομίας στην <L1>ψυχανάλυση</L1> και του νοήματος της αυτονομίας στην πολιτική.	Thus, we have a second point of conjunction between the sense of autonomy in psychoanalysis and the sense of autonomy in politics.				
Έτσι, έχουμε ένα δεύτερο σημείο σύνδεσης μεταξύ του νοήματος της αυτονομίας στην <N1></N1> και του νοήματος της αυτονομίας στην πολιτική.	Thus, we have a second point of conjunction between the sense of autonomy in psychoanalysis and the sense of autonomy in politics.				
FALSE					
					
Η <L1>βεράντα</L1> που διαθέτει το κάθε στούντιο μας θα είναι το καλύτερο μέρος για να χαλαρώσετε και να πιείτε ένα κρασί με θέα μερικά από τα καλύτερα ηλιοβασιλέματα.	The veranda of each studio will be the best place to relax and drink a glass of wine overlooking some of the best sunsets.	εξώστης αίθριο βεράντα			
Ο <N1>εξώστης</N1> που διαθέτει το κάθε στούντιο μας θα είναι το καλύτερο μέρος για να χαλαρώσετε και να πιείτε ένα κρασί με θέα μερικά από τα καλύτερα ηλιοβασιλέματα.	The veranda of each studio will be the best place to relax and drink a glass of wine overlooking some of the best sunsets.				
TRUE					
					
Στο διαβήτη, ο οργανισμός παράγει λιγότερη ή και καθόλου <L1>ινσουλίνη</L1> ή χρησιμοποιεί την ινσουλίνη με τρόπο μη αποτελεσματικό.	Insulin resistance is a condition in which the body produces insulin but does not use it properly.				
Στο διαβήτη, ο οργανισμός παράγει λιγότερη ή και καθόλου <N1></N1> ή χρησιμοποιεί την ινσουλίνη με τρόπο μη αποτελεσματικό.	Insulin resistance is a condition in which the body produces insulin but does not use it properly.				
FALSE					
					
Τα θερινά <L1>σινεμά</L1> της πόλης σας περιμένουν κάθε βράδυ με ταινίες για όλα τα γούστα.	Summer movie theatres wait for you every night with movies for all tastes.	κινηματογράφος σινεμά			
Οι θερινοί <N1>κινηματογράφοι</N1> της πόλης σας περιμένουν κάθε βράδυ με ταινίες για όλα τα γούστα.	Summer movie theatres wait for you every night with movies for all tastes.				
TRUE					
					
Ξεκινήστε εύκολα με μια χρεωστική/πιστωτική <L1>κάρτα</L1> ή ένα ηλεκτρονικό πορτοφόλι.	Easily get started with a debit/credit card or e-wallet.	κάρτα δελτίο			
Ξεκινήστε εύκολα με ενα χρεωστικό/πιστωτικό <N1>δελτίο</N1> ή ένα ηλεκτρονικό πορτοφόλι.	Easily get started with a debit/credit card or e-wallet.				
TRUE					
					
Εκδρομή με <L1>καΐκι</L1> στην Σαντορίνη	Boat excursion to Santorini	πλοιάριο ταχύπλοο ξύλινο σκάφος καΐκι			
Εκδρομή με <N1>πλοιάριο</N1> στην Σαντορίνη	Boat excursion to Santorini				
TRUE					
					
Υγρό για κάθε μέρα-όλη μέρα, με βάση καπνού που αναμειγνύεται με πικάντικη <L1>καραμέλα</L1> και βανίλια.	An exceptional all day vape liquid with tobacco base that got mixed with spicy caramel and vanilla.				
Υγρό για κάθε μέρα-όλη μέρα, με βάση καπνού που αναμειγνύεται με πικάντικη <N1></N1> και βανίλια.	An exceptional all day vape liquid with tobacco base that got mixed with spicy caramel and vanilla.				
FALSE					
					
Η παρουσία του βαρελιού υπογραμμίζεται με νύξεις δρυός, λευκό πιπέρι, <L1>βιολέτα</L1> και λεπτούς τόνους αποξηραμένων φρούτων.	The presence of the barrel is underlined with hints of oak, white pepper, violet and delicate tones of dried fruit.	βιολέτα βιόλα μενεξές			
Η παρουσία του βαρελιού υπογραμμίζεται με νύξεις δρυός, λευκό πιπέρι, <N1></N1> και λεπτούς τόνους αποξηραμένων φρούτων.	The presence of the barrel is underlined with hints of oak, white pepper, violet and delicate tones of dried fruit.				
FALSE					
					
Σύμβαση της Βόννης για τη διατήρηση των αποδημητικών ειδών που ανήκουν στην άγρια <L1>πανίδα</L1> (Βόννη 1979)	Bonn Convention on the Conservation of Migratory Species of Wild Fauna (Bonn 1979)	ζωικό βασίλειο 			
Σύμβαση της Βόννης για τη διατήρηση των αποδημητικών ειδών που ανήκουν στην άγρια <N1></N1> (Βόννη 1979)	Bonn Convention on the Conservation of Migratory Species of Wild Fauna (Bonn 1979)				
FALSE					
					
Η λέξη <L1>ολογραφία</L1> από μόνη της συνδυάζεται αμέσως στο μυαλό του θεατή με τεχνολογίες του μέλλοντος και εντυπωσιακές απεικονίσεις προσφέροντας άμεσα μια σύνδεση με πρωτοποριακά προϊόντα και υπηρεσίες.	The word holography (in Greek means capture the whole) creates in the people's mind a futuristic approach of impressive projections and a connection to innovative products and services.				
Η λέξη <N1></N1> από μόνη της συνδυάζεται αμέσως στο μυαλό του θεατή με τεχνολογίες του μέλλοντος και εντυπωσιακές απεικονίσεις προσφέροντας άμεσα μια σύνδεση με πρωτοποριακά προϊόντα και υπηρεσίες.	The word holography (in Greek means capture the whole) creates in the people's mind a futuristic approach of impressive projections and a connection to innovative products and services.				
FALSE					
					
Τελικά η ενέργεια πότε είναι σταθερή όταν ασταμάτητα αυτή μεταβάλλεται και μετατρέπεται και έτσι κάθε φορά αναφερόμαστε σε διαφορετική ποσότητα; Ποια ποσότητα είναι σταθερή, αφού δεν υπάρχει κανένα σύστημα τελείως απομονωμένο στο χώρο και στο χρόνο; Ποια είναι η βασική και γενικότερη αρχή, η οποία δεν επιτρέπει να χαθεί η ενέργεια στην ατέλειωτη μετατροπή και στο λαβύρινθο της μεταβολής της; Θα προσθέταμε, ακόμα: Και για να μη μετατραπεί όλη η ενέργεια σε μια μόνο μορφή και τελικά επέλθει μια αδιατάρακτη σταθερότητα (όπως λ.χ. ο λεγόμενος <L1>θερμικός</L1> θάνατος του Σύμπαντος ); Μπορείς να δώσεις μια εξήγηση για τη διατήρηση της ενέργειας παρά τις μετατροπές της;	18) Finally, when is the energy conserved since it changes ceaselessly and it is converted into other forms and so every time we mention a different quantity? What quantity is stable, since no system seems totally isolated in space and time? What is the basic and general principle, which does not allow energy to be lost in the endless convert and labyrinth of its change?				
Τελικά η ενέργεια πότε είναι σταθερή όταν ασταμάτητα αυτή μεταβάλλεται και μετατρέπεται και έτσι κάθε φορά αναφερόμαστε σε διαφορετική ποσότητα; Ποια ποσότητα είναι σταθερή, αφού δεν υπάρχει κανένα σύστημα τελείως απομονωμένο στο χώρο και στο χρόνο; Ποια είναι η βασική και γενικότερη αρχή, η οποία δεν επιτρέπει να χαθεί η ενέργεια στην ατέλειωτη μετατροπή και στο λαβύρινθο της μεταβολής της; Θα προσθέταμε, ακόμα: Και για να μη μετατραπεί όλη η ενέργεια σε μια μόνο μορφή και τελικά επέλθει μια αδιατάρακτη σταθερότητα (όπως λ.χ. ο λεγόμενος <N1></N1> θάνατος του Σύμπαντος ); Μπορείς να δώσεις μια εξήγηση για τη διατήρηση της ενέργειας παρά τις μετατροπές της;	18) Finally, when is the energy conserved since it changes ceaselessly and it is converted into other forms and so every time we mention a different quantity? What quantity is stable, since no system seems totally isolated in space and time? What is the basic and general principle, which does not allow energy to be lost in the endless convert and labyrinth of its change?				
FALSE					
					
Στερεώνεται απευθείας στον τοίχο από γυάλινη <L1>κουρτίνα</L1> χωρίς αλλαγή της δομής του κτιρίου.	It is directly fixed on the glass curtain wall without changing the building structure.	κουρτίνα παραπέτασμα			
Στερεώνεται απευθείας στον τοίχο από γυάλινο <N1>παραπέτασμα</N1> χωρίς αλλαγή της δομής του κτιρίου.	It is directly fixed on the glass curtain wall without changing the building structure.				
TRUE					
					
Να εξετάζετε κριτικά πώς το <L1>ρεπορτάζ</L1> ειδήσεων σε διάφορα μέρη του κόσμου διαμορφώνεται από τα διαφορετικά πολιτιστικά, πολιτικά και οικονομικά περιβάλλοντα	Critically examine how news reporting in various parts of the world is shaped by their different cultural, political and economic contexts and media environments	δελτίο ειδήσεων δημοσιογραφική κάλυψη  ειδησεογραφική αναφορά ρεπορτάζ 			
Να εξετάζετε κριτικά πώς το <N1>δελτίο</N1> ειδήσεων σε διάφορα μέρη του κόσμου διαμορφώνεται από τα διαφορετικά πολιτιστικά, πολιτικά και οικονομικά περιβάλλοντα	Critically examine how news reporting in various parts of the world is shaped by their different cultural, political and economic contexts and media environments				
TRUE					
					
Εάν <L1>παρόλα</L1> αυτά τσιμπήσει ο σφήκας, το πρώτο βήμα είναι να θεραπεύσετε αμέσως την πληγή.	If the hornet nevertheless stung, the first step is to immediately treat the wound.	παρά ταύτα  παρ' όλα αυτά παρόλα			
Εάν <N1>παρά ταύτα</N1> αυτά τσιμπήσει ο σφήκας, το πρώτο βήμα είναι να θεραπεύσετε αμέσως την πληγή.	If the hornet nevertheless stung, the first step is to immediately treat the wound.				
TRUE					
					
Το φάσμα των δραστηριοτήτων της Αίθουσας Τέχνης Νέες Μορφές υπήρξε ευρύ: Φιλοξένησε πολλές ατομικές εκθέσεις καθιερωμένων και νέων καλλιτεχνών, καθώς και ομαδικές εκθέσεις, στο χώρο της <L1>γκαλερί</L1> αλλά και σε άλλα εκθεσιακά κέντρα.	Nees Morfes activities spanned quite a wide range of art related events, including the organization of solo and group exhibitions of established and younger artists, both at the gallery's premises and other exhibition centres.	αίθουσα τέχνης γκαλερί εκθετήριο πινακοθήκη			
Το φάσμα των δραστηριοτήτων της Αίθουσας Τέχνης Νέες Μορφές υπήρξε ευρύ: Φιλοξένησε πολλές ατομικές εκθέσεις καθιερωμένων και νέων καλλιτεχνών, καθώς και ομαδικές εκθέσεις, στο χώρο της <N1>πινακοθήκης</N1> αλλά και σε άλλα εκθεσιακά κέντρα.	Nees Morfes activities spanned quite a wide range of art related events, including the organization of solo and group exhibitions of established and younger artists, both at the gallery's premises and other exhibition centres.				
TRUE					
					
Πολλές φορές ένας έμπειρος <L1>δοκιμαστής</L1> είναι σε θέση να υποψιαστεί την ύπαρξη της νοθείας και να ζητήσει περαιτέρω αναλύσεις.	On many occasions, an experienced taster is able to suspect signs of adulteration and ask for further analysis.				
Πολλές φορές ένας έμπειρος <N1></N1> είναι σε θέση να υποψιαστεί την ύπαρξη της νοθείας και να ζητήσει περαιτέρω αναλύσεις.	On many occasions, an experienced taster is able to suspect signs of adulteration and ask for further analysis.				
FALSE					
					
Εταζέρα με <L1>ντουλάπι</L1> και χώρους αποθήκευσης και οργάνωσης.	Etagere with cabinet and organisational spaces.	ερμάριο ντουλάπι			
Εταζέρα με <N1>ερμάριο</N1> και χώρους αποθήκευσης και οργάνωσης.	Etagere with cabinet and organisational spaces.				
TRUE					
					
Επιλέξαμε τα ενδεδειγμένα δέντρα προκειμένου να κατασκευαστούν δύο κατάρτια, δύο μάτσες, δύο πίκια, ένας <L1>αράπης</L1> και ένα μπαστούνι, δηλαδή σύνολο οκτώ δέντρα.	We selected suitable tree trunks in order to fabricate two masts, two booms, two gaffs, a jib boom, and a bowsprit, a total of eight trunks.	πρόβολος αράπης 			
Επιλέξαμε τα ενδεδειγμένα δέντρα προκειμένου να κατασκευαστούν δύο κατάρτια, δύο μάτσες, δύο πίκια, ένας <N1>πρόβολος</N1> και ένα μπαστούνι, δηλαδή σύνολο οκτώ δέντρα.	We selected suitable tree trunks in order to fabricate two masts, two booms, two gaffs, a jib boom, and a bowsprit, a total of eight trunks.				
FALSE					
					
Επιτραχήλιο σε <L1>μπορντό</L1> αλπακά ύφασμα με σχέδιο ανάμεσα στους σταυρούς και στο κάτω μέρος.	Epitrachelion in burgundy crepe satin fabric with a pattern between the crosses and the bottom.	ερυθρό βαθύ κόκκινο μπορντό			
Επιτραχήλιο σε <N1></N1> αλπακά ύφασμα με σχέδιο ανάμεσα στους σταυρούς και στο κάτω μέρος.	Epitrachelion in burgundy crepe satin fabric with a pattern between the crosses and the bottom.				
FALSE					
					
Προαιρετικά μπορείτε να βάλετε και μέλι, <L1>σιρόπι</L1> σφενδάμου, σιρόπι αγαύης κ.α έως 100γραμμάρια.	Optionally you can add honey, maple syrup, agave syrup etc. up to 100 grams.	μελάσα σιρόπι			
Προαιρετικά μπορείτε να βάλετε και μέλι, <N1></N1> σφενδάμου, σιρόπι αγαύης κ.α έως 100γραμμάρια.	Optionally you can add honey, maple syrup, agave syrup etc. up to 100 grams.				
FALSE					
					
Κανείς δεν θα ξεχάσει το <L1>σπριντ</L1> του Στόγιαν Βράνκοβιτς, ενός ανθρώπου 2.20, να περνά πάνω από τον πεσμένο Παναγιώτη Γιαννάκη και να κόβει τον Ισπανό στην τελική του προσπάθεια.	A 2.20m-tall guy named Stojan Vrankovic made an incredible sprint, jumping over Panaghiotis Giannakis, who was lying down on the court, to cutoff the Spaniard before finishing his scoring effort.	ταχύς αγώνας σπριντ			
Κανείς δεν θα ξεχάσει το <N1></N1> του Στόγιαν Βράνκοβιτς, ενός ανθρώπου 2.20, να περνά πάνω από τον πεσμένο Παναγιώτη Γιαννάκη και να κόβει τον Ισπανό στην τελική του προσπάθεια.	A 2.20m-tall guy named Stojan Vrankovic made an incredible sprint, jumping over Panaghiotis Giannakis, who was lying down on the court, to cutoff the Spaniard before finishing his scoring effort.				
FALSE					
					
Ο <L1>φρέσκος</L1> χυμός λεμονιού, καθώς και μια μικρή ποσότητα βιολογικού φυσικού ξυδιού συμπληρώνουν την γευσιγνωστική <L2>παλέτα</L2> των Ανάλατων ελιών Καλαμών.	Fresh lemon juice, as well as a small amount of organic natural vinegar, completes the tasting palette of the Unsalted Kalamata olives.	φρέσκος νωπός | παλέτα φάσμα ποκιλία γεύσεων			
Ο <N1>φρέσκος</N1> χυμός λεμονιού, καθώς και μια μικρή ποσότητα βιολογικού φυσικού ξυδιού συμπληρώνουν το γευσιγνωστικό <N2>φάσμα</N2> των Ανάλατων ελιών Καλαμών.	Fresh lemon juice, as well as a small amount of organic natural vinegar, completes the tasting palette of the Unsalted Kalamata olives.				
TRUE					
					
Υπήρχε σε δύο παραλλαγές: στον ναυτικό με το μαύρο <L1>μούσι</L1> και τον σκούρο επενδύτη και σε εκείνον με το άσπρο μούσι και την κίτρινη νιτσεράδα.	It came in two variants: the navy with the black beard and the dark cloak and the one with the white beard and the yellow beard.	γένια μούσι			
Υπήρχε σε δύο παραλλαγές: στον ναυτικό με τα μαύρα <N1>γένια</N1> και τον σκούρο επενδύτη και σε εκείνον με το άσπρο μούσι και την κίτρινη νιτσεράδα.	It came in two variants: the navy with the black beard and the dark cloak and the one with the white beard and the yellow beard.				
TRUE					
					
Πειστείτε και μόνοι σας, ακούστε ακόμη περισσότερες ιστορίες και δοκιμάστε το καλύτερο καφέ στο μέρος αυτό, καφέ για <L1>κέφι</L1> στο κέφι του Χασάν.	See for yourselves, hear many more stories and drink the best coffee in Hasankeyf.	ευθυμία ωηρότητα ζωντάνια κέφι			
Πειστείτε και μόνοι σας, ακούστε ακόμη περισσότερες ιστορίες και δοκιμάστε το καλύτερο καφέ στο μέρος αυτό, καφέ για <N1>ευθυμία</N1> στο κέφι του Χασάν.	See for yourselves, hear many more stories and drink the best coffee in Hasankeyf.				
TRUE					
					
Από πορτοκαλί <L1>ρουζ</L1> και κοραλλί <L2>κραγιόν</L2> μέχρι <L3>τιρκουάζ</L3> και κίτρινη σκιά.	From orange blush and coral lipstick to yellow and turquoise eyeshadows.	ερυθρό κοκκινάδι ρουζ | κραγιόν βαφή χειλιών | γαλαζοπράσινο τιρκουάζ			
Από πορτοκαλί <N1>ρουζ</N1> και κοραλλί <N2>βαφή χειλιών </N2> μέχρι <N3>γαλαζοπράσινο</N3> και κίτρινη σκιά.	From orange blush and coral lipstick to yellow and turquoise eyeshadows.				
TRUE					
					
Όταν επικεντρώνουμε το βλέμμα μας σε αντικείμενα κοντινής απόστασης, για μεγάλο χρονικό διάστημα, ενδέχεται να μας οδηγήσει σε οπτική κόπωση. Είτε εργάζεστε κάτω από το <L1>καπό</L1> του αυτοκινήτου σας, είτε κάνετε κάποια ξυλουργική εργασία, σίγουρα έχετε βιώσει αυτό το αίσθημα.	Fixing your vision on objects for a long period of time can result in tired eyes, whether you're working under the bonnet of your car or on wood work you have probably experienced eye fatigue.	κάλυμμα κινητήρα καπό			
Όταν επικεντρώνουμε το βλέμμα μας σε αντικείμενα κοντινής απόστασης, για μεγάλο χρονικό διάστημα, ενδέχεται να μας οδηγήσει σε οπτική κόπωση. Είτε εργάζεστε κάτω από το <N1>κάλλυμα</N1> του αυτοκινήτου σας, είτε κάνετε κάποια ξυλουργική εργασία, σίγουρα έχετε βιώσει αυτό το αίσθημα.	Fixing your vision on objects for a long period of time can result in tired eyes, whether you're working under the bonnet of your car or on wood work you have probably experienced eye fatigue.				
TRUE					
					
Το λιμάνι, ο κεντρικός σταθμός των λεωφορείων και η <L1>πιάτσα</L1> των ταξί βρίσκονται 500μ. μακριά, προσφέροντας εύκολη πρόσβαση στους αρχαιολογικούς χώρους της Ρόδου, όπως είναι η μεσαιωνική παλιά πόλη και το λιμάνι του Μανδρακίου.	The port, main bus and taxi stations are 500 metres away, allowing easy access to the archaeological sites of Rhodes, such as the medieval Old Town or the Mandraki harbour.	αγορά παζάρι στάση πιάτσα			
Το λιμάνι, ο κεντρικός σταθμός των λεωφορείων και η <N1>στάση</N1> των ταξί βρίσκονται 500μ. μακριά, προσφέροντας εύκολη πρόσβαση στους αρχαιολογικούς χώρους της Ρόδου, όπως είναι η μεσαιωνική παλιά πόλη και το λιμάνι του Μανδρακίου.	The port, main bus and taxi stations are 500 metres away, allowing easy access to the archaeological sites of Rhodes, such as the medieval Old Town or the Mandraki harbour.				
TRUE					
					
Μια μικρή συμβουλή: ένα τραπέζι γάμου όταν η ώρα περάσει, μπορεί εύκολα να μετατραπεί σε πάρτυ με ποτά και <L1>κοκτέιλ</L1> στην πάνω βεράντα του εστιατορίου!	A little tip: a wedding dinner can easily be transformed into a party with drinks and cocktails!	ποτά ανάμειξης κοκτέιλ			
Μια μικρή συμβουλή: ένα τραπέζι γάμου όταν η ώρα περάσει, μπορεί εύκολα να μετατραπεί σε πάρτυ με ποτά και <N1></N1> στην πάνω βεράντα του εστιατορίου!	A little tip: a wedding dinner can easily be transformed into a party with drinks and cocktails!				
FALSE					
					
Η <L1>κουλτούρα</L1> της εταιρείας μας που έχει στο επίκεντρο την κοινωνική ένταξη, το επιχειρηματικό πνεύμα και την ομαδικότητα δίνει καθημερινά κίνητρο στους 34.000 εργαζομένους μας.	Our culture of inclusivity, entrepreneurship and teamwork empowers our 34,000 employees.	πολιτισμός κουλτούρα			
Ο<N1>πολιτισμός</N1> της εταιρείας μας που έχει στο επίκεντρο την κοινωνική ένταξη, το επιχειρηματικό πνεύμα και την ομαδικότητα δίνει καθημερινά κίνητρο στους 34.000 εργαζομένους μας.	Our culture of inclusivity, entrepreneurship and teamwork empowers our 34,000 employees.				
TRUE					
					
Το διώροφο κτίριο στο κέντρο της Αθήνας όπου βρέθηκε ο κατάλληλος χώρος για να στεγαστεί το <L1>ατελιέ</L1> της, αποτελεί μια εναλλακτική πρόταση χώρου υποδοχής της μέλλουσας νύφης.	The two storey building where she found the perfect shelter makes up an alternative hosting proposal for the bride-to-be.	(καλλιτεχνικό) εργαστήριο ατελιέ			
Το διώροφο κτίριο στο κέντρο της Αθήνας όπου βρέθηκε ο κατάλληλος χώρος για να στεγαστεί το <N1>καλλιτεχνικό εργαστήριό</N1> της, αποτελεί μια εναλλακτική πρόταση χώρου υποδοχής της μέλλουσας νύφης.	The two storey building where she found the perfect shelter makes up an alternative hosting proposal for the bride-to-be.				
TRUE					
					
Εκτός από το να παρέχετε στον σκαντζόχοιρο σας αρκετό χώρο, βεβαιωθείτε ότι έχει πρόσβαση σε ένα <L1>μαξιλάρι</L1> θέρμανσης το χειμώνα και ένα μαξιλάρι ψύξης το καλοκαίρι.	In addition to providing your hedgehog with enough space, make sure he has access to a heating pad in the winter and a cooling pad in the summer.	μαξιλάρι προσκέφαλο			
Εκτός από το να παρέχετε στον σκαντζόχοιρο σας αρκετό χώρο, βεβαιωθείτε ότι έχει πρόσβαση σε ένα <N1></N1> θέρμανσης το χειμώνα και ένα μαξιλάρι ψύξης το καλοκαίρι.	In addition to providing your hedgehog with enough space, make sure he has access to a heating pad in the winter and a cooling pad in the summer.				
FALSE					
					
Το ερωτικό αυτό γαϊτανάκι, περιβάλλεται από τον σοφό-τρελό Φέστε, τον μονίμως μεθυσμένο <L1>σερ</L1> Τόμπυ, τον αφελή σερ Άντριου, τη δολοπλόκα υπηρέτρια Μαρία, τον ανυπόφορο αρχιθαλαμηπόλο Μαλβόλιο και τον δίδυμο αδελφό της Βιόλα, Σεμπάστιαν, που στο μεταξύ εμφανίζεται για να περιπλέξει ακόμη περισσότερο την κατάσταση.	This amorous merry-go-round, is surrounded by the wise-madman Feste, the permanently drunk servant Tobby, the nave Sir Andrew, the scheming maid Maria, the intolerable butler Malvolio and the twin brother Sebastian, who turns up in the meantime to further complicate things.				
Το ερωτικό αυτό γαϊτανάκι, περιβάλλεται από τον σοφό-τρελό Φέστε, τον μονίμως μεθυσμένο <N1></N1> Τόμπυ, τον αφελή σερ Άντριου, τη δολοπλόκα υπηρέτρια Μαρία, τον ανυπόφορο αρχιθαλαμηπόλο Μαλβόλιο και τον δίδυμο αδελφό της Βιόλα, Σεμπάστιαν, που στο μεταξύ εμφανίζεται για να περιπλέξει ακόμη περισσότερο την κατάσταση.	This amorous merry-go-round, is surrounded by the wise-madman Feste, the permanently drunk servant Tobby, the nave Sir Andrew, the scheming maid Maria, the intolerable butler Malvolio and the twin brother Sebastian, who turns up in the meantime to further complicate things.				
FALSE					
					
Ο <L1>βιότοπος</L1> των εντόμων, χάρη μόνο στις δυνάμεις μιας ιδρυτικής βασίλισσας, μπορεί μερικές φορές να φτάσει το μέγεθος της μισής μπάλας ποδοσφαίρου.	The home of insects, thanks only to the forces of one founding queen, can sometimes reach the size of half a soccer ball.				
Ο <N1></N1> των εντόμων, χάρη μόνο στις δυνάμεις μιας ιδρυτικής βασίλισσας, μπορεί μερικές φορές να φτάσει το μέγεθος της μισής μπάλας ποδοσφαίρου.	The home of insects, thanks only to the forces of one founding queen, can sometimes reach the size of half a soccer ball.				
FALSE					
					
Οι περιπατητές θα έχουν την χαρά να περπατήσουν τα καλντερίμια και τα κρυφά μονοπάτια του Μουρεσίου που μέσα από μηλιές, καστανιές κι ένα πυκνό δάσος οδηγούν σε μια βαθειά κοιλάδα όπου την Άνοιξη δυό ορμητικοί χείμαρροι σχηματίζουν καταρράκτες οι οποίοι δημιουργούν πανέμορφες λιμνούλες ανάμεσα σε τεράστιους βράχους που είναι στολισμένοι με ένα <L1>χαλί</L1> από μούσκλια.	On this early morning hike we leave foot and hoof prints embedded in cobbled mule-tracks or footpaths through apple orchards and chestnut forests to descend into a deep densely forested valley where, in springtime, two tumbling rivers form cascading waterfalls which fill impressive rock pools set in peaceful glens with enormous boulders carpeted in green moss.	κάλυμμα πατώματος χαλί			
Οι περιπατητές θα έχουν την χαρά να περπατήσουν τα καλντερίμια και τα κρυφά μονοπάτια του Μουρεσίου που μέσα από μηλιές, καστανιές κι ένα πυκνό δάσος οδηγούν σε μια βαθειά κοιλάδα όπου την Άνοιξη δυό ορμητικοί χείμαρροι σχηματίζουν καταρράκτες οι οποίοι δημιουργούν πανέμορφες λιμνούλες ανάμεσα σε τεράστιους βράχους που είναι στολισμένοι με ένα <N1>κάλλυμα πατώματος</N1> από μούσκλια.	On this early morning hike we leave foot and hoof prints embedded in cobbled mule-tracks or footpaths through apple orchards and chestnut forests to descend into a deep densely forested valley where, in springtime, two tumbling rivers form cascading waterfalls which fill impressive rock pools set in peaceful glens with enormous boulders carpeted in green moss.				
TRUE					
					
Ο αείμνηστος Πάνος Γεραμάνης έλεγε πως εδώ είχε πιει το καλύτερο <L1>ούζο</L1> στην Ελλάδα.	The late Panos Geramanis said that he had drunk the best ouzo in Greece.				
Ο αείμνηστος Πάνος Γεραμάνης έλεγε πως εδώ είχε πιει το καλύτερο <N1></N1> στην Ελλάδα.	The late Panos Geramanis said that he had drunk the best ouzo in Greece.				
FALSE					
					
Όταν συναντήσεις κάποιον εχθρό, πήδα έξω από το <L1>παπούτσι</L1> και ποδοπάτησέ τον για να κερδίσεις περισσότερα νομίσματα!	When you come across an enemy, jump out of the shoe and stomp them to earn more coins!	παπούτσι υπόδημα			
Όταν συναντήσεις κάποιον εχθρό, πήδα έξω από το <N1>υπόδημα</N1> και ποδοπάτησέ τον για να κερδίσεις περισσότερα νομίσματα!	When you come across an enemy, jump out of the shoe and stomp them to earn more coins!				
TRUE					
					
Τα <L1>μασίφ</L1> δάπεδα παρέχουν πολύ καλή ηχομόνωση, θερμομόνωση, σταθερότητα στην εναλλαγή των καιρικών συνθηκών, μεγάλη διάρκεια ζωής, καθώς επίσης και την δυνατότητα επένδυσης σκάλας για απόλυτη ομοιομορφία.	Massif floors provide very good acoustic insulation, thermal insulation, stability in the exchange of weather conditions, long lifespan, as well as the ability to 'dress' staircases for absolute uniformity.	συμπαγής  ολοστρόγγυλος μασίφ 			
Τα <N1>συμπαγής</N1> δάπεδα παρέχουν πολύ καλή ηχομόνωση, θερμομόνωση, σταθερότητα στην εναλλαγή των καιρικών συνθηκών, μεγάλη διάρκεια ζωής, καθώς επίσης και την δυνατότητα επένδυσης σκάλας για απόλυτη ομοιομορφία.	Massif floors provide very good acoustic insulation, thermal insulation, stability in the exchange of weather conditions, long lifespan, as well as the ability to 'dress' staircases for absolute uniformity.				
TRUE					
					
Με λίγα υλικά όπως φρέσκες φράουλες, φυτική κρέμα, <L1>κουβερτούρα</L1> και μπισκότα, το αποτέλεσμα θα είναι εντυπωσιακό και πεντανόστιμο.	The texture will be a bit different, and you'd want to take into account the sweetness of the fruit.	σοκολάτα ζαχαροπλαστικής κουβερτούρα			
Με λίγα υλικά όπως φρέσκες φράουλες, φυτική κρέμα, <N1>σοκολάτα ζαχαροπλαστικής</N1> και μπισκότα, το αποτέλεσμα θα είναι εντυπωσιακό και πεντανόστιμο.	The texture will be a bit different, and you'd want to take into account the sweetness of the fruit.				
TRUE					
					
Παιδική βιβλιοθήκη με χώρο για βιβλία και κουτιά αποθήκευσης και ντουλάπι σε μοναδικό σχήμα κορώνα, στη <L1>λάκα</L1> της αρεσκείας σας!	Kids bookcase with storage space for books and storage boxes and crown-shaped cabinet, in the colour of your choice!	βαφή χρώμα λάκα 			
Παιδική βιβλιοθήκη με χώρο για βιβλία και κουτιά αποθήκευσης και ντουλάπι σε μοναδικό σχήμα κορώνα, στη <N1>βαφή</N1> της αρεσκείας σας!	Kids bookcase with storage space for books and storage boxes and crown-shaped cabinet, in the colour of your choice!				
TRUE					
					
Θέλουμε και μπορούμε να παρέχουμε, πάντα, ένα άριστο αποτέλεσμα στο <L1>ρεκτιφιέ</L1> μηχανών.	We want and can always provide an excellent result in machine rectification.	ανακατασκευή επισκευή ρεκτιβιέ			
Θέλουμε και μπορούμε να παρέχουμε, πάντα, ένα άριστο αποτέλεσμα στη <N1>επισκευή</N1> μηχανών.	We want and can always provide an excellent result in machine rectification.				
TRUE					
					
Οι απαγωγείς θα αφαιρέσουν τηλέφωνα ή άλλες συσκευές (το εμφυτεύσιμο <L1>τσιπ</L1> εντοπισμού είναι, μέχρι στιγμής, κάτι που υπάρχει σε κατασκοπικές ταινίες μόνο).	Savvy kidnappers will dispose of phones or other devices (implantable tracking chips are, so far, the stuff of spy movies only).	μικροκύκλωμα τσιπ			
Οι απαγωγείς θα αφαιρέσουν τηλέφωνα ή άλλες συσκευές (το εμφυτεύσιμο <N1>μικροκύκλωμα</N1> εντοπισμού είναι, μέχρι στιγμής, κάτι που υπάρχει σε κατασκοπικές ταινίες μόνο).	Savvy kidnappers will dispose of phones or other devices (implantable tracking chips are, so far, the stuff of spy movies only).				
TRUE					
					
Φέτος, το <L1>φεστιβάλ</L1> θα διαρκέσει 5 μέρες και θα είναι χωρισμένο σε 2 μέρη.	This year the festival will last for 5 days and will be divided into 2 parts.	γιορτή φεστιβάλ πανηγύρι			
Φέτος, το <N1>πανηγύρι</N1> θα διαρκέσει 5 μέρες και θα είναι χωρισμένο σε 2 μέρη.	This year the festival will last for 5 days and will be divided into 2 parts.				
TRUE					
					
Ως αποτέλεσμα, ένας <L1>ψυχίατρος</L1> στο νοσοκομείο διαπίστωσε κατάθλιψη και μανιακό σύνδρομο σε πρώιμο στάδιο με την ίδια τη σύζυγό του.Φυσικά, το αποκάλεσε πιο έξυπνα λόγια, αλλά το θέμα είναι ότι το πρόβλημα δεν ήταν στο παιδί, αλλά στην ίδια τη σύζυγο.	As a result, a psychiatrist in the hospital found depression and manic syndrome at an early stage with his wife herself. Of course, he called it smarter words, but the point is that the problem was not with the child, but with the wife herself.				
Ως αποτέλεσμα, ένας <N1></N1> στο νοσοκομείο διαπίστωσε κατάθλιψη και μανιακό σύνδρομο σε πρώιμο στάδιο με την ίδια τη σύζυγό του.Φυσικά, το αποκάλεσε πιο έξυπνα λόγια, αλλά το θέμα είναι ότι το πρόβλημα δεν ήταν στο παιδί, αλλά στην ίδια τη σύζυγο.	As a result, a psychiatrist in the hospital found depression and manic syndrome at an early stage with his wife herself. Of course, he called it smarter words, but the point is that the problem was not with the child, but with the wife herself.				
FALSE					
					
Πώς να δημιουργήσετε ένα βίντεο αργής κίνησης στην <L1>πρεμιέρα</L1>	How to Make Part of a Video in Slow Motion				
Πώς να δημιουργήσετε ένα βίντεο αργής κίνησης στην <N1></N1>	How to Make Part of a Video in Slow Motion				
FALSE					
					
Η <L1>γλυκόζη</L1> αποτελεί την κύρια πηγή ενέργειας των κυττάρων και προέρχεται από την πέψη των υδατανθράκων.	Glucose comprises the main energy source of human cells and is derived from carbohydrates catabolism.				
Η <N1></N1> αποτελεί την κύρια πηγή ενέργειας των κυττάρων και προέρχεται από την πέψη των υδατανθράκων.	Glucose comprises the main energy source of human cells and is derived from carbohydrates catabolism.				
FALSE					
					
Η γυάλινη <L1>πυραμίδα</L1> του Λούβρου κατά τον Μπράουν είναι ένα παράδοξο κατασκεύασμα από 666 υαλοπίνακες [ο αριθμός του σατανά κατά τους συνωμοσιολόγους] που παράγγειλε ο Φρανσουά Μιτεράν, ο οποίος, κατά το συγγραφέα, εκινείτο σε μυστικιστικούς κύκλους.	According to Dan Brown, the glass pyramid of the Louvre Museum is an unusual building, consisting of 666 glass panes (the number of the beast, according to conspiracy theorists), that was commissioned by Francois Mitterand who –according to the author– moved in occult circles.				
Η γυάλινη <N1></N1> του Λούβρου κατά τον Μπράουν είναι ένα παράδοξο κατασκεύασμα από 666 υαλοπίνακες [ο αριθμός του σατανά κατά τους συνωμοσιολόγους] που παράγγειλε ο Φρανσουά Μιτεράν, ο οποίος, κατά το συγγραφέα, εκινείτο σε μυστικιστικούς κύκλους.	According to Dan Brown, the glass pyramid of the Louvre Museum is an unusual building, consisting of 666 glass panes (the number of the beast, according to conspiracy theorists), that was commissioned by Francois Mitterand who –according to the author– moved in occult circles.				
FALSE					
					
Η μοναδική στο είδος της εκπαιδευτική ενέργεια φιλοξενεί υπό την <L1>ομπρέλα</L1> της πανεπιστήμια, ινστιτούτα, μουσεία, πολιτιστικά και εκπαιδευτικά ιδρύματα, αλλά και γνωστές μη κυβερνητικές οργανώσεις με απίθανες βιωματικές και καινοτόμες δράσεις.	A unique in its genre educational initiative has been hosting under its umbrella universities, institutes, museums, cultural and educational foundations, non-profit bodies, NGOs, bringing forward experiential and innovative activities for children and families.	ομπρέλα προστασία αιγίδα εποπτεία			
Η μοναδική στο είδος της εκπαιδευτική ενέργεια φιλοξενεί υπό την <N1>αιγίδα</N1> της πανεπιστήμια, ινστιτούτα, μουσεία, πολιτιστικά και εκπαιδευτικά ιδρύματα, αλλά και γνωστές μη κυβερνητικές οργανώσεις με απίθανες βιωματικές και καινοτόμες δράσεις.	A unique in its genre educational initiative has been hosting under its umbrella universities, institutes, museums, cultural and educational foundations, non-profit bodies, NGOs, bringing forward experiential and innovative activities for children and families.				
TRUE					
					
Για να τις χρησιμοποιήσετε: Για στενά τουφάκια, περάστε την λαβίδα ανάμεσα σε μερικές βλεφαρίδες (περίπου μισό χιλιοστό) και σηκώστε τις από την <L1>τρέσα</L1> λίγο πιο πάνω από αυτήν.	To use – For narrow fans simply slide your tweezers into a small portion (about half a millimeter) of lashes and pick them up off the strip just above the tape strip.	λωρίδα σειρά τρέσα			
Για να τις χρησιμοποιήσετε: Για στενά τουφάκια, περάστε την λαβίδα ανάμεσα σε μερικές βλεφαρίδες (περίπου μισό χιλιοστό) και σηκώστε τις από την <N1>σειρά</N1> λίγο πιο πάνω από αυτήν.	To use – For narrow fans simply slide your tweezers into a small portion (about half a millimeter) of lashes and pick them up off the strip just above the tape strip.				
TRUE					
					
Είναι επίσης ένας όμορφος τρόπος να προσθέσετε μία παιχνιδιάρικη <L1>νότα</L1> και το προσωπικό σας στιλ στον χώρο.	It's also a great way of adding a bit of fun and personality.	αίσθηση ατμόσφαιρα αύρα νότα			
Είναι επίσης ένας όμορφος τρόπος να προσθέσετε μία παιχνιδιάρικη <N1>αίσθηση</N1> και το προσωπικό σας στιλ στον χώρο.	It's also a great way of adding a bit of fun and personality.				
TRUE					
					
Προσφέρουμε βασικές δυνατότητες ασφαλείας, ανάμεσα στις οποίες και διακόπτες διάταξης προστασίας από πρόσκρουση κτενοειδούς πλάκας και <L1>μπουτόν</L1> έκτακτης ανάγκης για επιβάτες.	We provide standard commercial escalator safety features including comb plate impact device switches and emergency stop buttons for passengers.	κουμπί  πλήκτρο μπουτόν 			
Προσφέρουμε βασικές δυνατότητες ασφαλείας, ανάμεσα στις οποίες και διακόπτες διάταξης προστασίας από πρόσκρουση κτενοειδούς πλάκας και <N1>κουμπί</N1> έκτακτης ανάγκης για επιβάτες.	We provide standard commercial escalator safety features including comb plate impact device switches and emergency stop buttons for passengers.				
TRUE					
					
Και τα οκτώ από αυτά τα μαγκάλια βρίσκονται στην εξωτερική <L1>περίμετρο</L1> του νησιού, οπότε η γνώση και η χρήση της καθοδήγησης των φαντασμάτων κάνει την εύρεση των μαγκάλων αρκετά απλή.	All eight of these braziers are on the outer perimeter of the island, so knowing that and using the ghosts' guidance makes finding the braziers rather simple.				
Και τα οκτώ από αυτά τα μαγκάλια βρίσκονται στην εξωτερική <N1></N1> του νησιού, οπότε η γνώση και η χρήση της καθοδήγησης των φαντασμάτων κάνει την εύρεση των μαγκάλων αρκετά απλή.	All eight of these braziers are on the outer perimeter of the island, so knowing that and using the ghosts' guidance makes finding the braziers rather simple.				
FALSE					
					
Εφαρμόζεται σε μία στρώση με ρολό ή <L1>πινέλο</L1> χωρίς αραίωση και χωρίς αστάρι.	Apply by roller or brush one coat without dilution and without primer.	εργαλείο βαφής χρωστήρας πινέλο			
Εφαρμόζεται σε μία στρώση με ρολό ή <N1>χρωστήρας</N1> χωρίς αραίωση και χωρίς αστάρι.	Apply by roller or brush one coat without dilution and without primer.				
TRUE					
					
Αν προσθέσουμε στο αφέψημα ξυλαράκια κανέλλας και μέλι έχουμε ένα άριστο μαλακτικό και <L1>αντισηπτικό</L1> για τον βήχα.	If we add cinnamon sticks and honey to the decoction, we have an excellent emollient and antiseptic for coughs.				
Αν προσθέσουμε στο αφέψημα ξυλαράκια κανέλλας και μέλι έχουμε ένα άριστο μαλακτικό και <N1></N1> για τον βήχα.	If we add cinnamon sticks and honey to the decoction, we have an excellent emollient and antiseptic for coughs.				
FALSE					
					
Ανακατεύουμε και αφήνουμε τη <L1>σος</L1> να πάρει μια βράση.	Season the sauce with pepper and salt.	επάλειμμα αλειφή			
Ανακατεύουμε και αφήνουμε τη <N1></N1> να πάρει μια βράση.	Season the sauce with pepper and salt.				
FALSE					
					
Μπορεί να χρησιμοποιηθεί σε πολλά πιάτα, όπως σε σαλάτες, ως <L1>μεζές</L1> σερβιρισμένος με κρασί, σε κυρίως πιάτο ή ως συνοδευτικό ή ακόμα και σε επιδόρπια.	It can be used in many dishes: in a salad, as a meze served with wine, in a main dish or as a side dish, or even in desserts.	λιχουδιά ορεκτικό μεζές			
Μπορεί να χρησιμοποιηθεί σε πολλά πιάτα, όπως σε σαλάτες, ως <N1>λιχουδιά</N1> σερβιρισμένος με κρασί, σε κυρίως πιάτο ή ως συνοδευτικό ή ακόμα και σε επιδόρπια.	It can be used in many dishes: in a salad, as a meze served with wine, in a main dish or as a side dish, or even in desserts.				
TRUE					
					
Γευτείτε εξαιρετικά τυριά και αλλαντικά, όπως το <L1>σαλάμι</L1> της Λευκάδας, το λαδοτύρι Ζακύνθου και το νούμπουλο Κέρκυρας.	Taste cheeses and charcuterie such as salami made in Lefkada Island, ladotyri (a flavourful cheese which matures in olive oil) made in Zante Island and nouboulo (smoke-cured pork meat) made in Corfu Island.				
Γευτείτε εξαιρετικά τυριά και αλλαντικά, όπως το <N1></N1> της Λευκάδας, το λαδοτύρι Ζακύνθου και το νούμπουλο Κέρκυρας.	Taste cheeses and charcuterie such as salami made in Lefkada Island, ladotyri (a flavourful cheese which matures in olive oil) made in Zante Island and nouboulo (smoke-cured pork meat) made in Corfu Island.				
FALSE					
					
Χρειάζεται να μπουν ντουλάπες, φρεσκάρισμα στο βάψιμο του σπιτιού, διόρθωση στα ντουλάπια της κουζίνας και <L1>καλοριφέρ</L1> για όποιον το επιθυμεί.	Closets need to be put in, freshening of the house's paint, correction of the kitchen cabinets and a radiator for anyone who wants it.	θερμαντικό σώμα καλοριφέρ 			
Χρειάζεται να μπουν ντουλάπες, φρεσκάρισμα στο βάψιμο του σπιτιού, διόρθωση στα ντουλάπια της κουζίνας και <N1>θερμαντικό σώμα</N1> για όποιον το επιθυμεί.	Closets need to be put in, freshening of the house's paint, correction of the kitchen cabinets and a radiator for anyone who wants it.				
TRUE					
					
Ποικιλία Βοστυλίδι, η νέα λευκή <L1>ντίβα</L1> του Ιονίου με τον μαλακό, γλυκόπιοτο και πληθωρικό χαρακτήρα.	Variety Bostilidi, the new white diva of the Ionian with the soft, sweet and exuberant character.	πρωταγωνίστρια ντίβα			
Ποικιλία Βοστυλίδι, η νέα λευκή <N1>πρωταγωνίστρια</N1> του Ιονίου με τον μαλακό, γλυκόπιοτο και πληθωρικό χαρακτήρα.	Variety Bostilidi, the new white diva of the Ionian with the soft, sweet and exuberant character.				
TRUE					
					
Η κεκλιμένη <L1>βούρτσα</L1> εξυπηρετεί ζώα διαφόρων μεγεθών.	The inclined brush helps with animals of various sizes.	χτένα βούρτσα			
Η κεκλιμένη <N1>χτένα</N1> εξυπηρετεί ζώα διαφόρων μεγεθών.	The inclined brush helps with animals of various sizes.				
TRUE					
					
Ο Σελτζούκος <L1>σουλτάνος</L1> Αλπ-Αρσλάν όταν πληροφορήθηκε τα καθέκαστα, και γνωρίζοντας το ποιόν του Χρυσόσκλουλου, έστειλε στην Κωνσταντινούπολη τον εμίρη Αφσίν (ελλ. Αυσινάλιος ή Αψινάλιος) ο οποίος απαίτησε την παράδοση του προδότη.	The Seljuk sultan Alp-Arslan, when he was informed of this, sent to Constantinople the emir Afsin (Greek: Avsinalios) who demanded the surrender of the traitor.				
Ο Σελτζούκος <N1></N1> Αλπ-Αρσλάν όταν πληροφορήθηκε τα καθέκαστα, και γνωρίζοντας το ποιόν του Χρυσόσκλουλου, έστειλε στην Κωνσταντινούπολη τον εμίρη Αφσίν (ελλ. Αυσινάλιος ή Αψινάλιος) ο οποίος απαίτησε την παράδοση του προδότη.	The Seljuk sultan Alp-Arslan, when he was informed of this, sent to Constantinople the emir Afsin (Greek: Avsinalios) who demanded the surrender of the traitor.				
FALSE					
					
Απλώστε ομοιόμορφα σε καθαρά, στεγνωμένα με <L1>πετσέτα</L1> μαλλιά και στη συνέχεια χτενίστε όπως θέλετε.	Apply a generous amount of Moroccanoil® Curl Control Mousse 150 ml to clean, towel-dried hair.	πανί πετσέτα 			
Απλώστε ομοιόμορφα σε καθαρά, στεγνωμένα με <N1>πανί</N1> μαλλιά και στη συνέχεια χτενίστε όπως θέλετε.	Apply a generous amount of Moroccanoil® Curl Control Mousse 150 ml to clean, towel-dried hair.				
TRUE					
					
Αν υπάρχει ένα πράγμα που οι επαγγελματίες υγείας συμφωνούν, είναι ότι τα <L1>τρανς</L1> λιπαρά είναι βλαβερά για την υγεία σας.	If there's one thing health professionals agree on, it's that trans fats are harmful to your health.				
Αν υπάρχει ένα πράγμα που οι επαγγελματίες υγείας συμφωνούν, είναι ότι τα <N1></N1> λιπαρά είναι βλαβερά για την υγεία σας.	If there's one thing health professionals agree on, it's that trans fats are harmful to your health.				
FALSE					
					
Τα στρώματα με ελατήρια είναι μαλακά και αφράτα, ενώ τα στρώματα από <L1>λατέξ</L1> είναι διαθέσιμα σε διάφορα επίπεδα σταθερότητας και απαλότητας. Τα παιδιά χρειάζονται υποστηρικτικά και σταθερά στρώματα που κρατούν τη σπονδυλική τους στήλη ευθυγραμμισμένη, και μειώνουν την κύλιση και την ταλαιπωρία ενθαρρύνοντας έτσι τον υγιή ύπνο.	Innerspring Mattresses: Innerspring mattresses are the most popular type of mattress, and feature coils that provide support and comfort. These mattresses are typically very affordable and offer a variety of firmness levels. What To Consider When Purchasing A Mattress				
Τα στρώματα με ελατήρια είναι μαλακά και αφράτα, ενώ τα στρώματα από <N1></N1> είναι διαθέσιμα σε διάφορα επίπεδα σταθερότητας και απαλότητας. Τα παιδιά χρειάζονται υποστηρικτικά και σταθερά στρώματα που κρατούν τη σπονδυλική τους στήλη ευθυγραμμισμένη, και μειώνουν την κύλιση και την ταλαιπωρία ενθαρρύνοντας έτσι τον υγιή ύπνο.	Innerspring Mattresses: Innerspring mattresses are the most popular type of mattress, and feature coils that provide support and comfort. These mattresses are typically very affordable and offer a variety of firmness levels. What To Consider When Purchasing A Mattress				
FALSE					
					
Η <L1>αλλεργία</L1> μπορεί να εμφανιστεί σε οποιαδήποτε ηλικία.	A person can develop an allergy at any age.				
Η <N1></N1> μπορεί να εμφανιστεί σε οποιαδήποτε ηλικία.	A person can develop an allergy at any age.				
FALSE					
					
Πολύ όμορφα χειροποίητα στέφανα γάμου που αποτελούνται από μία <L1>βέργα</L1> από σφυρήλατο μέταλλο σε ασημί χρώμα.	Gorgeous handmade wedding stefana crowns. A sliver band with clear crystals wrapped with a second delicate textured gold band.	ράβδος βέργα			
Πολύ όμορφα χειροποίητα στέφανα γάμου που αποτελούνται από μία <N1>ράβδο</N1> από σφυρήλατο μέταλλο σε ασημί χρώμα.	Gorgeous handmade wedding stefana crowns. A sliver band with clear crystals wrapped with a second delicate textured gold band.				
TRUE					
					
Με τα δάχτυλα μας πιέζουμε τις άκρες του φύλλου για να σχηματίσουμε τη <L1>μπορντούρα</L1> του φύλλου.	Slightly fold the dough to the outside of the pan and trim the excess pieces.	περίγραμμα  πλαίσιο περίμετρος μπορντούρα			
Με τα δάχτυλα μας πιέζουμε τις άκρες του φύλλου για να σχηματίσουμε το <N1>περίγραμμα</N1> του φύλλου.	Slightly fold the dough to the outside of the pan and trim the excess pieces.				
TRUE					
					
Στο πεδίο με τα σχόλια να αναφέρετε ότι πρόκειται για αλλαγή καθώς και το <L1>νούμερο</L1> από την απόδειξη Λιανικής που είχατε λάβει κατά την αποστολή της παραγγελίας σας.	In the comments field, please mention that this is a replacement together with the number of the retail receipt, which you had received for your original order	αριθμός νούμερο			
Στο πεδίο με τα σχόλια να αναφέρετε ότι πρόκειται για αλλαγή καθώς και τον <N1>αριθμό</N1> από την απόδειξη Λιανικής που είχατε λάβει κατά την αποστολή της παραγγελίας σας.	In the comments field, please mention that this is a replacement together with the number of the retail receipt, which you had received for your original order				
TRUE					
					
Σετ πετσέτες 3 τεμαχίων, μπάνιου, προσώπου και χειρός, από ύφασμα φροτέ, πενιέ, 100% βαμβακερό, με διακοσμητική <L1>δαντέλα</L1> με κρόσσι.	Set of 3 pcs towels, bath, face and hand towel, made of terry fabric,pennie, 100% cotton,solid,with lace.	δαντέλα δαντελωτό κέντημα			
Σετ πετσέτες 3 τεμαχίων, μπάνιου, προσώπου και χειρός, από ύφασμα φροτέ, πενιέ, 100% βαμβακερό, με διακοσμητικό <N1>κέντημα</N1> με κρόσσι.	Set of 3 pcs towels, bath, face and hand towel, made of terry fabric,pennie, 100% cotton,solid,with lace.				
TRUE					
					
Τα μυρμήγκια του ασιατικού και του αφρικανικού στρατού ζουν πολύ λιγότερο, αλλά είναι γνωστά για τα άλλα <L1>ρεκόρ</L1> τους.	Asian and African army ants live much less, but they are known for their other records.	κατόρθωμα επίτευγμα ρεκόρ			
Τα μυρμήγκια του ασιατικού και του αφρικανικού στρατού ζουν πολύ λιγότερο, αλλά είναι γνωστά για τα άλλα <N1>επιτεύγματά</N1> τους.	Asian and African army ants live much less, but they are known for their other records.				
TRUE					
					
Απαιτούνται προϊόντα τα οποία θα επιμηκύνουν τη ζωή της επίστρωσης, θα μειώσουν τις δαπάνες συντήρησης και το πάχος των ασφαλτοταπήτων, θα περιορίσουν την κόπωση και την αντανακλαστική <L1>ρηγμάτωση</L1> και τέλος θα μειώσουν τις επιφανειακές αυλακώσεις.	Products are required which will prolong the life of the coating, will reduce maintenance costs and asphalt thickness, will reduce fatigue and reflective cracking and finally reduce the surface rutting.				
Απαιτούνται προϊόντα τα οποία θα επιμηκύνουν τη ζωή της επίστρωσης, θα μειώσουν τις δαπάνες συντήρησης και το πάχος των ασφαλτοταπήτων, θα περιορίσουν την κόπωση και την αντανακλαστική <N1></N1> και τέλος θα μειώσουν τις επιφανειακές αυλακώσεις.	Products are required which will prolong the life of the coating, will reduce maintenance costs and asphalt thickness, will reduce fatigue and reflective cracking and finally reduce the surface rutting.				
FALSE					
					
Με τον τρόπο αυτό, το <L1>κακάο</L1> μειώνει τον κίνδυνο του οργανισμού να αντιμετωπίσει ασθένειες όπως ο καρκίνος, ο διαβήτης ή η αρθρίτιδα.	In this way, cocoa reduces the risk of diseases such as cancer, diabetes, or arthritis.				
Με τον τρόπο αυτό, το <N1></N1> μειώνει τον κίνδυνο του οργανισμού να αντιμετωπίσει ασθένειες όπως ο καρκίνος, ο διαβήτης ή η αρθρίτιδα.	In this way, cocoa reduces the risk of diseases such as cancer, diabetes, or arthritis.				
FALSE					
					
Τι βιταμίνες έχει η <L1>πουτίγκα</L1> μπανάνας; Δείτε αναλυτικά τις βιταμίνες που περιέχει αυτή η τροφή, καθώς και την περιεκτικότητα τους ανά 100 γραμμάρια.	What vitamins are in dried acorns? See in detail all the vitamins contained in this food, as well as their content per 100 grams.				
Τι βιταμίνες έχει η <N1></N1> μπανάνας; Δείτε αναλυτικά τις βιταμίνες που περιέχει αυτή η τροφή, καθώς και την περιεκτικότητα τους ανά 100 γραμμάρια.	What vitamins are in dried acorns? See in detail all the vitamins contained in this food, as well as their content per 100 grams.				
FALSE					
					
Η πρακτική <L1>κουκούλα</L1> βοηθά να παραμένει το παιδί σας ζεστό μετά από ένα ωραίο μπάνιο, ενώ διατηρεί την πετσέτα στη θέση της όταν το παιδί κινείται ή τρέχει ολόγυρα.	The practical hood helps keep heat in after a nice bath while keeping the towel in place when the child moves or runs around.	κάλυμμα κεφαλής κουκούλα			
Το πρακτικό <N1>κάλυμμα κεφαλής </N1> βοηθά να παραμένει το παιδί σας ζεστό μετά από ένα ωραίο μπάνιο, ενώ διατηρεί την πετσέτα στη θέση της όταν το παιδί κινείται ή τρέχει ολόγυρα.	The practical hood helps keep heat in after a nice bath while keeping the towel in place when the child moves or runs around.				
TRUE					
					
Το <L1>πανόραμα</L1> του Ευβοϊκού, οι πανέμορφες παραλίες, και το εντυπωσιακό σύμπλεγμα των νήσων Πεταλιών, περιβάλλουν αυτό το πολυτελές καταφύγιο που είναι εμπνευσμένο από τα στοιχεία της ελληνικής φύσης.	The panorama of South Evia's sea, the spectacular beaches and the group of Petali islands embraces the luxurious shelter that is inspired from the elements of Greek nature.	θέα πανόραμα			
Η <N1>θέα</N1> του Ευβοϊκού, οι πανέμορφες παραλίες, και το εντυπωσιακό σύμπλεγμα των νήσων Πεταλιών, περιβάλλουν αυτό το πολυτελές καταφύγιο που είναι εμπνευσμένο από τα στοιχεία της ελληνικής φύσης.	The panorama of South Evia's sea, the spectacular beaches and the group of Petali islands embraces the luxurious shelter that is inspired from the elements of Greek nature.				
TRUE					
					
Περιγραφή Τα κυδώνια από το κτήμα μας, δίνουν τα άρωμα τους μαζί με <L1>αρμπαρόριζα</L1> και ασπρισμένο αμυγδαλάκι σε αυτό το πολύ κλασικό γλυκό.	Description Quince from our very own orchard, flavoured with pelargonium and almonds in one of the greek classics.				
Περιγραφή Τα κυδώνια από το κτήμα μας, δίνουν τα άρωμα τους μαζί με <N1></N1> και ασπρισμένο αμυγδαλάκι σε αυτό το πολύ κλασικό γλυκό.	Description Quince from our very own orchard, flavoured with pelargonium and almonds in one of the greek classics.				
FALSE					
					
Όταν έρθει η ώρα να κοιμηθούν, τοποθετήστε τις τσάντες τους στο καρότσι αποσκευών και κυλήστε το στο παιδικό <L1>ασανσέρ</L1> που θα τους μεταφέρει στα δωμάτιά τους.	When it's time to go to sleep, place their bags in the luggage cart and roll it onto the kid-powered elevator to bring them to their rooms.	ανελκυστήρας ασανσέρ			
Όταν έρθει η ώρα να κοιμηθούν, τοποθετήστε τις τσάντες τους στο καρότσι αποσκευών και κυλήστε το στο παιδικό <N1>ανελκυστήρας</N1> που θα τους μεταφέρει στα δωμάτιά τους.	When it's time to go to sleep, place their bags in the luggage cart and roll it onto the kid-powered elevator to bring them to their rooms.				
TRUE					
					
Μετά το <L1>σόου</L1> πήγα στο μπαρ του Ντικ Έντουαρντς για λίγο και μετά γύρισα σπίτι.	After the show, I went to Dick Edwards Bar for a while and then home to my apartment.	 παράσταση σόου			
Μετά τη <N1>παράσταση</N1> πήγα στο μπαρ του Ντικ Έντουαρντς για λίγο και μετά γύρισα σπίτι.	After the show, I went to Dick Edwards Bar for a while and then home to my apartment.				
TRUE					
					
Φρεσκάρετε τη γεύση σας με λίγο <L1>τζίντζερ</L1> ανάμεσα στις μπουκιές: Μια ιδιαιτέρως έξυπνη κίνηση, αν δοκιμάζετε διαφορετικά είδη σούσι.	Nigiri is a type of sushi made with a slice of raw fish placed on top of a small mound of vinegared rice.	πιπερόριζα τζίντζερ			
Φρεσκάρετε τη γεύση σας με λίγο <N1></N1> ανάμεσα στις μπουκιές: Μια ιδιαιτέρως έξυπνη κίνηση, αν δοκιμάζετε διαφορετικά είδη σούσι.	Nigiri is a type of sushi made with a slice of raw fish placed on top of a small mound of vinegared rice.				
FALSE					
					
Ο <L1>φασισμός</L1> ήταν πουριτανικός.	Fascism was puritanical.				
Ο <N1></N1> ήταν πουριτανικός.	Fascism was puritanical.				
FALSE					
					
Μπομπονιέρες γάμου σε κλασικό ύφος από <L1>τούλι</L1> με <L2>σατέν</L2> φιόγκο σε υπέροχα χρώματα.	Wedding favors in a classic style, tulle with satin bow in wonderful colors.				
Μπομπονιέρες γάμου σε κλασικό ύφος από <N1></N1> με <N2></N2> φιόγκο σε υπέροχα χρώματα.	Wedding favors in a classic style, tulle with satin bow in wonderful colors.				
FALSE					
					
Η ανδρική σεξουαλική <L1>ορμόνη</L1> τεστοστερόνη (πιο συγκεκριμένα: το προϊόν διάσπασής της, η διυδροτεστοστερόνη) μειώνει τη φάση ανάπτυξης των τριχών μέχρι να πεθάνουν.	The male sex hormone testosterone (more specifically: its breakdown product dihydrotestosterone) shortens the hair's growth phase until it dies.				
Η ανδρική σεξουαλική <N1></N1> τεστοστερόνη (πιο συγκεκριμένα: το προϊόν διάσπασής της, η διυδροτεστοστερόνη) μειώνει τη φάση ανάπτυξης των τριχών μέχρι να πεθάνουν.	The male sex hormone testosterone (more specifically: its breakdown product dihydrotestosterone) shortens the hair's growth phase until it dies.				
FALSE					
					
Ο <L1>συμβολισμός</L1> των αναγκών του αρρώστου και η αντίστοιχη κάλυψη	Monitoring The symbolism of needs ill and the corresponding cover	συμβολική αναπαράσταση συμβολισμός			
Ο <N1></N1> των αναγκών του αρρώστου και η αντίστοιχη κάλυψη	Monitoring The symbolism of needs ill and the corresponding cover				
FALSE					
					
Λίγα πράγματα θα βρείτε εδώ, αλλά νόστιμα. Έτσι, λοιπόν, θα πάρετε στο χέρι <L1>φαλάφελ</L1> μέσα σε μικρές ή μεγάλες πίτες, μαζί με δροσερή σος γιαουρτιού, <L2>ταχίνι</L2> και φρέσκα λαχανικά που μπορείτε να τα ζητήσετε όσο καυτερά αντέχετε, καθώς και χούμους, ταμπουλέ ή σκέτα τα χρυσαφένια κεφτεδάκια ρεβιθιού.	Successful since it opened because of its high flavour sandwiches made with good quality ingredients, this take-away serves falafel in small and large pita bread wraps. The flavour of the falafel wraps can be amplified with a variety of sauces and ingredients including a refreshing minty yoghurt sauce, tahini, pickled aubergine, crunchy cucumber, chili sauce and hummus.				
Λίγα πράγματα θα βρείτε εδώ, αλλά νόστιμα. Έτσι, λοιπόν, θα πάρετε στο χέρι <N1></N1> μέσα σε μικρές ή μεγάλες πίτες, μαζί με δροσερή σος γιαουρτιού, <N2></N2> και φρέσκα λαχανικά που μπορείτε να τα ζητήσετε όσο καυτερά αντέχετε, καθώς και χούμους, ταμπουλέ ή σκέτα τα χρυσαφένια κεφτεδάκια ρεβιθιού.	Successful since it opened because of its high flavour sandwiches made with good quality ingredients, this take-away serves falafel in small and large pita bread wraps. The flavour of the falafel wraps can be amplified with a variety of sauces and ingredients including a refreshing minty yoghurt sauce, tahini, pickled aubergine, crunchy cucumber, chili sauce and hummus.				
FALSE					
					
- Ο <L1>σεφ</L1> του ξενοδοχείου Ορφέας μπορεί επίσης να προετοιμάσει για εσάς οποιοδήποτε διεθνές μενού επιθυμείτε με δική σας επιλογή!	- The chef of the hotel Orfeas may also prepare for you any international menu you wish of your own choice!-	σεφ μάγειρας			
- Ο <N1>μάγειρας</N1> του ξενοδοχείου Ορφέας μπορεί επίσης να προετοιμάσει για εσάς οποιοδήποτε διεθνές μενού επιθυμείτε με δική σας επιλογή!	- The chef of the hotel Orfeas may also prepare for you any international menu you wish of your own choice!-				
TRUE					
					
Ο <L1>ψυχολογικός</L1> αντίκτυπος τέτοιων αριθμών είναι γνωστός, συχνά επικριθείς, αλλά εξακολουθεί να είναι εμφανής και όχι να εξαλειφθεί.	The psychologic impact of such numbers is well known, often criticized, but still evident and not to eliminate.	ψυχικός ψυχολογικός			
Ο <N1></N1> αντίκτυπος τέτοιων αριθμών είναι γνωστός, συχνά επικριθείς, αλλά εξακολουθεί να είναι εμφανής και όχι να εξαλειφθεί.	The psychologic impact of such numbers is well known, often criticized, but still evident and not to eliminate.				
FALSE					
					
Στο παραδοσιακό καφενείο μας θα μπορέσετε να πάρετε το πρωινό σας με χειροποίητη <L1>μαρμελάδα</L1> και γλυκά, ενώ αργότερα θα γευτείτε παραδοσιακούς μεζέδες με ούζο και ρακί!	In the traditional cafe you can have a good breakfast with homemade marmalade and cake. In the evening we offer snacks with traditional ouzo and raki.				
Στο παραδοσιακό καφενείο μας θα μπορέσετε να πάρετε το πρωινό σας με χειροποίητη <N1></N1> και γλυκά, ενώ αργότερα θα γευτείτε παραδοσιακούς μεζέδες με ούζο και ρακί!	In the traditional cafe you can have a good breakfast with homemade marmalade and cake. In the evening we offer snacks with traditional ouzo and raki.				
FALSE					
					
Μέχρι στιγμής, το <L1>ντεμπούτο</L1> έγινε στην Ινδία.	So far, the debut took place in India.	πρώτη εμφάνιση ντεμπούτο 			
Μέχρι στιγμής, η <N1>πρώτη εμφάνιση</N1> έγινε στην Ινδία.	So far, the debut took place in India.				
TRUE					
					
Κονίαμα: υγρό ανάμιξης = 2:1 Εφαρμόζεται με βούρτσα 20 περίπου λεπτά πριν πέσει το νέο <L1>μπετόν</L1> ή κονίαμα	cement admixtures: liquid mix = 2:1 Applied by brush 20 minutes prior to applying new concrete or screed	μπετόν σκυρόδεμα			
Κονίαμα: υγρό ανάμιξης = 2:1 Εφαρμόζεται με βούρτσα 20 περίπου λεπτά πριν πέσει το νέο <N1>σκυρόδεμα</N1> ή κονίαμα	cement admixtures: liquid mix = 2:1 Applied by brush 20 minutes prior to applying new concrete or screed				
TRUE					
					
Σετ γάμου <L1>καράφα</L1> κρυσταλλίνης και ποτήρι στολισμένα με κομψά φιογκάκια από σατέν και βαμβακερή δαντέλα μόκα-χρυσή ποσότητα	Wedding set crystal carafe and glass decorated with elegant satin bows and mocha-gold cotton lace quantity	κανάτα καράφα			
Σετ γάμου <N1>κανάτα</N1> κρυσταλλίνης και ποτήρι στολισμένα με κομψά φιογκάκια από σατέν και βαμβακερή δαντέλα μόκα-χρυσή ποσότητα	Wedding set crystal carafe and glass decorated with elegant satin bows and mocha-gold cotton lace quantity				
TRUE					
					
Το <L1>ΝΑΤΟ</L1> είναι μια συμμαχία άμυνας και όχι μια συμμαχία επίθεσης.	NATO's a defensive alliance, not an aggressive alliance.	ΝΑΤΟ Οργάνωση των Χωρών του Βορειοατλαντικού Συμφώνου			
Το <N1></N1> είναι μια συμμαχία άμυνας και όχι μια συμμαχία επίθεσης.	NATO's a defensive alliance, not an aggressive alliance.				
FALSE					
					
Το <L1>κανίς</L1> είναι καλό σκυλί για παιδιά και οικογένειες γιατί εκπαιδεύεται πολύ εύκολα.	The poodle is a good dog for children and families because it is very easy to train.				
Το <N1></N1> είναι καλό σκυλί για παιδιά και οικογένειες γιατί εκπαιδεύεται πολύ εύκολα.	The poodle is a good dog for children and families because it is very easy to train.				
FALSE					
					
Έγινε έτσι δέσμια αυτού του αρχαϊκού και ανελέητου <L1>υπερεγώ</L1> της.	So, she became a prisoner of her own archaic and merciless superego.				
Έγινε έτσι δέσμια αυτού του αρχαϊκού και ανελέητου <N1></N1> της.	So, she became a prisoner of her own archaic and merciless superego.				
FALSE					
					
Σε απόλυτη δυσαρμονία και σύγκρουση με το κοινωνικό του πεπρωμένο, ο ρομαντικός, <L1>ιδεαλιστής</L1> και εντέλει τραγικός Δον Κιχώτης του Μπουλγκάκοφ παραπέμπει με κωμικοτραγικό τρόπο στα ακυρωμένα όνειρα.	In total dissonance and collision with its social fate, the romantic, idealist and finally tragic Bulgakov's Don Quixote invoke hindered dreams in a tragicomic fashion.				
Σε απόλυτη δυσαρμονία και σύγκρουση με το κοινωνικό του πεπρωμένο, ο ρομαντικός, <N1></N1> και εντέλει τραγικός Δον Κιχώτης του Μπουλγκάκοφ παραπέμπει με κωμικοτραγικό τρόπο στα ακυρωμένα όνειρα.	In total dissonance and collision with its social fate, the romantic, idealist and finally tragic Bulgakov's Don Quixote invoke hindered dreams in a tragicomic fashion.				
FALSE					
					
Πιθανώς για κάποιους αναγνώστες, αποφάσεις όπως σάντουϊτς ή <L1>μπουγάτσα</L1> να φαντάζουν αρκούντως αθώες, ώστε να νομίζουν οτι ο Θεός μπορεί να ξεγλιστρήσει επιλέγοντας να μη γνωρίζει για τέτοια τετριμμένα θέματα.	Perhaps, to such people, decisions like sandwich-or-apple-pie seem harmless enough, so they think God can get away with choosing not to know about such trivial matters.				
Πιθανώς για κάποιους αναγνώστες, αποφάσεις όπως σάντουϊτς ή <N1></N1> να φαντάζουν αρκούντως αθώες, ώστε να νομίζουν οτι ο Θεός μπορεί να ξεγλιστρήσει επιλέγοντας να μη γνωρίζει για τέτοια τετριμμένα θέματα.	Perhaps, to such people, decisions like sandwich-or-apple-pie seem harmless enough, so they think God can get away with choosing not to know about such trivial matters.				
FALSE					
					
Εάν κοιτάξετε πιο προσεκτικά τις κινητήριες δυνάμεις πίσω από τους προηγμένους πολιτικούς ηθοποιοί, διαπιστώνετε ότι δεν υπάρχει διαφορά μεταξύ αυτών των δύο <L1>ελίτ</L1> μπλοκ εξουσίας.	If you look more closely at the  driving forces  behind the advanced political actors, you will find that there is no difference between these two elite blocks of power.	επιλεγμένοι  επιφανείς άριστοι ελίτ επίλεκτων			
Εάν κοιτάξετε πιο προσεκτικά τις κινητήριες δυνάμεις πίσω από τους προηγμένους πολιτικούς ηθοποιοί, διαπιστώνετε ότι δεν υπάρχει διαφορά μεταξύ αυτών των δύο <N1>επίλεκτων</N1> μπλοκ εξουσίας.	If you look more closely at the  driving forces  behind the advanced political actors, you will find that there is no difference between these two elite blocks of power.				
FALSE					
					
Προσθέστε τα σοταρισμένα λαχανικά, το ξυλάκι της κανέλας, τα φύλλα δάφνης, το κύμινο και την <L1>πάστα</L1> ντομάτας.	Add the sautéed vegetables, cinnamon stick, bay leaves, cumin and tomato paste.	ζυμαρικό πάστα | ιδιοσυγκρασία πάστα προσωπικότητα στόφα φύση | πάστα πολτός ντομάτας			
Προσθέστε τα σοταρισμένα λαχανικά, το ξυλάκι της κανέλας, τα φύλλα δάφνης, το κύμινο και τον <N1>πολτός </N1> ντομάτας.	Add the sautéed vegetables, cinnamon stick, bay leaves, cumin and tomato paste.				
TRUE					
					
Ένα μεγάλο <L1>μπράβο</L1> στην Παρέα των Φύλλων που για ακόμη μια φορά έφερε την αποστολή της εις πέρας!	A big congratulations to the Group of Leaves that once again completed its mission!	συγχαρητήρια μπράβο			
Ένα μεγάλο <N1>συγχαρητήρια</N1> στην Παρέα των Φύλλων που για ακόμη μια φορά έφερε την αποστολή της εις πέρας!	A big congratulations to the Group of Leaves that once again completed its mission!				
TRUE					
					
Η <L1>σως</L1> θα πρέπει να είναι λεία και να έχει ένα πολύ ελαφρύ κίτρινο χρώμα.	The sauce should be smooth and pale yellow.				
Η <N1></N1> θα πρέπει να είναι λεία και να έχει ένα πολύ ελαφρύ κίτρινο χρώμα.	The sauce should be smooth and pale yellow.				
FALSE					
					
Οι επίπεδοι υαλοκαθαριστήρες της εταιρείας μας προσφέρουν την τέλεια προσαρμοσμένη εφαρμογή στο <L1>παρμπρίζ</L1> ενός οχήματος, έτσι ώστε οι οδηγοί και οι επιβάτες να απολαμβάνουν τη βέλτιστη ασφάλεια και απόδοση.	Our flat wiper blades offer the perfect tailored fit to a vehicle's windscreen, so drivers and passengers enjoy optimum safety and efficiency.	αλεξήνεμον ανεμοθώρακας παρμπρίζ			
Οι επίπεδοι υαλοκαθαριστήρες της εταιρείας μας προσφέρουν την τέλεια προσαρμοσμένη εφαρμογή στον <N1>ανεμοθώρακας</N1> ενός οχήματος, έτσι ώστε οι οδηγοί και οι επιβάτες να απολαμβάνουν τη βέλτιστη ασφάλεια και απόδοση.	Our flat wiper blades offer the perfect tailored fit to a vehicle's windscreen, so drivers and passengers enjoy optimum safety and efficiency.				
TRUE					
					
Η δημοκρατία - ένα μάλλον πολύπλοκο <L1>παζλ</L1> στο οποίο θα πρέπει να περάσουν από όλα τα στάδια των εκλογών για να γίνει πρόεδρος.	Democracy - a rather complex puzzle in which you have to go through all the stages of the election to become president.	γρίφος σπαζοκεφαλιά πάζλ 			
Η δημοκρατία - ένας μάλλον πολύπλοκος <N1>γρίφος</N1> στο οποίο θα πρέπει να περάσουν από όλα τα στάδια των εκλογών για να γίνει πρόεδρος.	Democracy - a rather complex puzzle in which you have to go through all the stages of the election to become president.				
TRUE					
					
Σε αυτή την περιοχή του κόσμου ο όρος <L1>μουσακάς</L1> σημαίνει μια σειρά από διαφορετικές συνταγές.	In this part of the world the term moussaka refers to a variety of recipes.				
Σε αυτή την περιοχή του κόσμου ο όρος <N1></N1> σημαίνει μια σειρά από διαφορετικές συνταγές.	In this part of the world the term moussaka refers to a variety of recipes.				
FALSE					
					
Παράλληλα, με ταξίδευαν οι φιλόσοφοι πρωταγωνιστές των έργων του Λουτσιάνο ντε Κρεσέντσο και ο <L1>μυστικισμός</L1> του Κάρλος Καστανέντα, καθώς και διάφοροι Γερμανοί συγγραφείς όσο σπούδαζα και εργαζόμουν στη Γερμανία.	At the same time, I journeyed with the philosophers starring in Luciano de Crescenzo's works and with the mystics of Carlos Castaneda, as well with as various German writers while I was studying and working in Germany.				
Παράλληλα, με ταξίδευαν οι φιλόσοφοι πρωταγωνιστές των έργων του Λουτσιάνο ντε Κρεσέντσο και ο <N1></N1> του Κάρλος Καστανέντα, καθώς και διάφοροι Γερμανοί συγγραφείς όσο σπούδαζα και εργαζόμουν στη Γερμανία.	At the same time, I journeyed with the philosophers starring in Luciano de Crescenzo's works and with the mystics of Carlos Castaneda, as well with as various German writers while I was studying and working in Germany.				
FALSE					
					
Ξέρουμε πολύ καλά ότι η ευρωπαϊκή <L1>σοσιαλδημοκρατία</L1> είναι πλέον πειστική μονό όταν μιλάει ταυτόχρονα για παραγωγή, ανταγωνιστικότητα, συνοχή και αναδιανομή.	We know very well that European social democracy is most convincing only when talking not only about production and competitiveness, but also about cohesion and redistribution.	κοινωνική δημοκρατία σοσιαλδημοκρατία			
Ξέρουμε πολύ καλά ότι η ευρωπαϊκή <N1>κοινωνική δημοκρατία </N1> είναι πλέον πειστική μονό όταν μιλάει ταυτόχρονα για παραγωγή, ανταγωνιστικότητα, συνοχή και αναδιανομή.	We know very well that European social democracy is most convincing only when talking not only about production and competitiveness, but also about cohesion and redistribution.				
TRUE					
					
Επιπλέον, στα εδέσματά μας προστίθεται και ο σπάνιος <L1>παστουρμάς</L1> καμήλας, ένα ελαφρύ στη γεύση προϊόν που δένει αρμονικά με τα μπαχαρικά του παστουρμά.	Further, to our delicacies we have added the rare pasturma of camel meat, a light product that matches perfectly with the pasturma spices.				
Επιπλέον, στα εδέσματά μας προστίθεται και ο σπάνιος <N1></N1> καμήλας, ένα ελαφρύ στη γεύση προϊόν που δένει αρμονικά με τα μπαχαρικά του παστουρμά.	Further, to our delicacies we have added the rare pasturma of camel meat, a light product that matches perfectly with the pasturma spices.				
FALSE					
					
Βάναυσοι και γεμάτοι μπράβο, οι λαθροθήρες ακούνε τις θορυβώδεις μοτοσικλέτες των δασοφυλάκων από πάνω από ένα <L1>μίλι</L1> μακριά.	Brutal and full of bravado, the poachers hear the rangers' noisy motorbikes from more than a mile off.				
Βάναυσοι και γεμάτοι μπράβο, οι λαθροθήρες ακούνε τις θορυβώδεις μοτοσικλέτες των δασοφυλάκων από πάνω από ένα <N1></N1> μακριά.	Brutal and full of bravado, the poachers hear the rangers' noisy motorbikes from more than a mile off.				
FALSE					
					
Ήξεραν από χριστιανούς φίλους τους ότι οι μητέρες πήγαιναν να προσευχηθούν ευλαβικά στην Παναγία για τα άρρωστα παιδιά τους ανάβοντας λαμπάδες ίσαμε το <L1>μπόι</L1> τους!	They had learnt from their christian friends that mothers of sick children used to go to the church and pray to Virgin Mary in favour of their sick children; they also lit candles at the height of the ill child.	μπόι ύψος ανάστημα			
Ήξεραν από χριστιανούς φίλους τους ότι οι μητέρες πήγαιναν να προσευχηθούν ευλαβικά στην Παναγία για τα άρρωστα παιδιά τους ανάβοντας λαμπάδες ίσαμε το <N1>ύψος</N1> τους!	They had learnt from their christian friends that mothers of sick children used to go to the church and pray to Virgin Mary in favour of their sick children; they also lit candles at the height of the ill child.				
TRUE					
					
Όμως στη συγκεκριμένη περίπτωση παρατήρησα ότι η βίδα που πουλούσαν μαζί με το <L1>πόμολο</L1> ήταν πολύ ψηλή σε σχέση με το πάχος από το καπάκι του κουτιού.	But in this case, I noticed that the screw sold with the knob was way longer in relation to the thickness of the lid of the box.	λαβή πόμολο			
Όμως στη συγκεκριμένη περίπτωση παρατήρησα ότι η βίδα που πουλούσαν μαζί με τη <N1>λαβή</N1> ήταν πολύ ψηλή σε σχέση με το πάχος από το καπάκι του κουτιού.	But in this case, I noticed that the screw sold with the knob was way longer in relation to the thickness of the lid of the box.				
TRUE					
					
Τόσο οι <L1>ντεγκραντέ</L1> όσο και οι πολωμένοι φακοί μειώνουν την καταπόνηση των ματιών, αλλά με διαφορετικούς τρόπους.	Both gradient and polarized lenses reduce eye strain, but in different ways.	βαθμιαίοι  διαβαθμισμένοι ντεγκραντέ			
Τόσο οι <N1>βαθμιαίοι</N1> όσο και οι πολωμένοι φακοί μειώνουν την καταπόνηση των ματιών, αλλά με διαφορετικούς τρόπους.	Both gradient and polarized lenses reduce eye strain, but in different ways.				
TRUE					
					
Η εργασιακή ευελεξία κι η ελευθερία από τα δεσμά των οικογενειακών υποχρεώσεων κι ιεραρχικών θεσμών που υποσχόταν η επιχειρησιακή αντικουλτούρα, η οποία έφτασε στο <L1>ζενίθ</L1> της τη δεκαετία του 1990, αποδείχτηκε να σημαίνει αυξανόμενη επισφάλεια και την πτώση στον πάτο του βιοτικού επιπέδου.	Work flexibility and freedom from ties to family duty and hierarchical institutions promised by the corporate-counterculture that reached its zenith in the 1990s has turned out to mean increased precarity and a race to the bottom in living standards.	έπακρο αποκορύφωμα ζενίθ			
Η εργασιακή ευελεξία κι η ελευθερία από τα δεσμά των οικογενειακών υποχρεώσεων κι ιεραρχικών θεσμών που υποσχόταν η επιχειρησιακή αντικουλτούρα, η οποία έφτασε στο <N1>έπακρο</N1> της τη δεκαετία του 1990, αποδείχτηκε να σημαίνει αυξανόμενη επισφάλεια και την πτώση στον πάτο του βιοτικού επιπέδου.	Work flexibility and freedom from ties to family duty and hierarchical institutions promised by the corporate-counterculture that reached its zenith in the 1990s has turned out to mean increased precarity and a race to the bottom in living standards.				
TRUE					
					
Χωρίς καμία διάκριση για τους βιοκαλλιεργητές στα αγρο-περιβαλλοντικά μέτρα, π.χ.. χαμηλότερο επίπεδο υποστήριξης για τη οργανική γη στο ίδιο μέτρο, μέγιστο επίπεδο ενίσχυσης ανά <L1>εκτάριο</L1> / αγρόκτημα, το οποίο είναι πολύ περιορισμένο, για να ενθαρρύνει τη μετάβαση στη βιολογική γεωργία.	No discrimination for organic farmers in agri-environmental measures, e.g. lower support level for organic land area in the same measure, maximum support level per hectare/per farm too limited to give incentive to conversion to organic farming				
Χωρίς καμία διάκριση για τους βιοκαλλιεργητές στα αγρο-περιβαλλοντικά μέτρα, π.χ.. χαμηλότερο επίπεδο υποστήριξης για τη οργανική γη στο ίδιο μέτρο, μέγιστο επίπεδο ενίσχυσης ανά <N1></N1> / αγρόκτημα, το οποίο είναι πολύ περιορισμένο, για να ενθαρρύνει τη μετάβαση στη βιολογική γεωργία.	No discrimination for organic farmers in agri-environmental measures, e.g. lower support level for organic land area in the same measure, maximum support level per hectare/per farm too limited to give incentive to conversion to organic farming				
FALSE					
					
Πείτε τους μια <L1>κουβέντα</L1> ενθάρρυνσης.	Give them a word of encouragement.	κουβέντα λέξη συζήτηση λόγος			
Πείτε τους έναν <N1>λόγο</N1> ενθάρρυνσης.	Give them a word of encouragement.				
TRUE					
					
Ο πράσινος καφές σε συνδιασμό με τη κανέλα διεισδύει βαθιά στο δέρμα και προκαλεί στοχευμένη <L1>λιπόλυση</L1> στα υπερτροφικά λιποκύτταρα ενω παράλληλα λειτουργεί εξαιρετικά και ως τοπικό αδυνατιστικό.	Green coffee in combination with cinnamon penetrates deep into the skin and causes targeted lipolysis in hypertrophic fat cells while also acting extremely well as a local slimming.				
Ο πράσινος καφές σε συνδιασμό με τη κανέλα διεισδύει βαθιά στο δέρμα και προκαλεί στοχευμένη <N1></N1> στα υπερτροφικά λιποκύτταρα ενω παράλληλα λειτουργεί εξαιρετικά και ως τοπικό αδυνατιστικό.	Green coffee in combination with cinnamon penetrates deep into the skin and causes targeted lipolysis in hypertrophic fat cells while also acting extremely well as a local slimming.				
FALSE					
					
Στην Πάρο μπορείτε να φτάσετε είτε με πλοίο από τον Πειραιά (το λιμάνι της Αθήνας) ή την Ραφήνα είτε με <L1>αεροπλάνο</L1> από την Αθήνα ή από κάποιο άλλο νησί των Κυκλάδων όπως η Μύκονος ή η Σαντορίνη.	Paros is reachable by boat or by plane, from Piraeus (the port of Athens) or Rafina and from the other Cycladic islands like Mykonos or Santorini.				
Στην Πάρο μπορείτε να φτάσετε είτε με πλοίο από τον Πειραιά (το λιμάνι της Αθήνας) ή την Ραφήνα είτε με <N1></N1> από την Αθήνα ή από κάποιο άλλο νησί των Κυκλάδων όπως η Μύκονος ή η Σαντορίνη.	Paros is reachable by boat or by plane, from Piraeus (the port of Athens) or Rafina and from the other Cycladic islands like Mykonos or Santorini.				
FALSE					
					
Λίγα λόγια για το Οικοτροφείο Ψυχοκοινωνικής Αποκατάστασης Πεντέλης Η Μονάδα Ψυχικής Υγείας στην Πεντέλη λειτουργεί υπό τη διαχειριστική ευθύνη της Εταιρείας Περιφερειακής Ανάπτυξης & Ψυχικής Υγείας (Ε.Π.Α.Ψ.Υ.) από το 2000, προσφέροντας ολοκληρωμένες υπηρεσίες ψυχοκοινωνικής αποκατάστασης σε άτομα με <L1>ψυχιατρική</L1> εμπειρία.	A few words about the Penteli Psychosocial Rehabilitation Accommodation unit The Mental Health Unit in Penteli has been operating under the management responsibility of the Association for Regional Development and Mental Healthcare (EPAPSY) since 2000, offering comprehensive psychosocial rehabilitation services to people with psychiatric experience.				
Λίγα λόγια για το Οικοτροφείο Ψυχοκοινωνικής Αποκατάστασης Πεντέλης Η Μονάδα Ψυχικής Υγείας στην Πεντέλη λειτουργεί υπό τη διαχειριστική ευθύνη της Εταιρείας Περιφερειακής Ανάπτυξης & Ψυχικής Υγείας (Ε.Π.Α.Ψ.Υ.) από το 2000, προσφέροντας ολοκληρωμένες υπηρεσίες ψυχοκοινωνικής αποκατάστασης σε άτομα με <N1></N1> εμπειρία.	A few words about the Penteli Psychosocial Rehabilitation Accommodation unit The Mental Health Unit in Penteli has been operating under the management responsibility of the Association for Regional Development and Mental Healthcare (EPAPSY) since 2000, offering comprehensive psychosocial rehabilitation services to people with psychiatric experience.				
FALSE					
					
Μην παίρνετε <L1>ασπιρίνη</L1> (αυξάνει την αιμορραγία).	Do not take aspriin (it increases the bleeding)				
Μην παίρνετε <N1></N1> (αυξάνει την αιμορραγία).	Do not take aspriin (it increases the bleeding)				
FALSE					
					
Με τα θαλάσσια <L1>καγιάκ</L1> μας εξερευνούμε την νότια ακτογραμμή της Σαντορίνης.	Overview Morning Sea Kayak & Snorkel.				
Με τα θαλάσσια <N1></N1> μας εξερευνούμε την νότια ακτογραμμή της Σαντορίνης.	Overview Morning Sea Kayak & Snorkel.				
FALSE					
					
Εάν παρατηρήσετε οτιδήποτε, (ξεθωριασμένο καλώδιο, <L1>γλόμπος</L1> που έχει λήξει κ.λπ.) επικοινωνήστε με έναν Βοηθό Εργαστηρίου ή τον Τεχνικό της παραγωγής.	If you notice anything, (frayed cable, expired bulb etc) please contact a Studio Assistant or the Technician in the Production Floor area.	λαμπτήρας γλόμπος			
Εάν παρατηρήσετε οτιδήποτε, (ξεθωριασμένο καλώδιο, <N1>λαμπτήρας</N1> που έχει λήξει κ.λπ.) επικοινωνήστε με έναν Βοηθό Εργαστηρίου ή τον Τεχνικό της παραγωγής.	If you notice anything, (frayed cable, expired bulb etc) please contact a Studio Assistant or the Technician in the Production Floor area.				
TRUE					
					
Ο νέος δίσκος του αφεντικού είναι ένα ακόμα <L1>διαμάντι</L1> στη συλλογή της πολύχρονης και πολυτάραχης καριέρας του.	The new album of  the boss  is an other diamond in a long collection of an amasing career.				
Ο νέος δίσκος του αφεντικού είναι ένα ακόμα <N1></N1> στη συλλογή της πολύχρονης και πολυτάραχης καριέρας του.	The new album of  the boss  is an other diamond in a long collection of an amasing career.				
FALSE					
					
Η <L1>σούπα</L1> από τα βρασμένα κόκαλα με τα ψαχνά αποτελεί το βασικό φαγητό του δείπνου που ακολουθεί. Στο τραπέζι συμμετέχουν όλοι όσοι βοήθησαν στα χοιροσφάγια.	The soup prepared from boiled bones and meat is the main dish of the dinner that follows and all those who helped are invited.	ζωμός σούπα			
Ο <N1>ζωμός</N1> από τα βρασμένα κόκαλα με τα ψαχνά αποτελεί το βασικό φαγητό του δείπνου που ακολουθεί. Στο τραπέζι συμμετέχουν όλοι όσοι βοήθησαν στα χοιροσφάγια.	The soup prepared from boiled bones and meat is the main dish of the dinner that follows and all those who helped are invited.				
TRUE					
					
Το <L1>τουρμπάνι</L1> απορροφά την υγρασία από τα μαλλιά με πιο ήπιο τρόπο από ό,τι αν τρίβετε τα μαλλιά σας με κανονική πετσέτα.	Colour: This hair towel soaks up moisture, which is gentler than rubbing your hair with a regular towel.	περιτύλιγμα κεφαλής κεφαλόδεσμος τουρμπάνι			
Ο <N1>κεφαλόδεσμος</N1> απορροφά την υγρασία από τα μαλλιά με πιο ήπιο τρόπο από ό,τι αν τρίβετε τα μαλλιά σας με κανονική πετσέτα.	Colour: This hair towel soaks up moisture, which is gentler than rubbing your hair with a regular towel.				
FALSE					
					
Βοήθησέ τους να φορτώσουν τα δεμάτια άχυρο στη <L1>σοφίτα</L1> του αχυρώνα χρησιμοποιώντας το βίντσι.	Help them load the hay bales into the barn loft with some help from the winch.	ανώγειο σοφίτα			
Βοήθησέ τους να φορτώσουν τα δεμάτια άχυρο στο <N1>ανώγειο</N1> του αχυρώνα χρησιμοποιώντας το βίντσι.	Help them load the hay bales into the barn loft with some help from the winch.				
TRUE					
					
Ένα <L1>καλούπι</L1> αποτύπωσης για την κατασκευή ενός ρεαλιστικού φλοιού δέντρου.	An impression mat for making bark effect icing, taken from a real tree for the ultimate in realism!	μήτρα καλούπι			
Μια <N1>μήτρα</N1> αποτύπωσης για την κατασκευή ενός ρεαλιστικού φλοιού δέντρου.	An impression mat for making bark effect icing, taken from a real tree for the ultimate in realism!				
TRUE					
					
Οι παίκτες πρέπει να ολοκληρώσουν κάθε <L1>πίστα</L1> στη σείρα χωρίς παράκαμψη.	Players must complete each track in a row without bypass.	επίπεδο  πίστα			
Οι παίκτες πρέπει να ολοκληρώσουν κάθε <N1>επίπεδο</N1> στη σείρα χωρίς παράκαμψη.	Players must complete each track in a row without bypass.				
TRUE					
					
Παρουσιάζονται στους 12 βασικούς τόνους <L1>ματζόρε</L1> με τους αντίστοιχους 12 βασικούς τόνους μινόρε, όπως συναντιόνται στα τραγούδια. Αλφαβητική παρουσίαση των ακομπανιαμέντων σε όλη την έκταση της ταστιέρας με εύκολη απομνημόνευση των σχημάτων. Αναλύονται οι ειδικές μορφές ακομπανιαμέντων.	◦ Presentation of the 12 basic major tones with the equivalent 12 basic minor tones, as they come across in the songs ◦ Alphabetic presentation of the accompaniment in all the extension of the fingerboards with easy memorization of the schemes ◦ Analysis of special forms of accompaniments	μείζων ματζόρε			
Παρουσιάζονται στους 12 βασικούς τόνους <N1></N1> με τους αντίστοιχους 12 βασικούς τόνους μινόρε, όπως συναντιόνται στα τραγούδια. Αλφαβητική παρουσίαση των ακομπανιαμέντων σε όλη την έκταση της ταστιέρας με εύκολη απομνημόνευση των σχημάτων. Αναλύονται οι ειδικές μορφές ακομπανιαμέντων.	◦ Presentation of the 12 basic major tones with the equivalent 12 basic minor tones, as they come across in the songs ◦ Alphabetic presentation of the accompaniment in all the extension of the fingerboards with easy memorization of the schemes ◦ Analysis of special forms of accompaniments				
FALSE					
					
Η συγκεκριμένη λειτουργία, μετά την απασφάλιση του μηχανικού/ηλεκτρικού χειρόφρενου, συγκρατεί το <L1>φρένο</L1> για λίγα δευτερόλεπτα όσο ο οδηγός μετακινεί το πόδι από το φρένο στο γκάζι, ώστε να αποφευχθεί η κύλιση προς τα πίσω.	This function, if the mechanical/electrical handbrake is released, holds the brake for a couple of seconds while the driver is switching his leg to the gas pedal, so the car would not go down the slope.	ανασχετήρας φρένο			
Η συγκεκριμένη λειτουργία, μετά την απασφάλιση του μηχανικού/ηλεκτρικού χειρόφρενου, συγκρατεί το <N1>ανασχετήρας</N1> για λίγα δευτερόλεπτα όσο ο οδηγός μετακινεί το πόδι από το φρένο στο γκάζι, ώστε να αποφευχθεί η κύλιση προς τα πίσω.	This function, if the mechanical/electrical handbrake is released, holds the brake for a couple of seconds while the driver is switching his leg to the gas pedal, so the car would not go down the slope.				
TRUE					
					
Η επαφή με σεξουαλικό περιεχόμενο ή <L1>πορνογραφία</L1> στο ίντερνετ δεν θα πρέπει αναπόφευκτα να οδηγεί σε λανθασμένες σεξουαλικές φαντασιώσεις ή φαντασιώσεις κοριτσιών/ αγοριών.	Contact with sexual content or pornography on the Internet does not necessarily lead to, for example, absurd sexual ideas or ideas about being a girl or boy.				
Η επαφή με σεξουαλικό περιεχόμενο ή <N1></N1> στο ίντερνετ δεν θα πρέπει αναπόφευκτα να οδηγεί σε λανθασμένες σεξουαλικές φαντασιώσεις ή φαντασιώσεις κοριτσιών/ αγοριών.	Contact with sexual content or pornography on the Internet does not necessarily lead to, for example, absurd sexual ideas or ideas about being a girl or boy.				
FALSE					
					
Η παραλία Πλατύς Γιαλός είναι η κοσμικότερη <L1>πλαζ</L1> του νησιού.	The beach of Platis Gialos is the most cosmopolitan beach of the island.	ακτή  παραλία πλαζ			
Η παραλία Πλατύς Γιαλός είναι η κοσμικότερη <N1>παραλία</N1> του νησιού.	The beach of Platis Gialos is the most cosmopolitan beach of the island.				
TRUE					
					
Κατασκευή του 2005 με αρκετά μέτρα <L1>βιτρίνα</L1> προβολής (τζαμαρία).	Construction of 2005 with several meters projection screen (glazing).	βιτρίνα προθήκη			
Κατασκευή του 2005 με αρκετά μέτρα <N1>προθήκη</N1> προβολής (τζαμαρία).	Construction of 2005 with several meters projection screen (glazing).				
TRUE					
					
Άν αποφασίσετε να δώσετε περισσότερες απο 2 ημέρες <L1>ρεπό</L1> στην ομάδα σας, τότε η ομαλή επανένταξη της θα πρέπει σίγουρα να σας απασχολήσει.	If you decide to give more than two days off to your team then the gradual reintegration will definitely need to concerne you.	άδεια  ανάπαυλα ρεπό 			
Άν αποφασίσετε να δώσετε περισσότερες απο 2 ημέρες <N1>άδεια</N1> στην ομάδα σας, τότε η ομαλή επανένταξη της θα πρέπει σίγουρα να σας απασχολήσει.	If you decide to give more than two days off to your team then the gradual reintegration will definitely need to concerne you.				
TRUE					
					
Το φυσικό προϊόν που χρησιμοποιώ είναι φτιαγμένο από <L1>παντζάρι</L1> κι είναι μη-τοξικό.	The non-toxic natural product I use is made from beetroot.				
Το φυσικό προϊόν που χρησιμοποιώ είναι φτιαγμένο από <N1></N1> κι είναι μη-τοξικό.	The non-toxic natural product I use is made from beetroot.				
FALSE					
					
Θεωρεί πως άγνωστοι, τού έστησαν παγίδα μέσα στο υπόγειο <L1>γκαράζ</L1> της πολυκατοικίας όπου έμεναν, τον αιφνιδίασαν και τον εξαφάνισαν.	She considers that strangers set a trap for him in the underground garage of the apartment building where they lived him and abducted him.	χώρος στάθμευσης γκαράζ			
Θεωρεί πως άγνωστοι, τού έστησαν παγίδα μέσα στο υπόγειο <N1>χώρο στάθμευσης</N1> της πολυκατοικίας όπου έμεναν, τον αιφνιδίασαν και τον εξαφάνισαν.	She considers that strangers set a trap for him in the underground garage of the apartment building where they lived him and abducted him.				
TRUE					
					
Υπάρχουν δυο διαμερίσματα με δυο υπνοδωμάτια στο ισόγειο (καθένα με διπλό και μονό κρεβάτι), τα οποία περιλαμβάνουν πλήρως εξοπλισμένη κουζίνα (με ψυγείο, τοστιέρα, ηλεκτρικά μάτια, φουρνάκι, καφετιέρα, βραστήρα, κλπ.) και τουαλέτα με <L1>ντουζ</L1> για κάθε υπνοδωμάτιο.	There are two 2 bedroom apartments on the ground floor that include a fully equipped kitchen (with fridge, toaster, electric rings, oven, coffee maker, kettle, etc.) and two en suite bathrooms with shower and W.C. Each bedroom includes a double and a single bed.	νίψη ντουζ 			
Υπάρχουν δυο διαμερίσματα με δυο υπνοδωμάτια στο ισόγειο (καθένα με διπλό και μονό κρεβάτι), τα οποία περιλαμβάνουν πλήρως εξοπλισμένη κουζίνα (με ψυγείο, τοστιέρα, ηλεκτρικά μάτια, φουρνάκι, καφετιέρα, βραστήρα, κλπ.) και τουαλέτα με <N1>νίψη</N1> για κάθε υπνοδωμάτιο.	There are two 2 bedroom apartments on the ground floor that include a fully equipped kitchen (with fridge, toaster, electric rings, oven, coffee maker, kettle, etc.) and two en suite bathrooms with shower and W.C. Each bedroom includes a double and a single bed.				
TRUE					
					
Το βιενέζικο <L1>βαλς</L1> το οποίο χορεύεται την περίοδο των χοροεσπερίδων σε εκατοντάδες χορούς- ιδιαίτερα στον Χορό της Όπερας - έχει κατακτήσει τον κόσμο.	The Viennese waltz, which is danced during the ball season at hundreds of balls – particularly the Opera Ball – has conquered the world.				
Το βιενέζικο <N1></N1> το οποίο χορεύεται την περίοδο των χοροεσπερίδων σε εκατοντάδες χορούς- ιδιαίτερα στον Χορό της Όπερας - έχει κατακτήσει τον κόσμο.	The Viennese waltz, which is danced during the ball season at hundreds of balls – particularly the Opera Ball – has conquered the world.				
FALSE					
					
Όταν εξαφανίστηκε η Νεκταρία, φορούσε μαύρο κολάν, πλεχτή άσπρη μπλούζα, <L1>μπεζ</L1> μπουφάν με γούνινη κουκούλα και μαύρα μποτάκια.	When Nektaria disappeared, she was wearing black leggings, a knit white blouse, a beige hooded jacket and black ankle boots.				
Όταν εξαφανίστηκε η Νεκταρία, φορούσε μαύρο κολάν, πλεχτή άσπρη μπλούζα, <N1></N1> μπουφάν με γούνινη κουκούλα και μαύρα μποτάκια.	When Nektaria disappeared, she was wearing black leggings, a knit white blouse, a beige hooded jacket and black ankle boots.				
FALSE					
					
Παγωμένο <L1>σιντριβάνι</L1> Ο θρυμματισμένος πάγος που εφαρμόζεται μετά από κάθε θερμή θεραπεία προσφέρει απόλυτη αίσθηση δροσιάς	Ice fountain Crushed ice applied after each heat treatment brings pure refreshment	κρήνη πηγή σιντριβάνι			
Παγωμένο <N1>πηγή</N1> Ο θρυμματισμένος πάγος που εφαρμόζεται μετά από κάθε θερμή θεραπεία προσφέρει απόλυτη αίσθηση δροσιάς	Ice fountain Crushed ice applied after each heat treatment brings pure refreshment				
TRUE					
					
Διασχίζουμε το <L1>παρτέρι</L1> κατά μήκος (με κατεύθυνση ανατολικά).	We cross the whole field (in an easterly direction).	παρτέρι πρασιά ανθώνας κηπάριο			
Διασχίζουμε το <N1>ανθώνας</N1> κατά μήκος (με κατεύθυνση ανατολικά).	We cross the whole field (in an easterly direction).				
TRUE					
					
Σχεδιάσαμε τα δικά μας σύμβολα και είδαμε πώς οι ιστορίες του σήμερα, του χτες και του αύριο σμίγουν και εναλλάσσονται στο <L1>καρέ</L1> χαρτί.	Everyone then was encouraged to design their own symbols on plaid paper; how can we tell stories through images?				
Σχεδιάσαμε τα δικά μας σύμβολα και είδαμε πώς οι ιστορίες του σήμερα, του χτες και του αύριο σμίγουν και εναλλάσσονται στο <N1></N1> χαρτί.	Everyone then was encouraged to design their own symbols on plaid paper; how can we tell stories through images?				
FALSE					
					
Όταν η ροή είναι μεγάλη το μωρό αναγκάζεται να καταπίνει πιο γρήγορα οπότε θα πρέπει να μεταβάλετε την ροή είτε σφίγγοντας την θηλή περισσότερο, είτε χρησιμοποιώντας <L1>μπιμπερό</L1> με μικρότερη τρύπα.	When the flow is higher, the baby is forced to swallow faster, so you should modify the flow either making the nipple tighter or using a feeding bottle with a smaller nipple.	θηλάστρα μπιμπερό			
Όταν η ροή είναι μεγάλη το μωρό αναγκάζεται να καταπίνει πιο γρήγορα οπότε θα πρέπει να μεταβάλετε την ροή είτε σφίγγοντας την θηλή περισσότερο, είτε χρησιμοποιώντας <N1></N1> με μικρότερη τρύπα.	When the flow is higher, the baby is forced to swallow faster, so you should modify the flow either making the nipple tighter or using a feeding bottle with a smaller nipple.				
FALSE					
					
Η θνησιμότητα του είναι περίπου 6% παγκοσμίως και τα τσιμπούρια που διαθέτουν μια τέτοια <L1>τοξίνη</L1> βρίσκονται επίσης στην Ευρασία, αν και είναι κυρίως ζώα που υποφέρουν από αυτά και τα σημάδια του σπάνια ανιχνεύονται σε ανθρώπους στην Ευρώπη και στο μεγαλύτερο μέρος της Ρωσίας.	Its lethality is about 6% worldwide, and ticks possessing such a toxin are also found in Eurasia, although it is mainly livestock that suffers from them, and signs of it are rarely detected in people in Europe and most of Russia.	τοξίνη δηλητήριο			
Η θνησιμότητα του είναι περίπου 6% παγκοσμίως και τα τσιμπούρια που διαθέτουν ένα τέτοιο <N1>δηλητήριο</N1> βρίσκονται επίσης στην Ευρασία, αν και είναι κυρίως ζώα που υποφέρουν από αυτά και τα σημάδια του σπάνια ανιχνεύονται σε ανθρώπους στην Ευρώπη και στο μεγαλύτερο μέρος της Ρωσίας.	Its lethality is about 6% worldwide, and ticks possessing such a toxin are also found in Eurasia, although it is mainly livestock that suffers from them, and signs of it are rarely detected in people in Europe and most of Russia.				
TRUE					
					
Ίσως είναι απλά <L1>νοσταλγία</L1> για έναν απλούστερο χρόνο στα καζίνο, ίσως είναι οι ιστορίες για τις τεράστιες πληρωμές.	Maybe it's simply nostalgia for a simpler time at the casinos, maybe it's the stories about massive payouts.				
Ίσως είναι απλά <N1></N1> για έναν απλούστερο χρόνο στα καζίνο, ίσως είναι οι ιστορίες για τις τεράστιες πληρωμές.	Maybe it's simply nostalgia for a simpler time at the casinos, maybe it's the stories about massive payouts.				
FALSE					
					
Σπούδασε πιάνο στο Εθνικό Ωδείο και είναι αυτοδίδακτος στην ποντιακή <L1>γκάιντα</L1> και στο καβάλι.	He studied the piano at the National Conservatoire and is self-taught on the Pontic bagpipe (gaida) and on the kaval.	άσκαυλος γκάιντα τσαμπούνα			
Σπούδασε πιάνο στο Εθνικό Ωδείο και είναι αυτοδίδακτος στην ποντιακή <N1></N1> και στο καβάλι.	He studied the piano at the National Conservatoire and is self-taught on the Pontic bagpipe (gaida) and on the kaval.				
FALSE					
					
Λεπτομέρειες: Κοντά μανίκια <L1>ρεγκλάν</L1> - Μοντέρνα λαιμόκοψη με ραφή σε χρωματική αντίθεση - Μεγάλες προσθήκες από δίχτυ στο πλάι - Διαπνέον δίχτυ στα μανίκια για περιορισμό του ιδρώτα - Μακρύτερο στο πίσω μέρος με στρογγυλεμένο τελείωμα - Ενισχυμένες διακοσμητικές ραφές - Κεντημένο λογότυπο και μάρκα σε χρωματική αντίθεση	Details: Short raglan sleeves - Fancy collar with contrasted piping - Large breathable mesh fabric inserts in the sides and in the sleeves, ensuring perspiration control - Longer rounded back hem and reinforced trims - Embroidered contrasting logo	ραγκλάν ρεγκλάν			
Λεπτομέρειες: Κοντά μανίκια <N1></N1> - Μοντέρνα λαιμόκοψη με ραφή σε χρωματική αντίθεση - Μεγάλες προσθήκες από δίχτυ στο πλάι - Διαπνέον δίχτυ στα μανίκια για περιορισμό του ιδρώτα - Μακρύτερο στο πίσω μέρος με στρογγυλεμένο τελείωμα - Ενισχυμένες διακοσμητικές ραφές - Κεντημένο λογότυπο και μάρκα σε χρωματική αντίθεση	Details: Short raglan sleeves - Fancy collar with contrasted piping - Large breathable mesh fabric inserts in the sides and in the sleeves, ensuring perspiration control - Longer rounded back hem and reinforced trims - Embroidered contrasting logo				
FALSE					
					
Αυτό το ακαταμάχητο πλεονέκτημα του είδους μας, μάς οδηγεί να συμπεριφερόμαστε με υπευθυνότητα, <L1>ψυχραιμία</L1> και συνέπεια, και μας δίνει τη δυνατότητα να αξιοποιούμε με τον καλύτερο και αποτελεσματικότερο τρόπο τον τεράστιο πλούτο συναισθημάτων που έχουμε όλοι μέσα μας.	This invincible advantage of our species, drives us to behave responsibly, calmly and consistently, and enables us to effectively make the best of our vast emotional wealth.				
Αυτό το ακαταμάχητο πλεονέκτημα του είδους μας, μάς οδηγεί να συμπεριφερόμαστε με υπευθυνότητα, <N1></N1> και συνέπεια, και μας δίνει τη δυνατότητα να αξιοποιούμε με τον καλύτερο και αποτελεσματικότερο τρόπο τον τεράστιο πλούτο συναισθημάτων που έχουμε όλοι μέσα μας.	This invincible advantage of our species, drives us to behave responsibly, calmly and consistently, and enables us to effectively make the best of our vast emotional wealth.				
FALSE					
					
Το πλοίο μεταφέρει 1200 επιβάτες κυρίως από την Ευρώπη, ενώ εκτελεί <L1>κρουαζιέρα</L1> από την Ιταλία σε διάφορες περιοχές της Ελλάδος.	The ship carries 1200 passengers mainly from Europe and performs cruise from Italy to various regions of Greece.	ναυτικό ταξίδι κρουαζιέρα			
Το πλοίο μεταφέρει 1200 επιβάτες κυρίως από την Ευρώπη, ενώ εκτελεί <N1></N1> από την Ιταλία σε διάφορες περιοχές της Ελλάδος.	The ship carries 1200 passengers mainly from Europe and performs cruise from Italy to various regions of Greece.				
FALSE					
					
Το σιρόπι κεράσι δίνει μια ξεχωριστή γεύση στο αγελαδινό <L1>γιαούρτι</L1> χωρίς να αφαιρεί κανένα από τα θρεπτικά του συστατικά.	The cherry syrup gives a sweet taste to the cow's yogurt while preserving all the nutrients.				
Το σιρόπι κεράσι δίνει μια ξεχωριστή γεύση στο αγελαδινό <N1></N1> χωρίς να αφαιρεί κανένα από τα θρεπτικά του συστατικά.	The cherry syrup gives a sweet taste to the cow's yogurt while preserving all the nutrients.				
FALSE					
					
Η Ευρωπαϊκή Ένωση δεν σχεδιάζει να εκδώσει <L1>βίζα</L1> για ξένα διαβατήρια που λαμβάνονται σε νέες περιοχές της Ρωσικής Ομοσπονδίας.	The European Union does not plan to issue visas for foreign passports received in new regions of the Russian Federation.				
Η Ευρωπαϊκή Ένωση δεν σχεδιάζει να εκδώσει <N1></N1> για ξένα διαβατήρια που λαμβάνονται σε νέες περιοχές της Ρωσικής Ομοσπονδίας.	The European Union does not plan to issue visas for foreign passports received in new regions of the Russian Federation.				
FALSE					
					
Τα έβλεπα στους κεντρικούς δρόμους της Θεσσαλονίκης, στο Κολωνάκι, σε μικροσκοπικές <L1>μπουτίκ</L1> στη Μύκονο, στη Σαντορίνη, στη Μήλο, και φούσκωνα από περηφάνια, γιατί ήξερα ότι υφαίνονται στην ιδιαίτερη πατρίδα μου.	I saw them in central streets of Thessaloniki, in Kolonaki, in tiny boutiques in Mykonos, in Santorini, in Milos, and I grew with pride because I knew they were weaved in my hometown.	κατάστημα  μαγαζί μπουτίκ			
Τα έβλεπα στους κεντρικούς δρόμους της Θεσσαλονίκης, στο Κολωνάκι, σε μικροσκοπικά <N1>μαγαζιά</N1> στη Μύκονο, στη Σαντορίνη, στη Μήλο, και φούσκωνα από περηφάνια, γιατί ήξερα ότι υφαίνονται στην ιδιαίτερη πατρίδα μου.	I saw them in central streets of Thessaloniki, in Kolonaki, in tiny boutiques in Mykonos, in Santorini, in Milos, and I grew with pride because I knew they were weaved in my hometown.				
TRUE					
					
Πωλείται υπό ανέγερση <L1>ρετιρέ</L1> διαμέρισμα τεσσάρων υπνοδωματίων στο Ζακάκι στη Λεμεσό.	studio apartment limassol cheap apartments for rent in limassol.	οροφοδιαμέρισμα ρετιρέ			
Πωλείται υπό ανέγερση <N1></N1> διαμέρισμα τεσσάρων υπνοδωματίων στο Ζακάκι στη Λεμεσό.	studio apartment limassol cheap apartments for rent in limassol.				
FALSE					
					
Τα πρώτα <L1>πούλμαν</L1> ξεκίνησαν την Τετάρτη 16 Ιουνίου, προς την Πειραιώς 260.	The first buses bound for Peiraios 260 departed on Wednesday, June 16, for Peiraios 260.	λεωφορείο πούλμαν			
Τα πρώτα <N1>λεωφορεία</N1> ξεκίνησαν την Τετάρτη 16 Ιουνίου, προς την Πειραιώς 260.	The first buses bound for Peiraios 260 departed on Wednesday, June 16, for Peiraios 260.				
TRUE					
					
Γιατί όμως το πιπέρι είναι τόσο ξεχωριστό <L1>μπαχαρικό</L1> με ιδιότητες που θα ζήλευαν και τα βοτανα;	But why is pepper such a special spice with properties that would be envied by herbs?	άρτυμα καρυκεύματα μπαχαρικό			
Γιατί όμως το πιπέρι είναι τόσο ξεχωριστό <N1>καρύκευμα</N1> με ιδιότητες που θα ζήλευαν και τα βοτανα;	But why is pepper such a special spice with properties that would be envied by herbs?				
TRUE					
					
Εύη Τσιτιρίδου-Χριστοφορίδου, συγγραφέας Ένα μουσικό παραμύθι με τη δυνατή <L1>πένα</L1> του Δημήτρη Κάσσαρη και τα ακούραστα πινέλα του Βασίλη Παπατσαρούχα.	A musical fairy-tale from the mighty pen of Dimitris Kassaris and the tireless brush of Vassilis Papatsarouchas A dreamlike story about love, sharing and generosity.				
Εύη Τσιτιρίδου-Χριστοφορίδου, συγγραφέας Ένα μουσικό παραμύθι με τη δυνατή <N1></N1> του Δημήτρη Κάσσαρη και τα ακούραστα πινέλα του Βασίλη Παπατσαρούχα.	A musical fairy-tale from the mighty pen of Dimitris Kassaris and the tireless brush of Vassilis Papatsarouchas A dreamlike story about love, sharing and generosity.				
FALSE					
					
Τέσσερα <L1>ρουλεμάν</L1> ακίδας, ενσωματωμένα στην μπάρα, ενισχύουν την περιστροφική δύναμη... Διαβάστε Περισσότερα	Four rolling pins embedded in the barbell enhance rotational force while reducing friction... Read More				
Τέσσερα <N1></N1> ακίδας, ενσωματωμένα στην μπάρα, ενισχύουν την περιστροφική δύναμη... Διαβάστε Περισσότερα	Four rolling pins embedded in the barbell enhance rotational force while reducing friction... Read More				
FALSE					
					
Για τον <L1>πουρέ</L1> πλένετε καλά τις πατάτες με την φλούδα και τις τοποθετείτε σε μία μεγάλη κατσαρόλα γεμάτη με κρύο νερό.	While the chicken is cooking, heat a large pot of salted water for the pasta.				
Για τον <N1></N1> πλένετε καλά τις πατάτες με την φλούδα και τις τοποθετείτε σε μία μεγάλη κατσαρόλα γεμάτη με κρύο νερό.	While the chicken is cooking, heat a large pot of salted water for the pasta.				
FALSE					
					
Αν και ο <L1>κινηματογράφος</L1> έχει έκτοτε υποστεί αρκετές ανακατασκευές, οι πλάκες ξυλομάλλου εξακολουθούν να αποτελούν την επιλογή των αρμοδίων, ακόμη και πάνω από 80 χρόνια από την αρχική τους χρήση.	Although the cinema has since undergone several refurbishments, wood wool panels are still the solution of choice more than 80 years later.				
Αν και ο <N1></N1> έχει έκτοτε υποστεί αρκετές ανακατασκευές, οι πλάκες ξυλομάλλου εξακολουθούν να αποτελούν την επιλογή των αρμοδίων, ακόμη και πάνω από 80 χρόνια από την αρχική τους χρήση.	Although the cinema has since undergone several refurbishments, wood wool panels are still the solution of choice more than 80 years later.				
FALSE					
					
Πρόκειται για βιοκλιματική <L1>πέργκολα</L1> και είναι ένα πρωτοποριακό σύστημα εξ' ολοκλήρου από αλουμίνιο με περιστρεφόμενες περσίδες το οποίο παρέχει προστασία από την ηλιακή ακτινοβολία σε συνθήκες ηλιοφάνειας αλλά και από την βροχή με σύστημα ελεγχόμενης απορροής υδάτων.	It is a bioclimatic pergola and is an innovative system made entirely of aluminum with rotating blinds which provides protection from sunlight...	στέγαστρο σκεπή σκέπαστρο πέργκολα			
Πρόκειται για βιοκλιματικό <N1>σκέπαστρο</N1> και είναι ένα πρωτοποριακό σύστημα εξ' ολοκλήρου από αλουμίνιο με περιστρεφόμενες περσίδες το οποίο παρέχει προστασία από την ηλιακή ακτινοβολία σε συνθήκες ηλιοφάνειας αλλά και από την βροχή με σύστημα ελεγχόμενης απορροής υδάτων.	It is a bioclimatic pergola and is an innovative system made entirely of aluminum with rotating blinds which provides protection from sunlight...				
TRUE					
					
Ο πολυβραβευμένος Έλληνας <L1>κινηματογραφικός</L1> δημιουργός, αποδεχόμενος την πρόταση του Καλλιτεχνικού Διευθυντή της ΕΛΣ Γιώργου Κουμεντάκη και της Διευθύντριας του ΝΕΟΝ Ελίνας Κουντούρη, υπέγραψε την παραγωγή, το σενάριο και τη σκηνοθεσία της ταινίας μικρού μήκους Βληχή, η οποία γυρίστηκε τον Φεβρουάριο του 2020 στην Τήνο, με πρωταγωνιστές τη βραβευμένη με Όσκαρ ηθοποιό Έμμα Στόουν και τον διακεκριμένο Γάλλο ηθοποιό Νταμιάν Μποννάρ.	The award-winning Greek filmmaker accepted the invitation extended by GNO Artistic Director Giorgos Koumendakis and NEON Director Elina Kountouri to produce, write, and direct the short film Bleat, shot on the Greek island of Tinos in February 2020, and starring Oscar-winning American actor Emma Stone and acclaimed French actor Damien Bonnard.				
Ο πολυβραβευμένος Έλληνας <N1></N1> δημιουργός, αποδεχόμενος την πρόταση του Καλλιτεχνικού Διευθυντή της ΕΛΣ Γιώργου Κουμεντάκη και της Διευθύντριας του ΝΕΟΝ Ελίνας Κουντούρη, υπέγραψε την παραγωγή, το σενάριο και τη σκηνοθεσία της ταινίας μικρού μήκους Βληχή, η οποία γυρίστηκε τον Φεβρουάριο του 2020 στην Τήνο, με πρωταγωνιστές τη βραβευμένη με Όσκαρ ηθοποιό Έμμα Στόουν και τον διακεκριμένο Γάλλο ηθοποιό Νταμιάν Μποννάρ.	The award-winning Greek filmmaker accepted the invitation extended by GNO Artistic Director Giorgos Koumendakis and NEON Director Elina Kountouri to produce, write, and direct the short film Bleat, shot on the Greek island of Tinos in February 2020, and starring Oscar-winning American actor Emma Stone and acclaimed French actor Damien Bonnard.				
FALSE					
					
Με τη βοήθεια του Μουσικού Σχολείου της Χίου, η μουσική παράδοση του τόπου βρίσκει συνέχεια στη νέα γενιά που προσεγγίζει το παραδοσιακό <L1>ρεπερτόριο</L1> και τα παραδοσιακά μουσικά όργανα και τους χορούς με το δικό της τρόπο.	Chios Music School helps the local youth in exploring and preserving the island's rich folk music repertoire, the traditional musical instruments and dances.	κατάλογος καταγραφή σύνολο μουσικών έργων ρεπερτόριο			
Με τη βοήθεια του Μουσικού Σχολείου της Χίου, η μουσική παράδοση του τόπου βρίσκει συνέχεια στη νέα γενιά που προσεγγίζει το παραδοσιακό <N1></N1> και τα παραδοσιακά μουσικά όργανα και τους χορούς με το δικό της τρόπο.	Chios Music School helps the local youth in exploring and preserving the island's rich folk music repertoire, the traditional musical instruments and dances.				
FALSE					
					
Βουτάμε τα <L1>σάντουιτς</L1> στη λιωμένη σοκολάτα και τα βάζουμε ξανά στην κατάψυξη μέχρι να σταθεροποιηθεί η σοκολάτα.	Stir the almonds into the melted chocolate. Spoon into clusters on wax paper lined baking sheets.				
Βουτάμε τα <N1></N1> στη λιωμένη σοκολάτα και τα βάζουμε ξανά στην κατάψυξη μέχρι να σταθεροποιηθεί η σοκολάτα.	Stir the almonds into the melted chocolate. Spoon into clusters on wax paper lined baking sheets.				
FALSE					
					
Η ισορροπία μεταξύ των ακριβών ποσών κάθε ουσίας σε κάθε <L1>κάψα</L1> γυρίζει την ομορφιά σώματος όχι μόνο ο πιό σύγχρονος και καινοτόμος τύπος στην αγορά αλλά και εγγυάται ένα πραγματικό και ορατό αποτέλεσμα για καθέναν από τους πελάτες μας.	The balance between the exact amounts of each substance in each capsule turns Body Beauty not only the most modern and innovative formula on the market but also guarantees a real and visible result for every one of our clients.				
Η ισορροπία μεταξύ των ακριβών ποσών κάθε ουσίας σε κάθε <N1></N1> γυρίζει την ομορφιά σώματος όχι μόνο ο πιό σύγχρονος και καινοτόμος τύπος στην αγορά αλλά και εγγυάται ένα πραγματικό και ορατό αποτέλεσμα για καθέναν από τους πελάτες μας.	The balance between the exact amounts of each substance in each capsule turns Body Beauty not only the most modern and innovative formula on the market but also guarantees a real and visible result for every one of our clients.				
FALSE					
					
Ένα <L1>ατού</L1> αυτής της κατασκευής είναι ότι αφήνει να περνά από μέσα της το φως και τα χρώματα του φυσικού περιβάλλοντος, δίνοντάς της μια όψη χαμαιλέοντα!	This has the effect of passing through the light and the colors of the natural environment, giving it a look of chameleon!	πλεονέκτημα ατού			
Ένα <N1>πλεονέκτημα</N1> αυτής της κατασκευής είναι ότι αφήνει να περνά από μέσα της το φως και τα χρώματα του φυσικού περιβάλλοντος, δίνοντάς της μια όψη χαμαιλέοντα!	This has the effect of passing through the light and the colors of the natural environment, giving it a look of chameleon!				
TRUE					
					
Τα γήινα και <L1>παστέλ</L1> χρώματα που κυριαρχούν στους χώρους και η ρομαντική ατμόσφαιρα που δημιουργείται, ταξιδεύει τον επισκέπτη σε στιγμές απόλυτης ηρεμίας και χαλάρωσης.	The earth and pastel colors that dominate the site and the romantic atmosphere created, traveling visitors in moments of absolute calm and relaxation.				
Τα γήινα και <N1></N1> χρώματα που κυριαρχούν στους χώρους και η ρομαντική ατμόσφαιρα που δημιουργείται, ταξιδεύει τον επισκέπτη σε στιγμές απόλυτης ηρεμίας και χαλάρωσης.	The earth and pastel colors that dominate the site and the romantic atmosphere created, traveling visitors in moments of absolute calm and relaxation.				
FALSE					
					
Εν τω μεταξύ, οι αποθήκες και οι κουζίνες του χωριού είναι επίσης γεμάτες με αυτούς τους καρπούς, καθώς οι Πρεσπιώτες παρασκευάζουν μαρμελάδες, γλυκά και <L1>λικέρ</L1> για να διατηρήσουν τα, γεμάτα χρώματα και κάθε είδους, μούρα.	Meanwhile the village storerooms and kitchens are also filled with these harvests as Prespiots prepare jams, sweets and liqueurs to preserve the colourful berries.	ηδύποτο λικέρ			
Εν τω μεταξύ, οι αποθήκες και οι κουζίνες του χωριού είναι επίσης γεμάτες με αυτούς τους καρπούς, καθώς οι Πρεσπιώτες παρασκευάζουν μαρμελάδες, γλυκά και <N1></N1> για να διατηρήσουν τα, γεμάτα χρώματα και κάθε είδους, μούρα.	Meanwhile the village storerooms and kitchens are also filled with these harvests as Prespiots prepare jams, sweets and liqueurs to preserve the colourful berries.				
FALSE					
					
Από τη διερεύνηση στο παρελθόν, εντοπίζονται ψήγματα που επιθυμούν, μέσα από την σύντομη ανάλυση τους, να αποδώσουν καρπούς όσο αφορά την ατομική και τη συλλογική αυτονομία, με τρόπο ικανό να παραγάγουν ωφέλιμους συνειρμούς και σκέψεις. Οι <L1>καρτ ποστάλ</L1> είναι η εικονοποίηση συμπερασμάτων που χρησιμοποιούνται στη ροή των σκέψεων-παραδειγμάτων ή άλλες φορές αποτελούν αυτόνομα μικρο-σχόλια.	By studying the past, are detected points that lead, after a short analysis, to conclusions on personal and collective autonomy, in such a way so as to derive useful thoughts and questions The postcards are the representation of conclusions that are made through the phrasing of thoughts and examples, or in other cases are separated micro-comments.				
Από τη διερεύνηση στο παρελθόν, εντοπίζονται ψήγματα που επιθυμούν, μέσα από την σύντομη ανάλυση τους, να αποδώσουν καρπούς όσο αφορά την ατομική και τη συλλογική αυτονομία, με τρόπο ικανό να παραγάγουν ωφέλιμους συνειρμούς και σκέψεις. Οι <N1></N1> ποστάλ είναι η εικονοποίηση συμπερασμάτων που χρησιμοποιούνται στη ροή των σκέψεων-παραδειγμάτων ή άλλες φορές αποτελούν αυτόνομα μικρο-σχόλια.	By studying the past, are detected points that lead, after a short analysis, to conclusions on personal and collective autonomy, in such a way so as to derive useful thoughts and questions The postcards are the representation of conclusions that are made through the phrasing of thoughts and examples, or in other cases are separated micro-comments.				
FALSE					
					
Από τις κατσαρίδες το καλύτερο πράγμα είναι μια <L1>βόμβα</L1> καπνού Αθόρυβο βράδυ.	From cockroaches the best thing is a smoke bomb Silent evening.				
Από τις κατσαρίδες το καλύτερο πράγμα είναι μια <N1></N1> καπνού Αθόρυβο βράδυ.	From cockroaches the best thing is a smoke bomb Silent evening.				
FALSE					
					
Η <L1>υδροθεραπεία</L1> παχέος εντέρου είναι μία διαδεδομένη εδώ και αρκετές δεκαετίες μέθοδος καθαρισμού του παχέος εντέρου στο εξωτερικό.	Colon hydrotherapy is a widespread procedure common in many developed countries for many decades now.				
Η <N1></N1> παχέος εντέρου είναι μία διαδεδομένη εδώ και αρκετές δεκαετίες μέθοδος καθαρισμού του παχέος εντέρου στο εξωτερικό.	Colon hydrotherapy is a widespread procedure common in many developed countries for many decades now.				
FALSE					
					
Πέρασα τις δύο πρώτες εβδομάδες σε μια φυλακή στο Κολόμπους του Οχάιο, και την πρώτη μέρα έμεινα στο <L1>κελί</L1> μου.	I spent the first two weeks in a prison in Columbus, Ohio, and I stayed in my cell the first day.				
Πέρασα τις δύο πρώτες εβδομάδες σε μια φυλακή στο Κολόμπους του Οχάιο, και την πρώτη μέρα έμεινα στο <N1></N1> μου.	I spent the first two weeks in a prison in Columbus, Ohio, and I stayed in my cell the first day.				
FALSE					
					
Μεταξύ αυτών, φορεσιά της κυρα-Φροσύνης, <L1>πορτοφόλι</L1> της κυρα-Βασιλικής, καριοφίλι του Αλή Πασά, σημαία-λάβαρο από την Ήπειρο, σπάθη του Ζαχομήλιου, <L2>πίπα</L2> του Αθανασίου Τσακάλωφ, πινακίδα με αναγραφή από τα χέρια του Μάρκου Μπότσαρη.	Among them, the dress of Lady Frosyni, the purse of Lady Vasiliki, the flintlock of Ali Pasha, the banner-flag from Epirus, the sword of Zachomilios, the pipe of Athanasios Tsakalof, the plate with an inscription hand-written by Markos Botsaris.	καπνοσύριγγα πίπα τσιμπούκι καπνιστήρι			
Μεταξύ αυτών, φορεσιά της κυρα-Φροσύνης, <N1>πορτοφόλι</N1> της κυρα-Βασιλικής, καριοφίλι του Αλή Πασά, σημαία-λάβαρο από την Ήπειρο, σπάθη του Ζαχομήλιου, <N2>καπνιστήρι</N2> του Αθανασίου Τσακάλωφ, πινακίδα με αναγραφή από τα χέρια του Μάρκου Μπότσαρη.	Among them, the dress of Lady Frosyni, the purse of Lady Vasiliki, the flintlock of Ali Pasha, the banner-flag from Epirus, the sword of Zachomilios, the pipe of Athanasios Tsakalof, the plate with an inscription hand-written by Markos Botsaris.				
TRUE					
					
Σε αυτό, μπορείτε όχι μόνο να αλλάξετε την ποιότητα του έφηβη <L1>γκέι</L1> πορνό βίντεο κατά τη διάρκεια της παράστασης, αλλά και να αλλάξετε την ταχύτητά του εάν μια συγκεκριμένη στιγμή σας φαίνεται βαρετή, αυτή είναι μια εξαιρετικά χρήσιμη λειτουργία.	In it, you can not only change the quality of the mature teen hunk sex clips right during the show but also change its speed if a certain moment seems boring to you, this is an incredibly useful function.	ομοφυλόφιλος γκέι			
Σε αυτό, μπορείτε όχι μόνο να αλλάξετε την ποιότητα του έφηβη <N1>ομοφυλόφιλος</N1> πορνό βίντεο κατά τη διάρκεια της παράστασης, αλλά και να αλλάξετε την ταχύτητά του εάν μια συγκεκριμένη στιγμή σας φαίνεται βαρετή, αυτή είναι μια εξαιρετικά χρήσιμη λειτουργία.	In it, you can not only change the quality of the mature teen hunk sex clips right during the show but also change its speed if a certain moment seems boring to you, this is an incredibly useful function.				
TRUE					
					
Αφήστε το <L1>παντεσπάνι</L1> να κρυώσει εντελώς και στη συνέχεια κόψτε το σε 3 στρώσεις.	Let the cake cool completely before cutting it into 3 layers.				
Αφήστε το <N1></N1> να κρυώσει εντελώς και στη συνέχεια κόψτε το σε 3 στρώσεις.	Let the cake cool completely before cutting it into 3 layers.				
FALSE					
					
Δεν υπάρχει καμία ένδειξη ότι το άτομο που ανέβασε τηνν <L1>παρτιτούρα</L1> πήρε/έχει άδεια για να υποβάλλει το αρχείο.	There is no indication of copyright status in the file itself.	μουσικό χειρόγραφο παρτιτούρα			
Δεν υπάρχει καμία ένδειξη ότι το άτομο που ανέβασε το<N1>μουσικό χειρόγραφο</N1> πήρε/έχει άδεια για να υποβάλλει το αρχείο.	There is no indication of copyright status in the file itself.				
TRUE					
					
Η ενότητα δημόσια έκδοση χρησιμοποιείται συνήθως στην αγορά, με αποτέλεσμα η <L1>λάμπα</L1> και η μονάδα Η μάσκα να μην ταιριάζουν σοβαρά.	The  public version  module is commonly used in the market, resulting in the lamp and the module The mask is severely mismatched.	λάμπα λαμπτήρας λυχνία			
Η ενότητα δημόσια έκδοση χρησιμοποιείται συνήθως στην αγορά, με αποτέλεσμα η <N1>λυχνία</N1> και η μονάδα Η μάσκα να μην ταιριάζουν σοβαρά.	The  public version  module is commonly used in the market, resulting in the lamp and the module The mask is severely mismatched.				
TRUE					
					
Όπως και την δεκαετία του 1930, ο <L1>καπιταλισμός</L1> αυτοκτονεί, οδεύοντας προς το νεοφασισμό, και αυτό δεν έχει τίποτα να κάνει με την αντισυστημική αριστερά ή την αστική πολιτιστική ελίτ.	As in the 1930s, capitalism today commits suicide, and risks collapsing into a state of neo-fascism. This development has nothing to do with the anti-capitalist Left or the intellectual elites.	καπιταλισμός κεφαλαιοκρατία			
Όπως και την δεκαετία του 1930, ο <N1></N1> αυτοκτονεί, οδεύοντας προς το νεοφασισμό, και αυτό δεν έχει τίποτα να κάνει με την αντισυστημική αριστερά ή την αστική πολιτιστική ελίτ.	As in the 1930s, capitalism today commits suicide, and risks collapsing into a state of neo-fascism. This development has nothing to do with the anti-capitalist Left or the intellectual elites.				
FALSE					
					
Ασυνήθιστο βοηθητικό τραπεζάκι ή <L1>κομοδίνο</L1> από μπετο και ξύλο δρυ.	Exceptional side or bedside table made of concrete and oak.	τραπεζάκι κρεβατιού κομοδίνο			
Ασυνήθιστο βοηθητικό τραπεζάκι ή <N1></N1> από μπετο και ξύλο δρυ.	Exceptional side or bedside table made of concrete and oak.				
FALSE					
					
Υπάρχουν ενυδατικές θεραπείες θρέψης και τόνωσης του χρώματος τις οποίες μπορείτε να εφαρμόσετε με ασφάλεια στα μαλλιά σας και να τα προστατεύσετε από τον ήλιο, τη θάλασσα και το <L1>χλώριο</L1> της πισίνας.	There are moisturizing nourishing and toning treatments that you can apply safely to your hair and protect them from the sun, sea and pool chlorine.				
Υπάρχουν ενυδατικές θεραπείες θρέψης και τόνωσης του χρώματος τις οποίες μπορείτε να εφαρμόσετε με ασφάλεια στα μαλλιά σας και να τα προστατεύσετε από τον ήλιο, τη θάλασσα και το <N1></N1> της πισίνας.	There are moisturizing nourishing and toning treatments that you can apply safely to your hair and protect them from the sun, sea and pool chlorine.				
FALSE					
					
Το χειμώνα θα τον βρείτε να αναζητά νέους προορισμούς <L1>σκι</L1> στην Ελλάδα και στο εξωτερικό.	During winter months, you might also find him skiing either in Greece or abroad.	σκι χιονοπέδιλα | σκι χιονοδρομία			
Το χειμώνα θα τον βρείτε να αναζητά νέους προορισμούς <N1>χιονοδρομίας</N1> στην Ελλάδα και στο εξωτερικό.	During winter months, you might also find him skiing either in Greece or abroad.				
TRUE					
					
Φλιτζάνι καφέ, <L1>στυλό</L1> και σημειωματάριο σε ξύλινο φόντο.	Cup of coffee, pen and notepad on wooden background.				
Φλιτζάνι καφέ, <N1></N1> και σημειωματάριο σε ξύλινο φόντο.	Cup of coffee, pen and notepad on wooden background.				
FALSE					
					
Για παράδειγμα, η πιθανότητα να πετύχετε τον επιλεγμένο αριθμό σε μια <L1>ρουλέτα</L1> (ευθεία): 1/37*100=2,7%.	For example, the probability of hitting the selected number on a roulette wheel (Straight): 1/37*100=2.7%	τροχός της τύχης ρουλέτα			
Για παράδειγμα, η πιθανότητα να πετύχετε τον επιλεγμένο αριθμό σε έναν <N1>τροχός της τύχης</N1> (ευθεία): 1/37*100=2,7%.	For example, the probability of hitting the selected number on a roulette wheel (Straight): 1/37*100=2.7%				
FALSE					
					
Θα ανέβουν ήρεμα στο <L1>ταβάνι</L1> και θα αρχίσουν να πηδούν πάνω σου από ψηλά.	They will calmly climb onto the ceiling and start jumping on you from above.	οροφή ταβάνι			
Θα ανέβουν ήρεμα στην <N1>οροφή</N1> και θα αρχίσουν να πηδούν πάνω σου από ψηλά.	They will calmly climb onto the ceiling and start jumping on you from above.				
TRUE					
					
Απλώνουμε τη μισή κρέμα πάνω απο τα σαβαγιάρ, παςπαλίζουμε κακάο, και στρώνουμε τα υπόλοιπα <L1>σαβαγιάρ</L1> απο πάνω.	Spread half the cream cheese mixture over the ladyfingers, and sprinkle with cocoa.				
Απλώνουμε τη μισή κρέμα πάνω απο τα σαβαγιάρ, παςπαλίζουμε κακάο, και στρώνουμε τα υπόλοιπα <N1></N1> απο πάνω.	Spread half the cream cheese mixture over the ladyfingers, and sprinkle with cocoa.				
FALSE					
					
Κόβουμε σε ροδέλες τα υπόλοιπα και τα βάζουμε σε ένα τηγάνι με 20 γρ. βούτυρο και μία <L1>πρέζα</L1> αλάτι για 5-6 λεπτά, προσθέτοντας και λίγο νερό.	Start heating the water for the pasta. Cut the chicken into cubes and cook it in a skillet with 1 tablespoon olive oil until it's no longer pink.				
Κόβουμε σε ροδέλες τα υπόλοιπα και τα βάζουμε σε ένα τηγάνι με 20 γρ. βούτυρο και μία <N1></N1> αλάτι για 5-6 λεπτά, προσθέτοντας και λίγο νερό.	Start heating the water for the pasta. Cut the chicken into cubes and cook it in a skillet with 1 tablespoon olive oil until it's no longer pink.				
FALSE					
					
Φαίνεται, λοιπόν, ότι ο <L1>ιδεαλισμός</L1> όπως αναπτύχθηκε από τους σχολαστικούς της Δύσεως, δημιούργησε αντίδραση και κατ' αυτόν τον τρόπο προέκυψε τόσο ο διαλεκτικός όσο και ο ιστορικός υλισμός.	It appears, therefore, that idealism as developed by Western scholastics provoked a certain reaction and this was the way that dialectic as well as historical materialism originated.				
Φαίνεται, λοιπόν, ότι ο <N1></N1> όπως αναπτύχθηκε από τους σχολαστικούς της Δύσεως, δημιούργησε αντίδραση και κατ' αυτόν τον τρόπο προέκυψε τόσο ο διαλεκτικός όσο και ο ιστορικός υλισμός.	It appears, therefore, that idealism as developed by Western scholastics provoked a certain reaction and this was the way that dialectic as well as historical materialism originated.				
FALSE					
					
Είναι μια φυσική ψυκτική ουσία και όχι ένας χλωροφθοράνθρακας όπως πολλά από τα συνθετικά ψυκτικά υγρά της αγοράς, τα οποία όταν απελευθερώνονται στην ατμόσφαιρα, φθάνουν τελικά στην <L1>στρατόσφαιρα</L1> και στο στρώμα όζοντος.	It is not a halocarbon like many of the synthetic refrigerants on the market. When halocarbons are released into the atmosphere, they eventually reach the stratosphere and the ozone layer.				
Είναι μια φυσική ψυκτική ουσία και όχι ένας χλωροφθοράνθρακας όπως πολλά από τα συνθετικά ψυκτικά υγρά της αγοράς, τα οποία όταν απελευθερώνονται στην ατμόσφαιρα, φθάνουν τελικά στην <N1></N1> και στο στρώμα όζοντος.	It is not a halocarbon like many of the synthetic refrigerants on the market. When halocarbons are released into the atmosphere, they eventually reach the stratosphere and the ozone layer.				
FALSE					
					
Σε <L1>θρίλερ</L1> για γερά νεύρα εξελίσσεται η εξαφάνιση του ταμία στο Δήμο Αρτέμιδος- Σπάτων.	The disappearance of the cashier in the municipality of Artemida- Spata resembles to a thriller movie.	θρίλερ αγωνία			
Σε <N1>αγωνία</N1> για γερά νεύρα εξελίσσεται η εξαφάνιση του ταμία στο Δήμο Αρτέμιδος- Σπάτων.	The disappearance of the cashier in the municipality of Artemida- Spata resembles to a thriller movie.				
TRUE					
					
Στη <L1>φάρμα</L1> προσφέρουν αναψυκτικά, καφέ, σνακς, αλλά και παραδοσιακά προϊόντα.	At their Farm they offer refreshments, coffee, snacks and traditional products.	αγροικία φάρμα 			
Στη <N1>αγροικία</N1> προσφέρουν αναψυκτικά, καφέ, σνακς, αλλά και παραδοσιακά προϊόντα.	At their Farm they offer refreshments, coffee, snacks and traditional products.				
TRUE					
					
Με μια ηλεκτρονική συσκευή ο <L1>κώδικας</L1> μεταφράζεται σε ψηφιακή πληροφορία και προσφέρει στον χρήστη πηγές με επιπλέον πληροφορίες.	With an electronic appliance the code is translated into digital information and offers the user sources with moreover information.	κωδικός κώδικας | κώδικας κώδικας υπολογιστή			
Με μια ηλεκτρονική συσκευή ο <N1></N1> μεταφράζεται σε ψηφιακή πληροφορία και προσφέρει στον χρήστη πηγές με επιπλέον πληροφορίες.	With an electronic appliance the code is translated into digital information and offers the user sources with moreover information.				
FALSE					
					
Η αριστερή άκρη του <L1>κασκόλ</L1> να είναι πιο κοντή και να βρίσκεται στο πάνω μέρος της δεξιάς άκρης.	The left edge of the scarf should be shorter and at the top of the right edge.				
Η αριστερή άκρη του <N1></N1> να είναι πιο κοντή και να βρίσκεται στο πάνω μέρος της δεξιάς άκρης.	The left edge of the scarf should be shorter and at the top of the right edge.				
FALSE					
					
Το <L1>πόκερ</L1> είναι ένα δημοφιλές διαδικτυακό παιχνίδι και είναι επιτακτική ανάγκη για το πώς παίζεται, τα χαρακτηριστικά του και πώς να κερδίσετε.	Poker is a popular online game, and its imperative to how it's played, its characteristics and how to win.				
Το <N1></N1> είναι ένα δημοφιλές διαδικτυακό παιχνίδι και είναι επιτακτική ανάγκη για το πώς παίζεται, τα χαρακτηριστικά του και πώς να κερδίσετε.	Poker is a popular online game, and its imperative to how it's played, its characteristics and how to win.				
FALSE					
					
Πόσους υδατάνθρακες έχει το <L1>τσίλι</L1> με κρέας και φασόλια; Δείτε αναλυτικά όλους τους υδατάνθρακες που περιέχει αυτή η τροφή, καθώς και την περιεκτικότητα τους ανά 100 γραμμάρια. Πόσους υδατάνθρακες έχει το κοτόπουλο <L2>αλά</L2> <L3>παρμεζάνα</L3> (ιταλικό πιάτο); Δείτε αναλυτικά όλους τους υδατάνθρακες που περιέχει αυτή η τροφή, καθώς και την περιεκτικότητα τους ανά 100 γραμμάρια.	See in detail all the carbohydrates contained in this food, as well as their content per 100 grams. How many carbs are in a chili with meat and beans? See in detail all the carbohydrates contained in this food, as well as their content per 100 grams.				
Πόσους υδατάνθρακες έχει το <N1></N1> με κρέας και φασόλια; Δείτε αναλυτικά όλους τους υδατάνθρακες που περιέχει αυτή η τροφή, καθώς και την περιεκτικότητα τους ανά 100 γραμμάρια. Πόσους υδατάνθρακες έχει το κοτόπουλο <N2></N2> <N3></N3> (ιταλικό πιάτο); Δείτε αναλυτικά όλους τους υδατάνθρακες που περιέχει αυτή η τροφή, καθώς και την περιεκτικότητα τους ανά 100 γραμμάρια.	See in detail all the carbohydrates contained in this food, as well as their content per 100 grams. How many carbs are in a chili with meat and beans? See in detail all the carbohydrates contained in this food, as well as their content per 100 grams.				
FALSE					
					
Μια από τις πιο κλασσικές και εξεζητημένες γεύσεις του χαλβά, είναι ο <L1>χαλβάς</L1> με φιστίκια.	One of the most classic and delicious flavors of halva is, halva wholegrain.				
Μια από τις πιο κλασσικές και εξεζητημένες γεύσεις του χαλβά, είναι ο <N1></N1> με φιστίκια.	One of the most classic and delicious flavors of halva is, halva wholegrain.				
FALSE					
					
Κάθε γυναίκα έχει το δικό της <L1>γούστο</L1> στα ρούχα, στα αξεσουάρ και τα παπούτσια και παίρνει πληροφορίες από πολλές πηγές.	Every woman has her own style in clothes, accessories and shoes and she gets inspired from many sources, like fashion magazines, surfing the...	γούστο διάκριση επιλεκτικότητα προτίμηση			
Κάθε γυναίκα έχει το δικιά της <N1>προτίμηση</N1> στα ρούχα, στα αξεσουάρ και τα παπούτσια και παίρνει πληροφορίες από πολλές πηγές.	Every woman has her own style in clothes, accessories and shoes and she gets inspired from many sources, like fashion magazines, surfing the...				
TRUE					
					
Παρόμοιος μη-πειστικός συλλογισμός συναντάται και στα επιχειρήματα για την θεραπευτική ικανότητα της προσευχής και για το ότι τα <L1>μέντιουμ</L1> λαμβάνουν μηνύματα από τους νεκρούς.	Similar unsound reasoning occurs in the arguments that intercessory prayer heals and that psychics get messages from the dead.				
Παρόμοιος μη-πειστικός συλλογισμός συναντάται και στα επιχειρήματα για την θεραπευτική ικανότητα της προσευχής και για το ότι τα <N1></N1> λαμβάνουν μηνύματα από τους νεκρούς.	Similar unsound reasoning occurs in the arguments that intercessory prayer heals and that psychics get messages from the dead.				
FALSE					
					
Η <L1>κόρνα</L1> ενεργοποιείται χρησιμοποιώντας το κουμπί στην αριστερή χειρολαβή.	The horn is activated using the button on the left handlebar.	σάλπιγγα κόρνα			
Η <N1>σάλπιγγα</N1> ενεργοποιείται χρησιμοποιώντας το κουμπί στην αριστερή χειρολαβή.	The horn is activated using the button on the left handlebar.				
TRUE					
					
Ο βραχίονας ασφαλίζει σταθερά στο <L1>ταμπλό</L1> ή στο παρμπρίζ του αυτοκινήτου και έτσι μπορεί να καλύψει διαφορετικές ανάγκες και εγγυάται ότι η συσκευή σας θα παραμείνει στην θέση της.	The holder has elements stabilizing the phone on the arms and on the part of the handle adjacent to the back of the device.	πίνακας ταμπλό			
Ο βραχίονας ασφαλίζει σταθερά στο <N1>πίνακα</N1> ή στο παρμπρίζ του αυτοκινήτου και έτσι μπορεί να καλύψει διαφορετικές ανάγκες και εγγυάται ότι η συσκευή σας θα παραμείνει στην θέση της.	The holder has elements stabilizing the phone on the arms and on the part of the handle adjacent to the back of the device.				
TRUE					
					
Στην αρχή, το <L1>τζαζ</L1> ήταν χορευτική μουσική, που είχαν στο ρεπερτόριο τους οι μεγάλες μπάντες.	At the outset, jazz was dance music, performed by swinging big bands.				
Στην αρχή, το <N1></N1> ήταν χορευτική μουσική, που είχαν στο ρεπερτόριο τους οι μεγάλες μπάντες.	At the outset, jazz was dance music, performed by swinging big bands.				
FALSE					
					
Με ένα μαχαιράκι αποκολλάτε προσεκτικά το <L1>σουφλέ</L1> από το ταψί και το σερβίρετε.	Remove the cake from the refrigerator and remove the plastic wrap.				
Με ένα μαχαιράκι αποκολλάτε προσεκτικά το <N1></N1> από το ταψί και το σερβίρετε.	Remove the cake from the refrigerator and remove the plastic wrap.				
FALSE					
					
Γνωριμία με τα αυτοφυή φυτά της χλωρίδας της Μεσογείου με σημαντική <L1>βοτανική</L1> και φυτοθεραπευτική αξία.	Acquaintance with native plants of the Mediterranean flora with significant botanical and phytotherapeutic value.	βοτανική φυτολογία			
Γνωριμία με τα αυτοφυή φυτά της χλωρίδας της Μεσογείου με σημαντική <N1>φυτολογία</N1> και φυτοθεραπευτική αξία.	Acquaintance with native plants of the Mediterranean flora with significant botanical and phytotherapeutic value.				
TRUE					
					
Αφήνουμε το αυτοκίνητο στην είσοδο του χωριού -δεν επιτρέπονται οχήματα εντός του οικισμού- και ακολουθούμε το κεντρικό <L1>καλντερίμι</L1> που οδηγεί στην πλατεία περνώντας από υπέροχα αναπαλαιωμένα κτίσματα.	We had to leave our car at the village entrance – no cars are allowed into the village – and ambled along the cobbled path leading to the square, passing lovingly restored mansions and houses.	δρομάκι καλντερίμι			
Αφήνουμε το αυτοκίνητο στην είσοδο του χωριού -δεν επιτρέπονται οχήματα εντός του οικισμού- και ακολουθούμε το κεντρικό <N1>δρομάκι</N1> που οδηγεί στην πλατεία περνώντας από υπέροχα αναπαλαιωμένα κτίσματα.	We had to leave our car at the village entrance – no cars are allowed into the village – and ambled along the cobbled path leading to the square, passing lovingly restored mansions and houses.				
TRUE					
					
Τα Λευκά, τα Κόκκινα, τα Ροζέ, τα Αφρώδη που μπορεί να είναι λευκά, κόκκινα και <L1>ροζέ</L1> και τα Επιδόρπια κρασιά, τα χρώματα των οποίων ποικίλουν από ξανθά και σκούρα καφέ μέχρι σκούρα κόκκινα.	White, Red, Rosé, Sparkling which can be red, white or rosé and dessert or fortified wines, in colors ranging from pale blond to deep tawny.				
Τα Λευκά, τα Κόκκινα, τα Ροζέ, τα Αφρώδη που μπορεί να είναι λευκά, κόκκινα και <N1></N1> και τα Επιδόρπια κρασιά, τα χρώματα των οποίων ποικίλουν από ξανθά και σκούρα καφέ μέχρι σκούρα κόκκινα.	White, Red, Rosé, Sparkling which can be red, white or rosé and dessert or fortified wines, in colors ranging from pale blond to deep tawny.				
FALSE					
					
Περιχύνουμε με το μείγμα του μπολ τα <L1>γιουβαρλάκια</L1> και ανακινούμε την κατσαρόλα απαλά να πάει παντού.	Pour the yoghurt mixture on the meatballs and gently shake the pot.				
Περιχύνουμε με το μείγμα του μπολ τα <N1></N1> και ανακινούμε την κατσαρόλα απαλά να πάει παντού.	Pour the yoghurt mixture on the meatballs and gently shake the pot.				
FALSE					
					
Το <L1>υποκατάστατο</L1> αυτό του καφέ έχει ένα υπέροχο πλούσιο άρωμα και είναι μια εξαιρετική εναλλακτική λύση καθώς δεν περιέχει καφεΐνη και είναι βιολογικό.	This coffee substitute has a wonderful rich aroma and is an excellent alternative as it does not contain caffeine and is organic.				
Το <N1></N1> αυτό του καφέ έχει ένα υπέροχο πλούσιο άρωμα και είναι μια εξαιρετική εναλλακτική λύση καθώς δεν περιέχει καφεΐνη και είναι βιολογικό.	This coffee substitute has a wonderful rich aroma and is an excellent alternative as it does not contain caffeine and is organic.				
FALSE					
					
Χειροποίητο κολιέ με <L1>πλακέ</L1> αλυσίδα απο μαργαριτάρια και κρυσταλλάκια σε σχήμα φύλλου,σε μπλέ-χρυσή απόχρωση. Χειροποίητα κοσμήματα κατασκευασμένα από ασήμι και ημιπολύτιμους λίθους. Εμπνευσμένα απο την Αντζελίνα.	Handmade earrings with gold chain made of natural marble stones, in gold-red shade. Handmade jewelry made of silver and semi-precious stones. Inspired by Angelina.	επικαλυμμένος πλακέ			
Χειροποίητο κολιέ με <N1>επικαλυμμένη</N1> αλυσίδα απο μαργαριτάρια και κρυσταλλάκια σε σχήμα φύλλου,σε μπλέ-χρυσή απόχρωση. Χειροποίητα κοσμήματα κατασκευασμένα από ασήμι και ημιπολύτιμους λίθους. Εμπνευσμένα απο την Αντζελίνα.	Handmade earrings with gold chain made of natural marble stones, in gold-red shade. Handmade jewelry made of silver and semi-precious stones. Inspired by Angelina.				
TRUE					
					
Σε αυτό, ένας επαγγελματίας ζωντανός <L1>κρουπιέρης</L1> δέχεται στοιχήματα σε πραγματικό χρόνο.	Here a professional live dealer is ready to accept bets in real-time.	δημοπράτης κρουπιέρης 			
Σε αυτό, ένας επαγγελματίας ζωντανός <N1>δημοπράτης</N1> δέχεται στοιχήματα σε πραγματικό χρόνο.	Here a professional live dealer is ready to accept bets in real-time.				
FALSE					
					
Συνήθως απαιτείται ένα <L1>μίνιμουμ</L1> 10 συνεδριών, για να υπάρξει ουσιαστικό όφελος.	Typically, a minimum of 10 sessions is required for substantial benefit to be achieved.	ελάχιστο μίνιμουμ			
Συνήθως απαιτείται ένα <N1>ελάχιστο</N1> 10 συνεδριών, για να υπάρξει ουσιαστικό όφελος.	Typically, a minimum of 10 sessions is required for substantial benefit to be achieved.				
TRUE					
					
Προσφέρεται το μοναδικό σύστημα μετακινούμενου άξονα με κινούμενη <L1>παντιέρα</L1> για κάθετη λειτουργία ρολλών με μεγάλο ύψος και με μεγάλη διάμετρο.	For shutters with big height and large diameter, there is a unique system of mobile shaft with mobile flag, which allows vertical shutter mode.	βάση παντιέρα στήριγμα σημαία			
Προσφέρεται το μοναδικό σύστημα μετακινούμενου άξονα με κινούμενη <N1>σημαία</N1> για κάθετη λειτουργία ρολλών με μεγάλο ύψος και με μεγάλη διάμετρο.	For shutters with big height and large diameter, there is a unique system of mobile shaft with mobile flag, which allows vertical shutter mode.				
TRUE					
					
Από την Αναγέννηση ως την <L1>ποπ</L1> αρτ.	From the Renaissance to pop art.				
Από την Αναγέννηση ως την <N1></N1> αρτ.	From the Renaissance to pop art.				
FALSE					
					
Κατά συνέπεια, εάν ο ιδιοκτήτης του αυτοκινήτου ρίχνει αραιωμένη <L1>βενζίνη</L1> στη δεξαμενή, αλλά το ποσοστό των απωλειών μπορεί να αυξηθεί.	Accordingly, if the car owner pours diluted gasoline into the tank, but the percentage of losses may increase.	καύσιμο βενζίνη			
Κατά συνέπεια, εάν ο ιδιοκτήτης του αυτοκινήτου ρίχνει αραιωμένη <N1>καύσιμο</N1> στη δεξαμενή, αλλά το ποσοστό των απωλειών μπορεί να αυξηθεί.	Accordingly, if the car owner pours diluted gasoline into the tank, but the percentage of losses may increase.				
TRUE					
					
Όταν ένα παιδί εμφανίζει πυελονεφρίτιδα, χρειάζεται να γίνει (αφού αποστειρωθούν τα ούρα του) ενδελεχής έλεγχος με υπερηχογράφημα, ανιούσα κυστεογραφία προς αναζήτηση της περίφημης κυστεονεφρικής παλινδρόμησης και συχνά <L1>σπινθηρογράφημα</L1> νεφρών, προς μέτρηση της νεφρικής λειτουργίας αλλά και αναζήτηση νεφρικών ουλών.	When a child makes pyelonephritis, needs to be done (after sterilized urine) a thorough examination with ultrasound, retrograde cystography, in search of the famous vesicorenal reflux and often renal scintigraphy, with measurement of renal function and renal scarring search.				
Όταν ένα παιδί εμφανίζει πυελονεφρίτιδα, χρειάζεται να γίνει (αφού αποστειρωθούν τα ούρα του) ενδελεχής έλεγχος με υπερηχογράφημα, ανιούσα κυστεογραφία προς αναζήτηση της περίφημης κυστεονεφρικής παλινδρόμησης και συχνά <N1></N1> νεφρών, προς μέτρηση της νεφρικής λειτουργίας αλλά και αναζήτηση νεφρικών ουλών.	When a child makes pyelonephritis, needs to be done (after sterilized urine) a thorough examination with ultrasound, retrograde cystography, in search of the famous vesicorenal reflux and often renal scintigraphy, with measurement of renal function and renal scarring search.				
FALSE					
					
Η κυτταρική <L1>βιολογία</L1> ασθενειών που οφείλονται σε διαταραχές των λυσοσωμάτων.	The cell biology of lysosomal storage disorders.	βιολογία βιολογική επιστήμη			
Η κυτταρική <N1></N1> ασθενειών που οφείλονται σε διαταραχές των λυσοσωμάτων.	The cell biology of lysosomal storage disorders.				
FALSE					
					
Αυτόνομη θέρμανση, εσωτερικό τζάκι, <L1>μπάρμπεκιου</L1> και απέχει 30 μέτρα από την θάλασσα με μεγάλη αυλή και μεγάλο μπαλκόνι	Autonomous heating, internal fireplace, barbecue and is 30 meters from the sea with large yard and large balcony	ψησταριά μπάρμπεκιου			
Αυτόνομη θέρμανση, εσωτερικό τζάκι, <N1>ψησταριά</N1> και απέχει 30 μέτρα από την θάλασσα με μεγάλη αυλή και μεγάλο μπαλκόνι	Autonomous heating, internal fireplace, barbecue and is 30 meters from the sea with large yard and large balcony				
TRUE					
					
Ωστόσο, όπως καταλαβαίνετε, σε προχωρημένες περιπτώσεις, τα καταφύγια για κατσαρίδες μπορούν να βρίσκονται σε όλο το δωμάτιο και ως εκ τούτου, όπως δείχνει η πρακτική, τα δηλητήρια <L1>αεροζόλ</L1> στα χέρια ενός απροετοίμαστου ατόμου απλά δεν δίνουν επαρκές αποτέλεσμα.	However, as you understand, in advanced cases, cockroach shelters can be located throughout the room, and as a result, as practice shows, aerosol poisons in the hands of an unprepared person simply do not give a sufficient effect.				
Ωστόσο, όπως καταλαβαίνετε, σε προχωρημένες περιπτώσεις, τα καταφύγια για κατσαρίδες μπορούν να βρίσκονται σε όλο το δωμάτιο και ως εκ τούτου, όπως δείχνει η πρακτική, τα δηλητήρια <N1></N1> στα χέρια ενός απροετοίμαστου ατόμου απλά δεν δίνουν επαρκές αποτέλεσμα.	However, as you understand, in advanced cases, cockroach shelters can be located throughout the room, and as a result, as practice shows, aerosol poisons in the hands of an unprepared person simply do not give a sufficient effect.				
FALSE					
					
Για άλλη μια φορά, ξεκινώντας με το κυρίαρχο χέρι σας, μπορείτε να αφαιρέσετε το άλλο <L1>γάντι</L1> τραβώντας το από το χέρι σας χωρίς να αγγίξετε το εξωτερικό.	Once again, beginning with your dominant hand you can remove the other glove peeling it off your hand without touching the outside.				
Για άλλη μια φορά, ξεκινώντας με το κυρίαρχο χέρι σας, μπορείτε να αφαιρέσετε το άλλο <N1></N1> τραβώντας το από το χέρι σας χωρίς να αγγίξετε το εξωτερικό.	Once again, beginning with your dominant hand you can remove the other glove peeling it off your hand without touching the outside.				
FALSE					
					
Αλλαγή χορδής ρακέτας <L1>τένις</L1> με επαγγελματικό πλέξιμο.	Change of tennis racket string with professional knitting.				
Αλλαγή χορδής ρακέτας <N1></N1> με επαγγελματικό πλέξιμο.	Change of tennis racket string with professional knitting.				
FALSE					
					
Είναι το μόνο καλό πρωινό που μπορείτε να επιτρέψετε σε ένα παιδί να φάει στο δρόμο, αντί για έτοιμα <L1>κρουασάν</L1> και τυρόπιτες.	It's the only good breakfast you can allow a kid to eat on the street, instead of ready-made croissants and cheeses.				
Είναι το μόνο καλό πρωινό που μπορείτε να επιτρέψετε σε ένα παιδί να φάει στο δρόμο, αντί για έτοιμα <N1></N1> και τυρόπιτες.	It's the only good breakfast you can allow a kid to eat on the street, instead of ready-made croissants and cheeses.				
FALSE					
					
Ο <L1>γυπαετός</L1> είναι το κυριότερο είδος, βάση του οποίου η ευρύτερη περιοχή των Σφακίων εντάχθηκε στους ευρωπαϊκούς δρυμούς 'Φύση 2000' το 2001.	The vulture is the main species, based on which the region of Sfakia joined in European forests 'Natura 2000' in 2001.				
Ο <N1></N1> είναι το κυριότερο είδος, βάση του οποίου η ευρύτερη περιοχή των Σφακίων εντάχθηκε στους ευρωπαϊκούς δρυμούς 'Φύση 2000' το 2001.	The vulture is the main species, based on which the region of Sfakia joined in European forests 'Natura 2000' in 2001.				
FALSE					
					
Όπως είναι αναμενόμενο, τα τέσσερα στάδια που αναφέρει ο Μωάμεθ έχουν λάθη και παραλείψεις, και δεν αναφέρουν τίποτε που απαιτεί <L1>μικροσκόπιο</L1> για να γίνει ορατό, για τον προφανή λόγο οτι τα μικροσκόπια εφευρέθηκαν μόλις το 17ο αιώνα.	Naturally, Muhammad's four stages have errors, and do not mention anything that requires a microscope to be seen, for the obvious reason that the microscopes were developed only in the 17th century.				
Όπως είναι αναμενόμενο, τα τέσσερα στάδια που αναφέρει ο Μωάμεθ έχουν λάθη και παραλείψεις, και δεν αναφέρουν τίποτε που απαιτεί <N1></N1> για να γίνει ορατό, για τον προφανή λόγο οτι τα μικροσκόπια εφευρέθηκαν μόλις το 17ο αιώνα.	Naturally, Muhammad's four stages have errors, and do not mention anything that requires a microscope to be seen, for the obvious reason that the microscopes were developed only in the 17th century.				
FALSE					
					
Έχουμε επισκευάσει πάνω από 2.000 <L1>σασμάν</L1> αυτοκινήτων ενώ πάνω στις επισκευές αυτοκινήτων και στις βελτιώσεις αυτοκινήτων σταδιοδρομούμε επαγγελματικά πάνω από 15 χρόνια.	We have repaired above 1000 gearboxes, while on the repairs of cars and in the improvements of cars we professionally step above 10 years.				
Έχουμε επισκευάσει πάνω από 2.000 <N1></N1> αυτοκινήτων ενώ πάνω στις επισκευές αυτοκινήτων και στις βελτιώσεις αυτοκινήτων σταδιοδρομούμε επαγγελματικά πάνω από 15 χρόνια.	We have repaired above 1000 gearboxes, while on the repairs of cars and in the improvements of cars we professionally step above 10 years.				
FALSE					
					
Φτιάξτε την δροσερή και ελαφριά <L1>τούρτα</L1> με στραγγιστό γιαούρτι ΔΩΔΩΝΗ & φράουλες!	Fresh and light Strawberry Cake with Dodoni strained yoghurt & strawberries.				
Φτιάξτε την δροσερή και ελαφριά <N1></N1> με στραγγιστό γιαούρτι ΔΩΔΩΝΗ & φράουλες!	Fresh and light Strawberry Cake with Dodoni strained yoghurt & strawberries.				
FALSE					
					
Χορταστικά μικρογεύματα σε τέσσερις λαχταριστές γεύσεις: παρμεζάνα, μπιφτέκι, κοτόπουλο και <L1>λουκάνικο</L1> με κρέμα κασεριού.	Filling meals with delicious flavors, such as Double Sausage, Chicken, Burger, Turkey with Parmesan				
Χορταστικά μικρογεύματα σε τέσσερις λαχταριστές γεύσεις: παρμεζάνα, μπιφτέκι, κοτόπουλο και <N1></N1> με κρέμα κασεριού.	Filling meals with delicious flavors, such as Double Sausage, Chicken, Burger, Turkey with Parmesan				
FALSE					
					
Το <L1>φούτερ</L1> έχει κουκούλα και τσέπες.	The sweatshirt has a hood and pockets.				
Το <N1></N1> έχει κουκούλα και τσέπες.	The sweatshirt has a hood and pockets.				
FALSE					
					
Ποσοτική ανάλυση και αιτιολόγηση: Οι φοιτητές αναμένεται να επιδείξουν την ικανότητά τους να εφαρμόζουν ποσοτικές αναλυτικές διαδικασίες για την επίλυση προβλημάτων και ευκολία στη χρήση αριθμών που υποστηρίζουν τη λήψη αποφάσεων, με χρήση τους στη διοικητική και χρηματοοικονομική λογιστική, στη στατιστική, στη <L1>μικροοικονομία</L1> και μακροοικονομία, σε εκτιμήσεις και προβλέψεις, αξιοποιώντας τους αριθμοδείκτες και πραγματοποιώντας ανάλυση κόστους-οφέλους, όλα υπό το πρίσμα τόσο του εθνικού, όσο και του διεθνούς επιχειρηματικού περιβάλλοντος.	Quantitative Analysis and Reasoning: Students are expected to demonstrate their ability to apply quantitative analytical processes to solve problems and exhibit number processing skills as a way to support decision making in the context of management, financial accounting, statistics, microeconomics and macroeconomics, when they conduct estimations or when forecasting, and at the same time utilising those numbers when performing cost-benefit analysis within the context of the national and international business environment.				
Ποσοτική ανάλυση και αιτιολόγηση: Οι φοιτητές αναμένεται να επιδείξουν την ικανότητά τους να εφαρμόζουν ποσοτικές αναλυτικές διαδικασίες για την επίλυση προβλημάτων και ευκολία στη χρήση αριθμών που υποστηρίζουν τη λήψη αποφάσεων, με χρήση τους στη διοικητική και χρηματοοικονομική λογιστική, στη στατιστική, στη <N1></N1> και μακροοικονομία, σε εκτιμήσεις και προβλέψεις, αξιοποιώντας τους αριθμοδείκτες και πραγματοποιώντας ανάλυση κόστους-οφέλους, όλα υπό το πρίσμα τόσο του εθνικού, όσο και του διεθνούς επιχειρηματικού περιβάλλοντος.	Quantitative Analysis and Reasoning: Students are expected to demonstrate their ability to apply quantitative analytical processes to solve problems and exhibit number processing skills as a way to support decision making in the context of management, financial accounting, statistics, microeconomics and macroeconomics, when they conduct estimations or when forecasting, and at the same time utilising those numbers when performing cost-benefit analysis within the context of the national and international business environment.				
FALSE					
					
Κινητό <L1>πρεβάζι</L1> 7.	Mobile drop sill 7.	περβάζι πρεβάζι			
Κινητό <N1></N1> 7.	Mobile drop sill 7.				
FALSE					
					
Περιχύνουμε τα αβγά και ανακατεύουμε απαλά μέχρι να αρχίσει να δένει η <L1>ομελέτα</L1> (1 λεπτό).	Stir gently. Divide pasta between four plates; top with shrimp and tomatoes.				
Περιχύνουμε τα αβγά και ανακατεύουμε απαλά μέχρι να αρχίσει να δένει η <N1></N1> (1 λεπτό).	Stir gently. Divide pasta between four plates; top with shrimp and tomatoes.				
FALSE					
					
Αυτή η <L1>κονσόλα</L1> θα τραβήξει εύκολα όλα τα παραγωγικά παιχνίδια.	This console will easily pull all productive toys.				
Αυτή η <N1></N1> θα τραβήξει εύκολα όλα τα παραγωγικά παιχνίδια.	This console will easily pull all productive toys.				
FALSE					
					
Αρθρωτός σχεδιασμός για ευελιξία και προσαρμοστικότητα:Αυτός ο ανακλινόμενος γωνιακός <L1>καναπές</L1> αρθρωτού σχεδιασμού έχει 5 τμχ.	Modular design for versatility & adaptability: This modular design reclining sectional corner sofa has 5pcs.	καθιστικό καναπές 			
Αρθρωτός σχεδιασμός για ευελιξία και προσαρμοστικότητα:Αυτός το ανακλινόμενο γωνιακό <N1>καθιστικό</N1> αρθρωτού σχεδιασμού έχει 5 τμχ.	Modular design for versatility & adaptability: This modular design reclining sectional corner sofa has 5pcs.				
TRUE					
					
Πώς μπορεί η <L1>ψυχοθεραπεία</L1> να με βοηθήσει με την επαγγελματική εξουθένωση;	How can psychotherapy help me with the burnout?	επιστήμη πνευματικής υγιεινής ψυχοθεραπεία			
Πώς μπορεί η <N1></N1> να με βοηθήσει με την επαγγελματική εξουθένωση;	How can psychotherapy help me with the burnout?				
FALSE					
					
Για καθαρό φινίρισμα, το φρένο και το κουδούνι ενσωματώνονται άνετα σε έναν μόνο αριστερό μοχλό και το <L1>γκάζι</L1> στα δεξιά, σε κοντινή απόσταση.	For a neat finish, the brake and bell are conveniently integrated on a single left lever and the throttle on the right, within easy reach.	αέριο γκάζι			
Για καθαρό φινίρισμα, το φρένο και το κουδούνι ενσωματώνονται άνετα σε έναν μόνο αριστερό μοχλό και το <N1></N1> στα δεξιά, σε κοντινή απόσταση.	For a neat finish, the brake and bell are conveniently integrated on a single left lever and the throttle on the right, within easy reach.				
FALSE					
					
Μοιράζουμε το <L1>ζελέ</L1> στα ποτήρια και βάζουμε στο ψυγείο μέχρι να παγώσει καλά, περίπου 1,5 ώρα. ΠΡΟΕΤΟΙΜΑΣΙΑ	Return the glasses back to the fridge for 1,5 hour, or until the jelly is set firm.				
Μοιράζουμε το <N1></N1> στα ποτήρια και βάζουμε στο ψυγείο μέχρι να παγώσει καλά, περίπου 1,5 ώρα. ΠΡΟΕΤΟΙΜΑΣΙΑ	Return the glasses back to the fridge for 1,5 hour, or until the jelly is set firm.				
FALSE					
					
Στην δεύτερη περίοδο, ο ΠΑΟΚ είχε το προβάδισμα, βρίσκοντας λύσεις στην επίθεση με τους Βαγγέλη Μαργαρίτη και Λίνο Χρυσικόπουλο, ωστόσο ο Ολυμπιακός έτρεξε ένα <L1>σερί</L1> 7-0 στο τελευταίο δίλεπτο και έκλεισε το πρώτο ημίχρονο έχοντας προβάδισμα 2 πόντων (36-34).	In the second quarter, PAOK maintained the lead, finding solutions in the offense thanks to Vangelis Margaritis and Linos Chrysikopoulos, however, Olympiacos ran a partial 7-0 in the last two minutes and closed the first half leading by 2 (36-34).	σειρά ακολουθία σερί			
Στην δεύτερη περίοδο, ο ΠΑΟΚ είχε το προβάδισμα, βρίσκοντας λύσεις στην επίθεση με τους Βαγγέλη Μαργαρίτη και Λίνο Χρυσικόπουλο, ωστόσο ο Ολυμπιακός έτρεξε μία <N1>σειρά</N1> 7-0 στο τελευταίο δίλεπτο και έκλεισε το πρώτο ημίχρονο έχοντας προβάδισμα 2 πόντων (36-34).	In the second quarter, PAOK maintained the lead, finding solutions in the offense thanks to Vangelis Margaritis and Linos Chrysikopoulos, however, Olympiacos ran a partial 7-0 in the last two minutes and closed the first half leading by 2 (36-34).				
TRUE					
					
Ωστόσο, δεν μπορούν όλοι οι σκύλοι να ανεχθούν το <L1>καρπούζι</L1> και είναι σημαντικό να το εισάγετε αργά στη διατροφή του σκύλου σας και να προσέχετε για τυχόν σημάδια αλλεργικών αντιδράσεων ή πεπτικών προβλημάτων.	However, not all dogs can tolerate watermelon, and it's important to introduce it slowly to your dog's diet and watch for any signs of allergic reactions or digestive problems.				
Ωστόσο, δεν μπορούν όλοι οι σκύλοι να ανεχθούν το <N1></N1> και είναι σημαντικό να το εισάγετε αργά στη διατροφή του σκύλου σας και να προσέχετε για τυχόν σημάδια αλλεργικών αντιδράσεων ή πεπτικών προβλημάτων.	However, not all dogs can tolerate watermelon, and it's important to introduce it slowly to your dog's diet and watch for any signs of allergic reactions or digestive problems.				
FALSE					
					
Το Εστιατόριο παρέχει πρωινό, σνακ (σάντουιτς. τόστ, <L1>χάμπουργκερ</L1> κ.ά.) και παραδοσιακές σπιτικές Ελληνικές και Κερκυραϊκές συνταγές όπου οι επισκέπτες μας μπορούν να γευτούν οποιαδήποτε ώρα και στιγμή καθώς η κουζίνα μας παραμένει ανοιχτή καθ' όλη την διάρκεια της ημέρας μέχρι αργά το βράδυ.	The Bar-Restaurant area provides breakfast, English breakfast, snacks and traditional home made Greek and Corfiot recipies that guests can enjoy, any time of the day.				
Το Εστιατόριο παρέχει πρωινό, σνακ (σάντουιτς. τόστ, <N1></N1> κ.ά.) και παραδοσιακές σπιτικές Ελληνικές και Κερκυραϊκές συνταγές όπου οι επισκέπτες μας μπορούν να γευτούν οποιαδήποτε ώρα και στιγμή καθώς η κουζίνα μας παραμένει ανοιχτή καθ' όλη την διάρκεια της ημέρας μέχρι αργά το βράδυ.	The Bar-Restaurant area provides breakfast, English breakfast, snacks and traditional home made Greek and Corfiot recipies that guests can enjoy, any time of the day.				
FALSE					
					
Η ελαφριά υφή διεισδύει βαθιά στα μαλλιά, όπου, χάρη στην προστατευτική μεμβράνη, τα προστατεύει από τη θερμότητα του <L1>σεσουάρ</L1> μαλλιων και της ισωτικής μασιάς.	Light texture penetrates deeply inside your hair structure, forming a protective filter that protects hair from heat damage of straightening irons and hair dryers.	πιστολάκι σεσουάρ			
Η ελαφριά υφή διεισδύει βαθιά στα μαλλιά, όπου, χάρη στην προστατευτική μεμβράνη, τα προστατεύει από τη θερμότητα του <N1></N1> μαλλιων και της ισωτικής μασιάς.	Light texture penetrates deeply inside your hair structure, forming a protective filter that protects hair from heat damage of straightening irons and hair dryers.				
FALSE					
					
Ειδικότερα για τους μουφτήδες στη Θράκη, όπως γνωρίζετε, ο <L1>μουφτής</L1> είναι ένα διττό όργανο, δεν είναι μόνο θρησκευτικός λειτουργός, αλλά πρωτίστως δικαστής, κρατικό όργανο, γιατί στην Ελλάδα, και στο πλαίσιο της Συνθήκης της Λωζάννης, ο μουφτής είναι πάνω από όλα υπεύθυνος για την εφαρμογή του νόμου της Σαρία, του παραδοσιακού ισλαμικού νόμου.	Especially for the muftis in Thrace, as you know, muftis is a double organ, it is not only religious minister, but first of all a judge, a state organ, because in Greece, and within the frame of the Treaty of Lausanne, mufti is first of all responsible for the implementation of the sharia law, the traditional Islamic law.				
Ειδικότερα για τους μουφτήδες στη Θράκη, όπως γνωρίζετε, ο <N1></N1> είναι ένα διττό όργανο, δεν είναι μόνο θρησκευτικός λειτουργός, αλλά πρωτίστως δικαστής, κρατικό όργανο, γιατί στην Ελλάδα, και στο πλαίσιο της Συνθήκης της Λωζάννης, ο μουφτής είναι πάνω από όλα υπεύθυνος για την εφαρμογή του νόμου της Σαρία, του παραδοσιακού ισλαμικού νόμου.	Especially for the muftis in Thrace, as you know, muftis is a double organ, it is not only religious minister, but first of all a judge, a state organ, because in Greece, and within the frame of the Treaty of Lausanne, mufti is first of all responsible for the implementation of the sharia law, the traditional Islamic law.				
FALSE					
					
Έχοντας πολλές δερματικές εφαρμογές, η καλέντουλα μπορεί να χρησιμοποιηθεί με αποτελεσματικότητα για την αντιμετώπιση δερματικών προβλημάτων, όπως μώλωπες και οιδήματα, σκασμένο δέρμα, ξηροδερμία και σκληρύνσεις, έρπητα, μύκητες, χιονίστρες, <L1>φλεβίτιδα</L1> και κιρσούς, μυρμηγκιές, αιμορροΐδες, ενώ προσφέρει ανακούφιση στα πρησμένα πόδια. Το τσάι από καλέντουλα, τονώνει τον οργανισμό προσφέροντας ευεξία, ενώ παράλληλα, ως φυσικό ηρεμιστικό καταπολεμά την νευρική ανησυχία και την ήπια κατάθλιψη και μελαγχολία.	Calendula is an herb for all skin types, protects sensitive skin, soothes and moisturizes dry and regulates oily skin while treating acne. The addition of calendula oil to beeswax gives extra protection from the sun's ultraviolet rays, as it is a mild natural sunscreen, while it has been proven to help treat and relieve broken blood vessels, and varicose veins.				
Έχοντας πολλές δερματικές εφαρμογές, η καλέντουλα μπορεί να χρησιμοποιηθεί με αποτελεσματικότητα για την αντιμετώπιση δερματικών προβλημάτων, όπως μώλωπες και οιδήματα, σκασμένο δέρμα, ξηροδερμία και σκληρύνσεις, έρπητα, μύκητες, χιονίστρες, <N1></N1> και κιρσούς, μυρμηγκιές, αιμορροΐδες, ενώ προσφέρει ανακούφιση στα πρησμένα πόδια. Το τσάι από καλέντουλα, τονώνει τον οργανισμό προσφέροντας ευεξία, ενώ παράλληλα, ως φυσικό ηρεμιστικό καταπολεμά την νευρική ανησυχία και την ήπια κατάθλιψη και μελαγχολία.	Calendula is an herb for all skin types, protects sensitive skin, soothes and moisturizes dry and regulates oily skin while treating acne. The addition of calendula oil to beeswax gives extra protection from the sun's ultraviolet rays, as it is a mild natural sunscreen, while it has been proven to help treat and relieve broken blood vessels, and varicose veins.				
FALSE					
					
Εύχαντρο κομπολόι από κεχριμπάρι Βαλτικής σε <L1>σαμπανιζέ</L1> και κονιάκ χρώμα, με εξαρτήματα από ασήμι 925 και χρυσό Κ_9 & Κ_14.	Baltic amber komboloi - efhantro in champagne and cognac color with accessories of sterling silver and gold K_9 & K_14.	Ανοιχτόχρωμο κίτρινο σαμπανιζέ			
Εύχαντρο κομπολόι από κεχριμπάρι Βαλτικής σε <N1>ανοιχτόχρωμο κίτρινο</N1> και κονιάκ χρώμα, με εξαρτήματα από ασήμι 925 και χρυσό Κ_9 & Κ_14.	Baltic amber komboloi - efhantro in champagne and cognac color with accessories of sterling silver and gold K_9 & K_14.				
TRUE					
					
6 Νοεμβρίου - Απαρτχάιντ: η Γενική Συνέλευση του Οργανισμού Ηνωμένων Εθνών περνάει ψήφισμα που καταδικάζει τις πολιτικές του <L1>απαρτχάιντ</L1> στη Νότια Αφρική και καλεί όλα τα κράτη μέλη του Ο.Η.Ε. να διακόψουν τις στρατιωτικές και οικονομικές σχέσεις με τη χώρα.	November 6 – Apartheid: The United Nations General Assembly passes a resolution condemning South Africa's racist apartheid policies and calls for all UN member states to cease military and economic relations with the nation.	διαχωρισμός απαρτχάιντ			
6 Νοεμβρίου - Απαρτχάιντ: η Γενική Συνέλευση του Οργανισμού Ηνωμένων Εθνών περνάει ψήφισμα που καταδικάζει τις πολιτικές του <N1>διαχωρισμού</N1> στη Νότια Αφρική και καλεί όλα τα κράτη μέλη του Ο.Η.Ε. να διακόψουν τις στρατιωτικές και οικονομικές σχέσεις με τη χώρα.	November 6 – Apartheid: The United Nations General Assembly passes a resolution condemning South Africa's racist apartheid policies and calls for all UN member states to cease military and economic relations with the nation.				
TRUE					
					
Μιλήστε με σαφήνεια, ελαχιστοποιήστε τη χρήση της φρασεολογίας, εξαλείψτε το <L1>αργκό</L1>	Speak clearly, minimize the use of jargon, eliminate slang	ιδιόλεκτος αργκό			
Μιλήστε με σαφήνεια, ελαχιστοποιήστε τη χρήση της φρασεολογίας, εξαλείψτε η <N1>ιδιόλεκτος</N1>	Speak clearly, minimize the use of jargon, eliminate slang				
TRUE					
					
Σίγουρα στην <L1>πίτσα</L1> θέλετε να προσθέσετε τη μουστάρδα, <L2>μαγιονέζα</L2> και κέτσαπ.	Certainly on the pizza you want to add the mustard, mayonnaise and ketchup.				
Σίγουρα στην <N1></N1> θέλετε να προσθέσετε τη μουστάρδα, <N2></N2> και κέτσαπ.	Certainly on the pizza you want to add the mustard, mayonnaise and ketchup.				
FALSE					
					
Χρώματα: 0400 μαύρο, 2800 ανοιχτό <L1>γκρι</L1> μελανζέ	Colors: 0400 black, 2800 light grey melange	σταχτί γκρι			
Χρώματα: 0400 μαύρο, 2800 ανοιχτό <N1>σταχτί</N1> μελανζέ	Colors: 0400 black, 2800 light grey melange				
TRUE					
					
Ποιος θα φτάσει στο τέλος, εάν κάθε φορά το <L1>πιόνι</L1> κινείται 1 ή 2 βήματα μπροστά;	Who is going to reach the end if each time the pawn can be moved 1 or 2 steps ahead?	πεσσός πιόνι | ανδρείκελο μαριονέτα πιόνι υποχείριο			
Ποιος θα φτάσει στο τέλος, εάν κάθε φορά ο <N1>πεσσός</N1> κινείται 1 ή 2 βήματα μπροστά;	Who is going to reach the end if each time the pawn can be moved 1 or 2 steps ahead?				
TRUE					
					
Ο Ελευθεριάδης πέτυχε τους 12 από τους 15 πόντους του στο πρώτο ημίχρονο, δίνοντας έτσι την απαραίτητη ώθηση στον Φίλιππο προκειμένου να αποκτήσει διαφορά ασφαλείας (17-39 το <L1>σκορ</L1> στο 20') στην διάρκεια του πρώτου μέρους του παιχνιδιού.	During the first half, SferaSports played scored 12 points contributing significantly to the lead (17-39 in 20') of his team. Congrats Danis!	σκορ αποτέλεσμα			
Ο Ελευθεριάδης πέτυχε τους 12 από τους 15 πόντους του στο πρώτο ημίχρονο, δίνοντας έτσι την απαραίτητη ώθηση στον Φίλιππο προκειμένου να αποκτήσει διαφορά ασφαλείας (17-39 το <N1>αποτέλεσμα</N1> στο 20') στην διάρκεια του πρώτου μέρους του παιχνιδιού.	During the first half, SferaSports played scored 12 points contributing significantly to the lead (17-39 in 20') of his team. Congrats Danis!				
FALSE					
					
Τα πίσω καθίσματα επίσης χωρίζονται και αναδιπλώνονται σε αναλογία 40:20:40, αυξάνοντας τη χωρητικότητα του <L1>πορτμπαγκάζ</L1> έως και τα 1.378 λίτρα.	Plus, the back seats split and fold in a 40:20:40 configuration to boost the boot's capacity to up to 1,378 litres.				
Τα πίσω καθίσματα επίσης χωρίζονται και αναδιπλώνονται σε αναλογία 40:20:40, αυξάνοντας τη χωρητικότητα του <N1></N1> έως και τα 1.378 λίτρα.	Plus, the back seats split and fold in a 40:20:40 configuration to boost the boot's capacity to up to 1,378 litres.				
FALSE					
					
Τι λιπαρά έχει ο <L1>τόνος</L1> (κιτρινόπτερος);	What fat is in a tuna (yellowfin)?				
Τι λιπαρά έχει ο <N1></N1> (κιτρινόπτερος);	What fat is in a tuna (yellowfin)?				
FALSE					
					
(1) <L1>προτυποποίηση</L1> τυπικών προβλημάτων στην Μηχανική (2) ανάπτυξη μεθόδων για την επίλυσή των άνω προβλημάτων στον Η/Υ (3) γνώση των πράξεων κινητής υποδιαστολής στους Η/Υ και τις συνέπειές τους στους υπολογισμούς (4) επίγνωση των σφαλμάτων των αριθμητικών μεθόδων (5) επίγνωση της υπολογιστικής απόδοσης και αποτελεσματικότητας των αριθμητικών μεθόδων (6) πληροφόρηση για την ύπαρξη και χρήση Υπολογιστικών Αριθμητικών Βιβλιοθηκών και άλλων συναφών εργαλείων	Learning Outcomes (1) modeling typical problems in engineering (2) developing methods to solve these problems on a computer (3) knowledge of floating point operations in and their impact on computer calculations (4) knowledge of the errors committed by numerical methods (5) knowledge of computational efficiency and effectiveness of numerical methods (6) information on the existence and use of Numerical Libraries and other related tools				
(1) <N1></N1> τυπικών προβλημάτων στην Μηχανική (2) ανάπτυξη μεθόδων για την επίλυσή των άνω προβλημάτων στον Η/Υ (3) γνώση των πράξεων κινητής υποδιαστολής στους Η/Υ και τις συνέπειές τους στους υπολογισμούς (4) επίγνωση των σφαλμάτων των αριθμητικών μεθόδων (5) επίγνωση της υπολογιστικής απόδοσης και αποτελεσματικότητας των αριθμητικών μεθόδων (6) πληροφόρηση για την ύπαρξη και χρήση Υπολογιστικών Αριθμητικών Βιβλιοθηκών και άλλων συναφών εργαλείων	Learning Outcomes (1) modeling typical problems in engineering (2) developing methods to solve these problems on a computer (3) knowledge of floating point operations in and their impact on computer calculations (4) knowledge of the errors committed by numerical methods (5) knowledge of computational efficiency and effectiveness of numerical methods (6) information on the existence and use of Numerical Libraries and other related tools				
FALSE					
					
Αντρική χειμερινή φούτερ <L1>πιτζάμα</L1> από 100% βαμβακερό ύφασμα υψηλής ποιότητας.	Men's winter sweatshirt pyjama from 100% high quality cotton fabric.	μπιζάμα μπιτζάμα πιζάμα πιτζάμα νυχτικό			
Αντρική χειμερινή φούτερ <N1></N1> από 100% βαμβακερό ύφασμα υψηλής ποιότητας.	Men's winter sweatshirt pyjama from 100% high quality cotton fabric.				
FALSE					
					
Έπλυναν όλα τα πράγματα και τα έβαζαν σε σακούλες στο κρύο και μετά έβαφαν ό,τι μπορούσαν με <L1>μπογιά</L1> που στεγνώνει για 3 μέρες.	They washed all the things and put them in bags in the cold, and then they painted everything they could with paint that dries for 3 days.	βαφή μπογιά χρώμα			
Έπλυναν όλα τα πράγματα και τα έβαζαν σε σακούλες στο κρύο και μετά έβαφαν ό,τι μπορούσαν με <N1>βαφή</N1> που στεγνώνει για 3 μέρες.	They washed all the things and put them in bags in the cold, and then they painted everything they could with paint that dries for 3 days.				
TRUE					
					
Ένας <L1>μικροσκοπικός</L1> χώρος γεμάτος ποικιλίες κρασιών, καλή μουσική και νόστιμα μεζεδάκια και πού ξέρεις μπορεί να πετύχεις και κανέναν μεσήλικα Ιταλό να απαγγέλλει στίχους από ποιήματα σε μια διάλεκτο που σχεδόν κανείς πλέον δεν χρησιμοποιεί.	A tiny place filled with hundreds of different wine labels, great music and tasteful wine appetizers. Don't be surprised to find an elder Italian reading out poems in a forgotten language anyone's ever heard about in centuries!	μικρός μικροσκοπικός			
Ένας <N1></N1> χώρος γεμάτος ποικιλίες κρασιών, καλή μουσική και νόστιμα μεζεδάκια και πού ξέρεις μπορεί να πετύχεις και κανέναν μεσήλικα Ιταλό να απαγγέλλει στίχους από ποιήματα σε μια διάλεκτο που σχεδόν κανείς πλέον δεν χρησιμοποιεί.	A tiny place filled with hundreds of different wine labels, great music and tasteful wine appetizers. Don't be surprised to find an elder Italian reading out poems in a forgotten language anyone's ever heard about in centuries!				
FALSE					
					
Το δε πρόβλημα επιτείνεται από το γεγονός ότι το <L1>διοξείδιο</L1> του άνθρακα μένει ενεργό στην ατμόσφαιρα πολύ περισσότερο από ότι το <L2>μεθάνιο</L2> και άλλα αέρια του θερμοκηπίου.	The problem is compounded by the fact that carbon dioxide remains active in the atmosphere much more than methane and other greenhouse gases.				
Το δε πρόβλημα επιτείνεται από το γεγονός ότι το <N1></N1> του άνθρακα μένει ενεργό στην ατμόσφαιρα πολύ περισσότερο από ότι το <N2></N2> και άλλα αέρια του θερμοκηπίου.	The problem is compounded by the fact that carbon dioxide remains active in the atmosphere much more than methane and other greenhouse gases.				
FALSE					
					
Αν και η <L1>χοληστερίνη</L1> είναι απαραίτητη για τον οργανισμό, τα υψηλά επίπεδά της στο αίμα συνδέονται με βλάβες των αγγείων και καρδιαγγειακές παθήσεις.	High blood cholesterol is a serious risk for developing dangerous blood vessel diseases. It can also…				
Αν και η <N1></N1> είναι απαραίτητη για τον οργανισμό, τα υψηλά επίπεδά της στο αίμα συνδέονται με βλάβες των αγγείων και καρδιαγγειακές παθήσεις.	High blood cholesterol is a serious risk for developing dangerous blood vessel diseases. It can also…				
FALSE					
					
Γενικά, όλοι οι σφήκες στον κόσμο - και οι ευρωπαϊκοί και οι ιαπωνικοί, και η όμορφη κίτρινη δίχρωμη <L1>βέσπα</L1> - παρά ορισμένα χαρακτηριστικά γνωρίσματα, είναι εξίσου συγγενείς και ανήκουν στην οικογένεια των πραγματικών σφηκών.	In general, all the hornets in the world - both European and Japanese, and the beautiful yellow Vespa bicolor - despite some distinctive features, are equally related and belong to the family of real wasps.				
Γενικά, όλοι οι σφήκες στον κόσμο - και οι ευρωπαϊκοί και οι ιαπωνικοί, και η όμορφη κίτρινη δίχρωμη <N1></N1> - παρά ορισμένα χαρακτηριστικά γνωρίσματα, είναι εξίσου συγγενείς και ανήκουν στην οικογένεια των πραγματικών σφηκών.	In general, all the hornets in the world - both European and Japanese, and the beautiful yellow Vespa bicolor - despite some distinctive features, are equally related and belong to the family of real wasps.				
FALSE					
					
Όταν η <L1>λάμα</L1> έρχεται στην ανοικτή θέση το έμβολο ελατηρίου σπρώχνει το ρουλεμάν στην μπροστινή θέση ασφαλίζοντάς την.	When the blade is opened, a spring-loaded steel plunger drives the ball bearing forward to wedge between a ramp on the blade and an 'anvil' in the handle's steel insert.	λάμα λεπίδα			
Όταν η <N1>λεπίδα</N1> έρχεται στην ανοικτή θέση το έμβολο ελατηρίου σπρώχνει το ρουλεμάν στην μπροστινή θέση ασφαλίζοντάς την.	When the blade is opened, a spring-loaded steel plunger drives the ball bearing forward to wedge between a ramp on the blade and an 'anvil' in the handle's steel insert.				
TRUE					
					
Το <L1>βορικό</L1> οξύ και η αμμωνία βοήθησαν.	Boric acid and ammonia helped.				
Το <N1></N1> οξύ και η αμμωνία βοήθησαν.	Boric acid and ammonia helped.				
FALSE					
					
Το γλέντι συνεχίζεται επί της πλατείας, όπου τα <L1>γκρουπ</L1> επιδίδονται σε χορευτικές επιδείξεις, ενώ η μεγάλη γιορτή κορυφώνεται με την καύση του βασιλιά καρνάβαλου και τη ρίψη πυροτεχνημάτων.	The celebration continues on the main square of Messolonhgi, where all groups give dance shows, until the burning of King Carnival and the throwing of the fireworks.	γκρουπ συγκρότημα			
Το γλέντι συνεχίζεται επί της πλατείας, όπου τα <N1>συγκροτήματα</N1> επιδίδονται σε χορευτικές επιδείξεις, ενώ η μεγάλη γιορτή κορυφώνεται με την καύση του βασιλιά καρνάβαλου και τη ρίψη πυροτεχνημάτων.	The celebration continues on the main square of Messolonhgi, where all groups give dance shows, until the burning of King Carnival and the throwing of the fireworks.				
TRUE					
					
Πρόκειται για ένα ψηλό χόρτο (πόα), που μοιάζει μάλλον σαν καλάμι <L1>μπαμπού</L1> Το ρίζωμα σχηματίζει κάτω από το χώμα ένα δίκτυο, απ' όπου ξεκινούν δευτερεύοντες βλαστοί, κοντά στο μητρικό φυτό.	It is a tall grass, which looks rather like a bamboo cane. A network of rhizomes forms under the soil which sends up secondary shoots near the parent plant.				
Πρόκειται για ένα ψηλό χόρτο (πόα), που μοιάζει μάλλον σαν καλάμι <N1></N1> Το ρίζωμα σχηματίζει κάτω από το χώμα ένα δίκτυο, απ' όπου ξεκινούν δευτερεύοντες βλαστοί, κοντά στο μητρικό φυτό.	It is a tall grass, which looks rather like a bamboo cane. A network of rhizomes forms under the soil which sends up secondary shoots near the parent plant.				
FALSE					
					
Όπως ήταν αναμενόμενο, σ' αυτή τη χώρα ο αντιτούρκικος <L1>σοβινισμός</L1> αναδύεται από εθνικιστές κάθε απόχρωσης.	Predictably, in Greece, anti-Turkish chauvinism is being whipped up by nationalists of every stripe.	εθνικισμός εθνοκεντρισμός σοβινισμός			
Όπως ήταν αναμενόμενο, σ' αυτή τη χώρα ο αντιτούρκικος <N1>εθνοκεντρισμός</N1> αναδύεται από εθνικιστές κάθε απόχρωσης.	Predictably, in Greece, anti-Turkish chauvinism is being whipped up by nationalists of every stripe.				
TRUE					
					
Το μεγαλόπρεπο αυτό <L1>ραβέντι</L1> είναι ένα γιγάντιο φυλλοβόλο πολυετές, που αναπτύσσεται ως λαχανικό.	The noble rhubarb is a giant deciduous perennial grown as a vegetable.	ρήον ραβέντι			
Το μεγαλόπρεπο αυτό <N1></N1> είναι ένα γιγάντιο φυλλοβόλο πολυετές, που αναπτύσσεται ως λαχανικό.	The noble rhubarb is a giant deciduous perennial grown as a vegetable.				
FALSE					
					
Η <L1>βεντούζα</L1> μπορεί να χωρέσει έως και 5 κιλά	The suction cup can hold up to 5kg				
Η <N1></N1> μπορεί να χωρέσει έως και 5 κιλά	The suction cup can hold up to 5kg				
FALSE					
					
Είναι αλήθεια ότι ο <L1>μπαμπάς</L1> σου και η μαμά σου μπορεί να βλέπουν τα πράγματα από διαφορετική οπτική γωνία.	True, your dad and mom may look at things from a different perspective.	μπαμπάς πατέρας 			
Είναι αλήθεια ότι ο <N1>πατέρας</N1> σου και η μαμά σου μπορεί να βλέπουν τα πράγματα από διαφορετική οπτική γωνία.	True, your dad and mom may look at things from a different perspective.				
TRUE					
					
Απομακρύνει τα φύκια, τα βρύα, το <L1>ιώδιο</L1> και όλες τις μορφές βρωμιάς από τα καταστρώματα <L2>τικ</L2> και τα έπιπλα κήπου χωρίς κόπο.	Removes algae, moss, mildew and all forms of dirt from teak decks and garden furniture effortlessly.				
Απομακρύνει τα φύκια, τα βρύα, το <N1></N1> και όλες τις μορφές βρωμιάς από τα καταστρώματα <N2></N2> και τα έπιπλα κήπου χωρίς κόπο.	Removes algae, moss, mildew and all forms of dirt from teak decks and garden furniture effortlessly.				
FALSE					
					
Συνδυάζεται ιδανικά με ξύλινο <L1>παπιγιόν</L1> με κόκκινες λεπτομέρειες και ψάθινο καπέλο με κόκκινη κορδέλα! Περιγραφή	Combines perfectly with a wooden bow tie with red details and a straw hat with a red ribbon! Description				
Συνδυάζεται ιδανικά με ξύλινο <N1></N1> με κόκκινες λεπτομέρειες και ψάθινο καπέλο με κόκκινη κορδέλα! Περιγραφή	Combines perfectly with a wooden bow tie with red details and a straw hat with a red ribbon! Description				
FALSE					
					
Μια <L1>γρίπη</L1> κατά την εγκυμοσύνη μπορεί να επιφέρει επιπλοκές, όπως βρογχίτιδα, πνευμονία, πρόωρο τοκετό ακόμη και εμβρυϊκό θάνατο.	Chronic health problems such as lupus, diabetes, and high blood pressure are associated with an increased chance of losing a pregnancy.	λοίμωξη λοιμώδης νόσος ίωση γρίπη			
Μια <N1></N1> κατά την εγκυμοσύνη μπορεί να επιφέρει επιπλοκές, όπως βρογχίτιδα, πνευμονία, πρόωρο τοκετό ακόμη και εμβρυϊκό θάνατο.	Chronic health problems such as lupus, diabetes, and high blood pressure are associated with an increased chance of losing a pregnancy.				
FALSE					
					
Ο Λένιν εξήγησε ότι ο <L1>ιμπεριαλισμός</L1> είναι ένα στάδιο του καπιταλισμού στο οποίο έχουν κυριαρχήσει τα μονοπώλια και το χρηματιστικό κεφάλαιο και ο κόσμος έχει μοιραστεί από μία χούφτα αντίπαλων καπιταλιστικών δυνάμεων.	Lenin explained that imperialism is a stage of capitalism in which monopolies and finance capital have become dominant and the world has been divided by a handful of rival capitalist powers.	επεκτατισμός ιμπεριαλισμός			
Ο Λένιν εξήγησε ότι ο <N1>επεκτατισμός</N1> είναι ένα στάδιο του καπιταλισμού στο οποίο έχουν κυριαρχήσει τα μονοπώλια και το χρηματιστικό κεφάλαιο και ο κόσμος έχει μοιραστεί από μία χούφτα αντίπαλων καπιταλιστικών δυνάμεων.	Lenin explained that imperialism is a stage of capitalism in which monopolies and finance capital have become dominant and the world has been divided by a handful of rival capitalist powers.				
TRUE					
					
Η υπόλοιπη ημέρα πέρασε με κοινές δραστηριότητες, όπως χριστουγεννιάτικες κατασκευές, <L1>τουρνουά</L1> πινκ πονκ και μουσική.	During the rest of the day, they shared activities such as Christmas crafts, ping pong tournament and music playing.	τουρνουά διαγωνισμός 			
Η υπόλοιπη ημέρα πέρασε με κοινές δραστηριότητες, όπως χριστουγεννιάτικες κατασκευές, <N1>διαγωνισμός</N1> πινκ πονκ και μουσική.	During the rest of the day, they shared activities such as Christmas crafts, ping pong tournament and music playing.				
TRUE					
					
Ο συγκεκριμένος συνεργάτης μαζί με τον <L1>βαν</L1> Γκογκ είχαν νωρίτερα σκηνοθετήσει ένα έργο που εξαγρίωσε τους Μουσουλμάνους.	That colleague and van Gogh had earlier directed a film that infuriated Muslims.				
Ο συγκεκριμένος συνεργάτης μαζί με τον <N1></N1> Γκογκ είχαν νωρίτερα σκηνοθετήσει ένα έργο που εξαγρίωσε τους Μουσουλμάνους.	That colleague and van Gogh had earlier directed a film that infuriated Muslims.				
FALSE					
					
Γαρνίρουμε την <L1>πιατέλα</L1> με <L2>πατάτα</L2> σε μορφή πουρέ.	Line a baking sheet with a silicone baking mat.				
Γαρνίρουμε την <N1></N1> με <N2></N2> σε μορφή πουρέ.	Line a baking sheet with a silicone baking mat.				
FALSE					
					
Και πάλι, ο επισκέπτης προβάλλει και αλληλεπιδρά με αυτόν τον ιστότοπο, ή <L1>πανό</L1> ή αναδυόμενα παράθυρα ή διαφημίσεις που εμφανίζονται πάνω του, με δική του ευθύνη.	Again, visitor views and interacts with this site, or banners or pop-ups or advertising displayed thereon, at his own risk.	διαφημιστική προβολή πανό			
Και πάλι, ο επισκέπτης προβάλλει και αλληλεπιδρά με αυτόν τον ιστότοπο, ή <N1></N1> ή αναδυόμενα παράθυρα ή διαφημίσεις που εμφανίζονται πάνω του, με δική του ευθύνη.	Again, visitor views and interacts with this site, or banners or pop-ups or advertising displayed thereon, at his own risk.				
FALSE					
					
Ξεκίνησε να παίζει <L1>ποδόσφαιρο</L1> στη γενέτειρα του Γκαμπόν.	He started playing football in his native country, Gabon.				
Ξεκίνησε να παίζει <N1></N1> στη γενέτειρα του Γκαμπόν.	He started playing football in his native country, Gabon.				
FALSE					
					
Τέλος, σε αυτά που χρησιμοποίηθηκε ενδομυελικός ήλος, η <L1>ψευδάρθρωση</L1> έφτασε το ποσοστό του 2%.	Finally, in those where an intramedullary nail was used, the pseudo-articulation rates reached 2%.				
Τέλος, σε αυτά που χρησιμοποίηθηκε ενδομυελικός ήλος, η <N1></N1> έφτασε το ποσοστό του 2%.	Finally, in those where an intramedullary nail was used, the pseudo-articulation rates reached 2%.				
FALSE					
					
Κατά την τοποθέτηση νέου ελαστικού σε <L1>ζάντα</L1> που απαιτεί τη χρήση αεροθαλάμου, θα πρέπει να τοποθετείται ταυτόχρονα και νέος αεροθάλαμος.	When fitting a new tyre on a rim requiring a tube, a new tube should be fitted at the same time.	τροχός  δαχτυλίδι τροχού ζάντα			
Κατά την τοποθέτηση νέου ελαστικού σε <N1>δαχτυλίδι τροχού</N1> που απαιτεί τη χρήση αεροθαλάμου, θα πρέπει να τοποθετείται ταυτόχρονα και νέος αεροθάλαμος.	When fitting a new tyre on a rim requiring a tube, a new tube should be fitted at the same time.				
TRUE					
					
Το εφαρμοστό μπούστο με χειροποίητο κέντημα από μικροσκοπικά λευκά και ανοιχτόχρωμα ροζ λουλουδάκια πάνω σε διάφανο τούλι και το ανοιχτό τετράγωνο ντεκολτέ αποκαλύπτει τα τόσο γοητευτικά κόκκαλα του λαιμού και μαζί με τα διακριτικά μανικάκια με φτερά <L1>μαραμπού</L1> και τη βελούδινη κορδέλα στη μέση, συμπληρώνουν τη σαγηνευτική φιγούρα.	Fitted bodice all crafted by tiny white and powed pink florals upon sheer tulle. Wide open square neckline reveals the -oh so charming- collar bones, beautiful cup sleeves with marabou feathers and velvet ribbon on the waist complete the whole seductive figure.				
Το εφαρμοστό μπούστο με χειροποίητο κέντημα από μικροσκοπικά λευκά και ανοιχτόχρωμα ροζ λουλουδάκια πάνω σε διάφανο τούλι και το ανοιχτό τετράγωνο ντεκολτέ αποκαλύπτει τα τόσο γοητευτικά κόκκαλα του λαιμού και μαζί με τα διακριτικά μανικάκια με φτερά <N1></N1> και τη βελούδινη κορδέλα στη μέση, συμπληρώνουν τη σαγηνευτική φιγούρα.	Fitted bodice all crafted by tiny white and powed pink florals upon sheer tulle. Wide open square neckline reveals the -oh so charming- collar bones, beautiful cup sleeves with marabou feathers and velvet ribbon on the waist complete the whole seductive figure.				
FALSE					
					
Χτυπάμε την κρέμα γάλακτος σε <L1>σαντιγί</L1> και την προσθέτουμε σταδιακά στην κρέμα, ανακατεύοντας συνέχεια μέχρι να απορροφηθεί τελείως.	At the end softly incorporate the heavy cream and let all the mixture chill in the fridge Serving				
Χτυπάμε την κρέμα γάλακτος σε <N1></N1> και την προσθέτουμε σταδιακά στην κρέμα, ανακατεύοντας συνέχεια μέχρι να απορροφηθεί τελείως.	At the end softly incorporate the heavy cream and let all the mixture chill in the fridge Serving				
FALSE					
					
-1 κιλό μοσχάρι, <L1>κιλότο</L1> κατά προτίμηση, χωρίς ορατό λίπος, κομμένο σε κύβους -12 καρδιές αγκινάρας, κατεψυγμένες ή φρέσκες -2 κουταλιές της σούπας ελαιόλαδο -2 λιωμένες σκελίδες σκόρδο -500γρ. ντομάτες φρέσκες ή κονσέρβας, ξεφλουδισμένες και κομμένες -Μισό φλιτζάνι κόκκινο ξηρό κρασί -1/4 της κουταλιάς του γλυκού ρίγανη -Αλατοπίπερο Εκτέλεση	-1 Kilo of beef, rump preferably without visible fat, cut into cubes -Artichoke hearts, frozen or fresh -2 Tablespoons of olive oil -2 melted cloves of garlic -500 gr. of fresh or canned tomatoes, peeled and chopped -Half a cup of dry red wine -1 / 4 teaspoon of fresh oregano - Salt and pepper;	ψαχνό κιλότο			
-1 κιλό μοσχάρι, <N1>ψαχνό</N1> κατά προτίμηση, χωρίς ορατό λίπος, κομμένο σε κύβους -12 καρδιές αγκινάρας, κατεψυγμένες ή φρέσκες -2 κουταλιές της σούπας ελαιόλαδο -2 λιωμένες σκελίδες σκόρδο -500γρ. ντομάτες φρέσκες ή κονσέρβας, ξεφλουδισμένες και κομμένες -Μισό φλιτζάνι κόκκινο ξηρό κρασί -1/4 της κουταλιάς του γλυκού ρίγανη -Αλατοπίπερο Εκτέλεση	-1 Kilo of beef, rump preferably without visible fat, cut into cubes -Artichoke hearts, frozen or fresh -2 Tablespoons of olive oil -2 melted cloves of garlic -500 gr. of fresh or canned tomatoes, peeled and chopped -Half a cup of dry red wine -1 / 4 teaspoon of fresh oregano - Salt and pepper;				
FALSE					
					
Πράγματι, τα περιλαίμια θα σας επιτρέψουν να αφαιρέσετε τις ψείρες μέσα σε μία έως δύο εβδομάδες, αλλά συχνά προκαλούν αλλεργίες και βλάβες στο <L1>παλτό</L1> στο σημείο που φοράτε.	Indeed, collars will allow you to remove lice within one to two weeks, but they often cause allergies and damage to the coat at the place of wearing.				
Πράγματι, τα περιλαίμια θα σας επιτρέψουν να αφαιρέσετε τις ψείρες μέσα σε μία έως δύο εβδομάδες, αλλά συχνά προκαλούν αλλεργίες και βλάβες στο <N1></N1> στο σημείο που φοράτε.	Indeed, collars will allow you to remove lice within one to two weeks, but they often cause allergies and damage to the coat at the place of wearing.				
FALSE					
					
Επίσης, απέκτησε χιλιάδες δούλους και έπαιξε <L1>πρωτεύοντα</L1> και πολλές φορές αποφασιστικό ρόλο στην διεθνή πολιτική.	He also owned thousands of slaves and often played a central and decisive role in international politics.				
Επίσης, απέκτησε χιλιάδες δούλους και έπαιξε <N1></N1> και πολλές φορές αποφασιστικό ρόλο στην διεθνή πολιτική.	He also owned thousands of slaves and often played a central and decisive role in international politics.				
FALSE					
					
Έχει ογκώδη μακριά μανίκια γυμνά ελαφρώς στον ώμο,τα οποία αλληλεπιδρούν πολύ ομαλά με τη <L1>σιφόν</L1> φούστα που συνδυάζεται με δαντέλα.	Long sheer tulle sleeves gather into buttoned polka dot cuffs trimmed with lace.				
Έχει ογκώδη μακριά μανίκια γυμνά ελαφρώς στον ώμο,τα οποία αλληλεπιδρούν πολύ ομαλά με τη <N1></N1> φούστα που συνδυάζεται με δαντέλα.	Long sheer tulle sleeves gather into buttoned polka dot cuffs trimmed with lace.				
FALSE					
					
Το προβάδισμα πέρασε και πάλι στα χέρια των αντιπάλων (10-13, 7'10''), αλλά Ούκιτς, Διαμαντίδης και Μπράμος ανέτρεψαν την εικόνα, για να διαμορφώσουν το 17-13 (8'45''), ενώ λίγο αργότερα ο Ραμέλ Κάρι έγραφε το 19-15 (9'35'') με <L1>σουτ</L1> από μέση απόσταση.	The situation changed again, as it would change again and again during the game. Printezis was there for a 10-13 (7'10''), while Ukic, Dimitris Diamantidis and Mike Bramos combined for 17-13 (8'45'').	βολή ρίψη σουτ 			
Το προβάδισμα πέρασε και πάλι στα χέρια των αντιπάλων (10-13, 7'10''), αλλά Ούκιτς, Διαμαντίδης και Μπράμος ανέτρεψαν την εικόνα, για να διαμορφώσουν το 17-13 (8'45''), ενώ λίγο αργότερα ο Ραμέλ Κάρι έγραφε το 19-15 (9'35'') με <N1>ρίψη</N1> από μέση απόσταση.	The situation changed again, as it would change again and again during the game. Printezis was there for a 10-13 (7'10''), while Ukic, Dimitris Diamantidis and Mike Bramos combined for 17-13 (8'45'').				
TRUE					
					
Το μείγμα της Ρώμης αντικατοπτρίζει τη γεύση της ρωμαϊκής γαστρονομικής παράδοσης για έναν έντονα αρωματισμένο <L1>εσπρέσο</L1> με απαράμιλλο άρωμα.	The Rome blend reflects the flavor o fhe Roman culinary tradition for an intensely-flavored espresso with apersistent aroma.				
Το μείγμα της Ρώμης αντικατοπτρίζει τη γεύση της ρωμαϊκής γαστρονομικής παράδοσης για έναν έντονα αρωματισμένο <N1></N1> με απαράμιλλο άρωμα.	The Rome blend reflects the flavor o fhe Roman culinary tradition for an intensely-flavored espresso with apersistent aroma.				
FALSE					
					
Αυτό μπορεί να επιτευχθεί αν σε κάθε <L1>πρόβα</L1> εστιάζεις στο ζέσταμα το οποίο συνιστά τη μετάβαση από την πολυάσχολη καθημερινότητά σου στη δουλειά του χορωδού.	This can be helped by focusing on the warm up each session which assists in the transition between your busy daily life and the job of being in a choir.	δοκιμή προετοιμασία πρόβα			
Αυτό μπορεί να επιτευχθεί αν σε κάθε <N1>προετοιμασία</N1> εστιάζεις στο ζέσταμα το οποίο συνιστά τη μετάβαση από την πολυάσχολη καθημερινότητά σου στη δουλειά του χορωδού.	This can be helped by focusing on the warm up each session which assists in the transition between your busy daily life and the job of being in a choir.				
TRUE					
					
Το <L1>κουστούμι</L1> είναι σίγουρα ένα από τα πιο βασικά κομμάτια της γυναικείας γκαρνταρόμπας.	Tags archives: winter-2 The suit is definitely a wardrobe basic piece.				
Το <N1></N1> είναι σίγουρα ένα από τα πιο βασικά κομμάτια της γυναικείας γκαρνταρόμπας.	Tags archives: winter-2 The suit is definitely a wardrobe basic piece.				
FALSE					
					
Γραβάτα εμπορίου Κόψαμε λοιπόν μια μεταξωτή <L1>γραβάτα</L1> του εμπορίου για να δείτε τι πραγματικά περιέχουν οι έτοιμες γραβάτες.	In order to visualise the scarf effect, we cut a  silk  factory tie, to view whats is really inside such a tie	γραβάτα λαιμοδέτης			
Γραβάτα εμπορίου Κόψαμε λοιπόν εναν μεταξωτό <N1>λαιμοδέτη</N1> του εμπορίου για να δείτε τι πραγματικά περιέχουν οι έτοιμες γραβάτες.	In order to visualise the scarf effect, we cut a  silk  factory tie, to view whats is really inside such a tie				
TRUE					
					
Έχετε χρόνο να εξουδετερώσετε τουλάχιστον μέρος του δηλητηρίου με οποιοδήποτε διαθέσιμο οξύ - επιτραπέζιο ξύδι, κιτρικό οξύ, ένα κομμάτι <L1>πορτοκάλι</L1> ή μήλο.	Have time to neutralize at least part of the poison with any available acid - table vinegar, citric acid, a piece of orange or apple.				
Έχετε χρόνο να εξουδετερώσετε τουλάχιστον μέρος του δηλητηρίου με οποιοδήποτε διαθέσιμο οξύ - επιτραπέζιο ξύδι, κιτρικό οξύ, ένα κομμάτι <N1></N1> ή μήλο.	Have time to neutralize at least part of the poison with any available acid - table vinegar, citric acid, a piece of orange or apple.				
FALSE					
					
Ανάλογα με το μέγεθος του <L1>κουπ πατ </L1> , βάζουμε την αντίστοιχη ποσότητα γέμισης.	According to the size of the ravioli apply an equivalent portion of the filling.	φόρμα καλούπι 			
Ανάλογα με το μέγεθος της <N1>φόρμας</N1>  βάζουμε την αντίστοιχη ποσότητα γέμισης.	According to the size of the ravioli apply an equivalent portion of the filling.				
TRUE					
					
Κλείνοντας, αναφέρονται οι συγκριτικές παρατηρήσεις μεταξύ του μυθοπλαστικού υλικού και της ευρύτερης επιστημονικής βιβλιογραφίας εξετάζοντας το βαθμό ετοιμότητας της κοινωνίας απέναντι στη <L1>βιονική</L1> εποχή.	Lastly, comparative remarks between the fictional media and the scientific sources are presented, extrapolating on the degree of preparedness of society towards the bionic era.				
Κλείνοντας, αναφέρονται οι συγκριτικές παρατηρήσεις μεταξύ του μυθοπλαστικού υλικού και της ευρύτερης επιστημονικής βιβλιογραφίας εξετάζοντας το βαθμό ετοιμότητας της κοινωνίας απέναντι στη <N1></N1> εποχή.	Lastly, comparative remarks between the fictional media and the scientific sources are presented, extrapolating on the degree of preparedness of society towards the bionic era.				
FALSE					
					
Δείκτης απόδοσης μπαταρίας: Όταν το <L1>ωτοσκόπιο</L1> είναι ενεργοποιημένο, η μέγιστη ένταση φωτός εμφανίζεται, στην συνέχεια η ένταση του φωτός ρυθμίζεται στο επίπεδο που αντιστοιχεί στην τρέχουσα κατάσταση φόρτισης της μπαταρίας, ώστε να ξέρετε πότε οι μπαταρίες σας χρειάζονται αλλαγή	Performance indicator battery: When the otoscope is enabled, the maximum intensity of light appears, then the light intensity is adjusted to a level that corresponds to the current state of charge of the battery, so you know when your batteries need changing.				
Δείκτης απόδοσης μπαταρίας: Όταν το <N1></N1> είναι ενεργοποιημένο, η μέγιστη ένταση φωτός εμφανίζεται, στην συνέχεια η ένταση του φωτός ρυθμίζεται στο επίπεδο που αντιστοιχεί στην τρέχουσα κατάσταση φόρτισης της μπαταρίας, ώστε να ξέρετε πότε οι μπαταρίες σας χρειάζονται αλλαγή	Performance indicator battery: When the otoscope is enabled, the maximum intensity of light appears, then the light intensity is adjusted to a level that corresponds to the current state of charge of the battery, so you know when your batteries need changing.				
FALSE					
					
Στη φουντουκόπαστα υπάρχει η δυνατότητα παρασκευής πάστας από ψημένο <L1>φουντούκι</L1> είτε με το δέρμα του (δηλαδή τον εσωτερικό φλοιό), είτε χωρίς αυτό.	Hazelnut paste may be made either with or without the skin (internal hull).				
Στη φουντουκόπαστα υπάρχει η δυνατότητα παρασκευής πάστας από ψημένο <N1></N1> είτε με το δέρμα του (δηλαδή τον εσωτερικό φλοιό), είτε χωρίς αυτό.	Hazelnut paste may be made either with or without the skin (internal hull).				
FALSE					
					
Ο καρπός είναι μια ελλειψοειδής <L1>δρύπη</L1> που ποικίλει σε μήκος από 4-12 εκατοστά.	The fruit is an ellipsoidal drupe which varies in length from 4 to 12 cm.				
Ο καρπός είναι μια ελλειψοειδής <N1></N1> που ποικίλει σε μήκος από 4-12 εκατοστά.	The fruit is an ellipsoidal drupe which varies in length from 4 to 12 cm.				
FALSE					
					
Επιπλέον, δεν είναι πάντα σαφές με ποια δραστική ουσία θα γεμίσει αυτό ή εκείνο το <L1>πούλι</L1> (είναι διαφορετικά) και πόσο ασφαλής είναι αυτή η ουσία για τον άνθρωπο.	In addition, it is far from always clear what active ingredient this or that checker will be filled with (they are different) and how safe this substance is for humans.				
Επιπλέον, δεν είναι πάντα σαφές με ποια δραστική ουσία θα γεμίσει αυτό ή εκείνο το <N1></N1> (είναι διαφορετικά) και πόσο ασφαλής είναι αυτή η ουσία για τον άνθρωπο.	In addition, it is far from always clear what active ingredient this or that checker will be filled with (they are different) and how safe this substance is for humans.				
FALSE					
					
Η μικρή <L1>μπότα</L1> του Άι Βασίλη και Ο παππούς Ευτυχής κατέχουν πια ξεχωριστή θέση στην καρδιά μας!	Santa's Little Boot  and  Grandpa Lucky  now hold a special place in our hearts!				
Η μικρή <N1></N1> του Άι Βασίλη και Ο παππούς Ευτυχής κατέχουν πια ξεχωριστή θέση στην καρδιά μας!	Santa's Little Boot  and  Grandpa Lucky  now hold a special place in our hearts!				
FALSE					
					
Αυτό το είδος <L1>μανικιούρ</L1> θα σε διευκολύνει στην καθημερινή σου ζωή, έχοντας διάρκεια τουλάχιστον δύο βδομάδες.	This type of manicure will make your daily life easier, lasting at least two weeks.				
Αυτό το είδος <N1></N1> θα σε διευκολύνει στην καθημερινή σου ζωή, έχοντας διάρκεια τουλάχιστον δύο βδομάδες.	This type of manicure will make your daily life easier, lasting at least two weeks.				
FALSE					
					
Η εμπειρία ήταν ιδιαίτερα πειστική, τόσο που με αποσυντόνισε από τη μάχη και βρήκα την επόμενη <L1>οβίδα</L1> να με περιμένει.	The experience was very convincing, so much in fact that it disorientated me in the middle of the battle and later I found the next missile with my name on it.	βλήμα πυρομαχικό οβίδα 			
Η εμπειρία ήταν ιδιαίτερα πειστική, τόσο που με αποσυντόνισε από τη μάχη και βρήκα το επόμενο <N1>βλήμα</N1> να με περιμένει.	The experience was very convincing, so much in fact that it disorientated me in the middle of the battle and later I found the next missile with my name on it.				
TRUE					
					
Η υπόνοια της δοσολογίας, επίσης στο δεξί μέρος κάθε Α όψης με τις οριζόντιες γραμμές, ενισχύει την άμεση οπτική κατανόηση του περιεχομένου, χωρίς απαραίτητα να υπάρχει η <L1>κλισέ</L1> περιγραφική απόδοση της σύριγγας.	The reference of dosage is also seen on each A side, being attributed by using horizontal lines, an element that enhances the direct visual understanding of the content, without necessarily having the cliché descriptive symbol of a syringe.	κοινότυπο στερεότυπο κλισέ 			
Η υπόνοια της δοσολογίας, επίσης στο δεξί μέρος κάθε Α όψης με τις οριζόντιες γραμμές, ενισχύει την άμεση οπτική κατανόηση του περιεχομένου, χωρίς απαραίτητα να υπάρχει η <N1>κοινότυπη</N1> περιγραφική απόδοση της σύριγγας.	The reference of dosage is also seen on each A side, being attributed by using horizontal lines, an element that enhances the direct visual understanding of the content, without necessarily having the cliché descriptive symbol of a syringe.				
TRUE					
					
Τα λουλούδια εμφανίζονται από Οκτώβριο μέχρι Δεκέμβριο, με χρώμα από <L1>κρεμ</L1> ως απαλό πράσινο, και έχουν σχήμα καμπάνας.	Flowers, appearing in October to December, are cream to pale green bell shaped flowers with pale pink to purple flecks in the throat of the bell.				
Τα λουλούδια εμφανίζονται από Οκτώβριο μέχρι Δεκέμβριο, με χρώμα από <N1></N1> ως απαλό πράσινο, και έχουν σχήμα καμπάνας.	Flowers, appearing in October to December, are cream to pale green bell shaped flowers with pale pink to purple flecks in the throat of the bell.				
FALSE					
					
Αφού το τοποθετήσουμε ανάμεσα στο <L1>μπράτσο</L1> και το σώμα μας, μπορούμε να αυξομειώσουμε την τονικότητα, πιέζοντας τα σχοινιά.	It has two drumheads connected by leather tension cords, which allow the player to modulate the pitch of the drum by squeezing the cords between their arm and body.				
Αφού το τοποθετήσουμε ανάμεσα στο <N1></N1> και το σώμα μας, μπορούμε να αυξομειώσουμε την τονικότητα, πιέζοντας τα σχοινιά.	It has two drumheads connected by leather tension cords, which allow the player to modulate the pitch of the drum by squeezing the cords between their arm and body.				
FALSE					
					
Συνδυάζουν κάποιες φορές περισσότερα από 2 υλικά π.χ. <L1>σουέτ</L1> με δερματίνη.	They sometimes combine more than 2 materials, e.g., suede with leatherette.				
Συνδυάζουν κάποιες φορές περισσότερα από 2 υλικά π.χ. <N1></N1> με δερματίνη.	They sometimes combine more than 2 materials, e.g., suede with leatherette.				
FALSE					
					
Κυκλοφορεί στην αγορά το <L1>τσίπουρο</L1> Τσιλιλή, το πρώτο που εμφιαλώνεται στη Θεσσαλία.	Tsipouro Tsilili is marketed, the first to be bottled in Thessaly.				
Κυκλοφορεί στην αγορά το <N1></N1> Τσιλιλή, το πρώτο που εμφιαλώνεται στη Θεσσαλία.	Tsipouro Tsilili is marketed, the first to be bottled in Thessaly.				
FALSE					
					
Συσκευασίες Ενός συστατικού, αδιάβροχο, υδατοδιάλυτο, <L1>αστάρι</L1> βασισμένο σε ειδικές ρητίνες νανοτεχνολογίας.	Packaging One component, waterproof, water-based primer based on special nanotechnology resins.				
Συσκευασίες Ενός συστατικού, αδιάβροχο, υδατοδιάλυτο, <N1></N1> βασισμένο σε ειδικές ρητίνες νανοτεχνολογίας.	Packaging One component, waterproof, water-based primer based on special nanotechnology resins.				
FALSE					
					
Το μέγεθος του δαχτυλιδιού στην άκρη του δείκτη μπορεί να ποικίλλει ανάλογα αν η <L1>ράμπα</L1> που χρησιμοποιεί ο παίκτης έχει κενό κατά μήκος των καναλιών της.	The ring at the end can vary, depending on whether the ramp used has gaps along the extensions or not.	κλίμακα ράμπα			
Το μέγεθος του δαχτυλιδιού στην άκρη του δείκτη μπορεί να ποικίλλει ανάλογα αν η <N1></N1> που χρησιμοποιεί ο παίκτης έχει κενό κατά μήκος των καναλιών της.	The ring at the end can vary, depending on whether the ramp used has gaps along the extensions or not.				
FALSE					
					
Αφαιρέστε με ένα δίσκο <L1>ντεμακιγιάζ</L1> ή ξεπλύνετε με χλιαρό νερό.	Remove with a makeup remover pad or rinse with lukewarm water.				
Αφαιρέστε με ένα δίσκο <N1></N1> ή ξεπλύνετε με χλιαρό νερό.	Remove with a makeup remover pad or rinse with lukewarm water.				
FALSE					
					
Κάναμε μια περιοδεία στην Αμερική και μετά κατέληξα να μπαίνω στη <L1>μπάντα</L1> το 2002 ή 2003.	We did an American tour and then ended up joining the band in 2002 or 2003.	μπάντα μουσικό συγκρότημα			
Κάναμε μια περιοδεία στην Αμερική και μετά κατέληξα να μπαίνω στο <N1>μουσικό συγκρότημα</N1> το 2002 ή 2003.	We did an American tour and then ended up joining the band in 2002 or 2003.				
TRUE					
					
Το <L1>φλαμίνγκο</L1> ή αλλιώς το φοινικόπτερο, το ροζ αυτό πτηνό που υπάρχει σ' όλο τον κόσμο και ξεχωρίζει για το χρώμα, τα ψηλόλιγνα λεπτά πόδια και τη γαμψή του μύτη, που να το φανταζόταν ότι φέτος θα είχε την τιμητική του.	The flamingo, or the Phoenicopterus, the pink bird you meet all over the world and stands out for its color, its tall thin legs and the crooked nose, couldn't imagine that it will be the trend of the season.				
Το <N1></N1> ή αλλιώς το φοινικόπτερο, το ροζ αυτό πτηνό που υπάρχει σ' όλο τον κόσμο και ξεχωρίζει για το χρώμα, τα ψηλόλιγνα λεπτά πόδια και τη γαμψή του μύτη, που να το φανταζόταν ότι φέτος θα είχε την τιμητική του.	The flamingo, or the Phoenicopterus, the pink bird you meet all over the world and stands out for its color, its tall thin legs and the crooked nose, couldn't imagine that it will be the trend of the season.				
FALSE					
					
Παρέχουμε πληροφορίες και διεκπεραιώσεις σχετικά με τα κορυφαία αξιοθέατα του νησιού (γραφικά χωριά, αρχαία αξιοθέατα, γκαλερί και μουσεία), τα καλύτερα καφέ, μπαρ και εστιατόρια, προτεινόμενες δραστηριότητες (κρουαζιέρες και εκδρομές, συνεδρίες γευσιγνωσίας οίνου, επισκέψεις αμπελώνων, πεζοπορία, ιππασία και θαλάσσια σπορ), ψυχαγωγία (κινηματογράφος, παραστάσεις, καλλιτεχνικές εκδηλώσεις και παραστάσεις), τις καλύτερες παραλίες και διάφορες ιδέες για ρομαντισμό (δημοφιλή ή μυστικά σημεία για <L1>πικνίκ</L1> και ρομαντικά δείπνα), ενδεικτικά.	We provide information and arrangements regarding the island's top attractions (including picturesque villages, ancient sites, galleries and museums), the finest cafes, bars and restaurants, recommended activities (cruises and excursions, wine tasting sessions, vineyard visits, trekking, horse riding and water sports), entertainment (cinema, shows, art events and performances), the best beaches and various ideas for romance (most popular or secret spots for picnics and romantic dinners), to mention but a few.				
Παρέχουμε πληροφορίες και διεκπεραιώσεις σχετικά με τα κορυφαία αξιοθέατα του νησιού (γραφικά χωριά, αρχαία αξιοθέατα, γκαλερί και μουσεία), τα καλύτερα καφέ, μπαρ και εστιατόρια, προτεινόμενες δραστηριότητες (κρουαζιέρες και εκδρομές, συνεδρίες γευσιγνωσίας οίνου, επισκέψεις αμπελώνων, πεζοπορία, ιππασία και θαλάσσια σπορ), ψυχαγωγία (κινηματογράφος, παραστάσεις, καλλιτεχνικές εκδηλώσεις και παραστάσεις), τις καλύτερες παραλίες και διάφορες ιδέες για ρομαντισμό (δημοφιλή ή μυστικά σημεία για <N1></N1> και ρομαντικά δείπνα), ενδεικτικά.	We provide information and arrangements regarding the island's top attractions (including picturesque villages, ancient sites, galleries and museums), the finest cafes, bars and restaurants, recommended activities (cruises and excursions, wine tasting sessions, vineyard visits, trekking, horse riding and water sports), entertainment (cinema, shows, art events and performances), the best beaches and various ideas for romance (most popular or secret spots for picnics and romantic dinners), to mention but a few.				
FALSE					
					
Η <L1>αφίσα</L1> του 17ου Πανελλήνιου Δασολογικού Συνεδρίου	The poster of the 17th Conference of the Hellenic Forestry Society	ανακοίνωση προκήρυξη αφίσα			
Η <N1></N1> του 17ου Πανελλήνιου Δασολογικού Συνεδρίου	The poster of the 17th Conference of the Hellenic Forestry Society				
FALSE					
					
Το <L1>σατινέ</L1> τονίζει κάθε απόχρωση, είτε είναι παστέλ, μεσαία ή σκούρα, δροσερή ή σκιώδη.	Satin enhances all tints, whether they are pastel, medium or dark, fresh or shaded.				
Το <N1></N1> τονίζει κάθε απόχρωση, είτε είναι παστέλ, μεσαία ή σκούρα, δροσερή ή σκιώδη.	Satin enhances all tints, whether they are pastel, medium or dark, fresh or shaded.				
FALSE					
					
Το ρεζερβουάρ του εν λόγω υγρού, ανάλογα με τον τύπο του οχήματος, βρίσκεται είτε στο χώρο αποσκευών κάτω από τη <L1>ρεζέρβα</L1> είτε στην άκρη του χώρου αποσκευών είτε δίπλα στο ρεζερβουάρ καυσίμου.	The cap for the tank for the mentioned fluid, depending on the vehicle type is either in the bunker below the spare wheel, on the side of the bunker or next to the fuel tank.	εφεδρική ρόδα εφεδρικό ελαστικό ρεζέρβα			
Το ρεζερβουάρ του εν λόγω υγρού, ανάλογα με τον τύπο του οχήματος, βρίσκεται είτε στο χώρο αποσκευών κάτω από το <N1>εφεδρικό ελαστικό</N1> είτε στην άκρη του χώρου αποσκευών είτε δίπλα στο ρεζερβουάρ καυσίμου.	The cap for the tank for the mentioned fluid, depending on the vehicle type is either in the bunker below the spare wheel, on the side of the bunker or next to the fuel tank.				
TRUE					
					
Ναι, ο <L1>μαέστρος</L1> είναι υπεύθυνος, αλλά το τελικό αποτέλεσμα εξαρτάται από κάθε έναν ξεχωριστά μέσα στη χορωδία.	Yes, the director is in charge, but the final result depends on every single individual in the choir.	διευθυντής ορχήστρας μαέστρος			
Ναι, ο <N1>διευθυντής ορχήστρας</N1> είναι υπεύθυνος, αλλά το τελικό αποτέλεσμα εξαρτάται από κάθε έναν ξεχωριστά μέσα στη χορωδία.	Yes, the director is in charge, but the final result depends on every single individual in the choir.				
TRUE					
					
Είναι απαραίτητο να αλλάξουμε τα πατώματα, φαίνεται ότι κρύβονται στα έγκατα του <L1>παρκέ</L1> ((Και όλα λόγω των γειτόνων, η κόρη μου λέει ότι πρέπει να τα βγάλουν έξω! Απάντηση Σαφή	It is necessary to change the floors, it seems that they are hiding in the bowels of the parquet ((And all because of the neighbors, my daughter says that they need to be taken out! Reply Clear				
Είναι απαραίτητο να αλλάξουμε τα πατώματα, φαίνεται ότι κρύβονται στα έγκατα του <N1></N1> ((Και όλα λόγω των γειτόνων, η κόρη μου λέει ότι πρέπει να τα βγάλουν έξω! Απάντηση Σαφή	It is necessary to change the floors, it seems that they are hiding in the bowels of the parquet ((And all because of the neighbors, my daughter says that they need to be taken out! Reply Clear				
FALSE					
					
Προσπαθήσαμε μέσα από τα προϊόντα μας, να στηρίξουμε το γιατί η ελιά αποτελεί το ιερό δέντρο καθώς και την ανεκτίμητη αξία των φυτών και των βοτάνων της Κρητικής γης που παράγουν ένα διαφορετικό μέλι, ένα διαφορετικό τυρί, κρασί, <L1>παξιμάδι</L1> κ.λ.π.	Through our products, we try to answer to questions such aswhy the olive tree is the sacred tree as well as the invaluable value of the plants and herbs of the Cretan land that produce a different honey, a different cheese, wine, nut, etc.				
Προσπαθήσαμε μέσα από τα προϊόντα μας, να στηρίξουμε το γιατί η ελιά αποτελεί το ιερό δέντρο καθώς και την ανεκτίμητη αξία των φυτών και των βοτάνων της Κρητικής γης που παράγουν ένα διαφορετικό μέλι, ένα διαφορετικό τυρί, κρασί, <N1></N1> κ.λ.π.	Through our products, we try to answer to questions such aswhy the olive tree is the sacred tree as well as the invaluable value of the plants and herbs of the Cretan land that produce a different honey, a different cheese, wine, nut, etc.				
FALSE					
					
Τα μολυσμένα προϊόντα διαθέτονταν στα καταστήματα λαινικής πώλησης: σκόρδο σε λάδι, γιαούρτι με φουντούκι, σάλτσες πατάτας, σάλτσες μελιτζάνας, σάλτσα μαύρου φασολιού, <L1>χούμους</L1> και χυμό καρότου διατηρημένος με απλή ψύξη.	The implicated products were commercial garlic-in-oil, hazelnut yoghurt, restaurant potato dip, restaurant aubergine dip, commercial black bean dip, commercial hummus and commercial refrigerated carrot juice.				
Τα μολυσμένα προϊόντα διαθέτονταν στα καταστήματα λαινικής πώλησης: σκόρδο σε λάδι, γιαούρτι με φουντούκι, σάλτσες πατάτας, σάλτσες μελιτζάνας, σάλτσα μαύρου φασολιού, <N1></N1> και χυμό καρότου διατηρημένος με απλή ψύξη.	The implicated products were commercial garlic-in-oil, hazelnut yoghurt, restaurant potato dip, restaurant aubergine dip, commercial black bean dip, commercial hummus and commercial refrigerated carrot juice.				
FALSE					
					
Λάβετε μέρος σε ζωντανές κάμερες πορνό, απολαύστε καυτό σεξ ενηλίκων και συνομιλήστε με <L1>σέξι</L1> γυναίκες!	Join our live porn cams for free and enjoy hot adult sex and live XXX shows!	ελκυστικός σέξι καυτός			
Λάβετε μέρος σε ζωντανές κάμερες πορνό, απολαύστε καυτό σεξ ενηλίκων και συνομιλήστε με <N1>ελκυστικές</N1> γυναίκες!	Join our live porn cams for free and enjoy hot adult sex and live XXX shows!				
TRUE					
					
Είναι Παρασκευή απόγευμα, γύρω στις 6:00, και ο 17χρονος Θάνος πάει <L1>φουριόζος</L1> προς την πόρτα.	It's six o'clock on a Friday night, and 17-year-old Jim is dashing toward the front door.	βιαστικός αναστατωμένος φουργιόζος 			
Είναι Παρασκευή απόγευμα, γύρω στις 6:00, και ο 17χρονος Θάνος πάει <N1>βιαστικός</N1> προς την πόρτα.	It's six o'clock on a Friday night, and 17-year-old Jim is dashing toward the front door.				
TRUE					
					
Ενοικιάζεται στο Κουμ Καπί δίχωρη <L1>γκαρσονιέρα</L1> 35 τ.μ.	For rent in Kum Kapi two-room studio 35 sq.m.				
Ενοικιάζεται στο Κουμ Καπί δίχωρη <N1></N1> 35 τ.μ.	For rent in Kum Kapi two-room studio 35 sq.m.				
FALSE					
					
Δίοδη ηλεκτρομαγνητική <L1>βάνα</L1> εν ηρεμιά κλειστή μηδενικής πιέσεως φυσικής ροής, εμβόλου άμεσης ενεργοποίησης.	Diode solenoid valve at rest closed zero pressure natural flow, direct actuation piston.	αναστροφέας βάνα			
Δίοδη ηλεκτρομαγνητική <N1>αναστροφέας</N1> εν ηρεμιά κλειστή μηδενικής πιέσεως φυσικής ροής, εμβόλου άμεσης ενεργοποίησης.	Diode solenoid valve at rest closed zero pressure natural flow, direct actuation piston.				
TRUE					
					
Αγγίζοντας απαλά την επιδερμίδα, αυτή η ελαφριά <L1>λοσιόν</L1> κίτρου αφήνει μια αίσθηση ευεξίας στο πέρασμά της.	Dancing softly over the skin, this light citrus lotion leaves a sense of wellbeing in its wake.				
Αγγίζοντας απαλά την επιδερμίδα, αυτή η ελαφριά <N1></N1> κίτρου αφήνει μια αίσθηση ευεξίας στο πέρασμά της.	Dancing softly over the skin, this light citrus lotion leaves a sense of wellbeing in its wake.				
FALSE					
					
Η αυλαία του θεάτρου Απόλλων άνοιξε με έναν ιταλικό θίασο που μεταξύ άλλων παραστάσεων ανέβασε την περίφημη ιταλική <L1>όπερα</L1> Τραβιάτα.	The Apollo Theater first opened its doors with an Italian theater troupe that among others performances staged the famous Italian opera La Traviata.				
Η αυλαία του θεάτρου Απόλλων άνοιξε με έναν ιταλικό θίασο που μεταξύ άλλων παραστάσεων ανέβασε την περίφημη ιταλική <N1></N1> Τραβιάτα.	The Apollo Theater first opened its doors with an Italian theater troupe that among others performances staged the famous Italian opera La Traviata.				
FALSE					
					
Επίσης, αντιαλλεργικό σιρόπι και μια φορά ήπιε μια <L1>αμπούλα</L1> δεξαμεθαζόνη στη μέση με νερό.	Also, anti-allergic syrup and a one-time drank an ampoule of dexamethasone in half with water.				
Επίσης, αντιαλλεργικό σιρόπι και μια φορά ήπιε μια <N1></N1> δεξαμεθαζόνη στη μέση με νερό.	Also, anti-allergic syrup and a one-time drank an ampoule of dexamethasone in half with water.				
FALSE					
					
Το παραδοσιακό Κυριακάτικο <L1>παζάρι</L1> προσελκύει τους τουρίστες.	The traditional Sunday bazaar attracts tourists.	αγορά παζάρι χώρος αγοράς | εμποροπανήγυρη παζάρι | αγορά παζάρι πιάτσα			
Η παραδοσιακή Κυριακάτικη <N1>αγόρα</N1> προσελκύει τους τουρίστες.	The traditional Sunday bazaar attracts tourists.				
TRUE					
					
Αυτό μπορεί να ισχύει για ένα ζεύγος που περιλαμβάνει το ραντ Νότιας Αφρικής ή το <L1>σελίνι</L1> Κένυας, για παράδειγμα.	This might apply to a pair that includes the South African rand or the Kenyan shilling, for instance.				
Αυτό μπορεί να ισχύει για ένα ζεύγος που περιλαμβάνει το ραντ Νότιας Αφρικής ή το <N1></N1> Κένυας, για παράδειγμα.	This might apply to a pair that includes the South African rand or the Kenyan shilling, for instance.				
FALSE					
					
Και για τα πρωινά και τα βραδινά γεύματα, σερβίρεται στους επισκέπτες <L1>μπουφές</L1> όπου μπορούν να δοκιμάσουν ό, τι θέλουν.	For both morning and evening meals, guests are served a buffet where they can taste whatever they want.	μπουφές σύνθετο τραπεζαρίας			
Και για τα πρωινά και τα βραδινά γεύματα, σερβίρεται στους επισκέπτες <N1></N1> όπου μπορούν να δοκιμάσουν ό, τι θέλουν.	For both morning and evening meals, guests are served a buffet where they can taste whatever they want.				
FALSE					
					
Ένα απλό τριγωνικό μοτίβο, εμπνευσμένο από τα θύματα της πρόσφατης θηριωδίας των <L1>ναζί</L1> εμφανίζεται σε όλη σχεδόν την έκταση του πάρκου.	A simple triangular pattern, inspired by the recent victims of Nazi brutality appears in almost the entire area of the square.				
Ένα απλό τριγωνικό μοτίβο, εμπνευσμένο από τα θύματα της πρόσφατης θηριωδίας των <N1></N1> εμφανίζεται σε όλη σχεδόν την έκταση του πάρκου.	A simple triangular pattern, inspired by the recent victims of Nazi brutality appears in almost the entire area of the square.				
FALSE					
					
Κυρίως χρησιμοποιείται ως υποκατάστατο του ρυζιού(πχ ως <L1>γαρνιτούρα</L1> με ψάρι ή κρέας, γεμιστές πιπεριές με κεχρί, σπανακοκεχρί, κεχρί με λαχανικά).	You can consume oat bran with milk at breakfast or with some vegetable beverage (eg almond milk, walnut, rice, etc.).	 διακόσμηση  συνοδευτικό γαρνιτούρα			
Κυρίως χρησιμοποιείται ως υποκατάστατο του ρυζιού(πχ ως <N1>συνοδευτικό</N1> με ψάρι ή κρέας, γεμιστές πιπεριές με κεχρί, σπανακοκεχρί, κεχρί με λαχανικά).	You can consume oat bran with milk at breakfast or with some vegetable beverage (eg almond milk, walnut, rice, etc.).				
TRUE					
					
Παιδικό σετ 2 τεμαχίων για αγόρια το οποίο αποτελείται από μπλούζα με κοντό μανίκι σε λευκή απόχρωση και εντυπωσιακό σχέδιο στο εμπρός μέρος και παντελόνι βερμούδα στο χρώμα της μέντας με <L1>ασορτί</L1> σχέδιο.	Children's set of 2 pieces for boys which consists of a blouse with a short sleeve in a white tint and an impressive design on the front and shorts trousers in the color of mint with a matching design.	ταιριαστό ασορτί			
Παιδικό σετ 2 τεμαχίων για αγόρια το οποίο αποτελείται από μπλούζα με κοντό μανίκι σε λευκή απόχρωση και εντυπωσιακό σχέδιο στο εμπρός μέρος και παντελόνι βερμούδα στο χρώμα της μέντας με <N1>ταιριαστό</N1> σχέδιο.	Children's set of 2 pieces for boys which consists of a blouse with a short sleeve in a white tint and an impressive design on the front and shorts trousers in the color of mint with a matching design.				
TRUE					
					
Σεϋχέλλες βρίσκεται στο <L1>αρχιπέλαγος</L1> στον Ινδικό Ωκεανό, βορειοανατολικά της Μαδαγασκάρης.	Seychelles is located in archipelago in the Indian Ocean, northeast of Madagascar.				
Σεϋχέλλες βρίσκεται στο <N1></N1> στον Ινδικό Ωκεανό, βορειοανατολικά της Μαδαγασκάρης.	Seychelles is located in archipelago in the Indian Ocean, northeast of Madagascar.				
FALSE					
					
Εξετάζει επισταμένα, θεωρητικά και πρακτικά, όλη την <L1>ψυχοφυσιολογία</L1> ανόδου τού διαλογισμού, τού φαινομένου άνθρωπος και νους, και παρέχει όλα τα πρακτικά εφόδια για την εσωτερικοποίηση και την επιτάχυνση της εξέλιξής μας με κύριο εργαλείο τον γνωστό στους πολλούς, κυρίως λεκτικά, Στοχασμό-Διαλογισμό-Μυστικισμό.	It examines knowingly, theoretically and practically, all the psychophysiology of anode of the meditation, of the phenomenon man and mind, and it provides all the practical supplies for the internalization and the acceleration of our evolution with basic tool the known to many principally verbally, Thought-Medidation-Mysticism.	νευροφυσιολογία νευροψυχολογία ψυχοφυσιολογία			
Εξετάζει επισταμένα, θεωρητικά και πρακτικά, όλη την <N1></N1> ανόδου τού διαλογισμού, τού φαινομένου άνθρωπος και νους, και παρέχει όλα τα πρακτικά εφόδια για την εσωτερικοποίηση και την επιτάχυνση της εξέλιξής μας με κύριο εργαλείο τον γνωστό στους πολλούς, κυρίως λεκτικά, Στοχασμό-Διαλογισμό-Μυστικισμό.	It examines knowingly, theoretically and practically, all the psychophysiology of anode of the meditation, of the phenomenon man and mind, and it provides all the practical supplies for the internalization and the acceleration of our evolution with basic tool the known to many principally verbally, Thought-Medidation-Mysticism.				
FALSE					
					
Δεν ξεχνάμε ανοιχτό το φως στο δωμάτιο που δεν βρισκόμαστε και τους φορτιστές στην <L1>πρίζα</L1> όταν δεν τους χρησιμοποιούμε.	Please do not  forget  the light in the room where you are not and the chargers in the socket when you do not use them.	ηλεκτρική υποδοχή πρίζα			
Δεν ξεχνάμε ανοιχτό το φως στο δωμάτιο που δεν βρισκόμαστε και τους φορτιστές στην <N1>ηλεκτρική υποδοχή</N1> όταν δεν τους χρησιμοποιούμε.	Please do not  forget  the light in the room where you are not and the chargers in the socket when you do not use them.				
TRUE					
					
όταν αυτή είναι προϊόν <L1>καρτέλ</L1> ή/και	when it is the outcome of a cartel and / or	συντεχνία καρτέλ			
όταν αυτή είναι προϊόν <N1>συντεχνίας</N1> ή/και	when it is the outcome of a cartel and / or				
TRUE					
					
Μαλακό για να το πατήσετε αλλά και να παίξετε πάνω του και με ανθεκτικό <L1>πέλος</L1> από ανακυκλωμένο πολυεστέρα από πλαστικό που έχει συλλεχθεί κατά μήκος των ακτών.	Soft to walk and play on – and with a hardwearing pile made of recycled polyester from plastic picked up from along coastlines.				
Μαλακό για να το πατήσετε αλλά και να παίξετε πάνω του και με ανθεκτικό <N1></N1> από ανακυκλωμένο πολυεστέρα από πλαστικό που έχει συλλεχθεί κατά μήκος των ακτών.	Soft to walk and play on – and with a hardwearing pile made of recycled polyester from plastic picked up from along coastlines.				
FALSE					
					
Η κοινωνική <L1>φοβία</L1> είναι πολύ σοβαρότερη από την απλή ντροπαλότητα ενώ το άγχος που συνεπάγεται μπορεί να επηρεάσει την καθημερινή λειτουργικότητα του ατόμου.	A social phobia is much more than this occasional nervousness. In individuals who have a social phobia, there is an intense and significant fear of social situations.				
Η κοινωνική <N1></N1> είναι πολύ σοβαρότερη από την απλή ντροπαλότητα ενώ το άγχος που συνεπάγεται μπορεί να επηρεάσει την καθημερινή λειτουργικότητα του ατόμου.	A social phobia is much more than this occasional nervousness. In individuals who have a social phobia, there is an intense and significant fear of social situations.				
FALSE					
					
ΠΑΠΙΑ: Συνθετική με επικάλυψη <L1>καμουφλάζ</L1> (βάλτου).	DUCK: Synthetic Coated Camouflage (marsh).	καμουφλάζ συγκάλυψη μεταμόρφωση παραλλαγή			
ΠΑΠΙΑ: Συνθετική με επικάλυψη <N1>συγκάλυψη</N1> (βάλτου).	DUCK: Synthetic Coated Camouflage (marsh).				
TRUE					
					
Σετ 2 τεμαχίων για αγόρια αποτελούμενο από γκρι μπλούζα με πράσινες λεπτομέρειες και <L1>χακί</L1> εμπριμέ βερμούδα.	Set of 2 pieces for boys consisting of gray blouse with green details and khaki printed bermuda.				
Σετ 2 τεμαχίων για αγόρια αποτελούμενο από γκρι μπλούζα με πράσινες λεπτομέρειες και <N1></N1> εμπριμέ βερμούδα.	Set of 2 pieces for boys consisting of gray blouse with green details and khaki printed bermuda.				
FALSE					
					
Ασχολείται με το <L1>μοντάζ</L1> και του αρέσει να σκηνοθετεί ταινίες κωμικού χαρακτήρα.	He is involved in video editing and he likes to direct comedy films.	σύνθεση επεξεργασία μοντάζ 			
Ασχολείται με το <N1></N1> και του αρέσει να σκηνοθετεί ταινίες κωμικού χαρακτήρα.	He is involved in video editing and he likes to direct comedy films.				
FALSE					
					
Από Αθήνα ή Θεσ/νικη με κατεύθυνση προς Λειανοκλάδι και συνεχίζετε με το <L1>βαγόνι</L1> του Προαστιακού μέχρι τη Στυλίδα.	From Athens or Thessaloniki with direction to Leanokladi you continue with the Suburban railway until Stylida.	οχήματα αμαξοστοιχίας βαγόνι			
Από Αθήνα ή Θεσ/νικη με κατεύθυνση προς Λειανοκλάδι και συνεχίζετε με το <N1>όχημα αμαξοστοιχίας</N1> του Προαστιακού μέχρι τη Στυλίδα.	From Athens or Thessaloniki with direction to Leanokladi you continue with the Suburban railway until Stylida.				
TRUE					
					
Το 2004 άρχισαν εργασίες ανακαίνισης του Αγίου Γεωργίου και οι ελπίδες ότι θα βρεθεί η <L1>καμπάνα</L1> με το χρυσό βόλι αναθερμάνθηκαν.	In 2004 renovating works of the Agios Georgios's church started and the hopes that the bell with the golden bullet would be found were reanimated.	κώδων καμπάνα			
Το 2004 άρχισαν εργασίες ανακαίνισης του Αγίου Γεωργίου και οι ελπίδες ότι θα βρεθεί ο <N1>κώδων</N1> με το χρυσό βόλι αναθερμάνθηκαν.	In 2004 renovating works of the Agios Georgios's church started and the hopes that the bell with the golden bullet would be found were reanimated.				
TRUE					
					
Προσφέρει βαθύ καθαρισμό αφαιρώντας τη λιπαρότητα και τα νεκρά κύτταρα, ενώ ταυτόχρονα προστατεύει τη φυσική <L1>βιόσφαιρα</L1> του δέρματος.	It offers deep cleansing by removing greasy and dead cells, while protecting the natural skin biosphere.				
Προσφέρει βαθύ καθαρισμό αφαιρώντας τη λιπαρότητα και τα νεκρά κύτταρα, ενώ ταυτόχρονα προστατεύει τη φυσική <N1></N1> του δέρματος.	It offers deep cleansing by removing greasy and dead cells, while protecting the natural skin biosphere.				
FALSE					
					
Υπάρχουν παιχνίδια που κάνει μια πραγματική <L1>κούρσα</L1> των δεινοσαύρων - θα πρέπει να εκτελέσετε ένα από τους συμμετέχοντες σε αυτόν τον αγώνα και να το φέρει στην γραμμή τερματισμού πρώτος.	There are games that are held true running dinosaurs - to manage one of the participants of the race and bring it to the finish line first.	κούρσα αγώνας			
Υπάρχουν παιχνίδια που κάνει έναν πραγματικό <N1>αγώνα</N1> των δεινοσαύρων - θα πρέπει να εκτελέσετε ένα από τους συμμετέχοντες σε αυτόν τον αγώνα και να το φέρει στην γραμμή τερματισμού πρώτος.	There are games that are held true running dinosaurs - to manage one of the participants of the race and bring it to the finish line first.				
TRUE					
					
Στο καλοδιατηρημένο <L1>τζαμί</L1> ενός Τούρκου Αγά που χτίστηκε στα 1730 μ.Χ. πάνω από την πλατεία Συντάγματος, στεγάστηκε η πρώτη Βουλή των Ελλήνων στο διάστημα 1825-6 μ.Χ.	In the well-preserved mosque of a Turkish Aga built in 1730 AD Above the Syntagma Square, the first Hellenic Parliament was housed in 1825-6 AD.	τζάμι			
Στο καλοδιατηρημένο <N1></N1> ενός Τούρκου Αγά που χτίστηκε στα 1730 μ.Χ. πάνω από την πλατεία Συντάγματος, στεγάστηκε η πρώτη Βουλή των Ελλήνων στο διάστημα 1825-6 μ.Χ.	In the well-preserved mosque of a Turkish Aga built in 1730 AD Above the Syntagma Square, the first Hellenic Parliament was housed in 1825-6 AD.				
FALSE					
					
Το <L1>πούρο</L1> αφήνεται σε θάλαμο ξήρανσης έως ότου φτάσει στο επιθυμητό επίπεδο υγρασίας (12% -13%).	The cigar is left in a drying chamber until it reaches the desired moisture level (12%-13%).				
Το <N1></N1> αφήνεται σε θάλαμο ξήρανσης έως ότου φτάσει στο επιθυμητό επίπεδο υγρασίας (12% -13%).	The cigar is left in a drying chamber until it reaches the desired moisture level (12%-13%).				
FALSE					
					
Ένα <L1>νορμάλ</L1> κλειδί συχνά είναι από 1200 έως 1500 γραμμάρια!	A normal key's weight is often from 1200 to 1500 grams!	φυσιολογικός νορμάλ			
Ένα <N1>φυσιολογικό</N1> κλειδί συχνά είναι από 1200 έως 1500 γραμμάρια!	A normal key's weight is often from 1200 to 1500 grams!				
TRUE					
					
Αφρολάτεξ και κοκοφοίνικας σε συνδυασμό με την επιπλέον προσθήκη από βαμβακερή <L1>βάτα</L1> διαμορφώνουν την άρτια συμπεριφορά του στρώματος απέναντι στις υψηλές θερμοκρασίες προσφέροντας μια φιλική για τον άνθρωπο και το περιβάλλον αίσθηση.	Afrolatex and coconut in combination with the additional addition of cotton wool form the perfect behavior of the mattress against high temperatures, offering a human and environment friendly feeling.				
Αφρολάτεξ και κοκοφοίνικας σε συνδυασμό με την επιπλέον προσθήκη από βαμβακερή <N1></N1> διαμορφώνουν την άρτια συμπεριφορά του στρώματος απέναντι στις υψηλές θερμοκρασίες προσφέροντας μια φιλική για τον άνθρωπο και το περιβάλλον αίσθηση.	Afrolatex and coconut in combination with the additional addition of cotton wool form the perfect behavior of the mattress against high temperatures, offering a human and environment friendly feeling.				
FALSE					
					
Μόλις περάσουν τα 25 λεπτά, προσθέτουμε πάνω σε κάθε <L1>μπιφτέκι</L1> 1 φέτα από κατσικίσιο τυρί και ψήνουμε για 10 λεπτά ακόμα ή μέχρι να λιώσει.	After 25 minutes, place one slice of goat cheese on each patty and bake for another 10 minutes or until the cheese has melted.				
Μόλις περάσουν τα 25 λεπτά, προσθέτουμε πάνω σε κάθε <N1></N1> 1 φέτα από κατσικίσιο τυρί και ψήνουμε για 10 λεπτά ακόμα ή μέχρι να λιώσει.	After 25 minutes, place one slice of goat cheese on each patty and bake for another 10 minutes or until the cheese has melted.				
FALSE					
					
Οι βραχίονες αφαιρούνται επίσης για να ταιριάζουν με τη στυλιζαρισμένη <L1>κάπα</L1> στη φιγούρα και, στη συνέχεια, μπορούν να επανασυναρμολογηθούν επανατοποθετώντας τους στη φιγούρα - Περιλαμβάνεται συλλεκτική κάρτα με φωτογραφία φιγούρας στο μπροστινό μέρος και βιογραφία χαρακτήρων στο πίσω μέρος	Arms are removable as well to fit the stylized cape on the figure, and then can be reassembled by popping them back in to the figure - Included collectable art card with figure photography on the front, and character biography on the back	πανωφόρι κάπα			
Οι βραχίονες αφαιρούνται επίσης για να ταιριάζουν με το στυλιζαρισμένο <N1>πανωφόρι</N1> στη φιγούρα και, στη συνέχεια, μπορούν να επανασυναρμολογηθούν επανατοποθετώντας τους στη φιγούρα - Περιλαμβάνεται συλλεκτική κάρτα με φωτογραφία φιγούρας στο μπροστινό μέρος και βιογραφία χαρακτήρων στο πίσω μέρος	Arms are removable as well to fit the stylized cape on the figure, and then can be reassembled by popping them back in to the figure - Included collectable art card with figure photography on the front, and character biography on the back				
TRUE					
					
Το έδειξα στη Μάχη, τη μαμά του Σπύρου, και μου είπε Γιατί δεν το κάνεις μόνη σου σε ένα παλιό <L1>πουλόβερ</L1> σου; Και τότε συνειδητοποίησα ότι πράγματι, μπορούσα να το κάνω μόνη μου.	I showed it to Machi, Spyros' mom, and she said to me  Why don't you do it yourself with one of your old sweaters?  And then I realized that really, I could do it myself.				
Το έδειξα στη Μάχη, τη μαμά του Σπύρου, και μου είπε Γιατί δεν το κάνεις μόνη σου σε ένα παλιό <N1></N1> σου; Και τότε συνειδητοποίησα ότι πράγματι, μπορούσα να το κάνω μόνη μου.	I showed it to Machi, Spyros' mom, and she said to me  Why don't you do it yourself with one of your old sweaters?  And then I realized that really, I could do it myself.				
FALSE					
					
Το κομψό υπόλευκο χρώμα τους σε συνδυασμό με το λίγο πιο σκούρο μπεζ, είναι ο τέλειος <L1>καμβάς</L1> για να αναδειχθούν οι κόκκινες σόλες.	Their elegant off-white and beige color is the perfect canvas for highlighting the brand's iconic red-lacquered soles.	καμβάς βάση			
Το κομψό υπόλευκο χρώμα τους σε συνδυασμό με το λίγο πιο σκούρο μπεζ, είναι η τέλεια <N1>βάση</N1> για να αναδειχθούν οι κόκκινες σόλες.	Their elegant off-white and beige color is the perfect canvas for highlighting the brand's iconic red-lacquered soles.				
TRUE					
					
Τώρα ποζάρουν με την επιταγή των 1000 $ κάτω από το <L1>μπαλόνι</L1> (το οποίο όντως είναι τεράστιο).	Now they pose with the check for $1000 below the balloon (which is actually huge).	αερόστατο μπαλόνι			
Τώρα ποζάρουν με την επιταγή των 1000 $ κάτω από το <N1></N1> (το οποίο όντως είναι τεράστιο).	Now they pose with the check for $1000 below the balloon (which is actually huge).				
FALSE					
					
Η Ιστορία επαναλαμβάνεται, λοιπόν, ως <L1>φάρσα</L1> και ως εφιάλτης.	History is repeating, then, as a farce and as a nightmare.	απάτη δόλος φάρσα | θεατρινισμός καραγκιοζιλίκι φάρσα			
Η Ιστορία επαναλαμβάνεται, λοιπόν, ως <N1>απάτη</N1> και ως εφιάλτης.	History is repeating, then, as a farce and as a nightmare.				
TRUE					
					
Στη συνέχεια του χορηγείται <L1>κουπόνι</L1> έκπτωσης 50%, το οποίο μπορεί να χρησιμοποιήσει κατά την ολοκλήρωση της παραγγελίας.	Then, he/she will receive a 50% discount coupon, which he/she can use when completing the order.	πιστοποιητικό απόκομμα κουπόνι  			
Στη συνέχεια του χορηγείται <N1>πιστοποιητικό</N1> έκπτωσης 50%, το οποίο μπορεί να χρησιμοποιήσει κατά την ολοκλήρωση της παραγγελίας.	Then, he/she will receive a 50% discount coupon, which he/she can use when completing the order.				
TRUE					
					
Αυτές τις μέρες ο <L1>κλασικός</L1> χρωματισμός δημιουργείται από οξικό άλας χωρίς σκληρότητα.	These days the classic coloration is created from cruelty-free acetate.	παραδοσιακός κλασικός συνηθισμένος 			
Αυτές τις μέρες ο <N1>συνηθισμένος</N1> χρωματισμός δημιουργείται από οξικό άλας χωρίς σκληρότητα.	These days the classic coloration is created from cruelty-free acetate.				
TRUE					
					
Χρησιμοποίησαν <L1>ραντάρ</L1> διείσδυσης στο έδαφος και σκύλο ανεύρεσης πτωμάτων κατά τη διάρκεια της έρευνας.	Biological evidence were find out by using ground penetrating radar and cadaver dogs.	ανιχνευτής ραντάρ			
Χρησιμοποίησαν <N1>ανιχνευτή</N1> διείσδυσης στο έδαφος και σκύλο ανεύρεσης πτωμάτων κατά τη διάρκεια της έρευνας.	Biological evidence were find out by using ground penetrating radar and cadaver dogs.				
TRUE					
					
Πάνω από το ψωμί μοιράζουμε τις φέτες του <L1>ζαμπόν</L1> και 2 αυγά <L2>ποσέ</L2> σε κάθε φέτα.	To make this dish extra special, you can add some sliced avocados on top.				
Πάνω από το ψωμί μοιράζουμε τις φέτες του <N1></N1> και 2 αυγά <N2></N2> σε κάθε φέτα.	To make this dish extra special, you can add some sliced avocados on top.				
FALSE					
					
Περιβαλλοντικές πληροφορίες Κάλυμμα για διπλό κάθισμα/κάλυμμα για μπράτσο/κάλυμμα για <L1>σεζλόνγκ</L1> Ο <L2>πολυεστέρας</L2> μπορεί να ανακυκλωθεί πολλές φορές συμβάλλοντας στη διατήρηση του περιβάλλοντος.	Cover for armrest/cover for 2-seat section/cover for chaise longue section Polyester can be recycled multiple times, reducing our environmental footprint.				
Περιβαλλοντικές πληροφορίες Κάλυμμα για διπλό κάθισμα/κάλυμμα για μπράτσο/κάλυμμα για <N1></N1> Ο <N2></N2> μπορεί να ανακυκλωθεί πολλές φορές συμβάλλοντας στη διατήρηση του περιβάλλοντος.	Cover for armrest/cover for 2-seat section/cover for chaise longue section Polyester can be recycled multiple times, reducing our environmental footprint.				
FALSE					
					
Με την επιτυχή ολοκλήρωση του μαθήματος, οι φοιτητές θα είναι σε θέση: - Να γνωρίζουν τη <L1>μικροδομή</L1> και τη συμπεριφορά του σκυροδέματος σε επιβαλλόμενα φορτία - Να συνδέουν τα μακροσκοπικά χαρακτηριστικά με τη μικροδομή του σκυροδέματος - Να εκτιμούν τη δυσθραυστότητα του σκυροδέματος με ή χωρίς ίνες - Να συνθέτουν σκυρόδεμα ειδικών απαιτήσεων όσον αφορά τα μηχανικά χαρακτηριστικά και τη συμπεριφορά στις περιβαλλοντικές συνθήκες	Learning Outcomes - To know the microstructure and behaviour of concrete under loading - To connect macroscopic characteristics with concrete microstructure - To assess the toughness of concrete with or without fiber reinforcement - To design concrete for special applications regarding mechanical properties and exposure to environmental conditions				
Με την επιτυχή ολοκλήρωση του μαθήματος, οι φοιτητές θα είναι σε θέση: - Να γνωρίζουν τη <N1></N1> και τη συμπεριφορά του σκυροδέματος σε επιβαλλόμενα φορτία - Να συνδέουν τα μακροσκοπικά χαρακτηριστικά με τη μικροδομή του σκυροδέματος - Να εκτιμούν τη δυσθραυστότητα του σκυροδέματος με ή χωρίς ίνες - Να συνθέτουν σκυρόδεμα ειδικών απαιτήσεων όσον αφορά τα μηχανικά χαρακτηριστικά και τη συμπεριφορά στις περιβαλλοντικές συνθήκες	Learning Outcomes - To know the microstructure and behaviour of concrete under loading - To connect macroscopic characteristics with concrete microstructure - To assess the toughness of concrete with or without fiber reinforcement - To design concrete for special applications regarding mechanical properties and exposure to environmental conditions				
FALSE					
					
Το <L1>τσακάλι</L1> αναφέρεται τόσο στην ελληνική μυθολογία όσο και στην Αρχαία Αίγυπτο όπου είχε σπουδαίο ρόλο!	The jackal is not only mentioned in the Greek mythology, but it also had an important role in Ancient Egypt!				
Το <N1></N1> αναφέρεται τόσο στην ελληνική μυθολογία όσο και στην Αρχαία Αίγυπτο όπου είχε σπουδαίο ρόλο!	The jackal is not only mentioned in the Greek mythology, but it also had an important role in Ancient Egypt!				
FALSE					
					
Λίπανση: Λιπαίνουμε μια <L1>φόρα</L1> τον μήνα με πλήρες υγρό λίπασμα.	Fertilization: Fertilize once a month with complete liquid fertilizer.				
Λίπανση: Λιπαίνουμε μια <N1></N1> τον μήνα με πλήρες υγρό λίπασμα.	Fertilization: Fertilize once a month with complete liquid fertilizer.				
FALSE					
					
Για τη <L1>μπεσαμέλ</L1> σε μια μεγάλη κατσαρόλα ζεσταίνετε το φρέσκο βούτυρο μαζί με το αλεύρι και τα αφήνετε να ψηθούν για λίγα λεπτά.	After this time, add the peas to the pan with the bacon, mix everything together and cook over low heat for about a few minutes.				
Για τη <N1></N1> σε μια μεγάλη κατσαρόλα ζεσταίνετε το φρέσκο βούτυρο μαζί με το αλεύρι και τα αφήνετε να ψηθούν για λίγα λεπτά.	After this time, add the peas to the pan with the bacon, mix everything together and cook over low heat for about a few minutes.				
FALSE					
					
Απόφοιτος της Σχολής Τουριστικών Επαγγελμάτων ξεκίνησε να εργάζεται ως <L1>μετρ</L1> σε αρκετά ξενοδοχεία, σχεδόν σε όλα τα νησιά της Ελλάδος.	Graduate of tourism professions school started working as Metr in deferent hotels across the Greek Islands.	ειδικός επιδέξιος μετρ επικεφαλής			
Απόφοιτος της Σχολής Τουριστικών Επαγγελμάτων ξεκίνησε να εργάζεται ως <N1>ειδικός</N1> σε αρκετά ξενοδοχεία, σχεδόν σε όλα τα νησιά της Ελλάδος.	Graduate of tourism professions school started working as Metr in deferent hotels across the Greek Islands.				
TRUE					
					
Ένας <L1>μάνατζερ</L1> πρέπει να είναι προσανατολισμένος προς την ομάδα του και να τη διοικεί με τη συνολική στήριξη που θα της παρέχει: την ευθύνη των πρωτοβουλιών που θα λάβει, τη βελτίωση των αποτελεσμάτων για το καλό της επιχείρησης, την εκπαίδευση, την επιβράβευση και την αφύπνιση για νέες καινοτόμες ιδέες.	Managers must be oriented towards their team and manage it with the best support they can provide: responsibility for the initiatives they take, improving results for the good of the company, training, rewarding and awakening for new innovative ideas.	διευθυντής μάνατζερ			
Ένας <N1>διευθυντής</N1> πρέπει να είναι προσανατολισμένος προς την ομάδα του και να τη διοικεί με τη συνολική στήριξη που θα της παρέχει: την ευθύνη των πρωτοβουλιών που θα λάβει, τη βελτίωση των αποτελεσμάτων για το καλό της επιχείρησης, την εκπαίδευση, την επιβράβευση και την αφύπνιση για νέες καινοτόμες ιδέες.	Managers must be oriented towards their team and manage it with the best support they can provide: responsibility for the initiatives they take, improving results for the good of the company, training, rewarding and awakening for new innovative ideas.				
TRUE					
					
Οι θεωρίες που μας θέλουν να ζούμε σε ένα <L1>ολόγραμμα</L1> χρονολογούνται από την αρχαιότητα, και εκτός από τα θεωρητικά σενάρια επιστημονικής φαντασίας, μπορούν να τεκμηριωθούν και με επιστημονικά δεδομένα.	Dating back to antiquity, theories which want us living in a hologram, apart from science fiction can also be endorsed by scientific data.				
Οι θεωρίες που μας θέλουν να ζούμε σε ένα <N1></N1> χρονολογούνται από την αρχαιότητα, και εκτός από τα θεωρητικά σενάρια επιστημονικής φαντασίας, μπορούν να τεκμηριωθούν και με επιστημονικά δεδομένα.	Dating back to antiquity, theories which want us living in a hologram, apart from science fiction can also be endorsed by scientific data.				
FALSE					
					
Σαξόφωνο Το <L1>σαξόφωνο</L1> είναι χάλκινο πνευστό μουσικό όργανο, αλλά ανήκει στην οικογένεια των ξύλινων πνευστών, γιατί ο ήχος του παράγεται από καλάμι.	Saxophone The saxophone is a brass wind instrument which nevertheless belongs to the woodwind family due to the fact that its sound is produced by a reed.				
Σαξόφωνο Το <N1></N1> είναι χάλκινο πνευστό μουσικό όργανο, αλλά ανήκει στην οικογένεια των ξύλινων πνευστών, γιατί ο ήχος του παράγεται από καλάμι.	Saxophone The saxophone is a brass wind instrument which nevertheless belongs to the woodwind family due to the fact that its sound is produced by a reed.				
FALSE					
					
Το αποτέλεσμα είναι η καθημερινή κατανάλωση του αρσενικού πληθυσμού σε φιλικές επιχειρήσεις μετά από εργασία και μια θηλυκή επιθυμία για το <L1>βερμούτ</L1> και το κρασί.	The result is daily drinking of the male population in friendly companies after work and a female craving for vermouth and wine.				
Το αποτέλεσμα είναι η καθημερινή κατανάλωση του αρσενικού πληθυσμού σε φιλικές επιχειρήσεις μετά από εργασία και μια θηλυκή επιθυμία για το <N1></N1> και το κρασί.	The result is daily drinking of the male population in friendly companies after work and a female craving for vermouth and wine.				
FALSE					
					
Να συμμορφώνεστε με τους κανονισμούς ασφαλείας όταν εργάζεστε ή οδηγείτε ποδήλατο, <L1>μοτοσικλέτα</L1> ή αυτοκίνητο.	Obey safety laws when working, riding a bicycle or motorcycle, or driving a car.	δίκυκλο μηχανοκίνητο όχημα  μηχανάκι μοτοσικλέτα 			
Να συμμορφώνεστε με τους κανονισμούς ασφαλείας όταν εργάζεστε ή οδηγείτε ποδήλατο, <N1>δίκυκλο όχημα</N1> ή αυτοκίνητο.	Obey safety laws when working, riding a bicycle or motorcycle, or driving a car.				
TRUE					
					
Η δύναμη προς τα κάτω και η δύναμη κατά του <L1>πατινάζ</L1> είναι προρυθμισμένα στο εργοστάσιο.	Downforce and anti-skating force are pre-set at the factory.	αθλημα με παγοπέδιλα πατινάζ			
Η δύναμη προς τα κάτω και η δύναμη κατά του <N1></N1> είναι προρυθμισμένα στο εργοστάσιο.	Downforce and anti-skating force are pre-set at the factory.				
FALSE					
					
Το ντοκιμαντέρ σκιαγραφεί το <L1>πορτρέτο</L1> ενός ανθρώπου, δίνοντας έμφαση σε μια συγκεκριμένη πτυχή του εαυτού του, δηλαδή την ενασχόληση του με την αυτοσχεδιαστική μουσική.	This short film is the portrait of a man, emphasizing a specific aspect of himself, that is, his engagement with musical improvisation.	προσωπογραφία πορτρέτο 			
Το ντοκιμαντέρ σκιαγραφεί τη <N1>προσωπογραφία</N1> ενός ανθρώπου, δίνοντας έμφαση σε μια συγκεκριμένη πτυχή του εαυτού του, δηλαδή την ενασχόληση του με την αυτοσχεδιαστική μουσική.	This short film is the portrait of a man, emphasizing a specific aspect of himself, that is, his engagement with musical improvisation.				
TRUE					
					
Επίσης, ασχολούμουν πολύ με τον αθλητισμό και ανέπτυξα αγάπη για τη χέβι μέταλ και την <L1>πανκ</L1> ροκ μουσική.	I also spent a lot of time on sports and developed a love of heavy metal and punk rock music.				
Επίσης, ασχολούμουν πολύ με τον αθλητισμό και ανέπτυξα αγάπη για τη χέβι μέταλ και την <N1></N1> ροκ μουσική.	I also spent a lot of time on sports and developed a love of heavy metal and punk rock music.				
FALSE					
					
Η <L1>ηρωίνη</L1> προκαλεί ψυχολογική εξάρτηση: καταπραΰνει τα πάντα, και τον σωματικό και τον ψυχολογικό πόνο, πράγμα που κάνει ανθρώπους με σοβαρά προβλήματα (μοναξιά, ανεργία, κακοποίηση) επιρρεπείς στην ηρωίνη.	Heroin causes mental dependence: it sedates everything, both physical and mental pain, which makes people with serious problems (homeless, unemployed, abused) susceptible to heroin.				
Η <N1></N1> προκαλεί ψυχολογική εξάρτηση: καταπραΰνει τα πάντα, και τον σωματικό και τον ψυχολογικό πόνο, πράγμα που κάνει ανθρώπους με σοβαρά προβλήματα (μοναξιά, ανεργία, κακοποίηση) επιρρεπείς στην ηρωίνη.	Heroin causes mental dependence: it sedates everything, both physical and mental pain, which makes people with serious problems (homeless, unemployed, abused) susceptible to heroin.				
FALSE					
					
Όταν χάθηκε φορούσε άσπρο <L1>τζιν</L1> παντελόνι, μαύρη <L2>ζακέτα</L2> και άσπρα αθλητικά παπούτσια.	When she was lost, she wore white jeans, black jacket and white sports shoes.				
Όταν χάθηκε φορούσε άσπρο <N1></N1> παντελόνι, μαύρη <N2></N2> και άσπρα αθλητικά παπούτσια.	When she was lost, she wore white jeans, black jacket and white sports shoes.				
FALSE					
					
Όλα αυτά μαζί τελικά, είναι πάρα πολλά για να χωρέσουν στις συσκευασίες αυτής της νέας σειράς προϊόντων με βάση την ελιά, αλλά έχοντας ζήσει όλη την εμπειρία από κοντά, κάθε φορά που θα χρησιμοποιώ την αγαπημένη μου <L1>κολόνια</L1> από άνθος ελιάς, θα έρχεται πάντα στο μυαλό μου αυτό το τόσο διαφορετικό διήμερο στη Μεσσαρά της Κρήτης.	A single bottle may be too small to include all of the above but having experienced its production, my new Olive Blossom scent has a whole new meaning; it will remind me of this amazing trip to Messara every time I use it. FAST FACTS Olive tree is the sacred tree of ancient and modern Greece.	άρωμα κολόνια			
Όλα αυτά μαζί τελικά, είναι πάρα πολλά για να χωρέσουν στις συσκευασίες αυτής της νέας σειράς προϊόντων με βάση την ελιά, αλλά έχοντας ζήσει όλη την εμπειρία από κοντά, κάθε φορά που θα χρησιμοποιώ το αγαπημένο μου <N1>άρωμα</N1> από άνθος ελιάς, θα έρχεται πάντα στο μυαλό μου αυτό το τόσο διαφορετικό διήμερο στη Μεσσαρά της Κρήτης.	A single bottle may be too small to include all of the above but having experienced its production, my new Olive Blossom scent has a whole new meaning; it will remind me of this amazing trip to Messara every time I use it. FAST FACTS Olive tree is the sacred tree of ancient and modern Greece.				
TRUE					
					
Η <L1>κρεατίνη</L1> είναι μια ένωση αμινοξέων και παράγεται από τον οργανισμό.	Micronized creatine is also absorbed more easily and quickly by the body.				
Η <N1></N1> είναι μια ένωση αμινοξέων και παράγεται από τον οργανισμό.	Micronized creatine is also absorbed more easily and quickly by the body.				
FALSE					
					
Το σετ περιλαμβάνει λαμπάδα με υφασμάτινο ελαφάκι σε ροζ και λευκό, <L1>ιβουάρ</L1> βαλίτσα με ασορτί διακόσμηση και υφασμάτινη θήκη με το λαδοσέτ(μπουκαλάκι λαδιού, σαπουνάκι, πετσέτα μικρή για τον παπά)	The set includes a candle with a fabric deer in pink and white, a dusty pipnk suitcase with matching decoration and a fabric case with the oil set (oil bottle, soap, towel small)				
Το σετ περιλαμβάνει λαμπάδα με υφασμάτινο ελαφάκι σε ροζ και λευκό, <N1></N1> βαλίτσα με ασορτί διακόσμηση και υφασμάτινη θήκη με το λαδοσέτ(μπουκαλάκι λαδιού, σαπουνάκι, πετσέτα μικρή για τον παπά)	The set includes a candle with a fabric deer in pink and white, a dusty pipnk suitcase with matching decoration and a fabric case with the oil set (oil bottle, soap, towel small)				
FALSE					
					
Πριν αποφασίσετε να κάνετε ιατρικό τατουάζ, θα πρέπει επίσης να λάβετε υπόψη τα ακόλουθα: Να έχετε ρεαλιστικές προσδοκίες. Το ιατρικό <L1>τατουάζ</L1> δεν επαναφέρει το δέρμα σας στην αρχική του μορφή.	You might be a candidate if you also meet the criteria below. You should: Have realistic expectations: Camouflage tattooing will not completely restore skin to the way it looked before it was injured.				
Πριν αποφασίσετε να κάνετε ιατρικό τατουάζ, θα πρέπει επίσης να λάβετε υπόψη τα ακόλουθα: Να έχετε ρεαλιστικές προσδοκίες. Το ιατρικό <N1></N1> δεν επαναφέρει το δέρμα σας στην αρχική του μορφή.	You might be a candidate if you also meet the criteria below. You should: Have realistic expectations: Camouflage tattooing will not completely restore skin to the way it looked before it was injured.				
FALSE					
					
Τα περισσότερα <L1>βαμπίρ</L1> τώρα είναι χορτοφάγοι βέβαια.	Most vampires nowadays are vegetarians, anyway.				
Τα περισσότερα <N1></N1> τώρα είναι χορτοφάγοι βέβαια.	Most vampires nowadays are vegetarians, anyway.				
FALSE					
					
Χυμοί φρούτων (στους οποίους περιλαμβάνεται και ο <L1>μούστος</L1> σταφυλιών) ή λαχανικών, που δεν έχουν υποστεί ζύμωση, χωρίς προσθήκη αλκοόλης, με ή χωρίς προσθήκη ζάχαρης ή άλλων γλυκαντικών	Fruit juices (including grape must) and vegetable juices, unfermented and not containing added spirit, whether or not containing added sugar or other sweetening matter				
Χυμοί φρούτων (στους οποίους περιλαμβάνεται και ο <N1></N1> σταφυλιών) ή λαχανικών, που δεν έχουν υποστεί ζύμωση, χωρίς προσθήκη αλκοόλης, με ή χωρίς προσθήκη ζάχαρης ή άλλων γλυκαντικών	Fruit juices (including grape must) and vegetable juices, unfermented and not containing added spirit, whether or not containing added sugar or other sweetening matter				
FALSE					
					
Όταν τελειώσει η διαδικασία αυτή, ο <L1>μπακλαβάς</L1> είναι έτοιμος προς κατανάλωση.	Let it cool until the syrup is well absorbed and the baklava gets soft.				
Όταν τελειώσει η διαδικασία αυτή, ο <N1></N1> είναι έτοιμος προς κατανάλωση.	Let it cool until the syrup is well absorbed and the baklava gets soft.				
FALSE					
					
Η αρχή της εβδομάδας, αλλά και ολόκληρη η χρονιά μέχρι στιγμής, ανήκει αναμφίβολα το βραζιλιάνικο ρεάλ, το αγαπημένο μας από τα νομίσματα των αναδυόμενων αγορών, το οποίο έκανε ακόμη ένα δυναμικό <L1>ράλι</L1> στον απόηχο της ειρηνικής μεταβίβασης της εξουσίας σε μια μετριοπαθή όπως φαίνεται κυβέρνηση Λούλα.	The star of the week, and also the year so far, was undoubtedly the Brazilian real, a favourite of ours, which put in another scorching rally on the back of the peaceful transfer of power to what looks to be a moderate Lula administration.	αυτοκινητιστικός αγώνας ράλι 			
Η αρχή της εβδομάδας, αλλά και ολόκληρη η χρονιά μέχρι στιγμής, ανήκει αναμφίβολα το βραζιλιάνικο ρεάλ, το αγαπημένο μας από τα νομίσματα των αναδυόμενων αγορών, το οποίο έκανε ακόμη έναν δυναμικό <N1>αυτοκινητιστικό αγώνα</N1> στον απόηχο της ειρηνικής μεταβίβασης της εξουσίας σε μια μετριοπαθή όπως φαίνεται κυβέρνηση Λούλα.	The star of the week, and also the year so far, was undoubtedly the Brazilian real, a favourite of ours, which put in another scorching rally on the back of the peaceful transfer of power to what looks to be a moderate Lula administration.				
TRUE					
					
Η χημική ανάλυση του κόκκου αποκάλυψε ότι περιέχει <L1>καροτίνη</L1> η οποία μετατρέπεται στο ήπαρ σε βιταμίνη Α, η βιταμίνη είναι χρήσιμη, γνωστή για την αντικαρκινική δράση της.	The chemical analysis of the grain revealed that it contains carotene which is converted in the liver to vitamin A, the vitamin is useful, known for its anti-cancer action.				
Η χημική ανάλυση του κόκκου αποκάλυψε ότι περιέχει <N1></N1> η οποία μετατρέπεται στο ήπαρ σε βιταμίνη Α, η βιταμίνη είναι χρήσιμη, γνωστή για την αντικαρκινική δράση της.	The chemical analysis of the grain revealed that it contains carotene which is converted in the liver to vitamin A, the vitamin is useful, known for its anti-cancer action.				
FALSE					
					
Σπιτικές μαρμελάδες: Φράουλα, Λεμόνι, Πορτοκάλι, Μανταρίνι, Ακτινίδιο καθώς επίσης Μέλι και <L1>πραλίνα</L1> φουντουκιού.	Homemade jams: Strawberry, Lemon, Orange, Mandarin, Kiwi as well as honey and hazelnut praline.				
Σπιτικές μαρμελάδες: Φράουλα, Λεμόνι, Πορτοκάλι, Μανταρίνι, Ακτινίδιο καθώς επίσης Μέλι και <N1></N1> φουντουκιού.	Homemade jams: Strawberry, Lemon, Orange, Mandarin, Kiwi as well as honey and hazelnut praline.				
FALSE					
					
Ο Γερμανός <L1>καγκελάριος</L1> Όλαφ Σολτς ζητά τη μεταρρύθμιση και την επέκταση της Ευρωπαϊκής Ένωσης - αυτό θα αυξήσει σημαντικά την...	German Chancellor Olaf Scholz calls to reform and expand the European Union - this will significantly increase its influence. Speaking...				
Ο Γερμανός <N1></N1> Όλαφ Σολτς ζητά τη μεταρρύθμιση και την επέκταση της Ευρωπαϊκής Ένωσης - αυτό θα αυξήσει σημαντικά την...	German Chancellor Olaf Scholz calls to reform and expand the European Union - this will significantly increase its influence. Speaking...				
FALSE					
					
Σιλικονούχος αδιάβροχος <L1>σοβάς</L1> τελικής στρώσης, σε μορφή πάστας	Silicone based waterproof top coat plaster/render in paste form	αμμοκονίαμα ασβεστοκονίαμα σοβάς 			
Σιλικονούχο αδιάβροχο <N1>ασβεστοκονίαμα</N1> τελικής στρώσης, σε μορφή πάστας	Silicone based waterproof top coat plaster/render in paste form				
TRUE					
					
Άνετη εφαρμογή από ανθεκτικό, εξαιρετικά μαλακό, ύφασμα.Ψηλός <L1>γιακάς</L1> για απόλυτη άνεση και προστασία του αυχένα από το κρύοΕξωτερικές ραφές με κλω...	Combines protection from cold and comfort at work or outdoor activities. Cadet collar with herringbone neck tapeCover seam detail to hem...				
Άνετη εφαρμογή από ανθεκτικό, εξαιρετικά μαλακό, ύφασμα.Ψηλός <N1></N1> για απόλυτη άνεση και προστασία του αυχένα από το κρύοΕξωτερικές ραφές με κλω...	Combines protection from cold and comfort at work or outdoor activities. Cadet collar with herringbone neck tapeCover seam detail to hem...				
FALSE					
					
Επίσης υπάρχει η δυνατότητα κατασκευής μονόφυλλης επάλληλης σήτας όπου η <L1>κάσα</L1> θα καλύπτει ολόκληρο το άνοιγμα και το φύλλο τη μισή διάσταση ανοίγματος.	There is also the possibility of making a single-leaf sliding screen in which the aluminium frame will cover the entire opening and the sheet half the opening dimension.	κάσα σορός φέρετρο | κάσα κασέλα μπαούλο σεντούκι πλαίσιο			
Επίσης υπάρχει η δυνατότητα κατασκευής μονόφυλλης επάλληλης σήτας όπου το <N1>πλαίσιο</N1> θα καλύπτει ολόκληρο το άνοιγμα και το φύλλο τη μισή διάσταση ανοίγματος.	There is also the possibility of making a single-leaf sliding screen in which the aluminium frame will cover the entire opening and the sheet half the opening dimension.				
TRUE					
					
Αυτό το γλυκό κρασί ωριμάζει 17 χρόνια σε <L1>βαρέλι</L1> και 3 χρόνια σε μπουκάλι δημιουργώντας ζήτηση σε πολλές χώρες παγκοσμίως.	This sweet wine ages 17 years in a barrel and 3 years in a bottle creating a demand for it in many countries around the globe.	βαρέλι βυτίο δοχείο			
Αυτό το γλυκό κρασί ωριμάζει 17 χρόνια σε <N1>δοχείο</N1> και 3 χρόνια σε μπουκάλι δημιουργώντας ζήτηση σε πολλές χώρες παγκοσμίως.	This sweet wine ages 17 years in a barrel and 3 years in a bottle creating a demand for it in many countries around the globe.				
TRUE					
					
Από την άλλη, η χώρα κυβερνάται από μία γραφειοκρατική <L1>κάστα</L1> υπό την ηγεσία του Κομμουνιστικού Κόμματος της Κίνας (ΚΚΚ), η οποία καταπιέζει την εργατική τάξη και υπονομεύει αυτές τις κατακτήσεις.	On the other, the country is ruled by a bureaucratic caste led by the Chinese Communist Party (CCP) that oppresses the working class and undermines these gains.	κοινωνική τάξη κάστα			
Από την άλλη, η χώρα κυβερνάται από μία γραφειοκρατική <N1>κοινωνική τάξη</N1> υπό την ηγεσία του Κομμουνιστικού Κόμματος της Κίνας (ΚΚΚ), η οποία καταπιέζει την εργατική τάξη και υπονομεύει αυτές τις κατακτήσεις.	On the other, the country is ruled by a bureaucratic caste led by the Chinese Communist Party (CCP) that oppresses the working class and undermines these gains.				
TRUE					
					
Όταν η αγαπημένη <L1>κούκλα</L1> του μικρού σας έχει υψηλή θερμοκρασία ή αν ο Τέντι τραυματιστεί στο πόδι του, η επίσκεψη του γιατρού είναι απαραίτητη.	When your child's favorite doll has a high temperature or if Teddy has injured his paw, that means a quick trip to the doctor.				
Όταν η αγαπημένη <N1></N1> του μικρού σας έχει υψηλή θερμοκρασία ή αν ο Τέντι τραυματιστεί στο πόδι του, η επίσκεψη του γιατρού είναι απαραίτητη.	When your child's favorite doll has a high temperature or if Teddy has injured his paw, that means a quick trip to the doctor.				
FALSE					
					
Προσθέτουμε ένα ένα τα αυγά, το αλεύρι, το μπέικιν πάουντερ, τη βανίλια και τη σοκολατένια <L1>τρούφα</L1> και ανακατεύουμε απαλά.	Combine the flour with potato flour, baking powder and cocoa, then sift it all through a sieve.				
Προσθέτουμε ένα ένα τα αυγά, το αλεύρι, το μπέικιν πάουντερ, τη βανίλια και τη σοκολατένια <N1></N1> και ανακατεύουμε απαλά.	Combine the flour with potato flour, baking powder and cocoa, then sift it all through a sieve.				
FALSE					
					
Για τους ανθρώπους, το βορικό οξύ και ο <L1>βόρακας</L1> δεν είναι πρακτικά επικίνδυνα.	For humans, boric acid and borax are practically not dangerous.				
Για τους ανθρώπους, το βορικό οξύ και ο <N1></N1> δεν είναι πρακτικά επικίνδυνα.	For humans, boric acid and borax are practically not dangerous.				
FALSE					
					
Η ΕΒΕ, με περισσότερα από ένα εκατομμύριο βιβλία και περιοδικά, αποτελεί θεματοφύλακα της ελληνικής γραμματείας στη <L1>διαχρονία</L1> της.	The NLG, with more than 1 million books and journals in its holdings, is without a doubt the guardian of Greek literature in its diachrony.				
Η ΕΒΕ, με περισσότερα από ένα εκατομμύριο βιβλία και περιοδικά, αποτελεί θεματοφύλακα της ελληνικής γραμματείας στη <N1></N1> της.	The NLG, with more than 1 million books and journals in its holdings, is without a doubt the guardian of Greek literature in its diachrony.				
FALSE					
					
Τα συμπτώματα ποικίλουν σε ένταση από φούσκωμα και δυσφορία που προέρχεται από την κατανάλωση τροφής και ποτού, έως έντονο - σαν <L1>κράμπα</L1> - κοιλιακό πόνο, που τείνει να εξαπλωθεί σε όλη την κοιλιά.	The symptoms vary in severity from fullness and discomfort induced by the ingestion of food or drink to severe, cramp-like abdominal pain.	επώδυνη σύσπαση κράμπα			
Τα συμπτώματα ποικίλουν σε ένταση από φούσκωμα και δυσφορία που προέρχεται από την κατανάλωση τροφής και ποτού, έως έντονο - σαν <N1>επώδυνη σύσπαση</N1> - κοιλιακό πόνο, που τείνει να εξαπλωθεί σε όλη την κοιλιά.	The symptoms vary in severity from fullness and discomfort induced by the ingestion of food or drink to severe, cramp-like abdominal pain.				
TRUE					
					
Αν την αλέσετε στο μπλέντερ, έχετε μία εντυπωσιακή <L1>βελουτέ</L1> μανιταρόσουπα.	Purée in a blender to get an irresistible velvety mushroom soup.	βελουτέ φέλπα μαλακό			
Αν την αλέσετε στο μπλέντερ, έχετε μία εντυπωσιακή <N1></N1> μανιταρόσουπα.	Purée in a blender to get an irresistible velvety mushroom soup.				
FALSE					
					
Για παράδειγμα: Αυτός είναι ο <L1>σερβιτόρος</L1> και ξέρω τι να κάνω .	For example:  This is the waiter and I know what to do .				
Για παράδειγμα: Αυτός είναι ο <N1></N1> και ξέρω τι να κάνω .	For example:  This is the waiter and I know what to do .				
FALSE					
					
Αν βήχεις ή φταρνίζεσαι, κάλυψε το στόμα και τη μύτη σου με χάρτινο <L1>μαντήλι</L1> και πέταξέ το στα σκουπίδια	Cover your mouth and nose with your elbow or disposable tissue when you cough or sneeze.				
Αν βήχεις ή φταρνίζεσαι, κάλυψε το στόμα και τη μύτη σου με χάρτινο <N1></N1> και πέταξέ το στα σκουπίδια	Cover your mouth and nose with your elbow or disposable tissue when you cough or sneeze.				
FALSE					
					
Το <L1>μπουρνούζι</L1> είναι η πρώτη αγκαλιά μετά από ένα απολαυστικό μπάνιο.	The bathrobe is the first embrace you will feel after a relaxing bath.				
Το <N1></N1> είναι η πρώτη αγκαλιά μετά από ένα απολαυστικό μπάνιο.	The bathrobe is the first embrace you will feel after a relaxing bath.				
FALSE					
					
Μία ραφιέρα ευέλικτη κι ανθεκτική που ταιριάζει ιδανικά στα μπάνια, το διάδρομο ή στο μπαλκόνι, με χώρο για τα πάντα: από <L1>κασπό</L1> κι εργαλεία, μέχρι σαμπουάν και παπούτσια.	Flexible, durable shelving unit that is great in bathrooms, hallways or on balconies – with space for everything from plant pots and tools to shampoos and shoes.				
Μία ραφιέρα ευέλικτη κι ανθεκτική που ταιριάζει ιδανικά στα μπάνια, το διάδρομο ή στο μπαλκόνι, με χώρο για τα πάντα: από <N1></N1> κι εργαλεία, μέχρι σαμπουάν και παπούτσια.	Flexible, durable shelving unit that is great in bathrooms, hallways or on balconies – with space for everything from plant pots and tools to shampoos and shoes.				
FALSE					
					
Εάν είναι ακίνητο, καλύψτε το αιχμηρό τμήμα με μαλακό κερί, βαμβάκι, <L1>γάζα</L1> ή ακόμη και τσίχλα.	If the appliance cannot be removed, cover the sharp edge with soft wax, cotton, a gauze pad or even a chewing gum.	αποστειρωμένη ταινία γάζα			
Εάν είναι ακίνητο, καλύψτε το αιχμηρό τμήμα με μαλακό κερί, βαμβάκι, <N1>αποστειρωμένη ταινία</N1> ή ακόμη και τσίχλα.	If the appliance cannot be removed, cover the sharp edge with soft wax, cotton, a gauze pad or even a chewing gum.				
TRUE					
					
Στα 25 του, είχε κάνει μουσική για 5 θεατρικά έργα ενώ δούλεψε σαν <L1>πιανίστας</L1> σε διάφορα ξενοδοχεία, μπαρ και εστιατόρια, οπότε αποφάσισε να διαπιστώσει αν η γη ήταν πραγματικά σφαιρική.	At the age of 25, he was making music for 5 plays while he worked as a pianist in various hotels, bars and restaurants, so he decided to see if the earth was really spherical.				
Στα 25 του, είχε κάνει μουσική για 5 θεατρικά έργα ενώ δούλεψε σαν <N1></N1> σε διάφορα ξενοδοχεία, μπαρ και εστιατόρια, οπότε αποφάσισε να διαπιστώσει αν η γη ήταν πραγματικά σφαιρική.	At the age of 25, he was making music for 5 plays while he worked as a pianist in various hotels, bars and restaurants, so he decided to see if the earth was really spherical.				
FALSE					
					
Εκεί κοντά, κάποιος γείτονας τον χαιρετάει κουνώντας το χέρι του, καθώς σκαλίζει ένα μικρό <L1>μποστάνι</L1> από το οποίο θα πάρει αγγούρια, φακές, κουκιά, πράσα, ρεβίθια και κρεμμύδια.	Nearby, a neighbor waves a greeting as he digs in a small garden plot. The ground will yield cucumbers, lentils, beans, leeks, chickpeas, and onions.	χωράφι μποστάνι 			
Εκεί κοντά, κάποιος γείτονας τον χαιρετάει κουνώντας το χέρι του, καθώς σκαλίζει ένα μικρό <N1>χωράφι</N1> από το οποίο θα πάρει αγγούρια, φακές, κουκιά, πράσα, ρεβίθια και κρεμμύδια.	Nearby, a neighbor waves a greeting as he digs in a small garden plot. The ground will yield cucumbers, lentils, beans, leeks, chickpeas, and onions.				
TRUE					
					
Η καθημερινή χρήση της αχιλλέας, μπορεί να προκαλέσει <L1>φωτοευαισθησία</L1> οπότε είναι σημαντικό να χρησιμοποιείται μόνο βραδινές ώρες, καθώς επίσης δεν πρέπει ποτέ να χρησιμοποιείται κατά τη διάρκεια της εγκυμοσύνης εσωτερικά, λόγω πιθανής αποβολής.	Daily use of yarrow can cause photosensitivity so it is important to use it only in the evening, as well as it should never be used internally during pregnancy, due to possible miscarriage.				
Η καθημερινή χρήση της αχιλλέας, μπορεί να προκαλέσει <N1></N1> οπότε είναι σημαντικό να χρησιμοποιείται μόνο βραδινές ώρες, καθώς επίσης δεν πρέπει ποτέ να χρησιμοποιείται κατά τη διάρκεια της εγκυμοσύνης εσωτερικά, λόγω πιθανής αποβολής.	Daily use of yarrow can cause photosensitivity so it is important to use it only in the evening, as well as it should never be used internally during pregnancy, due to possible miscarriage.				
FALSE					
					
Ο πληθυσμός της Ιταλίας επλήγη ιδιαίτερα από την πανδημία του ιού <L1>κορόνα</L1> και η παραγωγική του βάση διακόπηκε.	Italy's population was particularly hit hard by the coronavirus pandemic and its manufacturing base disrupted.				
Ο πληθυσμός της Ιταλίας επλήγη ιδιαίτερα από την πανδημία του ιού <N1></N1> και η παραγωγική του βάση διακόπηκε.	Italy's population was particularly hit hard by the coronavirus pandemic and its manufacturing base disrupted.				
FALSE					
					
ΚΕΡΚΥΡΑΙΚΟ ΚΑΡΝΑΒΑΛΙ Το κερκυραικό <L1>καρναβάλι</L1> γιορτάζεται με ιδιαίτερο χρώμα στην πόλη και την τελευταία Κυριακή παρελαύνουν αποκριάτικα άρματα και συχνά συμμετέχουν γκρούπ απο την Ιταλία,με συνοδεία τοπικών φιλαρμονικών.Ακολουθεί το κάψιμο του καρνάβαλου.	The Corfu Carnival is celebrated with particular zest and at the final Sunday of the carnival a procession of carnival chariots is taking place; groups from Italy often participate escorted by the local philharmonic orchestra.				
ΚΕΡΚΥΡΑΙΚΟ ΚΑΡΝΑΒΑΛΙ Το κερκυραικό <N1></N1> γιορτάζεται με ιδιαίτερο χρώμα στην πόλη και την τελευταία Κυριακή παρελαύνουν αποκριάτικα άρματα και συχνά συμμετέχουν γκρούπ απο την Ιταλία,με συνοδεία τοπικών φιλαρμονικών.Ακολουθεί το κάψιμο του καρνάβαλου.	The Corfu Carnival is celebrated with particular zest and at the final Sunday of the carnival a procession of carnival chariots is taking place; groups from Italy often participate escorted by the local philharmonic orchestra.				
FALSE					
					
Η Ελληνογερμανική Αγωγή μας επισκέφθηκε και βοήθησε στην παρασκευή αρτοσκευασμάτων για το <L1>μπαζάρ</L1> μας.	Ellinogermaniki Agogi visited us and helped in the preparation of pastries for our bazaar.	αγορά μπαζάρ 			
Η Ελληνογερμανική Αγωγή μας επισκέφθηκε και βοήθησε στην παρασκευή αρτοσκευασμάτων για τη <N1>αγορά</N1> μας.	Ellinogermaniki Agogi visited us and helped in the preparation of pastries for our bazaar.				
TRUE					
					
Η ΑΕΛ μετά από 11 αγωνιστικές είναι πρώτη στη βαθμολογία με 11 νίκες σε αντίστοιχους αγώνες στο πρωτάθλημα της Γ' Εθνικής κατηγορίας και αποτελεί το πρώτο <L1>φαβορί</L1> για την άνοδο.	AEL after 11 games is first in the standings with 11 wins in respective matches in the championship of the third national division and is the top favorite for it.	προτιμώμενος φαβορί ευνοούμενος			
Η ΑΕΛ μετά από 11 αγωνιστικές είναι πρώτη στη βαθμολογία με 11 νίκες σε αντίστοιχους αγώνες στο πρωτάθλημα της Γ' Εθνικής κατηγορίας και αποτελεί ο πρώτος <N1>προτιμώμενος</N1> για την άνοδο.	AEL after 11 games is first in the standings with 11 wins in respective matches in the championship of the third national division and is the top favorite for it.				
FALSE					
					
Είναι δίκαιο να πω ότι έχω απογοητευτεί ολοένα και περισσότερο με την τρέχουσα παραγωγή παιχνιδιών σε στυλ <L1>ρετρό</L1> που λειτουργούν...	It's fair to say that I have become increasingly disillusioned with the current crop of retro-styled games that are working their way through the...				
Είναι δίκαιο να πω ότι έχω απογοητευτεί ολοένα και περισσότερο με την τρέχουσα παραγωγή παιχνιδιών σε στυλ <N1></N1> που λειτουργούν...	It's fair to say that I have become increasingly disillusioned with the current crop of retro-styled games that are working their way through the...				
FALSE					
					
Πατάκια Αυτοκινήτου με <L1>μοκέτα</L1> πολυτελείας στην κορυφαία ποιότητα της αγοράς, από πολυαμίδιο, κομμένη στο ακριβές <L2>πατρόν</L2> για κάθε μάρκα και μοντέλο αυτοκινήτου.	Embroidery the brand of the car Car floor mats with carpet, cut to the exact pattern for every make and model of car.				
Πατάκια Αυτοκινήτου με <N1></N1> πολυτελείας στην κορυφαία ποιότητα της αγοράς, από πολυαμίδιο, κομμένη στο ακριβές <N2></N2> για κάθε μάρκα και μοντέλο αυτοκινήτου.	Embroidery the brand of the car Car floor mats with carpet, cut to the exact pattern for every make and model of car.				
FALSE					
					
Το παντοτινό τριαντάφυλλο που κρατάει 4-5 χρόνια σε χρώμα μωβ <L1>λιλά</L1> σε μικρή γυάλα χειροποίητο διακοσμημένο από εμάς για να χαρίσετε στους αγαπημένους σας.	The eternal rose which last 4-5 years, in purple lilac color in small glass, handmade by us to gift it to your favorite people.				
Το παντοτινό τριαντάφυλλο που κρατάει 4-5 χρόνια σε χρώμα μωβ <N1></N1> σε μικρή γυάλα χειροποίητο διακοσμημένο από εμάς για να χαρίσετε στους αγαπημένους σας.	The eternal rose which last 4-5 years, in purple lilac color in small glass, handmade by us to gift it to your favorite people.				
FALSE					
					
Τα παιδιά δέχτηκαν και προετοιμάστηκαν με ενθουσιασμό: Μας ζήτησαν βοήθεια για να φτιάξουν κάρτες στα ελληνικά, γαλλικά, <L1>φαρσί</L1> και αραβικά και με την καθοδήγηση της μαγείρισσας της δομής ετοίμασαν ρυζόγαλο για τους 90 φιλοξενούμενους του γηροκομείου.	The children agreed and prepared themselves with great enthusiasm: With our help they created cards in Greek, French, Farsi and Arabic and under the guidance of the shelter's cook they prepared rice puddings for the 90 guests of the retirement home.				
Τα παιδιά δέχτηκαν και προετοιμάστηκαν με ενθουσιασμό: Μας ζήτησαν βοήθεια για να φτιάξουν κάρτες στα ελληνικά, γαλλικά, <N1></N1> και αραβικά και με την καθοδήγηση της μαγείρισσας της δομής ετοίμασαν ρυζόγαλο για τους 90 φιλοξενούμενους του γηροκομείου.	The children agreed and prepared themselves with great enthusiasm: With our help they created cards in Greek, French, Farsi and Arabic and under the guidance of the shelter's cook they prepared rice puddings for the 90 guests of the retirement home.				
FALSE					
					
Παρουσίαση ενός σεναρίου ασθενούς με <L1>υπερτροφία</L1> προστάτη.	Presentation of a patient with Prostate Hyperplasia.				
Παρουσίαση ενός σεναρίου ασθενούς με <N1></N1> προστάτη.	Presentation of a patient with Prostate Hyperplasia.				
FALSE					
					
Η Μαντεμένια Γάστρα - Κατσαρόλα Εμαγιέ Οβάλ Ατομική Μαύρη Σετ των 2 είναι μαύρο ματ <L1>εμαγιέ</L1> μέσα και έξω όπως και το χείλος και δεν υπάρχει εκτεθειμένο μαντέμι.	Oval Cocottes Set of 2 Black has completely coated in black matte enamel inside and out and also rims are black matte enamel and there is no exposed cast iron.	υαλώδες επίχρισμα εμαγιέ			
Η Μαντεμένια Γάστρα - Κατσαρόλα Εμαγιέ Οβάλ Ατομική Μαύρη Σετ των 2 είναι μαύρο ματ <N1></N1> μέσα και έξω όπως και το χείλος και δεν υπάρχει εκτεθειμένο μαντέμι.	Oval Cocottes Set of 2 Black has completely coated in black matte enamel inside and out and also rims are black matte enamel and there is no exposed cast iron.				
FALSE					
					
Έγινε παρουσίαση της εκπαιδευτικής δραστηριότητας και της μετάδοσης της ελληνικής παιδείας σε ένα <L1>αμάλγαμα</L1> εθνικοτήτων.	A presentation of educational activity and the transmission of Greek education to an amalgam of nationalities was presented.	συνύπαρξη μείξη σύνολο. αμάλγαμα			
Έγινε παρουσίαση της εκπαιδευτικής δραστηριότητας και της μετάδοσης της ελληνικής παιδείας σε μία <N1>συνύπαρξη</N1> εθνικοτήτων.	A presentation of educational activity and the transmission of Greek education to an amalgam of nationalities was presented.				
TRUE					
					
Το <L1>παστέλι</L1> μας (χωρίς συντηρητικά) είναι μία πεντανόστιμη ενεργειακή μπάρα χωρίς λίπος, με διπλάσιες εδώδιμες ίνες από αυτές που χρειάζεται ένας άνθρωπος σε ημερήσια δόση, δίνοντας του όμως όλη την ενέργεια που χρειάζεται ακόμα και στη άθληση, από τους πλούσιους φυτικούς υδατάνθρακες και πρωτεΐνες.	FIG NOUGAT Our nougat (no added preservatives) is a delicious energy bar with zero fat and double the fibers that you would need in a daily basis, giving the consumer the energy needed to exercise from the carbs and proteins it has.				
Το <N1></N1> μας (χωρίς συντηρητικά) είναι μία πεντανόστιμη ενεργειακή μπάρα χωρίς λίπος, με διπλάσιες εδώδιμες ίνες από αυτές που χρειάζεται ένας άνθρωπος σε ημερήσια δόση, δίνοντας του όμως όλη την ενέργεια που χρειάζεται ακόμα και στη άθληση, από τους πλούσιους φυτικούς υδατάνθρακες και πρωτεΐνες.	FIG NOUGAT Our nougat (no added preservatives) is a delicious energy bar with zero fat and double the fibers that you would need in a daily basis, giving the consumer the energy needed to exercise from the carbs and proteins it has.				
FALSE					
					
Η <L1>πέρλα</L1> ξεφεύγει από την συνηθισμένη της χρήση και γίνεται ακόμα πιο μοντέρνα.	Pearl  escapes  from its usual use and becomes even more modern.				
Η <N1></N1> ξεφεύγει από την συνηθισμένη της χρήση και γίνεται ακόμα πιο μοντέρνα.	Pearl  escapes  from its usual use and becomes even more modern.				
FALSE					
					
Τόσο το μάρμαρο, όσο και ο <L1>γρανίτης</L1> εμφανίζουν παρόμοια συμπεριφορά σε σχέση με τη θερμότητα.	Both marble and granite demonstrate similar heat resistance behavior.				
Τόσο το μάρμαρο, όσο και ο <N1></N1> εμφανίζουν παρόμοια συμπεριφορά σε σχέση με τη θερμότητα.	Both marble and granite demonstrate similar heat resistance behavior.				
FALSE					
					
Στην πραγματικότητα, η διατήρηση ενός βέλτιστου μικροκλίματος σε ένα <L1>περβάζι</L1> δεν είναι εύκολο έργο, παρόλο που δεν φαίνεται τόσο με την πρώτη ματιά.	In fact, maintaining an optimal microclimate in a sill is not an easy task, even though it does not seem so at first glance.	περβάζι κατώφλι			
Στην πραγματικότητα, η διατήρηση ενός βέλτιστου μικροκλίματος σε ένα <N1>κατώφλι</N1> δεν είναι εύκολο έργο, παρόλο που δεν φαίνεται τόσο με την πρώτη ματιά.	In fact, maintaining an optimal microclimate in a sill is not an easy task, even though it does not seem so at first glance.				
TRUE					
					
Θέμα: Πανελλαδική <L1>δημοσκόπηση</L1> στο πλαίσιο της κλαδικής έρευνας για το ηλεκτρονικό εμπόριο	Subject: HCC's nationwide survey in the context of the Sector Inquiry on e-commerce				
Θέμα: Πανελλαδική <N1></N1> στο πλαίσιο της κλαδικής έρευνας για το ηλεκτρονικό εμπόριο	Subject: HCC's nationwide survey in the context of the Sector Inquiry on e-commerce				
FALSE					
					
Η συγκεκριμένη τεχνική είναι μόνο για περίπτωση βλάβης του <L1>πεντάλ</L1> του συμπλέκτη και εφόσον δεν μπορείτε να καλέσετε οδική ασφάλεια ή κρίνεται απαραίτητη η συνέχιση της διαδρομής σας παρά τη βλάβη, μέχρι ένα πιο ασφαλές μέρος	This technique is only for clutch pedal failure and if you can not call road safety or it is necessary to continue your journey despite the damage to a more secure place				
Η συγκεκριμένη τεχνική είναι μόνο για περίπτωση βλάβης του <N1></N1> του συμπλέκτη και εφόσον δεν μπορείτε να καλέσετε οδική ασφάλεια ή κρίνεται απαραίτητη η συνέχιση της διαδρομής σας παρά τη βλάβη, μέχρι ένα πιο ασφαλές μέρος	This technique is only for clutch pedal failure and if you can not call road safety or it is necessary to continue your journey despite the damage to a more secure place				
FALSE					
					
(Τα μέλη του γένους, για παράδειγμα, δεν πρέπει να να τρώγουν το <L1>τοτέμ</L1> τους, ούτε να χρησιμοποιούν αντικείμενα κατασκευασμένα από αυτό.) Πίστευαν ότι το ίδιο το ζώο ήταν ο φυσικός βοηθός τους.	(Members of a gens, for example, must not eat their totem, or use articles made from it.) They believed that the animal itself was their natural aid.				
(Τα μέλη του γένους, για παράδειγμα, δεν πρέπει να να τρώγουν το <N1></N1> τους, ούτε να χρησιμοποιούν αντικείμενα κατασκευασμένα από αυτό.) Πίστευαν ότι το ίδιο το ζώο ήταν ο φυσικός βοηθός τους.	(Members of a gens, for example, must not eat their totem, or use articles made from it.) They believed that the animal itself was their natural aid.				
FALSE					
					
Ασημένια σκουλαρίκια με μαύρη <L1>πατίνα</L1> και όνυχα	Silver Earrings with Black Patina and Onyx				
Ασημένια σκουλαρίκια με μαύρη <N1></N1> και όνυχα	Silver Earrings with Black Patina and Onyx				
FALSE					
					
Κτίστηκε μαζί με το ψηλό <L1>καμπαναριό</L1> το 1795 από τον έμπορο Χατζή-Μάνθο Γκίνη.	It was built together with the tall bell tower in 1795 by the merchant Hatzi-Mantos Ginis.	κωδωνοστάσιο καμπαναριό			
Κτίστηκε μαζί με το ψηλό <N1>κωδωνοστάσιο</N1> το 1795 από τον έμπορο Χατζή-Μάνθο Γκίνη.	It was built together with the tall bell tower in 1795 by the merchant Hatzi-Mantos Ginis.				
TRUE					
					
ΙΔΙΟΤΗΤΕΣ ΣΥΜΦΩΝΑ ΜΕ ΤΟ 'ΠΑΛΑΙΟ ΧΕΙΡΟΓΡΑΦΟ': Εξαφανίζει πονοκεφάλους και ζαλάδες, δυναμώνει τον εγκέφαλο και τη μνήμη, αν κάνουμε συχνές εισπνοές, βρέχουμε τη βάση του κρανίου ή με <L1>κομπρέσα</L1> στο κεφάλι.	Pain and Dizziness: If they are frequently breathed in or sniffed, the base of the skull is moistened or a moistened cloth applied to the head, they dispel Pain and Dizziness and strengthen the brain and memory.	επίθεμα κομπρέσα 			
ΙΔΙΟΤΗΤΕΣ ΣΥΜΦΩΝΑ ΜΕ ΤΟ 'ΠΑΛΑΙΟ ΧΕΙΡΟΓΡΑΦΟ': Εξαφανίζει πονοκεφάλους και ζαλάδες, δυναμώνει τον εγκέφαλο και τη μνήμη, αν κάνουμε συχνές εισπνοές, βρέχουμε τη βάση του κρανίου ή με <N1></N1> στο κεφάλι.	Pain and Dizziness: If they are frequently breathed in or sniffed, the base of the skull is moistened or a moistened cloth applied to the head, they dispel Pain and Dizziness and strengthen the brain and memory.				
FALSE					
					
Αυτή είναι μια αναζήτηση πρώτου προσώπου με στοιχεία τρόμου που επίσης αφηγείται την ιστορία μιας νεαρής κοπέλας που εργάζεται ως <L1>νταντά</L1> την παραμονή των Χριστουγέννων.	This is a first-person quest with horror elements that also tells the story of a young girl working as a nanny on Christmas Eve.	τροφός νταντά			
Αυτή είναι μια αναζήτηση πρώτου προσώπου με στοιχεία τρόμου που επίσης αφηγείται την ιστορία μιας νεαρής κοπέλας που εργάζεται ως <N1>τροφός</N1> την παραμονή των Χριστουγέννων.	This is a first-person quest with horror elements that also tells the story of a young girl working as a nanny on Christmas Eve.				
TRUE					
					
Ποίος οικονομικός εγκληματίας <L1>ρε</L1> γαμώτο θα έκανε κάτι το οποίο δε θα του απέφερε κέρδος; Γιατί οικονομικό όφελος αυτή τη στιγμή δεν έχει κανείς στην Ελλάδα.	Who economic criminal would do something that would not result in economic profit? Because now in Greece none is gaining money.				
Ποίος οικονομικός εγκληματίας <N1></N1> γαμώτο θα έκανε κάτι το οποίο δε θα του απέφερε κέρδος; Γιατί οικονομικό όφελος αυτή τη στιγμή δεν έχει κανείς στην Ελλάδα.	Who economic criminal would do something that would not result in economic profit? Because now in Greece none is gaining money.				
FALSE					
					
Το ίδιο ισχύει και αν εμφανίζεται <L1>ψευδώνυμο</L1> εφόσον το ψευδώνυμο δεν αφήνει αμφιβολία ως προς την ταυτότητα του προσώπου.	The same shall apply when the name that appears is a pseudonym, provided that the pseudonym leaves no doubt as to the person's identity.				
Το ίδιο ισχύει και αν εμφανίζεται <N1></N1> εφόσον το ψευδώνυμο δεν αφήνει αμφιβολία ως προς την ταυτότητα του προσώπου.	The same shall apply when the name that appears is a pseudonym, provided that the pseudonym leaves no doubt as to the person's identity.				
FALSE					
					
Μια απροσδόκητη ανατροπή προσφέρει στον Γκρεγκ την πολυπόθητη <L1>ντάμα</L1> και αφήνει τον Ρόουλι να κρατάει το φανάρι.	An unexpected twist gives Greg a partner for the dance and leaves Rowley the odd man out.	ντάμα παιχνίδι ντάμα σύντροφος			
Μια απροσδόκητη ανατροπή προσφέρει στον Γκρεγκ την πολυπόθητη <N1>σύντροφο</N1> και αφήνει τον Ρόουλι να κρατάει το φανάρι.	An unexpected twist gives Greg a partner for the dance and leaves Rowley the odd man out.				
TRUE					
					
Όταν επιλέγετε φυτά για τη <L1>λεοπάρδαλη</L1> δεξαμενή γκέκο σας, φροντίστε να λάβετε υπόψη πώς θα επηρεάσουν τις θερμοκρασίες στη δεξαμενή.	When choosing plants for your leopard gecko tank, be sure to consider how they will affect the temperatures in the tank.				
Όταν επιλέγετε φυτά για τη <N1></N1> δεξαμενή γκέκο σας, φροντίστε να λάβετε υπόψη πώς θα επηρεάσουν τις θερμοκρασίες στη δεξαμενή.	When choosing plants for your leopard gecko tank, be sure to consider how they will affect the temperatures in the tank.				
FALSE					
					
[1] Το εξωτερικό, από ύφασμα <L1>ποπλίνα</L1> (ύφασμα που χρησιμοποιείται για την κατασκευή στολών ιατρικού προσωπικού και χειρουργείων).	(1)The outer part made of poplin fabric (which is generally used to manufacture medical and surgical uniforms).				
[1] Το εξωτερικό, από ύφασμα <N1></N1> (ύφασμα που χρησιμοποιείται για την κατασκευή στολών ιατρικού προσωπικού και χειρουργείων).	(1)The outer part made of poplin fabric (which is generally used to manufacture medical and surgical uniforms).				
FALSE					
					
Στον απόηχο του οικονομικού <L1>κραχ</L1> του 2008, η εμπιστοσύνη είναι το παν.	In the wake of the 2008 financial crash, trust is everything.	κρίση κατάρρευση κραχ			
Στον απόηχο της οικονομικής <N1>κρίσης</N1> του 2008, η εμπιστοσύνη είναι το παν.	In the wake of the 2008 financial crash, trust is everything.				
TRUE					
					
Η κουζίνα ειναι πλήρως εξοπλισμένη με όλα τα μαγειρικά σκεύη καθώς επίσης διαθέτει <L1>καφετιέρα</L1> και βραστηρα.	Kitchenette is fully equipped with all kitchen utensils as well as a coffee maker and kettle.				
Η κουζίνα ειναι πλήρως εξοπλισμένη με όλα τα μαγειρικά σκεύη καθώς επίσης διαθέτει <N1></N1> και βραστηρα.	Kitchenette is fully equipped with all kitchen utensils as well as a coffee maker and kettle.				
FALSE					
					
Τα μεγάλα, <L1>οβάλ</L1> μάτια τους πρέπει να συνδυαστούν σε αρμονία με το τρίχωμα τους για να αναγνωριστούν ως περσικά.	Their large, oval eyes must be paired in harmony with their coat to be recognized as Persian.	ωοειδές οβάλ 			
Τα μεγάλα, <N1>ωοειδές</N1> μάτια τους πρέπει να συνδυαστούν σε αρμονία με το τρίχωμα τους για να αναγνωριστούν ως περσικά.	Their large, oval eyes must be paired in harmony with their coat to be recognized as Persian.				
TRUE					
					
Αλλά ο ουτοπικός <L1>σοσιαλισμός</L1> δεν μπορούσε να υποδείξει την πραγματική λύση.	But utopian socialism could not indicate the real solution.	σοσιαλισμός σοσιαλιστική οικονομία			
Αλλά ο ουτοπικός <N1></N1> δεν μπορούσε να υποδείξει την πραγματική λύση.	But utopian socialism could not indicate the real solution.				
FALSE					
					
Οι πολωμένοι <L1>φιμέ</L1> φακοί σε πρασινωπή απόχρωση έχουν το πλεονέκτημα της μέγιστης μείωσης της ανταύγειας χωρίς να παραμορφώνουν τα χρώματα.	The Polarized Smoke Green Lenses have maximum glare reduction without distorting colors.				
Οι πολωμένοι <N1></N1> φακοί σε πρασινωπή απόχρωση έχουν το πλεονέκτημα της μέγιστης μείωσης της ανταύγειας χωρίς να παραμορφώνουν τα χρώματα.	The Polarized Smoke Green Lenses have maximum glare reduction without distorting colors.				
FALSE					
					
Η πρώτη τους κυκλοφορία ήταν μια <L1>κασέτα</L1> με έξι κομμάτια που έγραψαν και έφτιαξαν μόνοι τους σε 120 αντίτυπα, τα οποία εξαντλήθηκαν.	Their first release was a DIY limited edition 6 track cassette (120 copies released and sold out).				
Η πρώτη τους κυκλοφορία ήταν μια <N1></N1> με έξι κομμάτια που έγραψαν και έφτιαξαν μόνοι τους σε 120 αντίτυπα, τα οποία εξαντλήθηκαν.	Their first release was a DIY limited edition 6 track cassette (120 copies released and sold out).				
FALSE					
					
Αυτή η <L1>πούδρα</L1> σταθεροποίησης έχει σχεδιαστεί ειδικά για να παραμένει αόρατη στο δέρμα με τις πιο προηγμένες αναλύσεις στα σημερινά μέσα.	This setting powder has been specifically designed to appear invisible on the skin under the most cutting-edge resolutions in today's media.	πούδρα σκόνη φαρμακευτική σκόνη			
Αυτή η <N1>σκόνη</N1> σταθεροποίησης έχει σχεδιαστεί ειδικά για να παραμένει αόρατη στο δέρμα με τις πιο προηγμένες αναλύσεις στα σημερινά μέσα.	This setting powder has been specifically designed to appear invisible on the skin under the most cutting-edge resolutions in today's media.				
TRUE					
					
Ο απόλυτος <L1>αλτρουισμός</L1> από το φως ξεχυνόταν... τραβούσε αντιμαχόμενο το σκοτάδι στον απόλυτο εγωισμό.	Absolute altruism poured forth from the light…. The opposing darkness drew away, towards absolute egotism.	αλτρουισμός φιλαλληλία | αλτρουισμός ανιδιοτέλεια			
Η απόλυτη <N1>φιλαλληλία</N1> από το φως ξεχυνόταν... τραβούσε αντιμαχόμενο το σκοτάδι στον απόλυτο εγωισμό.	Absolute altruism poured forth from the light…. The opposing darkness drew away, towards absolute egotism.				
TRUE					
					
Από <L1>μπούτι</L1> ή χεράκι αρνί με οστό, κομμένο σε μερίδες, καρυκευμένο με κρεμμύδι, σκόρδο, μάραθο, άνηθο, λάδι, αλάτι και πιπέρι, με κομμάτια κεφαλογραβιέρας, τυλιγμένο σε λαδόκολλα.	Cook Time: 26 Minutes Yield: 4 servings A flavorful paste of garlic, fennel, rosemary, onion, salt and pepper is spread on both sides of chops before broiling.	μηρός μπούτι			
Από <N1>μηρό</N1> ή χεράκι αρνί με οστό, κομμένο σε μερίδες, καρυκευμένο με κρεμμύδι, σκόρδο, μάραθο, άνηθο, λάδι, αλάτι και πιπέρι, με κομμάτια κεφαλογραβιέρας, τυλιγμένο σε λαδόκολλα.	Cook Time: 26 Minutes Yield: 4 servings A flavorful paste of garlic, fennel, rosemary, onion, salt and pepper is spread on both sides of chops before broiling.				
TRUE					
					
Είμαστε ο Παγκύπριος Σύνδεσμος Καρκινοπαθών και Φίλων (ΠΑΣΥΚΑΦ), ένας εθελοντικός, μη κερδοσκοπικός, <L1>φιλανθρωπικός</L1> Οργανισμός με αριθμό εγγραφής 525.	We are the Cyprus Association of Cancer Patients and Friends (PASYKAF), a voluntary, non-profit, charitable organization with registration number 525.				
Είμαστε ο Παγκύπριος Σύνδεσμος Καρκινοπαθών και Φίλων (ΠΑΣΥΚΑΦ), ένας εθελοντικός, μη κερδοσκοπικός, <N1></N1> Οργανισμός με αριθμό εγγραφής 525.	We are the Cyprus Association of Cancer Patients and Friends (PASYKAF), a voluntary, non-profit, charitable organization with registration number 525.				
FALSE					
					
Μία από τις πιο γνωστές πολίτικες συνταγές της Σμύρνης και της Κωνσταντινούπολης, τα ντολμαδάκια <L1>γιαλαντζί</L1> με μπεσαμέλ αποτελούν ένα από τα πιο πολλά υποσχόμενα ορεκτικά ή και κυρίως πιάτα σε ένα πλούσιο τραπέζι, είτε για καλεσμένους είτε -γιατί όχι- για καθημερινό!	They are one of the most famous recipes of Smyrna and Constantinople. The gialantzi dolmades (meat-free stuffed vine leaves) with béchamel sauce is one of the most promising appetizers or main dishes on a rich Greek table!				
Μία από τις πιο γνωστές πολίτικες συνταγές της Σμύρνης και της Κωνσταντινούπολης, τα ντολμαδάκια <N1></N1> με μπεσαμέλ αποτελούν ένα από τα πιο πολλά υποσχόμενα ορεκτικά ή και κυρίως πιάτα σε ένα πλούσιο τραπέζι, είτε για καλεσμένους είτε -γιατί όχι- για καθημερινό!	They are one of the most famous recipes of Smyrna and Constantinople. The gialantzi dolmades (meat-free stuffed vine leaves) with béchamel sauce is one of the most promising appetizers or main dishes on a rich Greek table!				
FALSE					
					
Το τελευταίο <L1>αντίο</L1> θα πουν σήμερα όσοι αγάπησαν τον Παντελή Παντελίδη.	The last goodbye will say today everyone who loved Pantelis Pantelidis.	αντίο αποχαιρετισμός γειά σου | αντίο γειά σου			
Τον τελευταίο <N1>αποχαιρετισμό</N1> θα πουν σήμερα όσοι αγάπησαν τον Παντελή Παντελίδη.	The last goodbye will say today everyone who loved Pantelis Pantelidis.				
TRUE					
					
Ένα υπέροχο μεταξωτό <L1>φουλάρι</L1> διακοσμημένο με Εύζωνες σε βηματισμό.	An exquisite square silk scarf decorated with marching Evzones.				
Ένα υπέροχο μεταξωτό <N1></N1> διακοσμημένο με Εύζωνες σε βηματισμό.	An exquisite square silk scarf decorated with marching Evzones.				
FALSE					
					
Η καινούρια σοδειά, 2014, κυκλοφορεί με νέα ετικέτα που απεικονίζει μία αρχοντική <L1>πολυθρόνα</L1> συμβολίζοντας... ΤΑ ΝΕΑ ΜΑΣ	The new vintage, 2014, is marketed with a new label representing a stately armchair, thus symbolizing... OUR NEWS				
Η καινούρια σοδειά, 2014, κυκλοφορεί με νέα ετικέτα που απεικονίζει μία αρχοντική <N1></N1> συμβολίζοντας... ΤΑ ΝΕΑ ΜΑΣ	The new vintage, 2014, is marketed with a new label representing a stately armchair, thus symbolizing... OUR NEWS				
FALSE					
					
Τέλος ο κ Χρήστος Πράπας <L1>λέκτορας</L1> εφαρμογών από το Πανεπιστήμιο Δυτικής Αττικής αναφέρθηκε στην σημασία της στήριξης των φροντιστών ως ζήτημα δημόσιας και κοινοτικής υγείας.	Finally, Mr Christos Prapas, Lecturer in Applications from the University of West Attica spoke on the importance of carers' support as a public and community health issue. Search Events				
Τέλος ο κ Χρήστος Πράπας <N1></N1> εφαρμογών από το Πανεπιστήμιο Δυτικής Αττικής αναφέρθηκε στην σημασία της στήριξης των φροντιστών ως ζήτημα δημόσιας και κοινοτικής υγείας.	Finally, Mr Christos Prapas, Lecturer in Applications from the University of West Attica spoke on the importance of carers' support as a public and community health issue. Search Events				
FALSE					
					
Οι κόκκοι καθαρίζονται και αποθηκεύονται σε <L1>σιλό</L1> ανά ποικιλία.	All granules are cleaned and stored in silos according to variety.				
Οι κόκκοι καθαρίζονται και αποθηκεύονται σε <N1></N1> ανά ποικιλία.	All granules are cleaned and stored in silos according to variety.				
FALSE					
					
Με την <L1>χαλκογραφία</L1> και την οξυγραφία ασχολήθηκαν και οι τρεις μεγάλοι της κερκυραϊκής χαρακτικής, ο Μάρκος Ζαβιτζιάνος, ο Λυκούργος Κογεβίνας και ο Νικόλαος Βεντούρας.	Markos Zavitsianos, Lykourgos Koyevinas and Nikolaos Vedouras are three great artists of Corfiot etchings who involved themselves with mezzotint and aquatint.				
Με την <N1></N1> και την οξυγραφία ασχολήθηκαν και οι τρεις μεγάλοι της κερκυραϊκής χαρακτικής, ο Μάρκος Ζαβιτζιάνος, ο Λυκούργος Κογεβίνας και ο Νικόλαος Βεντούρας.	Markos Zavitsianos, Lykourgos Koyevinas and Nikolaos Vedouras are three great artists of Corfiot etchings who involved themselves with mezzotint and aquatint.				
FALSE					
					
Ψήνουμε την <L1>κρούστα</L1> για 10 λεπτά ή μέχρι να ροδίσει ελαφρώς.	Now juice and zest a lemon and blend for 10 more seconds.				
Ψήνουμε την <N1></N1> για 10 λεπτά ή μέχρι να ροδίσει ελαφρώς.	Now juice and zest a lemon and blend for 10 more seconds.				
FALSE					
					
Πλέοντας προς τη δυτική πλευρά του νησιού, θα έχουμε την ευκαιρία να επισκεφθούμε μερικές από τις πιο εντυπωσιακές παραλίες στον κόσμο όπως το <L1>πόρτο</L1> Κατσίκι και το Κάθισμα.	Sailing down the island's western side allows you to visit some of the world's most impressive beaches such as Porto Katsiki and Kathisma.				
Πλέοντας προς τη δυτική πλευρά του νησιού, θα έχουμε την ευκαιρία να επισκεφθούμε μερικές από τις πιο εντυπωσιακές παραλίες στον κόσμο όπως το <N1></N1> Κατσίκι και το Κάθισμα.	Sailing down the island's western side allows you to visit some of the world's most impressive beaches such as Porto Katsiki and Kathisma.				
FALSE					
					
Σύστημα φιλτραρίσματος: αντλία νερού, προσαρτημένη δεξαμενή, φίλτρο, <L1>μανόμετρο</L1> Πώς λειτουργεί το σύστημα φιλτραρίσματος; Λάδι και επιπλέουσα βρωμιά που απομακρύνεται από το αντικείμενο, επιπλέει πάνω από την επιφάνεια του νερού, ξεχειλίζει μέσω του κυκλοφοριακού συστήματος, φθάνει στη δεξαμενή, προσαρτάται το λάδι του ρεζερβουάρ και η επιπλέουσα βρωμιά σε ένα διαμέρισμα δεξαμενής, και η κυκλοφορητική αντλία παίρνει καθαρότερο νερό από το κάτω μέρος του δεύτερου διαμερίσματος το πρώτο διαμέρισμα και το δεύτερο διαμέρισμα, υπάρχουν δύο μπλοκ και ένα κενό, το οποίο καθαρότερο νερό μπορεί να περάσει από αυτό, το πετρέλαιο και οι επιπλέουσες βρωμιές είναι μπλοκ στο πρώτο διαμέρισμα, το οποίο είναι το πρώτο στάδιο για την απομάκρυνση του πετρελαίου. όταν το νερό έρθει στο φίλτρο, το φίλτρο παρατηρεί πολύ λίγο λάδι που δεν μπορεί να πιαστεί στη δεξαμενή, αυτό είναι το δεύτερο στάδιο για να αφαιρέσετε το λάδι. ο χρήστης μπορεί να δει τον μετρητή πίεσης για να πει εάν το μπλοκ φίλτρου με λάδι και πλωτή ακαθαρσία.	Filtration system: water pump, attached tank, filter, pressure gauge How filtration system work? Oil and floating dirt that get off from object, floating over watersurface, overflow through circulating system, arrived attached tank, attached tank catch oil and floating dirt in one compartment of attach tank, and circulating pump get cleaner water from bottom of second compartment, during first compartment and second compartment, there are two block and a gap, which cleaner water can get through it, oil and floating dirt are block in first compartment, which is first stage to remove oil.				
Σύστημα φιλτραρίσματος: αντλία νερού, προσαρτημένη δεξαμενή, φίλτρο, <N1></N1> Πώς λειτουργεί το σύστημα φιλτραρίσματος; Λάδι και επιπλέουσα βρωμιά που απομακρύνεται από το αντικείμενο, επιπλέει πάνω από την επιφάνεια του νερού, ξεχειλίζει μέσω του κυκλοφοριακού συστήματος, φθάνει στη δεξαμενή, προσαρτάται το λάδι του ρεζερβουάρ και η επιπλέουσα βρωμιά σε ένα διαμέρισμα δεξαμενής, και η κυκλοφορητική αντλία παίρνει καθαρότερο νερό από το κάτω μέρος του δεύτερου διαμερίσματος το πρώτο διαμέρισμα και το δεύτερο διαμέρισμα, υπάρχουν δύο μπλοκ και ένα κενό, το οποίο καθαρότερο νερό μπορεί να περάσει από αυτό, το πετρέλαιο και οι επιπλέουσες βρωμιές είναι μπλοκ στο πρώτο διαμέρισμα, το οποίο είναι το πρώτο στάδιο για την απομάκρυνση του πετρελαίου. όταν το νερό έρθει στο φίλτρο, το φίλτρο παρατηρεί πολύ λίγο λάδι που δεν μπορεί να πιαστεί στη δεξαμενή, αυτό είναι το δεύτερο στάδιο για να αφαιρέσετε το λάδι. ο χρήστης μπορεί να δει τον μετρητή πίεσης για να πει εάν το μπλοκ φίλτρου με λάδι και πλωτή ακαθαρσία.	Filtration system: water pump, attached tank, filter, pressure gauge How filtration system work? Oil and floating dirt that get off from object, floating over watersurface, overflow through circulating system, arrived attached tank, attached tank catch oil and floating dirt in one compartment of attach tank, and circulating pump get cleaner water from bottom of second compartment, during first compartment and second compartment, there are two block and a gap, which cleaner water can get through it, oil and floating dirt are block in first compartment, which is first stage to remove oil.				
FALSE					
					
Με το εργαλείο μπορείτε να δείτε όλα τα <L1>ντεκόρ</L1> των προϊόντων μας για δάπεδα είτε στις παρεχόμενες φωτογραφίες δωματίων είτε ακόμα και στο δικό σας δωμάτιο.	With the tool you are able to view all decors of our Flooring products in either the provided roomshots or even in your own room.	ντεκόρ διακόσμηση 			
Με το εργαλείο μπορείτε να δείτε όλα τη<N1>διακόσμηση</N1> των προϊόντων μας για δάπεδα είτε στις παρεχόμενες φωτογραφίες δωματίων είτε ακόμα και στο δικό σας δωμάτιο.	With the tool you are able to view all decors of our Flooring products in either the provided roomshots or even in your own room.				
TRUE					
					
Αν και τα <L1>τσιντσιλά</L1> μπορούν να δουν τι συμβαίνει γύρω τους, δεν μπορούν να δουν λεπτομέρειες όπως εμείς.	Although chinchillas can see what's going on around them, they can't see details as we can.				
Αν και τα <N1></N1> μπορούν να δουν τι συμβαίνει γύρω τους, δεν μπορούν να δουν λεπτομέρειες όπως εμείς.	Although chinchillas can see what's going on around them, they can't see details as we can.				
FALSE					
					
Οι φάροι λειτουργούν με λάδι, με πετρέλαιο, με <L1>ασετιλίνη</L1> ή με ηλεκτρικό ρεύμα; Γιατί χρειάζονταν κούρδισμα οι παλιοί φάροι; Πώς έμοιαζε η καθημερινή ζωή ενός φαροφύλακα;	Do the lighthouses function with oil, with petroleum, with acetylene or with electricity? Why the old lighthouses needed winding?				
Οι φάροι λειτουργούν με λάδι, με πετρέλαιο, με <N1></N1> ή με ηλεκτρικό ρεύμα; Γιατί χρειάζονταν κούρδισμα οι παλιοί φάροι; Πώς έμοιαζε η καθημερινή ζωή ενός φαροφύλακα;	Do the lighthouses function with oil, with petroleum, with acetylene or with electricity? Why the old lighthouses needed winding?				
FALSE					
					
Χαρακτηριστικά: Ζακέτα από λεπτό φούτερ με φερμουάρ, μακρύ μανίκι και κουκούλα σε <L1>βεραμάν</L1> χρώμα,	Cardigan made of thin sweatshirt with zipper, long sleeve and hood in bright brown color,				
Χαρακτηριστικά: Ζακέτα από λεπτό φούτερ με φερμουάρ, μακρύ μανίκι και κουκούλα σε <N1></N1> χρώμα,	Cardigan made of thin sweatshirt with zipper, long sleeve and hood in bright brown color,				
FALSE					
					
Αμέσως μόλις οι πρώτες πληροφορίες διασταυρώθηκαν, η Αγγελική Νικολούλη ενημέρωσε την κόρη της και την αδελφή της που βρίσκονταν στο στούντιο για να μεταβούν στο σημείο, μαζί με τον <L1>ρεπόρτερ</L1> της εκπομπής.	As soon as the first information crossed, Angeliki Nikolouli informed her daughter and sister who were in the studio to go to the spot along with the reporter of the show.	ρεπόρτερ δημοσιογράφος			
Αμέσως μόλις οι πρώτες πληροφορίες διασταυρώθηκαν, η Αγγελική Νικολούλη ενημέρωσε την κόρη της και την αδελφή της που βρίσκονταν στο στούντιο για να μεταβούν στο σημείο, μαζί με τον <N1>δημοσιογράφος</N1> της εκπομπής.	As soon as the first information crossed, Angeliki Nikolouli informed her daughter and sister who were in the studio to go to the spot along with the reporter of the show.				
TRUE					
					
Μενταγιόν από επιχρυσωμένο ασήμι 925 με <L1>ρουμπίνι</L1> και ζιρκόν.	Gold plated sterling silver pendant with a zircon stone.				
Μενταγιόν από επιχρυσωμένο ασήμι 925 με <N1></N1> και ζιρκόν.	Gold plated sterling silver pendant with a zircon stone.				
FALSE					
					
Η Λίγκα της Λαϊκής Δημοκρατίας της Κορέας είναι δημοφιλής στη χώρα και τα παιχνίδια της μεταδίδονται συχνά από την τηλεόραση.[201] Η εθνική ομάδα, η Τσολλίμα, συμμετείχε στο Παγκόσμιο Κύπελλο Ποδοσφαίρου το 2010, όπου έχασε όλα τα <L1>ματς</L1> απέναντι στη Βραζιλία, την Πορτογαλία και την Ακτή Ελεφαντοστού.[232] Η εμφάνισή της το 1966 ήταν πολύ πιο επιτυχημένη, όταν έκανε την έκπληξη κερδίζοντας με 1-0 την Ιταλία και χάνοντας στον προημιτελικό από την Πορτογαλία με 3-5, παρόλο που η Βόρεια Κορέα είχε προηγηθεί στην αρχή με 3-0.[233] Μια εθνική ομάδα εκπροσωπεί το έθνος σε διεθνείς διοργανώσεις καλαθοσφαίρισης.	The DPR Korea League is popular inside the country and its games are often televised.[422] The national football team, Chollima, competed in the FIFA World Cup in 2010, when it lost all three matches against Brazil, Portugal and Ivory Coast.[444] Its 1966 appearance was much more successful, seeing a surprise 1–0 victory over Italy and a quarter final loss to Portugal by 3–5.[445] A national team represents the nation in international basketball competitions as well.	αγώνας ματς			
Η Λίγκα της Λαϊκής Δημοκρατίας της Κορέας είναι δημοφιλής στη χώρα και τα παιχνίδια της μεταδίδονται συχνά από την τηλεόραση.[201] Η εθνική ομάδα, η Τσολλίμα, συμμετείχε στο Παγκόσμιο Κύπελλο Ποδοσφαίρου το 2010, όπου έχασε όλα τους <N1>αγώνες</N1> απέναντι στη Βραζιλία, την Πορτογαλία και την Ακτή Ελεφαντοστού.[232] Η εμφάνισή της το 1966 ήταν πολύ πιο επιτυχημένη, όταν έκανε την έκπληξη κερδίζοντας με 1-0 την Ιταλία και χάνοντας στον προημιτελικό από την Πορτογαλία με 3-5, παρόλο που η Βόρεια Κορέα είχε προηγηθεί στην αρχή με 3-0.[233] Μια εθνική ομάδα εκπροσωπεί το έθνος σε διεθνείς διοργανώσεις καλαθοσφαίρισης.	The DPR Korea League is popular inside the country and its games are often televised.[422] The national football team, Chollima, competed in the FIFA World Cup in 2010, when it lost all three matches against Brazil, Portugal and Ivory Coast.[444] Its 1966 appearance was much more successful, seeing a surprise 1–0 victory over Italy and a quarter final loss to Portugal by 3–5.[445] A national team represents the nation in international basketball competitions as well.				
TRUE					
					
(α) Ποιο <L1>ρεφρέν</L1> κάνει ξεχωριστό τον Ψαλμό 107; (β) Τι είναι οι λεγόμενοι Ψαλμοί Χαλλέλ;	(a) What refrain highlights Psalm 107? (b) What are the so-called Hallel Psalms?	ρεφρέν επωδός			
(α) Ποια <N1>επωδό</N1> κάνει ξεχωριστό τον Ψαλμό 107; (β) Τι είναι οι λεγόμενοι Ψαλμοί Χαλλέλ;	(a) What refrain highlights Psalm 107? (b) What are the so-called Hallel Psalms?				
TRUE					
					
Στηρίξτε κι εσείς την εκστρατεία αυτή του Κυπριακού Κέντρου Περιβαλλοντικής Έρευνας και Εκπαίδευσης (ΚΥ.Κ.Π.Ε.Ε.), δημοσιοποιώντας και συζητώντας το θέμα με τους γνωστούς σας και τους <L1>αρμόδιους</L1> φορείς.	Support this campaign of the Cyprus Centre for Environmental Research and Education disseminating and discussing this issue with people from your environment and competent bodies.				
Στηρίξτε κι εσείς την εκστρατεία αυτή του Κυπριακού Κέντρου Περιβαλλοντικής Έρευνας και Εκπαίδευσης (ΚΥ.Κ.Π.Ε.Ε.), δημοσιοποιώντας και συζητώντας το θέμα με τους γνωστούς σας και τους <N1></N1> φορείς.	Support this campaign of the Cyprus Centre for Environmental Research and Education disseminating and discussing this issue with people from your environment and competent bodies.				
FALSE					
					
Θα βρίσκεσαι πάντα στο σημείο όπου πηγαίνει η φύση για να δημιουργήσει αστέρια, γαλαξίες, <L1>κουάρκ</L1> και λεπτόνια, εκεί όπου είμαστε όλοι όταν πηγαίνουμε για να δημιουργήσουμε τους εαυτούς μας ως αγάπη, αλήθεια, ελευθερία, ομορφιά και σοφία.	You will always find yourself at the point where nature goes in order to create stars, galaxies, quarks and leptonia, where we all are when we create ourselves as love, truth, freedom, beauty and wisdom.				
Θα βρίσκεσαι πάντα στο σημείο όπου πηγαίνει η φύση για να δημιουργήσει αστέρια, γαλαξίες, <N1></N1> και λεπτόνια, εκεί όπου είμαστε όλοι όταν πηγαίνουμε για να δημιουργήσουμε τους εαυτούς μας ως αγάπη, αλήθεια, ελευθερία, ομορφιά και σοφία.	You will always find yourself at the point where nature goes in order to create stars, galaxies, quarks and leptonia, where we all are when we create ourselves as love, truth, freedom, beauty and wisdom.				
FALSE					
					
Το δίχτυ είναι στην ουσία διάτρητος <L1>μουσαμάς</L1> με ύφανση νάιλον που το καθιστά ανθεκτικό στις καιρικές συνθήκες, ακόμα και σε περιοχές με πολλές βροχές.	Net is actually perforated tarpaulin with nylon weave that makes it weather resistant, even in areas with lots of rain.	αδιάβροχο υλικό μουσαμάς 			
Το δίχτυ είναι στην ουσία διάτρητος <N1></N1> με ύφανση νάιλον που το καθιστά ανθεκτικό στις καιρικές συνθήκες, ακόμα και σε περιοχές με πολλές βροχές.	Net is actually perforated tarpaulin with nylon weave that makes it weather resistant, even in areas with lots of rain.				
FALSE					
					
Και για όσους δεν το κατάλαβαν (γιατί και για την πιο προφανή σκέψη υπάρχουν πάντα αλεξί-σκεπτα κρανία), <L1>μαφία</L1> σημαίνει επιβολή του δίκιου του ισχυρότερου στον ασθενέστερο, επιβολή άγραφων και στυγνών νόμων που η παραβίασή τους τιμωρείται συνήθως με θάνατο, κι όλα αυτά που έρχονται σε πλήρη αντίθεση με την ιδέα της αναρχίας.	And for those who didn't get it yet (because even for the most obvious thoughts there are always thought-proof skulls that resist them), mafia means  might makes right , it means the imposition of unwritten and cruel laws, the violation of which is usually punished by death, and all those things that directly contradict the notion of anarchy.	Μαφία			
Και για όσους δεν το κατάλαβαν (γιατί και για την πιο προφανή σκέψη υπάρχουν πάντα αλεξί-σκεπτα κρανία), <N1></N1> σημαίνει επιβολή του δίκιου του ισχυρότερου στον ασθενέστερο, επιβολή άγραφων και στυγνών νόμων που η παραβίασή τους τιμωρείται συνήθως με θάνατο, κι όλα αυτά που έρχονται σε πλήρη αντίθεση με την ιδέα της αναρχίας.	And for those who didn't get it yet (because even for the most obvious thoughts there are always thought-proof skulls that resist them), mafia means  might makes right , it means the imposition of unwritten and cruel laws, the violation of which is usually punished by death, and all those things that directly contradict the notion of anarchy.				
FALSE					
					
Είναι πολύ σημαντικό να φορεθεί <L1>κορσές</L1> ή ζώνη για όσο μεγαλύτερο διάστημα γίνεται, προκειμένου να έχουμε το βέλτιστο αποτέλεσμα.	It is very important to wear a corset or belt for as long as possible in order to get the best result.				
Είναι πολύ σημαντικό να φορεθεί <N1></N1> ή ζώνη για όσο μεγαλύτερο διάστημα γίνεται, προκειμένου να έχουμε το βέλτιστο αποτέλεσμα.	It is very important to wear a corset or belt for as long as possible in order to get the best result.				
FALSE					
					
Παρ' όλα αυτά δεν περίμενα ποτέ ότι ο <L1>φανατισμός</L1> της Εκκλησίας μου θα την ωθούσε μέχρι το σημείο να τολμήσει να απαγορεύσει και να καταδικάσει διδασκαλίες που περιέχονται με απόλυτη σαφήνεια στις Άγιες Γραφές και διδάχθηκαν από τους ιδίους τους Αποστόλους, όπως συνέβαινε με το έγγραφο που κρατούσα στα χέρια μου.	Nevertheless, I had never expected my church to reach such a level of fanaticism as to dare to prohibit and condemn the teaching of the Holy Scriptures that had been recorded with absolute clarity and taught by the apostles themselves, with a document such as the one I was holding in my hands.	υπέρμετρος ζήλος άκριτη πίστη τυφλό πάθος φανατισμός 			
Παρ' όλα αυτά δεν περίμενα ποτέ ότι ο <N1></N1> της Εκκλησίας μου θα την ωθούσε μέχρι το σημείο να τολμήσει να απαγορεύσει και να καταδικάσει διδασκαλίες που περιέχονται με απόλυτη σαφήνεια στις Άγιες Γραφές και διδάχθηκαν από τους ιδίους τους Αποστόλους, όπως συνέβαινε με το έγγραφο που κρατούσα στα χέρια μου.	Nevertheless, I had never expected my church to reach such a level of fanaticism as to dare to prohibit and condemn the teaching of the Holy Scriptures that had been recorded with absolute clarity and taught by the apostles themselves, with a document such as the one I was holding in my hands.				
FALSE					
					
Σ' αυτή την ορχήστρα αρωμάτων περιλαμβάνονται επίσης το φρέσκο εσπεριδοειδές άρωμα του <L1>γκρέιπφρουτ</L1> και του λεμονιού, διαπερασμένο από πικρή ξινίλα, το οποίο συμπληρώνεται από άρωμα μοσχοκάρυδου με νότες <L2>λεβάντες</L2> και φρέσκου γρασιδιού.	The fresh citrus aroma of grapefruit and lemon, imbued with slightly bitter drops of sourness, is added to this wild range of scents, complemented by a note of nutmeg and a touch of lavender with freshly cut herbs.				
Σ' αυτή την ορχήστρα αρωμάτων περιλαμβάνονται επίσης το φρέσκο εσπεριδοειδές άρωμα του <N1></N1> και του λεμονιού, διαπερασμένο από πικρή ξινίλα, το οποίο συμπληρώνεται από άρωμα μοσχοκάρυδου με νότες <N2></N2> και φρέσκου γρασιδιού.	The fresh citrus aroma of grapefruit and lemon, imbued with slightly bitter drops of sourness, is added to this wild range of scents, complemented by a note of nutmeg and a touch of lavender with freshly cut herbs.				
FALSE					
					
Επίσης φημίζεται για τα γλυκά του, όπως το μοναδικό <L1>μιλφέιγ</L1> με μαρμελάδα αγριοφράουλας.	It is also renowned for its sweets, such as the unique mille-fee with wild-jam jam.				
Επίσης φημίζεται για τα γλυκά του, όπως το μοναδικό <N1></N1> με μαρμελάδα αγριοφράουλας.	It is also renowned for its sweets, such as the unique mille-fee with wild-jam jam.				
FALSE					
					
Το Σαγανάκι Αλουμινίου 28 εκ. Σειρά 3 μπορεί να χρησιμοποιηθεί και ως μικρός <L1>ταβάς</L1> ή ταψάκι.	The Aluminium Round Pan 28 cm Series 3 can be used also like a small oven and baking pan.				
Το Σαγανάκι Αλουμινίου 28 εκ. Σειρά 3 μπορεί να χρησιμοποιηθεί και ως μικρός <N1></N1> ή ταψάκι.	The Aluminium Round Pan 28 cm Series 3 can be used also like a small oven and baking pan.				
FALSE					
					
Μάλιστα, οι μελέτες που έγιναν στην <L1>τριγωνομετρία</L1> επέτρεψαν στους διανοουμένους της Μέσης Ανατολής να υπολογίζουν γωνίες και πλευρές τριγώνων, καθώς και να εμβαθύνουν στην αστρονομία.	The latter enabled Middle Eastern scholars to calculate values for angles and sides of triangles and to advance studies in astronomy.				
Μάλιστα, οι μελέτες που έγιναν στην <N1></N1> επέτρεψαν στους διανοουμένους της Μέσης Ανατολής να υπολογίζουν γωνίες και πλευρές τριγώνων, καθώς και να εμβαθύνουν στην αστρονομία.	The latter enabled Middle Eastern scholars to calculate values for angles and sides of triangles and to advance studies in astronomy.				
FALSE					
					
Αν ένας άντρας οι περισσότερες φαντασιώσεις του είναι για γυναίκες που θυμίζουν πόρνες τότε μια μαύρη κάλτσα ή <L1>ζαρτιέρα</L1> θα τον εξιτάρει.	If a guy most fantasies are for women who remind prostitutes then a black sock garter belt will excite.				
Αν ένας άντρας οι περισσότερες φαντασιώσεις του είναι για γυναίκες που θυμίζουν πόρνες τότε μια μαύρη κάλτσα ή <N1></N1> θα τον εξιτάρει.	If a guy most fantasies are for women who remind prostitutes then a black sock garter belt will excite.				
FALSE					
					
Το <L1>πεπτίδιο</L1> σήμα στο εμβόλιο αποτελείται από ακριβώς τα ίδια αμινοξέα όπως στον ίδιο τον ιό.	The signal peptide in the vaccine consists of exactly the same amino acids as in the virus itself.				
Το <N1></N1> σήμα στο εμβόλιο αποτελείται από ακριβώς τα ίδια αμινοξέα όπως στον ίδιο τον ιό.	The signal peptide in the vaccine consists of exactly the same amino acids as in the virus itself.				
FALSE					
					
Το <L1>κορνέ</L1> που αποτέλεσε μέρος του λογοτύπου του ζαχαροπλαστείου, σχεδιάστηκε ως μέσο διασύνδεσης με την τέχνη της ζαχαροπλαστικής.	The cornea, which forms the logo of the company, was designed as a means of interconnection with the art of confectionery.				
Το <N1></N1> που αποτέλεσε μέρος του λογοτύπου του ζαχαροπλαστείου, σχεδιάστηκε ως μέσο διασύνδεσης με την τέχνη της ζαχαροπλαστικής.	The cornea, which forms the logo of the company, was designed as a means of interconnection with the art of confectionery.				
FALSE					
					
Το νησί Χέντερσον είναι μια ακατοίκητη κοραλλιογενής <L1>ατόλη</L1> στο νότιο Ειρηνικό Ωκεανό.	Henderson Island is an uninhabited raised coral atoll in the South Pacific Ocean.	λιμνοθάλασσας ατόλη			
Το νησί Χέντερσον είναι μια ακατοίκητη κοραλλιογενής <N1>λιμνοθάλασσα</N1> στο νότιο Ειρηνικό Ωκεανό.	Henderson Island is an uninhabited raised coral atoll in the South Pacific Ocean.				
TRUE					
					
Σε όλους τους χώρους του σπιτιού είναι εμφανής η σφραγίδα του Κίτσου Μακρή σε τοιχογραφίες, ψηφιδωτά και οροφογραφίες με κορυφαία τη μεγάλη <L1>φρίζα</L1> του καθιστικού, που ταξιδεύει τον επισκέπτη στα χωριά του Πηλίου, όπως φαίνονται από τον Παγασητικό.	In all spaces of the house, the mark of Kitsos Makris is evident in murals, mosaics and ceiling murals, topped by the great living room frieze, which takes the visitor to the Pelion villages as seen from the Pagasitikos Gulf.				
Σε όλους τους χώρους του σπιτιού είναι εμφανής η σφραγίδα του Κίτσου Μακρή σε τοιχογραφίες, ψηφιδωτά και οροφογραφίες με κορυφαία τη μεγάλη <N1></N1> του καθιστικού, που ταξιδεύει τον επισκέπτη στα χωριά του Πηλίου, όπως φαίνονται από τον Παγασητικό.	In all spaces of the house, the mark of Kitsos Makris is evident in murals, mosaics and ceiling murals, topped by the great living room frieze, which takes the visitor to the Pelion villages as seen from the Pagasitikos Gulf.				
FALSE					
					
Η <L1>τυπογραφία</L1> είναι κλασική και διαχρονική, όπως ακριβώς και οι δημιουργίες-αριστουργήματα.	Typography is classic and timeless, just like the creations-masterpieces.				
Η <N1></N1> είναι κλασική και διαχρονική, όπως ακριβώς και οι δημιουργίες-αριστουργήματα.	Typography is classic and timeless, just like the creations-masterpieces.				
FALSE					
					
Αντί να καίγεται σταδιακά, το μείγμα αέρα/καυσίμου εκρήγνυται ανεξέλεγκτα, κάτι που μπορεί να είναι καθοριστικό για το <L1>μπουζί</L1> και μπορεί επίσης να προκαλέσει σοβαρή ζημιά στον κινητήρα.	With direct injected engines, the air-fuel mix near the spark plug can be locally very rich, which can cause carbon fouling on the ceramic insulator.	αναφλεκτήρας μπουζί			
Αντί να καίγεται σταδιακά, το μείγμα αέρα/καυσίμου εκρήγνυται ανεξέλεγκτα, κάτι που μπορεί να είναι καθοριστικό για το <N1></N1> και μπορεί επίσης να προκαλέσει σοβαρή ζημιά στον κινητήρα.	With direct injected engines, the air-fuel mix near the spark plug can be locally very rich, which can cause carbon fouling on the ceramic insulator.				
FALSE					
					
Η νέα μας υπηρεσία σάς εξοικονομεί χρόνο στο <L1>γκισέ</L1> και σας επιτρέπει να επιταχύνετε την παραλαβή του ενοικιαζόμενου αυτοκινήτου σας, καταχωρίζοντας τα στοιχεία σας εκ των προτέρων.	Our new service saves you time at the counter and allows you to speed up your rental car collection by registering your details in advance.	γκισέ θυρίδα πάγκος			
Η νέα μας υπηρεσία σάς εξοικονομεί χρόνο στο <N1></N1> και σας επιτρέπει να επιταχύνετε την παραλαβή του ενοικιαζόμενου αυτοκινήτου σας, καταχωρίζοντας τα στοιχεία σας εκ των προτέρων.	Our new service saves you time at the counter and allows you to speed up your rental car collection by registering your details in advance.				
FALSE					
					
Για τους φουτουριστές, η <L1>μαριονέτα</L1> χρησίμευσε προκειμένου να αποδοθούν αισθητικοί και ιδεολογικοί προβληματισμοί της ομάδας τους.	For the Futurists, puppet was used to attribute the aesthetic and ideological concerns of their group.	ανδρείκελο μαριονέτα πιόνι υποχείριο			
Για τους φουτουριστές, η <N1></N1> χρησίμευσε προκειμένου να αποδοθούν αισθητικοί και ιδεολογικοί προβληματισμοί της ομάδας τους.	For the Futurists, puppet was used to attribute the aesthetic and ideological concerns of their group.				
FALSE					
					
Ο χαποκόφτης μπορεί να χρησιμοποιηθεί για να κοπεί το <L1>χάπι</L1> ακριβώς στη μέση για πιο εύκολη κατάποση, ή να καταπιούν μόνο το μισό της δόσης του φαρμάκου.	Pill cutter can be used to cut pill exactly in half for easier swallowing or to ingest only half the dose of the medication.				
Ο χαποκόφτης μπορεί να χρησιμοποιηθεί για να κοπεί το <N1></N1> ακριβώς στη μέση για πιο εύκολη κατάποση, ή να καταπιούν μόνο το μισό της δόσης του φαρμάκου.	Pill cutter can be used to cut pill exactly in half for easier swallowing or to ingest only half the dose of the medication.				
FALSE					
					
Ο Ύστερος Μεσαίωνας στιγματίστηκε από δοκιμασίες και κινδύνους όπως ο λιμός, η <L1>πανούκλα</L1> κι ο πόλεμος, που μειώσανε κατά πολύ τον πληθυσμό της Δ. Ευρώπης. Μεταξύ των ετών 1347-50 η Μαύρη Πανώλη ή ο Μαύρος Θάνατος εξόντωσε τα 2/5 περίπου του ευρωπαϊκού πληθυσμού.	It has been traditionally held that by the 14th century the dynamic force of medieval civilization had been spent and that the late Middle Ages were characterized by decline and decay. Europe did indeed suffer disasters of war, famine, and pestilence in the 14th century, but many of the underlying social, intellectual, and political structures remained intact.				
Ο Ύστερος Μεσαίωνας στιγματίστηκε από δοκιμασίες και κινδύνους όπως ο λιμός, η <N1></N1> κι ο πόλεμος, που μειώσανε κατά πολύ τον πληθυσμό της Δ. Ευρώπης. Μεταξύ των ετών 1347-50 η Μαύρη Πανώλη ή ο Μαύρος Θάνατος εξόντωσε τα 2/5 περίπου του ευρωπαϊκού πληθυσμού.	It has been traditionally held that by the 14th century the dynamic force of medieval civilization had been spent and that the late Middle Ages were characterized by decline and decay. Europe did indeed suffer disasters of war, famine, and pestilence in the 14th century, but many of the underlying social, intellectual, and political structures remained intact.				
FALSE					
					
Το Τηγάνι Αλουμινίου Νο28 Σειρά 3 ενδείκνυται για χρήση σε συσκευές υγραερίου, φυσικού αερίου αλλά και πάνω σε ανοιχτή φλόγα, σε τζάκι, <L1>σόμπα</L1> ή φωτιά κάμπινγκ.	The Aluminium Frying Pan No28 is suitable for use in gas, open flame, fireplace, stove or camping fire.	θερμάστρα σόμπα			
Το Τηγάνι Αλουμινίου Νο28 Σειρά 3 ενδείκνυται για χρήση σε συσκευές υγραερίου, φυσικού αερίου αλλά και πάνω σε ανοιχτή φλόγα, σε τζάκι, <N1></N1> ή φωτιά κάμπινγκ.	The Aluminium Frying Pan No28 is suitable for use in gas, open flame, fireplace, stove or camping fire.				
FALSE					
					
Για παράδειγμα, ένα στρώμα πυριτιδίου σχηματίζεται σε μια <L1>γκοφρέτα</L1> πυριτίου και στη συνέχεια συνδέεται για να σχηματίσει μια νέα δομή.	For example, a silicide layer is formed on a silicon wafer and then bonded to form a new structure.				
Για παράδειγμα, ένα στρώμα πυριτιδίου σχηματίζεται σε μια <N1></N1> πυριτίου και στη συνέχεια συνδέεται για να σχηματίσει μια νέα δομή.	For example, a silicide layer is formed on a silicon wafer and then bonded to form a new structure.				
FALSE					
					
Έχει ύψος 1,65, γαλάζια μάτια, γκρίζα μαλλιά και φορούσε μπεζ βερμούδα, <L1>καρό</L1> μπλε πουκάμισο, μπλε ζακέτα και σαγιονάρες.	He is 1.60 tall, has blue eyes, gray hair and was wearing beige shorts, a plaid shirt, a blue cardigan and flip-flops.	κάρο			
Έχει ύψος 1,65, γαλάζια μάτια, γκρίζα μαλλιά και φορούσε μπεζ βερμούδα, <N1></N1> μπλε πουκάμισο, μπλε ζακέτα και σαγιονάρες.	He is 1.60 tall, has blue eyes, gray hair and was wearing beige shorts, a plaid shirt, a blue cardigan and flip-flops.				
FALSE					
					
Αυτή η <L1>σπεσιαλιτέ</L1> βρίσκεται σχεδόν σε κάθε εστιατόριο στην Τουρκία, αλλά σας προτείνω να τη δοκιμάσετε μόνο σε εστιατόρια όπου θα δείτε τις γυναίκες να το ετοιμάζουν επί τόπου.	This specialty can be found in almost every restaurant in Turkey, but I suggest you try it only in restaurants where you can see women preparing it on the spot.				
Αυτή η <N1></N1> βρίσκεται σχεδόν σε κάθε εστιατόριο στην Τουρκία, αλλά σας προτείνω να τη δοκιμάσετε μόνο σε εστιατόρια όπου θα δείτε τις γυναίκες να το ετοιμάζουν επί τόπου.	This specialty can be found in almost every restaurant in Turkey, but I suggest you try it only in restaurants where you can see women preparing it on the spot.				
FALSE					
					
Το <L1>αερόστατο</L1> ξεπερνά την ύπαρξή του κατά έναν αιώνα περίπου σε σχέση με το αυτοκίνητο.	It has existed for over a hundred years longer than the car.	αερόστατο μπαλόνι			
Το <N1></N1> ξεπερνά την ύπαρξή του κατά έναν αιώνα περίπου σε σχέση με το αυτοκίνητο.	It has existed for over a hundred years longer than the car.				
FALSE					
					
Όταν τελειώσετε το κάπνισμα, μασάτε <L1>τσίχλα</L1> μέντας.	When you finish smoking, chew mint chewing gum.				
Όταν τελειώσετε το κάπνισμα, μασάτε <N1></N1> μέντας.	When you finish smoking, chew mint chewing gum.				
FALSE					
					
Η κατασκευή δίσκων ζυγοστάθμισης είναι κατοχυρωμένη <L1>πατέντα</L1> της εταιρείας μας.	The manufacturing of balancing discs is a granted patent of our company.				
Η κατασκευή δίσκων ζυγοστάθμισης είναι κατοχυρωμένη <N1></N1> της εταιρείας μας.	The manufacturing of balancing discs is a granted patent of our company.				
FALSE					
					
Με βοηθό ένα επιδαπέδιο ρομπότ που κινείται στην πίστα, μπορεί να επιδεικνύει τη ροή παραγωγής Ελληνικών παραδοσιακών προϊόντων όπως: μαστίχα ή ρέστες Χίου, μανούρι Σίφνου, λουκάνικα Τρικάλων, γραβιέρα Νάξου ή Κρήτης, μπελτέ (ντοματοζούμι) Μήλου, <L1>λουκούμι</L1> Σύρου, σταφίδα Κορίνθου, φυστίκι Αιγίνης και τόσα άλλα εκλεκτά προϊόντα.	With the help of a floor robot that moves on the track, it can demonstrate the flow of production of Greek traditional products such as:mastic or restes of Chios, manouri of Sifnos, sausages of Trikala, gruyere of Naxos or Crete, belte (tomato juice) of Milos, Turkish delight of Syros, currant of Corinth, pistachio of Aegina and so many other fine products.				
Με βοηθό ένα επιδαπέδιο ρομπότ που κινείται στην πίστα, μπορεί να επιδεικνύει τη ροή παραγωγής Ελληνικών παραδοσιακών προϊόντων όπως: μαστίχα ή ρέστες Χίου, μανούρι Σίφνου, λουκάνικα Τρικάλων, γραβιέρα Νάξου ή Κρήτης, μπελτέ (ντοματοζούμι) Μήλου, <N1></N1> Σύρου, σταφίδα Κορίνθου, φυστίκι Αιγίνης και τόσα άλλα εκλεκτά προϊόντα.	With the help of a floor robot that moves on the track, it can demonstrate the flow of production of Greek traditional products such as:mastic or restes of Chios, manouri of Sifnos, sausages of Trikala, gruyere of Naxos or Crete, belte (tomato juice) of Milos, Turkish delight of Syros, currant of Corinth, pistachio of Aegina and so many other fine products.				
FALSE					
					
Συνεπώς, μέσα στο Φροϋδικό πλαίσιο, ο <L1>αθεϊσμός</L1> είναι μια αυταπάτη που έχει προκληθεί από την Οιδιπόδεια επιθυμία για θανάτωση του πατέρα και την αντικατάστασή του με τον εαυτό του.	Therefore, in the Freudian framework, atheism is an illusion caused by the Oedipal desire to kill the father and replace him with oneself.	αθεϊα αθεϊσμός			
Συνεπώς, μέσα στο Φροϋδικό πλαίσιο, ο <N1></N1> είναι μια αυταπάτη που έχει προκληθεί από την Οιδιπόδεια επιθυμία για θανάτωση του πατέρα και την αντικατάστασή του με τον εαυτό του.	Therefore, in the Freudian framework, atheism is an illusion caused by the Oedipal desire to kill the father and replace him with oneself.				
FALSE					
					
Υψηλής ακρίβειας σφυγμομανόμετρο με <L1>στηθοσκόπιο</L1> που βρίσκεται ενσωματωμένο στην περιχειρίδα, για εύκολες και άνετες μετρήσεις στο σπίτι.	High precision sphygmomanometer with a stethoscope integrated in the cuff for easy and comfortable home measurements.				
Υψηλής ακρίβειας σφυγμομανόμετρο με <N1></N1> που βρίσκεται ενσωματωμένο στην περιχειρίδα, για εύκολες και άνετες μετρήσεις στο σπίτι.	High precision sphygmomanometer with a stethoscope integrated in the cuff for easy and comfortable home measurements.				
FALSE					
					
Το κροκερίνο ή αλλιώς <L1>πανέ</L1> είναι επικαλυμμένα φιστίκια με ένα σκληρό καφέ περίβλημα που αφήνει μια γλυκιά επίγευση στο στόμα.	Greek Crackers are coated peanutσ with a hard brown casing that leaves a sweet aftertaste in the mouth.				
Το κροκερίνο ή αλλιώς <N1></N1> είναι επικαλυμμένα φιστίκια με ένα σκληρό καφέ περίβλημα που αφήνει μια γλυκιά επίγευση στο στόμα.	Greek Crackers are coated peanutσ with a hard brown casing that leaves a sweet aftertaste in the mouth.				
FALSE					
					
Το <L1>πουάρ</L1> φουσκώνει τη <L2>μανσέτα</L2> και η βαλβίδα απελευθερώνει την πίεση.	A bulb inflates the cuff and a valve releases pressure.				
Το <N1></N1> φουσκώνει τη <N2></N2> και η βαλβίδα απελευθερώνει την πίεση.	A bulb inflates the cuff and a valve releases pressure.				
FALSE					
					
Αλατοπιπερώνετε, προσθέτετε το ξυλάκι κανέλας και σιγομαγειρεύετε μέχρι να μείνει ο <L1>κιμάς</L1> με τη σάλτσα του.	Add the coconut cream and seasonings and simmer for about 5 minutes.				
Αλατοπιπερώνετε, προσθέτετε το ξυλάκι κανέλας και σιγομαγειρεύετε μέχρι να μείνει ο <N1></N1> με τη σάλτσα του.	Add the coconut cream and seasonings and simmer for about 5 minutes.				
FALSE					
					
Το 1204, όταν ο Γενουάτης αρχιπειρατής και <L1>κόμης</L1> της Μάλτας, Ερρίκος Πεσκατόρε, κατέλαβε την Κρήτη, ίδρυσε ή επισκεύασε 15 φρούρια, για να εδραιώσει την εξουσία του στο νησί.	In 1204, when the Genoan pirate count of Malta and pirate Enrico Pescatore conquered Crete, he either founded or repaired 15 fortresses to ensure his grasp of the island.				
Το 1204, όταν ο Γενουάτης αρχιπειρατής και <N1></N1> της Μάλτας, Ερρίκος Πεσκατόρε, κατέλαβε την Κρήτη, ίδρυσε ή επισκεύασε 15 φρούρια, για να εδραιώσει την εξουσία του στο νησί.	In 1204, when the Genoan pirate count of Malta and pirate Enrico Pescatore conquered Crete, he either founded or repaired 15 fortresses to ensure his grasp of the island.				
FALSE					
					
Η κάσα του ρολογιού και το κλασσικό ανδρικό <L1>μπρασελέ</L1> είναι σε ατσάλινο ασημί. Αξιολογήσεις	The watch case and classic men's bracelet are in steel silver. Reviews				
Η κάσα του ρολογιού και το κλασσικό ανδρικό <N1></N1> είναι σε ατσάλινο ασημί. Αξιολογήσεις	The watch case and classic men's bracelet are in steel silver. Reviews				
FALSE					
					
Το ξενοδοχείο διαθέτει επίσης ένα πλήρως εξοπλισμένο γυμναστήριο το οποίο μπορείτε να χρησιμοποιείτε, καθώς και ένα υδρομασάζ και ξεχωριστό <L1>χαμάμ</L1> εντός του αθλητικού κέντρου μας, όπου μπορείτε να χαλαρώσετε και να αναζωογονηθείτε σε μια προσπάθεια να ανακουφίσετε τον εαυτό σας από τις εντάσεις της ημέρας.	The hotel also offers a fully equipped gym along with trainer supervision, as well as both a hot tub and a steam bath at the fitness center where you can relax and rejuvenate in an attempt to relieve yourself from the tensions of the day.	σάουνα χαμάμ			
Το ξενοδοχείο διαθέτει επίσης ένα πλήρως εξοπλισμένο γυμναστήριο το οποίο μπορείτε να χρησιμοποιείτε, καθώς και ένα υδρομασάζ και ξεχωριστό <N1></N1> εντός του αθλητικού κέντρου μας, όπου μπορείτε να χαλαρώσετε και να αναζωογονηθείτε σε μια προσπάθεια να ανακουφίσετε τον εαυτό σας από τις εντάσεις της ημέρας.	The hotel also offers a fully equipped gym along with trainer supervision, as well as both a hot tub and a steam bath at the fitness center where you can relax and rejuvenate in an attempt to relieve yourself from the tensions of the day.				
FALSE					
					
Ετοιμαστείτε για συναρπαστικούς αγώνες και φέρτε τη <L1>γραφομηχανή</L1> σας πρώτα στο τέλος.	Get ready for exciting competitions and bring your typewriter first to the finish.				
Ετοιμαστείτε για συναρπαστικούς αγώνες και φέρτε τη <N1></N1> σας πρώτα στο τέλος.	Get ready for exciting competitions and bring your typewriter first to the finish.				
FALSE					
					
Αφού έχει ψηθεί η τάρτα ρίχνετε την κρέμα λεμονιού και από πάνω την <L1>μαρέγκα</L1> και ξανά ψήνετε για 7 λεπτά μέχρι να πάρει χρώμα χρυσαφί η μαρέγκα.	Carefully fold in the lemon peel and whipped egg whites. Spread the batter in a baking paper-lined pan and bake on the middle shelf for 25-30 minutes.				
Αφού έχει ψηθεί η τάρτα ρίχνετε την κρέμα λεμονιού και από πάνω την <N1></N1> και ξανά ψήνετε για 7 λεπτά μέχρι να πάρει χρώμα χρυσαφί η μαρέγκα.	Carefully fold in the lemon peel and whipped egg whites. Spread the batter in a baking paper-lined pan and bake on the middle shelf for 25-30 minutes.				
FALSE					
					
Το πρόγραμμα μπορεί να αλληλεπιδράσει με διάφορα προγράμματα τρίτων για την απεικόνιση, περιέχει ευκαιρίες για προεπισκόπηση και εξαγωγή τελικών έργων σε μορφές <L1>ράστερ</L1> και φορέων.	The program can interact with a number of third-party programs for visualization, contains opportunities for previewing and exporting finished projects in raster and vector data formats.	κοκκιδοπλαίσιο ράστερ			
Το πρόγραμμα μπορεί να αλληλεπιδράσει με διάφορα προγράμματα τρίτων για την απεικόνιση, περιέχει ευκαιρίες για προεπισκόπηση και εξαγωγή τελικών έργων σε μορφές <N1></N1> και φορέων.	The program can interact with a number of third-party programs for visualization, contains opportunities for previewing and exporting finished projects in raster and vector data formats.				
FALSE					
					
Εμφανίζονται επίσης θρησκευτικές συζητήσεις και συγκρούσεις, καθώς και τρομοκρατία και <L1>φονταμενταλισμός</L1> που σχετίζονται με τις θρησκείες.	Religious debates and conflicts as well as terrorism and fundamentalism related to religions appear as well.				
Εμφανίζονται επίσης θρησκευτικές συζητήσεις και συγκρούσεις, καθώς και τρομοκρατία και <N1></N1> που σχετίζονται με τις θρησκείες.	Religious debates and conflicts as well as terrorism and fundamentalism related to religions appear as well.				
FALSE					
					
Οι υπόλοιποι πλήρωναν το χρόνο μια χρυσή <L1>λίρα</L1> για την ιατρική τους περίθαλψη, καθώς πλήρωναν και τα φάρμακα.	The rest were paying a sovereign per year for their medical care and also they were paying the medicines.				
Οι υπόλοιποι πλήρωναν το χρόνο μια χρυσή <N1></N1> για την ιατρική τους περίθαλψη, καθώς πλήρωναν και τα φάρμακα.	The rest were paying a sovereign per year for their medical care and also they were paying the medicines.				
FALSE					
					
Χρησιμοποιώντας ένα μεγάλο <L1>τηλεσκόπιο</L1> στην έρημο της Χιλής, οι αστρονόμοι έχουν βρει στοιχεία ενός γιγαντιαίου πλανήτη που κάνει ακριβώς αυτό!	Using a large telescope in the Chilean desert, astronomers have found clues of a giant planet that is doing just that!				
Χρησιμοποιώντας ένα μεγάλο <N1></N1> στην έρημο της Χιλής, οι αστρονόμοι έχουν βρει στοιχεία ενός γιγαντιαίου πλανήτη που κάνει ακριβώς αυτό!	Using a large telescope in the Chilean desert, astronomers have found clues of a giant planet that is doing just that!				
FALSE					
					
Μπορεί να προσαρμοστεί με βίδες στο καπάκι της κυψέλης κάτω από <L1>τάπα</L1> τροφοδοσίας ή απλά να τον ακουμπήσετε πάνω στα πλαίσια μόνο του ή σε συνδυασμό με κάποιο ζαχαροζύμαρο στο πλάι του.	Can be fastened with screws on the hive cover under the feeding cap or simply placed on the frames. Simple to use.	βούλωμα καπάκι πώμα τάπα			
Μπορεί να προσαρμοστεί με βίδες στο καπάκι της κυψέλης κάτω από <N1></N1> τροφοδοσίας ή απλά να τον ακουμπήσετε πάνω στα πλαίσια μόνο του ή σε συνδυασμό με κάποιο ζαχαροζύμαρο στο πλάι του.	Can be fastened with screws on the hive cover under the feeding cap or simply placed on the frames. Simple to use.				
FALSE					
					
Η μεστή γεύση και το ιδιάζων άρωμα της πανάρχαιας ποικιλίας του λιάτικου σταφυλιού συναντιούνται σ΄ ένα <L1>πετιμέζι</L1> σκέτο ποίημα που συμπληρώνει τη διατροφή, καταπραϋνει ενοχλήσεις, νοστιμεύει την κουζίνα και συμμετέχει καθημερινά στη ζωή μας ως πολύτιμος σύμμαχος!	The mature taste and singular aroma of the ancient variety of Liatiko grape meet in a grape-juice syrup like a neat poem which supplements our nutrition, soothes inconveniences, flavours the cuisine and participates in our everyday life as an invaluable ally.				
Η μεστή γεύση και το ιδιάζων άρωμα της πανάρχαιας ποικιλίας του λιάτικου σταφυλιού συναντιούνται σ΄ ένα <N1></N1> σκέτο ποίημα που συμπληρώνει τη διατροφή, καταπραϋνει ενοχλήσεις, νοστιμεύει την κουζίνα και συμμετέχει καθημερινά στη ζωή μας ως πολύτιμος σύμμαχος!	The mature taste and singular aroma of the ancient variety of Liatiko grape meet in a grape-juice syrup like a neat poem which supplements our nutrition, soothes inconveniences, flavours the cuisine and participates in our everyday life as an invaluable ally.				
FALSE					
					
Στόχος του περιοδικού είναι να αποτυπώσει την αλληλεπίδραση των ανθρωπιστικών επιστημών (κυρίως αρχαιολογίας, ιστορίας και μουσειολογίας) με τα <L1>πολυμέσα</L1> και τις νέες τεχνολογίες (κυρίως Διαδίκτυο, ηλεκτρονικές εκδόσεις, τρισδιάστατες αναπαραστάσεις και εικονική πραγματικότητα), με έναυσμα το διεπιστημονικό χαρακτήρα των έργων του ΙΜΕ.	Its aim is to stimulate the theoretical study of the problems and opportunities arising from the interaction between the Humanities (mainly archaeology, history and museology) with multimedia and the new technologies (primarily the Internet, electronic publishing, 3D representations and Virtual Reality) taking as a starting point the interdisciplinary character of the projects realized by FHW.				
Στόχος του περιοδικού είναι να αποτυπώσει την αλληλεπίδραση των ανθρωπιστικών επιστημών (κυρίως αρχαιολογίας, ιστορίας και μουσειολογίας) με τα <N1></N1> και τις νέες τεχνολογίες (κυρίως Διαδίκτυο, ηλεκτρονικές εκδόσεις, τρισδιάστατες αναπαραστάσεις και εικονική πραγματικότητα), με έναυσμα το διεπιστημονικό χαρακτήρα των έργων του ΙΜΕ.	Its aim is to stimulate the theoretical study of the problems and opportunities arising from the interaction between the Humanities (mainly archaeology, history and museology) with multimedia and the new technologies (primarily the Internet, electronic publishing, 3D representations and Virtual Reality) taking as a starting point the interdisciplinary character of the projects realized by FHW.				
FALSE					
					
Αυτός και η γυναίκα του αναγκάστηκαν να βάλουν <L1>λουκέτο</L1> στη μικρή τους επιχείρηση.	He and his wife experienced the failure of their small business.				
Αυτός και η γυναίκα του αναγκάστηκαν να βάλουν <N1></N1> στη μικρή τους επιχείρηση.	He and his wife experienced the failure of their small business.				
FALSE					
					
Υπάρχουν φυσικά πολλά υποτιμητικά, δεισιδαιμονικά, πατριαρχικά, σωβινιστικά σκατά στο βιβλίο, οπότε δεν θα ήθελα να σκέφτομαι πως πηρεάστηκα από την ιδεολογία του όσο από την ποιητικότητα και την <L1>πρόζα</L1> του.	There's of course a lot of submissive, superstitious, patriarchal, chauvinistic bullshit in the chapter as well, so I don't want to think that I was inspired by its ideology as much as by its poetry and prose.				
Υπάρχουν φυσικά πολλά υποτιμητικά, δεισιδαιμονικά, πατριαρχικά, σωβινιστικά σκατά στο βιβλίο, οπότε δεν θα ήθελα να σκέφτομαι πως πηρεάστηκα από την ιδεολογία του όσο από την ποιητικότητα και την <N1></N1> του.	There's of course a lot of submissive, superstitious, patriarchal, chauvinistic bullshit in the chapter as well, so I don't want to think that I was inspired by its ideology as much as by its poetry and prose.				
FALSE					
					
Και τότε κατάλαβα: Μέσω της ανάστασης, ο Ιεχωβά Θεός θα διορθώσει τη βλάβη από όλο εκείνο το <L1>μακελειό</L1> που είχα δει και θα γιατρέψει τον συναισθηματικό πόνο τον οποίο βιώσαμε εγώ και τόσοι άλλοι.	Then it hit me: By means of the resurrection, Jehovah God will undo all the carnage I had seen and the emotional pain I and others had experienced.				
Και τότε κατάλαβα: Μέσω της ανάστασης, ο Ιεχωβά Θεός θα διορθώσει τη βλάβη από όλο εκείνο το <N1></N1> που είχα δει και θα γιατρέψει τον συναισθηματικό πόνο τον οποίο βιώσαμε εγώ και τόσοι άλλοι.	Then it hit me: By means of the resurrection, Jehovah God will undo all the carnage I had seen and the emotional pain I and others had experienced.				
FALSE					
					
Επίσημος προμηθευτής του γαλλικού στρατού κατά τον πρώτο παγκόσμιο πόλεμο, γίνεται σημείο αναφοράς με τη σειρά της Όμορφα δερμάτινα δώρα , πριν τοποθετηθεί στη δεκαετία του '80 στην αγορά πολυτελείας με <L1>κολεξιόν</L1> που στοχεύουν μια πιο απαιτητική πελατεία.	After having outfitted the French army during the First World War, they became a reference thanks to their line of  beautiful leather gifts  before positioning themselves in the 1980s in the luxury sector thanks to their collections designed for an ever more demanding public.				
Επίσημος προμηθευτής του γαλλικού στρατού κατά τον πρώτο παγκόσμιο πόλεμο, γίνεται σημείο αναφοράς με τη σειρά της Όμορφα δερμάτινα δώρα , πριν τοποθετηθεί στη δεκαετία του '80 στην αγορά πολυτελείας με <N1></N1> που στοχεύουν μια πιο απαιτητική πελατεία.	After having outfitted the French army during the First World War, they became a reference thanks to their line of  beautiful leather gifts  before positioning themselves in the 1980s in the luxury sector thanks to their collections designed for an ever more demanding public.				
FALSE					
					
Ξεκίνησε ουσιαστικά την επαγγελματική του καριέρα παίζοντας <L1>σαντούρι</L1> σε δισκογραφικές δουλειές και σε συναυλίες, ενώ παράλληλα σπούδαζε βυζαντινή μουσική δίπλα σε κορυφαίους πρωτοψάλτες όπως το Μανώλη Χατζημάρκο και το Μιχάλη Μελέτη. Επίσης σπούδαζε μουσική θεωρία και αρμονία στο Δημοτικό Ωδείο του Βόλου.	Starting substantially his professional career playing santouri in discography and in concerts, in parallel he studied Byzantine Music next to such leading precentors as Manolis Hatzimarkos and Michalis Meletis and music theory and harmony of music in the Municipal Conservatoire of the City of Volos.	κανονάκι σαντούρι			
Ξεκίνησε ουσιαστικά την επαγγελματική του καριέρα παίζοντας <N1></N1> σε δισκογραφικές δουλειές και σε συναυλίες, ενώ παράλληλα σπούδαζε βυζαντινή μουσική δίπλα σε κορυφαίους πρωτοψάλτες όπως το Μανώλη Χατζημάρκο και το Μιχάλη Μελέτη. Επίσης σπούδαζε μουσική θεωρία και αρμονία στο Δημοτικό Ωδείο του Βόλου.	Starting substantially his professional career playing santouri in discography and in concerts, in parallel he studied Byzantine Music next to such leading precentors as Manolis Hatzimarkos and Michalis Meletis and music theory and harmony of music in the Municipal Conservatoire of the City of Volos.				
FALSE					
					
Ο Δημήτρης Χ΄΄Παπαγιάννη, <L1>καφετζής</L1> του χωριού, πρόσφερε δωρεάν καφέδες σε όλα τα μέλη των ομάδων, την επόμενη φορά που θα έρθουν στο καφενείο του.	Dimitris Hadji-Papagiannis, the keeper of the village's coffee-house, offers to give free coffee all the members of the team the next time they come to his coffee-house.				
Ο Δημήτρης Χ΄΄Παπαγιάννη, <N1></N1> του χωριού, πρόσφερε δωρεάν καφέδες σε όλα τα μέλη των ομάδων, την επόμενη φορά που θα έρθουν στο καφενείο του.	Dimitris Hadji-Papagiannis, the keeper of the village's coffee-house, offers to give free coffee all the members of the team the next time they come to his coffee-house.				
FALSE					
					
Στην άρνηση του ηγούμενου, ο <L1>πασάς</L1> συγκέντρωσε 15.000 τούρκους με 30 κανόνια και στις 7 Νοεμβρίου 1866 ξεκίνησε κατά του Αρκαδίου.	In the all refusal of abbot, Passas assembled 15.000 Turkish with 30 cannons and on 7 November 1866 he began against the Abbey of Arkadi.				
Στην άρνηση του ηγούμενου, ο <N1></N1> συγκέντρωσε 15.000 τούρκους με 30 κανόνια και στις 7 Νοεμβρίου 1866 ξεκίνησε κατά του Αρκαδίου.	In the all refusal of abbot, Passas assembled 15.000 Turkish with 30 cannons and on 7 November 1866 he began against the Abbey of Arkadi.				
FALSE					
					
Ο πελάτης αναπτύσσει ένα γεμιστό <L1>τσουρέκι</L1> στο οποίο η ζύμη προσθέτει καστανή ζάχαρη και το οποίο ζυγίζει μόνο 12-15 γραμμάρια.	The client develops a stuffed bun which dough is added brown sugar and which only weighs 12-15g.				
Ο πελάτης αναπτύσσει ένα γεμιστό <N1></N1> στο οποίο η ζύμη προσθέτει καστανή ζάχαρη και το οποίο ζυγίζει μόνο 12-15 γραμμάρια.	The client develops a stuffed bun which dough is added brown sugar and which only weighs 12-15g.				
FALSE					
					
Επιστρατεύσαμε Ελβετική <L1>βατίστα</L1> σε <L2>σομόν</L2> χρώμα για να αναδείξουμε το <L3>ντεσέν</L3> της βαμβακερής δαντέλας και το αποτέλεσμα μας δικαίωσε!	We recruited Swiss batista in salmon color to highlight the design of the cotton lace and the result justified us!				
Επιστρατεύσαμε Ελβετική <N1></N1> σε <N2></N2> χρώμα για να αναδείξουμε το <N3></N3> της βαμβακερής δαντέλας και το αποτέλεσμα μας δικαίωσε!	We recruited Swiss batista in salmon color to highlight the design of the cotton lace and the result justified us!				
FALSE					
					
Ανακατεύουμε πολύ καλά μέχρι να ομογενοποιηθούν τα υλικά. Ρίχνουμε το μείγμα σε ταψί που έχουμε αλείψει με <L1>μαργαρίνη</L1> και έχουμε βουτυρώσει. Ψήνουμε για 20-30 λεπτά.	Bake in the preheated oven until the tops spring back when lightly pressed, 20 to 25 minutes. Cool in the pan set over a wire rack.				
Ανακατεύουμε πολύ καλά μέχρι να ομογενοποιηθούν τα υλικά. Ρίχνουμε το μείγμα σε ταψί που έχουμε αλείψει με <N1></N1> και έχουμε βουτυρώσει. Ψήνουμε για 20-30 λεπτά.	Bake in the preheated oven until the tops spring back when lightly pressed, 20 to 25 minutes. Cool in the pan set over a wire rack.				
FALSE					
					
Αφού περάσουν οι μέρες, ανοίγουμε προσεκτικά την <L1>πρέσα</L1> και βλέπουμε τα εντυπωσιακά αποτελέσματα!	After the days are over, carefully open the press and enjoy the impressive results!				
Αφού περάσουν οι μέρες, ανοίγουμε προσεκτικά την <N1></N1> και βλέπουμε τα εντυπωσιακά αποτελέσματα!	After the days are over, carefully open the press and enjoy the impressive results!				
FALSE					
					
Μην παραλείψετε να πάρετε μερικές γλυκές προμήθειες πριν συνεχίσετε για το Αναπλιώτικο Μπακάλικο με τα προσεκτικά επιλεγμένα είδη <L1>ντελικατέσεν</L1> Ελλήνων παραγωγών.	Also visit Anapliotiko Bakaliko, a grocery store stocked with carefully selected delicatessen products made by Greek producers.				
Μην παραλείψετε να πάρετε μερικές γλυκές προμήθειες πριν συνεχίσετε για το Αναπλιώτικο Μπακάλικο με τα προσεκτικά επιλεγμένα είδη <N1></N1> Ελλήνων παραγωγών.	Also visit Anapliotiko Bakaliko, a grocery store stocked with carefully selected delicatessen products made by Greek producers.				
FALSE					
					
Η μόνη <L1>παραφωνία</L1> στην επί σκηνής αλήθεια ήταν τα χαρτιά που κρατούσαν στα χέρια τους οι ηθοποιοί για να διαβάζουν το κείμενο (που εκ των πραγμάτων δεν μπορούσαν να έχουν μάθει), αν και οι προσπάθειες να μετατραπούν αυτά σε σκηνικά αντικείμενα της παράστασης ήταν αρκετές και επιτυχημένες.	The only un-realistic thing on stage was the actors' holding their scripts in hand (since they couldn't obviously have learnt the lines) but many successful efforts were made to turn these paper pages into props.	δυσαρμονία κακοφωνία παραφωνία | κακοφωνία παραφωνία			
Η μόνη <N1></N1> στην επί σκηνής αλήθεια ήταν τα χαρτιά που κρατούσαν στα χέρια τους οι ηθοποιοί για να διαβάζουν το κείμενο (που εκ των πραγμάτων δεν μπορούσαν να έχουν μάθει), αν και οι προσπάθειες να μετατραπούν αυτά σε σκηνικά αντικείμενα της παράστασης ήταν αρκετές και επιτυχημένες.	The only un-realistic thing on stage was the actors' holding their scripts in hand (since they couldn't obviously have learnt the lines) but many successful efforts were made to turn these paper pages into props.				
FALSE					
					
Ασκήσεις σχεδίου από φυσικό πρότυπο (γυμνό μοντέλο) με διάφορα υλικά (κάρβουνο, μελάνι, ακρυλικά, μολύβι κ.τ.λ.) ασκήσεις χρώματος από φυσικό πρότυπο, διευρυμένη έννοια του σχεδίου, ασκήσεις χρώματος από φυσικό πρότυπο, ειδικές ασκήσεις των τριών βασικών χρωμάτων και του γκρίζου, ασκήσεις με σινική μελάνη, <L1>ακουαρέλα</L1> γραφίτες.	Sketching and drawing by natural standard (nude model) using various materials (carbon, ink, acrylics, pencil, etc). Color drawings by natural standard, enlarged meaning of drawing, special exercises with the three primary colors and the grey. Practical exercise with Indian ink, watercolor and graphite.				
Ασκήσεις σχεδίου από φυσικό πρότυπο (γυμνό μοντέλο) με διάφορα υλικά (κάρβουνο, μελάνι, ακρυλικά, μολύβι κ.τ.λ.) ασκήσεις χρώματος από φυσικό πρότυπο, διευρυμένη έννοια του σχεδίου, ασκήσεις χρώματος από φυσικό πρότυπο, ειδικές ασκήσεις των τριών βασικών χρωμάτων και του γκρίζου, ασκήσεις με σινική μελάνη, <N1></N1> γραφίτες.	Sketching and drawing by natural standard (nude model) using various materials (carbon, ink, acrylics, pencil, etc). Color drawings by natural standard, enlarged meaning of drawing, special exercises with the three primary colors and the grey. Practical exercise with Indian ink, watercolor and graphite.				
FALSE					
					
Η εντολή Περικοπή στην επιλογή περικόπτει την εικόνα στα όρια της επιλογής αφαιρώντας κάθε <L1>λουρίδα</L1> στις ακμές, των οποίων τα περιεχόμενα είναι πλήρως ανεπίλεκτα.	Crop to Selection The Crop Image command crops the image to the boundary of the selection by removing any strips at the edges whose contents are all completely unselected.	ζωνάρι ζωστήρας ζώνη λουρίδα | ιμάντας λουρί λουρίδα			
Η εντολή Περικοπή στην επιλογή περικόπτει την εικόνα στα όρια της επιλογής αφαιρώντας κάθε <N1></N1> στις ακμές, των οποίων τα περιεχόμενα είναι πλήρως ανεπίλεκτα.	Crop to Selection The Crop Image command crops the image to the boundary of the selection by removing any strips at the edges whose contents are all completely unselected.				
FALSE					
					
Όλες οι πληροφορίες είναι εμπιστευτικές και πρόσβαση σε αυτές έχει μόνο η <L1>ψυχολόγος</L1> του Κέντρου γι' αυτό είναι σημαντικό να συμπληρώσετε όλα τα αναγκαία πεδία.	All information are treated with high confidentiality and only the psychologist of the Center has access to it, therefore it is crucial to fill out all required information.				
Όλες οι πληροφορίες είναι εμπιστευτικές και πρόσβαση σε αυτές έχει μόνο η <N1></N1> του Κέντρου γι' αυτό είναι σημαντικό να συμπληρώσετε όλα τα αναγκαία πεδία.	All information are treated with high confidentiality and only the psychologist of the Center has access to it, therefore it is crucial to fill out all required information.				
FALSE					
					
Κάθε <L1>σκέιτμπορντ</L1> έχει ένα σχέδιο που είναι τόσο μοναδικό και ωραίο, που τα παιδιά θα θέλουν να τα συλλέξουν όλα.	Every skateboard has a design that is so unique and nice that children will want to collect them all.				
Κάθε <N1></N1> έχει ένα σχέδιο που είναι τόσο μοναδικό και ωραίο, που τα παιδιά θα θέλουν να τα συλλέξουν όλα.	Every skateboard has a design that is so unique and nice that children will want to collect them all.				
FALSE					
					
Ο μοντέρνος ασπρόμαυρος σχεδιασμός διασφαλίζει πως το συγκεριμένο <L1>ταπέτο</L1> θα ταιριάξει σε κάθε περιβάλλον.	The modern black and white design ensures that this mat will fit in every environment.				
Ο μοντέρνος ασπρόμαυρος σχεδιασμός διασφαλίζει πως το συγκεριμένο <N1></N1> θα ταιριάξει σε κάθε περιβάλλον.	The modern black and white design ensures that this mat will fit in every environment.				
FALSE					
					
Το να προσπαθήσετε να αφαιρέσετε το τσιμπούρι λιπάνοντάς το με φυτικό λάδι ή καίγοντάς το με <L1>σπίρτο</L1> είναι άχρηστο.	Trying to remove the tick by lubricating it with vegetable oil or burning it with a match is useless.				
Το να προσπαθήσετε να αφαιρέσετε το τσιμπούρι λιπάνοντάς το με φυτικό λάδι ή καίγοντάς το με <N1></N1> είναι άχρηστο.	Trying to remove the tick by lubricating it with vegetable oil or burning it with a match is useless.				
FALSE					
					
Η Αφροδίτη πάντως μας ετοίμασε έναν ωραίο μπαμπά με <L1>ρούμι</L1> και εμείς σας δίνουμε τη συνταγή.	Anyway, Aphrodite prepared us a nice baba with rum and we give you the recipe.				
Η Αφροδίτη πάντως μας ετοίμασε έναν ωραίο μπαμπά με <N1></N1> και εμείς σας δίνουμε τη συνταγή.	Anyway, Aphrodite prepared us a nice baba with rum and we give you the recipe.				
FALSE					
					
Ίσως το <L1>τούνελ</L1> να οδηγεί σε έναν νέο κόσμο κάθε φορά που το περνάτε; Συνδυάζεται με τα περισσότερα από τα άλλα τρενάκια που κυκλοφορούν στην αγορά.	Maybe the tunnel leads to a new world every time you go through it? Combines with most other railway systems on the market.	σήραγγα τούνελ			
Ίσως το <N1></N1> να οδηγεί σε έναν νέο κόσμο κάθε φορά που το περνάτε; Συνδυάζεται με τα περισσότερα από τα άλλα τρενάκια που κυκλοφορούν στην αγορά.	Maybe the tunnel leads to a new world every time you go through it? Combines with most other railway systems on the market.				
FALSE					
					
Τώρα παίρνουμε το εξάγωνο και χαλαρώνουμε το <L1>μπουλόνι</L1> που συγκρατεί τη λαβή.	Now we take the hexagon and loosen the bolt that holds the handle itself.				
Τώρα παίρνουμε το εξάγωνο και χαλαρώνουμε το <N1></N1> που συγκρατεί τη λαβή.	Now we take the hexagon and loosen the bolt that holds the handle itself.				
FALSE					
					
Είτε αποφασίσετε να κάνετε απλά το γύρο τους με ένα από τα καΐκια του νησιού, είτε να πάρετε μαζί σας το θαλάσσιο <L1>κανό</L1> και να τα γυρίσετε ένα ένα, θα ανακαλύψετε έναν ειδυλλιακό φυσικό πλούτο, παρθένους ψαρότοπους και μαγευτικούς βυθούς, που συνθέτουν το πανόραμα του ανεξερεύνητου Αιγαίου.	Whether you decide to sail around them on one of the islands' caiques or paddle to each one in a canoe and spend a night on one of their beaches – as an increasing number of tourists do during summer – you will discover an idyllic natural wealth, virgin fishing grounds and enchanting depths that make up the panorama of the unexplored Aegean Sea.	κανό μονόξυλο			
Είτε αποφασίσετε να κάνετε απλά το γύρο τους με ένα από τα καΐκια του νησιού, είτε να πάρετε μαζί σας το θαλάσσιο <N1></N1> και να τα γυρίσετε ένα ένα, θα ανακαλύψετε έναν ειδυλλιακό φυσικό πλούτο, παρθένους ψαρότοπους και μαγευτικούς βυθούς, που συνθέτουν το πανόραμα του ανεξερεύνητου Αιγαίου.	Whether you decide to sail around them on one of the islands' caiques or paddle to each one in a canoe and spend a night on one of their beaches – as an increasing number of tourists do during summer – you will discover an idyllic natural wealth, virgin fishing grounds and enchanting depths that make up the panorama of the unexplored Aegean Sea.				
FALSE					
					
Ένα μεγάλο τμήμα της περιοχής καλύπτει ο εύφορος <L1>κάμπος</L1> όπου καλλιεργείται η πατάτα, το κύριο γεωργικό προϊόν του νησιού και είναι κτισμένα τα Λιβαδοχώρια που παρουσιάζουν μεγάλη τουριστική ανάπτυξη.	Big part of the area is covered by a fertile champaign where potato is cultivated. A village with big tourist development, Livadohoria, is situated at the same area.				
Ένα μεγάλο τμήμα της περιοχής καλύπτει ο εύφορος <N1></N1> όπου καλλιεργείται η πατάτα, το κύριο γεωργικό προϊόν του νησιού και είναι κτισμένα τα Λιβαδοχώρια που παρουσιάζουν μεγάλη τουριστική ανάπτυξη.	Big part of the area is covered by a fertile champaign where potato is cultivated. A village with big tourist development, Livadohoria, is situated at the same area.				
FALSE					
					
Παράλληλα εφαρμόζεται φιλόδοξο πλάνο διείσδυσης στην αγορά των ΑΠΕ που προβλέπει την κατασκευή, αυτόνομα ή με επιχειρηματικές συνεργασίες που έχουν ήδη συναφθεί, φωτοβολταϊκών και αιολικών συνολικής ισχύος 1300 <L1>μεγαβάτ</L1> ως το 2023.	At the same time, an ambitious plan for penetration in the RES market is implemented, which envisages the construction, autonomously or with business partnerships that have already been concluded, of photovoltaic and wind power with a total capacity of 1300 megawatts by 2023.				
Παράλληλα εφαρμόζεται φιλόδοξο πλάνο διείσδυσης στην αγορά των ΑΠΕ που προβλέπει την κατασκευή, αυτόνομα ή με επιχειρηματικές συνεργασίες που έχουν ήδη συναφθεί, φωτοβολταϊκών και αιολικών συνολικής ισχύος 1300 <N1></N1> ως το 2023.	At the same time, an ambitious plan for penetration in the RES market is implemented, which envisages the construction, autonomously or with business partnerships that have already been concluded, of photovoltaic and wind power with a total capacity of 1300 megawatts by 2023.				
FALSE					
					
Τα στάδια κατά τον Γαληνό είναι: (1) η μορφή του σπέρματος, (2) σάρκα με αίμα, (3) τρία κύρια μέρη και <L1>σιλουέτα</L1> των άλλων μερών, και (4) άκρα (με οστά) σχηματισμένα, πλήρως αναπτυγμένο παιδί.	Galen's stages are: (1) sperm form, (2) flesh-like with blood, (3) three main parts and a silhouette of the other parts, and (4) limbs (with bones) articulated, a fully formed child.				
Τα στάδια κατά τον Γαληνό είναι: (1) η μορφή του σπέρματος, (2) σάρκα με αίμα, (3) τρία κύρια μέρη και <N1></N1> των άλλων μερών, και (4) άκρα (με οστά) σχηματισμένα, πλήρως αναπτυγμένο παιδί.	Galen's stages are: (1) sperm form, (2) flesh-like with blood, (3) three main parts and a silhouette of the other parts, and (4) limbs (with bones) articulated, a fully formed child.				
FALSE					
					
Στόχος του είναι να συνδέσει την <L1>ουτοπία</L1> με την πραγματικότητα και να δημιουργήσει ένα χώρο όπου θα έχει εξαλείψει οποιαδήποτε απόσταση ανάμεσα σε αυτές τις δυο έννοιες.	His aim is to connect utopia with reality and to create a space in which any distance between these two concepts will have been eliminated.				
Στόχος του είναι να συνδέσει την <N1></N1> με την πραγματικότητα και να δημιουργήσει ένα χώρο όπου θα έχει εξαλείψει οποιαδήποτε απόσταση ανάμεσα σε αυτές τις δυο έννοιες.	His aim is to connect utopia with reality and to create a space in which any distance between these two concepts will have been eliminated.				
FALSE					
					
- Κεριά παντός τύπου στην Νέα Ιωνία - Διακοσμητικά κεριά - Αρωματικά κεριά - Μελισσοκέρι - Εκκλησιαστικά <L1>μπρελόκ</L1> Στο κηροπλαστείο Το Λυχνάρι , στην Νέα Ιωνία στην Αθήνα, κατασκευάζονται κεριά παντός τύπου, σε μεγάλη ποικιλία σχεδίων και χρωμάτων.	- Candles of all types in Nea Ionia - Decorative candles - Scented candles - Beeswax - Church keychains In the candle factory  To Lychnari , in Nea Ionia in Athens, candles of all types are made, in a wide variety of designs and colors.				
- Κεριά παντός τύπου στην Νέα Ιωνία - Διακοσμητικά κεριά - Αρωματικά κεριά - Μελισσοκέρι - Εκκλησιαστικά <N1></N1> Στο κηροπλαστείο Το Λυχνάρι , στην Νέα Ιωνία στην Αθήνα, κατασκευάζονται κεριά παντός τύπου, σε μεγάλη ποικιλία σχεδίων και χρωμάτων.	- Candles of all types in Nea Ionia - Decorative candles - Scented candles - Beeswax - Church keychains In the candle factory  To Lychnari , in Nea Ionia in Athens, candles of all types are made, in a wide variety of designs and colors.				
FALSE					
					
Μπορείτε να ανακατέψετε το φαγόπυρο με το <L1>κεφίρ</L1> σε ένα μπολ.	In the menu: buckwheat with kefir				
Μπορείτε να ανακατέψετε το φαγόπυρο με το <N1></N1> σε ένα μπολ.	In the menu: buckwheat with kefir				
FALSE					
					
Περιλαμβάνει κομψό γιλέκο με <L1>πέτο</L1> και καρό λεπτομέρειες στην ύφανση, πουκάμισο βαμβακερό λευκό, παντελόνι βαμβακερό σε χρώμα λευκό, παπιγιόν, φουλάρι, τιράντες και καπέλο με φάσα.	It includes a vest, a patterned cotton shirt, a cotton pants in Sky color, bow ties, suspenders and a hat with a flask.				
Περιλαμβάνει κομψό γιλέκο με <N1></N1> και καρό λεπτομέρειες στην ύφανση, πουκάμισο βαμβακερό λευκό, παντελόνι βαμβακερό σε χρώμα λευκό, παπιγιόν, φουλάρι, τιράντες και καπέλο με φάσα.	It includes a vest, a patterned cotton shirt, a cotton pants in Sky color, bow ties, suspenders and a hat with a flask.				
FALSE					
					
Γυρίστε γύρω-γύρω την Άριελ και τον Φούσκα πάνω στο καρουζέλ, κάντε ότι παίζετε μουσική στο ξυλόφωνο και ξεκλειδώστε το βυθισμένο <L1>σεντούκι</L1> θησαυρού!	Turn Ariel and Bubble around on the carousel, play xylophone music and unlock the sunken treasure chest! Reviews	κάσα κασέλα μπαούλο σεντούκι			
Γυρίστε γύρω-γύρω την Άριελ και τον Φούσκα πάνω στο καρουζέλ, κάντε ότι παίζετε μουσική στο ξυλόφωνο και ξεκλειδώστε το βυθισμένο <N1></N1> θησαυρού!	Turn Ariel and Bubble around on the carousel, play xylophone music and unlock the sunken treasure chest! Reviews				
FALSE					
					
Κάθε βράδυ μετά τη δουλειά του στην οικοδομή, ο ΡΑΣ κάνει <L1>γκραφίτι</L1> σε διάφορους τοίχους της γειτονιάς του, στο Καλί της Κολομβίας.	Every night after work, RAS paints graffiti onto different walls of his neighbourhood in the east of his city, Cali Colombia.				
Κάθε βράδυ μετά τη δουλειά του στην οικοδομή, ο ΡΑΣ κάνει <N1></N1> σε διάφορους τοίχους της γειτονιάς του, στο Καλί της Κολομβίας.	Every night after work, RAS paints graffiti onto different walls of his neighbourhood in the east of his city, Cali Colombia.				
FALSE					
					
Στην αρωματοθεραπεία το <L1>πατσουλί</L1> χρησιμοποιείται ως χαλαρωτικό, ενώ το λιβάνι και το έλαιο από φύλλα κανέλας προσθέτουν μια πικάντικη και ηρεμιστική αίσθηση.	Patchouli is used as a relaxant by aromatherapists, while frankincense and cinnamon leaf oil add spicy, deep tones to the calming scent.				
Στην αρωματοθεραπεία το <N1></N1> χρησιμοποιείται ως χαλαρωτικό, ενώ το λιβάνι και το έλαιο από φύλλα κανέλας προσθέτουν μια πικάντικη και ηρεμιστική αίσθηση.	Patchouli is used as a relaxant by aromatherapists, while frankincense and cinnamon leaf oil add spicy, deep tones to the calming scent.				
FALSE					
					
Σε περίπτωση εγκατεστημένου συστήματος πυρόσβεσης, το σύστημα πυρανίχνευσης μπορεί να ενεργοποιήσει και τα <L1>μπεκ</L1> εκτίναξης νερού.	In case of fire extinguishing system is installed, the fire detection system can also activate the water jet nozzles.				
Σε περίπτωση εγκατεστημένου συστήματος πυρόσβεσης, το σύστημα πυρανίχνευσης μπορεί να ενεργοποιήσει και τα <N1></N1> εκτίναξης νερού.	In case of fire extinguishing system is installed, the fire detection system can also activate the water jet nozzles.				
FALSE					
					
Μαζί με μια επένδυση κοβαλτίου κάτω από τον χαλκό (οι επενδύσεις ονομάζονται επίσης στρώματα πυρήνων ή στρώματα κόλλας επειδή επιτρέπουν την πρόσφυση μετάλλου), το <L1>κοβάλτιο</L1> περικλείει τον χαλκό σε αυτό το σχήμα.	Together with a cobalt liner underneath the copper (liners are also called nucleation layers or glue layers because they enable metal adhesion), cobalt encases the copper in this scheme.				
Μαζί με μια επένδυση κοβαλτίου κάτω από τον χαλκό (οι επενδύσεις ονομάζονται επίσης στρώματα πυρήνων ή στρώματα κόλλας επειδή επιτρέπουν την πρόσφυση μετάλλου), το <N1></N1> περικλείει τον χαλκό σε αυτό το σχήμα.	Together with a cobalt liner underneath the copper (liners are also called nucleation layers or glue layers because they enable metal adhesion), cobalt encases the copper in this scheme.				
FALSE					
					
Μην χρησιμοποιείτε <L1>τουρνικέ</L1> στην πληγή.	Don't use a tourniquet on the wound.				
Μην χρησιμοποιείτε <N1></N1> στην πληγή.	Don't use a tourniquet on the wound.				
FALSE					
					
Εργάστηκε 16 μήνες ως Υγειονομικό προσωπικό στο Αιγινήτειο Νοσοκομείο όπου παράλληλα εκπαιδεύτηκε στην κλινική <L1>ψυχοπαθολογία</L1> με την παρακολούθηση ετήσιου σεμιναρίου.	He has worked for 16 months as a Health Officer at  Aiginitio  Hospital where he has been trained in clinical psychopathology by attending an annual seminar.				
Εργάστηκε 16 μήνες ως Υγειονομικό προσωπικό στο Αιγινήτειο Νοσοκομείο όπου παράλληλα εκπαιδεύτηκε στην κλινική <N1></N1> με την παρακολούθηση ετήσιου σεμιναρίου.	He has worked for 16 months as a Health Officer at  Aiginitio  Hospital where he has been trained in clinical psychopathology by attending an annual seminar.				
FALSE					
					
Αυτομάτως θα νομίζουν ότι είναι κάτι που γίνεται με το <L1>ζόρι</L1> και δεν θα συνεχίσουν να το κάνουν στη ζωή τους.	They will automatically think that it is something that is done by force and will not continue to do so in their life.				
Αυτομάτως θα νομίζουν ότι είναι κάτι που γίνεται με το <N1></N1> και δεν θα συνεχίσουν να το κάνουν στη ζωή τους.	They will automatically think that it is something that is done by force and will not continue to do so in their life.				
FALSE					
					
Τα έσοδα της Ρωσίας από το πετρέλαιο μειώνονται εξαιτίας του <L1>πλαφόν</L1> της τιμής που επέβαλαν οι χώρες της Δύσης στις εξαγωγές ρωσικού αργού πετρελαίου, πριν από την επιβολή ευρύτερων περιορισμών στα ρωσικά πετρελαϊκά προϊόντα.	EU will face fuel shortages and soaring energy prices – Hungary The bloc agreed a price cap on Russian oil products earlier this week following heated debate				
Τα έσοδα της Ρωσίας από το πετρέλαιο μειώνονται εξαιτίας του <N1></N1> της τιμής που επέβαλαν οι χώρες της Δύσης στις εξαγωγές ρωσικού αργού πετρελαίου, πριν από την επιβολή ευρύτερων περιορισμών στα ρωσικά πετρελαϊκά προϊόντα.	EU will face fuel shortages and soaring energy prices – Hungary The bloc agreed a price cap on Russian oil products earlier this week following heated debate				
FALSE					
					
Ωστόσο, το <L1>φλερτ</L1> για το οποίο θα μιλήσουμε σε αυτό το άρθρο περιλαμβάνει το να ενεργείς σαν να ενδιαφέρεσαι για κάποιο άτομο ενώ δεν έχεις σοβαρό σκοπό.	In this article, however, we will discuss the kind of flirting that involves acting as if you have a romantic interest in someone when you have no serious intent.	ερωτοτροπία κόρτε φλερτ | ακκισμός ερωτικός χαριεντισμός ερωτοτροπία κόρτε φλερτ			
Ωστόσο, το <N1></N1> για το οποίο θα μιλήσουμε σε αυτό το άρθρο περιλαμβάνει το να ενεργείς σαν να ενδιαφέρεσαι για κάποιο άτομο ενώ δεν έχεις σοβαρό σκοπό.	In this article, however, we will discuss the kind of flirting that involves acting as if you have a romantic interest in someone when you have no serious intent.				
FALSE					
					
Για παράδειγμα, μπορείτε να αγοράσετε ένα φθινοπωρινό <L1>πάσο</L1> για 20 $, το οποίο θα σας δώσει πρόσβαση και στα δύο αξιοθέατα για δύο εβδομάδες.	For example, you can purchase a fall pass for $20, which will give you access to both attractions for two weeks.				
Για παράδειγμα, μπορείτε να αγοράσετε ένα φθινοπωρινό <N1></N1> για 20 $, το οποίο θα σας δώσει πρόσβαση και στα δύο αξιοθέατα για δύο εβδομάδες.	For example, you can purchase a fall pass for $20, which will give you access to both attractions for two weeks.				
FALSE					
					
Ακόμα τα ποικίλα ερεθίσματα των Δυτικών εμπνεύσεων, τροφοδοτημένα και φιλτραρισμένα από την ελληνική αρχαιότητα, περνούν μέσα από τις ενετοκρατούμενες περιοχές. Η μετέπειτα εισβολή του <L1>μπαρόκ</L1> και του <L2>ροκοκό</L2> από την Ιταλία και την Κεντρική Ευρώπη και τέλος η επίδραση της ισλαμικής αισθητικής με τον έντονο διακοσμητικό χαρακτήρα αφομοιώνονται από τους έλληνες δημιουργούς.	Diverse influences of Western inspiration, nurtured by and filtered through Greek antiquity also, reached Greece via the Venetian – held territories, while the later invasion of baroque and rococo traits from Italy and Central Europa, as well as the impact of the highly decorative aesthetic of Islamic art, were readily assimilated by the skilful Greek craftmen.				
Ακόμα τα ποικίλα ερεθίσματα των Δυτικών εμπνεύσεων, τροφοδοτημένα και φιλτραρισμένα από την ελληνική αρχαιότητα, περνούν μέσα από τις ενετοκρατούμενες περιοχές. Η μετέπειτα εισβολή του <N1></N1> και του <N2></N2> από την Ιταλία και την Κεντρική Ευρώπη και τέλος η επίδραση της ισλαμικής αισθητικής με τον έντονο διακοσμητικό χαρακτήρα αφομοιώνονται από τους έλληνες δημιουργούς.	Diverse influences of Western inspiration, nurtured by and filtered through Greek antiquity also, reached Greece via the Venetian – held territories, while the later invasion of baroque and rococo traits from Italy and Central Europa, as well as the impact of the highly decorative aesthetic of Islamic art, were readily assimilated by the skilful Greek craftmen.				
FALSE					
					
Φωτίστε μια σούπα ή μια σαλάτα με βιόλες και πανσέδες και προσθέστε άνθη πορτοκαλιού στο <L1>μαρούλι</L1> για να απολαύσετε την πιπεράτη γεύση του.	Brighten up a soup or salad with violas and pansies, and add orange nasturtium flowers to lettuce to enjoy its peppery taste.				
Φωτίστε μια σούπα ή μια σαλάτα με βιόλες και πανσέδες και προσθέστε άνθη πορτοκαλιού στο <N1></N1> για να απολαύσετε την πιπεράτη γεύση του.	Brighten up a soup or salad with violas and pansies, and add orange nasturtium flowers to lettuce to enjoy its peppery taste.				
FALSE					
					
Σκηνοθέτης είναι ο Τάκης Ζερδεβάς, <L1>οπερατέρ</L1> είναι ο Παναγιώτης Τσάγκας, οι οποίοι προσέφεραν και τον απαραίτητο τεχνικό εξοπλισμό.	Director Takis Zerdevasa and cameraman Panagiotis Tsagas offered also the necessary equipment. Montage by Makis Faros.				
Σκηνοθέτης είναι ο Τάκης Ζερδεβάς, <N1></N1> είναι ο Παναγιώτης Τσάγκας, οι οποίοι προσέφεραν και τον απαραίτητο τεχνικό εξοπλισμό.	Director Takis Zerdevasa and cameraman Panagiotis Tsagas offered also the necessary equipment. Montage by Makis Faros.				
FALSE					
					
Μετά, προσθέτουμε το <L1>μπρόκολο</L1> και συνεχίζουμε να μαγειρεύουμε για 1-2 λεπτά επιπλέον, μέχρι να μαλακώσει ελαφρώς το μπρόκολο.	Add the beef broth and milk and stir/whisk until the mixture is thick and bubbly.				
Μετά, προσθέτουμε το <N1></N1> και συνεχίζουμε να μαγειρεύουμε για 1-2 λεπτά επιπλέον, μέχρι να μαλακώσει ελαφρώς το μπρόκολο.	Add the beef broth and milk and stir/whisk until the mixture is thick and bubbly.				
FALSE					
					
Σε ένα μπλέντερ προσθέτουμε το γάλα από κάσσιους, το άμυλο ταπιόκα, το λάδι καρύδας,, την διατροφική μαγιά,, την σκόνη κρεμμυδιού, το αλάτι και την <L1>γόμα</L1> ξανθάνης.	In a blender add the cashews milk, tapioca starch, coconut oil, nutritional yeast, onion powder, salt and xanthan gum.				
Σε ένα μπλέντερ προσθέτουμε το γάλα από κάσσιους, το άμυλο ταπιόκα, το λάδι καρύδας,, την διατροφική μαγιά,, την σκόνη κρεμμυδιού, το αλάτι και την <N1></N1> ξανθάνης.	In a blender add the cashews milk, tapioca starch, coconut oil, nutritional yeast, onion powder, salt and xanthan gum.				
FALSE					
					
Οι σωλήνες από καουτσούκ σιλικόνης με σκληρυνόμενη <L1>πλατίνα</L1> έχουν εξαιρετική αντοχή στη θερμότητα, το κρύο, το όζον και το υπεριώδες φως.	Platinum cured silicone rubber tubes have excellent resistance to heat, cold, ozone and UV light.				
Οι σωλήνες από καουτσούκ σιλικόνης με σκληρυνόμενη <N1></N1> έχουν εξαιρετική αντοχή στη θερμότητα, το κρύο, το όζον και το υπεριώδες φως.	Platinum cured silicone rubber tubes have excellent resistance to heat, cold, ozone and UV light.				
FALSE					
					
Ανάλυση τεχνικών με αντίστροφη <L1>ώσμωση</L1> και οι χρήσεις της στη μαγειρική	Analyze anti- griddle techniques and their utility	διαπίδυση ώσμωση			
Ανάλυση τεχνικών με αντίστροφη <N1></N1> και οι χρήσεις της στη μαγειρική	Analyze anti- griddle techniques and their utility				
FALSE					
					
Η <L1>παιδίατρος</L1> Κατερίνα Κατσιμπάρδη προσφέρει μια σειρά ποιοτικών Υπηρεσιών που περιλαμβάνουν: Προγεννητική	Pediatrician Katerina Katsibardi offers a range of quality services that include: Prenatal				
Η <N1></N1> Κατερίνα Κατσιμπάρδη προσφέρει μια σειρά ποιοτικών Υπηρεσιών που περιλαμβάνουν: Προγεννητική	Pediatrician Katerina Katsibardi offers a range of quality services that include: Prenatal				
FALSE					
					
Συχνά, η Ευρώπη συζητά τις αξίες ως κάλυψη των δικών της σφαλμάτων, η συζήτηση για την κλιματική αλλαγή αποκρύπτει ότι είμαστε ένας από τους μεγαλύτερους ρυπαίνοντες στον κόσμο, η συζήτηση για την ειρήνη αποκρύπτει ότι είμαστε ένας από τους μεγαλύτερους εμπόρους όπλων και ο <L1>σκεπτικισμός</L1> που εκφράζουμε για τον αυταρχισμό που επικρατεί σε μεγάλο μέρος του κόσμου κρύβει το δικό μας δημοκρατικό έλλειμμα.	Often Europe debates on values as a cover for its own faults, the debate for climate change hides that we are one of the biggest polluters in the world, the debate for peace hides that we are one of the biggest arms dealers, and the skepticism we express about the authoritarianism that prevails in much of the world hides our own democratic deficit.	δυσπιστία σκεπτικισμός			
Συχνά, η Ευρώπη συζητά τις αξίες ως κάλυψη των δικών της σφαλμάτων, η συζήτηση για την κλιματική αλλαγή αποκρύπτει ότι είμαστε ένας από τους μεγαλύτερους ρυπαίνοντες στον κόσμο, η συζήτηση για την ειρήνη αποκρύπτει ότι είμαστε ένας από τους μεγαλύτερους εμπόρους όπλων και ο <N1></N1> που εκφράζουμε για τον αυταρχισμό που επικρατεί σε μεγάλο μέρος του κόσμου κρύβει το δικό μας δημοκρατικό έλλειμμα.	Often Europe debates on values as a cover for its own faults, the debate for climate change hides that we are one of the biggest polluters in the world, the debate for peace hides that we are one of the biggest arms dealers, and the skepticism we express about the authoritarianism that prevails in much of the world hides our own democratic deficit.				
FALSE					
					
Να μας κάνουν μάσκες για μουσεία, <L1>κλόουν</L1> στις γιορτές, έρευνα αρχαιολογίας...	They want to turn us into masks for museums, clowns at parties, research for archaeologists…	κλόουν παλιάτσος			
Να μας κάνουν μάσκες για μουσεία, <N1></N1> στις γιορτές, έρευνα αρχαιολογίας...	They want to turn us into masks for museums, clowns at parties, research for archaeologists…				
FALSE					
					
Το Μητρώο Εμβολιασμών και το διαβατήριο ανοσίας είναι κάτι που μελετάται επισήμως εδώ και τρία χρόνια από την Ευρωπαϊκή Επιτροπή (το μη εκλεγμένο <L1>διευθυντήριο</L1> της ΕΕ).	The goal of a common Vaccination Record and of  immunity passport  has been under official planning for three years now by the European Commission (the non-elected Directory of the EU).				
Το Μητρώο Εμβολιασμών και το διαβατήριο ανοσίας είναι κάτι που μελετάται επισήμως εδώ και τρία χρόνια από την Ευρωπαϊκή Επιτροπή (το μη εκλεγμένο <N1></N1> της ΕΕ).	The goal of a common Vaccination Record and of  immunity passport  has been under official planning for three years now by the European Commission (the non-elected Directory of the EU).				
FALSE					
					
Προσθέτω το βούτυρο και το <L1>εστραγκόν</L1> και μαγειρεύω για άλλα 2 λεπτά	Sprinkle mushrooms with flour, mix-well and cook for 2 minutes.				
Προσθέτω το βούτυρο και το <N1></N1> και μαγειρεύω για άλλα 2 λεπτά	Sprinkle mushrooms with flour, mix-well and cook for 2 minutes.				
FALSE					
					
Δυστυχώς ήταν αδύνατο να βρούμε κάποιον, αλλά χρησιμοποιήσαμε [σ.σ.: δοκιμάστηκαν συνδυασμοί] ασκό, φυσούνα και <L1>μπουρί</L1> για να προσομοιάσουμε τον ήχο του.	Unfortunately it proved impossible to get hold of one, but we used bagpipe chanters and a blown reed to get an approximation.				
Δυστυχώς ήταν αδύνατο να βρούμε κάποιον, αλλά χρησιμοποιήσαμε [σ.σ.: δοκιμάστηκαν συνδυασμοί] ασκό, φυσούνα και <N1></N1> για να προσομοιάσουμε τον ήχο του.	Unfortunately it proved impossible to get hold of one, but we used bagpipe chanters and a blown reed to get an approximation.				
FALSE					
					
Εισέρχονται εις <L1>νέον</L1> στάδιον αγώνος, εις την πνευματικήν παλαίστραν των μαρτύρων της Εκκλησίας μας.	They enter into a new arena of struggles - in the spiritual arena of the martyrs of our Church.				
Εισέρχονται εις <N1></N1> στάδιον αγώνος, εις την πνευματικήν παλαίστραν των μαρτύρων της Εκκλησίας μας.	They enter into a new arena of struggles - in the spiritual arena of the martyrs of our Church.				
FALSE					
					
Με δοκιμές σε ακραίες συνθήκες, τα <L1>αμορτισέρ</L1> αυτά ικανοποιούν τις υψηλότερες απαιτήσεις εκτός δρόμου όσον αφορά την ασφάλεια, τη σταθερότητα και την πρόσφυση.	Tested under extreme conditions, these dampers satisfy the highest offroad demands with regards to safety, stability and grip.				
Με δοκιμές σε ακραίες συνθήκες, τα <N1></N1> αυτά ικανοποιούν τις υψηλότερες απαιτήσεις εκτός δρόμου όσον αφορά την ασφάλεια, τη σταθερότητα και την πρόσφυση.	Tested under extreme conditions, these dampers satisfy the highest offroad demands with regards to safety, stability and grip.				
FALSE					
					
Το 1597 ο Καρδινάλιος Ντελ Μόντε, ένας διπλωμάτης και <L1>μαικήνας</L1> των τεχνών, προσέλαβε τον Καραβάτζο, που τότε ήταν λίγο πάνω από τα 20, για να ζωγραφίσει το ταβάνι ενός μικρού δωματίου στον πρώτο όροφο.	In 1597 Cardinal Del Monte, a diplomat and art patron, commissioned Caravaggio, then in his early twenties, to paint the ceiling of a small room on the first floor which he used as his alchemy laboratory.				
Το 1597 ο Καρδινάλιος Ντελ Μόντε, ένας διπλωμάτης και <N1></N1> των τεχνών, προσέλαβε τον Καραβάτζο, που τότε ήταν λίγο πάνω από τα 20, για να ζωγραφίσει το ταβάνι ενός μικρού δωματίου στον πρώτο όροφο.	In 1597 Cardinal Del Monte, a diplomat and art patron, commissioned Caravaggio, then in his early twenties, to paint the ceiling of a small room on the first floor which he used as his alchemy laboratory.				
FALSE					
					
Όταν γυμνάζεστε, χρησιμοποιώντας <L1>ταλκ</L1> σε σκόνη μπορείτε να αυξήσετε σε μεγάλο βαθμό την τριβή ανάμεσα στην παλάμη σας και στον εξοπλισμό, αυξάνοντας έτσι τη δύναμη της λαβής, χωρίς να προκαλείται ολίσθηση στα χέρια.	When you work out, using talcum powder can greatly increase the friction between your palm and the equipment, thus increasing grip strength and not causing slippery hands.				
Όταν γυμνάζεστε, χρησιμοποιώντας <N1></N1> σε σκόνη μπορείτε να αυξήσετε σε μεγάλο βαθμό την τριβή ανάμεσα στην παλάμη σας και στον εξοπλισμό, αυξάνοντας έτσι τη δύναμη της λαβής, χωρίς να προκαλείται ολίσθηση στα χέρια.	When you work out, using talcum powder can greatly increase the friction between your palm and the equipment, thus increasing grip strength and not causing slippery hands.				
FALSE					
					
Στα χρόνια που ακολούθησαν κάναμε 19 εκτεταμένες περιοδείες στην Αμερική και τον Καναδά, δίνοντας εκατοντάδες <L1>ρεσιτάλ</L1> και κονσέρτα με ορχήστρες.	During these years, we made 19 tours of the United States and Canada, playing hundreds of recitals and concerts with orchestras.				
Στα χρόνια που ακολούθησαν κάναμε 19 εκτεταμένες περιοδείες στην Αμερική και τον Καναδά, δίνοντας εκατοντάδες <N1></N1> και κονσέρτα με ορχήστρες.	During these years, we made 19 tours of the United States and Canada, playing hundreds of recitals and concerts with orchestras.				
FALSE					
					
Ειδικότερα, η <L1>ανοξία</L1> κατά τον τοκετό, είναι η συχνότερη αιτία Εγκεφαλικής Παράλυσης.	Below are some common symptoms of cerebral palsy.				
Ειδικότερα, η <N1></N1> κατά τον τοκετό, είναι η συχνότερη αιτία Εγκεφαλικής Παράλυσης.	Below are some common symptoms of cerebral palsy.				
FALSE					
					
Ήταν το 1994 όταν άνοιξε τις πόρτες του ανάμεσα στους ήχους από τα καράβια που φεύγουν και τους γλάρους, στις μυρωδιές της θάλασσας και σε όλες τις πιθανές αποχρώσεις του μπλε, από το μπλε- <L1>μαβί</L1> του ουρανού που σουρουπώνει μέχρι το άσπρο- γαλάζιο της φουρτουνιασμένης θάλασσας.	It was 1994 when it opened its doors, on the one side echoing the whistles of the passing ships and the seabirds, on the other side inhaling the sea breeze and looking at all possible shades of blue – from blue-mauve of the sky just before darkness to white-blue of the rough sea.				
Ήταν το 1994 όταν άνοιξε τις πόρτες του ανάμεσα στους ήχους από τα καράβια που φεύγουν και τους γλάρους, στις μυρωδιές της θάλασσας και σε όλες τις πιθανές αποχρώσεις του μπλε, από το μπλε- <N1></N1> του ουρανού που σουρουπώνει μέχρι το άσπρο- γαλάζιο της φουρτουνιασμένης θάλασσας.	It was 1994 when it opened its doors, on the one side echoing the whistles of the passing ships and the seabirds, on the other side inhaling the sea breeze and looking at all possible shades of blue – from blue-mauve of the sky just before darkness to white-blue of the rough sea.				
FALSE					
					
Το <L1>περίστροφο</L1> με το οποίο πυροβολήθηκε, ανήκε στον ίδιο φίλο και ιδιοκτήτη του σπιτιού.	The revolver with which he was shot belonged to the same friend and owner of the house.				
Το <N1></N1> με το οποίο πυροβολήθηκε, ανήκε στον ίδιο φίλο και ιδιοκτήτη του σπιτιού.	The revolver with which he was shot belonged to the same friend and owner of the house.				
FALSE					
					
Μπομπονιέρα βάπτισης, υφασμάτινο πουγκί μπλε με λευκό <L1>πουά</L1> και λευκό ξύλινο αλογάκι	Christening favors, blue fabric pouch with white polka dots and white wooden pony				
Μπομπονιέρα βάπτισης, υφασμάτινο πουγκί μπλε με λευκό <N1></N1> και λευκό ξύλινο αλογάκι	Christening favors, blue fabric pouch with white polka dots and white wooden pony				
FALSE					
					
-Να διερευνήσουν τη <L1>θερμοδυναμική</L1> των στερεών διαλυμάτων και την ερμηνεία των αντίστοιχων διαγραμμάτων φάσεων δυαδικών κραμάτων.	-To explore the thermodynamics of solid solutions and the interpretation of phase diagrams of binary alloys.				
-Να διερευνήσουν τη <N1></N1> των στερεών διαλυμάτων και την ερμηνεία των αντίστοιχων διαγραμμάτων φάσεων δυαδικών κραμάτων.	-To explore the thermodynamics of solid solutions and the interpretation of phase diagrams of binary alloys.				
FALSE					
					
Με την <L1>φριτέζα</L1> αέρος, έχετε τη δυνατότητα να τηγανίζετε και να ψήνετε τα πιο νόστιμα σνακ και γεύματα με λιγότερα λιπαρά σε σχέση με τις συμβατικές φριτέζες, χρησιμοποιώντας ελάχιστο ή καθόλου λάδι.	You can cook food quickly (under 30 minutes) because there's no oil in the fryer, and a built-in fan circulates heat throughout the fryer, making it ideal for frozen foods.				
Με την <N1></N1> αέρος, έχετε τη δυνατότητα να τηγανίζετε και να ψήνετε τα πιο νόστιμα σνακ και γεύματα με λιγότερα λιπαρά σε σχέση με τις συμβατικές φριτέζες, χρησιμοποιώντας ελάχιστο ή καθόλου λάδι.	You can cook food quickly (under 30 minutes) because there's no oil in the fryer, and a built-in fan circulates heat throughout the fryer, making it ideal for frozen foods.				
FALSE					
					
Θα μπορούσα να το αφήσω εδώ, αλλά μιας και η ερώτηση άπτεται της αισθητικής θεωρίας, θα δώσω και πάλι τον λόγο στον παραλίγο μαέστρο από το 'Τρεις στις Πέντε', τον <L1>εστέτ</L1> της παρέας.	I could leave it here but as the question has to do with aesthetics, let me once again cite the words of the  almost conductor  from  Three out of five , as he is the aspiring aesthete of the band.				
Θα μπορούσα να το αφήσω εδώ, αλλά μιας και η ερώτηση άπτεται της αισθητικής θεωρίας, θα δώσω και πάλι τον λόγο στον παραλίγο μαέστρο από το 'Τρεις στις Πέντε', τον <N1></N1> της παρέας.	I could leave it here but as the question has to do with aesthetics, let me once again cite the words of the  almost conductor  from  Three out of five , as he is the aspiring aesthete of the band.				
FALSE					
					
Έχοντας πολλά χιλιόμετρα στο <L1>ταξίμετρο</L1> σου θα γίνεις γρήγορα ένας επαγγελματίας ταρίφας!	With enough miles on your odometer, you'll become a professional cab driver!				
Έχοντας πολλά χιλιόμετρα στο <N1></N1> σου θα γίνεις γρήγορα ένας επαγγελματίας ταρίφας!	With enough miles on your odometer, you'll become a professional cab driver!				
FALSE					
					
Σε αυτήν την περίπτωση, ακολουθεί <L1>αντιβιόγραμμα</L1> με λίστα αντιβιοτικών ουσιών στις οποίες είναι ευαίσθητος ο μικροοργανισμός.	In this case, an antibiogram follows with a list of antibiotic agents to which the microorganism is sensitive.				
Σε αυτήν την περίπτωση, ακολουθεί <N1></N1> με λίστα αντιβιοτικών ουσιών στις οποίες είναι ευαίσθητος ο μικροοργανισμός.	In this case, an antibiogram follows with a list of antibiotic agents to which the microorganism is sensitive.				
FALSE					
					
Πρόκειται να χρησιμοποιήσουμε το εργαλείο κουβά γεμίσματος με χρώμα <L1>ματζέντα</L1> και κατώφλι ορισμένο στο 15.	We are going to use the Bucket-fill tool with the magenta color and a Threshold set to 15.				
Πρόκειται να χρησιμοποιήσουμε το εργαλείο κουβά γεμίσματος με χρώμα <N1></N1> και κατώφλι ορισμένο στο 15.	We are going to use the Bucket-fill tool with the magenta color and a Threshold set to 15.				
FALSE					
					
Από το <L1>πόστο</L1> του δεν επέτρεπε καμιά αδικία και με το κύρος του περιόριζε οποιαδήποτε επέμβαση των ισχυρών χωρών της πάλης, όπως ήταν η ΕΣΣΔ, η Τουρκία, οι ΗΠΑ κ.λ.π.	From his post he permitted no injustice and with his prestige he limited any interference from the powers of wrestling as USSR, Turkey, USA etc.				
Από το <N1></N1> του δεν επέτρεπε καμιά αδικία και με το κύρος του περιόριζε οποιαδήποτε επέμβαση των ισχυρών χωρών της πάλης, όπως ήταν η ΕΣΣΔ, η Τουρκία, οι ΗΠΑ κ.λ.π.	From his post he permitted no injustice and with his prestige he limited any interference from the powers of wrestling as USSR, Turkey, USA etc.				
FALSE					
					
Μια <L1>παπαρούνα</L1> κατακόκκινη σαν φλόγα και χιλιάδες μαξιλάρια που έχουν κατασκευαστεί με σκοπό να στερήσουν τον κόσμο από τα όνειρά του.	A flame-red poppy and thousands of pillows made to deprive the world of its dreams.				
Μια <N1></N1> κατακόκκινη σαν φλόγα και χιλιάδες μαξιλάρια που έχουν κατασκευαστεί με σκοπό να στερήσουν τον κόσμο από τα όνειρά του.	A flame-red poppy and thousands of pillows made to deprive the world of its dreams.				
FALSE					
					
Ωστόσο, ορισμένα τυριά, όπως το τσένταρ και το <L1>ροκφόρ</L1> είναι φορτωμένα με κορεσμένα λίπη και υψηλές θερμίδες.	Also, eggs are loaded with vitamins and acids. They are the most vital muscle-building foods.				
Ωστόσο, ορισμένα τυριά, όπως το τσένταρ και το <N1></N1> είναι φορτωμένα με κορεσμένα λίπη και υψηλές θερμίδες.	Also, eggs are loaded with vitamins and acids. They are the most vital muscle-building foods.				
FALSE					
					
Και στην περίπτωση που σκέφτεστε ότι σαν χρώμα μπορεί να σας δεσμεύσει ή να σας περιορίσει μπορούμε να σας εγγυηθούμε ότι στην πραγματικότητα θα συμβεί το αντίθετο, αφού φαινομενικά δύσκολοι συνδυασμοί, όπως με το κόκκινο, το λιλά, το <L1>σιέλ</L1> ή το φυστικί μπορούν να επιφέρουν όχι ένα απλά ενδιαφέρον αλλά και ένα απόλυτα αρμονικό αποτέλεσμα.	In case you think that this color will limit your choices when creating an outfit, we can guarantee that it's totally the opposite. The seemingly difficult combinations with colors such as red, lilac or light blue can lead to interesting and harmonious results.				
Και στην περίπτωση που σκέφτεστε ότι σαν χρώμα μπορεί να σας δεσμεύσει ή να σας περιορίσει μπορούμε να σας εγγυηθούμε ότι στην πραγματικότητα θα συμβεί το αντίθετο, αφού φαινομενικά δύσκολοι συνδυασμοί, όπως με το κόκκινο, το λιλά, το <N1></N1> ή το φυστικί μπορούν να επιφέρουν όχι ένα απλά ενδιαφέρον αλλά και ένα απόλυτα αρμονικό αποτέλεσμα.	In case you think that this color will limit your choices when creating an outfit, we can guarantee that it's totally the opposite. The seemingly difficult combinations with colors such as red, lilac or light blue can lead to interesting and harmonious results.				
FALSE					
					
Το έλαιο γιασεμιού θεωρείται ο βασιλιάς των ελαίων , ενώ στο <L1>γιασεμί</L1> έχουν αποδοθεί ιδιαίτερες ονομασίες από πολλούς λαούς και πολιτισμούς της Γής, λόγω του γλυκού, εξαίσιου και μοναδικού αρώματος του, που μας τυλίγει συνήθως μετά τη δύση του ήλιου όταν απλώνεται δυνατά αλλά και νωχελικά στον αέρα.	Jasmine oil is considered to be the  king of oils , while jasmine has taken on different names from different cultures, due to the sweet,exquisite and unique aroma it has, which usually comes alive after sunset and spreads through the atmosphere.				
Το έλαιο γιασεμιού θεωρείται ο βασιλιάς των ελαίων , ενώ στο <N1></N1> έχουν αποδοθεί ιδιαίτερες ονομασίες από πολλούς λαούς και πολιτισμούς της Γής, λόγω του γλυκού, εξαίσιου και μοναδικού αρώματος του, που μας τυλίγει συνήθως μετά τη δύση του ήλιου όταν απλώνεται δυνατά αλλά και νωχελικά στον αέρα.	Jasmine oil is considered to be the  king of oils , while jasmine has taken on different names from different cultures, due to the sweet,exquisite and unique aroma it has, which usually comes alive after sunset and spreads through the atmosphere.				
FALSE					
					
Για τον δεξιόχειρα παίχτη το <L1>ρεβέρ</L1> είναι το χτύπημα που ξεκινά από την αριστερή πλευρά του κορμού, συνεχίζει μπροστά στον κορμό του ενώ γίνεται η επαφή με την μπάλα, και τελειώνει με το χέρι στην δεξιά πλευρά του κορμού του.	Backhand For right-handed players, the backhand is a stroke that begins on the left side of their body, continues across their body as contact is made with the ball, and ends on the right side of their body.				
Για τον δεξιόχειρα παίχτη το <N1></N1> είναι το χτύπημα που ξεκινά από την αριστερή πλευρά του κορμού, συνεχίζει μπροστά στον κορμό του ενώ γίνεται η επαφή με την μπάλα, και τελειώνει με το χέρι στην δεξιά πλευρά του κορμού του.	Backhand For right-handed players, the backhand is a stroke that begins on the left side of their body, continues across their body as contact is made with the ball, and ends on the right side of their body.				
FALSE					
					
Το <L1>ιστόγραμμα</L1> επικαλύπτει τα ιστογράμματα κόκκινου, πράσινου και γαλάζιου στο ιστόγραμμα τιμής και υπολογίζει το ιστόγραμμα μόνο για τα περιεχόμενα της επιλογής.	Histogram overlays R, G and B histograms on the Value histogram, and calculates the histogram only for the contents of the selection.				
Το <N1></N1> επικαλύπτει τα ιστογράμματα κόκκινου, πράσινου και γαλάζιου στο ιστόγραμμα τιμής και υπολογίζει το ιστόγραμμα μόνο για τα περιεχόμενα της επιλογής.	Histogram overlays R, G and B histograms on the Value histogram, and calculates the histogram only for the contents of the selection.				
FALSE					
					
Το νέο στοιχείο της περιόδου αυτής ήταν η αυτονόμηση της λατρείας των προσωποποιημένων ιδεών από το <L1>πάνθεον</L1> του Ολύμπου και η αριθμητική τους αύξηση.	What was new was the freeing up of the specific cult from the Olympian pantheon, and the proliferation of such cults.				
Το νέο στοιχείο της περιόδου αυτής ήταν η αυτονόμηση της λατρείας των προσωποποιημένων ιδεών από το <N1></N1> του Ολύμπου και η αριθμητική τους αύξηση.	What was new was the freeing up of the specific cult from the Olympian pantheon, and the proliferation of such cults.				
FALSE					
					
Απλά, ΔΕΝ ΕΙΝΑΙ ολογραφία ή -μάλλον- μόνο κατ' όνομα μιας και η ολογραφία σαν <L1>σοφιστικέ</L1> όρος μοιάζει να 'πουλάει'.	Simply, this is NOT holography -or better say- only by name since 'holography' as a seemingly more sophisticated term appears to enhance commercial attraction.				
Απλά, ΔΕΝ ΕΙΝΑΙ ολογραφία ή -μάλλον- μόνο κατ' όνομα μιας και η ολογραφία σαν <N1></N1> όρος μοιάζει να 'πουλάει'.	Simply, this is NOT holography -or better say- only by name since 'holography' as a seemingly more sophisticated term appears to enhance commercial attraction.				
FALSE					
					
Εάν η σακούλα λερωθεί, μπορείτε να αφαιρέσετε με ασφάλεια τους περισσότερους λεκέδες με οξυγονούχο λευκαντικό ή να φτιάξετε το δικό σας φιλικό προς το περιβάλλον διάλυμα αφαίρεσης λεκέδων με 1 φλιτζάνι <L1>οξυζενέ</L1> 3% και 2 κουταλιές της σούπας σόδα πλύσης (Ανθρακική σόδα).	If the bag gets dirty, you can safely remove most stains with oxygenated bleach or make your own environmentally friendly stain remover solution with 1 cup of 3% peroxide and 2 tablespoons of washing soda (Soda ash).				
Εάν η σακούλα λερωθεί, μπορείτε να αφαιρέσετε με ασφάλεια τους περισσότερους λεκέδες με οξυγονούχο λευκαντικό ή να φτιάξετε το δικό σας φιλικό προς το περιβάλλον διάλυμα αφαίρεσης λεκέδων με 1 φλιτζάνι <N1></N1> 3% και 2 κουταλιές της σούπας σόδα πλύσης (Ανθρακική σόδα).	If the bag gets dirty, you can safely remove most stains with oxygenated bleach or make your own environmentally friendly stain remover solution with 1 cup of 3% peroxide and 2 tablespoons of washing soda (Soda ash).				
FALSE					
					
Στην άμαξα Ε΄ σώζονται ορισμένα αντικείμενα τα οποία για άγνωστο λόγο δεν τοποθετήθηκαν στις ταφές των νεκρών. Πρόκειται για δύο χάλκινους αμφορείς με σφαιρικό σώμα και λαβές που απολήγουν σε μάσκες παπποσειληνών και για τέσσερα γυάλινα αγγεία τετράγωνης διατομής, τοποθετημένα μέσα σε ξύλινο κιβωτίδιο. Διατηρήθηκαν επίσης τα μεταλλικά στοιχεία από το <L1>καπίστρι</L1> (φορβειά) και το χαλινάρι των αλόγων, η μολύβδινη επένδυση από τα άκρα του ζυγού και πολλά άλλα χάλκινα και σιδερένια εξαρτήματα.	Beside the pits, which contained the remains of the cremation and the grave goods, were buried the five wagons which had brought them to this location along with their draft teams and a further five horses. In various parts of the tumulus, broken vessels, ashes and animal bones were found, the remains of rituals which took place in honour of the dead during the course of construction of the tumulus.				
Στην άμαξα Ε΄ σώζονται ορισμένα αντικείμενα τα οποία για άγνωστο λόγο δεν τοποθετήθηκαν στις ταφές των νεκρών. Πρόκειται για δύο χάλκινους αμφορείς με σφαιρικό σώμα και λαβές που απολήγουν σε μάσκες παπποσειληνών και για τέσσερα γυάλινα αγγεία τετράγωνης διατομής, τοποθετημένα μέσα σε ξύλινο κιβωτίδιο. Διατηρήθηκαν επίσης τα μεταλλικά στοιχεία από το <N1></N1> (φορβειά) και το χαλινάρι των αλόγων, η μολύβδινη επένδυση από τα άκρα του ζυγού και πολλά άλλα χάλκινα και σιδερένια εξαρτήματα.	Beside the pits, which contained the remains of the cremation and the grave goods, were buried the five wagons which had brought them to this location along with their draft teams and a further five horses. In various parts of the tumulus, broken vessels, ashes and animal bones were found, the remains of rituals which took place in honour of the dead during the course of construction of the tumulus.				
FALSE					
					
Ο Ερνέστο που παίζοντας <L1>ράγκμπι</L1> είχε μάθει να αναπνέει περισσότερο απ'όσο άντεχε το σώμα του, προφανώς δεν ήταν ο τύπος του ανθρώπου που όλη αυτή την εμπειρία δε θα τη μετέτρεπε αρχικά σε γνώση και μετ' έπειτα σε δράση.	Ernesto, who learned to breath more than he could, when he played rugby, wasn't obviously the man who wouldn't transform this experience into revolutionary action.				
Ο Ερνέστο που παίζοντας <N1></N1> είχε μάθει να αναπνέει περισσότερο απ'όσο άντεχε το σώμα του, προφανώς δεν ήταν ο τύπος του ανθρώπου που όλη αυτή την εμπειρία δε θα τη μετέτρεπε αρχικά σε γνώση και μετ' έπειτα σε δράση.	Ernesto, who learned to breath more than he could, when he played rugby, wasn't obviously the man who wouldn't transform this experience into revolutionary action.				
FALSE					
					
9 = μπροστινή <L1>περσίδα</L1> διάχυσης του ζεστού αέρα στο χώρο λειτουργίας	9 = front grille for delivering hot air to the room				
9 = μπροστινή <N1></N1> διάχυσης του ζεστού αέρα στο χώρο λειτουργίας	9 = front grille for delivering hot air to the room				
FALSE					
					
Με τον Μηχανισμό για Λάμπα Νο11 μπορείτε να ρυθμίσετε το μέγεθος από το <L1>φιτίλι</L1> για να έχετε την φλόγα που σας αρέσει. Ο Μηχανισμός για Λάμπα Νο11 έχει σχεδιαστεί για να ταιριάζει τέλεια στην Λάμπα Πετρελαίου Γυάλινη Νο11 με μεταλλικό Ανακλαστήρα και στην Λάμπα Πετρελαίου Γυάλινη Νο11 με Καθρέφτη.	The Wick for Oil Lamp No11 burned without smoke. The Wick for Oil Lamp No11 is ideal for the Oil Lamp No11 with Mirror, for the Oil Lamp No11 with metallic Reflector, for the Oil Lamp Eagle with Mirror and for the Oil Lamp Eagle with metallic Reflector.				
Με τον Μηχανισμό για Λάμπα Νο11 μπορείτε να ρυθμίσετε το μέγεθος από το <N1></N1> για να έχετε την φλόγα που σας αρέσει. Ο Μηχανισμός για Λάμπα Νο11 έχει σχεδιαστεί για να ταιριάζει τέλεια στην Λάμπα Πετρελαίου Γυάλινη Νο11 με μεταλλικό Ανακλαστήρα και στην Λάμπα Πετρελαίου Γυάλινη Νο11 με Καθρέφτη.	The Wick for Oil Lamp No11 burned without smoke. The Wick for Oil Lamp No11 is ideal for the Oil Lamp No11 with Mirror, for the Oil Lamp No11 with metallic Reflector, for the Oil Lamp Eagle with Mirror and for the Oil Lamp Eagle with metallic Reflector.				
FALSE					
					
Μόλις κάψει, ρίχνουμε λίγο ελαιόλαδο, το <L1>κουνουπίδι</L1> και το σοτάρουμε για περίπου 1-2 λεπτά.	Saute for about 5-10 minutes until the vegetables soften up. Add the curry and rosemary.				
Μόλις κάψει, ρίχνουμε λίγο ελαιόλαδο, το <N1></N1> και το σοτάρουμε για περίπου 1-2 λεπτά.	Saute for about 5-10 minutes until the vegetables soften up. Add the curry and rosemary.				
FALSE					
					
Ο Δρ Δημήτριος Βασιλειάδης, πρόεδρος της Ελληνο-Ινδικής Εταιρείας Πολιτισμού και Ανάπτυξης (ΕΛΙΝΕΠΑ), μίλησε για την εμπειρία του κατά τη διάρκεια του τελευταίου ταξιδιού του στην Ινδία, όπου παρακολούθησε το Διεθνές Βουδιστικό <L1>κονκλάβιο</L1> που διοργανώθηκε από το Ινδικό Υπουργείο Τουρισμού τον περασμένο Σεπτέμβριο.	Dr. Dimitrios Vassiliadis, chairman of the Hellenic-Indian Society for Culture & Development (ELINEPA), spoke about his experience during his latest tour to India where he attended the International Buddhist Conclave organized by the Indian Ministry of Tourism last September.				
Ο Δρ Δημήτριος Βασιλειάδης, πρόεδρος της Ελληνο-Ινδικής Εταιρείας Πολιτισμού και Ανάπτυξης (ΕΛΙΝΕΠΑ), μίλησε για την εμπειρία του κατά τη διάρκεια του τελευταίου ταξιδιού του στην Ινδία, όπου παρακολούθησε το Διεθνές Βουδιστικό <N1></N1> που διοργανώθηκε από το Ινδικό Υπουργείο Τουρισμού τον περασμένο Σεπτέμβριο.	Dr. Dimitrios Vassiliadis, chairman of the Hellenic-Indian Society for Culture & Development (ELINEPA), spoke about his experience during his latest tour to India where he attended the International Buddhist Conclave organized by the Indian Ministry of Tourism last September.				
FALSE					
					
Σήμερα, η <L1>κολεκτίβα</L1> αποτελείται από έντεκα μέλη, καθώς έχει αποχωρήσει ένα αρχικό μέλος και έχουν εισέλθει τέσσερα νέα.	Today the collective has eleven members, with one original member having departed, and four new members having joined.				
Σήμερα, η <N1></N1> αποτελείται από έντεκα μέλη, καθώς έχει αποχωρήσει ένα αρχικό μέλος και έχουν εισέλθει τέσσερα νέα.	Today the collective has eleven members, with one original member having departed, and four new members having joined.				
FALSE					
					
Ο δείκτης μέσης ωριαίας κατανάλωσης ισχύος ανά άτομο παρουσιάζεται αυξημένος για τις κατοικίες που έχουν ηλεκτρικό <L1>θερμοσίφωνο</L1> σε σχέση με τις κατοικίες που έχουν ηλιακό.	The average hourly power consumption per resident is higher for households that use an electrical water heater for producing hot sanitary water compared to the one for houses with solar thermal collectors.				
Ο δείκτης μέσης ωριαίας κατανάλωσης ισχύος ανά άτομο παρουσιάζεται αυξημένος για τις κατοικίες που έχουν ηλεκτρικό <N1></N1> σε σχέση με τις κατοικίες που έχουν ηλιακό.	The average hourly power consumption per resident is higher for households that use an electrical water heater for producing hot sanitary water compared to the one for houses with solar thermal collectors.				
FALSE					
					
<L1>μαϊντανός</L1> ψιλοκομμένος	Finely chopped parsley				
<N1></N1> ψιλοκομμένος	Finely chopped parsley				
FALSE					
					
Τα διαυγή σαπούνια είναι καλύτερα δεδομένου ότι περιέχουν λιγότερη <L1>λανολίνη</L1> που μπορεί να λερώσει την επιφάνεια φακών επαφής.	Clear soaps are usually better because they contain less lanoline which might leave residues on lens surfaces.				
Τα διαυγή σαπούνια είναι καλύτερα δεδομένου ότι περιέχουν λιγότερη <N1></N1> που μπορεί να λερώσει την επιφάνεια φακών επαφής.	Clear soaps are usually better because they contain less lanoline which might leave residues on lens surfaces.				
FALSE					
					
Το ένα είναι η ισότητα του δικτύου από την πλευρά της παραγωγής ενέργειας , που σημαίνει ότι το κόστος ανά <L1>κιλοβατώρα</L1> παραγωγής φωτοβολταϊκής ενέργειας είναι χαμηλότερο από την τιμή αναφοράς ηλεκτρικής ενέργειας στο δίκτυο για αποθείωση άνθρακα.	One is  generation-side grid parity,  meaning that the cost per kilowatt-hour of PV generation is lower than the grid electricity reference price for carbon desulphurization.				
Το ένα είναι η ισότητα του δικτύου από την πλευρά της παραγωγής ενέργειας , που σημαίνει ότι το κόστος ανά <N1></N1> παραγωγής φωτοβολταϊκής ενέργειας είναι χαμηλότερο από την τιμή αναφοράς ηλεκτρικής ενέργειας στο δίκτυο για αποθείωση άνθρακα.	One is  generation-side grid parity,  meaning that the cost per kilowatt-hour of PV generation is lower than the grid electricity reference price for carbon desulphurization.				
FALSE					
					
Κάποιες φορές ένα <L1>παραβάν</L1> είναι απλά ένα παραβάν, όμως μπορεί να είναι και ένας αποτελεσματικός τρόπος για να χωρίσετε τον χώρο και να παραμείνετε συγκεντρωμένοι στη δουλειά σας.	Sometimes a screen is just a screen, but also the most effective option for separating things and getting better work focus.				
Κάποιες φορές ένα <N1></N1> είναι απλά ένα παραβάν, όμως μπορεί να είναι και ένας αποτελεσματικός τρόπος για να χωρίσετε τον χώρο και να παραμείνετε συγκεντρωμένοι στη δουλειά σας.	Sometimes a screen is just a screen, but also the most effective option for separating things and getting better work focus.				
FALSE					
					
Ολα τα είδη κρεάτων, ολόφρεσκα ψάρια, ψημένα από τεχνίτη στα κάρβουνα, σαλάτες με γνήσιο κρητικό ελαιόλαδο, ορεκτικά και φαγητά κατσαρόλας όπως το <L1>κουνέλι</L1> λεμονάτο νόστιμα και καλομαγειρεμένα ικανοποιούν και το πιο δύσκολο γούστο Το χύμα κρασί, από τους ονομαστούς αμπελώνες της περιοχής, αλλά και τα πολλά εμφιαλωμένα θα συνοδεύσουν τα εκλεκτά πιάτα, και τα τυροπιτάκια με μέλι και ρακί, προσφορά του καταστήματος, θα συμπληρώσουν την απόλαυση σας.	The meat and fresh fish grilled by the expert cook, the salads with pure olive oil, the great variety of side dishes and casserole food are of such quality as to please even the most demanding palate. The excellent home made wine from the famous vine yards of the area as well as a great selection of bottled wines will accompany your dishes and the cheese pies with honey and raki offered from the house will replenish the enjoyment of your superb meals.				
Ολα τα είδη κρεάτων, ολόφρεσκα ψάρια, ψημένα από τεχνίτη στα κάρβουνα, σαλάτες με γνήσιο κρητικό ελαιόλαδο, ορεκτικά και φαγητά κατσαρόλας όπως το <N1></N1> λεμονάτο νόστιμα και καλομαγειρεμένα ικανοποιούν και το πιο δύσκολο γούστο Το χύμα κρασί, από τους ονομαστούς αμπελώνες της περιοχής, αλλά και τα πολλά εμφιαλωμένα θα συνοδεύσουν τα εκλεκτά πιάτα, και τα τυροπιτάκια με μέλι και ρακί, προσφορά του καταστήματος, θα συμπληρώσουν την απόλαυση σας.	The meat and fresh fish grilled by the expert cook, the salads with pure olive oil, the great variety of side dishes and casserole food are of such quality as to please even the most demanding palate. The excellent home made wine from the famous vine yards of the area as well as a great selection of bottled wines will accompany your dishes and the cheese pies with honey and raki offered from the house will replenish the enjoyment of your superb meals.				
FALSE					
					
Μεταπολεμικά, το <L1>φωταέριο</L1> χάνει συνεχώς έδαφος σε σχέση με τον ηλεκτρισμό και τις νέες μορφές ενέργειας.	After WWII coal gas loses ground against electricity and other forms of energy.				
Μεταπολεμικά, το <N1></N1> χάνει συνεχώς έδαφος σε σχέση με τον ηλεκτρισμό και τις νέες μορφές ενέργειας.	After WWII coal gas loses ground against electricity and other forms of energy.				
FALSE					
					
Σε λαμπτήρες με αυτοκόλλητη γρίλια, η ίδια η <L1>γρίλια</L1> χρειάζεται αλλαγή κάθε λίγες μέρες. Ανασκόπηση	In lamps with an adhesive grille, the grille itself needs to be changed every few days. Review				
Σε λαμπτήρες με αυτοκόλλητη γρίλια, η ίδια η <N1></N1> χρειάζεται αλλαγή κάθε λίγες μέρες. Ανασκόπηση	In lamps with an adhesive grille, the grille itself needs to be changed every few days. Review				
FALSE					
					
Το σύστημα βασίζεται σε χιονοστιβάδες που μπορούν να σας φέρουν πολλαπλασιαστές, αλλά υπάρχουν επίσης <L1>μπαλαντέρ</L1> και δωρεάν περιστροφές.	The system relies on Avalanches which can bring you multipliers, but there are also wilds and free spins.				
Το σύστημα βασίζεται σε χιονοστιβάδες που μπορούν να σας φέρουν πολλαπλασιαστές, αλλά υπάρχουν επίσης <N1></N1> και δωρεάν περιστροφές.	The system relies on Avalanches which can bring you multipliers, but there are also wilds and free spins.				
FALSE					
					
Δοκίμασε να φωτογραφίσεις μια <L1>πόζα</L1> από διαφορετικές γωνίες Φωτογράφισε την ίδια πόζα με διαφορετικές εστιακές αποστάσεις	Try photographing a pose from different angles Photograph the same pose with different focal lengths	πόζα στάση			
Δοκίμασε να φωτογραφίσεις μια <N1></N1> από διαφορετικές γωνίες Φωτογράφισε την ίδια πόζα με διαφορετικές εστιακές αποστάσεις	Try photographing a pose from different angles Photograph the same pose with different focal lengths				
FALSE					
					
Άλλες πάλι είναι μόλις μια ασπρόμαυρη <L1>φωτοτυπία</L1> σε χαρτί, που η πίσω πλευρά του έχει χρησιμοποιηθεί για άλλο σκοπό.	Other times, it is just a black and white photocopy on paper, the back of which has been used for another purpose.				
Άλλες πάλι είναι μόλις μια ασπρόμαυρη <N1></N1> σε χαρτί, που η πίσω πλευρά του έχει χρησιμοποιηθεί για άλλο σκοπό.	Other times, it is just a black and white photocopy on paper, the back of which has been used for another purpose.				
FALSE					
					
Μία σημαντική μας δραστηριότητα είναι ο <L1>στατιστικός</L1> υπολογισμός των εκκρεμών ζημιών για τις Γενικές Ασφαλίσεις.	One of our main activities concerning reserving for insurance liabilities is statistical calculation of outstanding claim reserves for Non-Life Insurance.				
Μία σημαντική μας δραστηριότητα είναι ο <N1></N1> υπολογισμός των εκκρεμών ζημιών για τις Γενικές Ασφαλίσεις.	One of our main activities concerning reserving for insurance liabilities is statistical calculation of outstanding claim reserves for Non-Life Insurance.				
FALSE					
					
Γιατί κάποιοι αιρετικοί, για να ξεφύγουν από τη <L1>μέγγενη</L1> τού εδαφίου αυτού, λένε έτσι αυθαίρετα, ΧΩΡΙΣ ΝΑ ΤΟ ΔΕΙΧΝΕΙ ΤΟ ΚΕΙΜΕΝΟ, ότι στο αμέσως επόμενο εδάφιο, στο 13, μιλάει ξαφνικά ο Πατέρας, και όχι ο Υιός.	This is because certain heretics who, in their attempt to escape from the absolute grip of this verse, arbitrarily claim - WITHOUT ANY INDICATION FROM THE TEXT - that in the very next verse (13), it is the FATHER who suddenly speaks, and not the Son.				
Γιατί κάποιοι αιρετικοί, για να ξεφύγουν από τη <N1></N1> τού εδαφίου αυτού, λένε έτσι αυθαίρετα, ΧΩΡΙΣ ΝΑ ΤΟ ΔΕΙΧΝΕΙ ΤΟ ΚΕΙΜΕΝΟ, ότι στο αμέσως επόμενο εδάφιο, στο 13, μιλάει ξαφνικά ο Πατέρας, και όχι ο Υιός.	This is because certain heretics who, in their attempt to escape from the absolute grip of this verse, arbitrarily claim - WITHOUT ANY INDICATION FROM THE TEXT - that in the very next verse (13), it is the FATHER who suddenly speaks, and not the Son.				
FALSE					
					
Η θερμόσφαιρα είναι το στρώμα στην ατμόσφαιρα της Γης ακριβώς πάνω από τη <L1>μεσόσφαιρα</L1> και κάτω από την εξωσφαιρία.	The thermosphere is the layer in the Earth's atmosphere directly above the mesosphere and below the exosphere.				
Η θερμόσφαιρα είναι το στρώμα στην ατμόσφαιρα της Γης ακριβώς πάνω από τη <N1></N1> και κάτω από την εξωσφαιρία.	The thermosphere is the layer in the Earth's atmosphere directly above the mesosphere and below the exosphere.				
FALSE					
					
Λίγο πριν τις 17:00 τοπική ώρα, η πολιορκία φθάνει στο τέλος της, καθώς καπνός άρχισε να βγαίνει από το προσωρινό κρησφύγετο των δραστών, και τα δυο αδέλφια, υπό τους ήχους εκρήξεων και πυροβολισμών, εξέρχονται του κτιρίου και σκοτώνονται από <L1>μπαράζ</L1> αστυνομικών πυρών.	Just before 17:00 local time, the impasse ended as smoke was seen rising from the printworks amid explosions and gunfire. The two brothers - who had told local media they would die  martyrs'  deaths - emerged from the building, firing at police.				
Λίγο πριν τις 17:00 τοπική ώρα, η πολιορκία φθάνει στο τέλος της, καθώς καπνός άρχισε να βγαίνει από το προσωρινό κρησφύγετο των δραστών, και τα δυο αδέλφια, υπό τους ήχους εκρήξεων και πυροβολισμών, εξέρχονται του κτιρίου και σκοτώνονται από <N1></N1> αστυνομικών πυρών.	Just before 17:00 local time, the impasse ended as smoke was seen rising from the printworks amid explosions and gunfire. The two brothers - who had told local media they would die  martyrs'  deaths - emerged from the building, firing at police.				
FALSE					
					
Η <L1>πανσιόν</L1> Λένα διαθέρει φιλόξενα κλιματιζόμενα δωμάτια επιπλωμένα σύμφωνα με την παράδοση της Κρήτης, για όσους ταξιδεύουν μόνοι, για ζευγάρια και για οικογένειες 5-6 ατόμων.	Pension Lena offers cozy and air-conditioned rooms furnished according to the tradition of Crete, for those traveling alone, for couples and for families of 5-6 people.				
Η <N1></N1> Λένα διαθέρει φιλόξενα κλιματιζόμενα δωμάτια επιπλωμένα σύμφωνα με την παράδοση της Κρήτης, για όσους ταξιδεύουν μόνοι, για ζευγάρια και για οικογένειες 5-6 ατόμων.	Pension Lena offers cozy and air-conditioned rooms furnished according to the tradition of Crete, for those traveling alone, for couples and for families of 5-6 people.				
FALSE					
					
Σε κοντινή απόσταση από τα Καλάβρυτα στην περιοχή της Αρκαδίας, μπορείτε να απολαύσετε <L1>ράφτινγκ</L1> και πεζοπορία στο φαράγγι του Λούσιου.	In close proximity to Kalavryta in the region of Arcadia you can enjoy Rafting and Hiking in Lousios Gorge.				
Σε κοντινή απόσταση από τα Καλάβρυτα στην περιοχή της Αρκαδίας, μπορείτε να απολαύσετε <N1></N1> και πεζοπορία στο φαράγγι του Λούσιου.	In close proximity to Kalavryta in the region of Arcadia you can enjoy Rafting and Hiking in Lousios Gorge.				
FALSE					
					
Το κομπόστ και ο <L1>χούμος</L1> που περιέχει μπορεί να ενσωματωθεί με το έδαφος, σχηματίζοντας μια καλή δομή που ενθαρρύνει τη βέλτιστη γονιμότητα και την αντίσταση στην διάβρωση.	Compost and the humus it contains can actually bind to soil, building a good structure that encourages optimum fertility and erosion resistance.				
Το κομπόστ και ο <N1></N1> που περιέχει μπορεί να ενσωματωθεί με το έδαφος, σχηματίζοντας μια καλή δομή που ενθαρρύνει τη βέλτιστη γονιμότητα και την αντίσταση στην διάβρωση.	Compost and the humus it contains can actually bind to soil, building a good structure that encourages optimum fertility and erosion resistance.				
FALSE					
					
ΠΑΡΑΜΑΝΑ ΜΕ ΛΟΥΛΟΥΔΙ Φυλαχτό <L1>παραμάνα</L1> από κίτρινο χρυσό Κ14 με κούμπωμα σε σχήμα λουλουδιού διακοσμημένο με ροζ σμάλτο και κρεμαστό ματόχαντρο, σταυρό, ροζ πέτρες και ροζ φουντίτσα.	Handle safety pin with a trolley shaped clasp decorated with white and pink enamel and a pendant matohantro, a cross, pink stones and a pink tassel.				
ΠΑΡΑΜΑΝΑ ΜΕ ΛΟΥΛΟΥΔΙ Φυλαχτό <N1></N1> από κίτρινο χρυσό Κ14 με κούμπωμα σε σχήμα λουλουδιού διακοσμημένο με ροζ σμάλτο και κρεμαστό ματόχαντρο, σταυρό, ροζ πέτρες και ροζ φουντίτσα.	Handle safety pin with a trolley shaped clasp decorated with white and pink enamel and a pendant matohantro, a cross, pink stones and a pink tassel.				
FALSE					
					
Λάβετε υπόψη ότι η <L1>πλαστελίνη</L1> μπορεί να μουχλιάσει σε περίπτωση που έρθει σε επαφή με βρώμικα ή ξένα αντικειμένα.	Please keep in mind that playdough may spoil or mold if dirt or foreign objects get under.				
Λάβετε υπόψη ότι η <N1></N1> μπορεί να μουχλιάσει σε περίπτωση που έρθει σε επαφή με βρώμικα ή ξένα αντικειμένα.	Please keep in mind that playdough may spoil or mold if dirt or foreign objects get under.				
FALSE					
					
Πριν από τη χρήση, είναι απαραίτητο να απελευθερώσετε το <L1>κραγιόνι</L1> από τη συσκευασία, αφήνοντας το κάτω μέρος του.	Before use, it is necessary to free the crayon from the packaging, leaving its lower part.				
Πριν από τη χρήση, είναι απαραίτητο να απελευθερώσετε το <N1></N1> από τη συσκευασία, αφήνοντας το κάτω μέρος του.	Before use, it is necessary to free the crayon from the packaging, leaving its lower part.				
FALSE					
					
Στον αρραβώνα αντάλλασσαν <L1>μαντίλια</L1> και δακτυλίδια.	During the engagement they exchanged handkerchiefs and rings.				
Στον αρραβώνα αντάλλασσαν <N1></N1> και δακτυλίδια.	During the engagement they exchanged handkerchiefs and rings.				
FALSE					
					
Ποτέ δεν <L1>οργανώνω</L1> τα βιβλία μου με αυτόν τον τρόπο, δηλαδή γεμίζοντάς τα με παγίδες για τον αναγνώστη.	I never plan my own books that way, filling them with traps for the reader.				
Ποτέ δεν <N1></N1> τα βιβλία μου με αυτόν τον τρόπο, δηλαδή γεμίζοντάς τα με παγίδες για τον αναγνώστη.	I never plan my own books that way, filling them with traps for the reader.				
FALSE					
					
Βλέπω σαπουνόπερες τόσο πολύ επειδή καλύπτουν τη <L1>γκρίνια</L1> σου.	I watch my soaps so much because they drown out your constant whining and griping.	γκρίνια παράπονο			
Βλέπω σαπουνόπερες τόσο πολύ επειδή καλύπτουν τη <N1></N1> σου.	I watch my soaps so much because they drown out your constant whining and griping.				
FALSE					
					
Πολύ απλά, διατείνεται ότι αν δεν βλέπουμε κάποιο λάθος στο γεγονός ότι ένα λιοντάρι κυνηγά και σκοτώνει μια <L1>ζέβρα</L1> για φαγητό, τότε δεν υπάρχει κανένα πρόβλημα με το γεγονός ότι επίσης οι άνθρωποι σκοτώνουν για πρόσληψη τροφής.	It simply states that if we see no wrong for a lion to hunt and kill a zebra for food, human-predators do no wrong in killing animals for food too.				
Πολύ απλά, διατείνεται ότι αν δεν βλέπουμε κάποιο λάθος στο γεγονός ότι ένα λιοντάρι κυνηγά και σκοτώνει μια <N1></N1> για φαγητό, τότε δεν υπάρχει κανένα πρόβλημα με το γεγονός ότι επίσης οι άνθρωποι σκοτώνουν για πρόσληψη τροφής.	It simply states that if we see no wrong for a lion to hunt and kill a zebra for food, human-predators do no wrong in killing animals for food too.				
FALSE					
					
Τοξικολογία σε ζώα και/ή <L1>φαρμακολογία</L1> Τα μη κλινικά δεδομένα δεν αποκαλύπτουν ιδιαίτερους...	Animal toxicology and/or pharmacology Non-clinical data reveal no special hazards for humans based...				
Τοξικολογία σε ζώα και/ή <N1></N1> Τα μη κλινικά δεδομένα δεν αποκαλύπτουν ιδιαίτερους...	Animal toxicology and/or pharmacology Non-clinical data reveal no special hazards for humans based...				
FALSE					
					
Η ελκώδης <L1>κολίτιδα</L1> χαρακτηρίζεται από διάρροια, κοιλιακό άλγος και αίμα στα κόπρανα.	Ulcerative colitis is inflammation and ulceration in your rectum and colon.				
Η ελκώδης <N1></N1> χαρακτηρίζεται από διάρροια, κοιλιακό άλγος και αίμα στα κόπρανα.	Ulcerative colitis is inflammation and ulceration in your rectum and colon.				
FALSE					
					
Μιας και μιλάμε για ηλεκτρικά εργαλεία, δεν πρέπει να ξεχνάμε την <L1>πένσα</L1> απογύμνωσης καλωδίων.	Since we are talking about electrical tools, we should not forget the wire stripping pliers.				
Μιας και μιλάμε για ηλεκτρικά εργαλεία, δεν πρέπει να ξεχνάμε την <N1></N1> απογύμνωσης καλωδίων.	Since we are talking about electrical tools, we should not forget the wire stripping pliers.				
FALSE					
					
Η Κλαίρη, αυτός και η <L1>πιτσιρίκα</L1> μίλησαν για λίγο.	He, the lass and Claire had discussed for a while.				
Η Κλαίρη, αυτός και η <N1></N1> μίλησαν για λίγο.	He, the lass and Claire had discussed for a while.				
FALSE					
					
Το χιονοδρομικό κέντρο του Ελατοχωρίου είναι ένα από τα πιο σύγχρονα της βόρειας Ελλάδας και οι 10 πίστες του ικανοποιούν απόλυτα τους αρχάριους <L1>σκιέρ</L1> αλλά και τους πιο έμπειρους.	The local ski resort is amongst the most modern facilities in the country and a rich array of 10 ski tracks should satisfy every skier regardless of experience.				
Το χιονοδρομικό κέντρο του Ελατοχωρίου είναι ένα από τα πιο σύγχρονα της βόρειας Ελλάδας και οι 10 πίστες του ικανοποιούν απόλυτα τους αρχάριους <N1></N1> αλλά και τους πιο έμπειρους.	The local ski resort is amongst the most modern facilities in the country and a rich array of 10 ski tracks should satisfy every skier regardless of experience.				
FALSE					
					
Συνεχιζόταν όμως ο <L1>φιλελληνισμός</L1> με διαφορετική μορφή.	However, philhellenism continued in a different form.				
Συνεχιζόταν όμως ο <N1></N1> με διαφορετική μορφή.	However, philhellenism continued in a different form.				
FALSE					
					
Οι σαλάτες από φυλλώδη λαχανικά όπως το μαρούλι, η <L1>ρόκα</L1> και το σπανάκι είναι τα πιο κοινά προϊόντα στην κατηγορία των φρεσκοκομμένων λαχανικών.	Leafy salad vegetables, such as lettuce, rocket, and baby spinach, are the most common products in the fresh cut category.				
Οι σαλάτες από φυλλώδη λαχανικά όπως το μαρούλι, η <N1></N1> και το σπανάκι είναι τα πιο κοινά προϊόντα στην κατηγορία των φρεσκοκομμένων λαχανικών.	Leafy salad vegetables, such as lettuce, rocket, and baby spinach, are the most common products in the fresh cut category.				
FALSE					
					
Κοντό φόρεμα <L1>κλος</L1> με παρτούς ώμους και μονόχρωμη φούστα.	Short cloche dress with part shoulders and plain skirt.				
Κοντό φόρεμα <N1></N1> με παρτούς ώμους και μονόχρωμη φούστα.	Short cloche dress with part shoulders and plain skirt.				
FALSE					
					
Η γεύση του ελληνικού καφέ με το πλούσιο <L1>καϊμάκι</L1> έχει παντρευτεί σε απόλυτη ισορροπία με το εκχύλισμα μήλου και τη σκόνη κανέλας.	The taste of Greek coffee with its rich frothy kaimaki has been paired in perfect balance with apple extract and cinnamon powder.				
Η γεύση του ελληνικού καφέ με το πλούσιο <N1></N1> έχει παντρευτεί σε απόλυτη ισορροπία με το εκχύλισμα μήλου και τη σκόνη κανέλας.	The taste of Greek coffee with its rich frothy kaimaki has been paired in perfect balance with apple extract and cinnamon powder.				
FALSE					
					
Το ταψί ή το <L1>σινί</L1> με το φαγητό ή την πίτα, μπορεί να τοποθετηθεί είτε απευθείας πάνω στην φωτιά, είτε πάνω στην πυροστιά.	The baking sheets or the baking dishes with the pie or the food, can be placed either directly on the fire or on trivets.				
Το ταψί ή το <N1></N1> με το φαγητό ή την πίτα, μπορεί να τοποθετηθεί είτε απευθείας πάνω στην φωτιά, είτε πάνω στην πυροστιά.	The baking sheets or the baking dishes with the pie or the food, can be placed either directly on the fire or on trivets.				
FALSE					
					
Εφαρμογές της δενδροχρονολογίας στην <L1>υδρολογία</L1> και στην κλιματολογία	Applications of the dendrochronology to hydrology and climatology				
Εφαρμογές της δενδροχρονολογίας στην <N1></N1> και στην κλιματολογία	Applications of the dendrochronology to hydrology and climatology				
FALSE					
					
Ένα χημικό <L1>πίλινγκ</L1> χρησιμοποιεί φαινόλες, γαλακτικό οξύ ή γλυκολικό οξύ για να αφαιρέσει το ανεπιθύμητο στρώμα από το δέρμα.	A chemical peel uses phenols, lactic acid, or glycolic acid to remove the unwanted layer from the skin.				
Ένα χημικό <N1></N1> χρησιμοποιεί φαινόλες, γαλακτικό οξύ ή γλυκολικό οξύ για να αφαιρέσει το ανεπιθύμητο στρώμα από το δέρμα.	A chemical peel uses phenols, lactic acid, or glycolic acid to remove the unwanted layer from the skin.				
FALSE					
					
Ένας ελαφρύς <L1>λεκές</L1> στο κάτω μέρος.	One slight stain at the bottom.				
Ένας ελαφρύς <N1></N1> στο κάτω μέρος.	One slight stain at the bottom.				
FALSE					
					
Κόβω τα <L1>σατομπριάν</L1> στη μέση, τα μοιράζω σε τέσσερα πιάτα, προσθέτω από πάνω τα μανιτάρια, τα περιχύνω με τη σάλτσα και <L2>σερβίρω</L2> αμέσως.	Add the carrots, the cauliflower, the garlic slices and rosemary, leaving it to cook for 5 more minutes, stirring regularly.				
Κόβω τα <N1></N1> στη μέση, τα μοιράζω σε τέσσερα πιάτα, προσθέτω από πάνω τα μανιτάρια, τα περιχύνω με τη σάλτσα και <N2></N2> αμέσως.	Add the carrots, the cauliflower, the garlic slices and rosemary, leaving it to cook for 5 more minutes, stirring regularly.				
FALSE					
					
Όταν αυτά καλύπτουν μεγάλη επιφάνεια, όπως ολόκληρη η πλάτη ή ο βραχίονας, η αφαίρεση με <L1>νυστέρι</L1> δεν είναι εφικτή.	When these cover a larger area, such as the whole back or arm, excision is not possible.				
Όταν αυτά καλύπτουν μεγάλη επιφάνεια, όπως ολόκληρη η πλάτη ή ο βραχίονας, η αφαίρεση με <N1></N1> δεν είναι εφικτή.	When these cover a larger area, such as the whole back or arm, excision is not possible.				
FALSE					
					
Για να επεκτείνετε το <L1>ακορντεόν</L1> πρέπει να τραβήξετε το κάθισμα προς τα εμπρός και να διπλώσετε το διπλό πίσω σε ένα επίπεδο.	To expand the  accordion  you need to pull the seat forward, and fold the double back into one level.				
Για να επεκτείνετε το <N1></N1> πρέπει να τραβήξετε το κάθισμα προς τα εμπρός και να διπλώσετε το διπλό πίσω σε ένα επίπεδο.	To expand the  accordion  you need to pull the seat forward, and fold the double back into one level.				
FALSE					
					
Η <L1>μποέμ</L1> διάθεση και το άσπρο χρώμα είναι δύο στοιχεία που επικρατούν το καλοκαίρι.	Bohemian mood and white colour are two elements that prevail in summer.				
Η <N1></N1> διάθεση και το άσπρο χρώμα είναι δύο στοιχεία που επικρατούν το καλοκαίρι.	Bohemian mood and white colour are two elements that prevail in summer.				
FALSE					
					
Πρωινό και <L1>ημιδιατροφή</L1> δε διατίθενται.	Breakfast and half board are not available.				
Πρωινό και <N1></N1> δε διατίθενται.	Breakfast and half board are not available.				
FALSE					
					
Το γεγονός αυτό έχει ως συνέπεια τη χρόνια συμπίεση του νωτιαίου μυελού και την απομυελίνωσή του19 και παρατηρείται κυρίως στην οπίσθια αυχενική, στη θωρακοσφυϊκή και στην οσφυοϊερή μοίρα της ΣΣ.20 Ριζιτικό σύνδρομο με άλγος και χωλότητα σε ένα άκρο μπορεί να προκληθεί όταν ένας ΜΔ συμπιέσει τη ρίζα ενός νωτιαίου νεύρου ή προβάλει μέσα στον σπονδυλικό σωλήνα στην αυχενική ή την οσφυϊκή μοίρα της ΣΣ.15,16 Η διάγνωση της πρόπτωσης/προβολής ΜΔ θα στηριχθεί στα κλινικά ευρήματα και ιδιαίτερα στη νευρολογική εξέταση που χαρακτηρίζεται από υπερευαισθησία της ΣΣ και θα επιβεβαιωθεί με απεικονιστικές εξετάσεις, όπως η αξονική τομογραφία, η <L1>μυελογραφία</L1> και η τομογραφία μαγνητικού συντονισμού.15 Ειδικότερα, σε προβολή ΜΔ στην αυχενική μοίρα του νωτιαίου μυελού, τα ζώα εμφανίζουν αταξία και πάρεση σε όλα τα άκρα τους, αλλά και έντονο άλγος κατά την ψηλάφηση του αυχένα, σπασμό των μυών της περιοχής και μη φυσιολογική θέση της κεφαλής.	This results in chronic compression of the spinal cord and demyelination19 and it is usually observed in the caudal cervical, thoracolumbar and lumbar spine.20 Nerve root signature with pain and lameness in a single limb may occur when a single intervertebral disk has compressed a spinal nerve root or is herniated in the spinal cord at the cervical or lumbar spine.15,16 Reaching a diagnosis of IVDD is based on clinical findings and especially on the neurological examination which is characterised by hypersensitivity of the spinal cord.				
Το γεγονός αυτό έχει ως συνέπεια τη χρόνια συμπίεση του νωτιαίου μυελού και την απομυελίνωσή του19 και παρατηρείται κυρίως στην οπίσθια αυχενική, στη θωρακοσφυϊκή και στην οσφυοϊερή μοίρα της ΣΣ.20 Ριζιτικό σύνδρομο με άλγος και χωλότητα σε ένα άκρο μπορεί να προκληθεί όταν ένας ΜΔ συμπιέσει τη ρίζα ενός νωτιαίου νεύρου ή προβάλει μέσα στον σπονδυλικό σωλήνα στην αυχενική ή την οσφυϊκή μοίρα της ΣΣ.15,16 Η διάγνωση της πρόπτωσης/προβολής ΜΔ θα στηριχθεί στα κλινικά ευρήματα και ιδιαίτερα στη νευρολογική εξέταση που χαρακτηρίζεται από υπερευαισθησία της ΣΣ και θα επιβεβαιωθεί με απεικονιστικές εξετάσεις, όπως η αξονική τομογραφία, η <N1></N1> και η τομογραφία μαγνητικού συντονισμού.15 Ειδικότερα, σε προβολή ΜΔ στην αυχενική μοίρα του νωτιαίου μυελού, τα ζώα εμφανίζουν αταξία και πάρεση σε όλα τα άκρα τους, αλλά και έντονο άλγος κατά την ψηλάφηση του αυχένα, σπασμό των μυών της περιοχής και μη φυσιολογική θέση της κεφαλής.	This results in chronic compression of the spinal cord and demyelination19 and it is usually observed in the caudal cervical, thoracolumbar and lumbar spine.20 Nerve root signature with pain and lameness in a single limb may occur when a single intervertebral disk has compressed a spinal nerve root or is herniated in the spinal cord at the cervical or lumbar spine.15,16 Reaching a diagnosis of IVDD is based on clinical findings and especially on the neurological examination which is characterised by hypersensitivity of the spinal cord.				
FALSE					
					
Λόγω του ανυψωτικού αερίου κορμού και της βάσης σε σχήμα τρομπέτας, σχεδόν γίνεται το πρότυπο ενός <L1>σκαμπό</L1> μπαρ.	Because of the log gaslift and trumpet-shaped base, it almost become the standard of a bar stool.	σκαμνί σκαμπό			
Λόγω του ανυψωτικού αερίου κορμού και της βάσης σε σχήμα τρομπέτας, σχεδόν γίνεται το πρότυπο ενός <N1></N1> μπαρ.	Because of the log gaslift and trumpet-shaped base, it almost become the standard of a bar stool.				
FALSE					
					
Ας υποθέσουμε ότι ο μεσίτης σας εκτιμά τον χρυσό στα 1,909.21 $ ανά <L1>ουγκιά</L1>	Let's say your broker values gold at $1,909.21 per oz				
Ας υποθέσουμε ότι ο μεσίτης σας εκτιμά τον χρυσό στα 1,909.21 $ ανά <N1></N1>	Let's say your broker values gold at $1,909.21 per oz				
FALSE					
					
Μια ολοκληρωμένη περιποίηση <L1>πεντικιούρ</L1> και μια καλλυντική θεραπεία των πιο όμορφων κάτω άκρων.	A complete pedicure treatment for the most beautiful feet.				
Μια ολοκληρωμένη περιποίηση <N1></N1> και μια καλλυντική θεραπεία των πιο όμορφων κάτω άκρων.	A complete pedicure treatment for the most beautiful feet.				
FALSE					
					
Τη συγκεκριμένη περίοδο, η λέξη <L1>φεμινισμός</L1> χρησιμοποιείται για να περιγράψει την ελευθερία και τη χειραφέτηση των γυναικών.	During said period, the word feminism was used to describe the freedom and emancipation of women.				
Τη συγκεκριμένη περίοδο, η λέξη <N1></N1> χρησιμοποιείται για να περιγράψει την ελευθερία και τη χειραφέτηση των γυναικών.	During said period, the word feminism was used to describe the freedom and emancipation of women.				
FALSE					
					
Παράλληλα, τα 2.000 τ.μ. των εκτεταμένων <L1>φουαγιέ</L1> του θεάτρου προσφέρονται για την παρουσίαση μεγάλων εκθέσεων.	There is also a 2,000 sq. foyer that can be used for presenting large exhibitions.				
Παράλληλα, τα 2.000 τ.μ. των εκτεταμένων <N1></N1> του θεάτρου προσφέρονται για την παρουσίαση μεγάλων εκθέσεων.	There is also a 2,000 sq. foyer that can be used for presenting large exhibitions.				
FALSE					
					
Ο <L1>πάγκος</L1> μπαρ στην κουζίνα έχει πλέον γίνει πολύ δημοφιλής.	The bar counter in the kitchen has now become very popular.	γκισέ θυρίδα πάγκος | πάγκος ράφι | εκθετήριο αντικειμένων πάγκος | αμμοσύρτις πάγκος			
Ο <N1></N1> μπαρ στην κουζίνα έχει πλέον γίνει πολύ δημοφιλής.	The bar counter in the kitchen has now become very popular.				
FALSE					
					
Περίπου 5 έως 15.000, τόσες είναι οι σερβιέτες και τα <L1>ταμπόν</L1> (και όλες οι συσκευασίες που τα συνοδεύουν) που χρησιμοποιούνται από άτομα που έχουν έμμηνο ρύση καθ' όλη τη διάρκεια της ζωής τους.	Around 5 to 15,000, that's how many pads and tampons (and all the packaging that comes with them) are used by people who menstruate throughout their life.				
Περίπου 5 έως 15.000, τόσες είναι οι σερβιέτες και τα <N1></N1> (και όλες οι συσκευασίες που τα συνοδεύουν) που χρησιμοποιούνται από άτομα που έχουν έμμηνο ρύση καθ' όλη τη διάρκεια της ζωής τους.	Around 5 to 15,000, that's how many pads and tampons (and all the packaging that comes with them) are used by people who menstruate throughout their life.				
FALSE					
					
Η οικογενειακή κατάσταση του διαδόχου Εδουάρδου θα έλκυε τους πονηρούς όπως μια ορφανή <L1>γαζέλα</L1> έλκει τις ύαινες.	The marital status of the heir Edward would attract the cunning as an orphaned gazelle attracts hyenas.				
Η οικογενειακή κατάσταση του διαδόχου Εδουάρδου θα έλκυε τους πονηρούς όπως μια ορφανή <N1></N1> έλκει τις ύαινες.	The marital status of the heir Edward would attract the cunning as an orphaned gazelle attracts hyenas.				
FALSE					
					
τα ερείπια των τειχών του Ανίου σε <L1>γκραβούρα</L1> του 1885	the remains of the walls of Ani in a 1885 drawing				
τα ερείπια των τειχών του Ανίου σε <N1></N1> του 1885	the remains of the walls of Ani in a 1885 drawing				
FALSE					
					
Η επίκτητη ανοσολογική απόκριση είναι εξαιρετικά ειδική για ένα συγκεκριμένο <L1>αντιγόνο</L1> και γίνεται ισχυρότερη και ταχύτερη με τις επανειλημμένες συναντήσεις με το αντιγόνο αυτό.	The adaptive immune system is composed of highly specialized cells and processes that eliminate or prevent pathogenic challenges by becoming stronger and faster in subsequent encounters of a particular antigen.				
Η επίκτητη ανοσολογική απόκριση είναι εξαιρετικά ειδική για ένα συγκεκριμένο <N1></N1> και γίνεται ισχυρότερη και ταχύτερη με τις επανειλημμένες συναντήσεις με το αντιγόνο αυτό.	The adaptive immune system is composed of highly specialized cells and processes that eliminate or prevent pathogenic challenges by becoming stronger and faster in subsequent encounters of a particular antigen.				
FALSE					
					
Η Εταιρία Προστασίας Πρεσπών (ΕΠΠ) ήταν εκεί και έλαβε μέρος με ένα <L1>πόστερ</L1> για τα ορόσημα στα 20 χρόνια διαχείρισης και παρακολούθησης των υγροτόπων του Πάρκου Πρεσπών.	The Society for the Protection of Prespa (SPP) participated with a poster presenting the milestones of 20 years of conservation work in the Prespa Park wetlands.				
Η Εταιρία Προστασίας Πρεσπών (ΕΠΠ) ήταν εκεί και έλαβε μέρος με ένα <N1></N1> για τα ορόσημα στα 20 χρόνια διαχείρισης και παρακολούθησης των υγροτόπων του Πάρκου Πρεσπών.	The Society for the Protection of Prespa (SPP) participated with a poster presenting the milestones of 20 years of conservation work in the Prespa Park wetlands.				
FALSE					
					
Το καυτό <L1>σαλέπι</L1> αποτελεί συνήθεια της παλιάς Αθήνας. Ο συγκεκριμένος <L2>σαλεπιτζής</L2> δεν είναι, όπως διαφημίζει, Κωνσταντινουπολίτης, αλλά Σύριος.	This seller advertises his Istanbul origins, making the product more attractive to the locals. Actually, he is Syrian.				
Το καυτό <N1></N1> αποτελεί συνήθεια της παλιάς Αθήνας. Ο συγκεκριμένος <N2></N2> δεν είναι, όπως διαφημίζει, Κωνσταντινουπολίτης, αλλά Σύριος.	This seller advertises his Istanbul origins, making the product more attractive to the locals. Actually, he is Syrian.				
FALSE					
					
Όμως αυτή η επιλογή δεν είναι κλιματικά συνεπής καθώς ο <L1>λιγνίτης</L1> και ο λιθάνθρακας είναι τα πιο ρυπογόνα καύσιμα στον πλανήτη και η χρήση τους είναι αδύνατον να συμβαδίσει με την επίτευξη των κλιματικών στόχων.	Such an option isn't environmentally consistent, since lignite and hard coal are the most polluting fuels on the planet and their use is absolutely incompatible with the agreed-upon climate targets.	άνθρακας γαιάνθρακας κάρβουνο λιγνίτης λιθάνθρακας ξυλάνθρακας πετροκάρβουνο τύρφη			
Όμως αυτή η επιλογή δεν είναι κλιματικά συνεπής καθώς ο <N1></N1> και ο λιθάνθρακας είναι τα πιο ρυπογόνα καύσιμα στον πλανήτη και η χρήση τους είναι αδύνατον να συμβαδίσει με την επίτευξη των κλιματικών στόχων.	Such an option isn't environmentally consistent, since lignite and hard coal are the most polluting fuels on the planet and their use is absolutely incompatible with the agreed-upon climate targets.				
FALSE					
					
Μερικές φορές κρέας ή <L1>λαρδί</L1> που έχει υποστεί επεξεργασία με βορικό οξύ ή άλλο άοσμο εντομοκτόνο χρησιμοποιείται επίσης ως δόλωμα.	Sometimes meat or lard treated with boric acid or another odorless insecticide is also used as bait.				
Μερικές φορές κρέας ή <N1></N1> που έχει υποστεί επεξεργασία με βορικό οξύ ή άλλο άοσμο εντομοκτόνο χρησιμοποιείται επίσης ως δόλωμα.	Sometimes meat or lard treated with boric acid or another odorless insecticide is also used as bait.				
FALSE					
					
Ο <L1>δεινόσαυρος</L1> έχει διαδραστικό σημείο με διαφορετικά επίπεδα φωτός και ηχητικών εφέ.	Dinosaur has an interactive spot with different levels of light and sound effects.				
Ο <N1></N1> έχει διαδραστικό σημείο με διαφορετικά επίπεδα φωτός και ηχητικών εφέ.	Dinosaur has an interactive spot with different levels of light and sound effects.				
FALSE					
					
Στην είσοδο της αίθουσας υποδέχονται τους επισκέπτες τα κορυφαία έργα του πρωτοκυκλαδικού πολιτισμού, το μεγαλύτερο μέχρι τώρα γυναικείο άγαλμα, οι δύο μουσικοί της Κέρου, ο <L1>αρπιστής</L1> και ο αυλητής και τα πιο χαρακτηριστικά από τα μαρμάρινα ειδώλια.	At the entrance of the Room the most prominent works of the Early Cycladic civilization welcome the visitors, the largest so far female statue, the two musicians of Keros, the harpist and the auletes (aulos player) together with the most typical of the marble figurines.				
Στην είσοδο της αίθουσας υποδέχονται τους επισκέπτες τα κορυφαία έργα του πρωτοκυκλαδικού πολιτισμού, το μεγαλύτερο μέχρι τώρα γυναικείο άγαλμα, οι δύο μουσικοί της Κέρου, ο <N1></N1> και ο αυλητής και τα πιο χαρακτηριστικά από τα μαρμάρινα ειδώλια.	At the entrance of the Room the most prominent works of the Early Cycladic civilization welcome the visitors, the largest so far female statue, the two musicians of Keros, the harpist and the auletes (aulos player) together with the most typical of the marble figurines.				
FALSE					
					
Η <L1>σούβλα</L1> περνά από το πίσω μέρος, μέσα από την κοιλότητα του κορμού και βγαίνει από το κεφάλι.	Then skewer the lamb: the spit passes through the back, through the trunk cavity and comes out of the head.				
Η <N1></N1> περνά από το πίσω μέρος, μέσα από την κοιλότητα του κορμού και βγαίνει από το κεφάλι.	Then skewer the lamb: the spit passes through the back, through the trunk cavity and comes out of the head.				
FALSE					
					
Όπως η κοινή ινδική <L1>κόμπρα</L1> και η βασιλική κόμπρα της Ασίας, έτσι και η αιγυπτιακή κόμπρα φουσκώνει το λαιμό της όταν θυμώνει.	Like the common cobra of India and the Asiatic king cobra, the Egyptian cobra inflates its neck when angered.				
Όπως η κοινή ινδική <N1></N1> και η βασιλική κόμπρα της Ασίας, έτσι και η αιγυπτιακή κόμπρα φουσκώνει το λαιμό της όταν θυμώνει.	Like the common cobra of India and the Asiatic king cobra, the Egyptian cobra inflates its neck when angered.				
FALSE					
					
Ο <L1>μινιμαλισμός</L1> και η απλότητα είναι συχνά δύσκολο να ακολουθηθούν.	Minimalism and simplicity are often hard to follow.				
Ο <N1></N1> και η απλότητα είναι συχνά δύσκολο να ακολουθηθούν.	Minimalism and simplicity are often hard to follow.				
FALSE					
					
Έχει παρομοιαστεί με αλλαγές που παρατηρούνται σε άτομα που στο παρελθόν υποβλήθηκαν σε φρικτή ιατρική θεραπεία όπως λοβοτομή, θεραπεία <L1>ηλεκτροσόκ</L1> ή θεραπεία σοκ με ινσουλίνη.	It has been likened to changes seen in individuals who in the past underwent horrible medical treatment such as lobotomy, electroshock treatment, or insulin shock treatment.				
Έχει παρομοιαστεί με αλλαγές που παρατηρούνται σε άτομα που στο παρελθόν υποβλήθηκαν σε φρικτή ιατρική θεραπεία όπως λοβοτομή, θεραπεία <N1></N1> ή θεραπεία σοκ με ινσουλίνη.	It has been likened to changes seen in individuals who in the past underwent horrible medical treatment such as lobotomy, electroshock treatment, or insulin shock treatment.				
FALSE					
					
Έχοντας μεγάλη εμπειρία στα ουκρανικά και διεθνή ΜΜΕ, μεγάλο κύρος στο δημοσιογραφικό <L1>σινάφι</L1> και στους αναγνώστες, για τα αληθινά δημοσιεύματά του σχετικά με τη ζωή στην κατεχόμενη Κριμαία, με απόφαση ρωσικού δικαστηρίου του απαγορεύτηκε η άσκηση του δημοσιογραφικού επαγγέλματος.	Having extensive experience in the Ukrainian and international media, a high reputation among journalists and readers for his truthful reports on life in occupied Crimea, he was banned by a Russian court decision from practising journalism.				
Έχοντας μεγάλη εμπειρία στα ουκρανικά και διεθνή ΜΜΕ, μεγάλο κύρος στο δημοσιογραφικό <N1></N1> και στους αναγνώστες, για τα αληθινά δημοσιεύματά του σχετικά με τη ζωή στην κατεχόμενη Κριμαία, με απόφαση ρωσικού δικαστηρίου του απαγορεύτηκε η άσκηση του δημοσιογραφικού επαγγέλματος.	Having extensive experience in the Ukrainian and international media, a high reputation among journalists and readers for his truthful reports on life in occupied Crimea, he was banned by a Russian court decision from practising journalism.				
FALSE					
					
Δυστυχώς, το μεγάλο πρόβλημα δεν είναι ο ιός της γρίπης -όπως διατείνονται τα ΜΜΕ- ούτε ο ιός του παγκόσμιου πανικού -όπως υποστηρίζουν οι ιατρικοί σύλλογοι- αλλά ο ιός της ασεβείας και το <L1>μικρόβιο</L1> της ολιγοπιστίας.	Unfortunately, the big problem is not the flu virus - as the Mass Media are wont to advertise - nor is the virus of worldwide panic - as supported by the medical unions; it is actually the virus of irreverence and the microbe of disbelief.				
Δυστυχώς, το μεγάλο πρόβλημα δεν είναι ο ιός της γρίπης -όπως διατείνονται τα ΜΜΕ- ούτε ο ιός του παγκόσμιου πανικού -όπως υποστηρίζουν οι ιατρικοί σύλλογοι- αλλά ο ιός της ασεβείας και το <N1></N1> της ολιγοπιστίας.	Unfortunately, the big problem is not the flu virus - as the Mass Media are wont to advertise - nor is the virus of worldwide panic - as supported by the medical unions; it is actually the virus of irreverence and the microbe of disbelief.				
FALSE					
					
Η γκάμα των χαρακτηριστικών και των διαμορφώσεων σας επιτρέπει να διαμορφώσετε την ιδανική ανατρεπόμενη <L1>καρότσα</L1> για την επιχείρησή σας.	The choice of features and setups enables you to specify exactly the right tipperfor your business.				
Η γκάμα των χαρακτηριστικών και των διαμορφώσεων σας επιτρέπει να διαμορφώσετε την ιδανική ανατρεπόμενη <N1></N1> για την επιχείρησή σας.	The choice of features and setups enables you to specify exactly the right tipperfor your business.				
FALSE					
					
Τα ιστιοπλοικά και τα <L1>γιοτ</L1> δένουν και ανεφοδιάζονται στο Μύλο όπως ονομάζουν οι ντόπιοι το Μεγαλοχώρι.	Sailboats and yachts anchor there and refuel in Milo which is how the locals call Megalohori.	γιότ γιώτ θαλαμηγός			
Τα ιστιοπλοικά και τα <N1></N1> δένουν και ανεφοδιάζονται στο Μύλο όπως ονομάζουν οι ντόπιοι το Μεγαλοχώρι.	Sailboats and yachts anchor there and refuel in Milo which is how the locals call Megalohori.				
FALSE					
					
Παιδιά άνω των 6 ετών: 1 <L1>παστίλια</L1> του λαιμού την ημέρα.	Children over 6 years: 1 cough drop per day.				
Παιδιά άνω των 6 ετών: 1 <N1></N1> του λαιμού την ημέρα.	Children over 6 years: 1 cough drop per day.				
FALSE					
					
Σε βαρέλι, για επικό κραιπάλιασμα επιτόπου, ή και σε μπουκάλι για μοναχικό μπεκρούλιασμα με πιτζάμα και <L1>παντόφλα</L1> στον καναπέ σου.	Either on tap to get you wasted asap, or in bottles, for you to drink the sorrows away at home, alone, on your couch, in PJs.				
Σε βαρέλι, για επικό κραιπάλιασμα επιτόπου, ή και σε μπουκάλι για μοναχικό μπεκρούλιασμα με πιτζάμα και <N1></N1> στον καναπέ σου.	Either on tap to get you wasted asap, or in bottles, for you to drink the sorrows away at home, alone, on your couch, in PJs.				
FALSE					
					
Επιπλέον στο Κρυονέρι λειτουργεί οργανωμένη πίστα <L1>μοτοκρός</L1> (κοντά στο μοναστήρι της Λέχωβας), η οποία υποδέχεται πανελλήνιους αγώνες του αθλήματος.	In addition, in Kryoneri there is an organized motocross track (near the monastery of Lechova), which hosts pan-Hellenic races of the sport.				
Επιπλέον στο Κρυονέρι λειτουργεί οργανωμένη πίστα <N1></N1> (κοντά στο μοναστήρι της Λέχωβας), η οποία υποδέχεται πανελλήνιους αγώνες του αθλήματος.	In addition, in Kryoneri there is an organized motocross track (near the monastery of Lechova), which hosts pan-Hellenic races of the sport.				
FALSE					
					
Στα μεταγενέστερα σπίτια το <L1>σαχνισί</L1> , που διαμορφώνεται στη μέση της κύριας όψης του ορόφου, στηρίζεται σε ξύλινες κολώνες δημιουργώντας έτσι ένα ημιυπαίθριο χώρο μπροστά στην είσοδο, το χαγιάτι .	In later mansions  saxnisi  is constructed in the middle of the main façade of the first floor, based on wooden columns which create a covered space in front of the central door, called  chagiati .				
Στα μεταγενέστερα σπίτια το <N1></N1> , που διαμορφώνεται στη μέση της κύριας όψης του ορόφου, στηρίζεται σε ξύλινες κολώνες δημιουργώντας έτσι ένα ημιυπαίθριο χώρο μπροστά στην είσοδο, το χαγιάτι .	In later mansions  saxnisi  is constructed in the middle of the main façade of the first floor, based on wooden columns which create a covered space in front of the central door, called  chagiati .				
FALSE					
					
Θα την <L1>κοντρολάρω</L1> με το στήθος, θα την κατεβάσω, θα κάνω ντρίπλα στον αμυντικό, θα τη φέρω στο δεξί και θα σουτάρω .	I'll control it with the chest, bring it down, dribble past the defender and I'll shoot with my right foot .				
Θα την <N1></N1> με το στήθος, θα την κατεβάσω, θα κάνω ντρίπλα στον αμυντικό, θα τη φέρω στο δεξί και θα σουτάρω .	I'll control it with the chest, bring it down, dribble past the defender and I'll shoot with my right foot .				
FALSE					
					
Για τη γαμήλια νύχτα θα σας περιμένει ένα μπουκάλι <L1>σαμπάνια</L1> και ένα καλάθι φρούτα να απολαύσετε με τον/ην αγαπημένο/η σας.	A bottle of champagne and a fruit basket will await you at your wedding night to enjoy with each other.				
Για τη γαμήλια νύχτα θα σας περιμένει ένα μπουκάλι <N1></N1> και ένα καλάθι φρούτα να απολαύσετε με τον/ην αγαπημένο/η σας.	A bottle of champagne and a fruit basket will await you at your wedding night to enjoy with each other.				
FALSE					
					
Σίγουρα πρέπει να συμπεριλάβετε ένα μεταξωτό <L1>μαντίλι</L1> στη συλλογή σας.	You should definitely include a silk neckerchief in your selection.				
Σίγουρα πρέπει να συμπεριλάβετε ένα μεταξωτό <N1></N1> στη συλλογή σας.	You should definitely include a silk neckerchief in your selection.				
FALSE					
					
Η αίσθηση παραμένει εντυπωσιακή, αφού το <L1>σασί</L1> δεν προσδίδει αίσθηση φθηνής... πλαστικούρας.	Adding to that feeling is that the chassis doesn't exhibit any plasticky flex; you'd expect it to feel cheap, and it doesn't.				
Η αίσθηση παραμένει εντυπωσιακή, αφού το <N1></N1> δεν προσδίδει αίσθηση φθηνής... πλαστικούρας.	Adding to that feeling is that the chassis doesn't exhibit any plasticky flex; you'd expect it to feel cheap, and it doesn't.				
FALSE					
					
Ο ένας ήταν ότι οι παλαιές σιδερένιες τζαβέτες είχαν οξειδωθεί σε επικίνδυνο βαθμό και ο άλλος ότι ήθελα να προσθέσω στην <L1>καρένα</L1> έρμα για να πλέει πιο σταθερά το σκάφος με την ιστιοφορία.	The first reason was that the old iron bolts (tZaBέteς) were dangerously corroded. The second reason was to add ballast to the keel and thus to improve the vessel's stability under sail.				
Ο ένας ήταν ότι οι παλαιές σιδερένιες τζαβέτες είχαν οξειδωθεί σε επικίνδυνο βαθμό και ο άλλος ότι ήθελα να προσθέσω στην <N1></N1> έρμα για να πλέει πιο σταθερά το σκάφος με την ιστιοφορία.	The first reason was that the old iron bolts (tZaBέteς) were dangerously corroded. The second reason was to add ballast to the keel and thus to improve the vessel's stability under sail.				
FALSE					
					
Γιατί όταν φτάσεις στην βόρεια παραλία του νησιού (το καραβάκι σε αφήνει στη νότια και διασχίζεις τους αμμόλοφους μέχρι να βρεθείς μπροστά) θα αντικρύσεις τα εξωτικά νερά που θυμίζουν κάτι από τις <L1>καρτ-ποστάλ</L1> που χάζευες το χειμώνα στην οθόνη του υπολογιστή σου.	This is just a preview. Because when you arrive at the northern beach of the island (the ferry will leave you at the southern beach and you have to walk through the dunes to reach it) you will see the exotic card-postal waters right in front of you!				
Γιατί όταν φτάσεις στην βόρεια παραλία του νησιού (το καραβάκι σε αφήνει στη νότια και διασχίζεις τους αμμόλοφους μέχρι να βρεθείς μπροστά) θα αντικρύσεις τα εξωτικά νερά που θυμίζουν κάτι από τις <N1></N1> που χάζευες το χειμώνα στην οθόνη του υπολογιστή σου.	This is just a preview. Because when you arrive at the northern beach of the island (the ferry will leave you at the southern beach and you have to walk through the dunes to reach it) you will see the exotic card-postal waters right in front of you!				
FALSE					
					
Το πρώτο στάδιο της διαχείρισης του περιστατικού είναι η <L1>αποτοξίκωση</L1> και η σταθεροποίηση του ζώου.	The primary stage of management of such cases is decontamination and stabilisation.				
Το πρώτο στάδιο της διαχείρισης του περιστατικού είναι η <N1></N1> και η σταθεροποίηση του ζώου.	The primary stage of management of such cases is decontamination and stabilisation.				
FALSE					
					
Ως ένας <L1>εργένης</L1> στο άμεσο μάρκετινγκ, ψάχνω για μια ωραία κοινότητα γραφείων στην περιοχή Ίνγκελχαϊμ.	As a single comber in direct marketing, I am looking for a nice office community in the Ingelheim area.				
Ως ένας <N1></N1> στο άμεσο μάρκετινγκ, ψάχνω για μια ωραία κοινότητα γραφείων στην περιοχή Ίνγκελχαϊμ.	As a single comber in direct marketing, I am looking for a nice office community in the Ingelheim area.				
FALSE					
					
Δυστυχώς το <L1>κάδμιο</L1> είναι βλαβερό.	Unfortunately, cadmium is Hazardous.				
Δυστυχώς το <N1></N1> είναι βλαβερό.	Unfortunately, cadmium is Hazardous.				
FALSE					
					
Περισσότερα Η βάση του Χιονοδρομικού κέντρου Ελατοχωρίου βρίσκεται σε υψόμετρο 1.400 μ., στη θέση Παπά Χωράφι, όπου λειτουργεί σύγχρονο <L1>σαλέ</L1> 600 τ.μ. σε τρία επίπεδα, με δυνατότητα ταυτόχρονης εξυπηρέτησης 400 και πλέον ατόμων.	More The base of Elatochori Ski Resort is located at an altitude of 1,400 meters, in Papa Chorafi area, where there is a modern chalet of 600 sq.m. on three levels, with the possibility of simultaneously serving more than 400 people.				
Περισσότερα Η βάση του Χιονοδρομικού κέντρου Ελατοχωρίου βρίσκεται σε υψόμετρο 1.400 μ., στη θέση Παπά Χωράφι, όπου λειτουργεί σύγχρονο <N1></N1> 600 τ.μ. σε τρία επίπεδα, με δυνατότητα ταυτόχρονης εξυπηρέτησης 400 και πλέον ατόμων.	More The base of Elatochori Ski Resort is located at an altitude of 1,400 meters, in Papa Chorafi area, where there is a modern chalet of 600 sq.m. on three levels, with the possibility of simultaneously serving more than 400 people.				
FALSE					
					
Φτιαγμένη με ηθικούς τρόπους και βιώσιμα υφάσματα, όπως πάντα χρησιμοποιεί η σχεδιάστρια, αυτή η μπλούζα είναι η τέλεια προσθήκη στην <L1>γκαρνταρόμπα</L1> σας.	Made with ethical ways and sustainable fabric, as always the designer does, this blouse is the perfect addition to your wardrobe.				
Φτιαγμένη με ηθικούς τρόπους και βιώσιμα υφάσματα, όπως πάντα χρησιμοποιεί η σχεδιάστρια, αυτή η μπλούζα είναι η τέλεια προσθήκη στην <N1></N1> σας.	Made with ethical ways and sustainable fabric, as always the designer does, this blouse is the perfect addition to your wardrobe.				
FALSE					
					
Ένα δεύτερο χαμηλό και επίπεδο ύψωμα, που σήμερα δε διακρίνεται, αντιπροσώπευε την επέκταση του οικισμού γύρω από την <L1>τούμπα</L1> από το 1000 π.Χ. μέχρι περίπου το 300 π.Χ.	A second low and flat hill, which is not visible today, represented the expansion of the settlement around the hill from 1000 BC. until about 300 BC.	κόρνο μπάσο τούμπα			
Ένα δεύτερο χαμηλό και επίπεδο ύψωμα, που σήμερα δε διακρίνεται, αντιπροσώπευε την επέκταση του οικισμού γύρω από την <N1></N1> από το 1000 π.Χ. μέχρι περίπου το 300 π.Χ.	A second low and flat hill, which is not visible today, represented the expansion of the settlement around the hill from 1000 BC. until about 300 BC.				
FALSE					
					
Είναι αλήθεια ότι υπάρχουν μόνο 4 λειτουργίες - μπάσο, φωνή, <L1>πρίμα</L1> και ισορροπημένος ήχος.	True, there are only 4 modes - bass, voice, treble and balanced sound.				
Είναι αλήθεια ότι υπάρχουν μόνο 4 λειτουργίες - μπάσο, φωνή, <N1></N1> και ισορροπημένος ήχος.	True, there are only 4 modes - bass, voice, treble and balanced sound.				
FALSE					
					
Στον κεντρικό αυτό δρόμο θα βρείτε τουριστικά μαγαζιά από τα οποία μπορείτε να ψωνίσετε <L1>σουβενίρ</L1> για τους αγαπημένους σας, μερικά γραφικά ταβερνάκια όπου θα απολαύσετε νόστιμα πιάτα με τις παραδοσιακές συνταγές τόσο του χωριού, όσο και της Πάρου με θέα την θάλασσα και το κοντινό νησί της Νάξου καθώς το χωριό είναι αμφιθεατρικό.	On this main street you will find tourist shops from which you can buy souvenirs for your loved ones, a few taverns where you can enjoy delicious dishes cooked according to traditional recipes both of the village and Paros island, overlooking the sea and the nearby island of Naxos as the village is built amphitheatric.				
Στον κεντρικό αυτό δρόμο θα βρείτε τουριστικά μαγαζιά από τα οποία μπορείτε να ψωνίσετε <N1></N1> για τους αγαπημένους σας, μερικά γραφικά ταβερνάκια όπου θα απολαύσετε νόστιμα πιάτα με τις παραδοσιακές συνταγές τόσο του χωριού, όσο και της Πάρου με θέα την θάλασσα και το κοντινό νησί της Νάξου καθώς το χωριό είναι αμφιθεατρικό.	On this main street you will find tourist shops from which you can buy souvenirs for your loved ones, a few taverns where you can enjoy delicious dishes cooked according to traditional recipes both of the village and Paros island, overlooking the sea and the nearby island of Naxos as the village is built amphitheatric.				
FALSE					
					
ΑΠΑΝΤΗΣΗ: Στο εξωτερικό επίπεδο, καλόν είναι να πιέζουμε τις κυβερνήσεις μας, (καθώς και τους διάφορους κυβερνητικούς φορείς και οργανισμούς) να απομακρύνουν τα διεφθαρμένα και ανήκοντα ή εξαρτώμενα από τις σκοτεινές δυνάμεις στελέχη τους (ακόμη και τους αρχηγούς των), αντικαθιστώντας τα με άλλα τίμια, ανεξάρτητα και ικανά, <L1>πρόθημα</L1> να αποκαλύψουν την αλήθεια, όπως π.χ. για τους εξωγήινους, για την ληφθείσα τεχνολογία που αποκρύπτουν, κλπ.	Also, at the outer level, it is advisable to pressure our governments (as well as various governmental services and organizations) to remove the corrupted executive administrators who belong or are dependent on the dark forces (even their chiefs), and replace them with other honorable, independent and competent people, who are willing to reveal the truth, e.g. about the extraterrestrials, the technology received and kept secret, etc.				
ΑΠΑΝΤΗΣΗ: Στο εξωτερικό επίπεδο, καλόν είναι να πιέζουμε τις κυβερνήσεις μας, (καθώς και τους διάφορους κυβερνητικούς φορείς και οργανισμούς) να απομακρύνουν τα διεφθαρμένα και ανήκοντα ή εξαρτώμενα από τις σκοτεινές δυνάμεις στελέχη τους (ακόμη και τους αρχηγούς των), αντικαθιστώντας τα με άλλα τίμια, ανεξάρτητα και ικανά, <N1></N1> να αποκαλύψουν την αλήθεια, όπως π.χ. για τους εξωγήινους, για την ληφθείσα τεχνολογία που αποκρύπτουν, κλπ.	Also, at the outer level, it is advisable to pressure our governments (as well as various governmental services and organizations) to remove the corrupted executive administrators who belong or are dependent on the dark forces (even their chiefs), and replace them with other honorable, independent and competent people, who are willing to reveal the truth, e.g. about the extraterrestrials, the technology received and kept secret, etc.				
FALSE					
					
Το <L1>γιουβέτσι</L1> με αυτά τα αγνά και υπέροχης ποιότητας υλικά θα πάρει μια εκπληκτική γεύση.	Juve with these pure and wonderful quality ingredients will get an amazing taste.				
Το <N1></N1> με αυτά τα αγνά και υπέροχης ποιότητας υλικά θα πάρει μια εκπληκτική γεύση.	Juve with these pure and wonderful quality ingredients will get an amazing taste.				
FALSE					
					
Παραδίδει άμεσα, υπεύθυνα και οικονομικά κάθε είδους υδραυλική εργασία (από το μικρότερο <L1>μερεμέτι</L1> έως την μεγαλύτερη εγκατάσταση), με εγγυημένο αποτέλεσμα στη Νεάπολη Λασιθίου.	Delivers promptly, responsibly and economically any type of hydraulic work (from the smallest to the largest installation), with guaranteed results in Neapoli Lassithi.				
Παραδίδει άμεσα, υπεύθυνα και οικονομικά κάθε είδους υδραυλική εργασία (από το μικρότερο <N1></N1> έως την μεγαλύτερη εγκατάσταση), με εγγυημένο αποτέλεσμα στη Νεάπολη Λασιθίου.	Delivers promptly, responsibly and economically any type of hydraulic work (from the smallest to the largest installation), with guaranteed results in Neapoli Lassithi.				
FALSE					
					
Αναμένουμε ότι η <L1>στερλίνα</L1> θα αντιδράσει το ίδιο ή και περισσότερο στα στοιχεία για τον πληθωρισμό των ΗΠΑ που θα ανακοινωθούν αυτή την εβδομάδα. Ευρώ	This is, however, a backward looking number, and we expect sterling to react as much or more to the US inflation data out this week.				
Αναμένουμε ότι η <N1></N1> θα αντιδράσει το ίδιο ή και περισσότερο στα στοιχεία για τον πληθωρισμό των ΗΠΑ που θα ανακοινωθούν αυτή την εβδομάδα. Ευρώ	This is, however, a backward looking number, and we expect sterling to react as much or more to the US inflation data out this week.				
FALSE					
					
Καλό είναι να καθαρίσετε τις μεταλλικές επιφάνειες με <L1>ασετόν</L1> πριν κολλήσετε την ταινία..	Metal surfaces should be cleaned with Acetone prior to mounting.				
Καλό είναι να καθαρίσετε τις μεταλλικές επιφάνειες με <N1></N1> πριν κολλήσετε την ταινία..	Metal surfaces should be cleaned with Acetone prior to mounting.				
FALSE					
					
Κινούμενο από το κατώτερο σημείο στο Κολωνάκι μέχρι το ανώτερο σημείο της κορυφής του Λυκαβηττού, το <L1>τελεφερίκ</L1> του Λυκαβηττού μεταφέρει τους επιβάτες σε ένα υπόγειο ταξίδι 200 μέτρων μέχρι την ψηλότερη κορυφή της κεντρικής Αθήνας.	Running from the lower terminus in Kolonaki to the upper terminus atop Mount Lycabettus, the Lycabettus Funicular takes passengers on a 680-foot underground journey up to the highest peak in central Athens.				
Κινούμενο από το κατώτερο σημείο στο Κολωνάκι μέχρι το ανώτερο σημείο της κορυφής του Λυκαβηττού, το <N1></N1> του Λυκαβηττού μεταφέρει τους επιβάτες σε ένα υπόγειο ταξίδι 200 μέτρων μέχρι την ψηλότερη κορυφή της κεντρικής Αθήνας.	Running from the lower terminus in Kolonaki to the upper terminus atop Mount Lycabettus, the Lycabettus Funicular takes passengers on a 680-foot underground journey up to the highest peak in central Athens.				
FALSE					
					
Χειροποίητο βαπτιστικό φόρεμα σε λευκή <L1>οργαντίνα</L1> με χειροποίητα κεντήματα λεβάντας στο φόρεμα και το μπούστο.	Handmade christening dress in white organza with handmade lavender embroidery on the dress and the bodice.				
Χειροποίητο βαπτιστικό φόρεμα σε λευκή <N1></N1> με χειροποίητα κεντήματα λεβάντας στο φόρεμα και το μπούστο.	Handmade christening dress in white organza with handmade lavender embroidery on the dress and the bodice.				
FALSE					
					
Τα σημαντικότερα μορφολογικά στοιχεία είναι η τοξωτή θύρα εισόδου, το επίσης τοξωτό υπέρθυρο με μαρμάρινους θολίτες σε εσοχή ως προς την επιφάνεια των εξωτερικών τοίχων, η λοξή απότμηση στις γωνίες των κτηρίων προς δημόσιο χώρο, τα σαχνισιά (=κλειστοί εξώστες) με έντονη προεξοχή, τα εξωτερικά λιθόκτιστα κλιμακοστάσια πάνω σε τόξο και σε ορισμένα κτήρια, στην εποχή τους, η χρωματική <L1>φαντασμαγορία</L1> στην διακόσμηση, με βαφές εξωτερικών τοίχων και κουφωμάτων.	The most important morphological elements are: the bowed entrance, the bowed lintel with marble domes driven in as regards the surface of the external walls, the aslant cutoff at the corners of the buildings, the sachnisia (closed balconies), the external stone built wells on a bow and the decorative chromatic panorama with paints of external walls and cavities.				
Τα σημαντικότερα μορφολογικά στοιχεία είναι η τοξωτή θύρα εισόδου, το επίσης τοξωτό υπέρθυρο με μαρμάρινους θολίτες σε εσοχή ως προς την επιφάνεια των εξωτερικών τοίχων, η λοξή απότμηση στις γωνίες των κτηρίων προς δημόσιο χώρο, τα σαχνισιά (=κλειστοί εξώστες) με έντονη προεξοχή, τα εξωτερικά λιθόκτιστα κλιμακοστάσια πάνω σε τόξο και σε ορισμένα κτήρια, στην εποχή τους, η χρωματική <N1></N1> στην διακόσμηση, με βαφές εξωτερικών τοίχων και κουφωμάτων.	The most important morphological elements are: the bowed entrance, the bowed lintel with marble domes driven in as regards the surface of the external walls, the aslant cutoff at the corners of the buildings, the sachnisia (closed balconies), the external stone built wells on a bow and the decorative chromatic panorama with paints of external walls and cavities.				
FALSE					
					
Ή, υπήρχε ένας άλλος τύπος που συνέθετε <L1>ραπ</L1> τραγούδια, και ήθελε ένα μέρος για να ηχογραφήσει τη μουσική του στο δωμάτιό του.	Or, there was this other guy who made rap songs and he wanted a place to record his music in his room.				
Ή, υπήρχε ένας άλλος τύπος που συνέθετε <N1></N1> τραγούδια, και ήθελε ένα μέρος για να ηχογραφήσει τη μουσική του στο δωμάτιό του.	Or, there was this other guy who made rap songs and he wanted a place to record his music in his room.				
FALSE					
					
Ακολούθησε <L1>καλαμάρι</L1> με πέστο βασιλικού και τσιπς γλυκοπατάτας.	There followed squid with basil pesto and sweet potato chips.				
Ακολούθησε <N1></N1> με πέστο βασιλικού και τσιπς γλυκοπατάτας.	There followed squid with basil pesto and sweet potato chips.				
FALSE					
					
ο Νίκος Τσιγώνιας και ο Γιάννης Τσιγώνιας από τη Μάρπησσα, <L1>τσαμπούνα</L1> και τουμπάκι	Nikos Tsigonias and Giannis Tsigonias from Marpissa, tsambouna and toumpaki	άσκαυλος γκάιντα τσαμπούνα			
ο Νίκος Τσιγώνιας και ο Γιάννης Τσιγώνιας από τη Μάρπησσα, <N1></N1> και τουμπάκι	Nikos Tsigonias and Giannis Tsigonias from Marpissa, tsambouna and toumpaki				
FALSE					
					
Αν χρειάζεται, βάλτε μερικές σταγόνες από λιπαντικό (όπως <L1>βαζελίνη</L1> ή ορυκτέλαιο) στα άκρα των κυλίνδρων για την μείωση των τριβών (εικόνα 11).	If necessary, put a few drops of lubricant (such as petroleum jelly or mineral oil) on the ends of the rollers to reduce friction (pic. 11).				
Αν χρειάζεται, βάλτε μερικές σταγόνες από λιπαντικό (όπως <N1></N1> ή ορυκτέλαιο) στα άκρα των κυλίνδρων για την μείωση των τριβών (εικόνα 11).	If necessary, put a few drops of lubricant (such as petroleum jelly or mineral oil) on the ends of the rollers to reduce friction (pic. 11).				
FALSE					
					
Σε περίπτωση μεγάλης φθοράς του κομβίου γίνεται τόρνευση αυτού με εργαλείο ή <L1>φρέζα</L1> και μετά ρεκτιφιέ.	If the crankpins are greatly worn they will be milled with a tool or cutter and then ground.				
Σε περίπτωση μεγάλης φθοράς του κομβίου γίνεται τόρνευση αυτού με εργαλείο ή <N1></N1> και μετά ρεκτιφιέ.	If the crankpins are greatly worn they will be milled with a tool or cutter and then ground.				
FALSE					
					
Ο αγροτουρισμός, ο θαλάσσιος, εκπαιδευτικός, αθλητικός, συνεδριακός, θρησκευτικός, <L1>οικολογικός</L1> και ιαματικός τουρισμός εκπληρώνουν κάθε προσδοκία των επισκεπτών.	Agro tourism, sea tourism, sport activities, congress tourism, religious tourism, ecotourism, geo tourism, as well as therapeutic tourism satisfy each visitor.				
Ο αγροτουρισμός, ο θαλάσσιος, εκπαιδευτικός, αθλητικός, συνεδριακός, θρησκευτικός, <N1></N1> και ιαματικός τουρισμός εκπληρώνουν κάθε προσδοκία των επισκεπτών.	Agro tourism, sea tourism, sport activities, congress tourism, religious tourism, ecotourism, geo tourism, as well as therapeutic tourism satisfy each visitor.				
FALSE					
					
Σε πιο τοπικό επίπεδο, πιθανότατα θα δούμε μικρότερα συστήματα αποθήκευσης, ίσως έως και μερικές εκατοντάδες <L1>κιλοβάτ</L1> που παρέχουν εφεδρικά αντίγραφα για μεμονωμένες γειτονιές.	At a more local level, we'll likely see smaller storage systems, perhaps down to a few hundred kilowatts providing backup for individual neighborhoods.				
Σε πιο τοπικό επίπεδο, πιθανότατα θα δούμε μικρότερα συστήματα αποθήκευσης, ίσως έως και μερικές εκατοντάδες <N1></N1> που παρέχουν εφεδρικά αντίγραφα για μεμονωμένες γειτονιές.	At a more local level, we'll likely see smaller storage systems, perhaps down to a few hundred kilowatts providing backup for individual neighborhoods.				
FALSE					
					
Κοντολογίς, πρόκειται για μια επανάσταση - πού δεν απέχει, ίσως, από την πολιτική επανάσταση: γιατί, και στη μια και στην άλλη περίπτωση, ή φαντασίωση μου έχει να κάνει με το απόλυτο Νέο: ο (ερωτικός) <L1>ρεφορμισμός</L1> δε με διεγείρει. και ή αποθέωση του παράδοξου είναι πώς αυτό το αμιγές Νέο βρίσκεται στην άκρη του πιο φθαρμένου στερεότυπου (μόλις χτες το βράδυ το άκουγα να προφέρεται και πάλι σ' ένα θεατρικό έργο της Σαγκάν: μια βραδιά στις δυο, ακούς στην τηλεόραση να λένε: σ' αγαπώ).	A revolution, in short-not so far, perhaps, from the political kind: for, in both cases, what I hallucinate is the absolute New: (amorous) reform has no appeal for me. And, to cap the paradox, this pure New is ultimately the most worn-down of stereotypes (just last night, I heard it uttered in a play by Sagan; every other night, on TV, someone says: I love you).				
Κοντολογίς, πρόκειται για μια επανάσταση - πού δεν απέχει, ίσως, από την πολιτική επανάσταση: γιατί, και στη μια και στην άλλη περίπτωση, ή φαντασίωση μου έχει να κάνει με το απόλυτο Νέο: ο (ερωτικός) <N1></N1> δε με διεγείρει. και ή αποθέωση του παράδοξου είναι πώς αυτό το αμιγές Νέο βρίσκεται στην άκρη του πιο φθαρμένου στερεότυπου (μόλις χτες το βράδυ το άκουγα να προφέρεται και πάλι σ' ένα θεατρικό έργο της Σαγκάν: μια βραδιά στις δυο, ακούς στην τηλεόραση να λένε: σ' αγαπώ).	A revolution, in short-not so far, perhaps, from the political kind: for, in both cases, what I hallucinate is the absolute New: (amorous) reform has no appeal for me. And, to cap the paradox, this pure New is ultimately the most worn-down of stereotypes (just last night, I heard it uttered in a play by Sagan; every other night, on TV, someone says: I love you).				
FALSE					
					
Η <L1>παραφίνη</L1> είναι μια άχρωμη ή λευκή κηρώδης ουσία, στερεά στις συνήθεις θερμοκρασίες άοσμη και άγευστη, με ελαφρά λιπαρή αφή και προέρχεται από την κλασματική απόσταξη του αργού πετρελαίου.	Paraffin is a colourless or white wax, solid at usual temperatures, odourless and tasteless, slightly greasy to touch and comes from the fractional distillation of crude oil.	παραφίνη παραφινέλαιο			
Η <N1></N1> είναι μια άχρωμη ή λευκή κηρώδης ουσία, στερεά στις συνήθεις θερμοκρασίες άοσμη και άγευστη, με ελαφρά λιπαρή αφή και προέρχεται από την κλασματική απόσταξη του αργού πετρελαίου.	Paraffin is a colourless or white wax, solid at usual temperatures, odourless and tasteless, slightly greasy to touch and comes from the fractional distillation of crude oil.				
FALSE					
					
Το Μανουσάκειο, Μουσείο Αστικού και Λαϊκού Βίου αποτελεί δωρεά του αειμνήστου Λεωνίδα Μελετίου Μανουσάκη, ο οποίος το 1996 δώρισε στο Δήμο Σπάρτης την οικία του μαζί με την οικοσκευή, το ρουχισμό, το φωτογραφικό αρχείο, το οθωμανικό <L1>λάβαρο</L1> κ.α.	Manousakio Museum of urban and folk life was donated by Leonidas Meletiou Manousakis who, in 1996 gave to the municipality of Sparta his house along with all the furniture, appliances, clothes, photograph collection, ottoman banner etc.	λάβαρο σημαία			
Το Μανουσάκειο, Μουσείο Αστικού και Λαϊκού Βίου αποτελεί δωρεά του αειμνήστου Λεωνίδα Μελετίου Μανουσάκη, ο οποίος το 1996 δώρισε στο Δήμο Σπάρτης την οικία του μαζί με την οικοσκευή, το ρουχισμό, το φωτογραφικό αρχείο, το οθωμανικό <N1></N1> κ.α.	Manousakio Museum of urban and folk life was donated by Leonidas Meletiou Manousakis who, in 1996 gave to the municipality of Sparta his house along with all the furniture, appliances, clothes, photograph collection, ottoman banner etc.				
FALSE					
					
Τι στερόλες έχει το <L1>σερμπέτι</L1> πορτοκάλι; Δείτε αναλυτικά όλες τις στερόλες που περιέχει αυτή η τροφή, καθώς και την περιεκτικότητα τους ανά 100 γραμμάρια.	What sterols are in a cooked roasted muskrat? See in detail all the sterols contained in this food, as well as their content per 100 grams:				
Τι στερόλες έχει το <N1></N1> πορτοκάλι; Δείτε αναλυτικά όλες τις στερόλες που περιέχει αυτή η τροφή, καθώς και την περιεκτικότητα τους ανά 100 γραμμάρια.	What sterols are in a cooked roasted muskrat? See in detail all the sterols contained in this food, as well as their content per 100 grams:				
FALSE					
					
Η σκοτεινή <L1>κλίκα</L1> και ο υβριστικός χειρισμός των Αμερικανικών και Σοβιετικών κυβερνήσεων είναι κυρίως υπεύθυνη για τα τελευταία εξήντα χρόνια διχόνοιας.	The dark cabal and its hubristic manipulation of the American and Soviet governments are primarily responsible for the past sixty years of discord.				
Η σκοτεινή <N1></N1> και ο υβριστικός χειρισμός των Αμερικανικών και Σοβιετικών κυβερνήσεων είναι κυρίως υπεύθυνη για τα τελευταία εξήντα χρόνια διχόνοιας.	The dark cabal and its hubristic manipulation of the American and Soviet governments are primarily responsible for the past sixty years of discord.				
FALSE					
					
Φιλελληνισμός - <L1>οριενταλισμός</L1> - αποικιοκρατία.	Hellenism - Orientalism - Colonialism.				
Φιλελληνισμός - <N1></N1> - αποικιοκρατία.	Hellenism - Orientalism - Colonialism.				
FALSE					
					
Πιστεύουμε ότι ο <L1>ακτιβισμός</L1> των μετόχων μπορεί να είναι πολύ πιο αποτελεσματικός πιέζοντας τις εταιρείες που έχουν αποτύπωμα άνθρακα, αλλά δεν εξαρτώνται από τα ορυκτά καύσιμα για τη βασική τους δραστηριότητα να στραφούν σε 100% ανανεώσιμες πηγές ενέργειας.	We believe shareholder activism can be far more effective pressuring the companies who have a carbon footprint, but don't depend on fossil fuels for their core business to switch to 100% renewable energy.				
Πιστεύουμε ότι ο <N1></N1> των μετόχων μπορεί να είναι πολύ πιο αποτελεσματικός πιέζοντας τις εταιρείες που έχουν αποτύπωμα άνθρακα, αλλά δεν εξαρτώνται από τα ορυκτά καύσιμα για τη βασική τους δραστηριότητα να στραφούν σε 100% ανανεώσιμες πηγές ενέργειας.	We believe shareholder activism can be far more effective pressuring the companies who have a carbon footprint, but don't depend on fossil fuels for their core business to switch to 100% renewable energy.				
FALSE					
					
Ο Άβραμ κατευθύνθηκε νότια, και το <L1>καραβάνι</L1> σταμάτησε κοντά στα μεγάλα δέντρα του Μορέχ, στα περίχωρα της Συχέμ.	19 Abram moved southward through the land, and the caravan stopped near the big trees of Moreh, near Shechem.				
Ο Άβραμ κατευθύνθηκε νότια, και το <N1></N1> σταμάτησε κοντά στα μεγάλα δέντρα του Μορέχ, στα περίχωρα της Συχέμ.	19 Abram moved southward through the land, and the caravan stopped near the big trees of Moreh, near Shechem.				
FALSE					
					
Διατίθεται ως γούρι, <L1>παντατίφ</L1> και μπρελόκ σε ορείχαλκο επιχρυσωμένο σε διάλυμα χρυσού 24 καρατίων.	It is made of gold-plated bronze and can either be offered as a lucky charm, a pendant or akey-ring.				
Διατίθεται ως γούρι, <N1></N1> και μπρελόκ σε ορείχαλκο επιχρυσωμένο σε διάλυμα χρυσού 24 καρατίων.	It is made of gold-plated bronze and can either be offered as a lucky charm, a pendant or akey-ring.				
FALSE					
					
Χριστούγεννα και <L1>κουραμπιές</L1> πάνε μαζί αλλά με μέτρο!!	Christmas and kourabiedes go together but in moderation!!				
Χριστούγεννα και <N1></N1> πάνε μαζί αλλά με μέτρο!!	Christmas and kourabiedes go together but in moderation!!				
FALSE					
					
Προσφέρει πολλά εργαλεία επιλογής, όπως εργαλείο <L1>λάσο</L1> και εργαλείο βούρτσας.	It offers several selection tools such as lasso tool and brush tool.				
Προσφέρει πολλά εργαλεία επιλογής, όπως εργαλείο <N1></N1> και εργαλείο βούρτσας.	It offers several selection tools such as lasso tool and brush tool.				
FALSE					
					
Σε αυτήν την καινούργια περιπέτεια, ο ατρόμητος <L1>ντετέκτιβ</L1> βρίσκεται σε μια πολυτελή έπαυλη σε ένα ελληνικό νησί, αλλά το πώς και το γιατί βρέθηκε εκεί είναι ένας από τους πολλούς γρίφους.	Intrepid detective Benoit Blanc finds himself at a lavish private estate on a Greek island, but how and why he comes to be there is only the first of many puzzles.	ντεντέκτιβ ντετέκτιβ			
Σε αυτήν την καινούργια περιπέτεια, ο ατρόμητος <N1></N1> βρίσκεται σε μια πολυτελή έπαυλη σε ένα ελληνικό νησί, αλλά το πώς και το γιατί βρέθηκε εκεί είναι ένας από τους πολλούς γρίφους.	Intrepid detective Benoit Blanc finds himself at a lavish private estate on a Greek island, but how and why he comes to be there is only the first of many puzzles.				
FALSE					
					
Το πουκάμισο χρώματος <L1>ταμπά</L1> φέρει το λογότυπο της εταιρίας στο στήθος στην αριστερή πλευρά και έχει κομποζαρίσματα σε μπρονζε χρώμα εσωτερικά του γιακά.	The taba shirt has the company's logo on the chest on the left side and has bronze-colored embellishments on the inside of the collar.				
Το πουκάμισο χρώματος <N1></N1> φέρει το λογότυπο της εταιρίας στο στήθος στην αριστερή πλευρά και έχει κομποζαρίσματα σε μπρονζε χρώμα εσωτερικά του γιακά.	The taba shirt has the company's logo on the chest on the left side and has bronze-colored embellishments on the inside of the collar.				
FALSE					
					
άσπρο έγγραφο του Κραφτ βαθμού, έγγραφο σκαφών της γραμμής του Κραφτ, στιλπνό έγγραφο τέχνης, ματ έγγραφο, ντυμένος διπλός πίνακας, <L1>γκρίζος</L1> πίνακας εγγράφου,	grade white kraft paper, kraft liner paper, glossy art paper, matt paper, coated duplex board, grey paper board,				
άσπρο έγγραφο του Κραφτ βαθμού, έγγραφο σκαφών της γραμμής του Κραφτ, στιλπνό έγγραφο τέχνης, ματ έγγραφο, ντυμένος διπλός πίνακας, <N1></N1> πίνακας εγγράφου,	grade white kraft paper, kraft liner paper, glossy art paper, matt paper, coated duplex board, grey paper board,				
FALSE					
					
Το <L1>αερόλυμα</L1> δημιουργείται στο εσωτερικό του δοχείου μέσω της καύσης του υλικού που περιέχει, το οποίο ψύχεται από μια ειδικού τύπου φλόγα που εκτοξεύεται από μια ειδικά σχεδιασμένη έξοδο και απορροφά τη θερμότητα.	The aerosol is created inside the container through the combustion of the material it contains, which is cooled by a special type of flame ejected from a specially designed outlet and absorbs heat.				
Το <N1></N1> δημιουργείται στο εσωτερικό του δοχείου μέσω της καύσης του υλικού που περιέχει, το οποίο ψύχεται από μια ειδικού τύπου φλόγα που εκτοξεύεται από μια ειδικά σχεδιασμένη έξοδο και απορροφά τη θερμότητα.	The aerosol is created inside the container through the combustion of the material it contains, which is cooled by a special type of flame ejected from a specially designed outlet and absorbs heat.				
FALSE					
					
Στο Λονδίνο, ένας άντρας φροντίζει την ετοιμοθάνατη γυναίκα του και ανακαλύπτει, ανάμεσα στα χαρτιά της, μια <L1>μπούκλα</L1> που θα σταθεί η αφορμή να αποκαλυφθεί ένα τρομερό μυστικό.	In north London, a man caring for his dying wife discovers a lock of hair that unravels a terrible secret.				
Στο Λονδίνο, ένας άντρας φροντίζει την ετοιμοθάνατη γυναίκα του και ανακαλύπτει, ανάμεσα στα χαρτιά της, μια <N1></N1> που θα σταθεί η αφορμή να αποκαλυφθεί ένα τρομερό μυστικό.	In north London, a man caring for his dying wife discovers a lock of hair that unravels a terrible secret.				
FALSE					
					
Το <L1>τσαμπί</L1> του Μαραθεύτικου είναι μεσαίου μεγέθους, συμπαγές με συνήθως μικρά, λαμπερά, μαύρα σταφύλια τα οποία είναι ζουμερά και ώριμα στις αρχές Σεπτεμβρίου.	The Maratheftiko bunch is medium-sized, compact with usually small, shiny, black grapes that are juicy and ripe in early September.				
Το <N1></N1> του Μαραθεύτικου είναι μεσαίου μεγέθους, συμπαγές με συνήθως μικρά, λαμπερά, μαύρα σταφύλια τα οποία είναι ζουμερά και ώριμα στις αρχές Σεπτεμβρίου.	The Maratheftiko bunch is medium-sized, compact with usually small, shiny, black grapes that are juicy and ripe in early September.				
FALSE					
					
Οι <L1>μπόξερ</L1> είναι διαβόητα ενθουσιώδεις.	Boxers are notoriously excitable.				
Οι <N1></N1> είναι διαβόητα ενθουσιώδεις.	Boxers are notoriously excitable.				
FALSE					
					
Ενώ προσπαθούσα να διατηρήσω ένα καλό ρυθμό, άργησα να <L1>τσεκάρω</L1> τα 10μ για πιθανό άνοιγμα και τις δυο μέρες.	While being busy with maintaining a decent rate, I checked 10 meters pretty late both days.				
Ενώ προσπαθούσα να διατηρήσω ένα καλό ρυθμό, άργησα να <N1></N1> τα 10μ για πιθανό άνοιγμα και τις δυο μέρες.	While being busy with maintaining a decent rate, I checked 10 meters pretty late both days.				
FALSE					
					
Αν η κιβωτός είναι το τετράγωνο <L1>κουβούκλιο</L1> μιας Γκαλερί ποια θα ήταν η τέχνη που θα συμπεριλάμβανε την καταγραφή του ζωικού βασιλείου?	Assuming that the ark is the square casing of a Gallery, which art would include the record of the animal kingdom?				
Αν η κιβωτός είναι το τετράγωνο <N1></N1> μιας Γκαλερί ποια θα ήταν η τέχνη που θα συμπεριλάμβανε την καταγραφή του ζωικού βασιλείου?	Assuming that the ark is the square casing of a Gallery, which art would include the record of the animal kingdom?				
FALSE					
					
Το προϊόν κατασκευάζεται με τεχνολογία κύλισης και ισοστατικής συμπίεσης, η οποία όχι μόνο μπορεί να προσαρμοστεί σε εργασίες υψηλής αντοχής, αλλά έχει επίσης τα χαρακτηριστικά αντοχής σε υψηλή θερμοκρασία και αντοχής στη διάβρωση σε οξύ και <L1>αλκάλιο</L1> και μπορεί να βελτιώσει σημαντικά την απόδοση λείανσης.	The product is made by rolling and isostatic pressing technology, which not only can adapt to high-strength work, but also has the characteristics of high temperature resistance and acid and alkali corrosion resistance, and can greatly improve grinding efficiency.				
Το προϊόν κατασκευάζεται με τεχνολογία κύλισης και ισοστατικής συμπίεσης, η οποία όχι μόνο μπορεί να προσαρμοστεί σε εργασίες υψηλής αντοχής, αλλά έχει επίσης τα χαρακτηριστικά αντοχής σε υψηλή θερμοκρασία και αντοχής στη διάβρωση σε οξύ και <N1></N1> και μπορεί να βελτιώσει σημαντικά την απόδοση λείανσης.	The product is made by rolling and isostatic pressing technology, which not only can adapt to high-strength work, but also has the characteristics of high temperature resistance and acid and alkali corrosion resistance, and can greatly improve grinding efficiency.				
FALSE					
					
Καθώς ο <L1>κομμουνισμός</L1> απέτυχε ως διεθνιστική ιδεολογία, τα εθνικά κατά βάση ζητήματα με ιδεολογικό μανδύα επηρέαζαν και τις σχέσεις των κομμουνιστικών κρατών όπως και της Ελλάδας με ορισμένα βαλκανικά κομμουνιστικά κράτη κατά τον Ψυχρό Πόλεμο στο πλαίσιο του διπολισμού.	Since Communism failed as an internationalist ideology, it was basically national issues under ideological guise that affected the relations between Balkan communist states, and Greece's relations with some Balkan communist countries as well.				
Καθώς ο <N1></N1> απέτυχε ως διεθνιστική ιδεολογία, τα εθνικά κατά βάση ζητήματα με ιδεολογικό μανδύα επηρέαζαν και τις σχέσεις των κομμουνιστικών κρατών όπως και της Ελλάδας με ορισμένα βαλκανικά κομμουνιστικά κράτη κατά τον Ψυχρό Πόλεμο στο πλαίσιο του διπολισμού.	Since Communism failed as an internationalist ideology, it was basically national issues under ideological guise that affected the relations between Balkan communist states, and Greece's relations with some Balkan communist countries as well.				
FALSE					
					
Αν είσαι οπαδός του μηχανοκίνητου αθλητισμού και της Φ1, θες να γίνεις μέλος μιας μεγάλης και φιλικής κοινότητας, να διασκεδάσεις σχολιάζοντας τους αγώνες της Φ1 με χρήστες από όλο τον κόσμο και σου αρέσουν τα παιχνίδια <L1>μάνατζμεντ</L1> με χιλιάδες χρήστες, τότε υποβάλετε τώρα αίτηση δωρεάν και γίνε μέρος ενός φανταστικού παιχνιδιού!	If you are a big fan of F1 and motor sports, want to be part of a great and friendly community, enjoy discussing F1 races with people around the world, and like manager and multiplayer games, then apply now for free and be part of a fantastic game!				
Αν είσαι οπαδός του μηχανοκίνητου αθλητισμού και της Φ1, θες να γίνεις μέλος μιας μεγάλης και φιλικής κοινότητας, να διασκεδάσεις σχολιάζοντας τους αγώνες της Φ1 με χρήστες από όλο τον κόσμο και σου αρέσουν τα παιχνίδια <N1></N1> με χιλιάδες χρήστες, τότε υποβάλετε τώρα αίτηση δωρεάν και γίνε μέρος ενός φανταστικού παιχνιδιού!	If you are a big fan of F1 and motor sports, want to be part of a great and friendly community, enjoy discussing F1 races with people around the world, and like manager and multiplayer games, then apply now for free and be part of a fantastic game!				
FALSE					
					
Πιάσε ένα φλιτζάνι καφέ ενώ κάθεσαι με το σκύλο του πυροσβεστικού σταθμού και μερικά <L1>ποπκόρν</L1> βλέποντας τηλεόραση.	Grab a cup of coffee while you hang out with the fire station dog and some popcorn to watch television.				
Πιάσε ένα φλιτζάνι καφέ ενώ κάθεσαι με το σκύλο του πυροσβεστικού σταθμού και μερικά <N1></N1> βλέποντας τηλεόραση.	Grab a cup of coffee while you hang out with the fire station dog and some popcorn to watch television.				
FALSE					
					
Περιγραφή Κομψό γυναικείο ρολόι με όμορφο μοτίβο στο <L1>καντράν</L1> και μπρασελέ από ανοξείδωτο ατσάλι σε υπέροχους συνδυασμούς χρωμάτων	Description Elegant ladies' watch by OOZOO with a beautiful pattern dial and stainless steel bracelet in wonderful color combinations				
Περιγραφή Κομψό γυναικείο ρολόι με όμορφο μοτίβο στο <N1></N1> και μπρασελέ από ανοξείδωτο ατσάλι σε υπέροχους συνδυασμούς χρωμάτων	Description Elegant ladies' watch by OOZOO with a beautiful pattern dial and stainless steel bracelet in wonderful color combinations				
FALSE					
					
Ψιλοκόβουμε το κρεμμύδι και το <L1>φινόκιο</L1> και σοτάρουμε στο ελαιόλαδο σε δυνατή φωτιά.	Chop the onion and the fennel and sauté in olive oil at high heat. EXECUTION				
Ψιλοκόβουμε το κρεμμύδι και το <N1></N1> και σοτάρουμε στο ελαιόλαδο σε δυνατή φωτιά.	Chop the onion and the fennel and sauté in olive oil at high heat. EXECUTION				
FALSE					
					
*Στη τιμή δεν περιλαμβάνονται τα διακοσμητικά μαξιλάρια, το χαλί, το τραπεζάκι και το <L1>πουφ</L1> *Οι αναγραφόμενες τιμές αφορούν υφάσματα κατηγορίας 1	*The price does not include the decorative pillows, the carpet, the table and the pouf *The listed prices refer to category 1 fabrics				
*Στη τιμή δεν περιλαμβάνονται τα διακοσμητικά μαξιλάρια, το χαλί, το τραπεζάκι και το <N1></N1> *Οι αναγραφόμενες τιμές αφορούν υφάσματα κατηγορίας 1	*The price does not include the decorative pillows, the carpet, the table and the pouf *The listed prices refer to category 1 fabrics				
FALSE					
					
Βλέποντας ότι θα έπεφταν στα χέρια των επιτιθέμενων, πολεμιστές και γυναικόπαιδα με αρχηγό τον Κωνσταντίνο Γιαμπουδάκη πυροδότησαν τα βαρέλια με το <L1>μπαρούτι</L1> τινάζοντας την πυριτιδαποθήκη στον αέρα, παίρνοντας μαζί τους στον θάνατο και αρκετούς Τούρκους.	When it became obvious that they could not win this battle, the people trapped in the powder magazine decided they preferred to die than fall into the hands of the Turkish army. So they blew themselves up, setting fire in the powder magazine, killing many Turks as well.				
Βλέποντας ότι θα έπεφταν στα χέρια των επιτιθέμενων, πολεμιστές και γυναικόπαιδα με αρχηγό τον Κωνσταντίνο Γιαμπουδάκη πυροδότησαν τα βαρέλια με το <N1></N1> τινάζοντας την πυριτιδαποθήκη στον αέρα, παίρνοντας μαζί τους στον θάνατο και αρκετούς Τούρκους.	When it became obvious that they could not win this battle, the people trapped in the powder magazine decided they preferred to die than fall into the hands of the Turkish army. So they blew themselves up, setting fire in the powder magazine, killing many Turks as well.				
FALSE					
					
Πρόκειται για φυτά ενδημικά σε διάφορες περιοχές με κλίμα τροπικό ή εύκρατο, όπως στη νοτιοανατολική Ασία και στη Μαδαγασκάρη, όπου τα λουλούδια τους χρησιμοποιούνται συχνά ως χρωστική ουσία τροφίμων ή βαπτίζονται σε <L1>κουρκούτι</L1> και γίνονται τηγανίτες.	These plants are native to tropical and temperate areas of the world, including southeast Asia and Madagascar, where the flowers are often used as a food dye or dipped in batter and deep-fried.				
Πρόκειται για φυτά ενδημικά σε διάφορες περιοχές με κλίμα τροπικό ή εύκρατο, όπως στη νοτιοανατολική Ασία και στη Μαδαγασκάρη, όπου τα λουλούδια τους χρησιμοποιούνται συχνά ως χρωστική ουσία τροφίμων ή βαπτίζονται σε <N1></N1> και γίνονται τηγανίτες.	These plants are native to tropical and temperate areas of the world, including southeast Asia and Madagascar, where the flowers are often used as a food dye or dipped in batter and deep-fried.				
FALSE					
					
Κέρασμα Τελειώνεις το γεύμα ή το δείπνο σου και στο τραπέζι σου προσγειώνεται ένα καραφάκι <L1>ρακή</L1> συνοδεία γλυκού ή φρούτου.	You go to a tavern, order your meal, and when you are finished a small karaf of raki lands on your table along with some fruit and/or some sort of dessert.				
Κέρασμα Τελειώνεις το γεύμα ή το δείπνο σου και στο τραπέζι σου προσγειώνεται ένα καραφάκι <N1></N1> συνοδεία γλυκού ή φρούτου.	You go to a tavern, order your meal, and when you are finished a small karaf of raki lands on your table along with some fruit and/or some sort of dessert.				
FALSE					
					
Είμαι ψυχολόγος και έχω πάθος με το <L1>κροσέ</L1> αλλά επίσης μου αρέσει το πλέξιμο.	I'm a psychologist and I have a passion for crochet but I can also knit.	βελονάκι κροσέ			
Είμαι ψυχολόγος και έχω πάθος με το <N1></N1> αλλά επίσης μου αρέσει το πλέξιμο.	I'm a psychologist and I have a passion for crochet but I can also knit.				
FALSE					
					
Επίσης πολιτικοί παρατηρητές αναφέρουν ότι περιμένουν με ιδιαίτερο ενδιαφέρον την αντίδραση του Πούτιν για την κατάρριψη του μαχητικού αεροπλάνου, όπου ο ένας <L1>πιλότος</L1> πιστεύεται ότι έχει ήδη σκοτωθεί και ο άλλος είναι αιχμάλωτος των ανταρτών της Συριακής αντιπολίτευσης	Political observers are saying that they are expecting with a great interest the reaction of Putin for the warplane's shot down, where the one pilot is believed to have been killed and the other one is a prisoner of the rebels of the Syrian opposition.				
Επίσης πολιτικοί παρατηρητές αναφέρουν ότι περιμένουν με ιδιαίτερο ενδιαφέρον την αντίδραση του Πούτιν για την κατάρριψη του μαχητικού αεροπλάνου, όπου ο ένας <N1></N1> πιστεύεται ότι έχει ήδη σκοτωθεί και ο άλλος είναι αιχμάλωτος των ανταρτών της Συριακής αντιπολίτευσης	Political observers are saying that they are expecting with a great interest the reaction of Putin for the warplane's shot down, where the one pilot is believed to have been killed and the other one is a prisoner of the rebels of the Syrian opposition.				
FALSE					
					
Αναβιώνει τα ήθη και έθιμα της ευρύτερης περιοχής του Πηλίου διατηρώντας τα αναλλοίωτα με σκοπό την ανάδειξη αλλά και την μετάδοση αυτών των εθίμων από γενιά σε γενιά (Αϊ Γιάννης ο Κλείδωνας, Χριστουγεννιάτικα <L1>κάλαντα</L1> με <L2>νταούλι</L2> και ζουρνά, Κουδουνάδες στις Αποκριές, Λαζαρίνες το Πάσχα, παραδοσιακά πανηγύρια, Ψαράδικη Βραδιά Αγριάς).	It revives the traditions and the customs of the wider area of Pelion keeping them alive in order to pass these traditions from generation to generation (Agios Ioannis o kleidwnas, Christmas carols with daouli and zournas, Koudounades on Apokries, Lazarines on Easter, traditional festivals, Night Fishing on Agria).				
Αναβιώνει τα ήθη και έθιμα της ευρύτερης περιοχής του Πηλίου διατηρώντας τα αναλλοίωτα με σκοπό την ανάδειξη αλλά και την μετάδοση αυτών των εθίμων από γενιά σε γενιά (Αϊ Γιάννης ο Κλείδωνας, Χριστουγεννιάτικα <N1></N1> με <N2></N2> και ζουρνά, Κουδουνάδες στις Αποκριές, Λαζαρίνες το Πάσχα, παραδοσιακά πανηγύρια, Ψαράδικη Βραδιά Αγριάς).	It revives the traditions and the customs of the wider area of Pelion keeping them alive in order to pass these traditions from generation to generation (Agios Ioannis o kleidwnas, Christmas carols with daouli and zournas, Koudounades on Apokries, Lazarines on Easter, traditional festivals, Night Fishing on Agria).				
FALSE					
					
Υλικά που χρησιμοποιεί είναι το σπίρτο (υδροχλωρικό οξύ), το λησιαντήρι (χρωριούχο αμμώνιο), άμμος ή <L1>κουρασάνι</L1> (τριμμένο κεραμίδι) και βέβαια το καλά(γ)ι.	Materials used are: the match (hydrochloric acid), the lisiantiri (ammonium chlorides), sand or kourasani (grated tile) and, of course, the solder.				
Υλικά που χρησιμοποιεί είναι το σπίρτο (υδροχλωρικό οξύ), το λησιαντήρι (χρωριούχο αμμώνιο), άμμος ή <N1></N1> (τριμμένο κεραμίδι) και βέβαια το καλά(γ)ι.	Materials used are: the match (hydrochloric acid), the lisiantiri (ammonium chlorides), sand or kourasani (grated tile) and, of course, the solder.				
FALSE					
					
Με μεταλλική σκάλα και προστατευτικό <L1>κάγκελο</L1> για ασφάλεια.	With metal ladder and protective railing for safety.				
Με μεταλλική σκάλα και προστατευτικό <N1></N1> για ασφάλεια.	With metal ladder and protective railing for safety.				
FALSE					
					
Σημειωτέον ότι μια πρώτη ανακοίνωση περί της ύπαρξης των εξωγήινων στον πλανήτη μας και του ρόλου τους θα έχει γίνει ήδη από την πρώτη των ως άνω φάσεων, οπότε και θα ξεκινήσει το <L1>ντόμινο</L1> των αλλαγών, για να ολοκληρωθεί με κάθε λεπτομέρεια η ενημέρωση στην τέταρτη αυτή φάση.	Noteworthy that the first announcements about the existence of extraterrestrials in our planet will start already from the first of the above-mentioned phases, so that will begin the domino of the changes, and it will be completed in every detail in this fourth phase.				
Σημειωτέον ότι μια πρώτη ανακοίνωση περί της ύπαρξης των εξωγήινων στον πλανήτη μας και του ρόλου τους θα έχει γίνει ήδη από την πρώτη των ως άνω φάσεων, οπότε και θα ξεκινήσει το <N1></N1> των αλλαγών, για να ολοκληρωθεί με κάθε λεπτομέρεια η ενημέρωση στην τέταρτη αυτή φάση.	Noteworthy that the first announcements about the existence of extraterrestrials in our planet will start already from the first of the above-mentioned phases, so that will begin the domino of the changes, and it will be completed in every detail in this fourth phase.				
FALSE					
					
Η ανθοφορία συνήθως είναι σε έξαρση την άνοιξη και το καλοκαίρι αν και η <L1>γαρδένια</L1> δεν είναι φυτό που έχει μόνο συγκεκριμένη περίοδο ανθοφορίας και μπορεί να ανθίζει όλο το χρόνο αν έχει τις κατάλληλες συνθήκες.	Mature shrubs usually look round, and have a medium texture. Blooms in mid-spring to early summer, over a fairly long season: this is not a bloom-all-at-once-and-it's-over shrub!				
Η ανθοφορία συνήθως είναι σε έξαρση την άνοιξη και το καλοκαίρι αν και η <N1></N1> δεν είναι φυτό που έχει μόνο συγκεκριμένη περίοδο ανθοφορίας και μπορεί να ανθίζει όλο το χρόνο αν έχει τις κατάλληλες συνθήκες.	Mature shrubs usually look round, and have a medium texture. Blooms in mid-spring to early summer, over a fairly long season: this is not a bloom-all-at-once-and-it's-over shrub!				
FALSE					
					
Καθώς το αβοκάντο ωριμάζει, αποπνέει ένα αέριο το <L1>αιθυλένιο</L1> που παγιδεύεται από την κάλτσα αβοκάντο για να αυξήσει περαιτέρω τον χρόνο ωρίμανσης.	As the avocado ripens, it exhales a gas called ethylene that is trapped by the avocado sock to further increase the ripening time.				
Καθώς το αβοκάντο ωριμάζει, αποπνέει ένα αέριο το <N1></N1> που παγιδεύεται από την κάλτσα αβοκάντο για να αυξήσει περαιτέρω τον χρόνο ωρίμανσης.	As the avocado ripens, it exhales a gas called ethylene that is trapped by the avocado sock to further increase the ripening time.				
FALSE					
					
Κολλήστε το ένα κομμάτι στο <L1>πετάλι</L1> και το άλλο στην πεταλιέρα.	Fasten one strip to the object to be mounted and the other strip to the mounting surface.				
Κολλήστε το ένα κομμάτι στο <N1></N1> και το άλλο στην πεταλιέρα.	Fasten one strip to the object to be mounted and the other strip to the mounting surface.				
FALSE					
					
Η τελική πρόκληση ήταν ο <L1>πλουραλισμός</L1> των υλικών και των κατασκευών που περιλαμβανόταν στον αρχιτεκτονικό σχεδιασμό.	The ultimate challenge was the pluralism of the materials and structures that were included in the architectural design.				
Η τελική πρόκληση ήταν ο <N1></N1> των υλικών και των κατασκευών που περιλαμβανόταν στον αρχιτεκτονικό σχεδιασμό.	The ultimate challenge was the pluralism of the materials and structures that were included in the architectural design.				
FALSE					
					
Σε επιλεγμένους φακούς, το <L1>στοπ</L1> δακτυλίου αποδεσμεύεται με τον διακόπτη κλικ αναλόγως των απαιτήσεων.	On selected lenses, the aperture click switch allows aperture ring stop to be disengaged as desired.				
Σε επιλεγμένους φακούς, το <N1></N1> δακτυλίου αποδεσμεύεται με τον διακόπτη κλικ αναλόγως των απαιτήσεων.	On selected lenses, the aperture click switch allows aperture ring stop to be disengaged as desired.				
FALSE					
					
Η Καστοριά εντάσσεται στο <L1>σαντζάκι</L1> του Μοναστηριού. Δημιουργία καλλιτεχνικής σχολής με κέντρο την Καστοριά (τοιχογραφίες, εικόνες).	Kastoria made part of the sanjak of Monastir Creation of school of artistic expression centred on Kastoria (frescoes, icons) Kastoria one of the largest cities in the Balkans				
Η Καστοριά εντάσσεται στο <N1></N1> του Μοναστηριού. Δημιουργία καλλιτεχνικής σχολής με κέντρο την Καστοριά (τοιχογραφίες, εικόνες).	Kastoria made part of the sanjak of Monastir Creation of school of artistic expression centred on Kastoria (frescoes, icons) Kastoria one of the largest cities in the Balkans				
FALSE					
					
Αφού ολοκληρωθεί ο <L1>βουλκανισμός</L1> με πολυουρεθάνη, επιθεωρήστε την εμφάνιση του προϊόντος και κάντε τις ακόλουθες θεραπείες.	After the polyurethane vulcanization is completed, inspect the appearance of the product and do the following treatments.				
Αφού ολοκληρωθεί ο <N1></N1> με πολυουρεθάνη, επιθεωρήστε την εμφάνιση του προϊόντος και κάντε τις ακόλουθες θεραπείες.	After the polyurethane vulcanization is completed, inspect the appearance of the product and do the following treatments.				
FALSE					
					
Χωρίς κρουζ <L1>κοντρόλ</L1>	No cruise control				
Χωρίς κρουζ <N1></N1>	No cruise control				
FALSE					
					
Η δρ. Ανν Γουίγκμορ, η πρώτη μετά τον Ιπποκράτη πού έλεγε ότι η τροφή μπορεί να γίνει φάρμακο, περιέγραφε την <L1>χλωροφύλλη</L1> ως το πράσινο ελιξήριο της χλόης και των βοτάνων.	Dr. Ann Wigmore, the first after Hippocrates to say that food can become a medicine, described chlorophyll as the green elixir of grass and herbs.				
Η δρ. Ανν Γουίγκμορ, η πρώτη μετά τον Ιπποκράτη πού έλεγε ότι η τροφή μπορεί να γίνει φάρμακο, περιέγραφε την <N1></N1> ως το πράσινο ελιξήριο της χλόης και των βοτάνων.	Dr. Ann Wigmore, the first after Hippocrates to say that food can become a medicine, described chlorophyll as the green elixir of grass and herbs.				
FALSE					
					
Φτιάξτε το δικό σας πασχαλινό <L1>γούρι</L1> με ανοιξιάτικα σχέδια από αυγουλάκια, πασχαλίτσες, κοτοπουλάκια, λουλούδια και λαγούς!	Create your own Easter charm with designs, inspired by spring, such as eggs, ladybirds, baby chicks, flowers and rabbits!				
Φτιάξτε το δικό σας πασχαλινό <N1></N1> με ανοιξιάτικα σχέδια από αυγουλάκια, πασχαλίτσες, κοτοπουλάκια, λουλούδια και λαγούς!	Create your own Easter charm with designs, inspired by spring, such as eggs, ladybirds, baby chicks, flowers and rabbits!				
FALSE					
					
Ένας νέος <L1>σερίφης</L1> έρχεται στην πόλη	A new sheriff is coming to town				
Ένας νέος <N1></N1> έρχεται στην πόλη	A new sheriff is coming to town				
FALSE					
					
Ο <L1>πολυπολιτισμικός</L1> χαρακτήρας της Κω είναι κυρίως εμφανής μέσω των σημαντικών αρχαιολογικών χώρων από διαφορετικές ιστορικές περιόδους. Αρχαίοι ναοί αφιερωμένοι στους Έλληνες Θεούς, μεσαιωνικά κάστρα, οθωμανικά τζαμιά και ιταλικά πρώην δημόσια κτίρια, έχουν δημιουργήσει ένα μωσαϊκό από διαφορετικούς πολιτισμούς και κουλτούρες, που ξετυλίγεται μπροστά στα μάτια σας καθώς περπατάτε στο κέντρο της πόλης.	The multicultural character of the island is primarily evident through the significant archeological sites from different historical periods; ancient temples dedicated to Greek Gods, Mediaeval castles, Ottoman mosques and former public Italian buildings, have shaped an extraordinary blend of cultures and civilisations revealing right before your eyes as you walk through the city.				
Ο <N1></N1> χαρακτήρας της Κω είναι κυρίως εμφανής μέσω των σημαντικών αρχαιολογικών χώρων από διαφορετικές ιστορικές περιόδους. Αρχαίοι ναοί αφιερωμένοι στους Έλληνες Θεούς, μεσαιωνικά κάστρα, οθωμανικά τζαμιά και ιταλικά πρώην δημόσια κτίρια, έχουν δημιουργήσει ένα μωσαϊκό από διαφορετικούς πολιτισμούς και κουλτούρες, που ξετυλίγεται μπροστά στα μάτια σας καθώς περπατάτε στο κέντρο της πόλης.	The multicultural character of the island is primarily evident through the significant archeological sites from different historical periods; ancient temples dedicated to Greek Gods, Mediaeval castles, Ottoman mosques and former public Italian buildings, have shaped an extraordinary blend of cultures and civilisations revealing right before your eyes as you walk through the city.				
FALSE					
					
Θα το ανακαλύψετε από νωρίς το πρωί που θα ξεκινήσετε το <L1>σεργιάνι</L1> στους δρόμους της πόλης.	You will find it out early in the morning when you walk around the streets of the city.				
Θα το ανακαλύψετε από νωρίς το πρωί που θα ξεκινήσετε το <N1></N1> στους δρόμους της πόλης.	You will find it out early in the morning when you walk around the streets of the city.				
FALSE					
					
Φιλέτο Λαβράκι <L1>ριζότο</L1> με μοσχολέμονο και κρόκο Κοζάνης, τραγανό κρουτόν και αρωματικό λαδολέμονο	chicken fillet marinated with Indian spices, fresh yoghurt sauce with mushroom and risotto with vegetables, turmeric and saffron				
Φιλέτο Λαβράκι <N1></N1> με μοσχολέμονο και κρόκο Κοζάνης, τραγανό κρουτόν και αρωματικό λαδολέμονο	chicken fillet marinated with Indian spices, fresh yoghurt sauce with mushroom and risotto with vegetables, turmeric and saffron				
FALSE					
					
Στο τέλος της μάχης, το οροπέδιο της Βαργύλου εκτός από πτώματα ήταν γεμάτο από τα πολυτελή υφάσματα <L1>μπροκάρ</L1> που είχαν σκορπιστεί παντού.	At the end of the day, so many items of brocade were scattered on the ground –between dead bodies– that the place became known as Marj-ud-Debaj (Meadow of Brocade).				
Στο τέλος της μάχης, το οροπέδιο της Βαργύλου εκτός από πτώματα ήταν γεμάτο από τα πολυτελή υφάσματα <N1></N1> που είχαν σκορπιστεί παντού.	At the end of the day, so many items of brocade were scattered on the ground –between dead bodies– that the place became known as Marj-ud-Debaj (Meadow of Brocade).				
FALSE					
					
Είμαι ένας ακτιβιστής, ένας περιπλανώμενος <L1>πλασιέ</L1> ιδεών.	I'm an activist, a wanderer of ideas.				
Είμαι ένας ακτιβιστής, ένας περιπλανώμενος <N1></N1> ιδεών.	I'm an activist, a wanderer of ideas.				
FALSE					
					
Οι 8 αφηγητές της συλλογής που κρατάτε στα χέρια σας, θα μιλήσουν για ιστορίες εγκλημάτων: Για ένα ερωτικό τρίγωνο που κάνει κακό στην υγεία, για μια <L1>βεντέτα</L1> με αθώα θύματα, για έναν παράξενο τύπο που καταδιώκει δεκαοκτάχρονους περιπτεράδες.	The 8 narrators of the collection you hold in your hands will talk about crime stories: About a love triangle that harms health, about a vendetta with innocent victims, about a strange guy who stalks eighteen-year-old pigeons.				
Οι 8 αφηγητές της συλλογής που κρατάτε στα χέρια σας, θα μιλήσουν για ιστορίες εγκλημάτων: Για ένα ερωτικό τρίγωνο που κάνει κακό στην υγεία, για μια <N1></N1> με αθώα θύματα, για έναν παράξενο τύπο που καταδιώκει δεκαοκτάχρονους περιπτεράδες.	The 8 narrators of the collection you hold in your hands will talk about crime stories: About a love triangle that harms health, about a vendetta with innocent victims, about a strange guy who stalks eighteen-year-old pigeons.				
FALSE					
					
Τοποθετείτε το <L1>μους</L1> ή την πατισερί φράουλας πάνω από τα παντεσπάνια και γαρνίρετε ανάλογα με φρέσκες φράουλες, φρέσκα κρέμα χτυπημένη ή και μαρέγκα, την οποία μπορείτε να κάψετε προσεκτικά με φλόγιστρο.	Spoon in the mousse or the strawberry patisserie onto the sponge and garnish accordingly with fresh strawberries whipped cream or meringue which you can then using a blow torch singe lightly to give it a golden brown edging.				
Τοποθετείτε το <N1></N1> ή την πατισερί φράουλας πάνω από τα παντεσπάνια και γαρνίρετε ανάλογα με φρέσκες φράουλες, φρέσκα κρέμα χτυπημένη ή και μαρέγκα, την οποία μπορείτε να κάψετε προσεκτικά με φλόγιστρο.	Spoon in the mousse or the strawberry patisserie onto the sponge and garnish accordingly with fresh strawberries whipped cream or meringue which you can then using a blow torch singe lightly to give it a golden brown edging.				
FALSE					
					
Ο κόσμος είναι η <L1>πασαρέλα</L1> σου κι εσύ το μόνο που πρέπει να κάνεις είναι να νιώσεις τη γοητεία σου, να μείνεις αποφασισμένη και να δείξεις στον κόσμο ποια πραγματικά είσαι: μια γυναίκα γεμάτη στυλ, επιλεκτική, που γνωρίζει πώς να είναι στο επίκεντρο με την προσωπικότητα και το ύφος της.	The world is your runway and all you need is to feel seductive, to be determined and to show the world what you really are: a stylish, selective woman that knows how to be in the centre of attention with your personality and style.				
Ο κόσμος είναι η <N1></N1> σου κι εσύ το μόνο που πρέπει να κάνεις είναι να νιώσεις τη γοητεία σου, να μείνεις αποφασισμένη και να δείξεις στον κόσμο ποια πραγματικά είσαι: μια γυναίκα γεμάτη στυλ, επιλεκτική, που γνωρίζει πώς να είναι στο επίκεντρο με την προσωπικότητα και το ύφος της.	The world is your runway and all you need is to feel seductive, to be determined and to show the world what you really are: a stylish, selective woman that knows how to be in the centre of attention with your personality and style.				
FALSE					
					
Χρησιμοποιούνται για διακόσμηση και για να αναδείξουν <L1>κέικς</L1> και γλυκά.	Used for decoration and to enhance cakes and desserts.				
Χρησιμοποιούνται για διακόσμηση και για να αναδείξουν <N1></N1> και γλυκά.	Used for decoration and to enhance cakes and desserts.				
FALSE					
					
Κι αν τελικά το <L1>τζίνι</L1> εμφανιστεί κάποια στιγμή μπροστά μας, μια ανάγνωση αυτού του βιβλίου αρκεί, ώστε να τροποποιήσουμε την απάντησή μας!	And if the genie finally appears in front of us at some point, one reading of this book is enough to modify our answer!				
Κι αν τελικά το <N1></N1> εμφανιστεί κάποια στιγμή μπροστά μας, μια ανάγνωση αυτού του βιβλίου αρκεί, ώστε να τροποποιήσουμε την απάντησή μας!	And if the genie finally appears in front of us at some point, one reading of this book is enough to modify our answer!				
FALSE					
					
Τρίτον, καταλήγουμε έτσι συχνά να προσφέρουμε <L1>τζάμπα</L1> εργασία για τομείς της κοινωνικής παραγωγής από τους οποίους αποσύρεται το κράτος αντί να διεκδικούμε τη διεύρυνση του κοινωνικού μισθού με αγωνιστικό τρόπο και ταξικό περιεχόμενο.	Third, we end up offering unpaid work for areas of social production from which the state withdraws itself instead of demanding the extension of the social wage in a militant way and with a class content.				
Τρίτον, καταλήγουμε έτσι συχνά να προσφέρουμε <N1></N1> εργασία για τομείς της κοινωνικής παραγωγής από τους οποίους αποσύρεται το κράτος αντί να διεκδικούμε τη διεύρυνση του κοινωνικού μισθού με αγωνιστικό τρόπο και ταξικό περιεχόμενο.	Third, we end up offering unpaid work for areas of social production from which the state withdraws itself instead of demanding the extension of the social wage in a militant way and with a class content.				
FALSE					
					
Μπορεί να γίνει και αλλαγή ρόλων στο μασάζ αυτό και η <L1>παρτενέρ</L1> να δεχτεί αντίστοιχα την τριβή του ανδρικού σώματος στο δικό της.	Roles can be changed in this massage and the partner can accept the friction of the male body in hers.				
Μπορεί να γίνει και αλλαγή ρόλων στο μασάζ αυτό και η <N1></N1> να δεχτεί αντίστοιχα την τριβή του ανδρικού σώματος στο δικό της.	Roles can be changed in this massage and the partner can accept the friction of the male body in hers.				
FALSE					
					
Μπορείτε να γυρίσετε τον φακό με το <L1>καλειδοσκόπιο</L1> και ο κόσμος θα φαίνεται πολύχρωμος και διασκεδαστικός.	You can rotate the lens with the kaleidoscope and the world will look colorful and fun.				
Μπορείτε να γυρίσετε τον φακό με το <N1></N1> και ο κόσμος θα φαίνεται πολύχρωμος και διασκεδαστικός.	You can rotate the lens with the kaleidoscope and the world will look colorful and fun.				
FALSE					
					
Αν θέλουμε, σερβίρουμε το <L1>σορμπέ</L1> μέσα σε μπολ από πεπόνι.	In a food processor, pulse strawberries until smooth, about 5 minutes.				
Αν θέλουμε, σερβίρουμε το <N1></N1> μέσα σε μπολ από πεπόνι.	In a food processor, pulse strawberries until smooth, about 5 minutes.				
FALSE					
					
Ελπίζω να μη <L1>σοκάρω</L1> λέγοντας ότι το ευρωπαϊκό εγχείρημα ως πολύπλοκο και διακυβερνητικό συνδέεται με το θεσμικό κεκτημένο της αντιπροσωπευτικής δημοκρατίας που προστατεύει και την ισορροπία δημοκρατίας, κυριαρχίας και ολοκλήρωσης.	I hope I am not causing any shocks by saying that the European project, being complex and intergovernmental, is associated with the institutional acquis of representative democracy that protects the balance between democracy, sovereignty and integration.				
Ελπίζω να μη <N1></N1> λέγοντας ότι το ευρωπαϊκό εγχείρημα ως πολύπλοκο και διακυβερνητικό συνδέεται με το θεσμικό κεκτημένο της αντιπροσωπευτικής δημοκρατίας που προστατεύει και την ισορροπία δημοκρατίας, κυριαρχίας και ολοκλήρωσης.	I hope I am not causing any shocks by saying that the European project, being complex and intergovernmental, is associated with the institutional acquis of representative democracy that protects the balance between democracy, sovereignty and integration.				
FALSE					
					
Πώς αντιμετωπίζει η Ευρώπη το ρατσισμό και την <L1>ξενοφοβία</L1> σε καιρούς έντονης οικονομικής κρίσης;	Tags The rise of far-right extremism, hate crime and xenophobia in Europe				
Πώς αντιμετωπίζει η Ευρώπη το ρατσισμό και την <N1></N1> σε καιρούς έντονης οικονομικής κρίσης;	Tags The rise of far-right extremism, hate crime and xenophobia in Europe				
FALSE					
					
Ιταλικός <L1>γραφίτης</L1> σε 3 μέρη, πάχους 4 ή 5 εκατοστών αναλόγως το μέγεθος του τραπεζιού.	Three pieces Italian slate, 4 or 5cm thickness, depending on the size of the table.				
Ιταλικός <N1></N1> σε 3 μέρη, πάχους 4 ή 5 εκατοστών αναλόγως το μέγεθος του τραπεζιού.	Three pieces Italian slate, 4 or 5cm thickness, depending on the size of the table.				
FALSE					
					
Ως πρόσθετο μπόνους, κοστίζει λιγότερο ανά <L1>λίβρα</L1> από την παλιά του φόρμουλα.	As an added bonus, it costs less per pound than its old formula.				
Ως πρόσθετο μπόνους, κοστίζει λιγότερο ανά <N1></N1> από την παλιά του φόρμουλα.	As an added bonus, it costs less per pound than its old formula.				
FALSE					
					
Δεν έκρουσα την <L1>άρπα</L1> μου σε ουράνιους σκοπούς Δεν ρύθμισα τον στίχο μου σε νότα μαγεμένη	I did not strike my harp playing celestial melodies I did not adjust my verse to enchanted tunes				
Δεν έκρουσα την <N1></N1> μου σε ουράνιους σκοπούς Δεν ρύθμισα τον στίχο μου σε νότα μαγεμένη	I did not strike my harp playing celestial melodies I did not adjust my verse to enchanted tunes				
FALSE					
					
Διακοσμούμε με ένα ζαχαρωμένο <L1>κεμπάπ</L1> φρούτων και σερβίρουμε με ένα κουτάλι σούπας.	Decorate with a mixed candied fruit kebob and serve with a soup spoon.				
Διακοσμούμε με ένα ζαχαρωμένο <N1></N1> φρούτων και σερβίρουμε με ένα κουτάλι σούπας.	Decorate with a mixed candied fruit kebob and serve with a soup spoon.				
FALSE					
					
Όλα αυτά τα εξαρτήματα είναι εξοπλισμένα με ένα ελατήριο πώμα κλεισίματος το οποίο επιτρέπει μια ισχυρή πρόσφυση στο σωλήνα εξατμίσεως των οχημάτων. Η μεταλλική <L1>μπούκα</L1> είναι κατασκευασμένη από γαλβανισμένο χάλυβα.	All these nozzles are equipped with a spring closing cap which allows a strong grip on the exhaust pipe of vehicles. The metal nozzle are made of galvanized steel.				
Όλα αυτά τα εξαρτήματα είναι εξοπλισμένα με ένα ελατήριο πώμα κλεισίματος το οποίο επιτρέπει μια ισχυρή πρόσφυση στο σωλήνα εξατμίσεως των οχημάτων. Η μεταλλική <N1></N1> είναι κατασκευασμένη από γαλβανισμένο χάλυβα.	All these nozzles are equipped with a spring closing cap which allows a strong grip on the exhaust pipe of vehicles. The metal nozzle are made of galvanized steel.				
FALSE					
					
Αντίθετα, η λόγχη τού Κορράδου χτύπησε το κράνος τού Βρανά στην παραγναθίδα, του τρύπησε το <L1>μάγουλο</L1> και τον έριξε κάτω από το άλογο.	Instead, Corrado's lance struck the cheekpiece of Vranas' helmet, pierced his cheek and threw him under the horse.				
Αντίθετα, η λόγχη τού Κορράδου χτύπησε το κράνος τού Βρανά στην παραγναθίδα, του τρύπησε το <N1></N1> και τον έριξε κάτω από το άλογο.	Instead, Corrado's lance struck the cheekpiece of Vranas' helmet, pierced his cheek and threw him under the horse.				
FALSE					
					
Πολύ καλή ήταν και η παρουσία του Ντέγιαν Κράβιτς στην αναμέτρηση, αφού ο 24χρονος <L1>σέντερ</L1> είχε 14 πόντους, 8 ριμπάουντ, 2 μπλοκ κι ένα κλέψιμο σε 23 λεπτά.	In the same game Dejan Kravic was also very good and finished with 14 points, 8 boards, 2 blocks and a steal in 23 minutes.				
Πολύ καλή ήταν και η παρουσία του Ντέγιαν Κράβιτς στην αναμέτρηση, αφού ο 24χρονος <N1></N1> είχε 14 πόντους, 8 ριμπάουντ, 2 μπλοκ κι ένα κλέψιμο σε 23 λεπτά.	In the same game Dejan Kravic was also very good and finished with 14 points, 8 boards, 2 blocks and a steal in 23 minutes.				
FALSE					
					
Λόγος γίνεται για ένα συγκρότημα, το οποίο ιδρύθηκε το 2007 και του οποίου η μουσική είναι μια μίξη από σκα, <L1>ρέγκε</L1> και ραπ, καρυκευμένη με γνωστούς βαλκανικούς ήχους.	It is a band formed in 2007 and its music is a combination of ska, regae and rap mixed with the recognizable Balcan sounds.				
Λόγος γίνεται για ένα συγκρότημα, το οποίο ιδρύθηκε το 2007 και του οποίου η μουσική είναι μια μίξη από σκα, <N1></N1> και ραπ, καρυκευμένη με γνωστούς βαλκανικούς ήχους.	It is a band formed in 2007 and its music is a combination of ska, regae and rap mixed with the recognizable Balcan sounds.				
FALSE					
					
Λιώνουμε στο γουδί το σκόρδο και την <L1>αντζούγια</L1> μέχρι να πάρουν τη μορφή ενός ομοιόμορφου πολτού.	Execution Mash the garlic and anchovies until they take the form of a homogenized puree.				
Λιώνουμε στο γουδί το σκόρδο και την <N1></N1> μέχρι να πάρουν τη μορφή ενός ομοιόμορφου πολτού.	Execution Mash the garlic and anchovies until they take the form of a homogenized puree.				
FALSE					
					
Συνήθως η πρώτη <L1>κρέπα</L1> δεν μου βγαίνει καλή γιατί δεν έχει ζεσταθεί αρκετά το τηγάνι μου.	Usually the first crepe doesn't seem so good as the pan wasn't preheated well.				
Συνήθως η πρώτη <N1></N1> δεν μου βγαίνει καλή γιατί δεν έχει ζεσταθεί αρκετά το τηγάνι μου.	Usually the first crepe doesn't seem so good as the pan wasn't preheated well.				
FALSE					
					
Χρησιμοποιήστε <L1>νέφτι</L1> για τον καθαρισμό των εργαλείων και την αφαίρεση των νωπών υπολειμμάτων κόλλας.	Use white spirit for cleaning tools and removing wet adhesive residue.				
Χρησιμοποιήστε <N1></N1> για τον καθαρισμό των εργαλείων και την αφαίρεση των νωπών υπολειμμάτων κόλλας.	Use white spirit for cleaning tools and removing wet adhesive residue.				
FALSE					
					
Διάρκεια: 40 λεπτά με φέρι <L1>εξπρές</L1> και 1 ώρα με κανονικό φέρι.	Duration: 40 min by speed ferry and 1 hour by normal ferry.	αλληλογραφία εξπρές εξπρές κατεπείγουσα αλληλογραφία			
Διάρκεια: 40 λεπτά με φέρι <N1></N1> και 1 ώρα με κανονικό φέρι.	Duration: 40 min by speed ferry and 1 hour by normal ferry.				
FALSE					
					
Μαύρο φραγκοστάφυλο, <L1>φοντάν</L1> αχλαδιού και γκρέιπφρουτ.	Black currant, pear fudge and grapefruit.				
Μαύρο φραγκοστάφυλο, <N1></N1> αχλαδιού και γκρέιπφρουτ.	Black currant, pear fudge and grapefruit.				
FALSE					
					
Ανοικτό κίτρινο με χρυσοπράσινες ανταύγειες, με νότες φρυγανισμένου ψωμιού, <L1>μπριός</L1> και βανίλιας σε αρμονική συνύπαρξη με ώριμα εξωτικά φρούτα και καβουρδισμένους ξηρούς καρπούς.	Bright yellow with golden green highlights, with notes of toasted bread, brioche and vanilla on the nose in a harmonious coexistence with mature exotic fruits and roasted nuts.				
Ανοικτό κίτρινο με χρυσοπράσινες ανταύγειες, με νότες φρυγανισμένου ψωμιού, <N1></N1> και βανίλιας σε αρμονική συνύπαρξη με ώριμα εξωτικά φρούτα και καβουρδισμένους ξηρούς καρπούς.	Bright yellow with golden green highlights, with notes of toasted bread, brioche and vanilla on the nose in a harmonious coexistence with mature exotic fruits and roasted nuts.				
FALSE					
					
Ενώ η Φερνάντα δίνει εκφραστικότητα στο βλέμμα της, η Αμέλια επιδιώκει την ακρίβεια στα <L1>μανεκέν</L1> της.	While Fernanda gives expression to her look, Amelia goes for precision in her mannequins.				
Ενώ η Φερνάντα δίνει εκφραστικότητα στο βλέμμα της, η Αμέλια επιδιώκει την ακρίβεια στα <N1></N1> της.	While Fernanda gives expression to her look, Amelia goes for precision in her mannequins.				
FALSE					
					
Το Βασιλιάς Νικοκλής έχει μεγάλη ιστορία αφού τα παλιά χρόνια λειτουργούσε ως <L1>χάνι</L1> για τους ταξιδευτές και τους εμπόρους.	Vasilias Nikoklis has a long history since it used to operate as a caravanserai (a kind of inn) for the travellers and merchants.				
Το Βασιλιάς Νικοκλής έχει μεγάλη ιστορία αφού τα παλιά χρόνια λειτουργούσε ως <N1></N1> για τους ταξιδευτές και τους εμπόρους.	Vasilias Nikoklis has a long history since it used to operate as a caravanserai (a kind of inn) for the travellers and merchants.				
FALSE					
					
Στην τρίτη επίσκεψη, μέσα σε 7 ημέρες, η θεραπεία ολοκληρώνεται με την τοποθέτηση των μονίμων, ακίνητων και κοχλιούμενων δοντιών από <L1>ζιρκόνιο</L1> και πορσελάνη ή εξ ολοκλήρου από ζιρκόνιο (μονολιθικό ζιρκόνιο).	At the third appointment, within 7 days, the treatment is completed with the placement of screw-retained fixed permanent teeth made out of zirconia and porcelain or entirely out of zirconia ( Monolithic Zirconia ).				
Στην τρίτη επίσκεψη, μέσα σε 7 ημέρες, η θεραπεία ολοκληρώνεται με την τοποθέτηση των μονίμων, ακίνητων και κοχλιούμενων δοντιών από <N1></N1> και πορσελάνη ή εξ ολοκλήρου από ζιρκόνιο (μονολιθικό ζιρκόνιο).	At the third appointment, within 7 days, the treatment is completed with the placement of screw-retained fixed permanent teeth made out of zirconia and porcelain or entirely out of zirconia ( Monolithic Zirconia ).				
FALSE					
					
Συναυλία με έργα για <L1>βιόλα</L1> και τσέμπαλο Ιερός Ναός Αντιβουνιώτισσας (Βυζαντινό Μουσείο) Ώρα 21:00 Είσοδος ελεύθερη Κάθε καλοκαίρι το Ιόνιο Σύνολο Παλαιάς Μουσικής διεκδικεί τη θέση του στο Φεστιβαλικό χώρο της Κέρκυρας καθώς πια έχει το δικό του κοινό: το Τμήμα Μουσικών Σπουδών πρωτοπόρο στην Παλιά Μουσική, ερευνά και παρουσιάζει αυθεντικά δείγματα παλιάς μουσικής, με υψηλή αισθητική και ιδιαίτερη ατμόσφαιρα!	Concert with works for viola and harpsichord Holy Church of the Antivouniotissa (Byzantine Museum) 21:00 Free entrance Every summer the Ionian Ancient Music Ensemble claims its place in Corfu's Festival programme, having attained its own following. The Dept of Music Studies leads the way in the field of Ancient Music, researching and presenting authentic examples of the music of former times, in a highly aesthetic atmosphere.	βιολέτα βιόλα μενεξές | άλτο βιόλα			
Συναυλία με έργα για <N1></N1> και τσέμπαλο Ιερός Ναός Αντιβουνιώτισσας (Βυζαντινό Μουσείο) Ώρα 21:00 Είσοδος ελεύθερη Κάθε καλοκαίρι το Ιόνιο Σύνολο Παλαιάς Μουσικής διεκδικεί τη θέση του στο Φεστιβαλικό χώρο της Κέρκυρας καθώς πια έχει το δικό του κοινό: το Τμήμα Μουσικών Σπουδών πρωτοπόρο στην Παλιά Μουσική, ερευνά και παρουσιάζει αυθεντικά δείγματα παλιάς μουσικής, με υψηλή αισθητική και ιδιαίτερη ατμόσφαιρα!	Concert with works for viola and harpsichord Holy Church of the Antivouniotissa (Byzantine Museum) 21:00 Free entrance Every summer the Ionian Ancient Music Ensemble claims its place in Corfu's Festival programme, having attained its own following. The Dept of Music Studies leads the way in the field of Ancient Music, researching and presenting authentic examples of the music of former times, in a highly aesthetic atmosphere.				
FALSE					
					
Περιλαμβάνει πέντε οικοσυστήματα: υψίπεδο με αειθαλές δάσος, φυλλοβόλο δάσος, υψίπεδο με άνυδρη σαβάνα, <L1>σαβάνα</L1> με υγρότοπους, καθώς και δασικούς υγρότοπους.	It encompasses five ecosystems: upland evergreen forest, deciduous forest, upland dry savanna, savanna wetlands, and forest wetlands.				
Περιλαμβάνει πέντε οικοσυστήματα: υψίπεδο με αειθαλές δάσος, φυλλοβόλο δάσος, υψίπεδο με άνυδρη σαβάνα, <N1></N1> με υγρότοπους, καθώς και δασικούς υγρότοπους.	It encompasses five ecosystems: upland evergreen forest, deciduous forest, upland dry savanna, savanna wetlands, and forest wetlands.				
FALSE					
					
Πάνω απ' όλα βέβαια καθίσταται αναγκαία η Εσωτερική Παιδεία που μαλακώνει τον άνθρωπο και κατασιγάζει τα πάθη και τα ένστικτά του που είναι αυτά ακριβώς που του δημιουργούν μια νέα <L1>ψυχασθένεια</L1> ή του φέρνουν στην επιφάνεια μια παλιά - κληρονομημένη ψυχασθένεια που παίρνει σήμερα την μορφή της ψυχοπάθειας.	Definitely, above all, the Esoteric Education becomes necessary that softens man and quiets his passions and his instincts. For exactly these passions and insticts create a new psychasthenia to him or bring him on the surface an old-inherited psychasthenia that gets the psychopathy form, today.				
Πάνω απ' όλα βέβαια καθίσταται αναγκαία η Εσωτερική Παιδεία που μαλακώνει τον άνθρωπο και κατασιγάζει τα πάθη και τα ένστικτά του που είναι αυτά ακριβώς που του δημιουργούν μια νέα <N1></N1> ή του φέρνουν στην επιφάνεια μια παλιά - κληρονομημένη ψυχασθένεια που παίρνει σήμερα την μορφή της ψυχοπάθειας.	Definitely, above all, the Esoteric Education becomes necessary that softens man and quiets his passions and his instincts. For exactly these passions and insticts create a new psychasthenia to him or bring him on the surface an old-inherited psychasthenia that gets the psychopathy form, today.				
FALSE					
					
Φαρίντ αλ-Άτρας Ο Σύριος <L1>βιρτουόζος</L1> ουτίστας Φαρίντ αλ-Άτρας (επίσης γνωστός και ως Βασιλιάς του Ουτιού ) παίζει τακασίμ στο <L2>ούτι</L2> σε Μακάμ Μπαϊάτι ακολουθούμενο απο την σύνθεσή του Αλ Ραμπί (1949).	Farid al-Atrash Syrian oud virtuoso Farid al-Atrash (also known as the  King of Oud ) playing a very famous Oud Taqsim in Maqam Bayati preceding his composition  al-Rabi'  (1949)				
Φαρίντ αλ-Άτρας Ο Σύριος <N1></N1> ουτίστας Φαρίντ αλ-Άτρας (επίσης γνωστός και ως Βασιλιάς του Ουτιού ) παίζει τακασίμ στο <N2></N2> σε Μακάμ Μπαϊάτι ακολουθούμενο απο την σύνθεσή του Αλ Ραμπί (1949).	Farid al-Atrash Syrian oud virtuoso Farid al-Atrash (also known as the  King of Oud ) playing a very famous Oud Taqsim in Maqam Bayati preceding his composition  al-Rabi'  (1949)				
FALSE					
					
Στον αέρα σήκωσε <L1>πλακάτ</L1> με συνθήματα υπέρ των παικτών τους.	In air lifted placards with slogans in support of their players.				
Στον αέρα σήκωσε <N1></N1> με συνθήματα υπέρ των παικτών τους.	In air lifted placards with slogans in support of their players.				
FALSE					
					
Περιλαμβάνει ψαλίδι ασφαλείας και νυχοκόπτη με στοπ από ανοξείδωτο χάλυβα, γυάλινη βρεφική <L1>λίμα</L1> και δύο τσιμπιδάκια.	Includes safety scissors and nail clipper with stainless steel stop, glass baby file and two tweezers.	λάιμ λίμα λιμετιά			
Περιλαμβάνει ψαλίδι ασφαλείας και νυχοκόπτη με στοπ από ανοξείδωτο χάλυβα, γυάλινη βρεφική <N1></N1> και δύο τσιμπιδάκια.	Includes safety scissors and nail clipper with stainless steel stop, glass baby file and two tweezers.				
FALSE					
					
Είναι πιο <L1>μάγκας</L1> από σένα.	He is cleverer than you.				
Είναι πιο <N1></N1> από σένα.	He is cleverer than you.				
FALSE					
					
Έχει δημοσιεύσει πρωτοποριακές εργασίες σε κορυφαία ακαδημαϊκά περιοδικά σχετικά με τη μικροοικονομική και την <L1>οικονομετρία</L1> και οι συνεισφορές του είναι πραγματικά καινοτόμες.	He has published ground-breaking papers in leading academic journals on microeconomics and econometrics and his contributions are truly innovative.				
Έχει δημοσιεύσει πρωτοποριακές εργασίες σε κορυφαία ακαδημαϊκά περιοδικά σχετικά με τη μικροοικονομική και την <N1></N1> και οι συνεισφορές του είναι πραγματικά καινοτόμες.	He has published ground-breaking papers in leading academic journals on microeconomics and econometrics and his contributions are truly innovative.				
FALSE					
					
Ο <L1>βεζίρης</L1> Λαλιζάρης καλλιεργούσε στους κήπους του πάνω από 500.000 τουλίπες.	The vizier Lalizaris had in his gardens more than 500.000 tulips.				
Ο <N1></N1> Λαλιζάρης καλλιεργούσε στους κήπους του πάνω από 500.000 τουλίπες.	The vizier Lalizaris had in his gardens more than 500.000 tulips.				
FALSE					
					
Υπάρχει ένα αυξημένο ποσοστό των στελεχών του πνευμονιόκοκκου με πλήρη αντίσταση στην <L1>πενικιλίνη</L1> σε διάφορες χώρες κατά τη διάρκεια του τελευταίου χρόνου.	There is an increasing proportion of pneumococcal isolates with full resistance to penicillin in several countries during the last years.				
Υπάρχει ένα αυξημένο ποσοστό των στελεχών του πνευμονιόκοκκου με πλήρη αντίσταση στην <N1></N1> σε διάφορες χώρες κατά τη διάρκεια του τελευταίου χρόνου.	There is an increasing proportion of pneumococcal isolates with full resistance to penicillin in several countries during the last years.				
FALSE					
					
Ακριβώς δίπλα από το σημερινό <L1>καρνάγιο</L1> στην περιοχή του Εβραιόκαστρου, στο Λιμένα βρίσκεται το εμπορικό λιμάνι της αρχαίας Θάσου.	Just next to the present carnival in the area of Evreokastro, Limenas is the commercial port of ancient Thassos.				
Ακριβώς δίπλα από το σημερινό <N1></N1> στην περιοχή του Εβραιόκαστρου, στο Λιμένα βρίσκεται το εμπορικό λιμάνι της αρχαίας Θάσου.	Just next to the present carnival in the area of Evreokastro, Limenas is the commercial port of ancient Thassos.				
FALSE					
					
Τα διαθλαστικά σφάλματα, όπως η υπερμετρωπία, η μυωπία, ο <L1>αστιγματισμός</L1> αλλά και η οπτική κόπωση, επηρεάζουν καθημερινά την όρασή σας και την ποιότητα ζωής σας.	Refraction errors such as myopia, astigmatism and eye strain impact your everyday vision and the quality of life.				
Τα διαθλαστικά σφάλματα, όπως η υπερμετρωπία, η μυωπία, ο <N1></N1> αλλά και η οπτική κόπωση, επηρεάζουν καθημερινά την όρασή σας και την ποιότητα ζωής σας.	Refraction errors such as myopia, astigmatism and eye strain impact your everyday vision and the quality of life.				
FALSE					
					
Αγιος Φανούριος Πολύ παλια εκκλησία, στη μονή Αγίας Ελεούσας, έξω από την Κιθαρίδα Λέγεται πως στα χρόνια της τουρκοκρατίας, ήτανε ένας <L1>αγάς</L1> πού όποτε περνούσε απ' εδώ σταματούσε να δείρει το καλόγερο της μονής.	The church of Saint Fanourios An ancient church built in the monastery of Agia Eleousa near the village of Kitharida. It is said that during the Turkish occupation, the agha (Turkish commander) would always make a point of stopping at the monastery to beat the monk who lived there.				
Αγιος Φανούριος Πολύ παλια εκκλησία, στη μονή Αγίας Ελεούσας, έξω από την Κιθαρίδα Λέγεται πως στα χρόνια της τουρκοκρατίας, ήτανε ένας <N1></N1> πού όποτε περνούσε απ' εδώ σταματούσε να δείρει το καλόγερο της μονής.	The church of Saint Fanourios An ancient church built in the monastery of Agia Eleousa near the village of Kitharida. It is said that during the Turkish occupation, the agha (Turkish commander) would always make a point of stopping at the monastery to beat the monk who lived there.				
FALSE					
					
Απλώς επιλέξτε τον αριθμό των <L1>ντεσιμπέλ</L1> που χρειάζεστε.	Just choose the number of decibels that you require.				
Απλώς επιλέξτε τον αριθμό των <N1></N1> που χρειάζεστε.	Just choose the number of decibels that you require.				
FALSE					
					
Τώρα πια έχει αποδειχτεί ότι ο <L1>αυτισμός</L1> δεν είναι επίκτητος.	Now it is proved that autism is not acquired.				
Τώρα πια έχει αποδειχτεί ότι ο <N1></N1> δεν είναι επίκτητος.	Now it is proved that autism is not acquired.				
FALSE					
					
Πρόκειται για ένα ισορροπημένο λευκό ξηρό κρασί με έντονη, εκφραστική μύτη και αρώματα από άνθη λεμονιάς, κυδώνι, <L1>κίτρο</L1> και λάιμ.	It is characterised by an intense, expressive nose and palate with precise aromas and flavours of lemon blossom, quince, citrus and lime.				
Πρόκειται για ένα ισορροπημένο λευκό ξηρό κρασί με έντονη, εκφραστική μύτη και αρώματα από άνθη λεμονιάς, κυδώνι, <N1></N1> και λάιμ.	It is characterised by an intense, expressive nose and palate with precise aromas and flavours of lemon blossom, quince, citrus and lime.				
FALSE					
					
Μια θαυμάσια μέθοδος για να διαφοροποιήσετε το χαρτοφυλάκιο μοντέλων κατοικίδιων του σκύλου σας είναι να παρακολουθείτε <L1>οντισιόν</L1> σε οποιαδήποτε θέση μπορείτε να ανακαλύψετε, αρκεί η ειδικότητα να είναι αυτή που ο σκύλος σας θα απολάμβανε και θα νιώθει άνετα.	A wonderful method to diversify your dog's pet modelling portfolio is to attend auditions in any niche you can discover, as long as the speciality is one your dog would enjoy and feels comfortable with.				
Μια θαυμάσια μέθοδος για να διαφοροποιήσετε το χαρτοφυλάκιο μοντέλων κατοικίδιων του σκύλου σας είναι να παρακολουθείτε <N1></N1> σε οποιαδήποτε θέση μπορείτε να ανακαλύψετε, αρκεί η ειδικότητα να είναι αυτή που ο σκύλος σας θα απολάμβανε και θα νιώθει άνετα.	A wonderful method to diversify your dog's pet modelling portfolio is to attend auditions in any niche you can discover, as long as the speciality is one your dog would enjoy and feels comfortable with.				
FALSE					
					
Τεισιά της Μαδαρής' (Κυκλικό) Μονοπάτι της Φύσης Συνδέεται με τα μονοπάτια Μαδαρή - Δόξα <L1>σοι</L1> ο Θεός και Μαδαρή - Σελλάδι του Καραμανλή.	Teichia tis Madaris Trail (Circular) Nature Trail It connects with the Madari - Doxa si o Theos and Madari-Selladi tou Karamanli trails.	γένος γενιά καταγωγή σόι			
Τεισιά της Μαδαρής' (Κυκλικό) Μονοπάτι της Φύσης Συνδέεται με τα μονοπάτια Μαδαρή - Δόξα <N1></N1> ο Θεός και Μαδαρή - Σελλάδι του Καραμανλή.	Teichia tis Madaris Trail (Circular) Nature Trail It connects with the Madari - Doxa si o Theos and Madari-Selladi tou Karamanli trails.				
FALSE					
					
Όμως, δεν πρέπει να μας πιάνει <L1>υστερία</L1> και να βομβαρδίζουμε καθημερινά το σπίτι με βαριά καθαριστικά.	But, we should not turn hysterical and bombard our houses with 'hard' cleaning solutions.				
Όμως, δεν πρέπει να μας πιάνει <N1></N1> και να βομβαρδίζουμε καθημερινά το σπίτι με βαριά καθαριστικά.	But, we should not turn hysterical and bombard our houses with 'hard' cleaning solutions.				
FALSE					
					
Αν ο μετρητής σας γυρίζει συνεχώς, ενώ το <L1>ντεπόζιτο</L1> σας είναι γεμάτο και δε γίνεται χρήση νερού, έχετε διαρροή!	If your water meter counter is turning continuously, whilst your water tank is full and water is not being used, you have a leak!	δεξαμενή ντεπόζιτο			
Αν ο μετρητής σας γυρίζει συνεχώς, ενώ το <N1></N1> σας είναι γεμάτο και δε γίνεται χρήση νερού, έχετε διαρροή!	If your water meter counter is turning continuously, whilst your water tank is full and water is not being used, you have a leak!				
FALSE					
					
Ακόμη και για την παρασκευή των <L1>τοστ</L1> έχουμε δύο στρατόπεδα στο σπίτι, δύο διαφορετικά ντουλάπια και φυσικά, δύο διαφορετικές τοστιέρες.	Even for the toast we have two  camps  in the house, two different cupboards and of course two different toasters.				
Ακόμη και για την παρασκευή των <N1></N1> έχουμε δύο στρατόπεδα στο σπίτι, δύο διαφορετικά ντουλάπια και φυσικά, δύο διαφορετικές τοστιέρες.	Even for the toast we have two  camps  in the house, two different cupboards and of course two different toasters.				
FALSE					
					
Χαλιά <L1>αμπιγιέ</L1> ύφους, σε μοντέρνα και κλασικά σχέδια, ιδανικά για την διακόσμηση του πιο επίσημου χώρου του σπιτιού.	Stylish carpets, in modern and classic designs, ideal for decorating the most formal space of the home.				
Χαλιά <N1></N1> ύφους, σε μοντέρνα και κλασικά σχέδια, ιδανικά για την διακόσμηση του πιο επίσημου χώρου του σπιτιού.	Stylish carpets, in modern and classic designs, ideal for decorating the most formal space of the home.				
FALSE					
					
Ποτέ μην αφήνετε την <L1>ορχιδέα</L1> σας να πατάει σε νερό, αδειάζετε ανελιπώς το πιατάκι της γλάστρας σας γιατί το σάπισμα των ριζών συμβαίνει πολύ γρήγορα και είναι ο πιο σίγουρος τρόπος για να δολοφονήσετε το φυτό σας.	Never let orchids stand in water, always empty the trays because root rot can occur really fast, root rot being the most effective way to murder your orchid.				
Ποτέ μην αφήνετε την <N1></N1> σας να πατάει σε νερό, αδειάζετε ανελιπώς το πιατάκι της γλάστρας σας γιατί το σάπισμα των ριζών συμβαίνει πολύ γρήγορα και είναι ο πιο σίγουρος τρόπος για να δολοφονήσετε το φυτό σας.	Never let orchids stand in water, always empty the trays because root rot can occur really fast, root rot being the most effective way to murder your orchid.				
FALSE					
					
Το <L1>βαρόμετρο</L1> της εγκυκλοπαιδικότητας εξαρτάται από το αν ανεξάρτητοι παράγοντες θεώρησαν το βιβλίο ενδιαφέρον και δημοσίευσαν σοβαρές κριτικές επί του θέματος.	The barometer of notability is whether people independent of the subject itself (or of its author, publisher, vendor or agent) have actually considered the book notable enough that they have written and published non-trivial works that focus upon it.				
Το <N1></N1> της εγκυκλοπαιδικότητας εξαρτάται από το αν ανεξάρτητοι παράγοντες θεώρησαν το βιβλίο ενδιαφέρον και δημοσίευσαν σοβαρές κριτικές επί του θέματος.	The barometer of notability is whether people independent of the subject itself (or of its author, publisher, vendor or agent) have actually considered the book notable enough that they have written and published non-trivial works that focus upon it.				
FALSE					
					
Γράφοντας ιστορία Σε ένα τουρνουά που έχει δει την άνοδο των <L1>αουτσάιντερ</L1> ποδοσφαίρου από τις αφρικανικές, αραβικές και ασιατικές ηπείρους, θα μπορούσε η Εθνική Ποδοσφαίρου Ανδρών των ΗΠΑ...	Making history In a tournament that's seen the rise of soccer underdogs from the African, Arabian, and Asian continents, could the US Men's National Soccer...				
Γράφοντας ιστορία Σε ένα τουρνουά που έχει δει την άνοδο των <N1></N1> ποδοσφαίρου από τις αφρικανικές, αραβικές και ασιατικές ηπείρους, θα μπορούσε η Εθνική Ποδοσφαίρου Ανδρών των ΗΠΑ...	Making history In a tournament that's seen the rise of soccer underdogs from the African, Arabian, and Asian continents, could the US Men's National Soccer...				
FALSE					
					
Θα πρέπει να είστε ενθουσιασμένοι που βρεθήκατε ως <L1>φιναλίστ</L1> μεταξύ των καλύτερων εκδοτικών οίκων του κόσμου.	You must be thrilled to be one of the finalists and in the company of world's best publishers.				
Θα πρέπει να είστε ενθουσιασμένοι που βρεθήκατε ως <N1></N1> μεταξύ των καλύτερων εκδοτικών οίκων του κόσμου.	You must be thrilled to be one of the finalists and in the company of world's best publishers.				
FALSE					
					
Ήταν επίσης λίγο <L1>τεμπέλης</L1> στο τέλος, και έτσι η λίστα περιλαμβάνει επίσης μια σειρά από γράμματα / αριθμούς πόκερ μετοχών.	They also were a bit lazy at the end, and so the list also includes a number of stock poker letters/numbers.				
Ήταν επίσης λίγο <N1></N1> στο τέλος, και έτσι η λίστα περιλαμβάνει επίσης μια σειρά από γράμματα / αριθμούς πόκερ μετοχών.	They also were a bit lazy at the end, and so the list also includes a number of stock poker letters/numbers.				
FALSE					
					
Η χρήση της μουσικής, επιχειρεί να αναδείξει ακόμη περισσότερο τη σάτιρα καθιστώντας το <L1>γκροτέσκο</L1> ως πυρήνα του παραστασιακού γεγονότος.	The use of music accentuates the satire, positioning the grotesque at the heart of the performance.				
Η χρήση της μουσικής, επιχειρεί να αναδείξει ακόμη περισσότερο τη σάτιρα καθιστώντας το <N1></N1> ως πυρήνα του παραστασιακού γεγονότος.	The use of music accentuates the satire, positioning the grotesque at the heart of the performance.				
FALSE					
					
Πασπαλίζουμε με το <L1>φιλέ</L1> αμυγδάλου. Ψήνουμε σε προθερμασμένο φούρνο στους 160 βαθμούς για 30 λεπτά.	Remove the rolls from the oven when they are done baking and brush with the apricot glaze.				
Πασπαλίζουμε με το <N1></N1> αμυγδάλου. Ψήνουμε σε προθερμασμένο φούρνο στους 160 βαθμούς για 30 λεπτά.	Remove the rolls from the oven when they are done baking and brush with the apricot glaze.				
FALSE					
					
Την προηγούμενη εβδομάδα, ο <L1>πυρηνικός</L1> σταθμός είχε αποσυνδεθεί προσωρινά από το δίκτυο ηλεκτροδότησης, για πρώτη φορά στην ιστορία του.	The plant was disconnected from the energy grid for the first time in its history last week for about 24 hours due to fires at a nearby thermal power facility.				
Την προηγούμενη εβδομάδα, ο <N1></N1> σταθμός είχε αποσυνδεθεί προσωρινά από το δίκτυο ηλεκτροδότησης, για πρώτη φορά στην ιστορία του.	The plant was disconnected from the energy grid for the first time in its history last week for about 24 hours due to fires at a nearby thermal power facility.				
FALSE					
					
Απλώνουμε με προσοχή κάτω από την <L1>πέτσα</L1> το αρωματικό μας βούτυρο φροντίζοντας να πάει παντού.	This Roasted Heirloom Pepper and Tomato Tart with an Herb Salad is sure to impress any dinner guest at your table!				
Απλώνουμε με προσοχή κάτω από την <N1></N1> το αρωματικό μας βούτυρο φροντίζοντας να πάει παντού.	This Roasted Heirloom Pepper and Tomato Tart with an Herb Salad is sure to impress any dinner guest at your table!				
FALSE					
					
Όταν βρίσκεστε σε κέτωση, το σώμα σας χρησιμοποιεί το λίπος και τις <L1>κετόνες</L1> του αντί της γλυκόζης (ζάχαρη από τις τροφές που τρώτε) ως κύρια πηγή καυσίμου.	Your body needs a steady supply of energy, and that's where ketones come into play.				
Όταν βρίσκεστε σε κέτωση, το σώμα σας χρησιμοποιεί το λίπος και τις <N1></N1> του αντί της γλυκόζης (ζάχαρη από τις τροφές που τρώτε) ως κύρια πηγή καυσίμου.	Your body needs a steady supply of energy, and that's where ketones come into play.				
FALSE					
					
Το 1962 οργάνωσε μια μεγάλη έκθεση βελγικής <L1>ταπισερί</L1> από τον 12ο έως τον 20ό αιώνα στο Ζάππειο Μέγαρο στην Αθήνα (η εκδήλωση αυτή τελούσε υπό την αιγίδα του Υπουργείου Πολιτισμού του Βελγίου).	In 1962 she organized a large exhibition of Belgian tapestry from the 12th until the 20th centuries at the Zappeio Megaron in Athens (this event was under the auspice of the Belgian Ministry of Culture).				
Το 1962 οργάνωσε μια μεγάλη έκθεση βελγικής <N1></N1> από τον 12ο έως τον 20ό αιώνα στο Ζάππειο Μέγαρο στην Αθήνα (η εκδήλωση αυτή τελούσε υπό την αιγίδα του Υπουργείου Πολιτισμού του Βελγίου).	In 1962 she organized a large exhibition of Belgian tapestry from the 12th until the 20th centuries at the Zappeio Megaron in Athens (this event was under the auspice of the Belgian Ministry of Culture).				
FALSE					
					
Ως απάντηση σε ένα ερέθισμα όπως το στρες, ο <L1>υποθάλαμος</L1> εκκρίνει την ορμόνη απελευθέρωσης της κορτικοτροπίνης.	In response to a stimulus such as stress, the hypothalamus secretes the corticotropin-releasing hormone.				
Ως απάντηση σε ένα ερέθισμα όπως το στρες, ο <N1></N1> εκκρίνει την ορμόνη απελευθέρωσης της κορτικοτροπίνης.	In response to a stimulus such as stress, the hypothalamus secretes the corticotropin-releasing hormone.				
FALSE					
					
Το 1884, η Ισπανία δημιούργησε ένα <L1>προτεκτοράτο</L1> στις παράκτιες περιοχές του Μαρόκου.	In 1884, Spain created a protectorate in the coastal areas of Morocco.	μπανανία προτεκτοράτο			
Το 1884, η Ισπανία δημιούργησε ένα <N1></N1> στις παράκτιες περιοχές του Μαρόκου.	In 1884, Spain created a protectorate in the coastal areas of Morocco.				
FALSE					
					
Στην Ανακουφιστική Φροντίδα χρησιμοποιούνται οπιοειδή αναλγητικά, όπως η <L1>μορφίνη</L1> και άλλα φάρμακα σε συγκεκριμένες δόσεις και συνδυασμούς που συνήθως επιτυγχάνουν το επιθυμητό αποτέλεσμα.	Opioid analgesics can be used in palliative care, such as morphine and other drugs in particular doses and in combinations that usually achieve the desired result.				
Στην Ανακουφιστική Φροντίδα χρησιμοποιούνται οπιοειδή αναλγητικά, όπως η <N1></N1> και άλλα φάρμακα σε συγκεκριμένες δόσεις και συνδυασμούς που συνήθως επιτυγχάνουν το επιθυμητό αποτέλεσμα.	Opioid analgesics can be used in palliative care, such as morphine and other drugs in particular doses and in combinations that usually achieve the desired result.				
FALSE					
					
Από την πλατεία Ανεμόμυλων ανηφορίζει ο δρόμος για το Μοναστήρι του Αγίου Αντωνίου από το οποίο η θέα προς την Ν.Α. Πάρο και το <L1>μπουγάζι</L1> της Παροναξίας είναι μαγευτική.	The road towards the Monastery of Agios Antonios, which boasts a spectacular view towards southeast Paros and the channel between Paros and Naxos, heads uphill from Windmill square.				
Από την πλατεία Ανεμόμυλων ανηφορίζει ο δρόμος για το Μοναστήρι του Αγίου Αντωνίου από το οποίο η θέα προς την Ν.Α. Πάρο και το <N1></N1> της Παροναξίας είναι μαγευτική.	The road towards the Monastery of Agios Antonios, which boasts a spectacular view towards southeast Paros and the channel between Paros and Naxos, heads uphill from Windmill square.				
FALSE					
					
Η <L1>φωτομετρία</L1> με γωνία εκπομπής 3ο επιτρέπει να επιτευχθεί μια στενή καθορισμένη ακτίνα, ιδανική για τον τονισμό λεπτομερειών.	The optics with 3-degree emission angle allows to achieve a narrow defined beam, ideal to enhance details.				
Η <N1></N1> με γωνία εκπομπής 3ο επιτρέπει να επιτευχθεί μια στενή καθορισμένη ακτίνα, ιδανική για τον τονισμό λεπτομερειών.	The optics with 3-degree emission angle allows to achieve a narrow defined beam, ideal to enhance details.				
FALSE					
					
Το καπάκι δεν κλείνει αεροστεγώς όπως στα <L1>τάπερ</L1> φαγητού και είναι κυρίως για να προστατεύει το περιεχόμενο από την σκόνη αλλά και για να μπορείτε να τοποθετείτε το ένα δοχείο πάνω στο άλλο για εξοικονόμηση χώρου.	The lid does not seal tightly as in food containers, and is mainly to protect the contents from dust, but also to allow to put one container over another to save space.				
Το καπάκι δεν κλείνει αεροστεγώς όπως στα <N1></N1> φαγητού και είναι κυρίως για να προστατεύει το περιεχόμενο από την σκόνη αλλά και για να μπορείτε να τοποθετείτε το ένα δοχείο πάνω στο άλλο για εξοικονόμηση χώρου.	The lid does not seal tightly as in food containers, and is mainly to protect the contents from dust, but also to allow to put one container over another to save space.				
FALSE					
					
Νιώστε ελεύθεροι να εξερευνήσουν τη σεξουαλικότητά σας με την έρευνα για το τέλειο <L1>τραβεστί</L1> στην ηρεμία και την απόλυτη ανωνυμία.	Feel free to explore your sexuality by searching for the perfect tranny in peace and total anonymity.				
Νιώστε ελεύθεροι να εξερευνήσουν τη σεξουαλικότητά σας με την έρευνα για το τέλειο <N1></N1> στην ηρεμία και την απόλυτη ανωνυμία.	Feel free to explore your sexuality by searching for the perfect tranny in peace and total anonymity.				
FALSE					
					
Ένα τέτοιο περιστατικό ήταν και ο <L1>βανδαλισμός</L1> της παιδικής χαράς του Ειδικού Δημοτικού Σχολείου Κορίνθου.	One such incident was the vandalism of the playground of the Special Primary School of Corinth.				
Ένα τέτοιο περιστατικό ήταν και ο <N1></N1> της παιδικής χαράς του Ειδικού Δημοτικού Σχολείου Κορίνθου.	One such incident was the vandalism of the playground of the Special Primary School of Corinth.				
FALSE					
					
Έτσι, ακόμα και σήμερα στον ισλαμικό κόσμο οι γυναίκες είναι ιδιοκτησία των ανδρών, καλύπτονται σχεδόν εντελώς με ρούχα, συνήθως φορώντας το <L1>χιτζάμπ</L1> ή το τσαντόρ, που αφήνουν μόνο το πρόσωπο ακάλυπτο, ή το νικάμπ που αφήνει να φαίνονται μόνο τα μάτια, ή ακόμη και τη μπούρκα, που δεν αφήνει τίποτα.	Thus, even today in the Islamic world women are properties of men, are covered almost completely, usually wearing the hijab or chador, which leave only the face exposed, or the niqab that exposes only the eyes, or even the burqa, which exposes nothing at all.				
Έτσι, ακόμα και σήμερα στον ισλαμικό κόσμο οι γυναίκες είναι ιδιοκτησία των ανδρών, καλύπτονται σχεδόν εντελώς με ρούχα, συνήθως φορώντας το <N1></N1> ή το τσαντόρ, που αφήνουν μόνο το πρόσωπο ακάλυπτο, ή το νικάμπ που αφήνει να φαίνονται μόνο τα μάτια, ή ακόμη και τη μπούρκα, που δεν αφήνει τίποτα.	Thus, even today in the Islamic world women are properties of men, are covered almost completely, usually wearing the hijab or chador, which leave only the face exposed, or the niqab that exposes only the eyes, or even the burqa, which exposes nothing at all.				
FALSE					
					
Μόνο ένα τέτοιο ρεύμα επίσης θα μπορούσε ευχαρίστως να ερεθίζει αντί να κερδίζει την τεράστια πλειοψηφία του κινέζικου λαού, ειδικά αυτού που ζει στο Χονγκ Κονγκ κουρελιάζοντας επιδεικτικά και πετώντας στη θάλασσα την κινέζικη εθνική σημαία και όχι πχ. την <L1>φάτσα</L1> του χίτλερ Σι, όπως θα έκανε ένα πιο διεθνιστικό αντιφασιστικό κίνημα.	Only such a movement could also irritate with pleasure instead of winning over the vast majority of the Chinese people, especially those living in Hong Kong, by showily tattering and throwing into the sea the Chinese national flag, instead of e.g. the portrait of hitler Xi, as would do a more internationalist antifascist movement.	μούρη πρόσωπο φάτσα			
Μόνο ένα τέτοιο ρεύμα επίσης θα μπορούσε ευχαρίστως να ερεθίζει αντί να κερδίζει την τεράστια πλειοψηφία του κινέζικου λαού, ειδικά αυτού που ζει στο Χονγκ Κονγκ κουρελιάζοντας επιδεικτικά και πετώντας στη θάλασσα την κινέζικη εθνική σημαία και όχι πχ. την <N1></N1> του χίτλερ Σι, όπως θα έκανε ένα πιο διεθνιστικό αντιφασιστικό κίνημα.	Only such a movement could also irritate with pleasure instead of winning over the vast majority of the Chinese people, especially those living in Hong Kong, by showily tattering and throwing into the sea the Chinese national flag, instead of e.g. the portrait of hitler Xi, as would do a more internationalist antifascist movement.				
FALSE					
					
Αποτελείται από ανάγλυφη <L1>μουσελίνα</L1> με κοντά μανίκια και ολόσωμη φόδρα.	It has elastic in the middle and short sleeves with small ruffles.				
Αποτελείται από ανάγλυφη <N1></N1> με κοντά μανίκια και ολόσωμη φόδρα.	It has elastic in the middle and short sleeves with small ruffles.				
FALSE					
					
- Σονάτα (2001), για <L1>βιολοντσέλο</L1> και πιάνο (13΄30΄΄)	- Sonata (2001), for cello and piano (13΄30΄΄)				
- Σονάτα (2001), για <N1></N1> και πιάνο (13΄30΄΄)	- Sonata (2001), for cello and piano (13΄30΄΄)				
FALSE					
					
Δώστε πρώτος μία αξιολόγηση Μαύρο παντελόνι με λευκή φάσα στην πλαϊνή ραφή και στο <L1>μπατζάκι</L1> Ακύρωση απάντησης	Be the first to review  Black trousers with white fassia on the side seam and on the crotch  Cancel reply				
Δώστε πρώτος μία αξιολόγηση Μαύρο παντελόνι με λευκή φάσα στην πλαϊνή ραφή και στο <N1></N1> Ακύρωση απάντησης	Be the first to review  Black trousers with white fassia on the side seam and on the crotch  Cancel reply				
FALSE					
					
Γυναικείο μαύρο <L1>κοτλέ</L1> παντελόνι καμπάνα με πολύ λεπτή ρίγα.	Women's camel corduroy bell bottoms with very thin stripe.				
Γυναικείο μαύρο <N1></N1> παντελόνι καμπάνα με πολύ λεπτή ρίγα.	Women's camel corduroy bell bottoms with very thin stripe.				
FALSE					
					
Για την αυτόματη επαναφορά της σήτας μπορεί να τοποθετηθεί <L1>μεντεσές</L1> ή μηχανισμός επαναφοράς.	For the screen automatic resetting, a hinge or a resetting mechanism can be installed.				
Για την αυτόματη επαναφορά της σήτας μπορεί να τοποθετηθεί <N1></N1> ή μηχανισμός επαναφοράς.	For the screen automatic resetting, a hinge or a resetting mechanism can be installed.				
FALSE					
					
Επίσης, αναλαμβάνουμε υπηρεσίες ηλεκτρολογείου, <L1>βουλκανιζατέρ</L1> καθώς και την επισκευή τρακτέρ.	We also undertake electrical services, vulcanizers as well as tractor repair.				
Επίσης, αναλαμβάνουμε υπηρεσίες ηλεκτρολογείου, <N1></N1> καθώς και την επισκευή τρακτέρ.	We also undertake electrical services, vulcanizers as well as tractor repair.				
FALSE					
					
Οι ψησταριές για ξυλοκάρβουνα μπορεί να είναι επιδαπέδιες, με αναδιπλούμενα πόδια, τροχήλατες για εύκολη μετακίνηση, με βάση <L1>κολόνα</L1> για εύκολο και γρήγορο άναμμα και ελεγχόμενη ένταση της φωτιάς.	The Charcoal Grills could be free-standing, with folding legs, with a trolley base for easy movement, with a stand-base and could also have side shelves.				
Οι ψησταριές για ξυλοκάρβουνα μπορεί να είναι επιδαπέδιες, με αναδιπλούμενα πόδια, τροχήλατες για εύκολη μετακίνηση, με βάση <N1></N1> για εύκολο και γρήγορο άναμμα και ελεγχόμενη ένταση της φωτιάς.	The Charcoal Grills could be free-standing, with folding legs, with a trolley base for easy movement, with a stand-base and could also have side shelves.				
FALSE					
					
Κλείδωσαν την πόρτα που οδηγούσε στο χολ και το παράθυρο που έβλεπε στην είσοδο και τα κάλυψαν με εφημερίδες, κολλώντας ξανά χαρτιά γύρω απ' την πόρτα και τα κουφώματα. Μόλις τελείωσαν μ' αυτά τοποθέτησαν ένα τεράστιο <L1>μαγκάλι</L1> στο κέντρο του δωματίου, έριξαν μεγάλη ποσότητα θειάφι πάνω στα κάρβουνα και, μόλις ξεκίνησαν οι αναθυμιάσεις, έκλεισαν την πόρτα του καθιστικού και ακολούθησε η ίδια διαδικασία σφραγίσματος στην εξωτερική του πλευρά, απομονώνοντας έτσι τελείως το δωμάτιο.	The door leading to the hall, as well as the window facing the entrance, were thoroughly locked and plastered with newspaper, every fissure, and again glued paper all around the door and window frames; as soon as this was done they placed a huge brazier in the middle of the room, a lot of sulfur powder was fumed on the charcoal fire, and immediately closed the door of the sitting room; and again the same sealing procedure was repeated from the outside, thus isolating completely the mortuary room.				
Κλείδωσαν την πόρτα που οδηγούσε στο χολ και το παράθυρο που έβλεπε στην είσοδο και τα κάλυψαν με εφημερίδες, κολλώντας ξανά χαρτιά γύρω απ' την πόρτα και τα κουφώματα. Μόλις τελείωσαν μ' αυτά τοποθέτησαν ένα τεράστιο <N1></N1> στο κέντρο του δωματίου, έριξαν μεγάλη ποσότητα θειάφι πάνω στα κάρβουνα και, μόλις ξεκίνησαν οι αναθυμιάσεις, έκλεισαν την πόρτα του καθιστικού και ακολούθησε η ίδια διαδικασία σφραγίσματος στην εξωτερική του πλευρά, απομονώνοντας έτσι τελείως το δωμάτιο.	The door leading to the hall, as well as the window facing the entrance, were thoroughly locked and plastered with newspaper, every fissure, and again glued paper all around the door and window frames; as soon as this was done they placed a huge brazier in the middle of the room, a lot of sulfur powder was fumed on the charcoal fire, and immediately closed the door of the sitting room; and again the same sealing procedure was repeated from the outside, thus isolating completely the mortuary room.				
FALSE					
					
Η εστίαση φέτος είναι στον βασικό ρόλο που μπορεί να διαδραματίσει η <L1>υδρογραφία</L1> στην υποστήριξη των αυτόνομων τεχνολογιών.	The focus this year is on the key role hydrography can play in support of autonomous technologies.				
Η εστίαση φέτος είναι στον βασικό ρόλο που μπορεί να διαδραματίσει η <N1></N1> στην υποστήριξη των αυτόνομων τεχνολογιών.	The focus this year is on the key role hydrography can play in support of autonomous technologies.				
FALSE					
					
Για ακόμα πιο αισθητικό αποτέλεσμα, το φωτιστικό μπορεί να διακοσμηθεί με <L1>ντεκουπάζ</L1> ή φινιρίσματα από ανάγλυφο γύψο.	For an even more aesthetic result, the fixture can be decorated with decoupage or textured plaster finishes.				
Για ακόμα πιο αισθητικό αποτέλεσμα, το φωτιστικό μπορεί να διακοσμηθεί με <N1></N1> ή φινιρίσματα από ανάγλυφο γύψο.	For an even more aesthetic result, the fixture can be decorated with decoupage or textured plaster finishes.				
FALSE					
					
Να μου επιτραπεί να πω και μια <L1>κουβέντα</L1> για την πόλη που μας φιλοξενεί, για την Καβάλα.	Allow me, also, to say a word about the city that hosts us, about Kavala.	κουβέντα λέξη συζήτηση			
Να μου επιτραπεί να πω και μια <N1></N1> για την πόλη που μας φιλοξενεί, για την Καβάλα.	Allow me, also, to say a word about the city that hosts us, about Kavala.				
FALSE					
					
Μια πολύ σημαντική πόλη και ένα σημαντικό <L1>λιμάνι</L1> στη Βόρεια Ελλάδα, όπου η σιδηροδρομική διασύνδεση, που έλειπε για δεκαετίες, ήταν ένα έργο που θα έπρεπε να είχε γίνει εδώ και δεκαετίες, θα την αναβαθμίσει, θα δώσει άλλη δυναμική στο λιμάνι, άλλη δυναμική εμπορευματική, αλλά και δυναμική τουριστικής ανάπτυξης.	A very important city and a major port in northern Greece, where the railway link, absent for decades, was a project that should have been completed for decades, it will upgrade, give a new trade dynamic, but also a dynamic in tourism development.				
Μια πολύ σημαντική πόλη και ένα σημαντικό <N1></N1> στη Βόρεια Ελλάδα, όπου η σιδηροδρομική διασύνδεση, που έλειπε για δεκαετίες, ήταν ένα έργο που θα έπρεπε να είχε γίνει εδώ και δεκαετίες, θα την αναβαθμίσει, θα δώσει άλλη δυναμική στο λιμάνι, άλλη δυναμική εμπορευματική, αλλά και δυναμική τουριστικής ανάπτυξης.	A very important city and a major port in northern Greece, where the railway link, absent for decades, was a project that should have been completed for decades, it will upgrade, give a new trade dynamic, but also a dynamic in tourism development.				
FALSE					
					
Αλέξης Τσίπρας: Να πω ότι συμφωνώ απόλυτα με τον Μπόικο Μπορίσοφ, τον Βούλγαρο Πρωθυπουργό, αν και πιστεύω ότι δεν χρειάζεται να πούμε πολλά στον Γιούνκερ διότι αυτό ακριβώς το <L1>μοντέλο</L1> συνεργασίας είναι που η Ευρωπαϊκή Επιτροπή - πιστεύω ακράδαντα - επιδιώκει, επιθυμεί και ενισχύει και προωθεί ως μοντέλο διακρατικής συνεργασίας για την ανάπτυξη και την συμβολή στον εκσυγχρονισμό των υποδομών και στη σταθερότητα, όμως, στην Ευρώπη.	Alexis Tsipras: To say that I fully agree with Boyko Borissov, the Bulgarian Prime Minister, although I do not think we need to say much to Juncker because this very model of cooperation is what the European Commission, I strongly believe, seeks, wishes, strengthens and promotes as a model of transnational cooperation for growth and contribution to infrastructure modernization and stability, however, in Europe.	ήρωας μοντέλο πρότυπο			
Αλέξης Τσίπρας: Να πω ότι συμφωνώ απόλυτα με τον Μπόικο Μπορίσοφ, τον Βούλγαρο Πρωθυπουργό, αν και πιστεύω ότι δεν χρειάζεται να πούμε πολλά στον Γιούνκερ διότι αυτό ακριβώς το <N1></N1> συνεργασίας είναι που η Ευρωπαϊκή Επιτροπή - πιστεύω ακράδαντα - επιδιώκει, επιθυμεί και ενισχύει και προωθεί ως μοντέλο διακρατικής συνεργασίας για την ανάπτυξη και την συμβολή στον εκσυγχρονισμό των υποδομών και στη σταθερότητα, όμως, στην Ευρώπη.	Alexis Tsipras: To say that I fully agree with Boyko Borissov, the Bulgarian Prime Minister, although I do not think we need to say much to Juncker because this very model of cooperation is what the European Commission, I strongly believe, seeks, wishes, strengthens and promotes as a model of transnational cooperation for growth and contribution to infrastructure modernization and stability, however, in Europe.				
FALSE					
					
Αλέξης Τσίπρας: Αναφέρθηκα και στην αρχή ότι έχει ένα ιδιαίτερο συμβολικό γεγονός ότι βρίσκεται σήμερα εδώ ο Βούλγαρος Πρωθυπουργός, ανήμερα της επετείου της ένωσης της Βουλγαρίας και νομίζω ότι αυτός ο <L1>συμβολισμός</L1> είναι πολύ ενδιαφέρον συμβολισμός διότι, πράγματι, σήμερα εδώ τι κάνουμε; Ενώνουμε δυνάμεις.	Alexis Tsipras: I mentioned at the beginning that it is a special symbolic fact that today the Bulgarian Prime Minister is here, celebrating the anniversary of the Bulgarian Union, and I think this symbolism is very interesting because, today what are we indeed doing here?  We are joining forces.	συμβολική αναπαράσταση συμβολισμός			
Αλέξης Τσίπρας: Αναφέρθηκα και στην αρχή ότι έχει ένα ιδιαίτερο συμβολικό γεγονός ότι βρίσκεται σήμερα εδώ ο Βούλγαρος Πρωθυπουργός, ανήμερα της επετείου της ένωσης της Βουλγαρίας και νομίζω ότι αυτός ο <N1></N1> είναι πολύ ενδιαφέρον συμβολισμός διότι, πράγματι, σήμερα εδώ τι κάνουμε; Ενώνουμε δυνάμεις.	Alexis Tsipras: I mentioned at the beginning that it is a special symbolic fact that today the Bulgarian Prime Minister is here, celebrating the anniversary of the Bulgarian Union, and I think this symbolism is very interesting because, today what are we indeed doing here?  We are joining forces.				
FALSE					
					
Ιδιαίτερα σε εκείνες τις χώρες που έχουν βιώσει, όπως η Ελλάδα, δυσανάλογα το κοινωνικό <L1>κόστος</L1> της κρίσης.	Especially in those countries that have experienced, like Greece, disproportionately the social cost of the crisis.	έξοδα δαπάνη κόστος			
Ιδιαίτερα σε εκείνες τις χώρες που έχουν βιώσει, όπως η Ελλάδα, δυσανάλογα το κοινωνικό <N1></N1> της κρίσης.	Especially in those countries that have experienced, like Greece, disproportionately the social cost of the crisis.				
FALSE					
					
Και υπογραμμίσαμε την ανάγκη να αναβαθμιστεί ο παγκόσμιος και περιφερειακός <L1>ρόλος</L1> της Ευρωπαϊκής Ένωσης.	And we stressed the need to upgrade the global and regional role of the European Union.	ρόλος χαρακτήρας			
Και υπογραμμίσαμε την ανάγκη να αναβαθμιστεί ο παγκόσμιος και περιφερειακός <N1></N1> της Ευρωπαϊκής Ένωσης.	And we stressed the need to upgrade the global and regional role of the European Union.				
FALSE					
					
Να μιλήσω για τις προμήθειες στο χώρο της υγείας, για τις αλλαγές τις διαρκείς στην εκπαίδευση χωρίς στρατηγικό στόχο, για το χωρικό σχεδιασμό, για το λαθρεμπόριο, για τη γενικευμένη φοροδιαφυγή, για το αρρύθμιστο επί τριάντα χρόνια ραδιοτηλεοπτικό τοπίο, την αδήλωτη εργασία, τα δήθεν προγράμματα για την καταπολέμηση της ανεργίας, που δεν πήγαιναν στους ανέργους αλλά σε φίλους και γνωστούς και η <L1>λίστα</L1> αυτή, νομίζω, δεν έχει τέλος.	Let me mention health supplies, constant changes in education without a strategic goal, spatial planning, smuggling, generalized tax evasion, the unregulated framework of TV and Radio broadcasting for over 30 years, the undeclared job, programs supposedly to tackle unemployment that did not offer assistance to the unemployed but to friends and acquaintances, and this list, I think, is endless.	κατάλογος λίστα | κατάσταση λίστα			
Να μιλήσω για τις προμήθειες στο χώρο της υγείας, για τις αλλαγές τις διαρκείς στην εκπαίδευση χωρίς στρατηγικό στόχο, για το χωρικό σχεδιασμό, για το λαθρεμπόριο, για τη γενικευμένη φοροδιαφυγή, για το αρρύθμιστο επί τριάντα χρόνια ραδιοτηλεοπτικό τοπίο, την αδήλωτη εργασία, τα δήθεν προγράμματα για την καταπολέμηση της ανεργίας, που δεν πήγαιναν στους ανέργους αλλά σε φίλους και γνωστούς και η <N1></N1> αυτή, νομίζω, δεν έχει τέλος.	Let me mention health supplies, constant changes in education without a strategic goal, spatial planning, smuggling, generalized tax evasion, the unregulated framework of TV and Radio broadcasting for over 30 years, the undeclared job, programs supposedly to tackle unemployment that did not offer assistance to the unemployed but to friends and acquaintances, and this list, I think, is endless.				
FALSE					
					
Ενώ, επιτρέψτε μου την έκφραση, ίσως το μεγαλύτερο ανέκδοτο για χρόνια στην πόλη, το <L1>μετρό</L1> της Θεσσαλονίκης, επιτέλους προχωρά και όχι μόνο προχωρά, αλλά και τελειώνει, διότι σύντομα θα έχουμε τη δυνατότητα να το δώσουμε.	While, allow me the expression, perhaps the biggest joke for many years in the city, the metro of Thessaloniki, is finally moving forward and not only progressing, but also ending, because we will soon be able to offer it for use.				
Ενώ, επιτρέψτε μου την έκφραση, ίσως το μεγαλύτερο ανέκδοτο για χρόνια στην πόλη, το <N1></N1> της Θεσσαλονίκης, επιτέλους προχωρά και όχι μόνο προχωρά, αλλά και τελειώνει, διότι σύντομα θα έχουμε τη δυνατότητα να το δώσουμε.	While, allow me the expression, perhaps the biggest joke for many years in the city, the metro of Thessaloniki, is finally moving forward and not only progressing, but also ending, because we will soon be able to offer it for use.				
FALSE					
					
Πρόκειται για αριθμό <L1>ρεκόρ</L1> τα τελευταία 16 χρόνια, όχι μόνο ρεκόρ στα χρόνια της κρίσης.	This is a record number over the past 16 years, not just a record in the years of the crisis.				
Πρόκειται για αριθμό <N1></N1> τα τελευταία 16 χρόνια, όχι μόνο ρεκόρ στα χρόνια της κρίσης.	This is a record number over the past 16 years, not just a record in the years of the crisis.				
FALSE					
					
Μία πόλη πολιτισμική, που έχει αυτή την <L1>κουλτούρα</L1> έχει αυτή την παράδοση και μπορεί να παίξει πολύ σημαντικό ρόλο.	A civilization city that has the culture, has the tradition and that can play a very important role.				
Μία πόλη πολιτισμική, που έχει αυτή την <N1></N1> έχει αυτή την παράδοση και μπορεί να παίξει πολύ σημαντικό ρόλο.	A civilization city that has the culture, has the tradition and that can play a very important role.				
FALSE					
					
Ο κ. Μοέδας απευθυνόμενος προς τον Πρωθυπουργό εξέφρασε την αναγνώριση της Επιτροπής για την προτεραιότητα που δίνει η ελληνική κυβέρνηση στην έρευνα και την καινοτομία, καθώς και για την επιταχυνόμενη κάλυψη του χάσματος καινοτομίας που χώριζε την Ελλάδα από τον ευρωπαϊκό <L1>μέσο</L1> όρο.	Mr. Moedas, addressing the Prime Minister, stated that the Commission recognizes that the Greek government has established as a priority, research and innovation and the effort made to close the gap concerning innovation which separated Greece from the European average.				
Ο κ. Μοέδας απευθυνόμενος προς τον Πρωθυπουργό εξέφρασε την αναγνώριση της Επιτροπής για την προτεραιότητα που δίνει η ελληνική κυβέρνηση στην έρευνα και την καινοτομία, καθώς και για την επιταχυνόμενη κάλυψη του χάσματος καινοτομίας που χώριζε την Ελλάδα από τον ευρωπαϊκό <N1></N1> όρο.	Mr. Moedas, addressing the Prime Minister, stated that the Commission recognizes that the Greek government has established as a priority, research and innovation and the effort made to close the gap concerning innovation which separated Greece from the European average.				
FALSE					
					
Άλλωστε, όταν ανοίγουμε το <L1>παράθυρο</L1> σε περισσότερο δημοκρατικό έλεγχο, είμαστε ταυτόσημοι με το πνεύμα των συνθηκών, δεν αντιβαίνουμε το πνεύμα των συνθηκών.	After all, when we open the window to more democratic scrutiny, we are identical to the spirit of the Treaties, we do not contravene the spirit of the Treaties.				
Άλλωστε, όταν ανοίγουμε το <N1></N1> σε περισσότερο δημοκρατικό έλεγχο, είμαστε ταυτόσημοι με το πνεύμα των συνθηκών, δεν αντιβαίνουμε το πνεύμα των συνθηκών.	After all, when we open the window to more democratic scrutiny, we are identical to the spirit of the Treaties, we do not contravene the spirit of the Treaties.				
FALSE					
					
Ειδικά στο ζήτημα αυτό, η ρήξη μας με το παρελθόν της ευνοιοκρατίας, των πελατειακών σχέσεων και των προνομιούχων <L1>ελίτ</L1> ήταν, είναι και θα παραμείνει απόλυτη.	Especially in this issue, our rupture with favoritism of the past, the cliental relationships and the privileged elite was, is and will remain absolute.				
Ειδικά στο ζήτημα αυτό, η ρήξη μας με το παρελθόν της ευνοιοκρατίας, των πελατειακών σχέσεων και των προνομιούχων <N1></N1> ήταν, είναι και θα παραμείνει απόλυτη.	Especially in this issue, our rupture with favoritism of the past, the cliental relationships and the privileged elite was, is and will remain absolute.				
FALSE					
					
Και η <L1>διεθνής</L1> κοινότητα αναγνωρίζει αυτή τη θετική προοπτική της χώρας.	And the international community recognizes this positive outlook for the country.				
Και η <N1></N1> κοινότητα αναγνωρίζει αυτή τη θετική προοπτική της χώρας.	And the international community recognizes this positive outlook for the country.				
FALSE					
					
Όλοι μας και ο καθένας από το δικό του <L1>μετερίζι</L1> πρέπει να δείξουμε έμπρακτα την εμπιστοσύνη στις δικές μας δυνάμεις, την εμπιστοσύνη στην ελληνική οικονομία.	All of us have to demonstrated confidence in our own strengths, trust in the Greek economy.				
Όλοι μας και ο καθένας από το δικό του <N1></N1> πρέπει να δείξουμε έμπρακτα την εμπιστοσύνη στις δικές μας δυνάμεις, την εμπιστοσύνη στην ελληνική οικονομία.	All of us have to demonstrated confidence in our own strengths, trust in the Greek economy.				
FALSE					
					
Θέλω, λοιπόν, να πω εξαρχής ότι η συζήτηση για την παραγωγική ανασυγκρότηση, για ένα νέο μοντέλο που έχουμε ανάγκη, για ένα νέο υπόδειγμα παραγωγής, πρέπει επί της ουσίας να ξεκινήσει μέσα από την <L1>κριτική</L1> αποτίμηση του μοντέλου που μας έφερε ως εδώ.	I would therefore like to say from the start that the debate on productive reconstruction, about a new model that we need, about a new production model, must essentially start through the critical assessment of the model that brought us here.	αξιολόγηση κριτική σχολιασμός			
Θέλω, λοιπόν, να πω εξαρχής ότι η συζήτηση για την παραγωγική ανασυγκρότηση, για ένα νέο μοντέλο που έχουμε ανάγκη, για ένα νέο υπόδειγμα παραγωγής, πρέπει επί της ουσίας να ξεκινήσει μέσα από την <N1></N1> αποτίμηση του μοντέλου που μας έφερε ως εδώ.	I would therefore like to say from the start that the debate on productive reconstruction, about a new model that we need, about a new production model, must essentially start through the critical assessment of the model that brought us here.				
FALSE					
					
Αλλά αυτοί που κάνουν αυτή τη σύγκριση ξεχνούν να μας πουν ότι το <L1>πακέτο</L1> των προηγούμενων νόμων ήταν καθηλωτικό για την ανταγωνιστικότητα.	But those who make this comparison forget to tell us that the package of the previous laws was perfunctory for competitiveness.				
Αλλά αυτοί που κάνουν αυτή τη σύγκριση ξεχνούν να μας πουν ότι το <N1></N1> των προηγούμενων νόμων ήταν καθηλωτικό για την ανταγωνιστικότητα.	But those who make this comparison forget to tell us that the package of the previous laws was perfunctory for competitiveness.				
FALSE					
					
3. Και εσείς προσωπικά και ο υπουργός Εξωτερικών Νίκος Κοτζιάς έχουν παρουσιάσει την Ελλάδα σαν <L1>πόλο</L1> σταθερότητας σε μια ευαίσθητη περιοχή.	3.Both you personally and Foreign Minister Nikos Kotzias have presented Greece as a pillar of stability in a volatile area.				
3. Και εσείς προσωπικά και ο υπουργός Εξωτερικών Νίκος Κοτζιάς έχουν παρουσιάσει την Ελλάδα σαν <N1></N1> σταθερότητας σε μια ευαίσθητη περιοχή.	3.Both you personally and Foreign Minister Nikos Kotzias have presented Greece as a pillar of stability in a volatile area.				
FALSE					
					
7. Και Ελληνοαμερικανοί και Αμερικανοί επενδυτές σε διάφορα επενδυτικά <L1>φόρα</L1> στις ΗΠΑ ενώ αναγνωρίζουν την ελκυστικότητα της Ελλάδας ως επενδυτικού προορισμού, μιλούν για καθυστέρηση σε μεταρρυθμίσεις.	7.Both Greek American and US investors, addressing various investment fora in the United States, while acknowledging Greece's attractiveness as an investment destination, are also speaking about a delay in the reform process.	φορά			
7. Και Ελληνοαμερικανοί και Αμερικανοί επενδυτές σε διάφορα επενδυτικά <N1></N1> στις ΗΠΑ ενώ αναγνωρίζουν την ελκυστικότητα της Ελλάδας ως επενδυτικού προορισμού, μιλούν για καθυστέρηση σε μεταρρυθμίσεις.	7.Both Greek American and US investors, addressing various investment fora in the United States, while acknowledging Greece's attractiveness as an investment destination, are also speaking about a delay in the reform process.				
FALSE					
					
Είναι παλαιό μέλος της ΕΕ και του <L1>ΝΑΤΟ</L1> και ένας από τους λίγους που εκπληρώνει τις υποχρεώσεις του όσον αφορά τις στρατιωτικές δαπάνες και τις διεθνείς αντιτρομοκρατικές επιχειρήσεις.	It is a long time EU and NATO member, and one of the few that fulfills its obligations in terms of military expenditure and international antiterrorism operations.	ΝΑΤΟ Οργάνωση των Χωρών του Βορειοατλαντικού Συμφώνου			
Είναι παλαιό μέλος της ΕΕ και του <N1></N1> και ένας από τους λίγους που εκπληρώνει τις υποχρεώσεις του όσον αφορά τις στρατιωτικές δαπάνες και τις διεθνείς αντιτρομοκρατικές επιχειρήσεις.	It is a long time EU and NATO member, and one of the few that fulfills its obligations in terms of military expenditure and international antiterrorism operations.				
FALSE					
					
Σχετικά με το <L1>αεροδρόμιο</L1> Ιωαννίνων.	As for the Ioannina Airport.				
Σχετικά με το <N1></N1> Ιωαννίνων.	As for the Ioannina Airport.				
FALSE					
					
Κι αναφέρομαι στο γεγονός ότι σε πολλά ορεινά, κυρίως, χωριά της Ηπείρου αλλά και σε όλη την Ελλάδα, είχαν φροντίσει ορισμένοι που παρέδωσαν τις δημόσιες συχνότητες στη χώρα μας <L1>τζάμπα</L1> και που παρέδωσαν και την παροχή σήματος μπιρ παρά, αυτοί είχαν φροντίσει να αφήσουν εκτός δυνατότητας κάλυψης τηλεοπτικού σήματος -όχι ίντερνετ- εκατοντάδες χιλιάδες πολίτες στη χώρα μας που δεν μπορούν να δουν ελληνικούς τηλεοπτικούς σταθμούς.	I am referring to the fact that in many mountainous villages, mainly in Epirus and all over Greece, some people who handed over the public frequencies in our country for free and who also gave the birr signal, they had taken care to leave out television coverage - not the internet - hundreds of thousands of citizens in our country who cannot view Greek TV stations.				
Κι αναφέρομαι στο γεγονός ότι σε πολλά ορεινά, κυρίως, χωριά της Ηπείρου αλλά και σε όλη την Ελλάδα, είχαν φροντίσει ορισμένοι που παρέδωσαν τις δημόσιες συχνότητες στη χώρα μας <N1></N1> και που παρέδωσαν και την παροχή σήματος μπιρ παρά, αυτοί είχαν φροντίσει να αφήσουν εκτός δυνατότητας κάλυψης τηλεοπτικού σήματος -όχι ίντερνετ- εκατοντάδες χιλιάδες πολίτες στη χώρα μας που δεν μπορούν να δουν ελληνικούς τηλεοπτικούς σταθμούς.	I am referring to the fact that in many mountainous villages, mainly in Epirus and all over Greece, some people who handed over the public frequencies in our country for free and who also gave the birr signal, they had taken care to leave out television coverage - not the internet - hundreds of thousands of citizens in our country who cannot view Greek TV stations.				
FALSE					
					
Και αυτό φαίνεται, τόσο από τις συμμετοχές, το ενδιαφέρον και θα έλεγα και από την <L1>ψυχολογία</L1> όλων μας.	And this is obvious not only due to the attending parties and the interest, but I would also say due to our psychological state.				
Και αυτό φαίνεται, τόσο από τις συμμετοχές, το ενδιαφέρον και θα έλεγα και από την <N1></N1> όλων μας.	And this is obvious not only due to the attending parties and the interest, but I would also say due to our psychological state.				
FALSE					
					
Πιστεύουμε, ακράδαντα, ότι θα λειτουργήσει ως <L1>πλατφόρμα</L1> για την ενίσχυση της συνεργασίας της δικτύωσης, αλλά και της συσχέτισης των οικοσυστημάτων καινοτομίας και των επιχειρήσεων στις χώρες μας.	We firmly believe that it will act as a platform for strengthening networking, but also for linking innovation and business ecosystems to our countries.				
Πιστεύουμε, ακράδαντα, ότι θα λειτουργήσει ως <N1></N1> για την ενίσχυση της συνεργασίας της δικτύωσης, αλλά και της συσχέτισης των οικοσυστημάτων καινοτομίας και των επιχειρήσεων στις χώρες μας.	We firmly believe that it will act as a platform for strengthening networking, but also for linking innovation and business ecosystems to our countries.				
FALSE					
					
Θα έλεγα ότι το πρώτο που πρέπει να κάνουμε, ίσως ας το πω έτσι εμπνεόμενος από μια φράση που είπε ο Ευκλείδης κάποτε, ότι θα ήταν καλύτερο να ήταν <L1>ψυχολόγος</L1> παρά οικονομολόγος για να αντιμετωπίσει την κατάσταση που βρήκε μπροστά του.	I would say that the first thing we have to do, inspired by a phrase that Euclid once said, that it would be better to be a psychologist than an economist to deal with the situation ahead.				
Θα έλεγα ότι το πρώτο που πρέπει να κάνουμε, ίσως ας το πω έτσι εμπνεόμενος από μια φράση που είπε ο Ευκλείδης κάποτε, ότι θα ήταν καλύτερο να ήταν <N1></N1> παρά οικονομολόγος για να αντιμετωπίσει την κατάσταση που βρήκε μπροστά του.	I would say that the first thing we have to do, inspired by a phrase that Euclid once said, that it would be better to be a psychologist than an economist to deal with the situation ahead.				
FALSE					
					
Η δεύτερη τάση -διαρκώς διευρυνόμενη το τελευταίο διάστημα- είναι η τάση της λαϊκιστικής ακροδεξιάς και του εθνικισμού- σοβινισμού, που καμιά φορά αυτός ο <L1>σοβινισμός</L1> και ο εθνικισμός ακουμπά και τις παρυφές της αριστεράς.	The second trend - which has been widened lately - is the tendency of populist extreme right and nationalism - chauvinism, and sometimes this chauvinism and nationalism rest on the left.	εθνικισμός σοβινισμός			
Η δεύτερη τάση -διαρκώς διευρυνόμενη το τελευταίο διάστημα- είναι η τάση της λαϊκιστικής ακροδεξιάς και του εθνικισμού- σοβινισμού, που καμιά φορά αυτός ο <N1></N1> και ο εθνικισμός ακουμπά και τις παρυφές της αριστεράς.	The second trend - which has been widened lately - is the tendency of populist extreme right and nationalism - chauvinism, and sometimes this chauvinism and nationalism rest on the left.				
FALSE					
					
Και αντί για τα δικά μας λόγια, εγώ θα ήθελα να υπογραμμίσω αυτά που δημόσια είπε για την Ελλάδα πριν από λίγες ημέρες μετά την κατ΄ιδίαν μας συνάντησή μας στην Πορτογαλία ο καθ' ύλην αρμόδιος από τη πλευρά της Κομισιόν, που όπως αντιλαμβάνεστε δεν είναι κάποιος ασήμαντος τεχνοκράτης που υπερεκτίμησε το <L1>μπόι</L1> του και πήρε τα μικρόφωνα των συνεδρίων, αλλά είναι ο ίδιος ο Επίτροπος Οικονομικών της Κομισιόν , ο Πιέρ Μοσκοβισί.	And instead of our own words, I would like to highlight what was said publicly about Greece a few days after our meeting in Portugal, by the responsible Commissioner on the part of the Commission, which, as you can see, is not an insignificant technocrat who did not understand the importance of his words, but is also the European Commissioner for Economic and Financial Affairs,, Pierre Moscovici.				
Και αντί για τα δικά μας λόγια, εγώ θα ήθελα να υπογραμμίσω αυτά που δημόσια είπε για την Ελλάδα πριν από λίγες ημέρες μετά την κατ΄ιδίαν μας συνάντησή μας στην Πορτογαλία ο καθ' ύλην αρμόδιος από τη πλευρά της Κομισιόν, που όπως αντιλαμβάνεστε δεν είναι κάποιος ασήμαντος τεχνοκράτης που υπερεκτίμησε το <N1></N1> του και πήρε τα μικρόφωνα των συνεδρίων, αλλά είναι ο ίδιος ο Επίτροπος Οικονομικών της Κομισιόν , ο Πιέρ Μοσκοβισί.	And instead of our own words, I would like to highlight what was said publicly about Greece a few days after our meeting in Portugal, by the responsible Commissioner on the part of the Commission, which, as you can see, is not an insignificant technocrat who did not understand the importance of his words, but is also the European Commissioner for Economic and Financial Affairs,, Pierre Moscovici.				
FALSE					
					
Εγώ τόνισα από την πλευρά μου ότι η παραβατική τουρκική <L1>αεροναυτική</L1> δραστηριότητα πρέπει να τερματιστεί.	From my side, I emphasized that the infringing Turkish aeronautical activity must be brought to an end.	αεροναυτική αστροναυτική			
Εγώ τόνισα από την πλευρά μου ότι η παραβατική τουρκική <N1></N1> δραστηριότητα πρέπει να τερματιστεί.	From my side, I emphasized that the infringing Turkish aeronautical activity must be brought to an end.				
FALSE					
					
Επίσης, ένα άλλο θέμα ήταν το <L1>τζαμί</L1> των Αθηνών.	Another issue was the Athens Mosque.	τζάμι			
Επίσης, ένα άλλο θέμα ήταν το <N1></N1> των Αθηνών.	Another issue was the Athens Mosque.				
FALSE					
					
Αυτό είναι <L1>βόμβα</L1> στα θεμέλια της λειτουργίας της ΕΕ.	This is a bomb in the foundation of the EU's operation.				
Αυτό είναι <N1></N1> στα θεμέλια της λειτουργίας της ΕΕ.	This is a bomb in the foundation of the EU's operation.				
FALSE					
					
Θα ανέβει αυτό το <L1>νούμερο</L1> καθώς η πλατφόρμα θα ανοίξει εκ νέου για να αντιμετωπιστούν και μικροαδικίες ή μικροδυσκολίες τεχνικής φύσης που εμπόδισαν κάποιους συμπολίτες μας που δικαιούνται να έχουν πρόσβαση στο μέρισμα.	This number will rise as the platform will open again to deal with micro-injustices or micro-difficulties of a technical nature that prevented some of our fellow citizens who are entitled to receive the dividend.				
Θα ανέβει αυτό το <N1></N1> καθώς η πλατφόρμα θα ανοίξει εκ νέου για να αντιμετωπιστούν και μικροαδικίες ή μικροδυσκολίες τεχνικής φύσης που εμπόδισαν κάποιους συμπολίτες μας που δικαιούνται να έχουν πρόσβαση στο μέρισμα.	This number will rise as the platform will open again to deal with micro-injustices or micro-difficulties of a technical nature that prevented some of our fellow citizens who are entitled to receive the dividend.				
FALSE					
					
Σήμερα ολοκληρώνεται μία εβδομάδα όπου έχουμε ένα <L1>ράλι</L1> στις τιμές των ομολόγων του ελληνικού Δημοσίου και φαίνεται ότι είμαστε κοντά να σπάσει και το όριο του 4%, δηλαδή να πάμε κάτω από 4% στις τιμές που αφορούν το δεκαετές ομόλογο του ελληνικού Δημοσίου.	Today we have a week in which Greek government bond prices are rallying and we seem to be close to breaking the 4% threshold, which is to go below 4% in the ten-year Treasury bonds.				
Σήμερα ολοκληρώνεται μία εβδομάδα όπου έχουμε ένα <N1></N1> στις τιμές των ομολόγων του ελληνικού Δημοσίου και φαίνεται ότι είμαστε κοντά να σπάσει και το όριο του 4%, δηλαδή να πάμε κάτω από 4% στις τιμές που αφορούν το δεκαετές ομόλογο του ελληνικού Δημοσίου.	Today we have a week in which Greek government bond prices are rallying and we seem to be close to breaking the 4% threshold, which is to go below 4% in the ten-year Treasury bonds.				
FALSE					
					
Και κατά την πολυτάραχη περίοδο του μεσοπολέμου, ο <L1>φασισμός</L1> επιχείρησε να εδραιωθεί, υποκινώντας τη βία και το μίσος, σε βάρος και της εβραϊκής κοινότητας της Θεσσαλονίκης.	And during the turbulent the interwar period, fascism attempted to consolidate, through incitement of violence and hatred against the Jewish community in Thessaloniki.				
Και κατά την πολυτάραχη περίοδο του μεσοπολέμου, ο <N1></N1> επιχείρησε να εδραιωθεί, υποκινώντας τη βία και το μίσος, σε βάρος και της εβραϊκής κοινότητας της Θεσσαλονίκης.	And during the turbulent the interwar period, fascism attempted to consolidate, through incitement of violence and hatred against the Jewish community in Thessaloniki.				
FALSE					
					
Καταφέραμε και κυρίως οι πολίτες μας κατάφεραν να προτάξουν τον ανθρωπισμό και την αλληλεγγύη κόντρα στον εγχώριο συντηρητισμό, που υποδαύλιζε διαρκώς την <L1>ξενοφοβία</L1> και τον ρατσισμό και που τον υποδαυλίζει και σήμερα σε πολλές χώρες της Κεντρικής Ευρώπης, δημιουργώντας αδιέξοδα.	We have managed, and above all, our citizens have managed to advance humanity and solidarity against domestic conservatism, which has constantly fueled xenophobia and racism, and which is also incapacitating many Central European countries today, creating deadlocks.				
Καταφέραμε και κυρίως οι πολίτες μας κατάφεραν να προτάξουν τον ανθρωπισμό και την αλληλεγγύη κόντρα στον εγχώριο συντηρητισμό, που υποδαύλιζε διαρκώς την <N1></N1> και τον ρατσισμό και που τον υποδαυλίζει και σήμερα σε πολλές χώρες της Κεντρικής Ευρώπης, δημιουργώντας αδιέξοδα.	We have managed, and above all, our citizens have managed to advance humanity and solidarity against domestic conservatism, which has constantly fueled xenophobia and racism, and which is also incapacitating many Central European countries today, creating deadlocks.				
FALSE					
					
Τόνισα, <L1>παρόλα</L1> αυτά, ότι η Ελλάδα θα επιχειρεί πάντα να αξιοποιεί τους διαύλους επικοινωνίας που έχει κατακτήσει με κόπο με τη γείτονα χώρα, ότι θα συνεχίσει στρατηγικά να στηρίζει την ενταξιακή πορεία της Τουρκίας στην ΕΕ, παρότι αυτή το τελευταίο διάστημα κινείται σε αντίθετη κατεύθυνση.	I stressed, however, that Greece will always try to exploit the channels of communication that it has struggled with its neighbor, that it will strategically continue to support Turkey's EU accession course, even though this has been going in the opposite direction.				
Τόνισα, <N1></N1> αυτά, ότι η Ελλάδα θα επιχειρεί πάντα να αξιοποιεί τους διαύλους επικοινωνίας που έχει κατακτήσει με κόπο με τη γείτονα χώρα, ότι θα συνεχίσει στρατηγικά να στηρίζει την ενταξιακή πορεία της Τουρκίας στην ΕΕ, παρότι αυτή το τελευταίο διάστημα κινείται σε αντίθετη κατεύθυνση.	I stressed, however, that Greece will always try to exploit the channels of communication that it has struggled with its neighbor, that it will strategically continue to support Turkey's EU accession course, even though this has been going in the opposite direction.				
FALSE					
					
Τόνισα ότι η Ελλάδα θα συνεχίσει την προσπάθεια να υπάρξει η καλύτερη δυνατή συνεργασία με την Τουρκία στην αντιμετώπιση σημαντικών περιφερειακών προκλήσεων, όπως η μεταναστευτική κρίση, και ότι θα συνεχίσει να αντιμετωπίζει με <L1>ψυχραιμία</L1> και νηφαλιότητα οποιαδήποτε δυσκολία, όπως οφείλει να κάνει μια ευρωπαϊκή χώρα που επιδιώκει την ειρήνη, την ασφάλεια και τη σταθερότητα στην περιοχή της.	I stressed that Greece will continue to strive for the best possible cooperation with Turkey in addressing major regional challenges such as the immigration crisis and that it will continue to treat calmly any difficulty, as a European country should do when seeking peace, security and stability in its region.				
Τόνισα ότι η Ελλάδα θα συνεχίσει την προσπάθεια να υπάρξει η καλύτερη δυνατή συνεργασία με την Τουρκία στην αντιμετώπιση σημαντικών περιφερειακών προκλήσεων, όπως η μεταναστευτική κρίση, και ότι θα συνεχίσει να αντιμετωπίζει με <N1></N1> και νηφαλιότητα οποιαδήποτε δυσκολία, όπως οφείλει να κάνει μια ευρωπαϊκή χώρα που επιδιώκει την ειρήνη, την ασφάλεια και τη σταθερότητα στην περιοχή της.	I stressed that Greece will continue to strive for the best possible cooperation with Turkey in addressing major regional challenges such as the immigration crisis and that it will continue to treat calmly any difficulty, as a European country should do when seeking peace, security and stability in its region.				
FALSE					
					
Μιας και ασχολείστε χρόνια με το <L1>ρεπορτάζ</L1> στο χώρο της άμυνας, θα συμφωνήσετε μαζί μου ότι είναι μία διαπίστωση πανθομολογούμενη, ότι δηλ. η Ελλάδα με κόστος, με μεγάλο κοινωνικό κόστος (διότι ένα πολύ μεγάλο ποσοστό από το ΑΕΠ πήγαινε για πολλά χρόνια στον αμυντικό τομέα, δυστυχώς πολλαπλασιασμένο με κάποια ποσοστά τα οποία πηγαίναν σε μίζες, αυτή είναι και μία από τις αιτίες που δημιουργήθηκε και η κρίση αλλά ας μην αναφερθούμε τώρα σε αυτό), εν πάση περιπτώσει θέλω να σας πω ότι έχει μία πολύ ισχυρή αποτρεπτική ικανότητα και έναν από τους ισχυρότερους στρατούς σε σχέση με όλες τις υπόλοιπες χώρες της Ευρωπαϊκής Ένωσης.	Since you have been dealing with defense reports for years, you will agree with me that it is a plausible statement that Greece is at a cost, at a high social cost (because a very large percentage of GDP went for many years in the defense field , unfortunately multiplied by some percentages that were for bribes, that's one of the causes of the crisis, but let us not talk about it now), in any case I want to tell you that it has a very strong deterrent capacity and one of the most powerful armies compared with all other European Union countries.				
Μιας και ασχολείστε χρόνια με το <N1></N1> στο χώρο της άμυνας, θα συμφωνήσετε μαζί μου ότι είναι μία διαπίστωση πανθομολογούμενη, ότι δηλ. η Ελλάδα με κόστος, με μεγάλο κοινωνικό κόστος (διότι ένα πολύ μεγάλο ποσοστό από το ΑΕΠ πήγαινε για πολλά χρόνια στον αμυντικό τομέα, δυστυχώς πολλαπλασιασμένο με κάποια ποσοστά τα οποία πηγαίναν σε μίζες, αυτή είναι και μία από τις αιτίες που δημιουργήθηκε και η κρίση αλλά ας μην αναφερθούμε τώρα σε αυτό), εν πάση περιπτώσει θέλω να σας πω ότι έχει μία πολύ ισχυρή αποτρεπτική ικανότητα και έναν από τους ισχυρότερους στρατούς σε σχέση με όλες τις υπόλοιπες χώρες της Ευρωπαϊκής Ένωσης.	Since you have been dealing with defense reports for years, you will agree with me that it is a plausible statement that Greece is at a cost, at a high social cost (because a very large percentage of GDP went for many years in the defense field , unfortunately multiplied by some percentages that were for bribes, that's one of the causes of the crisis, but let us not talk about it now), in any case I want to tell you that it has a very strong deterrent capacity and one of the most powerful armies compared with all other European Union countries.				
FALSE					
					
Οι επίτροποι - το διοικητικό σώμα της ενορίας, που αποτελείται από τους λαϊκούς ηγέτες - έστειλαν στην επισκοπή τον Ιούλιο μια επιστολή σχετικά με τις ανησυχίες τους ότι η επισκοπή θα επιδίωκε να μεταθέσει το <L1>κόστος</L1> στο σώμα των επιτρόπων, παρά το γεγονός ότι αυτό δεν είχε καμία ανάμειξη στην <L2>πρόσληψη</L2> των αρχιτεκτόνων και των εργολάβων που έστειλε η εκκλησία.	The vestry - the parish's governing body, made up of lay leaders - wrote the diocese in July with concerns that the diocese  would seek to pass along the costs  to the vestry, even though the vestry had not been involved in hiring the architects and contractors the diocese sent in.				
Οι επίτροποι - το διοικητικό σώμα της ενορίας, που αποτελείται από τους λαϊκούς ηγέτες - έστειλαν στην επισκοπή τον Ιούλιο μια επιστολή σχετικά με τις ανησυχίες τους ότι η επισκοπή θα επιδίωκε να μεταθέσει το <N1></N1> στο σώμα των επιτρόπων, παρά το γεγονός ότι αυτό δεν είχε καμία ανάμειξη στην <N2></N2> των αρχιτεκτόνων και των εργολάβων που έστειλε η εκκλησία.	The vestry - the parish's governing body, made up of lay leaders - wrote the diocese in July with concerns that the diocese  would seek to pass along the costs  to the vestry, even though the vestry had not been involved in hiring the architects and contractors the diocese sent in.				
FALSE					
					
Η επένδυση στον τομέα των καλλυντικών έρχεται καθώς τα <L1>σουπερμάρκετ</L1> ψάχνουν τρόπο να αναπληρώσουν τον χώρο στα ράφια που κάποτε καταλάμβαναν τηλεοράσεις, φούρνοι μικροκυμάτων και οικιακά είδη.	The investment in beauty comes as supermarkets hunt for ways to use up shelf space once sued for TVs, microwaves and homeware.				
Η επένδυση στον τομέα των καλλυντικών έρχεται καθώς τα <N1></N1> ψάχνουν τρόπο να αναπληρώσουν τον χώρο στα ράφια που κάποτε καταλάμβαναν τηλεοράσεις, φούρνοι μικροκυμάτων και οικιακά είδη.	The investment in beauty comes as supermarkets hunt for ways to use up shelf space once sued for TVs, microwaves and homeware.				
FALSE					
					
Αστειεύτηκε σχετικά με την <L1>κριτική</L1> που δέχτηκε από τα μέσα μαζικής ενημέρωσης για ένα σχόλιό του που ορισμένοι θα θεωρούσαν ότι δεν αρμόζει σε έναν πρόεδρο, καθώς και για την τόσο θετική του στάση απέναντι στον ηγέτη της Βόρειας Κορέας.	He joked about criticism he would get from the news media for making a comment some would consider  unpresidential  and for being so positive about the North Korean leader.	αξιολόγηση κριτική σχολιασμός			
Αστειεύτηκε σχετικά με την <N1></N1> που δέχτηκε από τα μέσα μαζικής ενημέρωσης για ένα σχόλιό του που ορισμένοι θα θεωρούσαν ότι δεν αρμόζει σε έναν πρόεδρο, καθώς και για την τόσο θετική του στάση απέναντι στον ηγέτη της Βόρειας Κορέας.	He joked about criticism he would get from the news media for making a comment some would consider  unpresidential  and for being so positive about the North Korean leader.				
FALSE					
					
Είδα τον Καντέ να πλησιάζει, έκανα απευθείας εναλλαγή, δεν το σκέφτηκα πολύ και έκανα το <L1>σουτ</L1> .	I saw Kante coming and took one touch and didn't think about it too much and just took the shot on.				
Είδα τον Καντέ να πλησιάζει, έκανα απευθείας εναλλαγή, δεν το σκέφτηκα πολύ και έκανα το <N1></N1> .	I saw Kante coming and took one touch and didn't think about it too much and just took the shot on.				
FALSE					
					
Ο <L1>μπλε</L1> επιθετικός έδωσε πάσα με το τακούνι στον Ματέο Κόβατσιτς σε αυτό το παιχνίδι, πριν δώσει σουτ με φάλτσο κοντά στο κέντρο του γηπέδου και τρέξει στην πλευρά της Λίβερπουλ.	The Blues striker heeled a pass back to Mateo Kovacic on that play, before spinning off near midfield and sprinting into the Liverpool half.				
Ο <N1></N1> επιθετικός έδωσε πάσα με το τακούνι στον Ματέο Κόβατσιτς σε αυτό το παιχνίδι, πριν δώσει σουτ με φάλτσο κοντά στο κέντρο του γηπέδου και τρέξει στην πλευρά της Λίβερπουλ.	The Blues striker heeled a pass back to Mateo Kovacic on that play, before spinning off near midfield and sprinting into the Liverpool half.				
FALSE					
					
Ένας οδηγός <L1>ταξί</L1> που ζει στο Γκρέισον Μιουζ, στην προσπάθειά του να επιστρέψει στο διαμέρισμά του ενημερώθηκε από την αστυνομία ότι δεν επιτρέπεται σε κανέναν να εισέλθει ή να εξέλθει από το κτίριο.	A taxi driver who lives in Grayson Mews has just tried to get back into his flat but is being told by police no one is allowed in or out of the building.	αγοραίο όχημα ταξί			
Ένας οδηγός <N1></N1> που ζει στο Γκρέισον Μιουζ, στην προσπάθειά του να επιστρέψει στο διαμέρισμά του ενημερώθηκε από την αστυνομία ότι δεν επιτρέπεται σε κανέναν να εισέλθει ή να εξέλθει από το κτίριο.	A taxi driver who lives in Grayson Mews has just tried to get back into his flat but is being told by police no one is allowed in or out of the building.				
FALSE					
					
Στις 2 μ.μ. δύο <L1>βαν</L1> της αστυνομίας βρισκόταν μέσα από την κορδέλα της αστυνομίας και ένα εκτός.	At 2pm two police vans were inside the cordon with another van just outside.				
Στις 2 μ.μ. δύο <N1></N1> της αστυνομίας βρισκόταν μέσα από την κορδέλα της αστυνομίας και ένα εκτός.	At 2pm two police vans were inside the cordon with another van just outside.				
FALSE					
					
Δέκα χρόνια πριν, ένας χοίρος 295 κιλών έριξε έναν αγρότη στην Ουαλία πάνω στο <L1>τρακτέρ</L1> του ώσπου η γυναίκα του αγρότη τρόμαξε το ζώο για να απομακρυνθεί.	Ten years previously, a 650 pound pig pinned a Welsh farmer to his tractor until his wife scared the animal away.	γεωργικός ελκυστήρας τρακτέρ			
Δέκα χρόνια πριν, ένας χοίρος 295 κιλών έριξε έναν αγρότη στην Ουαλία πάνω στο <N1></N1> του ώσπου η γυναίκα του αγρότη τρόμαξε το ζώο για να απομακρυνθεί.	Ten years previously, a 650 pound pig pinned a Welsh farmer to his tractor until his wife scared the animal away.				
FALSE					
					
Σύμφωνα με τη μακροπρόθεσμη πρόβλεψή μας για τον καιρό, υπάρχουν αρκετές πιθανότητες να παρατηρηθούν θερμοκρασίες πάνω από τον <L1>μέσο</L1> όρο στις Ανατολικές ΗΠΑ έως το πρώτο μισό του Οκτωβρίου.	Our long term climate forecast is indicating high chances for above-average temperatures for the eastern U.S. through the first half of October.				
Σύμφωνα με τη μακροπρόθεσμη πρόβλεψή μας για τον καιρό, υπάρχουν αρκετές πιθανότητες να παρατηρηθούν θερμοκρασίες πάνω από τον <N1></N1> όρο στις Ανατολικές ΗΠΑ έως το πρώτο μισό του Οκτωβρίου.	Our long term climate forecast is indicating high chances for above-average temperatures for the eastern U.S. through the first half of October.				
FALSE					
					
Η Φόρντ δήλωσε στην Επιτροπή Δικαιοσύνης της Γερουσίας ότι είναι 100 τοις εκατό βέβαιη πώς σε ένα <L1>πάρτι</L1> ενώ ήταν μαθητές λυκείου ο Κάβανο της επιτέθηκε ενώ ήταν μεθυσμένος και επιχείρησε να της βγάλει τα ρούχα.	Ford told the Senate Judiciary Committee that she's 100 percent certain that Kavanaugh groped her drunkenly and tried to take off her clothes at a high school party.				
Η Φόρντ δήλωσε στην Επιτροπή Δικαιοσύνης της Γερουσίας ότι είναι 100 τοις εκατό βέβαιη πώς σε ένα <N1></N1> ενώ ήταν μαθητές λυκείου ο Κάβανο της επιτέθηκε ενώ ήταν μεθυσμένος και επιχείρησε να της βγάλει τα ρούχα.	Ford told the Senate Judiciary Committee that she's 100 percent certain that Kavanaugh groped her drunkenly and tried to take off her clothes at a high school party.				
FALSE					
					
Οι αρχές έχουν στα χέρια τους ένα <L1>βίντεο</L1> από τη συμπλοκή του Σιμς με τον Σίμσον και σύμφωνα με την αστυνομία ο Σιμς έχασε τα γυαλιά του κατά τη διάρκεια του τσακωμού.	Officials released video of the confrontation between Sims and Simpson, and police said Sims lost his glasses during the fight.				
Οι αρχές έχουν στα χέρια τους ένα <N1></N1> από τη συμπλοκή του Σιμς με τον Σίμσον και σύμφωνα με την αστυνομία ο Σιμς έχασε τα γυαλιά του κατά τη διάρκεια του τσακωμού.	Officials released video of the confrontation between Sims and Simpson, and police said Sims lost his glasses during the fight.				
FALSE					
					
Εικόνες στα μέσα κοινωνικής δικτύωσης δείχνουν <L1>παρμπρίζ</L1> αυτοκινήτων καλυμμένα με λεπτά στρώματα τέφρας σε γειτονιές της Πόλης του Μεξικό όπως το Σοτσιμίλκο.	Images on social media showed thin layers of ash coating car windshields in neighborhoods of Mexico City such as Xochimilco.	αλεξήνεμον παρμπρίζ			
Εικόνες στα μέσα κοινωνικής δικτύωσης δείχνουν <N1></N1> αυτοκινήτων καλυμμένα με λεπτά στρώματα τέφρας σε γειτονιές της Πόλης του Μεξικό όπως το Σοτσιμίλκο.	Images on social media showed thin layers of ash coating car windshields in neighborhoods of Mexico City such as Xochimilco.				
FALSE					
					
Μια ομάδα μασκοφόρων διαδηλωτών υπέρ της ανεξαρτησίας, την οποία συγκρατούσαν οι μονάδες αποκατάστασης της τάξης, εκτόξευσαν αυγά και <L1>μπογιά</L1> σε σκόνη, δημιουργώντας σκούρα σύννεφα σκόνης στους δρόμους που συνήθως κατακλύζονται από τουρίστες.	A group of masked pro-separatists held back by riot police pelted them with eggs and hurled powder paint, creating dark clouds of dust in streets that would usually be thronged with tourists.	βαφή μπογιά χρώμα			
Μια ομάδα μασκοφόρων διαδηλωτών υπέρ της ανεξαρτησίας, την οποία συγκρατούσαν οι μονάδες αποκατάστασης της τάξης, εκτόξευσαν αυγά και <N1></N1> σε σκόνη, δημιουργώντας σκούρα σύννεφα σκόνης στους δρόμους που συνήθως κατακλύζονται από τουρίστες.	A group of masked pro-separatists held back by riot police pelted them with eggs and hurled powder paint, creating dark clouds of dust in streets that would usually be thronged with tourists.				
FALSE					
					
Η προβιβασμένη Λίβινγκστον ξάφνιασε τους Ρέιντζερς χαρίζοντας στον Στίβεν Τζέραρντ μόλις τη δεύτερη ήττα του στα 18 παιχνίδια ως <L1>μάνατζερ</L1> του ομίλου Άιμπροξ.	Promoted Livingston stunned Rangers to consign Steven Gerrard to just his second defeat in 18 games as manager of the Ibrox club.	διευθυντής μάνατζερ			
Η προβιβασμένη Λίβινγκστον ξάφνιασε τους Ρέιντζερς χαρίζοντας στον Στίβεν Τζέραρντ μόλις τη δεύτερη ήττα του στα 18 παιχνίδια ως <N1></N1> του ομίλου Άιμπροξ.	Promoted Livingston stunned Rangers to consign Steven Gerrard to just his second defeat in 18 games as manager of the Ibrox club.				
FALSE					
					
Η ομάδα του Τζέραρντ παραμένει χωρίς νίκη εκτός έδρας στο πρωτάθλημα αυτήν τη <L1>σεζόν</L1> και αντιμετωπίζει τους Χαρτς, που έχουν το προβάδισμα με οκτώ βαθμούς, την επόμενη Κυριακή.	Gerrard's side remain without an away win in the Premiership this season and face leaders Hearts, who they trail by eight points, next Sunday.				
Η ομάδα του Τζέραρντ παραμένει χωρίς νίκη εκτός έδρας στο πρωτάθλημα αυτήν τη <N1></N1> και αντιμετωπίζει τους Χαρτς, που έχουν το προβάδισμα με οκτώ βαθμούς, την επόμενη Κυριακή.	Gerrard's side remain without an away win in the Premiership this season and face leaders Hearts, who they trail by eight points, next Sunday.				
FALSE					
					
Η Λίβινγκστον στο μεταξύ συνεχίζει αήττητη την <L1>κούρσα</L1> της σε έξι παιχνίδια στην κατηγορία της, με τον βασικό προπονητή Χολτ να μην έχει γευτεί ακόμη καμία ήττα από τη στιγμή που αντικατέστησε τον Κένι Μίλερ τον περασμένο μήνα.	Livingston, meanwhile, extend their unbeaten run in the division to six games, with head coach Holt still to taste defeat since replacing Kenny Miler last month.				
Η Λίβινγκστον στο μεταξύ συνεχίζει αήττητη την <N1></N1> της σε έξι παιχνίδια στην κατηγορία της, με τον βασικό προπονητή Χολτ να μην έχει γευτεί ακόμη καμία ήττα από τη στιγμή που αντικατέστησε τον Κένι Μίλερ τον περασμένο μήνα.	Livingston, meanwhile, extend their unbeaten run in the division to six games, with head coach Holt still to taste defeat since replacing Kenny Miler last month.				
FALSE					
					
Η μπαλιά του Σκοτ Πίτμαν αποκρούστηκε από τα πόδια του τερματοφύλακα των Ρέιντζερς Άλαν ΜακΓκρέγκορ και η πάσα του Λίθγκοου βγήκε <L1>άουτ</L1> σε ένα άλλο ελεύθερο χτύπημα της Λίβινγκστον.	Scott Pittman was denied by the feet of Rangers goalkeeper Allan McGregor and Lithgow flicked wide from another Livingston set play.				
Η μπαλιά του Σκοτ Πίτμαν αποκρούστηκε από τα πόδια του τερματοφύλακα των Ρέιντζερς Άλαν ΜακΓκρέγκορ και η πάσα του Λίθγκοου βγήκε <N1></N1> σε ένα άλλο ελεύθερο χτύπημα της Λίβινγκστον.	Scott Pittman was denied by the feet of Rangers goalkeeper Allan McGregor and Lithgow flicked wide from another Livingston set play.				
FALSE					
					
Οι αστυνομικοί κάνουν έκκληση να παρουσιαστεί οποιοσδήποτε που μπορεί να έχει καταγράψει σε βίντεο στο κινητό του <L1>τηλέφωνο</L1> τι συνέβη.	Officers have appealed for anyone who may have any mobile phone footage of what happened to come forward.				
Οι αστυνομικοί κάνουν έκκληση να παρουσιαστεί οποιοσδήποτε που μπορεί να έχει καταγράψει σε βίντεο στο κινητό του <N1></N1> τι συνέβη.	Officers have appealed for anyone who may have any mobile phone footage of what happened to come forward.				
FALSE					
					
Εκατοντάδες άνθρωποι είχαν συγκεντρωθεί για ένα <L1>φεστιβάλ</L1> στην παραλία της πόλης Πάλου την Παρασκευή, όταν κύματα ύψους έξι μέτρων προσέκρουσαν στη στεριά το σούρουπο, παρασύροντας πολλούς στον θάνατο και καταστρέφοντας τα πάντα στο πέρασμά τους.	Hundreds of people had gathered for a festival on the beach in the city of Palu on Friday when waves as high as six meters (18 feet) smashed onshore at dusk, sweeping many to their deaths and destroying anything in their path.	γιορτή φεστιβάλ			
Εκατοντάδες άνθρωποι είχαν συγκεντρωθεί για ένα <N1></N1> στην παραλία της πόλης Πάλου την Παρασκευή, όταν κύματα ύψους έξι μέτρων προσέκρουσαν στη στεριά το σούρουπο, παρασύροντας πολλούς στον θάνατο και καταστρέφοντας τα πάντα στο πέρασμά τους.	Hundreds of people had gathered for a festival on the beach in the city of Palu on Friday when waves as high as six meters (18 feet) smashed onshore at dusk, sweeping many to their deaths and destroying anything in their path.				
FALSE					
					
Το <L1>αεροδρόμιο</L1> της πόλης άνοιξε ξανά μόνο για να συμβάλει στις προσπάθειες αρωγής και θα παραμείνει κλειστό έως τον Οκτώβριο.	The city's airport has been reopened only for relief efforts and will remain closed until Oct.				
Το <N1></N1> της πόλης άνοιξε ξανά μόνο για να συμβάλει στις προσπάθειες αρωγής και θα παραμείνει κλειστό έως τον Οκτώβριο.	The city's airport has been reopened only for relief efforts and will remain closed until Oct.				
FALSE					
					
Ωστόσο, η ένδειξη δίπλα στα μηνύματα του ήταν ένα <L1>γκρι</L1> σύμβολο ν , αντί δύο μπλε.	His messages, though, only resulted in one gray check mark, rather than a pair of blue checks.				
Ωστόσο, η ένδειξη δίπλα στα μηνύματα του ήταν ένα <N1></N1> σύμβολο ν , αντί δύο μπλε.	His messages, though, only resulted in one gray check mark, rather than a pair of blue checks.				
FALSE					
					
Ο Γουέστ, 41 ετών, ακούει εδώ και καιρό στο χαϊδευτικό Γιε και χρησιμοποίησε αυτό το <L1>ψευδώνυμο</L1> ως τίτλο στο όγδοο <L2>άλμπουμ</L2> του, το οποίο κυκλοφόρησε τον Ιούνιο.	West, 41, has been nicknamed Ye for some time and used the moniker as the title for his eighth album, which was released in June.	άλμπουμ λεύκωμα			
Ο Γουέστ, 41 ετών, ακούει εδώ και καιρό στο χαϊδευτικό Γιε και χρησιμοποίησε αυτό το <N1></N1> ως τίτλο στο όγδοο <N2></N2> του, το οποίο κυκλοφόρησε τον Ιούνιο.	West, 41, has been nicknamed Ye for some time and used the moniker as the title for his eighth album, which was released in June.				
FALSE					
					
Πιστεύω ότι θα πρέπει να προσφέρεται αυτόματα πράσινη <L1>κάρτα</L1> σε κατόχους διδακτορικού διπλώματος στην τεχνητή νοημοσύνη , ανέφερε.	I think green cards should automatically be offered to PhD's in AI,  he said.				
Πιστεύω ότι θα πρέπει να προσφέρεται αυτόματα πράσινη <N1></N1> σε κατόχους διδακτορικού διπλώματος στην τεχνητή νοημοσύνη , ανέφερε.	I think green cards should automatically be offered to PhD's in AI,  he said.				
FALSE					
					
Η Ελλάδα, η οποία διαθέτει επαρχία με την ονομασία Μακεδονία, υποστηρίζει ότι το όνομα της βόρειας γείτονος χώρας αντιπροσωπεύει διεκδίκηση επί των εδαφών της και έχει ασκήσει βέτο στην είσοδό της στο <L1>ΝΑΤΟ</L1> και την ΕΕ.	Greece, which has a province called Macedonia, maintains that its northern neighbor's name represents a claim on its territory and has vetoed its entrance into NATO and the EU.	ΝΑΤΟ Οργάνωση των Χωρών του Βορειοατλαντικού Συμφώνου			
Η Ελλάδα, η οποία διαθέτει επαρχία με την ονομασία Μακεδονία, υποστηρίζει ότι το όνομα της βόρειας γείτονος χώρας αντιπροσωπεύει διεκδίκηση επί των εδαφών της και έχει ασκήσει βέτο στην είσοδό της στο <N1></N1> και την ΕΕ.	Greece, which has a province called Macedonia, maintains that its northern neighbor's name represents a claim on its territory and has vetoed its entrance into NATO and the EU.				
FALSE					
					
Ο Πρόεδρος Τζορτζ Ιβάνοβ δήλωσε ότι δεν θα συμμετάσχει στο δημοψήφισμα και μια εκστρατεία <L1>μποϊκοτάζ</L1> έχει δημιουργήσει αμφιβολίες σχετικά με το αν η συμμετοχή θα φτάσει στο απαιτούμενο 50 τοις εκατό για να είναι έγκυρο το δημοψήφισμα.	President Gjorge Ivanov has said he will not be voting in the referendum and a boycott campaign has cast doubts on whether turnout will meet the minimum 50 percent required for the referendum to be valid.				
Ο Πρόεδρος Τζορτζ Ιβάνοβ δήλωσε ότι δεν θα συμμετάσχει στο δημοψήφισμα και μια εκστρατεία <N1></N1> έχει δημιουργήσει αμφιβολίες σχετικά με το αν η συμμετοχή θα φτάσει στο απαιτούμενο 50 τοις εκατό για να είναι έγκυρο το δημοψήφισμα.	President Gjorge Ivanov has said he will not be voting in the referendum and a boycott campaign has cast doubts on whether turnout will meet the minimum 50 percent required for the referendum to be valid.				
FALSE					
					
Ήρθα σήμερα για να ψηφίσω για το μέλλον της χώρας, για να μπορέσουν οι νέοι της ΠΓΔΜ να ζήσουν ελεύθερα κάτω από την <L1>ομπρέλα</L1> της Ευρωπαϊκής Ένωσης, γιατί έτσι οι ζωές όλων μας θα είναι πιο ασφαλείς , δήλωσε η Ολιβέρα Γκεοργκίεβσκα, 79 ετών, στα Σκόπια.	I came today to vote for the future of the country, for young people in Macedonia so they can be live freely under the umbrella of the European Union because it means safer lives for all of us,  said Olivera Georgijevska, 79, in Skopje.	ομπρέλα προστατευτική ομπρέλα			
Ήρθα σήμερα για να ψηφίσω για το μέλλον της χώρας, για να μπορέσουν οι νέοι της ΠΓΔΜ να ζήσουν ελεύθερα κάτω από την <N1></N1> της Ευρωπαϊκής Ένωσης, γιατί έτσι οι ζωές όλων μας θα είναι πιο ασφαλείς , δήλωσε η Ολιβέρα Γκεοργκίεβσκα, 79 ετών, στα Σκόπια.	I came today to vote for the future of the country, for young people in Macedonia so they can be live freely under the umbrella of the European Union because it means safer lives for all of us,  said Olivera Georgijevska, 79, in Skopje.				
FALSE					
					
Σύμφωνα με <L1>δημοσκόπηση</L1> που δημοσιεύτηκε την περασμένη Δευτέρα από το Ινστιτούτο Πολιτικής Έρευνας της ΠΓΔΜ, στο δημοψήφισμα θα συμμετείχε ποσοστό από 30 έως 43 τοις εκατό των ψηφοφόρων, δηλαδή χαμηλότερο της απαιτούμενης συμμετοχής.	A poll published last Monday by Macedonia's Institute for Policy Research said between 30 and 43 percent of voters would take part in the referendum - below the required turnout.				
Σύμφωνα με <N1></N1> που δημοσιεύτηκε την περασμένη Δευτέρα από το Ινστιτούτο Πολιτικής Έρευνας της ΠΓΔΜ, στο δημοψήφισμα θα συμμετείχε ποσοστό από 30 έως 43 τοις εκατό των ψηφοφόρων, δηλαδή χαμηλότερο της απαιτούμενης συμμετοχής.	A poll published last Monday by Macedonia's Institute for Policy Research said between 30 and 43 percent of voters would take part in the referendum - below the required turnout.				
FALSE					
					
Παρόλο που δεν έχουμε κάτι να κερδίσουμε, τουλάχιστον μπορούμε να παίξουμε γνωρίζοντας ότι η <L1>ατμόσφαιρα</L1> εδώ στο Ντένβερ με τους οπαδούς και την άλλη ομάδα θα αποτελέσει ένα παιχνίδι πιθανότατα του υψηλότερου επιπέδου που θα αντιμετωπίσω φέτος.	Even though we're playing for nothing, at least we can be able to toe the rubber knowing that the atmosphere here in Denver with the crowd and the other team would be playing at probably the highest level of any point I would face this year.	αίσθηση ατμόσφαιρα αύρα νότα			
Παρόλο που δεν έχουμε κάτι να κερδίσουμε, τουλάχιστον μπορούμε να παίξουμε γνωρίζοντας ότι η <N1></N1> εδώ στο Ντένβερ με τους οπαδούς και την άλλη ομάδα θα αποτελέσει ένα παιχνίδι πιθανότατα του υψηλότερου επιπέδου που θα αντιμετωπίσω φέτος.	Even though we're playing for nothing, at least we can be able to toe the rubber knowing that the atmosphere here in Denver with the crowd and the other team would be playing at probably the highest level of any point I would face this year.				
FALSE					
					
Δυστυχώς, σήμερα, δεν είναι αυτός ο <L1>τόνος</L1> πολλών συναντήσεων και η υπόσχεση για μια πιο ευσπλαχνική, πιο συμπονετική πολιτική έχει ξεχαστεί εδώ και καιρό, εάν άρχισε ποτέ πραγματικά να υλοποιείται.	Sadly today, it is not the tone of many meetings and the promise of  kinder, gentler  politics has long been forgotten if, indeed, it ever began.				
Δυστυχώς, σήμερα, δεν είναι αυτός ο <N1></N1> πολλών συναντήσεων και η υπόσχεση για μια πιο ευσπλαχνική, πιο συμπονετική πολιτική έχει ξεχαστεί εδώ και καιρό, εάν άρχισε ποτέ πραγματικά να υλοποιείται.	Sadly today, it is not the tone of many meetings and the promise of  kinder, gentler  politics has long been forgotten if, indeed, it ever began.				
FALSE					
					
Ο Τζέρεμι Κόρμπιν ισχυρίστηκε την περασμένη εβδομάδα ότι το Εργατικό Κόμμα θα πρέπει να ενθαρρύνει μια <L1>κουλτούρα</L1> ανεκτικότητας.	Jeremy Corbyn claimed last week that the Labour party should foster a culture of tolerance.				
Ο Τζέρεμι Κόρμπιν ισχυρίστηκε την περασμένη εβδομάδα ότι το Εργατικό Κόμμα θα πρέπει να ενθαρρύνει μια <N1></N1> ανεκτικότητας.	Jeremy Corbyn claimed last week that the Labour party should foster a culture of tolerance.				
FALSE					
					
Ο Κλίμο αύξησε το προβάδισμα της Άιρ με πέναλτι, πριν να σκοράρει, ακριβώς στο ημίχρονο, ένα γκολ με μετατροπή, οδηγώντας την Άιρ στα αποδυτήρια με <L1>σκορ</L1> 17-5.	Climo stretched the Ayr lead with a penalty, before, right on half-time, he scored then converted a solo try to make it 17-5 to Ayr at the break.	σκορ σκοράρισμα			
Ο Κλίμο αύξησε το προβάδισμα της Άιρ με πέναλτι, πριν να σκοράρει, ακριβώς στο ημίχρονο, ένα γκολ με μετατροπή, οδηγώντας την Άιρ στα αποδυτήρια με <N1></N1> 17-5.	Climo stretched the Ayr lead with a penalty, before, right on half-time, he scored then converted a solo try to make it 17-5 to Ayr at the break.				
FALSE					
					
Η Βόρεια Κορέα δηλώνει ότι δεν θα υπάρξει <L1>πυρηνικός</L1> αφοπλισμός, αν δεν μπορεί να εμπιστευθεί τις ΗΠΑ	North Korea says nuclear disarmament won't come unless it can trust US				
Η Βόρεια Κορέα δηλώνει ότι δεν θα υπάρξει <N1></N1> αφοπλισμός, αν δεν μπορεί να εμπιστευθεί τις ΗΠΑ	North Korea says nuclear disarmament won't come unless it can trust US				
FALSE					
					
Αλλά υπάρχει ευρύς <L1>σκεπτικισμός</L1> για το εάν η Πιονγιάνγκ σκέφτεται σοβαρά να αποκηρύξει ένα οπλοστάσιο το οποίο η χώρα θεωρεί πιθανότατα ως το μόνο μέσο που εγγυάται την ασφάλειά της.	But there is widespread skepticism that Pyongyang is serious about renouncing an arsenal that the country likely sees as the only way to guarantee its safety.	δυσπιστία σκεπτικισμός			
Αλλά υπάρχει ευρύς <N1></N1> για το εάν η Πιονγιάνγκ σκέφτεται σοβαρά να αποκηρύξει ένα οπλοστάσιο το οποίο η χώρα θεωρεί πιθανότατα ως το μόνο μέσο που εγγυάται την ασφάλειά της.	But there is widespread skepticism that Pyongyang is serious about renouncing an arsenal that the country likely sees as the only way to guarantee its safety.				
FALSE					
					
Οι σχεδιαστές Βαλεντίνο και Τομ Μπράουν παρουσίασαν στην <L1>πασαρέλα</L1> μια σειρά αλλόκοτων υπερμεγέθων καπέλων για τη συλλογή τους Άνοιξη-Καλοκαίρι 2019 τα οποία έκλεψαν την παράσταση στην Εβδομάδα Μόδας στο Παρίσι.	Designers Valentino and Thom Browne unveiled an array of wacky oversized head gear for their SS19 collection on the runway which dazzled the style set at Paris Fashion Week.				
Οι σχεδιαστές Βαλεντίνο και Τομ Μπράουν παρουσίασαν στην <N1></N1> μια σειρά αλλόκοτων υπερμεγέθων καπέλων για τη συλλογή τους Άνοιξη-Καλοκαίρι 2019 τα οποία έκλεψαν την παράσταση στην Εβδομάδα Μόδας στο Παρίσι.	Designers Valentino and Thom Browne unveiled an array of wacky oversized head gear for their SS19 collection on the runway which dazzled the style set at Paris Fashion Week.				
FALSE					
					
Το κομμάτι που ξεχώρισε από τον Βαλεντίνο ήταν ένα υπερβολικό <L1>μπεζ</L1> <L2>καπέλο</L2> διακοσμημένο με ένα πλατύ <L3>μπορ</L3> με φτερά που κάλυπτε εντελώς το κεφάλι των μοντέλων.	The stand out piece by Valentino was an over-the-top beige hat adorned with a feather-like wide brim that swamped the models heads.	καπέλο σκούφος			
Το κομμάτι που ξεχώρισε από τον Βαλεντίνο ήταν ένα υπερβολικό <N1></N1> <N2></N2> διακοσμημένο με ένα πλατύ <N3></N3> με φτερά που κάλυπτε εντελώς το κεφάλι των μοντέλων.	The stand out piece by Valentino was an over-the-top beige hat adorned with a feather-like wide brim that swamped the models heads.				
FALSE					
					
Ανάμεσα σε άλλα υπερμεγέθη <L1>αξεσουάρ</L1> παρουσιάστηκαν καρπούζια διακοσμημένα με πετράδια, ένα καπέλο μάγου, ακόμα και ένας ανανάς, αλλά αυτά δεν έχουν σχεδιαστεί για να κρατούν το κεφάλι σας ζεστό.	Other over-sized accessories included bejeweled watermelons, a wizard hat and even a pineapple - but they are not designed to keep your head warm.	αξεσουάρ εξάρτημα επιπρόσθετο συμπλήρωμα			
Ανάμεσα σε άλλα υπερμεγέθη <N1></N1> παρουσιάστηκαν καρπούζια διακοσμημένα με πετράδια, ένα καπέλο μάγου, ακόμα και ένας ανανάς, αλλά αυτά δεν έχουν σχεδιαστεί για να κρατούν το κεφάλι σας ζεστό.	Other over-sized accessories included bejeweled watermelons, a wizard hat and even a pineapple - but they are not designed to keep your head warm.				
FALSE					
					
Η δημοφιλής φίρμα που δημιούργησε το εξαιρετικά άβολο καπέλο που κατέκλυσε τα μέσα κοινωνικής δικτύωσης έστειλε ακόμα μια μεγάλη δημιουργία στην πασαρέλα, μια ψάθινη <L1>τσάντα</L1> παραλίας σχεδόν τόσο μεγάλη όσο και το <L2>μοντέλο</L2> που την κουβαλάει φορώντας το <L3>μαγιό</L3> του.	The cult label behind the highly impractical hat that was splashed across social media sent another big creation down the catwalk - a straw beach bag almost as big as the swimsuit-clad model toting it.				
Η δημοφιλής φίρμα που δημιούργησε το εξαιρετικά άβολο καπέλο που κατέκλυσε τα μέσα κοινωνικής δικτύωσης έστειλε ακόμα μια μεγάλη δημιουργία στην πασαρέλα, μια ψάθινη <N1></N1> παραλίας σχεδόν τόσο μεγάλη όσο και το <N2></N2> που την κουβαλάει φορώντας το <N3></N3> του.	The cult label behind the highly impractical hat that was splashed across social media sent another big creation down the catwalk - a straw beach bag almost as big as the swimsuit-clad model toting it.				
FALSE					
					
Ανεξάρτητα από την <L1>καριέρα</L1> που θα επιλέξει κανείς, εάν έχει μάθει μια δεύτερη γλώσσα, θα έχει ένα πραγματικό πλεονέκτημα στο μέλλον, λόγω αυτής της δεξιότητας που θα μπορεί να αξιοποιεί σε όλη τη ζωή του.	Regardless of the career someone chooses, if they've learned a second language, they'll have a real advantage in the future having a life-long skill such as this.	καριέρα σταδιοδρομία | επάγγελμα καριέρα			
Ανεξάρτητα από την <N1></N1> που θα επιλέξει κανείς, εάν έχει μάθει μια δεύτερη γλώσσα, θα έχει ένα πραγματικό πλεονέκτημα στο μέλλον, λόγω αυτής της δεξιότητας που θα μπορεί να αξιοποιεί σε όλη τη ζωή του.	Regardless of the career someone chooses, if they've learned a second language, they'll have a real advantage in the future having a life-long skill such as this.				
FALSE					
					
Ο Λεμπρόν θα κάνει το <L1>ντεμπούτο</L1> του στους Λέικερς την Κυριακή στο Σαν Ντιέγκο.	LeBron to make Lakers debut Sunday in San Diego				
Ο Λεμπρόν θα κάνει το <N1></N1> του στους Λέικερς την Κυριακή στο Σαν Ντιέγκο.	LeBron to make Lakers debut Sunday in San Diego				
FALSE					
					
Ένας ακαδημαϊκός ανακάλυψε ότι οι φοιτητές στο <L1>νούμερο</L1> 1 πανεπιστήμιο παγκοσμίως συχνά δεν γνωρίζουν βασικά πράγματα, π.χ. πώς να φροντίζουν τον εαυτό τους.	An academic found students at the world's number one university are often clueless when it comes to the very basics about how to look after themselves.				
Ένας ακαδημαϊκός ανακάλυψε ότι οι φοιτητές στο <N1></N1> 1 πανεπιστήμιο παγκοσμίως συχνά δεν γνωρίζουν βασικά πράγματα, π.χ. πώς να φροντίζουν τον εαυτό τους.	An academic found students at the world's number one university are often clueless when it comes to the very basics about how to look after themselves.				
FALSE					
					
Σε μια ενότητα υπάρχει η εικόνα ενός φοιτητικού κοιτώνα, όπου οι φοιτητές κάνουν <L1>κλικ</L1> σε φλιτζάνια καφέ, κουρτίνες, αθλητικά παπούτσια και βιβλία, για να ενημερωθούν σχετικά με τις επιδράσεις της καφεΐνης και του φωτός, το πώς οι αθλητικές επιδόσεις επηρεάζονται από την έλλειψη ύπνου, καθώς και τη σημασία της ρουτίνας ύπνου.	In one section there is an image of a dorm room, where students click on coffee cups, curtains, trainers and books to be told about the effects of caffeine and light and how athletic performance is impacted by sleep deficiency, and the importance of a bedtime routine.				
Σε μια ενότητα υπάρχει η εικόνα ενός φοιτητικού κοιτώνα, όπου οι φοιτητές κάνουν <N1></N1> σε φλιτζάνια καφέ, κουρτίνες, αθλητικά παπούτσια και βιβλία, για να ενημερωθούν σχετικά με τις επιδράσεις της καφεΐνης και του φωτός, το πώς οι αθλητικές επιδόσεις επηρεάζονται από την έλλειψη ύπνου, καθώς και τη σημασία της ρουτίνας ύπνου.	In one section there is an image of a dorm room, where students click on coffee cups, curtains, trainers and books to be told about the effects of caffeine and light and how athletic performance is impacted by sleep deficiency, and the importance of a bedtime routine.				
FALSE					
					
Ένας χάρτης της πανεπιστημιούπολης, με διαδραστικά εικονίδια, ενθαρρύνει τους συμμετέχοντες να σκεφτούν την καθημερινή <L1>ρουτίνα</L1> τους.	A map of the campus, with interactive icons, then encourages participants to think about their daily routine.				
Ένας χάρτης της πανεπιστημιούπολης, με διαδραστικά εικονίδια, ενθαρρύνει τους συμμετέχοντες να σκεφτούν την καθημερινή <N1></N1> τους.	A map of the campus, with interactive icons, then encourages participants to think about their daily routine.				
FALSE					
					
Ο Σκοτ Άρφιλντ δεν αντέδρασε όταν ο Ντέκλαν Γκάλαχερ πάσαρε την μπάλα στον Σκοτ Ρόμπινσον, ο οποίος διατήρησε την <L1>ψυχραιμία</L1> του και βρήκε τον Μένγκα που απλώς ολοκλήρωσε την προσπάθεια.	Scott Arfield did not react as Declan Gallagher slotted the ball to Scott Robinson, who kept his cool to pick out Menga for a simple finish.				
Ο Σκοτ Άρφιλντ δεν αντέδρασε όταν ο Ντέκλαν Γκάλαχερ πάσαρε την μπάλα στον Σκοτ Ρόμπινσον, ο οποίος διατήρησε την <N1></N1> του και βρήκε τον Μένγκα που απλώς ολοκλήρωσε την προσπάθεια.	Scott Arfield did not react as Declan Gallagher slotted the ball to Scott Robinson, who kept his cool to pick out Menga for a simple finish.				
FALSE					
					
Μπορούν να δουν μια <L1>πρωτεΐνη</L1> που είναι κοινή σε διάφορα είδη καρκίνου και εν συνεχεία να γίνει εκ νέου έγχυσή τους	They can then 'see' a protein common to many cancers and then reinjected				
Μπορούν να δουν μια <N1></N1> που είναι κοινή σε διάφορα είδη καρκίνου και εν συνεχεία να γίνει εκ νέου έγχυσή τους	They can then 'see' a protein common to many cancers and then reinjected				
FALSE					
					
Ο Γουέστ συνέχισε: Δεν ξέρω τι μου γίνεται; Θα φορέσω την <L1>κάπα</L1> του σούπερμαν, γιατί έτσι κανείς δεν θα μπορεί να μου πει τι να κάνω. Θέλετε να πάει μπροστά ο κόσμος;	West went on:  You wanna see the sunken place?  saying that he would  put my superman cape on, because this means you can't tell me what to do. You want the world to move forward?				
Ο Γουέστ συνέχισε: Δεν ξέρω τι μου γίνεται; Θα φορέσω την <N1></N1> του σούπερμαν, γιατί έτσι κανείς δεν θα μπορεί να μου πει τι να κάνω. Θέλετε να πάει μπροστά ο κόσμος;	West went on:  You wanna see the sunken place?  saying that he would  put my superman cape on, because this means you can't tell me what to do. You want the world to move forward?				
FALSE					
					
Ο Κιτ πιστεύει ότι η <L1>τηλεόραση</L1> μπορεί να ευθύνεται εν μέρει για την αύξηση της τοξικής αρρενωπότητας εξαιτίας των αρρενωπών χαρακτήρων που προωθεί.	Kit believes television may be partly responsible for the rise in toxic masculinity thanks to its very masculine characters.	δέκτης τηλεόραση			
Ο Κιτ πιστεύει ότι η <N1></N1> μπορεί να ευθύνεται εν μέρει για την αύξηση της τοξικής αρρενωπότητας εξαιτίας των αρρενωπών χαρακτήρων που προωθεί.	Kit believes television may be partly responsible for the rise in toxic masculinity thanks to its very masculine characters.				
FALSE					
					
Πρόκειται φυσικά για τον ατζαμή μυστικό πράκτορα που ενώ προσποιείται ότι έχει την λάμψη και τους τρόπους ενός μυστικού πράκτορα, φέρνει λίγο προς τον Κλουζό, με μια δόση από κύριο Μπιν και κάτι από τον τύπο που έπαιξε μία και μόνο <L1>νότα</L1> στο μουσικό θέμα της ταινίας Οι Δρόμοι της Φωτιάς κατά την τελετή έναρξης των Ολυμπιακών Αγώνων του Λονδίνου το 2012.	He is of course the daft secret agent who despite his bizarre pretensions to smoothie glamour has got a little bit of Clouseau, a dash of Mr Bean and a dollop of that chap contributing a single note to the Chariots of Fire theme tune at the London 2012 Olympics opening ceremony.	αίσθηση ατμόσφαιρα αύρα νότα			
Πρόκειται φυσικά για τον ατζαμή μυστικό πράκτορα που ενώ προσποιείται ότι έχει την λάμψη και τους τρόπους ενός μυστικού πράκτορα, φέρνει λίγο προς τον Κλουζό, με μια δόση από κύριο Μπιν και κάτι από τον τύπο που έπαιξε μία και μόνο <N1></N1> στο μουσικό θέμα της ταινίας Οι Δρόμοι της Φωτιάς κατά την τελετή έναρξης των Ολυμπιακών Αγώνων του Λονδίνου το 2012.	He is of course the daft secret agent who despite his bizarre pretensions to smoothie glamour has got a little bit of Clouseau, a dash of Mr Bean and a dollop of that chap contributing a single note to the Chariots of Fire theme tune at the London 2012 Olympics opening ceremony.				
FALSE					
					
Το <L1>χιούμορ</L1> μοιάζει να απευθύνεται σε παιδιά και όχι σε ενήλικες και, κατά τη γνώμη μου, οι τρελές αναποδιές του Τζόνι Ίνγκλις δεν είναι τόσο εφευρετικές και συναφείς όσο τα σκετς τύπου βωβού κινηματογράφου του Άτκινσον για την περσόνα του Μπιν.	The humour feels as if it is pitched at kids rather than adults, and for me Johnny English's wacky misadventures aren't as inventive and focused as Atkinson's silent-movie gags in the persona of Bean.				
Το <N1></N1> μοιάζει να απευθύνεται σε παιδιά και όχι σε ενήλικες και, κατά τη γνώμη μου, οι τρελές αναποδιές του Τζόνι Ίνγκλις δεν είναι τόσο εφευρετικές και συναφείς όσο τα σκετς τύπου βωβού κινηματογράφου του Άτκινσον για την περσόνα του Μπιν.	The humour feels as if it is pitched at kids rather than adults, and for me Johnny English's wacky misadventures aren't as inventive and focused as Atkinson's silent-movie gags in the persona of Bean.				
FALSE					
					
Ένας κυβερνοχάκερ έχει διεισδύσει στο σούπερ μυστικό διαδικτυακό δίκτυο κατασκόπων της Βρετανίας, βγάζοντας στη <L1>φόρα</L1> την ταυτότητα όλων των πρακτόρων της Βρετανίας που βρίσκονται σε αποστολή, προς μεγάλη απογοήτευση του πράκτορα σε υπηρεσία, που τον υποδύεται ο Κέβιν Έλντον σε έναν δυστυχώς μικρό ρόλο για το βεληνεκές του.	A cyber-hacker has infiltrated Britain's super-secret web network of spies, revealing the identities of all Britain's agents in the field, to the dismay of the agent on duty - a regrettably small role for Kevin Eldon.	φορά			
Ένας κυβερνοχάκερ έχει διεισδύσει στο σούπερ μυστικό διαδικτυακό δίκτυο κατασκόπων της Βρετανίας, βγάζοντας στη <N1></N1> την ταυτότητα όλων των πρακτόρων της Βρετανίας που βρίσκονται σε αποστολή, προς μεγάλη απογοήτευση του πράκτορα σε υπηρεσία, που τον υποδύεται ο Κέβιν Έλντον σε έναν δυστυχώς μικρό ρόλο για το βεληνεκές του.	A cyber-hacker has infiltrated Britain's super-secret web network of spies, revealing the identities of all Britain's agents in the field, to the dismay of the agent on duty - a regrettably small role for Kevin Eldon.				
FALSE					
					
Ο Ίνγκλις και ο Μπαφ ξεκινούν την οδύσσεια της φαρσοκωμωδίας τους: μεταμφιεσμένοι ως σερβιτόροι, βάζουν φωτιά σε ένα χλιδάτο γαλλικό εστιατόριο, προκαλούν χάος καθώς προσπαθούν να επιβιβαστούν παράνομα στο πολυτελές <L1>γιοτ</L1> του Βόλτα, και ο Ίνγκλις προκαλεί αναρχία καθώς επιχειρεί να χρησιμοποιήσει μια συσκευή εικονικής πραγματικότητας για να εξοικειωθεί με το εσωτερικό του σπιτιού του Βόλτα.	English and Bough begin their odyssey of farcical high-jinks: disguised as waiters, they set fire to a flash French restaurant; they create mayhem smuggling themselves aboard Volta's luxury yacht; and English triggers pure anarchy as he attempts to use a Virtual Reality headset to familiarise himself with the interior of Volta's house.	γιότ γιώτ θαλαμηγός			
Ο Ίνγκλις και ο Μπαφ ξεκινούν την οδύσσεια της φαρσοκωμωδίας τους: μεταμφιεσμένοι ως σερβιτόροι, βάζουν φωτιά σε ένα χλιδάτο γαλλικό εστιατόριο, προκαλούν χάος καθώς προσπαθούν να επιβιβαστούν παράνομα στο πολυτελές <N1></N1> του Βόλτα, και ο Ίνγκλις προκαλεί αναρχία καθώς επιχειρεί να χρησιμοποιήσει μια συσκευή εικονικής πραγματικότητας για να εξοικειωθεί με το εσωτερικό του σπιτιού του Βόλτα.	English and Bough begin their odyssey of farcical high-jinks: disguised as waiters, they set fire to a flash French restaurant; they create mayhem smuggling themselves aboard Volta's luxury yacht; and English triggers pure anarchy as he attempts to use a Virtual Reality headset to familiarise himself with the interior of Volta's house.				
FALSE					
					
Αλλά όπως όλα τα μεγάλα κινήματα για τα ανθρώπινα δικαιώματα και κατά του <L1>απαρτχάιντ</L1> πριν από εμάς, θα πετύχουμε, επειδή ενωμένοι είμαστε πιο ισχυροί.	But, like the great civil rights and anti-apartheid movements before us, we will succeed, because we are more powerful together.				
Αλλά όπως όλα τα μεγάλα κινήματα για τα ανθρώπινα δικαιώματα και κατά του <N1></N1> πριν από εμάς, θα πετύχουμε, επειδή ενωμένοι είμαστε πιο ισχυροί.	But, like the great civil rights and anti-apartheid movements before us, we will succeed, because we are more powerful together.				
FALSE					
					
Η Πέιλιν χαρακτήρισε τη σύλληψή του ως μια <L1>βόμβα</L1> έτοιμη να εκραγεί και είπε για τον γιο της και άλλους βετεράνους ότι επιστρέφουν λίγο διαφορετικοί, επιστρέφουν πιο σκληροί, επιστρέφουν αναρωτώμενοι αν υπάρχει σεβασμός για ό,τι έχουν κάνει για τη χώρα οι στρατιώτες, οι αεροπόροι και κάθε άλλο μέλος του στρατού .	Palin called his arrest  the elephant in the room  and said of her son and other war veterans,  they come back a bit different, they come back hardened, they come back wondering if there is that respect for what it is that their fellow soldiers and airmen, and every other member of the military, has given to the country.				
Η Πέιλιν χαρακτήρισε τη σύλληψή του ως μια <N1></N1> έτοιμη να εκραγεί και είπε για τον γιο της και άλλους βετεράνους ότι επιστρέφουν λίγο διαφορετικοί, επιστρέφουν πιο σκληροί, επιστρέφουν αναρωτώμενοι αν υπάρχει σεβασμός για ό,τι έχουν κάνει για τη χώρα οι στρατιώτες, οι αεροπόροι και κάθε άλλο μέλος του στρατού .	Palin called his arrest  the elephant in the room  and said of her son and other war veterans,  they come back a bit different, they come back hardened, they come back wondering if there is that respect for what it is that their fellow soldiers and airmen, and every other member of the military, has given to the country.				
FALSE					
					
Ο ενθουσιασμός και το κίνητρο των Δημοκρατικών θα φτάσει σε επίπεδα <L1>ρεκόρ</L1> , δήλωσε ο Στου Ρόδενμπεργκ, ένας ακομμάτιστος πολιτικός αναλυτής, στον ειδησεογραφικό ιστότοπο.	Democratic enthusiasm and motivation is going to be off the chart,  Stu Rothenberg, a nonpartisan political analyst, told the news site.				
Ο ενθουσιασμός και το κίνητρο των Δημοκρατικών θα φτάσει σε επίπεδα <N1></N1> , δήλωσε ο Στου Ρόδενμπεργκ, ένας ακομμάτιστος πολιτικός αναλυτής, στον ειδησεογραφικό ιστότοπο.	Democratic enthusiasm and motivation is going to be off the chart,  Stu Rothenberg, a nonpartisan political analyst, told the news site.				
FALSE					
					
Αν με ρωτούσατε πέρυσι, το μόνο που ήθελα ήταν να κερδίσω το χρυσό <L1>μετάλλιο</L1> , είπε.	If you had asked me last year, it was all about 'I need to win a gold medal',  he said.				
Αν με ρωτούσατε πέρυσι, το μόνο που ήθελα ήταν να κερδίσω το χρυσό <N1></N1> , είπε.	If you had asked me last year, it was all about 'I need to win a gold medal',  he said.				
FALSE					
					
Ο Ρονάλτο αρνείται τις καταγγελίες για βιασμό, καθώς οι δικηγόροι του ετοιμάζονται να μηνύσουν γερμανικό <L1>περιοδικό</L1>	Ronaldo dismisses rape claims as lawyers set to sue German magazine				
Ο Ρονάλτο αρνείται τις καταγγελίες για βιασμό, καθώς οι δικηγόροι του ετοιμάζονται να μηνύσουν γερμανικό <N1></N1>	Ronaldo dismisses rape claims as lawyers set to sue German magazine				
FALSE					
					
Οι γυμναστές και το ιατρικό προσωπικό έδωσαν <L1>οξυγόνο</L1> στον Αμπερκρόμπι στον πάγκο και στη συνέχεια τον έβαλαν σε φορείο και τον μετέφεραν πίσω για περαιτέρω αξιολόγηση.	Trainers and medical personnel gave Abercrombie oxygen on the sideline before placing him on a stretcher and taking him back for further evaluation.				
Οι γυμναστές και το ιατρικό προσωπικό έδωσαν <N1></N1> στον Αμπερκρόμπι στον πάγκο και στη συνέχεια τον έβαλαν σε φορείο και τον μετέφεραν πίσω για περαιτέρω αξιολόγηση.	Trainers and medical personnel gave Abercrombie oxygen on the sideline before placing him on a stretcher and taking him back for further evaluation.				
FALSE					
					
Κατηγόρησε τις μεγάλες κατασκευαστικές εταιρείες ότι κρατάνε τις τιμές των ακινήτων υψηλές, αποκτώντας γη χωρίς, όμως, να τη χρησιμοποιούν και κάλεσε την κ. Μέι να καταργήσει τα <L1>πλαφόν</L1> σε οικονομικές κατοικίες προκειμένου να αποκαταστήσει το στεγαστικό αίσχος της Βρετανίας.	He accused big construction firms of keeping property prices high by snapping up land but not using it, and urged Mrs May to abandon quotas on affordable homes to fix Britain's  housing disgrace.				
Κατηγόρησε τις μεγάλες κατασκευαστικές εταιρείες ότι κρατάνε τις τιμές των ακινήτων υψηλές, αποκτώντας γη χωρίς, όμως, να τη χρησιμοποιούν και κάλεσε την κ. Μέι να καταργήσει τα <N1></N1> σε οικονομικές κατοικίες προκειμένου να αποκαταστήσει το στεγαστικό αίσχος της Βρετανίας.	He accused big construction firms of keeping property prices high by snapping up land but not using it, and urged Mrs May to abandon quotas on affordable homes to fix Britain's  housing disgrace.				
FALSE					
					
Η καλύτερη ώρα για <L1>μπύρα</L1> είναι στις 5.30μμ τα Σάββατα, σύμφωνα με έρευνα	Perfect time for a pint is 5.30pm on a Saturday, survey finds	ζύθος μπύρα			
Η καλύτερη ώρα για <N1></N1> είναι στις 5.30μμ τα Σάββατα, σύμφωνα με έρευνα	Perfect time for a pint is 5.30pm on a Saturday, survey finds				
FALSE					
					
Ο θερινός καύσωνας ενίσχυσε τα κέρδη για τις δοκιμαζόμενες <L1>παμπ</L1> της Βρετανίας αλλά έφερε μεγαλύτερη πίεση στις αλυσίδες εστιατορίων.	The summer heatwave has boosted takings for Britain's struggling pubs but heaped more pressure on restaurant chains.				
Ο θερινός καύσωνας ενίσχυσε τα κέρδη για τις δοκιμαζόμενες <N1></N1> της Βρετανίας αλλά έφερε μεγαλύτερη πίεση στις αλυσίδες εστιατορίων.	The summer heatwave has boosted takings for Britain's struggling pubs but heaped more pressure on restaurant chains.				
FALSE					
					
Στο τέλος του βίντεο η ομάδα των γυναικών αποκαλύπτει ότι όλες χόρευαν με τα διακριτικά θήλαστρα χωμένα μέσα στα <L1>σουτιέν</L1> τους.	At the end of the video the group of women reveal they've all been dancing with the discreet pumps tucked in their bras.	σουτιέν στηθόδεσμος			
Στο τέλος του βίντεο η ομάδα των γυναικών αποκαλύπτει ότι όλες χόρευαν με τα διακριτικά θήλαστρα χωμένα μέσα στα <N1></N1> τους.	At the end of the video the group of women reveal they've all been dancing with the discreet pumps tucked in their bras.				
FALSE					
					
Ο ειδικός απεσταλμένος του ΟΗΕ Στάφαν <L1>ντε</L1> Μιστούρα ελπίζει να συγκαλέσει σύντομα την πρώτη συνάντηση μιας νέας επιτροπής που αποτελείται από μέλη της κυβέρνησης και της αντιπολίτευσης για την κατάρτιση ενός μεταπολεμικού Συντάγματος για τη Συρία και να προετοιμάσει τον δρόμο για τις εκλογές.	UN envoy Staffan de Mistura is hoping to soon convene the first meetings of a new committee comprised of government and opposition members to draft a post-war constitution for Syria and pave the way to elections.				
Ο ειδικός απεσταλμένος του ΟΗΕ Στάφαν <N1></N1> Μιστούρα ελπίζει να συγκαλέσει σύντομα την πρώτη συνάντηση μιας νέας επιτροπής που αποτελείται από μέλη της κυβέρνησης και της αντιπολίτευσης για την κατάρτιση ενός μεταπολεμικού Συντάγματος για τη Συρία και να προετοιμάσει τον δρόμο για τις εκλογές.	UN envoy Staffan de Mistura is hoping to soon convene the first meetings of a new committee comprised of government and opposition members to draft a post-war constitution for Syria and pave the way to elections.				
FALSE					
					
Οι σύμμαχοι επέμειναν να προχωρήσει με την προσπάθειά της να πετύχει συμφωνία με τις Βρυξέλλες, παρά τις αντιδράσεις και να αναγκάσει τους Ευρωσκεπτικιστές και τους Εργατικούς να επιλέξουν ανάμεσα στο <L1>πακέτο</L1> της και το χάος .	Allies insisted she will push ahead with trying to strike a deal with Brussels despite the backlash - and force Eurosceptics and Labour to choose between her package and 'chaos'.				
Οι σύμμαχοι επέμειναν να προχωρήσει με την προσπάθειά της να πετύχει συμφωνία με τις Βρυξέλλες, παρά τις αντιδράσεις και να αναγκάσει τους Ευρωσκεπτικιστές και τους Εργατικούς να επιλέξουν ανάμεσα στο <N1></N1> της και το χάος .	Allies insisted she will push ahead with trying to strike a deal with Brussels despite the backlash - and force Eurosceptics and Labour to choose between her package and 'chaos'.				
FALSE					
					
Η Νταντί Σταρς πήρε εξιλέωση για την ήττα της στον αγώνα της Παρασκευής στην Ελίτ Λιγκ από τη Μπέλφαστ Τζάιαντς, κερδίζοντας τη <L1>ρεβάνς</L1> με 5-3 στο Νταντί το Σάββατο.	Dundee Stars atoned for Friday's Elite League loss against Belfast Giants by winning the return match 5-3 in Dundee on Saturday.				
Η Νταντί Σταρς πήρε εξιλέωση για την ήττα της στον αγώνα της Παρασκευής στην Ελίτ Λιγκ από τη Μπέλφαστ Τζάιαντς, κερδίζοντας τη <N1></N1> με 5-3 στο Νταντί το Σάββατο.	Dundee Stars atoned for Friday's Elite League loss against Belfast Giants by winning the return match 5-3 in Dundee on Saturday.				
FALSE					
					
Αμφότεροι η αεροπορική εταιρεία και το Πολεμικό Ναυτικό των ΗΠΑ είπαν ότι το <L1>αεροπλάνο</L1> προσθαλασσώθηκε στη λιμνοθάλασσα έξω από τον διάδρομο προσγείωσης.	The airline and the U.S. Navy both said the plane landed in the lagoon short of the runway.				
Αμφότεροι η αεροπορική εταιρεία και το Πολεμικό Ναυτικό των ΗΠΑ είπαν ότι το <N1></N1> προσθαλασσώθηκε στη λιμνοθάλασσα έξω από τον διάδρομο προσγείωσης.	The airline and the U.S. Navy both said the plane landed in the lagoon short of the runway.				
FALSE					
					
Μια <L1>νταντά</L1> από τη Νέα Υόρκη ασκεί αγωγή σε ζευγάρι για ρατσιστική απόλυση μετά την λήψη μηνύματος που κατά λάθος της έστειλε η μητέρα όπου η τελευταία παραπονιόταν πως η νταντά ήταν άλλος ένας μαύρος άνθρωπος.	A New York nanny is suing a couple for discriminatory firing after receiving a misdirected text from the mother complaining that she was  another black person.				
Μια <N1></N1> από τη Νέα Υόρκη ασκεί αγωγή σε ζευγάρι για ρατσιστική απόλυση μετά την λήψη μηνύματος που κατά λάθος της έστειλε η μητέρα όπου η τελευταία παραπονιόταν πως η νταντά ήταν άλλος ένας μαύρος άνθρωπος.	A New York nanny is suing a couple for discriminatory firing after receiving a misdirected text from the mother complaining that she was  another black person.				
FALSE					
					
Η κόρη μου πέθαινε και έπρεπε να της πω <L1>αντίο</L1> από το τηλέφωνο	My daughter was dying and I had to say goodbye over the phone	αντίο αποχαιρετισμός γειά σου | αντίο γειά σου			
Η κόρη μου πέθαινε και έπρεπε να της πω <N1></N1> από το τηλέφωνο	My daughter was dying and I had to say goodbye over the phone				
FALSE					
					
Ο Ισπανός βετεράνος οκτώ Κυπέλλων Ραίντερ, Σέργκιο Γκαρσία στέφθηκε ο πιο νικηφόρος ευρωπαίος όλων των εποχών στο <L1>τουρνουά</L1> με συνολικούς βαθμούς 25,5.	A veteran of eight Ryder Cups, Spaniard Sergio Garcia became the tournaments all-time winningest European with 25.5 career point.	διαγωνισμός | αγώνας 			
Ο Ισπανός βετεράνος οκτώ Κυπέλλων Ραίντερ, Σέργκιο Γκαρσία στέφθηκε ο πιο νικηφόρος ευρωπαίος όλων των εποχών στο <N1></N1> με συνολικούς βαθμούς 25,5.	A veteran of eight Ryder Cups, Spaniard Sergio Garcia became the tournaments all-time winningest European with 25.5 career point.
FALSE					
					