					
					
Ma in alcuni <L1>film</L1> sugli Stooges	But in some of the Stooges films,	film pellicola | opera cinematografica film			
Ma in alcuni <N1>pellicole</N1> sugli Stooges	But in some of the Stooges films,				
TRUE					
					
Come esercizio finale, Vorrei che sosituiste il grafico a dispersione (scatter plot) con un grafico a barre (bar chart) con gli stessi due parametri precedenti, quindi procedete dicendo al <L1>computer</L1> di generare un grafico a barre.	As a final exercise, I'd like you to replace scatter plot by bar chart again with the same two arguments as before--so please go ahead and tell the computer to generate a bar chart.	calcolatore elettronico calcolatore elaboratore computer			
Come esercizio finale, Vorrei che sosituiste il grafico a dispersione (scatter plot) con un grafico a barre (bar chart) con gli stessi due parametri precedenti, quindi procedete dicendo al <N1>calcolatore elettronico</N1> di generare un grafico a barre.	As a final exercise, I'd like you to replace scatter plot by bar chart again with the same two arguments as before--so please go ahead and tell the computer to generate a bar chart.				
TRUE					
					
Accettarono di <L1>ingaggiare</L1> il marito di Sacajawea, Charbonneau, con l'idea che anche la bella moglie li avrebbe seguiti in veste di interprete.	They agreed to hire Sacajawea's husband, Charbonneau, with the understanding that his lovely wife would also come along as an interpreter.				
Accettarono di <N1>impegnare</N1> il marito di Sacajawea, Charbonneau, con l'idea che anche la bella moglie li avrebbe seguiti in veste di interprete.	They agreed to hire Sacajawea's husband, Charbonneau, with the understanding that his lovely wife would also come along as an interpreter.				
TRUE					
					
E' la cosa che gli <L1>smartphone</L1> ci stanno portando via,	Yes. Louis: Is the ability to just sit there.				
E' la cosa che i <N1>telefoni cellulari multimediali</N1> ci stanno portando via,	Yes. Louis: Is the ability to just sit there.				
TRUE					
					
fatti investire come un <L1>camion</L1> .	Just let the sadness, stand in the way of it, and let it hit you like a truck.				
fatti investire come un <N1>autocarro</N1> .	Just let the sadness, stand in the way of it, and let it hit you like a truck.				
TRUE					
					
Nei vecchi tempi, i vestiti per le <L1>performance</L1> erano sempre gli stessi,	You know, in the old days, the performance clothes was always the same,				
Nei vecchi tempi, i vestiti per le <N1>esibizioni teatrali</N1> erano sempre gli stessi,	You know, in the old days, the performance clothes was always the same,				
TRUE					
					
Per creare una <L1>sorta</L1> di terza identità.	Create something like a third identity.	fatta qualità razza genere specie sorta tipo forma			
Per creare una <N1></N1> di terza identità.	Create something like a third identity.				
FALSE					
					
C'è un'altro <L1>vantaggio</L1> nel parlare a ragazzi delle superiori, ed è che non hanno paura di partecipare alla presentazione.	There is another benefit of talking to high school kids. And that's they are not afraid to participate in the presentation.				
C'è un'altro <N1></N1> nel parlare a ragazzi delle superiori, ed è che non hanno paura di partecipare alla presentazione.	There is another benefit of talking to high school kids. And that's they are not afraid to participate in the presentation.				
FALSE					
					
Pensate alla presentazione come a un <L1>test</L1> di Rorschach:	When you think about the presentation, it's like a Rorschach test.	test psicometrico test			
Pensate alla presentazione come a un <N1></N1> di Rorschach:	When you think about the presentation, it's like a Rorschach test.				
FALSE					
					
Se sceglie la pillola <L1>blu</L1> si addormenterà, e quando si sveglierà tutto sarà esattamente come è sempre stato.	If he chooses the blue pill, he'll fall asleep and when he wakes up, everything will be exactly the way it has always been.	blè blue blu bleu			
Se sceglie la pillola <N1></N1> si addormenterà, e quando si sveglierà tutto sarà esattamente come è sempre stato.	If he chooses the blue pill, he'll fall asleep and when he wakes up, everything will be exactly the way it has always been.				
FALSE					
					
Se vi viene detta quella <L1>bugia</L1> a sufficienza, diventa parte della vostra realtà.	If you're told the lie enough times, it becomes part of your reality.	soffione tarassaco dente-di-leone bugia pisciacane piscialletto			
Se vi viene detta quella <N1></N1> a sufficienza, diventa parte della vostra realtà.	If you're told the lie enough times, it becomes part of your reality.				
FALSE					
					
Quindi ne <L1>deriva</L1> che ogni secondo negli Stati Uniti 300 animali vengono uccisi.	So what that works out to be is that every second in the U.S. 300 animals are killed.				
Quindi ne <N1></N1> che ogni secondo negli Stati Uniti 300 animali vengono uccisi.	So what that works out to be is that every second in the U.S. 300 animals are killed.				
FALSE					
					
E la maggior parte di noi non batte ciglio. E voglio dire, com'è possibile che negli Stati Uniti d'America, possiamo uccidere, possiamo <L1>massacrare</L1> 300 animali al secondo, senza nemmeno porci il problema?	And most of us do not even blink an eye and I mean how is it possible that in the United States of America, we can kill, we can slaughter 300 animals, every second, and not question that.	massacrare macellare			
E la maggior parte di noi non batte ciglio. E voglio dire, com'è possibile che negli Stati Uniti d'America, possiamo uccidere, possiamo <N1></N1> 300 animali al secondo, senza nemmeno porci il problema?	And most of us do not even blink an eye and I mean how is it possible that in the United States of America, we can kill, we can slaughter 300 animals, every second, and not question that.				
FALSE					
					
Se entrassi nella <L1>sala</L1> con un cesto di fragole che avessero proprio quell'aspetto, biologiche.	If I came into the room with a basket of strawberries that looked just like that, organic.				
Se entrassi nella <N1></N1> con un cesto di fragole che avessero proprio quell'aspetto, biologiche.	If I came into the room with a basket of strawberries that looked just like that, organic.				
FALSE					
					
E la ragione per cui entreremmo in <L1>azione</L1> per entrambi, è perché riconosciamo l'uguaglianza tra i due e non le differenze.	And the reason why we would take action for both of them, is because we recognize the equality between them and not the difference.				
E la ragione per cui entreremmo in <N1></N1> per entrambi, è perché riconosciamo l'uguaglianza tra i due e non le differenze.	And the reason why we would take action for both of them, is because we recognize the equality between them and not the difference.				
FALSE					
					
Quello che vi mostrerò è un <L1>video</L1> di 3 minuti, realizzato dalle stesse persone del primo video, Farm Sanctuary .	So I'm going to show you, a 3-minute video again by the same people that put on the first video,  Farm Sanctuary .				
Quello che vi mostrerò è un <N1></N1> di 3 minuti, realizzato dalle stesse persone del primo video, Farm Sanctuary .	So I'm going to show you, a 3-minute video again by the same people that put on the first video,  Farm Sanctuary .				
FALSE					
					
Non ci vuole un esperto di <L1>business</L1> per capirlo.	It does not take a business expert to realize that.	attivita' economica commercio scambio negozio business affari negoziazione mercatura			
Non ci vuole un esperto di <N1>affari</N1> per capirlo.	It does not take a business expert to realize that.				
TRUE					
					
Vedete, la ragione per cui molte persone sono intolleranti al lattosio, è perché tutti i mammiferi, e gli umani sono mammiferi, hanno un <L1>enzima</L1> chiamato lattasi.	You see, the reason most people are lactose intolerant is because all mammals, and human beings are mammals have an enzyme known as lactase.	enzima fermento			
Vedete, la ragione per cui molte persone sono intolleranti al lattosio, è perché tutti i mammiferi, e gli umani sono mammiferi, hanno un <N1></N1> chiamato lattasi.	You see, the reason most people are lactose intolerant is because all mammals, and human beings are mammals have an enzyme known as lactase.				
FALSE					
					
Questo enzima distrugge lo <L1>zucchero</L1> chiamato lattosio.	That enzyme breaks down the sugar known as lactose.				
Questo enzima distrugge lo <N1></N1> chiamato lattosio.	That enzyme breaks down the sugar known as lactose.				
FALSE					
					
In termini di crudeltà inflitta agli animali, perché soffrono per un lungo <L1>lasso</L1> di tempo, e perché è totalmente innaturale e dannoso.	In terms of the cruelty inflicted upon the animals, they suffer for a longer period of time, and it's just completely unnatural and unhealthy.	lasso spazio spazio di tempo estensione di tempo arco di tempo durata			
In termini di crudeltà inflitta agli animali, perché soffrono per un lungo <N1></N1> di tempo, e perché è totalmente innaturale e dannoso.	In terms of the cruelty inflicted upon the animals, they suffer for a longer period of time, and it's just completely unnatural and unhealthy.				
FALSE					
					
Il 68% delle malattie negli <L1>USA</L1> sono riconducibili all'alimentazione.	68% of all diseases in the U.S. are diet related.	America Stati Uniti d'America USA Stati Uniti			
Il 68% delle malattie negli <N1>Stati Uniti d'America</N1> sono riconducibili all'alimentazione.	68% of all diseases in the U.S. are diet related.				
TRUE					
					
La chiave per la salute è una <L1>varietà</L1> di cibi e di colori.	A key to a healthy diet is a variety of foods and a variety of colors.	varietà raccolta scelta assortimento collezione aggregazione | varietà esemplare			
La chiave per la salute è una <N1></N1> di cibi e di colori.	A key to a healthy diet is a variety of foods and a variety of colors.				
FALSE					
					
I carnivori sono tutti <L1>star</L1> dell'atletica.	The carnivores are all the track and field stars.				
I carnivori sono tutti <N1>stelle</N1> dell'atletica.	The carnivores are all the track and field stars.				
TRUE					
					
Perché potete anche chiamarlo <L1>bacon</L1> quanto volete, ma una volta che sta nel vostro corpo non è più bacon.	Because you can call it bacon as much as you want, but once it is in your body, it is no longer bacon.				
Perché potete anche chiamarla <N1>pancetta affumicata</N1> quanto volete, ma una volta che sta nel vostro corpo non è più bacon.	Because you can call it bacon as much as you want, but once it is in your body, it is no longer bacon.				
TRUE					
					
Dovete metterci il carburante adatto per farla <L1>funzionare</L1> al meglio.	You have to put the proper fuels in it to get it to work properly.				
Dovete metterci il carburante adatto per farla <N1></N1> al meglio.	You have to put the proper fuels in it to get it to work properly.				
FALSE					
					
Le aziende stanno perdendo il <L1>controllo</L1> dei loro clienti e dei loro impiegati.	Companies are losing control of their customers and their employees.				
Le aziende stanno perdendo il <N1></N1> dei loro clienti e dei loro impiegati.	Companies are losing control of their customers and their employees.				
FALSE					
					
Possono collaborare con loro nella creazione di idee, conoscenza, contenuti, <L1>design</L1> e prodotto.	They can collaborate with them on the creation of ideas, knowledge, content, designs and product.	industrial design design			
Possono collaborare con loro nella creazione di idee, conoscenza, contenuti, <N1>progettazione</N1> e prodotto.	They can collaborate with them on the creation of ideas, knowledge, content, designs and product.				
TRUE					
					
Possono dare loro maggiore controllo sui prezzi di vendita, che è quello che hanno fatto i Radiohead con il loro <L1>album</L1> <L2>online</L2> a offerta libera	They can give them more control over pricing, which is what the band Radiohead did with its pay-as-you-like online release of its album	album albo			
Possono dare loro maggiore controllo sui prezzi di vendita, che è quello che hanno fatto i Radiohead con le oro <N1>raccolte musicali</N1> <N2>in rete</N2> a offerta libera	They can give them more control over pricing, which is what the band Radiohead did with its pay-as-you-like online release of its album				
TRUE					
					
All'inizio la Microsoft ha cercato di fermare gli hacker, ma poi ha cambiato direzione non appena ha capito che <L1>supportare</L1> attivamente la comunità aveva dei vantaggi.	Microsoft first fought off the hacks, but then shifted course when it realized that actively supporting the community came with benefits.				
All'inizio la Microsoft ha cercato di fermare gli hacker, ma poi ha cambiato direzione non appena ha capito che <N1></N1> attivamente la comunità aveva dei vantaggi.	Microsoft first fought off the hacks, but then shifted course when it realized that actively supporting the community came with benefits.				
FALSE					
					
In una presa di posizione ancora più radicale contro il consumismo, l'azienda ha piazzato una pubblicità, Non comprate questa giacca durante il <L1>picco</L1> della stagione dello shopping.	In an even more radical stance against consumerism, the company placed a  Don't Buy This Jacket  advertisement during the peak of shopping season.	tetto culmine vertice capo sommo sommità picco vetta cima | punta top vertice vetta massimo culmine sommo acme picco cima | sommità pizzo cocuzzolo vetta picco cima			
In una presa di posizione ancora più radicale contro il consumismo, l'azienda ha piazzato una pubblicità, Non comprate questa giacca durante il <N1></N1> della stagione dello shopping.	In an even more radical stance against consumerism, the company placed a  Don't Buy This Jacket  advertisement during the peak of shopping season.				
FALSE					
					
Alla Frog, l'azienda per la quale lavoro, teniamo dei veloci <L1>meeting</L1> interni che mettono in relazione i vecchi impiegati con quelli nuovi, aiutandoli a conoscersi velocemente.	At Frog, the company I work for, we hold internal speed meet sessions that connect old and new employees, helping them get to know each other fast.				
Alla Frog, l'azienda per la quale lavoro, teniamo delle veloci <N1>riunioni</N1> interne che mettono in relazione i vecchi impiegati con quelli nuovi, aiutandoli a conoscersi velocemente.	At Frog, the company I work for, we hold internal speed meet sessions that connect old and new employees, helping them get to know each other fast.				
TRUE					
					
Questo veicolo lo chiamo helicop -- un volantor, dalla parola latina <L1>volant</L1> , che significa volare in modo leggero, agile.	I've called this vehicle, generically, a volantor, after the Latin word  volant,  meaning, to fly in a light, nimble manner.				
Questo veicolo lo chiamo helicop -- un volantor, dalla parola latina <N1></N1> , che significa volare in modo leggero, agile.	I've called this vehicle, generically, a volantor, after the Latin word  volant,  meaning, to fly in a light, nimble manner.				
FALSE					
					
Hanno rilasciato un vero e proprio <L1>brevetto</L1> di pilota -- un brevetto per piloti di powerlift -- per questo tipo di aeromobili.	And they've actually issued a pilot's license -- a powerlift pilot's license -- for this type of aircraft.				
Hanno rilasciato un vero e proprio <N1></N1> di pilota -- un brevetto per piloti di powerlift -- per questo tipo di aeromobili.	And they've actually issued a pilot's license -- a powerlift pilot's license -- for this type of aircraft.				
FALSE					
					
Questa è una delle prime versioni, ecco perché è stata chiamata X, tuttavia è un aeromobile per 4 passeggeri che puó <L1>decollare</L1> verticalmente, come un <L2>elicottero</L2> -- e perciò non ha bisogno di aeroporti.	This is a little bit earlier version of it, that's why it's given the X designation, but it's a four-passenger aircraft that could take off vertically, like a helicopter -- therefore it doesn't need an airfield.				
Questa è una delle prime versioni, ecco perché è stata chiamata X, tuttavia è un aeromobile per 4 passeggeri che puó <N1></N1> verticalmente, come un <N2></N2> -- e perciò non ha bisogno di aeroporti.	This is a little bit earlier version of it, that's why it's given the X designation, but it's a four-passenger aircraft that could take off vertically, like a helicopter -- therefore it doesn't need an airfield.				
FALSE					
					
Un commento <L1>macabro</L1> perché abbiamo perso molti piloti.	That's a macabre comment because we lost a lot of pilots.				
Un commento <N1></N1> perché abbiamo perso molti piloti.	That's a macabre comment because we lost a lot of pilots.				
FALSE					
					
C'é un <L1>sondaggio</L1> che é vento fuori di recente dalla NAS -- penso che sia della MSNBC -- dove veniva chiesto,	There's an interesting poll that came out recently under NAS -- I think it's MSNBC -- in which they asked the question,	rilevamento indagine sondaggio			
C'é un <N1></N1> che é vento fuori di recente dalla NAS -- penso che sia della MSNBC -- dove veniva chiesto,	There's an interesting poll that came out recently under NAS -- I think it's MSNBC -- in which they asked the question,				
FALSE					
					
Formiamo rapporti in base a qualsiasi cosa -- gusti musicali, razza, genere, il <L1>quartiere</L1> in cui siamo cresciuti.	We bond together based on anything that we can -- music preference, race, gender, the block that we grew up on.	quartiere Quarto | rione quartiere | quartiere appartamento			
Formiamo rapporti in base a qualsiasi cosa -- gusti musicali, razza, genere, il <N1></N1> in cui siamo cresciuti.	We bond together based on anything that we can -- music preference, race, gender, the block that we grew up on.				
FALSE					
					
Ho continuato la <L1>farsa</L1> per 8 anni.	I kept up the charade for eight years.				
Ho continuato la <N1></N1> per 8 anni.	I kept up the charade for eight years.				
FALSE					
					
A scuola, gli altri bambini spesso venivano da me e mi prendevano per la gola, per sentire il pomo d'Adamo, o all'inguine per <L1>controllare</L1> cosa avessi in mezzo alle gambe.	Kids would often come up to me in class and grab me by the throat to check for an Adam's apple or grab my crotch to check what I was working with.				
A scuola, gli altri bambini spesso venivano da me e mi prendevano per la gola, per sentire il pomo d'Adamo, o all'inguine per <N1></N1> cosa avessi in mezzo alle gambe.	Kids would often come up to me in class and grab me by the throat to check for an Adam's apple or grab my crotch to check what I was working with.				
FALSE					
					
Ai <L1>pigiama</L1> <L2>party</L2>, andavo in panico quando dovevo scoraggiare le ragazze che volevano baciarmi senza rivelare me stessa.	At sleepovers I would have panic attacks trying to break it to girls that they didn't want to kiss me without outing myself.				
Alla <N2>festa</N2><N1>pigiama</N1>, andavo in panico quando dovevo scoraggiare le ragazze che volevano baciarmi senza rivelare me stessa.	At sleepovers I would have panic attacks trying to break it to girls that they didn't want to kiss me without outing myself.				
TRUE					
					
Era un <L1>progetto</L1> molto ampio e per realizzarlo avevamo bisogno di aiuto.	So this was a very large undertaking, and to do it we needed some help.	disegno proponimento proposito progetto programma piano idea			
Era un <N1></N1> molto ampio e per realizzarlo avevamo bisogno di aiuto.	So this was a very large undertaking, and to do it we needed some help.				
FALSE					
					
[ Chi è <L1>responsabile</L1> per l'uguaglianza? ]	[ Who is responsible for equality? ]	serio coscienzioso giudizioso responsabile | responsabile reo colpevole			
[ Chi è <N1></N1> per l'uguaglianza? ]	[ Who is responsible for equality? ]				
FALSE					
					
Mi sono resa conto che la mia missione di fotografare i <L1>gay</L1> era imperfetta, perché c'erano un milione di sfumature diverse di gay.	At some point I realized that my mission to photograph  gays  was inherently flawed, because there were a million different shades of gay.	gay omosessuale diverso checca finocchio invertito | gay omoerotico omofilo omosessuale			
Mi sono resa conto che la mia missione di fotografare gli <N1>omosessuali</N1> era imperfetta, perché c'erano un milione di sfumature diverse di gay.	At some point I realized that my mission to photograph  gays  was inherently flawed, because there were a million different shades of gay.				
TRUE					
					
Una volta superato lo <L1>shock</L1> la maggioranza delle persone ha scelto un numero tra il 70 e il 95% o fra il 3 e il 20%.	Once they got over the shock, though, by and large people opted for somewhere between 70 to 95 percent or the 3 to 20 percent marks.	choc impressione shock scossone			
Una volta superato il <N1>trauma</N1> la maggioranza delle persone ha scelto un numero tra il 70 e il 95% o fra il 3 e il 20%.	Once they got over the shock, though, by and large people opted for somewhere between 70 to 95 percent or the 3 to 20 percent marks.				
TRUE					
					
Ha un <L1>impatto</L1> straordinario sulla nostra vita quotidiana.	It has an amazing impact on our everyday life.	impatto scontro urto collisione			
Ha un <N1></N1> straordinario sulla nostra vita quotidiana.	It has an amazing impact on our everyday life.				
FALSE					
					
Vorrei mettere da parte questa discussione da <L1>bar</L1> del venerdì sera e farvi entrare sul serio in laboratorio.	I'd like to put this kind of Friday night bar discussion aside and get you to actually step into the lab.				
Vorrei mettere da parte questa discussione da <N1></N1> del venerdì sera e farvi entrare sul serio in laboratorio.	I'd like to put this kind of Friday night bar discussion aside and get you to actually step into the lab.				
FALSE					
					
M'interessa molto di più prendere chiunque di voi e mostrargli che costringendolo a giocare a un videogioco d'azione, posso davvero cambiare in meglio le sue capacità visive, che voglia o <L1>no</L1> giocare a quel videogioco, ok?	I'm much more interested in taking any of you and showing that by forcing you to play an action game, I can actually change your vision for the better, whether you want to play that action game or not, right?				
M'interessa molto di più prendere chiunque di voi e mostrargli che costringendolo a giocare a un videogioco d'azione, posso davvero cambiare in meglio le sue capacità visive, che voglia o <N1></N1> giocare a quel videogioco, ok?	I'm much more interested in taking any of you and showing that by forcing you to play an action game, I can actually change your vision for the better, whether you want to play that action game or not, right?				
FALSE					
					
Perciò è il punto <L1>cruciale</L1> della ricerca, e per farlo, dobbiamo fare ancora un passo in avanti.	So that's really the crux of the research, and to do that, we need to go one more step.				
Perciò è il punto <N1></N1> della ricerca, e per farlo, dobbiamo fare ancora un passo in avanti.	So that's really the crux of the research, and to do that, we need to go one more step.				
FALSE					
					
C'è un'industria di <L1>software</L1> d'intrattenimento che è estremamente abile nel realizzare prodotti invitanti a cui non potete resistere.	There is an entertainment software industry which is extremely deft at coming up with appealing products that you can't resist.	sistema software			
C'è un'industria di <N1>programmi</N1> d'intrattenimento che è estremamente abile nel realizzare prodotti invitanti a cui non potete resistere.	There is an entertainment software industry which is extremely deft at coming up with appealing products that you can't resist.				
TRUE					
					
Ti serve un altro <L1>stage</L1> per sostenere la tua domanda per il college.	You need another internship to bolster your college applications.	workshop corso di specializzazione stage			
Ti serve un altro <N1>tirocinio</N1> per sostenere la tua domanda per il college.	You need another internship to bolster your college applications.				
TRUE					
					
E una sera, sono sul <L1>treno</L1> che va verso i quartieri residenziali.	And one night, I'm riding the uptown local train.				
E una sera, sono sul <N1></N1> che va verso i quartieri residenziali.	And one night, I'm riding the uptown local train.				
FALSE					
					
Era successo questo, era arrivata una <L1>gang</L1> da Brooklyn. Come parte dell'iniziazione di tre dei membri, dovevano uccidere qualcuno, e successe che io ero il ragazzo che percorreva Bleecker Street quella notte, e mi saltarono addosso senza dire una parola.	As part of an initiation for three of their members, they had to kill somebody, and I happened to be the guy walking down Bleecker Street that night, and they jumped on me without a word.				
Era successo questo, era arrivata una <N1>banda di malviventi</N1> da Brooklyn. Come parte dell'iniziazione di tre dei membri, dovevano uccidere qualcuno, e successe che io ero il ragazzo che percorreva Bleecker Street quella notte, e mi saltarono addosso senza dire una parola.	As part of an initiation for three of their members, they had to kill somebody, and I happened to be the guy walking down Bleecker Street that night, and they jumped on me without a word.				
TRUE					
					
Il tipo a destra aveva un coltello con una <L1>lama</L1> di 25 centimetri, e mi colpì sotto il gomito, e la lama salì e mi recise la vena cava inferiore.	The guy on the right had a knife with a 10-inch blade, and he went in under my elbow, and it went up and cut my inferior vena cava.	foglia lama lamina			
Il tipo a destra aveva un coltello con una <N1></N1> di 25 centimetri, e mi colpì sotto il gomito, e la lama salì e mi recise la vena cava inferiore.	The guy on the right had a knife with a 10-inch blade, and he went in under my elbow, and it went up and cut my inferior vena cava.				
FALSE					
					
E poi, quando uscii e i <L1>flashback</L1> e gli incubi mi creavano molti problemi, tornai da lui e gli chiesi, più o meno, ma cosa devo fare?	And later on, when I got out and the flashbacks and the nightmares were giving me a hard time, I went back to him and I was sort of asking him, you know, what am I gonna do?	flash-back flashback			
E poi, quando uscii e i <N1>ricordi</N1> e gli incubi mi creavano molti problemi, tornai da lui e gli chiesi, più o meno, ma cosa devo fare?	And later on, when I got out and the flashbacks and the nightmares were giving me a hard time, I went back to him and I was sort of asking him, you know, what am I gonna do?				
TRUE					
					
l'ultima cicatrice che mi ha lasciato il chirurgo, e penso che, il fatto di incontrare quei ragazzi in strada con i coltelli mi ha portato fino al <L1>team</L1> di chirurghi, e al loro tirocinio e al loro talento e, sempre, un po' di fortuna ha respinto il caos.	led me to my surgical team, and their training and their skill and, always, a little bit of luck pushed back against chaos.				
l'ultima cicatrice che mi ha lasciato il chirurgo, e penso che, il fatto di incontrare quei ragazzi in strada con i coltelli mi ha portato fino alla <N1>squadra</N1> di chirurghi, e al loro tirocinio e al loro talento e, sempre, un po' di fortuna ha respinto il caos.	led me to my surgical team, and their training and their skill and, always, a little bit of luck pushed back against chaos.				
TRUE					
					
Per la prima volta nella mia vita, lavorai per nove settimane consecutive, senza giorni di riposo, lavorando fino a tardi, per creare uno dei siti <L1>internet</L1> più belli che abbia mai creato.	For the first time in my life, I worked nine weeks straight, without taking a day off, working long hours, and building some of the most beautiful websites that I have ever built. I also learned to speak in public.				
Per la prima volta nella mia vita, lavorai per nove settimane consecutive, senza giorni di riposo, lavorando fino a tardi, per creare uno dei siti <N1>nella rete di comunicazione</N1> più belli che abbia mai creato.	For the first time in my life, I worked nine weeks straight, without taking a day off, working long hours, and building some of the most beautiful websites that I have ever built. I also learned to speak in public.				
TRUE					
					
- e grazie al <L1>supporto</L1> della loro comunità - fondò molte altre startup di successo, ne avrete sentito nominare.	- and because of the support of their community - went on to found a bunch of successful startups, some of which you might have heard of.	supporto appoggio protezione			
- e grazie al <N1></N1> della loro comunità - fondò molte altre startup di successo, ne avrete sentito nominare.	- and because of the support of their community - went on to found a bunch of successful startups, some of which you might have heard of.				
FALSE					
					
Fu solo qualche giorno più tardi mentre ero in <L1>coma</L1> che i dottori mi diagnosticarono una meningite batterica, un'infezione del sangue prevenibile con la vaccinazione.	It wasn't until days later as I lay in a coma that the doctors diagnosed me with bacterial meningitis, a vaccine-preventable blood infection.				
Fu solo qualche giorno più tardi mentre ero in <N1></N1> che i dottori mi diagnosticarono una meningite batterica, un'infezione del sangue prevenibile con la vaccinazione.	It wasn't until days later as I lay in a coma that the doctors diagnosed me with bacterial meningitis, a vaccine-preventable blood infection.				
FALSE					
					
Poi nel 2005 co-fondai un'organizzazione non-profit per ragazzi e giovani adulti con disabilità fisiche per coinvolgerli negli <L1>sport</L1> d'azione.	Then in 2005 I co-founded a non-profit organization for youth and young adults with physical disabilities so they could get involved with action sports.				
Poi nel 2005 co-fondai un'organizzazione non-profit per ragazzi e giovani adulti con disabilità fisiche per coinvolgerli nelle <N1>attività fisiche</N1> d'azione.	Then in 2005 I co-founded a non-profit organization for youth and young adults with physical disabilities so they could get involved with action sports.				
TRUE					
					
Quello che voglio evidenziare è che le vignette appaiono nel contesto della rivista The New Yorker, quel delizioso carattere Caslon, e sembra una <L1>vignetta</L1> piuttosto innocua in quel contesto.	One of the things I'm pointing out is that cartoons appear within the context of The New Yorker magazine, that lovely Caslon type, and it seems				
Quello che voglio evidenziare è che le vignette appaiono nel contesto della rivista The New Yorker, quel delizioso carattere Caslon, e sembra una <N1></N1> piuttosto innocua in quel contesto.	One of the things I'm pointing out is that cartoons appear within the context of The New Yorker magazine, that lovely Caslon type, and it seems				
FALSE					
					
E.B. White ha detto, <L1>analizzare</L1> l'umorismo è come vivisezionare una rana.	Now E.B. White said, analyzing humor is like dissecting a frog.				
E.B. White ha detto, <N1></N1> l'umorismo è come vivisezionare una rana.	Now E.B. White said, analyzing humor is like dissecting a frog.				
FALSE					
					
Voglio riassumere tutto con una <L1>didascalia</L1> di una vignetta, e credo che riassuma veramente tutto, delle vignette del The New Yorker.	So I want to sum all this up with a caption to a cartoon, and I think this sums up the whole thing, really, about The New Yorker cartoons.	sottotitolo didascalia | leggenda dicitura spiegazione legenda didascalia			
Voglio riassumere tutto con una <N1></N1> di una vignetta, e credo che riassuma veramente tutto, delle vignette del The New Yorker.	So I want to sum all this up with a caption to a cartoon, and I think this sums up the whole thing, really, about The New Yorker cartoons.				
FALSE					
					
la <L1>macro</L1> potrebbe essere per il benessere dell'economia, o dell'intera nazione.	And the macro is that it might be good for the economy, or the nation as a whole.				
la <N1></N1> potrebbe essere per il benessere dell'economia, o dell'intera nazione.	And the macro is that it might be good for the economy, or the nation as a whole.				
FALSE					
					
E si sentono spesso le parole scarse risorse spersso quando le persone parlano di economia. Una scarsa <L1>risorsa</L1> è quella di cui non se ne ha una quantità infinita.	And a scarce resource is one you don't have an infinite amount of.				
E si sentono spesso le parole scarse risorse spersso quando le persone parlano di economia. Una scarsa <N1></N1> è quella di cui non se ne ha una quantità infinita.	And a scarce resource is one you don't have an infinite amount of.				
FALSE					
					
E' aperta alla soggettività e molta di quella soggettività si basa sulle <L1>ipotesi</L1> che si decide di fare.	It is open .. it is open to subjectivity, and a lot of that subjectivity is all around the assumptions that you choose to make.	ipotesi supposizione congettura presunzione | ipotesi prospettiva eventualità possibilità caso evenienza			
E' aperta alla soggettività e molta di quella soggettività si basa sulle <N1></N1> che si decide di fare.	It is open .. it is open to subjectivity, and a lot of that subjectivity is all around the assumptions that you choose to make.				
FALSE					
					
Voglio dire, e' cosi <L1>romantico</L1> e meraviglioso.	I mean, it's so romantic and It's so wonderful.				
Voglio dire, e' cosi <N1></N1> e meraviglioso.	I mean, it's so romantic and It's so wonderful.				
FALSE					
					
Sei tu che hai avvelenato il <L1>drink</L1> di J-Cub al nostro <L2>party</L2>?	Are you the one who poisoned J-Cub's drink at our party?				
Sei tu che hai avvelenato la <N1>bevanda</N1> di J-Cub alla nostra <N2>festa</N2>?	Are you the one who poisoned J-Cub's drink at our party?				
TRUE					
					
Immagino che appaia la parola <L1>boss</L1> nella mia mente visto che lavoro per lui.	I guess the word boss comes to mind since I work for him.				
Immagino che appaia la parola <N1>capo</N1> nella mia mente visto che lavoro per lui.	I guess the word boss comes to mind since I work for him.				
TRUE					
					
Quindi sono andato a comprarmi dei pantaloncini color <L1>cachi</L1> o qualcosa di simile, e sfortunatamente il loro motto aziendale era Stai sul semplice .	So I went and bought khaki shorts or whatever, and unfortunately, their branding was all about  Keep It Simple.				
Quindi sono andato a comprarmi dei pantaloncini color <N1></N1> o qualcosa di simile, e sfortunatamente il loro motto aziendale era Stai sul semplice .	So I went and bought khaki shorts or whatever, and unfortunately, their branding was all about  Keep It Simple.				
FALSE					
					
Ecco, questo è un <L1>cartello</L1> molto semplice, dice Strada e Strada in avvicinamento .	It's a very simple sign, it says,  road  and  road approaching.	cartellone cartello insegna			
Ecco, questo è un <N1></N1> molto semplice, dice Strada e Strada in avvicinamento .	It's a very simple sign, it says,  road  and  road approaching.				
FALSE					
					
Qualcuno di voi ragazzi conosce Paul Rand, il più grande <L1>graphic designer</L1> -- mi dispiace -- del mondo.	Some of you guys know Paul Rand, the greatest graphic designer -- I'm sorry -- out there.				
Qualcuno di voi ragazzi conosce Paul Rand, il più grande <N1>grafico</N1> -- mi dispiace -- del mondo.	Some of you guys know Paul Rand, the greatest graphic designer -- I'm sorry -- out there.				
TRUE					
					
Il grande graphic designer Paul Rand: ha disegnato il <L1>logo</L1> della IBM, il logo della Westinghouse -- in pratica ha detto, ho disegnato qualsiasi cosa .	The great graphic designer Paul Rand designed the IBM logo, the Westinghouse logo. He basically said,  I've designed everything.				
Il grande graphic designer Paul Rand: ha disegnato il <N1>marchio</N1> della IBM, il logo della Westinghouse -- in pratica ha detto, ho disegnato qualsiasi cosa .	The great graphic designer Paul Rand designed the IBM logo, the Westinghouse logo. He basically said,  I've designed everything.				
TRUE					
					
Ho anche scoperto che i <L1>mouse</L1> ottici rispondono alle emissioni dei tubi catodici e cominciano a muoversi da soli, ed ecco una macchina autodisegnante.	I also discovered that an IR mouse responds to CRT emissions and starts to move by itself, so this is a self-drawing machine.				
Ho anche scoperto che i <N1></N1> ottici rispondono alle emissioni dei tubi catodici e cominciano a muoversi da soli, ed ecco una macchina autodisegnante.	I also discovered that an IR mouse responds to CRT emissions and starts to move by itself, so this is a self-drawing machine.				
FALSE					
					
In Giappone si dice che il <L1>sushi</L1> è una sfida.	In Japan, they say that sushi is challenging.				
In Giappone si dice che il <N1></N1> è una sfida.	In Japan, they say that sushi is challenging.				
FALSE					
					
Ma se offrite a un bambino due <L1>pile</L1> di biancheria da piegare, la pila piccola o la pila grande, quale sceglierà?	But if you offer kids two piles of laundry to fold, the small pile or the big pile, which will they choose?				
Ma se offrite a un bambino due <N1></N1> di biancheria da piegare, la pila piccola o la pila grande, quale sceglierà?	But if you offer kids two piles of laundry to fold, the small pile or the big pile, which will they choose?				
FALSE					
					
E, infine, ha una dermatite sulle dita della mano destra, una dermatite specifica dei lavoratori della fabbrica di <L1>linoleum</L1> a Burntisland .	And finally, she has a dermatitis on the fingers of her right hand, a dermatitis that is unique to the linoleum factory workers in Burntisland.				
E, infine, ha una dermatite sulle dita della mano destra, una dermatite specifica dei lavoratori della fabbrica di <N1></N1> a Burntisland .	And finally, she has a dermatitis on the fingers of her right hand, a dermatitis that is unique to the linoleum factory workers in Burntisland.				
FALSE					
					
E fu così che nacquero lo <L1>stetoscopio</L1> e l'auscultazione.	And that is how stethoscope and auscultation was born.				
E fu così che nacquero lo <N1></N1> e l'auscultazione.	And that is how stethoscope and auscultation was born.				
FALSE					
					
Poi gli ho detto, una volta che si è vestito, le cose <L1>standard</L1> che deve aver sentito in altre istituzioni, come: Questo non è nella tua testa .	I then proceeded to tell the patient, once the patient was dressed, the standard things that the person must have heard in other institutions, which is,  This is not in your head.	standard regolare			
Poi gli ho detto, una volta che si è vestito, le cose <N1>comuni</N1> che deve aver sentito in altre istituzioni, come: Questo non è nella tua testa .	I then proceeded to tell the patient, once the patient was dressed, the standard things that the person must have heard in other institutions, which is,  This is not in your head.				
TRUE					
					
Tutt'oggi nel mondo ci sono quasi un <L1>miliardo</L1> di persone analfabete, un settimo della popolazione mondiale.	There's almost a billion illiterate people on the planet today, one-seventh of the world's population.				
Tutt'oggi nel mondo ci sono quasi un <N1></N1> di persone analfabete, un settimo della popolazione mondiale.	There's almost a billion illiterate people on the planet today, one-seventh of the world's population.				
FALSE					
					
Facendo ciò, abbiamo creato un azienda <L1>triple bottom line</L1> .	In doing this, we created a triple bottom line company.				
Facendo ciò, abbiamo creato un azienda <N1>tripla linea di fondo</N1> .	In doing this, we created a triple bottom line company.				
TRUE					
					
[Rumore dell'acqua che scorre] [tenue musica di <L1>chitarra</L1> acustica]	[Sound of water flowing] [Soft acoustic guitar music]				
[Rumore dell'acqua che scorre] [tenue musica di <N1></N1> acustica]	[Sound of water flowing] [Soft acoustic guitar music]				
FALSE					
					
Tu ed io <L1>baby</L1> non siamo altro che mammiferi quindi facciamolo come lo fanno su Discovery Channel	You and me baby ain't nothin' but mammals So let's do it like they do on the Discovery Channel				
Tu ed io <N1>amore</N1> non siamo altro che mammiferi quindi facciamolo come lo fanno su Discovery Channel	You and me baby ain't nothin' but mammals So let's do it like they do on the Discovery Channel				
TRUE					
					
Ti prego girati su di me Sono Mister Coffee con gocciolamento <L1>automatico</L1>	Please turn me on I'm Mister Coffee with an automatic drip				
Ti prego girati su di me Sono Mister Coffee con gocciolamento <N1></N1>	Please turn me on I'm Mister Coffee with an automatic drip				
FALSE					
					
E restiamo con 23 lattine di <L1>soda</L1> ogni 7 persone, o 7 persone ogni 23 lattine di soda.	And we are left with 23 cans of soda for every 7 people, or 7 people for every 23 cans of soda.				
E restiamo con 23 lattine di <N1></N1> ogni 7 persone, o 7 persone ogni 23 lattine di soda.	And we are left with 23 cans of soda for every 7 people, or 7 people for every 23 cans of soda.				
FALSE					
					
Avremo bisogno di una nuova generazione di cittadini che siano <L1>leader</L1> disponibili ad impegnarsi a crescere, cambiare ed imparare il più rapidamente possibile.	We are going to need a new generation of citizen leaders willing to commit ourselves to growing and changing and learning as rapidly as possible.				
Avremo bisogno di una nuova generazione di cittadini che siano <N1>capo</N1> disponibili ad impegnarsi a crescere, cambiare ed imparare il più rapidamente possibile.	We are going to need a new generation of citizen leaders willing to commit ourselves to growing and changing and learning as rapidly as possible.				
TRUE					
					
La stampa è un business, e per sopravvivere deve essere un business di successo, quindi bisogna trovare il giusto equilibrio tra esigenze di <L1>marketing</L1> e responsabilità giornalistica.	The press is certainly a business, and in order to survive it must be a successful business, but the right balance must be found between marketing considerations and journalistic responsibility.	promozione promotion promozione commerciale commercializzazione mercatistica marketing			
La stampa è un business, e per sopravvivere deve essere un business di successo, quindi bisogna trovare il giusto equilibrio tra esigenze di <N1>vendita</N1> e responsabilità giornalistica.	The press is certainly a business, and in order to survive it must be a successful business, but the right balance must be found between marketing considerations and journalistic responsibility.				
TRUE					
					
Un guerrigliero anti-Sandinista ferito a morte quando il Comandante Zero attaccò una città nel <L1>sud</L1> del Nicaragua.	An anti-Sandinista guerrilla was mortally wounded as Commander Zero attacked a town in Southern Nicaragua.	austro mezzogiorno meridione sud			
Un guerrigliero anti-Sandinista ferito a morte quando il Comandante Zero attaccò una città nel <N1></N1> del Nicaragua.	An anti-Sandinista guerrilla was mortally wounded as Commander Zero attacked a town in Southern Nicaragua.				
FALSE					
					
Una moschea nel <L1>nord</L1> della Bosnia venne distrutta dall'artiglieria serba e trasformata in obitorio improvvisato.	A mosque in northern Bosnia was destroyed by Serbian artillery and was used as a makeshift morgue.	tramontana settentrione nord | nord settentrione			
Una moschea nel <N1></N1> della Bosnia venne distrutta dall'artiglieria serba e trasformata in obitorio improvvisato.	A mosque in northern Bosnia was destroyed by Serbian artillery and was used as a makeshift morgue.				
FALSE					
					
Questi eroinomani che si disintossicano in Pakistan mi ricordano i personaggi di un <L1>testo</L1> di Beckett: isolati, in attesa nel buio, ma attratti dalla luce.	These heroin addicts in detox in Pakistan reminded me of figures in a play by Beckett: isolated, waiting in the dark, but drawn to the light.				
Questi eroinomani che si disintossicano in Pakistan mi ricordano i personaggi di un <N1></N1> di Beckett: isolati, in attesa nel buio, ma attratti dalla luce.	These heroin addicts in detox in Pakistan reminded me of figures in a play by Beckett: isolated, waiting in the dark, but drawn to the light.				
FALSE					
					
Un giorno durante la riabilitazione, qualcuno cominciò a parlare di <L1>surf</L1> e tanti ragazzi che non avevano mai fatto surf prima dissero, Hey, facciamolo.	One day in rehab someone, started talking about surfing and all these guys who'd never surfed before said,  Hey, let's go.				
Un giorno durante la riabilitazione, qualcuno cominciò a parlare di <N1></N1> e tanti ragazzi che non avevano mai fatto surf prima dissero, Hey, facciamolo.	One day in rehab someone, started talking about surfing and all these guys who'd never surfed before said,  Hey, let's go.				
FALSE					
					
legislative come agricoltura e pesca -- cose a cui un paese come l'Islanda potrebbe <L1>importare</L1> un bel po' poter gestire a proprio modo.	law notably farming and fishing -- something a country like Iceland might care quite a lot about running their own way.	significare comportare importare			
legislative come agricoltura e pesca -- cose a cui un paese come l'Islanda potrebbe <N1></N1> un bel po' poter gestire a proprio modo.	law notably farming and fishing -- something a country like Iceland might care quite a lot about running their own way.				
FALSE					
					
Mio padre aveva la più grande collezione dell'universo di storielle <L1>yiddish</L1>	My father had the largest collection of Yiddish stories in the universe.				
Mio padre aveva la più grande collezione dell'universo di storielle <N1></N1>	My father had the largest collection of Yiddish stories in the universe.				
FALSE					
					
E non ci rendiamo neanche conto che questo è un vestito, una <L1>muta</L1> di sopravvivenza.	And we don't even know that this is a suit, a survival suit.				
E non ci rendiamo neanche conto che questo è un vestito, una <N1></N1> di sopravvivenza.	And we don't even know that this is a suit, a survival suit.				
FALSE					
					
Quando salti da un <L1>aeroplano</L1> sei quasi nudo.	When you go out of an airplane, you are almost naked.	aereo aeroplano velivolo			
Quando salti da un <N1></N1> sei quasi nudo.	When you go out of an airplane, you are almost naked.				
FALSE					
					
Perché questo è - ho molta esperienza come <L1>manager</L1> dei sistemi, essendo un pilota, e questo è veramente -	I'm quite an experienced manager of systems as a pilot, but this is, really --				
Perché questo è - ho molta esperienza come <N1>amministratore</N1> dei sistemi, essendo un pilota, e questo è veramente -	I'm quite an experienced manager of systems as a pilot, but this is, really --				
TRUE					
					
Sì, apertura <L1>alare</L1> di 2 m. Profilo ultra stabile.	Ultra-stable profile.				
Sì, apertura <N1></N1> di 2 m. Profilo ultra stabile.	Ultra-stable profile.				
FALSE					
					
Quattro piccoli motori, 22 kg di spinta ognuno, <L1>turbine</L1> che funzionano a kerosene.	Four little engines, 22 kilos thrust each, turbines, working with kerosene.				
Quattro piccoli motori, 22 kg di spinta ognuno, <N1></N1> che funzionano a kerosene.	Four little engines, 22 kilos thrust each, turbines, working with kerosene.				
FALSE					
					
Poi sono tornato indietro sul <L1>pattino</L1> posteriore dell'elicottero.	And I came back afterward on the sled of the helicopter back.				
Poi sono tornato indietro sul <N1></N1> posteriore dell'elicottero.	And I came back afterward on the sled of the helicopter back.				
FALSE					
					
devi <L1>agire</L1> su di loro con una forza netta.	you have to apply some type of a net force to it.				
devi <N1></N1> su di loro con una forza netta.	you have to apply some type of a net force to it.				
FALSE					
					
Cioè l'interazione fra il <L1>blocco</L1> e il suolo.	It's the interaction between the block and the ground.				
Cioè l'interazione fra il <N1></N1> e il suolo.	It's the interaction between the block and the ground.				
FALSE					
					
Una <L1>griglia</L1> di quadrati più piccoli fu usata per il disegno della sua testa, una sfida nello scorcio; si possono ancora vedere.	A grid of smaller squares was used for the drawing of her head, a challenge in foreshortening; they can still be seen.	griglia gratella graticola			
Una <N1></N1> di quadrati più piccoli fu usata per il disegno della sua testa, una sfida nello scorcio; si possono ancora vedere.	A grid of smaller squares was used for the drawing of her head, a challenge in foreshortening; they can still be seen.				
FALSE					
					
Gli <L1>airbag</L1> sono proprio forti, rimbalzano molto.	Airbags are pretty cool, they bounce around a lot.				
Gli <N1>cuscino salvavita</N1> sono proprio forti, rimbalzano molto.	Airbags are pretty cool, they bounce around a lot.				
TRUE					
					
È stato davvero fantastico <L1>constatare</L1> una tale precisione.	That's how accurate we were. Kind of awesome.				
È stato davvero fantastico <N1></N1> una tale precisione.	That's how accurate we were. Kind of awesome.				
FALSE					
					
Ma, avevamo solo un tiro, e quindi abbiamo dovuto <L1>progettare</L1> un sistema che potevamo costruire e testare e manovrare, e quindi non si tratta solo di portarlo su Marte, ma poi, se si ha solo una possibilità, cosa occorre fare affinché quell'unica possibilità vada bene?	But you only get one shot, and so we actually have to design a system that we can build and test and operate, and so it's not just about can we get it to Mars, but, if it's only one chance, how do you make sure that one chance goes well?	progettare programmare pianificare disegnare			
Ma, avevamo solo un tiro, e quindi abbiamo dovuto <N1></N1> un sistema che potevamo costruire e testare e manovrare, e quindi non si tratta solo di portarlo su Marte, ma poi, se si ha solo una possibilità, cosa occorre fare affinché quell'unica possibilità vada bene?	But you only get one shot, and so we actually have to design a system that we can build and test and operate, and so it's not just about can we get it to Mars, but, if it's only one chance, how do you make sure that one chance goes well?				
FALSE					
					
Facciamo volare cose sui F-18s per essere sicuri che il sistema <L1>radar</L1> funzioni ad alte velocità.	We fly things in F-18s to make sure the radar systems work in high speeds.				
Facciamo volare cose sui F-18s per essere sicuri che il sistema <N1></N1> funzioni ad alte velocità.	We fly things in F-18s to make sure the radar systems work in high speeds.				
FALSE					
					
Sono sempre stato attratto dai computer e dalla tecnologia, e ho creato alcune <L1>app</L1> per iPhone, iPod Touch e iPad.	I've always had a fascination for computers and technology, and I made a few apps for the iPhone, iPod Touch, and iPad.				
Sono sempre stato attratto dai computer e dalla tecnologia, e ho creato alcune <N1>applicazioni</N1> per iPhone, iPod Touch e iPad.	I've always had a fascination for computers and technology, and I made a few apps for the iPhone, iPod Touch, and iPad.				
TRUE					
					
Mi sono ispirato molto a Steve Jobs, e ho fondato un <L1>club</L1> di app a scuola, e un insegnante della mia scuola sta gentilmente sponsorizzando il mio club.	I've gotten a lot of inspiration from Steve Jobs, and I've started an app club at school, and a teacher at my school is kindly sponsoring my app club.	clan salotto club circolo			
Mi sono ispirato molto a Steve Jobs, e ho fondato un <N1>circolo</N1> di app a scuola, e un insegnante della mia scuola sta gentilmente sponsorizzando il mio club.	I've gotten a lot of inspiration from Steve Jobs, and I've started an app club at school, and a teacher at my school is kindly sponsoring my app club.				
TRUE					
					
Il 9 ottobre 2012, mentre Malala Yousafzai e altre studentesse stavano rientrando a casa in <L1>autobus</L1> da scuola, uomini armati hanno fermato il veicolo e hanno aperto il fuoco.	On October 9th, 2012, as Malala Yousafzai and other girl students were riding home from school, armed gunmen halted the vehicle and opened fire. Two other girls were seriously wounded.				
Il 9 ottobre 2012, mentre Malala Yousafzai e altre studentesse stavano rientrando a casa in <N1></N1> da scuola, uomini armati hanno fermato il veicolo e hanno aperto il fuoco.	On October 9th, 2012, as Malala Yousafzai and other girl students were riding home from school, armed gunmen halted the vehicle and opened fire. Two other girls were seriously wounded.				
FALSE					
					
I suoi <L1>hobby</L1> erano gli scacchi, il bridge, e scrivere articoli.	His hobbies were chess, bridge and writing op-eds.				
I suoi <N1>passatempo</N1> erano gli scacchi, il bridge, e scrivere articoli.	His hobbies were chess, bridge and writing op-eds.				
TRUE					
					
Sto imparando qualche <L1>origami</L1> molto semplice.	I am learning some basic origami.				
Sto imparando qualche <N1></N1> molto semplice.	I am learning some basic origami.				
FALSE					
					
E l'idrogeno è nel I gruppo della tabella periodica. Perciò l'idrogeno avrà 1 <L1>elettrone</L1> di valenza. Quindi possiamo mettere un idrogeno qui con un elettrone di valenza.	In this video, we're going to look at how to draw a dot structure, which has a simple organic molecule, which has single bonds.				
E l'idrogeno è nel I gruppo della tabella periodica. Perciò l'idrogeno avrà 1 <N1></N1> di valenza. Quindi possiamo mettere un idrogeno qui con un elettrone di valenza.	In this video, we're going to look at how to draw a dot structure, which has a simple organic molecule, which has single bonds.				
FALSE					
					
Se osserviamo il secondo periodo, possiamo vedere che gli elettroni di valenza del carbonio sono uno, due, tre e quattro. Per raggiungere gli otto elettroni, dobbiamo salire a cinque, sei, sette, otto. Se il carbonio è circondato da 8 elettroni, è come se avesse la configurazione elettronica di un gas nobile, il che lo rende molto stabile, perché tutti gli orbitali in quel livello <L1>energetico</L1> sono occupati.	I will go over here to my organic periodic table, and find carbon, and I can see carbon is in Group 4.				
Se osserviamo il secondo periodo, possiamo vedere che gli elettroni di valenza del carbonio sono uno, due, tre e quattro. Per raggiungere gli otto elettroni, dobbiamo salire a cinque, sei, sette, otto. Se il carbonio è circondato da 8 elettroni, è come se avesse la configurazione elettronica di un gas nobile, il che lo rende molto stabile, perché tutti gli orbitali in quel livello <N1></N1> sono occupati.	I will go over here to my organic periodic table, and find carbon, and I can see carbon is in Group 4.				
FALSE					
					
Stavo andando in giro per le strade di Amsterdam e mi sono reso conto, sapete, che la grande storia di Amsterdam non è ciò che si trova nei negozi di design, è cosa si trova fuori nelle strade, e forse è ovvio, ma una città che non è stata assorbita dal modernismo, che preserva la propria architettura e il proprio carattere, e dove la <L1>bicicletta</L1> gioca un ruolo importante nel modo in cui le persone vanno in giro e dove vengono protetti i diritti dei pedoni.	I was walking around on the streets of Amsterdam and I recognized, you know, the big story from Amsterdam isn't what's in the design stores, it's what's out on the streets, and maybe it's self-explanatory, but a city that hasn't been taken over by modernism, that's preserved its kind of architecture and character, and where the bicycle plays an important part of the way in which people get around and where pedestrian rights are protected.	bike bici bicicletta			
Stavo andando in giro per le strade di Amsterdam e mi sono reso conto, sapete, che la grande storia di Amsterdam non è ciò che si trova nei negozi di design, è cosa si trova fuori nelle strade, e forse è ovvio, ma una città che non è stata assorbita dal modernismo, che preserva la propria architettura e il proprio carattere, e dove la <N1></N1> gioca un ruolo importante nel modo in cui le persone vanno in giro e dove vengono protetti i diritti dei pedoni.	I was walking around on the streets of Amsterdam and I recognized, you know, the big story from Amsterdam isn't what's in the design stores, it's what's out on the streets, and maybe it's self-explanatory, but a city that hasn't been taken over by modernism, that's preserved its kind of architecture and character, and where the bicycle plays an important part of the way in which people get around and where pedestrian rights are protected.				
FALSE					
					
Non guardereste questa e lo chiamereste una designer bike: una <L1>designer bike</L1> è fatta di titanio o molibdeno.	You wouldn't look at this and call this a designer bike: a designer bike is made of titanium or molybdenum.	bike bici bicicletta			
Non guardereste questa e lo chiamereste una designer bike: una <N1>bicicletta di design</N1> è fatta di titanio o molibdeno.	You wouldn't look at this and call this a designer bike: a designer bike is made of titanium or molybdenum.				
TRUE					
					
Alcune persone vanno agli stadi di <L1>baseball</L1> per guardare le partite; io vado e vedo le relazioni di design.	Some people go to baseball stadiums to look at games; I go and see design relationships.				
Alcune persone vanno agli stadi di <N1>pallabase</N1> per guardare le partite; io vado e vedo le relazioni di design.	Some people go to baseball stadiums to look at games; I go and see design relationships.				
TRUE					
					
Il rosso può essere comico: può attirare l'attenzione alla povera piccola personalità del piccolo <L1>idrante</L1> che soffre della cattiva pianificazione urbana all'Havana.	Red can be comical: it can draw your attention to the poor little personality of the little fire hydrant suffering from bad civic planning in Havana.				
Il rosso può essere comico: può attirare l'attenzione alla povera piccola personalità del piccolo <N1></N1> che soffre della cattiva pianificazione urbana all'Havana.	Red can be comical: it can draw your attention to the poor little personality of the little fire hydrant suffering from bad civic planning in Havana.				
FALSE					
					
E io uso questo -- questo è, una specie di ciò che io considero <L1>spam</L1> urbano.	And I use this -- this is, sort of, what I consider to be urban spam.	spamming fare-spam spammare Spam			
E io uso questo -- questo è, una specie di ciò che io considero <N1>spazzatura</N1> urbana.	And I use this -- this is, sort of, what I consider to be urban spam.				
TRUE					
					
Ci sono molti concerti gratuiti, per esempio, che hanno luogo in quest'area; ha un sistema <L1>acustico</L1> fenomenale.	There are a lot of free concerts, for example, that go on in this area; it has a phenomenal acoustic system.				
Ci sono molti concerti gratuiti, per esempio, che hanno luogo in quest'area; ha un sistema <N1></N1> fenomenale.	There are a lot of free concerts, for example, that go on in this area; it has a phenomenal acoustic system.				
FALSE					
					
&amp;gt;&amp;gt; Il <L3>database</L3> che c'era qui a SLAC veniva usato da persone in tutto il mondo, ma con grande difficoltà perché dovevano avere un <L1>account</L1> sul <L2>mainframe</L2>. Molti non avevano familiarità con i mainframe.	&amp;gt;&amp;gt; Well, the database that was here at SLAC was used by people around the world, but with great difficulty because they had to have an account on mainframe.				
&amp;gt;&amp;gt; La <N3>banca data</N3> che c'era qui a SLAC veniva usato da persone in tutto il mondo, ma con grande difficoltà perché dovevano avere un <N1>conto</N1> sul <N2>sistema centrale</N2>. Molti non avevano familiarità con i mainframe.	&amp;gt;&amp;gt; Well, the database that was here at SLAC was used by people around the world, but with great difficulty because they had to have an account on mainframe.				
TRUE					
					
Quindi prima del <L1>web</L1> ho inventato un modo con cui la gente potesse fare quello che oggi chiamiamo <L2>Instant Messaging</L2> per fare una <L3>query</L3> nel <L4>database</L4> senza registrarsi.	So before there was a web, I invented a way for people to do what's now called Instant Messaging. And to do a query to the database without logging in.	rete network rete telematica web			
Quindi prima della <N1>rete</N1> ho inventato un modo con cui la gente potesse fare quello che oggi chiamiamo <N2>messaggi istantanei</N2> per fare una <N3>richiesta</N3> nella <N4>banca dati</N4> senza registrarsi.	So before there was a web, I invented a way for people to do what's now called Instant Messaging. And to do a query to the database without logging in.				
TRUE					
					
Ok? E con qualche <L1>click</L1> e qualche termine della <L2>query</L2> digitato, ecco i risultati ben formattati.	And here he just clicked away typed in a few things for the query term and bang, the results came back nicely formatted.	click scatto scrocco			
Ok? E con qualche <N1>pigiatura di tasti</N1> e qualche termine della <N2>richiesta</N2> digitato, ecco i risultati ben formattati.	And here he just clicked away typed in a few things for the query term and bang, the results came back nicely formatted.				
TRUE					
					
Volete farvi un <L1>weekend</L1> a Roma? Tutto spesato, <L2>hotel</L2>, trasporti, vitto, colazione colazione europea, tutto. Oppure un weekend a Parigi?	Do you want to go for a weekend to Rome, all expenses paid -- hotel, transportation, food, a continental breakfast, everything -- or a weekend in Paris?				
Volete farvi un <N1>fine settimana</N1> a Roma? Tutto spesato, <N2>albergo</N2>, trasporti, vitto, colazione colazione europea, tutto. Oppure un weekend a Parigi?	Do you want to go for a weekend to Rome, all expenses paid -- hotel, transportation, food, a continental breakfast, everything -- or a weekend in Paris?				
TRUE					
					
Che succederee se nel viaggio a Roma, tutto spesato, trasporti, colazione Ma non fosse incluso il <L1>caffè</L1> alla mattina.	What if it was a trip to Rome, all expenses paid, transportation, breakfast, but it doesn't include coffee in the morning?				
Che succederee se nel viaggio a Roma, tutto spesato, trasporti, colazione Ma non fosse incluso il <N1></N1> alla mattina.	What if it was a trip to Rome, all expenses paid, transportation, breakfast, but it doesn't include coffee in the morning?				
FALSE					
					
La carrozza... ...era quella di Meier Link, il <L1>vampiro</L1>	The carriage ... ... belonged to Meier Link, the vampire				
La carrozza... ...era quella di Meier Link, il <N1></N1>	The carriage ... ... belonged to Meier Link, the vampire				
FALSE					
					
Ammiro lo spirito di quel giovane cacciatore, Anche se non ha alcuna <L1>chance</L1> contro Benge e gli altri.	I admire that young hunter's spirit, although he doesn't stand a chance against Benge and the others.				
Ammiro lo spirito di quel giovane cacciatore, Anche se non ha alcuna <N1>occasione</N1> contro Benge e gli altri.	I admire that young hunter's spirit, although he doesn't stand a chance against Benge and the others.				
TRUE					
					
Ti ho mai detto che ti trovo piuttosto irresistibile con quella tuta <L1>sexy</L1> super-attillata?	Have I told you you're quite irresistible in that sexy skin-tight getup?				
Ti ho mai detto che ti trovo piuttosto irresistibile con quella tuta <N1>eccitante</N1> super-attillata?	Have I told you you're quite irresistible in that sexy skin-tight getup?				
TRUE					
					
Uno studente della NYU PHD molto ispirato ha contato le modelle sulla <L1>passerella</L1>	A very inspired NYU PHD student counted all the models on the runway				
Uno studente della NYU PHD molto ispirato ha contato le modelle sulla <N1></N1>	A very inspired NYU PHD student counted all the models on the runway				
FALSE					
					
Ed è anche la prima volta che ho indossato un <L1>bikini</L1>	And it is also the very first time that I had worn a bikini	due pezzi bikini			
Ed è anche la prima volta che ho indossato un <N1>due pezzi</N1>	And it is also the very first time that I had worn a bikini				
TRUE					
					
Li si può muovere con la mano, possono vedersi tra loro, sentire il proprio movimento ed hanno uno schermo e una <L1>radio</L1> <L2>wireless</L2.	They're able to be moved around by hand, they can sense each other, they can sense their motion, and they have a screen and a wireless radio.				
Li si può muovere con la mano, possono vedersi tra loro, sentire il proprio movimento ed hanno uno schermo e un <N1>radioricevitore</N1> <N2>senza fili</N2>.	They're able to be moved around by hand, they can sense each other, they can sense their motion, and they have a screen and a wireless radio.				
TRUE					
					
Ci siamo poi resi conto che una delle interessanti implicazioni dell'interazione era il poter usare gesti comuni sui dati, ad esempio <L1>versare</L1> un colore come se fosse un liquido.	One of the interesting implications on interaction, we started to realize, was that we could use everyday gestures on data, like pouring a color the way we might pour a liquid.	versare riversare			
Ci siamo poi resi conto che una delle interessanti implicazioni dell'interazione era il poter usare gesti comuni sui dati, ad esempio <N1></N1> un colore come se fosse un liquido.	One of the interesting implications on interaction, we started to realize, was that we could use everyday gestures on data, like pouring a color the way we might pour a liquid.				
FALSE					
					
Praticamente, ad ogni <L1>turno</L1> ricevi una lettera a caso su ogni Siftable, Praticamente, ad ogni turno ricevi una lettera a caso su ogni Siftable, e mentre cerchi di comporre parole lui controlla su un dizionario.	Basically, in every round you get a randomly assigned letter on each Siftable, and as you try to make words it checks against a dictionary.				
Praticamente, ad ogni <N1></N1> ricevi una lettera a caso su ogni Siftable, Praticamente, ad ogni turno ricevi una lettera a caso su ogni Siftable, e mentre cerchi di comporre parole lui controlla su un dizionario.	Basically, in every round you get a randomly assigned letter on each Siftable, and as you try to make words it checks against a dictionary.				
FALSE					
					
Poi, dopo circa 30 secondi si rimischiano, e hai un nuovo <L1>set</L1> di lettere e nuove possibilità da provare.	Then, after about 30 seconds, it reshuffles, and you have a new set of letters and new possibilities to try.	kit set			
Poi, dopo circa 30 secondi si rimischiano, e hai un nuovo <N1>gruppo</N1> di lettere e nuove possibilità da provare.	Then, after about 30 seconds, it reshuffles, and you have a new set of letters and new possibilities to try.				
TRUE					
					
E ora metterò il <L1>filtro</L1> alla batteria, così posso controllare l'effetto dal vivo.	And now I'll attach the filter to the drums, so I can control the effect live.				
E ora metterò il <N1></N1> alla batteria, così posso controllare l'effetto dal vivo.	And now I'll attach the filter to the drums, so I can control the effect live.				
FALSE					
					
Corel CONNECT può trovare e visualizzare qualsiasi <L1>file</L1> presente nel sistema.	Corel CONNECT can find &amp; display any file on your system.	documento file			
Corel CONNECT può trovare e visualizzare qualsiasi <N1>documento</N1> presente nel sistema.	Corel CONNECT can find &amp; display any file on your system.				
TRUE					
					
Per aggiungerne uno, fare <L1>clic</L1> su +.	To add a tray, click the +.				
Per aggiungerne uno, <N1>pigiare</N1> su +.	To add a tray, click the +.				
TRUE					
					
Spostare la barra per visualizzare più elementi e regolare lo <L1>zoom</L1> per ingrandire o rimpicciolire l'anteprima.	Slide the Scroll bar to see more &amp; adjust the zoom slider for a smaller or larger preview.				
Spostare la barra per visualizzare più elementi e regolare lo <N1></N1> per ingrandire o rimpicciolire l'anteprima.	Slide the Scroll bar to see more &amp; adjust the zoom slider for a smaller or larger preview.				
FALSE					
					
Fare clic con il tasto destro e scegliere Installa come motivo <L2>bitmap</L2>, disponibile nel <L1>menu</L1> Riempimento di CorelDRAW.	Right-click &amp; choose [Install as a bitmap pattern], It will be available from the Fill menu in CorelDRAW.				
Fare clic con il tasto destro e scegliere Installa come motivo <N2>grafica raster</N2>, disponibile sulla <N1>lista</N1> Riempimento di CorelDRAW.	Right-click &amp; choose [Install as a bitmap pattern], It will be available from the Fill menu in CorelDRAW.				
TRUE					
					
Le va bene un <L1>whisky</L1> -Ok.	How about a whiskey? Okay.				
Le va bene un <N1></N1> -Ok.	How about a whiskey? Okay.				
FALSE					
					
-Un <L1>brandy</L1> per me, per piacere.	-A brandy for me, please.				
-Un <N1></N1> per me, per piacere.	-A brandy for me, please.				
FALSE					
					
E' la <L1>pistola</L1> che ti ho dato io, eh?	Is that the gun I gave you?				
E' la <N1></N1> che ti ho dato io, eh?	Is that the gun I gave you?				
FALSE					
					
E' la moglie... di un uomo che ho ucciso per 30000 <L1>euro</L1> perché ero stato ingaggiato per farlo.	She is the wife... of a man... I killed for 30,000 euros because I'd been hired to do so.				
E' la moglie... di un uomo che ho ucciso per 30000 <N1></N1> perché ero stato ingaggiato per farlo.	She is the wife... of a man... I killed for 30,000 euros because I'd been hired to do so.				
FALSE					
					
Diciamo che partiamo da Arad, e il <L1>goal</L1> test, diciamo che lo stato di essere a Bucharest è l'unico stato che conta come goal, e tutti gli altri stati non sono goal.	Let's say we start off in Arad, and the goal test, let's say that the state of being in Bucharest is the only state that counts as a goal, and all the other states are not goals.				
Diciamo che partiamo da Arad, e il <N1>gol</N1> test, diciamo che lo stato di essere a Bucharest è l'unico stato che conta come goal, e tutti gli altri stati non sono goal.	Let's say we start off in Arad, and the goal test, let's say that the state of being in Bucharest is the only state that counts as a goal, and all the other states are not goals.				
FALSE					
					
Lui è il vostro Sunbae del <L1>tennis</L1> club,	He is your Tennis club Sunbae,				
Lui è il vostro Sunbae del <N1></N1> club,	He is your Tennis club Sunbae,				
FALSE					
					
Un <L1>tè</L1> con ghiaccio.	One ice tea.	tè thè			
Un <N1></N1> con ghiaccio.	One ice tea.				
FALSE					
					
Guardiamo un film al <L1>cinema</L1> all'aperto e mangiamo qualcosa di buono.	Watch a movie at the drive-in theater and eat something delicious.	cinema cinematografia | schermo cinema cinematografo			
Guardiamo un film al <N1></N1> all'aperto e mangiamo qualcosa di buono.	Watch a movie at the drive-in theater and eat something delicious.				
FALSE					
					
C'è un posto lì dove puoi scrivere i tuoi nomi su di un <L1>lucchetto</L1> e se lo fai il tuo amore rimarrà sincero!	There's a place there, where you can write your names on a lock and if you do your love will stay true!				
C'è un posto lì dove puoi scrivere i tuoi nomi su di un <N1></N1> e se lo fai il tuo amore rimarrà sincero!	There's a place there, where you can write your names on a lock and if you do your love will stay true!				
FALSE					
					
Dopo qualche altra <L1>birra</L1> dissi, Deve esserci qualcosa che non è tornato. (Risate)	And a few more beers, I said,  There has to be some stuff that hasn't come back.  (Laughter)	cervogia birra			
Dopo qualche altra <N1></N1> dissi, Deve esserci qualcosa che non è tornato. (Risate)	And a few more beers, I said,  There has to be some stuff that hasn't come back.  (Laughter)				
FALSE					
					
Questo é il mio film King, Murray , ha vinto il <L1>festival</L1> di Cannes nel 1970	That's my feature film.				
Questo é il mio film King, Murray , ha vinto il <N1>rassegna</N1> di Cannes nel 1970	That's my feature film.				
TRUE					
					
Mi avevano informato di questa idea poco originale e <L1>banale</L1> che le nuove tecnologie rappresentavano un'opportunità di trasformazione sociale, e questo è ciò che mi dava motivazione allora, e ancora oggi, è una delusione che mi motiva.	I was informed by this kind of unoriginal and trite idea that new technologies were an opportunity for social transformation, which is what drove me then, and still, it's a delusion that drives me now.				
Mi avevano informato di questa idea poco originale e <N1></N1> che le nuove tecnologie rappresentavano un'opportunità di trasformazione sociale, e questo è ciò che mi dava motivazione allora, e ancora oggi, è una delusione che mi motiva.	I was informed by this kind of unoriginal and trite idea that new technologies were an opportunity for social transformation, which is what drove me then, and still, it's a delusion that drives me now.				
FALSE					
					
Le persone che visitano la nostra <L1>clinica</L1> non si chiamano pazienti, piuttosto impazienti, perché sono troppo impazienti per attendere modifiche legislative per affrontare le questioni sanitarie locali legate all'ambiente.	People who come to the clinic are called, not patients, but impatients, because they're too impatient to wait for legislative change to address local and environmental health issues.				
Le persone che visitano la nostra <N1></N1> non si chiamano pazienti, piuttosto impazienti, perché sono troppo impazienti per attendere modifiche legislative per affrontare le questioni sanitarie locali legate all'ambiente.	People who come to the clinic are called, not patients, but impatients, because they're too impatient to wait for legislative change to address local and environmental health issues.				
FALSE					
					
Alcune delle cose che sono state sviluppate dai protocolli di monitoraggio: questo è il protocollo del <L1>girino</L1> burocrate, o del tenere etichettato, se volete.	Some of the things that the monitoring protocols have developed: this is the tadpole bureaucrat protocol, or keeping tabs, if you will.				
Alcune delle cose che sono state sviluppate dai protocolli di monitoraggio: questo è il protocollo del <N1></N1> burocrate, o del tenere etichettato, se volete.	Some of the things that the monitoring protocols have developed: this is the tadpole bureaucrat protocol, or keeping tabs, if you will.				
FALSE					
					
Quindi un'impaziente apprensione per la qualità dell'acqua alleverebbe un girino <L1>burocrate</L1> in un campione dell'acqua alla quale sono interessati.	So an impatient concerned for water quality would raise a tadpole bureaucrat in a sample of water in which they're interested.				
Quindi un'impaziente apprensione per la qualità dell'acqua alleverebbe un girino <N1></N1> in un campione dell'acqua alla quale sono interessati.	So an impatient concerned for water quality would raise a tadpole bureaucrat in a sample of water in which they're interested.				
FALSE					
					
E noi diamo loro alcune cose per farlo, per aiutarli a sviluppare dispositivi animali di compagnia mentre intervengono su <L1>blog</L1> o inviano le proprie <L2>mail</L2>.	And we give them a couple of things to do that, to help them do companion animal devices while they're blogging and doing their email.				
E noi diamo loro alcune cose per farlo, per aiutarli a sviluppare dispositivi animali di compagnia mentre intervengono sul <N1>diario elettronico</N1> o inviano la propria <N2>posta elettronica</N2>.	And we give them a couple of things to do that, to help them do companion animal devices while they're blogging and doing their email.				
TRUE					
					
Condividono i nostri fattori di <L1>stress</L1> ambientale i livelli di amianto e i livelli di piombo, e tutto ciò a cui siete esposti.	They share your environmental stressors, the asbestos levels and lead levels, whatever you're exposed to.	irritabilità stress nervoso nervosismo tensione			
Condividono i nostri fattori di <N1>sforuo</N1> ambientale i livelli di amianto e i livelli di piombo, e tutto ciò a cui siete esposti.	They share your environmental stressors, the asbestos levels and lead levels, whatever you're exposed to.				
TRUE					
					
Questa era <L1>vodka</L1> e una soluzione, gin e una soluzione.	This was vodka and solution, gin and solution.				
Questa era <N1></N1> e una soluzione, gin e una soluzione.	This was vodka and solution, gin and solution.				
FALSE					
					
Poi, naturalmente tutto viene canalizzato nel <L1>dispositivo</L1> di raccolta.	Then of course, it goes into the entrapment device.				
Poi, naturalmente tutto viene canalizzato nel <N1></N1> di raccolta.	Then of course, it goes into the entrapment device.				
FALSE					
					
L'idea che tutti noi iniziassimo a consumare droga in massa e in modo <L1>sistematico</L1> deriva da questa epoca mercantile.	The idea that we would all start to consume drugs on a systematic and mass scale is something that is the product of this mercantile age.				
L'idea che tutti noi iniziassimo a consumare droga in massa e in modo <N1></N1> deriva da questa epoca mercantile.	The idea that we would all start to consume drugs on a systematic and mass scale is something that is the product of this mercantile age.				
FALSE					
					
In effetti, tutti gli ingredienti di questo <L1>cocktail</L1> erano narcotici, perciò li definisco gruppo di droghe.	Indeed, the whole cocktail was narcotic, and that's why I'm calling them cluster drugs.				
In effetti, tutti gli ingredienti di questa <N1>bevanda</N1> erano narcotici, perciò li definisco gruppo di droghe.	Indeed, the whole cocktail was narcotic, and that's why I'm calling them cluster drugs.				
TRUE					
					
E questi si sono trasformati in luoghi caratterizzanti per il <L1>rango</L1> e i privilegi.	And these become the places for marking rank and privilege.				
E questi si sono trasformati in luoghi caratterizzanti per il <N1></N1> e i privilegi.	And these become the places for marking rank and privilege.				
FALSE					
					
Dalla sua condizione di spezia, all'inizio, come lo <L1>zafferano</L1> o lo zenzero, si avvia a diventare un conservante.	Saffron or ginger, to be coming a preservative.				
Dalla sua condizione di spezia, all'inizio, come lo <N1></N1> o lo zenzero, si avvia a diventare un conservante.	Saffron or ginger, to be coming a preservative.				
FALSE					
					
Così ciò che è inizialmente riservato alle <L1>élite</L1> parigine del '700 diviene sempre più una produzione di massa, consumato dai cittadini benestanti, e il suo stesso consumo è frutto di una campagna per rendere accettabile lo zucchero. Anzi, non soltanto accettabile, ma parte dello <L2>stile</L2> appropriato per gli appartenenti a una famiglia borghese.	And what is originally strictly restricted for the elites of Paris in the eighteenth century increasingly becomes mass produced and becomes something that a well to-do urbanite would consume and how to consume it would itself be the product of a campaign to make sugar acceptable, and not just acceptable, this was part of the decor of belonging to a proper bourgeois family.	forma impronta mano guisa stile maniera			
Così ciò che è inizialmente riservato alla <N1>alta società</N1> parigina del '700 diviene sempre più una produzione di massa, consumato dai cittadini benestanti, e il suo stesso consumo è frutto di una campagna per rendere accettabile lo zucchero. Anzi, non soltanto accettabile, ma parte dello <N2>stile</N2> appropriato per gli appartenenti a una famiglia borghese.	And what is originally strictly restricted for the elites of Paris in the eighteenth century increasingly becomes mass produced and becomes something that a well to-do urbanite would consume and how to consume it would itself be the product of a campaign to make sugar acceptable, and not just acceptable, this was part of the decor of belonging to a proper bourgeois family.				
TRUE					
					
I primi <L1>bestseller</L1> nel mercato dei libri (Jeff ha delle buone ragioni per essere ossessioanto dal mercato) furono i libri di cucina.	The first great best sellers in the marketplace for books that we're going, Jeff is obsessed with the marketplace for a reason, was cookbooks.				
I primi <N1>successi</N1> nel mercato dei libri (Jeff ha delle buone ragioni per essere ossessioanto dal mercato) furono i libri di cucina.	The first great best sellers in the marketplace for books that we're going, Jeff is obsessed with the marketplace for a reason, was cookbooks.				
TRUE					
					
E non dobbiamo dimenticare che dietro quella <L1>glassa</L1> settecentesca c'erano lepiantagioni di zucchero in America, che funzionavano con la forza lavoro importata dall'Africa.	And let us not forget that behind that icing in the eighteenth century were sugar plantations, in the Americas relying on labor brought from Africa.				
E non dobbiamo dimenticare che dietro quella <N1></N1> settecentesca c'erano lepiantagioni di zucchero in America, che funzionavano con la forza lavoro importata dall'Africa.	And let us not forget that behind that icing in the eighteenth century were sugar plantations, in the Americas relying on labor brought from Africa.				
FALSE					
					
# Can't <L1>touch</L1> this - Che ora č? - # Hammer time! Ti prego, Betty.	Don't be like those beggars with no ambition. &lt;i&gt;###&lt;/i&gt;				
# Can't <N1></N1> this - Che ora č? - # Hammer time! Ti prego, Betty.	Don't be like those beggars with no ambition. &lt;i&gt;###&lt;/i&gt;				
FALSE					
					
I vostri trucchi da ventriloqui non funzionano con me. E cosě iniziň il <L1>massacro</L1> di Betty.	At least a few stories... &lt;i&gt;###&lt;/i&gt;				
I vostri trucchi da ventriloqui non funzionano con me. E cosě iniziň il <N1></N1> di Betty.	At least a few stories... &lt;i&gt;###&lt;/i&gt;				
FALSE					
					
# Il lemure fa sniff # Lo struzzo fa baah # Il <L1>koala</L1> fa smack	There's another master? &lt;i&gt;###&lt;/i&gt; &lt;i&gt;GRUNTlNG&lt;/i&gt; &lt;i&gt;GROANlNG&lt;/i&gt; &lt;i&gt;SCREAMlNG&lt;/i&gt; &lt;i&gt;GRUNTlNG&lt;/i&gt;				
# Il lemure fa sniff # Lo struzzo fa baah # Il <N1></N1> fa smack	There's another master? &lt;i&gt;###&lt;/i&gt; &lt;i&gt;GRUNTlNG&lt;/i&gt; &lt;i&gt;GROANlNG&lt;/i&gt; &lt;i&gt;SCREAMlNG&lt;/i&gt; &lt;i&gt;GRUNTlNG&lt;/i&gt;				
FALSE					
					
Prima di passare alla schermata successiva, si noti che posso fare <L1>jogging</L1> assi della macchina senza lasciare il display	Before we move on to the next screen, note that I can jog the machine axis without leaving the display				
Prima di passare alla schermata successiva, si noti che posso fare <N1></N1> assi della macchina senza lasciare il display	Before we move on to the next screen, note that I can jog the machine axis without leaving the display				
FALSE					
					
Il <L1>timer</L1> Rimanente utilizza le informazioni dal timer Ultimo ciclo per visualizzare il tempo rimanente in un programma	The  Remaining  timer uses the information from the  Last Cycle  timer to display the time remaining in a program				
Il <N1>contaminuti</N1> Rimanente utilizza le informazioni dal timer Ultimo ciclo per visualizzare il tempo rimanente in un programma	The  Remaining  timer uses the information from the  Last Cycle  timer to display the time remaining in a program				
TRUE					
					
Che cosa è succederà è, il <L2>computer</L2> passa al <L1>top</L1> qui ed è appena corre attraverso queste linee.	So that is a, a distinction inside of the code. Well, alrighty.	punta top vertice vetta massimo culmine sommo acme picco cima			
Che cosa è succederà è, il <N2>calcolatore</N2> passa al <N1>top</N1> qui ed è appena corre attraverso queste linee.	So that is a, a distinction inside of the code. Well, alrighty.				
TRUE					
					
In questo caso, saperlo ci permette di creare un'architettura insolita per una macchina o elaborare algoritmi intelligenti che gestiscono con eleganza il danno subito proprio come fa un'atleta, invece di costruire <L1>robot</L1> con una dotazione eccessiva.	In this instance, this knowledge allows us to design novel machine architectures or to design clever algorithms that gracefully handle damage, just like human athletes do, instead of building machines with redundancy.				
In questo caso, saperlo ci permette di creare un'architettura insolita per una macchina o elaborare algoritmi intelligenti che gestiscono con eleganza il danno subito proprio come fa un'atleta, invece di costruire un <N1>automa</N1> con una dotazione eccessiva.	In this instance, this knowledge allows us to design novel machine architectures or to design clever algorithms that gracefully handle damage, just like human athletes do, instead of building machines with redundancy.				
TRUE					
					
Il Quad ha una <L1>racchetta</L1> fissata sulla sommità con il punto ottimale delle dimensioni all'incirca di una mela, quindi non molto grande.	This quad has a racket strapped onto its head with a sweet spot roughly the size of an apple, so not too large.				
Il Quad ha una <N1></N1> fissata sulla sommità con il punto ottimale delle dimensioni all'incirca di una mela, quindi non molto grande.	This quad has a racket strapped onto its head with a sweet spot roughly the size of an apple, so not too large.				
FALSE					
					
Qui si nasconde un mondo tanto vasto quanto il nostro dove l'erba è una <L1>giungla</L1> impenetrabile, le pietre sono montagne, e persino il più piccolo degli stagni diventa un oceano.	Hidden here is the world as wast as our own where the weeds are like inpenetrable jungles, stones are mountains, and even the smallest pond becomes an ocean				
Qui si nasconde un mondo tanto vasto quanto il nostro dove l'erba è una <N1></N1> impenetrabile, le pietre sono montagne, e persino il più piccolo degli stagni diventa un oceano.	Hidden here is the world as wast as our own where the weeds are like inpenetrable jungles, stones are mountains, and even the smallest pond becomes an ocean				
FALSE					
					
Ricordo che portai una <L1>bottiglia</L1> di ottimo <L2>champagne</L2> e alcune sigarette, nonostante fossero vietate. Ho pensato sentisse il bisogno di fumare un'ultima volta.	And I remember I brought a very good bottle of champagne with me and I even brought some cigarettes, and it's not allowed to smoke, but I thought maybe he wants have a last cigarette.	sciampagna champagne			
Ricordo che portai una <N1></N1> di ottimo <N2></N2> e alcune sigarette, nonostante fossero vietate. Ho pensato sentisse il bisogno di fumare un'ultima volta.	And I remember I brought a very good bottle of champagne with me and I even brought some cigarettes, and it's not allowed to smoke, but I thought maybe he wants have a last cigarette.				
FALSE					
					
- Sarō di <L1>ritorno</L1> in un minuto.	I'll be back in a minute. Thank you, Erika. You're welcome.				
- Sarō di <N1></N1> in un minuto.	I'll be back in a minute. Thank you, Erika. You're welcome.				
FALSE					
					
Rifiutati dalla casa discografica Decca che disse Non ci piace il loro <L1>sound</L1> e i gruppi con la chitarra ormai sono fuori moda.	Turned down by the Decca Recording Company, who said,  We don't like their sound and guitar music is on the way out.				
Rifiutati dalla casa discografica Decca che disse Non ci piace il loro <N1>suono</N1> e i gruppi con la chitarra ormai sono fuori moda.	Turned down by the Decca Recording Company, who said,  We don't like their sound and guitar music is on the way out.				
TRUE					
					
I reattori correnti usano <L1>ossido</L1> di uranio come combustibile.	The reactors we have today use uranium oxide as a fuel.				
I reattori correnti usano <N1></N1> di uranio come combustibile.	The reactors we have today use uranium oxide as a fuel.				
FALSE					
					
Se perdi pressione, perdi l'acqua, e in poco tempo il <L1>combustibile</L1> fonderà rilasciando prodotti radiottivi di fissione al suo interno.	If you lose pressure, you lose your water, and soon your fuel will melt down and release the radioactive fission products within it.				
Se perdi pressione, perdi l'acqua, e in poco tempo il <N1></N1> fonderà rilasciando prodotti radiottivi di fissione al suo interno.	If you lose pressure, you lose your water, and soon your fuel will melt down and release the radioactive fission products within it.				
FALSE					
					
Lo <L1>tsunami</L1> gli ha abbattuti tutti.	The tsunami came and knocked them all out.				
Lo <N1></N1> gli ha abbattuti tutti.	The tsunami came and knocked them all out.				
FALSE					
					
Provate ad immaginare <L1>benzina</L1> e diesel sostenibili con bilancio del CO2 neutro ed auto-prodotti.	Imagine carbon neutral gasoline and diesel, sustainable and self-produced.				
Provate ad immaginare <N1></N1> e diesel sostenibili con bilancio del CO2 neutro ed auto-prodotti.	Imagine carbon neutral gasoline and diesel, sustainable and self-produced.				
FALSE					
					
Like you'll say this is a three <L1>megawatt</L1> windmill.	Like you'll say this is a three megawatt windmill.				
Like you'll say this is a three <N1></N1> windmill.	Like you'll say this is a three megawatt windmill.				
FALSE					
					
It's a very, very expensive proposition to use battery <L1>backup</L1> for the grid.	It's a very, very expensive proposition to use battery backup for the grid.				
It's a very, very expensive proposition to use battery <N1></N1> for the grid.	It's a very, very expensive proposition to use battery backup for the grid.				
FALSE					
					
It has not ever been able to be accomplished on a grid level before because of how much it costs to store a <L1>watt</L1> hour in a battery.	It has not ever been able to be accomplished on a grid level before because of how much it costs to store a watt hour in a battery.	Watt J.-Watt James-Watt			
It has not ever been able to be accomplished on a grid level before because of how much it costs to store a <N1></N1> hour in a battery.	It has not ever been able to be accomplished on a grid level before because of how much it costs to store a watt hour in a battery.				
FALSE					
					
The <L1>reality</L1> is that we have waste, so it's not going to improve the nuclear waste.	The reality is that we have waste, so it's not going to improve the nuclear waste.				
The <N1></N1> is that we have waste, so it's not going to improve the nuclear waste.	The reality is that we have waste, so it's not going to improve the nuclear waste.				
FALSE					
					
The Department of Energy cited my website as the <L1>single</L1> technical source for the molten salt reactor in their Generation IV when they first published it.	The Department of Energy cited my website as the single technical source for the molten salt reactor in their Generation IV when they first published it.				
The Department of Energy cited my website as the <N1></N1> technical source for the molten salt reactor in their Generation IV when they first published it.	The Department of Energy cited my website as the single technical source for the molten salt reactor in their Generation IV when they first published it.				
FALSE					
					
People say Well that's quite an honor, no it's actually very pathetic because I'm Joe sitting in my <L1>garage</L1> doing a website and this is the single technical source you came up with?	People say  Well that's quite an honor,  no it's actually very pathetic because I'm Joe sitting in my garage doing a website and this is the single technical source you came up with?				
People say Well that's quite an honor, no it's actually very pathetic because I'm Joe sitting in my <N1></N1> doing a website and this is the single technical source you came up with?	People say  Well that's quite an honor,  no it's actually very pathetic because I'm Joe sitting in my garage doing a website and this is the single technical source you came up with?				
FALSE					
					
I would really be surprised if our <L1>leadership</L1> knows about this.	I would really be surprised if our leadership knows about this.				
I would really be surprised if our <N1></N1> knows about this.	I would really be surprised if our leadership knows about this.				
FALSE					
					
The strong nuclear forces <L1>holding</L1> the nucleus together, the protons are pushing the nucleus apart.	The strong nuclear forces holding the nucleus together, the protons are pushing the nucleus apart.				
The strong nuclear forces <N1></N1> the nucleus together, the protons are pushing the nucleus apart.	The strong nuclear forces holding the nucleus together, the protons are pushing the nucleus apart.				
FALSE					
					
So all these guys that have real <L1>short</L1> half-lives, very, very dangerous, but they are going away real quick.	So all these guys that have real short half-lives, very, very dangerous, but they are going away real quick.				
So all these guys that have real <N1></N1> half-lives, very, very dangerous, but they are going away real quick.	So all these guys that have real short half-lives, very, very dangerous, but they are going away real quick.				
FALSE					
					
Oh yeah, <L1>smoking</L1> radioactive, really, really hot stuff.	Oh yeah, smoking radioactive, really, really hot stuff.				
Oh yeah, <N1></N1> radioactive, really, really hot stuff.	Oh yeah, smoking radioactive, really, really hot stuff.				
FALSE					
					
The way they describe this in nuclear reactions is they call it a <L1>cross</L1> section.	The way they describe this in nuclear reactions is they call it a cross section.				
The way they describe this in nuclear reactions is they call it a <N1></N1> section.	The way they describe this in nuclear reactions is they call it a cross section.				
FALSE					
					
I see what we've got to do. Weinberg got a <L1>job</L1> offer to be the director of Oak Ridge National Labs in 1955.	I see what we've got to do.  Weinberg got a job offer to be the director of Oak Ridge National Labs in 1955.				
I see what we've got to do. Weinberg got a <N1></N1> offer to be the director of Oak Ridge National Labs in 1955.	I see what we've got to do.  Weinberg got a job offer to be the director of Oak Ridge National Labs in 1955.				
FALSE					
					
Now fission will <L1>stop</L1> because one of the things the water is doing is slowing down the neutrons.	Now fission will stop because one of the things the water is doing is slowing down the neutrons.				
Now fission will <N1></N1> because one of the things the water is doing is slowing down the neutrons.	Now fission will stop because one of the things the water is doing is slowing down the neutrons.				
FALSE					
					
let's say the welding failed, and this thing goes <L1>boom</L1> and out shoot the control rods, that's there to keep them from doing bad things like punching a hole in the top.	let's say the welding failed, and this thing goes  boom  and out shoot the control rods, that's there to keep them from doing bad things like punching a hole in the top.				
let's say the welding failed, and this thing goes <N1></N1> and out shoot the control rods, that's there to keep them from doing bad things like punching a hole in the top.	let's say the welding failed, and this thing goes  boom  and out shoot the control rods, that's there to keep them from doing bad things like punching a hole in the top.				
FALSE					
					
It has nothing to do with nuclear power, it has to do with bad <L1>management</L1> and you wouldn't even design a simple factory the way that was designed.	It has nothing to do with nuclear power, it has to do with bad management and you wouldn't even design a simple factory the way that was designed.	esercizio management amministrazione gestione | management dirigenza			
It has nothing to do with nuclear power, it has to do with bad <N1></N1> and you wouldn't even design a simple factory the way that was designed.	It has nothing to do with nuclear power, it has to do with bad management and you wouldn't even design a simple factory the way that was designed.				
FALSE					
					
When you make this gas, it starts to <L1>break</L1> up the solid structure of the fuel.	When you make this gas, it starts to break up the solid structure of the fuel.	break interruzione cesura sospensione intermezzo stacco intervallo pausa			
When you make this gas, it starts to <N1></N1> up the solid structure of the fuel.	When you make this gas, it starts to break up the solid structure of the fuel.				
FALSE					
					
We then <L1>stick</L1> them in the reactor and irradiate them for a couple of years.	We then stick them in the reactor and irradiate them for a couple of years.				
We then <N1></N1> them in the reactor and irradiate them for a couple of years.	We then stick them in the reactor and irradiate them for a couple of years.				
FALSE					
					
The traveling wave reactor is another form of a liquid <L1>metal</L1> fast breeder reactor.	The traveling wave reactor is another form of a liquid metal fast breeder reactor.				
The traveling wave reactor is another form of a liquid <N1></N1> fast breeder reactor.	The traveling wave reactor is another form of a liquid metal fast breeder reactor.				
FALSE					
					
I'm thinking, You don't leave a bunch of plutonium in a pool of liquid sodium <L1>underground</L1> for an extended period of time that is a bad disposal option.	I'm thinking,  You don't leave a bunch of plutonium in a pool of liquid sodium underground for an extended period of time that is a bad disposal option.				
I'm thinking, You don't leave a bunch of plutonium in a pool of liquid sodium <N1></N1> for an extended period of time that is a bad disposal option.	I'm thinking,  You don't leave a bunch of plutonium in a pool of liquid sodium underground for an extended period of time that is a bad disposal option.				
FALSE					
					
He says, You know how in mini <L1>golf</L1> you've got the volcano, and the volcano's got the hole at the very top, and you've got to putt your ball in a way that it goes all the way up the side of the volcano, and 'phwep!' falls in the hole. He goes, OK.	He says,  You know how in mini golf you've got the volcano, and the volcano's got the hole at the very top, and you've got to putt your ball in a way that it goes all the way up the side of the volcano, and 'phwep!' falls in the hole.  He goes,  OK.				
He says, You know how in mini <N1></N1> you've got the volcano, and the volcano's got the hole at the very top, and you've got to putt your ball in a way that it goes all the way up the side of the volcano, and 'phwep!' falls in the hole. He goes, OK.	He says,  You know how in mini golf you've got the volcano, and the volcano's got the hole at the very top, and you've got to putt your ball in a way that it goes all the way up the side of the volcano, and 'phwep!' falls in the hole.  He goes,  OK.				
FALSE					
					
If I can <L1>beat</L1> them by a million to one, maybe we ought to do that.	If I can beat them by a million to one, maybe we ought to do that.				
If I can <N1></N1> them by a million to one, maybe we ought to do that.	If I can beat them by a million to one, maybe we ought to do that.				
FALSE					
					
I'm not the biggest <L1>fan</L1> of plutonium because I'm not crazy about the plutonium fast-breeder reactor, but there's nothing good or bad about plutonium.	I'm not the biggest fan of plutonium because I'm not crazy about the plutonium fast-breeder reactor, but there's nothing good or bad about plutonium.	aficionado fan amatore amante appassionato			
I'm not the biggest <N1></N1> of plutonium because I'm not crazy about the plutonium fast-breeder reactor, but there's nothing good or bad about plutonium.	I'm not the biggest fan of plutonium because I'm not crazy about the plutonium fast-breeder reactor, but there's nothing good or bad about plutonium.				
FALSE					
					
There are now 640,000 children born in this <L1>country</L1> every year who've been exposed to dangerous levels of mercury in their mother's wombs.	There are now 640,000 children born in this country every year who've been exposed to dangerous levels of mercury in their mother's wombs.	country musica-country			
There are now 640,000 children born in this <N1></N1> every year who've been exposed to dangerous levels of mercury in their mother's wombs.	There are now 640,000 children born in this country every year who've been exposed to dangerous levels of mercury in their mother's wombs.				
FALSE					
					
The <L1>basic</L1> advantage of LFTR over that approach is we don't form those transuranics.	The basic advantage of LFTR over that approach is we don't form those transuranics.				
The <N1></N1> advantage of LFTR over that approach is we don't form those transuranics.	The basic advantage of LFTR over that approach is we don't form those transuranics.				
FALSE					
					
We're doing <L1>wireless</L1> here.	We're doing wireless here.				
We're doing <N1></N1> here.	We're doing wireless here.				
FALSE					
					
This has been a very <L1>bipartisan</L1> approach to scaring the public.	This has been a very bipartisan approach to scaring the public.				
This has been a very <N1></N1> approach to scaring the public.	This has been a very bipartisan approach to scaring the public.				
FALSE					
					
And they're going, Does Godzilla form? Well, you know, a double ended <L1>DNA</L1> break, I suppose in the right gene, could actually trigger an increased growth rate of hormone, which could actually lead to mild gigantism.	And they're going,  Does Godzilla form?   Well, you know, a double ended DNA break, I suppose in the right gene, could actually trigger an increased growth rate of hormone, which could actually lead to mild gigantism.	dna acido-desossiribonucleico			
And they're going, Does Godzilla form? Well, you know, a double ended <N1></N1> break, I suppose in the right gene, could actually trigger an increased growth rate of hormone, which could actually lead to mild gigantism.	And they're going,  Does Godzilla form?   Well, you know, a double ended DNA break, I suppose in the right gene, could actually trigger an increased growth rate of hormone, which could actually lead to mild gigantism.				
FALSE					
					
It's just the planet we <L1>live</L1> on.	It's just the planet we live on.				
It's just the planet we <N1></N1> on.	It's just the planet we live on.				
FALSE					
					
But a good one to <L1>play</L1> on your friends if they start giving you a hard time for coming to protospace and talking about Thorium, you say, Dude, it's green energy. What!?	But a good one to play on your friends if they start giving you a hard time for coming to protospace and talking about Thorium, you say,  Dude, it's green energy.   What!?				
But a good one to <N1></N1> on your friends if they start giving you a hard time for coming to protospace and talking about Thorium, you say, Dude, it's green energy. What!?	But a good one to play on your friends if they start giving you a hard time for coming to protospace and talking about Thorium, you say,  Dude, it's green energy.   What!?				
FALSE					
					
Well, he mentioned in an article that he wrote yesterday that he talked to Caroline Lucas, the head of the green <L1>party</L1> in the U.K. And he asked her why she would support subsidies on solar and wind.	Well, he mentioned in an article that he wrote yesterday that he talked to Caroline Lucas, the head of the green party in the U.K. And he asked her why she would support subsidies on solar and wind.				
Well, he mentioned in an article that he wrote yesterday that he talked to Caroline Lucas, the head of the green <N1></N1> in the U.K. And he asked her why she would support subsidies on solar and wind.	Well, he mentioned in an article that he wrote yesterday that he talked to Caroline Lucas, the head of the green party in the U.K. And he asked her why she would support subsidies on solar and wind.				
FALSE					
					
A lot of people get it one-on-one but they're afraid to be the first one to <L1>stand</L1> up and say Ra-ra-ra, let's go do this. It's a lot easier when you feel like everybody else is behind you.	A lot of people get it one-on-one but they're afraid to be the first one to stand up and say  Ra-ra-ra, let's go do this.  It's a lot easier when you feel like everybody else is behind you.				
A lot of people get it one-on-one but they're afraid to be the first one to <N1></N1> up and say Ra-ra-ra, let's go do this. It's a lot easier when you feel like everybody else is behind you.	A lot of people get it one-on-one but they're afraid to be the first one to stand up and say  Ra-ra-ra, let's go do this.  It's a lot easier when you feel like everybody else is behind you.				
FALSE					
					
Well, we get to the end of the trip and the Chinese official's name was Dr. Jiang Mianheng... interesting about Dr. Jiang Mianheng, his father was Jiang Zemin, who used to be the <L1>premier</L1> of China.	Well, we get to the end of the trip and the Chinese official's name was Dr. Jiang Mianheng... interesting about Dr. Jiang Mianheng, his father was Jiang Zemin, who used to be the premier of China.				
Well, we get to the end of the trip and the Chinese official's name was Dr. Jiang Mianheng... interesting about Dr. Jiang Mianheng, his father was Jiang Zemin, who used to be the <N1></N1> of China.	Well, we get to the end of the trip and the Chinese official's name was Dr. Jiang Mianheng... interesting about Dr. Jiang Mianheng, his father was Jiang Zemin, who used to be the premier of China.				
FALSE					
					
They were under a non-disclosure <L1>agreement</L1> between RGOE and the Chinese government.	They were under a non-disclosure agreement between RGOE and the Chinese government.				
They were under a non-disclosure <N1></N1> between RGOE and the Chinese government.	They were under a non-disclosure agreement between RGOE and the Chinese government.				
FALSE					
					
Thorium policy in all <L1>western</L1> nations undermines the successful development of a domestic rare earth market.	Thorium policy in all western nations undermines the successful development of a domestic rare earth market.				
Thorium policy in all <N1></N1> nations undermines the successful development of a domestic rare earth market.	Thorium policy in all western nations undermines the successful development of a domestic rare earth market.				
FALSE					
					
We set it down in 1974 for kind of dumb reasons, and I think it's high time that we picked that <L1>thread</L1> back up again.	We set it down in 1974 for kind of dumb reasons, and I think it's high time that we picked that thread back up again.				
We set it down in 1974 for kind of dumb reasons, and I think it's high time that we picked that <N1></N1> back up again.	We set it down in 1974 for kind of dumb reasons, and I think it's high time that we picked that thread back up again.				
FALSE					
					
Ammonia production consumes more than one percent of the entire world energy <L1>budget</L1> today.	Ammonia production consumes more than one percent of the entire world energy budget today.				
Ammonia production consumes more than one percent of the entire world energy <N1></N1> today.	Ammonia production consumes more than one percent of the entire world energy budget today.				
FALSE					
					
We began to <L1>transfer</L1> the fuel elements one by one, and started loading the reactor core.	We began to transfer the fuel elements one by one, and started loading the reactor core.				
We began to <N1></N1> the fuel elements one by one, and started loading the reactor core.	We began to transfer the fuel elements one by one, and started loading the reactor core.				
FALSE					
					
Commercial nuclear energy around the world has a very good safety <L1>record</L1> even if you include Chernobyl.	Commercial nuclear energy around the world has a very good safety record even if you include Chernobyl.	record primato			
Commercial nuclear energy around the world has a very good safety <N1></N1> even if you include Chernobyl.	Commercial nuclear energy around the world has a very good safety record even if you include Chernobyl.				
FALSE					
					
It was going to be like living in a <L1>shopping</L1> mall in space.	It was going to be like living in a shopping mall in space.				
It was going to be like living in a <N1></N1> mall in space.	It was going to be like living in a shopping mall in space.				
FALSE					
					
You know and, have a little <L1>home</L1> in the tube.	You know and, have a little home in the tube.				
You know and, have a little <N1></N1> in the tube.	You know and, have a little home in the tube.				
FALSE					
					
E la domanda è: Come si diventa un <L1>killer</L1> psicopatico?	And the question is,  How do you end up with a psychopathic killer?	killer sicario			
E la domanda è: Come si diventa un <N1>assassino</N1> psicopatico?	And the question is,  How do you end up with a psychopathic killer?				
TRUE					
					
Il problema è che così si tende a <L1>concentrare</L1> questi geni.	Well what the problem is this tends to concentrate these genes.				
Il problema è che così si tende a <N1></N1> questi geni.	Well what the problem is this tends to concentrate these genes.				
FALSE					
					
Oh, quel bus Broadway ... (Suono del <L1>clacson</L1> del bus)	Oh, that Broadway bus... (sound of bus honking by)	claxon clacson			
Oh, quel bus Broadway ... (Suono dell' <N1>avvisatore elettroacustico</N1> del bus)	Oh, that Broadway bus... (sound of bus honking by)				
TRUE					
					
Beh, così lei è sempre in <L1>cabina</L1> e io dico Non vedo l'ora di prendere un po 'di tempo a parte.	Well, so she's getting into the cab and I say  I'm looking forward to taking some time apart.				
Beh, così lei è sempre in <N1></N1> e io dico Non vedo l'ora di prendere un po 'di tempo a parte.	Well, so she's getting into the cab and I say  I'm looking forward to taking some time apart.				
FALSE					
					
Il <L1>geco</L1> e la cavalletta, il verme e l'anguria, l'elefante e l'Escherichia Coli, l'essere umano e il fungo.	Geckos and grasshoppers, worms and watermelons, elephants and Escherichia Coli, man and mushroom.	geco tarantola			
Il <N1></N1> e la cavalletta, il verme e l'anguria, l'elefante e l'Escherichia Coli, l'essere umano e il fungo.	Geckos and grasshoppers, worms and watermelons, elephants and Escherichia Coli, man and mushroom.				
FALSE					
					
La 4 diverse parti dei nucleotidi, dette basi sono composte da pochi atomi di carbonio, ossigeno, idrogeno, <L1>azoto</L1> e fosforo, e le molecole hanno questo aspetto.	The four differing nucleotide parts, called bases, are made of a few carbon, oxygen, hydrogen, nitrogen and phosphorus atoms, and the molecules look like this.				
La 4 diverse parti dei nucleotidi, dette basi sono composte da pochi atomi di carbonio, ossigeno, idrogeno, <N1></N1> e fosforo, e le molecole hanno questo aspetto.	The four differing nucleotide parts, called bases, are made of a few carbon, oxygen, hydrogen, nitrogen and phosphorus atoms, and the molecules look like this.				
FALSE					
					
Appena si raggiunge la quantità necessaria, un altro segnale, sotto forma di proteina, raggiunge le cellule del pancreas per <L1>bloccare</L1> la produzione di insulina.	As soon as enough insulin has been produced, another signal protein comes to the pancreas' cells that tells them to stop making insulin.				
Appena si raggiunge la quantità necessaria, un altro segnale, sotto forma di proteina, raggiunge le cellule del pancreas per <N1></N1> la produzione di insulina.	As soon as enough insulin has been produced, another signal protein comes to the pancreas' cells that tells them to stop making insulin.				
FALSE					
					
Metteremo i cappelli sulle vostre <L1>teste</L1> e poi accenderemo le luci.	He counts the green actually only. So count the green.	testimone teste			
Metteremo i cappelli sulle vostre <N1></N1> e poi accenderemo le luci.	He counts the green actually only. So count the green.				
FALSE					
					
Non è una <L1>gara</L1> per un singolo atleta.	It is not an event for the solo runner.	duello concorso confronto competizione prova gara			
Non è una <N1></N1> per un singolo atleta.	It is not an event for the solo runner.				
FALSE					
					
Adesso una parte va da <L1>arancio</L1> a giallo e l'altra da arancio ad arancio neon.	And now, one way goes from orange to yellow, but the other way goes from orange to...neon yellow.	arancia arancio | arancio aranciato arancione			
Adesso una parte va da <N1></N1> a giallo e l'altra da arancio ad arancio neon.	And now, one way goes from orange to yellow, but the other way goes from orange to...neon yellow.				
FALSE					
					
Potrei essere troppo fatto di complimenti In <L1>overdose</L1> di fiducia in me stesso	I might be too strung out on compliments Overdose on confidence				
Potrei essere troppo fatto di complimenti In <N1></N1> di fiducia in me stesso	I might be too strung out on compliments Overdose on confidence				
FALSE					
					
Edgeryders vuole essere il più grande <L1>think tank</L1> nel mondo sulla transizione ad una vita attiva e indipendente per i giovani.	EdgeRyders wants to be the largest think tank in the world on the youth's transition to an independent active life.				
Edgeryders vuole essere il più grande <N1>gruppo di esperti</N1> nel mondo sulla transizione ad una vita attiva e indipendente per i giovani.	EdgeRyders wants to be the largest think tank in the world on the youth's transition to an independent active life.				
TRUE					
					
Lo spazio in cui facciamo questo è una <L1>piattaforma</L1> interattiva chiamata Edgeryders, sviluppata qui al Consiglio d'Europa, e basata su software libero.	The space where we do all this is an interactive online platform called EdgeRyders, developed here at the Council of Europe, based on free software.	piattaforma continentale piattaforma | piattaforma di lancio piattaforma			
Lo spazio in cui facciamo questo è una <N1></N1> interattiva chiamata Edgeryders, sviluppata qui al Consiglio d'Europa, e basata su software libero.	The space where we do all this is an interactive online platform called EdgeRyders, developed here at the Council of Europe, based on free software.				
FALSE					
					
E <L1>danza</L1> nel cielo	And she's dancing in the sky.	ballo danza			
E <N1></N1> nel cielo	And she's dancing in the sky.				
FALSE					
					
Un <L1>flash mob</L1>.	- Ah, a flash mob?				
Un <N1>riunione di gruppo improvvisata</N1>.	- Ah, a flash mob?				
TRUE					
					
Oddio, e se si fosse preso una <L1>cotta</L1> per me?	Oh my god. What if they have a crush on me?	infatuazione sbandata scuffia cotta | cottura cotta | ubriacatura sbronza scimmia sbornia cotta scuffia			
Oddio, e se si fosse preso una <N1></N1> per me?	Oh my god. What if they have a crush on me?				
FALSE					
					
Adesso la situazione è rimasta <L1>ferma</L1> alla Camera	So the situation right now is held at the  Camera				
Adesso la situazione è rimasta <N1></N1> alla Camera	So the situation right now is held at the  Camera				
FALSE					
					
Mi resi conto che queto Robert Baratheon sarebbe finito come tutti gli altri <L1>lord</L1> ribelli: ridotto in cenere	I figured this Robert Baratheon would end the same as the other rebel lords: burnt to ash.	lord pari			
Mi resi conto che queto Robert Baratheon sarebbe finito come tutti gli altri <N1>signori</N1> ribelli: ridotto in cenere	I figured this Robert Baratheon would end the same as the other rebel lords: burnt to ash.				
TRUE					
					
E se poteste <L1>impilare</L1> tutti quei bicchieri, nella vita reale,	And there's an hour's worth of our cups. And there's a day's worth of our cups.	catastare impilare accatastare			
E se poteste <N1></N1> tutti quei bicchieri, nella vita reale,	And there's an hour's worth of our cups. And there's a day's worth of our cups.				
FALSE					
					
La <L1>lobby</L1> del tabacco è troppo potente, e noi allontaniamo l'idea dalla nostra coscienza.	We just dismiss it out of our consciousness.				
La <N1>congrega</N1> del tabacco è troppo potente, e noi allontaniamo l'idea dalla nostra coscienza.	We just dismiss it out of our consciousness.				
TRUE					
					
Ma il <L1>turismo</L1> dello squalo balena sta cambiando tutto questo.	But whale shark tourism is changing that.				
Ma il <N1></N1> dello squalo balena sta cambiando tutto questo.	But whale shark tourism is changing that.				
FALSE					
					
Immaginate un mondo nel quale, invece di investire un sacco di denaro prendendo sempre più risorse e cambiando i nostri paesaggi e i nostri oceani, questi soldi vengano investiti per proteggere e <L1>salvaguardare</L1> la natura, in modo che possa continuare a fornirci le cose che ci piacciono, quelle di cui abbiamo bisogno e quelle che vogliamo.	Imagine a world where, instead of investing lots and lots of money in taking our resources after resources and changing our landscapes and our oceans, we invest this money in protecting nature and conserving nature, so that it can continue to provide us with the things that we like, with the things that we need, and with the things that we want.				
Immaginate un mondo nel quale, invece di investire un sacco di denaro prendendo sempre più risorse e cambiando i nostri paesaggi e i nostri oceani, questi soldi vengano investiti per proteggere e <N1></N1> la natura, in modo che possa continuare a fornirci le cose che ci piacciono, quelle di cui abbiamo bisogno e quelle che vogliamo.	Imagine a world where, instead of investing lots and lots of money in taking our resources after resources and changing our landscapes and our oceans, we invest this money in protecting nature and conserving nature, so that it can continue to provide us with the things that we like, with the things that we need, and with the things that we want.				
FALSE					
					
Altrimenti, potreste provare ad auto <L1>assemblare</L1> la sfera.	Alternatively, you could try to self assemble the sphere.				
Altrimenti, potreste provare ad auto <N1></N1> la sfera.	Alternatively, you could try to self assemble the sphere.				
FALSE					
					
Gli scienziati stanno creando <L1>microchip</L1> molecolari per computer dove ai piccoli elementi molecolari vengono date le giuste condizioni per formarsi in percorsi organizzati.	Scientists are now making molecular microchips for computers where small, molecular elements are given the right conditions to form themselves into organized pathways.				
Gli scienziati stanno creando <N1></N1> molecolari per computer dove ai piccoli elementi molecolari vengono date le giuste condizioni per formarsi in percorsi organizzati.	Scientists are now making molecular microchips for computers where small, molecular elements are given the right conditions to form themselves into organized pathways.				
FALSE					
					
Queste nuove tecnologie cicliche hanno contribuito fortemente a farci produrre e vendere 72 milioni di metri quadrati di moquette ad 'impatto <L1>climatico</L1> neutro' a partire dal 2004. Il che significa nessuno contributo netto al peggioramento del clima per la produzione di moquette su tutta la filiera, dalla miniera e dal pozzo di petrolio, fino al recupero a fine ciclo di vita. Il tutto certificato da terze parti indipendenti.	Those new cyclical technologies have contributed mightily to the fact that we have produced and sold 85 million square yards of climate-neutral carpet since 2004, meaning no net contribution to global climate disruption in producing the carpet throughout the supply chain, from mine and well head clear to end-of-life reclamation -- independent third-party certified.				
Queste nuove tecnologie cicliche hanno contribuito fortemente a farci produrre e vendere 72 milioni di metri quadrati di moquette ad 'impatto <N1></N1> neutro' a partire dal 2004. Il che significa nessuno contributo netto al peggioramento del clima per la produzione di moquette su tutta la filiera, dalla miniera e dal pozzo di petrolio, fino al recupero a fine ciclo di vita. Il tutto certificato da terze parti indipendenti.	Those new cyclical technologies have contributed mightily to the fact that we have produced and sold 85 million square yards of climate-neutral carpet since 2004, meaning no net contribution to global climate disruption in producing the carpet throughout the supply chain, from mine and well head clear to end-of-life reclamation -- independent third-party certified.				
FALSE					
					
E non sono riuscito a dormire, per due settimane, quando ho visto l'enorme quantità di <L1>ossigeno</L1> e di altri elementi nello spettro delle stelle	And I couldn't sleep, next two weeks, when I saw the huge amount of oxygen and other elements in the spectrum of the stars.				
E non sono riuscito a dormire, per due settimane, quando ho visto l'enorme quantità di <N1></N1> e di altri elementi nello spettro delle stelle	And I couldn't sleep, next two weeks, when I saw the huge amount of oxygen and other elements in the spectrum of the stars.				
FALSE					
					
Poi i tuoi colleghi e infine il mondo intero che hai realmente captato qualcosa del genere nelle atmosfere di un esopianeta ospitato da una stella a qualcosa come 100 <L1>parsec</L1> lontano da qui	Then you have to convince your colleagues. And then you have to convince the whole world that you have actually detected something like this in the atmosphere of an extrasolar planet host star somewhere in 100 parsec away from here.				
Poi i tuoi colleghi e infine il mondo intero che hai realmente captato qualcosa del genere nelle atmosfere di un esopianeta ospitato da una stella a qualcosa come 100 <N1></N1> lontano da qui	Then you have to convince your colleagues. And then you have to convince the whole world that you have actually detected something like this in the atmosphere of an extrasolar planet host star somewhere in 100 parsec away from here.				
FALSE					
					
Dobbiamo individuare ossigeno e <L1>ozono</L1> per essere sicuri che abbiamo tutte le condizioni necessarie per avere la vita	We have to detect oxygen or ozone to make sure that we have all necessary conditions to have life.				
Dobbiamo individuare ossigeno e <N1></N1> per essere sicuri che abbiamo tutte le condizioni necessarie per avere la vita	We have to detect oxygen or ozone to make sure that we have all necessary conditions to have life.				
FALSE					
					
Vedremo una volta che avremo il codice per estrarre tutti i <L1>link</L1> sulla pagina web che ci sono casi dove è più facile scrivere codice usando	We'll see once we get to the code for extracting all the links on the page that there are cases where it's easier to write the code using				
Vedremo una volta che avremo il codice per estrarre tutte le <N1>connessioni</N1> sulla pagina web che ci sono casi dove è più facile scrivere codice usando	We'll see once we get to the code for extracting all the links on the page that there are cases where it's easier to write the code using				
TRUE					
					
Oggi, molti dubbi sono sorti sui nostri diritti alla <L1>privacy</L1> nella tecnologia.	Today, many concerns have arisen about our rights to privacy in technology.	riservatezza privacy			
Oggi, molti dubbi sono sorti sui nostri diritti alla <N1>intimità</N1> nella tecnologia.	Today, many concerns have arisen about our rights to privacy in technology.				
TRUE					
					
Se siete accusati di un crimine, avete il diritto ad un rapido processo pubblico e ad una <L1>giuria</L1> imparziale.	If you're accused of a crime, you have the right to a speedy public trial and an impartial jury.				
Se siete accusati di un crimine, avete il diritto ad un rapido processo pubblico e ad una <N1></N1> imparziale.	If you're accused of a crime, you have the right to a speedy public trial and an impartial jury.				
FALSE					
					
Gli Anunnaki hanno osservato i primati bipedi che abitavano sulla Terra e hanno avuto una idea: Utilizzare la loro conoscenza di ingegneria <L1>genetica</L1> mischiando il nostro DNA al DNA di quelli esseri e hanno svilupato un lavoratore sufficientemente intelligente per estrarre tutto quell' oro.	The Anunnaki watched the bipedal primates that lived on Earth and they had an idea: and decided to use their knowledge of genetic engineering and fuse their DNA with the DNA of the beings who then lived here.				
Gli Anunnaki hanno osservato i primati bipedi che abitavano sulla Terra e hanno avuto una idea: Utilizzare la loro conoscenza di ingegneria <N1></N1> mischiando il nostro DNA al DNA di quelli esseri e hanno svilupato un lavoratore sufficientemente intelligente per estrarre tutto quell' oro.	The Anunnaki watched the bipedal primates that lived on Earth and they had an idea: and decided to use their knowledge of genetic engineering and fuse their DNA with the DNA of the beings who then lived here.				
FALSE					
					
Ci preoccupa la <L1>cocaina</L1> proveniente dalle Ande settentrionali.	We worry about cocaine coming from the Andean Ridge north.	coca cocaina			
Ci preoccupa la <N1></N1> proveniente dalle Ande settentrionali.	We worry about cocaine coming from the Andean Ridge north.				
FALSE					
					
Per farvi un esempio su che impatto questo può avere, questo bambino, 8 anni, è venuto a piedi con sua madre camminando per 2 giorni per farsi visitare nella clinica <L1>oculistica</L1> della nave Comfort.	To give you one example of the impact this can have, this little boy, eight years old, walked with his mother two days to come to the eye clinic put on by the Comfort.	oculistica oftalmologia			
Per farvi un esempio su che impatto questo può avere, questo bambino, 8 anni, è venuto a piedi con sua madre camminando per 2 giorni per farsi visitare nella clinica <N1></N1> della nave Comfort.	To give you one example of the impact this can have, this little boy, eight years old, walked with his mother two days to come to the eye clinic put on by the Comfort.				
FALSE					
					
E' così profondamente radicato nella nostra <L1>psiche</L1> che il pane viene usato come simbolo della vita.	It's so deeply embedded in our psyches that bread is used as a symbol for life.	psicologia psiche			
E' così profondamente radicato nella nostra <N1></N1> che il pane viene usato come simbolo della vita.	It's so deeply embedded in our psyches that bread is used as a symbol for life.				
FALSE					
					
Il risultato è che l'accelerazione angolare indicata dalla lettera <L1>alfa</L1> diventa uno fratto R.	So as a result, the angular acceleration, denoted by the Greek letter alpha here, goes as 1 over R.				
Il risultato è che l'accelerazione angolare indicata dalla lettera <N1></N1> diventa uno fratto R.	So as a result, the angular acceleration, denoted by the Greek letter alpha here, goes as 1 over R.				
FALSE					
					
E alla stregua di un tuffatore sul trampolino, che salta per prendere lo slancio sufficiente per eseguire <L1>piroetta</L1> e doppia capriola, per poi rimettersi in assetto con grazia, anche il robot esegue le sue evoluzioni.	So just like a diver stands on a springboard and then jumps off it to gain momentum, and then does this pirouette, this two and a half somersault through and then gracefully recovers, this robot is basically doing that.				
E alla stregua di un tuffatore sul trampolino, che salta per prendere lo slancio sufficiente per eseguire <N1></N1> e doppia capriola, per poi rimettersi in assetto con grazia, anche il robot esegue le sue evoluzioni.	So just like a diver stands on a springboard and then jumps off it to gain momentum, and then does this pirouette, this two and a half somersault through and then gracefully recovers, this robot is basically doing that.				
FALSE					
					
Questo robot dispone di una videocamera e di un cercatore <L1>laser</L1> H, uno scansionatore laser.	So this robot is actually equipped with a camera, and a laser rangefinder, laser scanner.				
Questo robot dispone di una videocamera e di un cercatore <N1></N1> H, uno scansionatore laser.	So this robot is actually equipped with a camera, and a laser rangefinder, laser scanner.				
FALSE					
					
JoonPyo gli piacciono molto le <L1>omelette</L1> e il ramen...	JunPyo ...he loves rolled up egg and ramen..				
JoonPyo gli piacciono molto le <N1></N1> e il ramen...	JunPyo ...he loves rolled up egg and ramen..				
FALSE					
					
Gli piace preparare il pranzo per i <L1>picnic</L1>	He likes packing lunch and going on a picnic...	picnic merenda			
Gli piace preparare il pranzo per le <N1>scampagnate</N1>	He likes packing lunch and going on a picnic...				
TRUE					
					
Perché abbiamo testato modelli ARES, molti modelli in mezza dozzina di <L1>tunnel</L1> del vento per otto anni presso il Centro Ricerche Langley della NASA, con le medesime condizioni di Marte.	Because we have tested ARES model, several models in a half a dozen wind tunnels at the NASA Langley Research Center for eight years, under Mars conditions.	traforo tunnel galleria			
Perché abbiamo testato modelli ARES, molti modelli in mezza dozzina di <N1>gallerie</N1> del vento per otto anni presso il Centro Ricerche Langley della NASA, con le medesime condizioni di Marte.	Because we have tested ARES model, several models in a half a dozen wind tunnels at the NASA Langley Research Center for eight years, under Mars conditions.				
TRUE					
					
E' mia opinione che andare in ufficio il venerdì in <L1>jeans</L1> e <L2>T-shirt</L2> non è propriamente affrontare il nocciolo della questione.	It's my contention that going to work on Friday in jeans and [a] T-shirt isn't really getting to the nub of the issue.	blue-jeans jean blue jean			
E' mia opinione che andare in ufficio il venerdì in <N1>jeans</N1> e <N2>maglietta</N2> non è propriamente affrontare il nocciolo della questione.	It's my contention that going to work on Friday in jeans and [a] T-shirt isn't really getting to the nub of the issue.				
TRUE					
					
Incontrarsi con i compagni al <L1>pub</L1> per una bevutina pomeridiana.	Meet some mates in the pub for an early evening drink.				
Incontrarsi con i compagni al <N1>pub</N1> per una bevutina pomeridiana.	Meet some mates in the pub for an early evening drink.				
TRUE					
					
È a questa seconda <L1>categoria</L1> che appartiene *Il Figliol Prodigo*: con le sue linee di fuga, che mirano tanto al padre quanto al figlio, il grande portico cupo, i suoi personaggi principali decentrati, come allontanati, e i suoi visi dall'identità incerta.	The Prodigal Son is in the second category, with:** perspective lines converging on both father and son, the dark and gaping doorway, the off-centre positioning of the main figures, faces which cannot be identified with certainty.	categoria corporazione classe ordine associazione			
È a questa seconda <N1></N1> che appartiene *Il Figliol Prodigo*: con le sue linee di fuga, che mirano tanto al padre quanto al figlio, il grande portico cupo, i suoi personaggi principali decentrati, come allontanati, e i suoi visi dall'identità incerta.	The Prodigal Son is in the second category, with:** perspective lines converging on both father and son, the dark and gaping doorway, the off-centre positioning of the main figures, faces which cannot be identified with certainty.				
FALSE					
					
Questa spiaggia, in particolare, è Kailua Beach, dove il presidente Obama e la famiglia erano in <L1>vacanza</L1> prima di andare a Washington.	And this particular beach is Kailua Beach, the beach where our president and his family vacationed before moving to Washington.				
Questa spiaggia, in particolare, è Kailua Beach, dove il presidente Obama e la famiglia erano in <N1></N1> prima di andare a Washington.	And this particular beach is Kailua Beach, the beach where our president and his family vacationed before moving to Washington.				
FALSE					
					
Una è nel sud e <L1>ovest</L1> dell'India, che sarà già totalmente esaurita nel 2015 perché in quella parte del paese, il tasso di fertilità è quasi uguale a quello dei paesi dell'Europa occidentale.	One is in the south and in the west of India, which is already going to be fully expensed by 2015, because in that part of the country, the fertility rate is almost equal to that of a West European country.	occidentale ovest | occaso occidente ponente ovest			
Una è nel sud e <N1></N1> dell'India, che sarà già totalmente esaurita nel 2015 perché in quella parte del paese, il tasso di fertilità è quasi uguale a quello dei paesi dell'Europa occidentale.	One is in the south and in the west of India, which is already going to be fully expensed by 2015, because in that part of the country, the fertility rate is almost equal to that of a West European country.				
FALSE					
					
20 anni fa lo <L1>slogan</L1> politico era: Roti, kapra, makan , che significa: Cibo, abiti e riparo .	20 years back the political slogan was,  Roti, kapada, makaan,  which meant,  Food, clothing and shelter.				
20 anni fa il<N1>motto</N1> politico era: Roti, kapra, makan , che significa: Cibo, abiti e riparo .	20 years back the political slogan was,  Roti, kapada, makaan,  which meant,  Food, clothing and shelter.				
TRUE					
					
A causa del <L1>background</L1> storico indiano, nel sistema delle caste, e a causa del fatto che ci sono state molte persone che sono state lasciate per strada al freddo, gran parte della politica si basa sul come essere sicuri che ci indirizzeremo a quello.	Because of the historical Indian background, in the caste system, and because of the fact that there have been many people who have been left out in the cold, a lot of the politics is about how to make sure that we'll address that.				
A causa del <N1>retroscena</N1> storico indiano, nel sistema delle caste, e a causa del fatto che ci sono state molte persone che sono state lasciate per strada al freddo, gran parte della politica si basa sul come essere sicuri che ci indirizzeremo a quello.	Because of the historical Indian background, in the caste system, and because of the fact that there have been many people who have been left out in the cold, a lot of the politics is about how to make sure that we'll address that.				
TRUE					
					
Quando l'India cresceva del 3, 3,5% e la popolazione aumentava del 2%, il suo reddito <L1>pro capite</L1> si raddoppiava ogni 45 anni.	When India was growing at about three, 3.5 percent and the population was growing at two percent, its per capita income was doubling every 45 years.	frutto beneficio profitto prò giovamento			
Quando l'India cresceva del 3, 3,5% e la popolazione aumentava del 2%, il suo reddito <N1>a testa</N1> si raddoppiava ogni 45 anni.	When India was growing at about three, 3.5 percent and the population was growing at two percent, its per capita income was doubling every 45 years.				
TRUE					
					
Camminava elegantemente, come una <L1>giraffa</L1> nella savana africana portando la bandiera sulla spalla.	She walked elegantly, like a giraffe on the African savannah, holding the flag on her shoulder.				
Camminava elegantemente, come una <N1></N1> nella savana africana portando la bandiera sulla spalla.	She walked elegantly, like a giraffe on the African savannah, holding the flag on her shoulder.				
FALSE					
					
L'apocalisse ha avuto un apocalisse Un'armata di letalissimi <L1>cyborg</L1> sta cercando di trasformare il mondo in un cyber-inferno C'è solo una cosa che può fermarli.	The apocalypse has had an apocalypse. A rogue cyborg army is reshaping the world into cyber hell And only one thing can stop them.				
L'apocalisse ha avuto un apocalisse Un'armata di letalissimi <N1>androidi</N1> sta cercando di trasformare il mondo in un cyber-inferno C'è solo una cosa che può fermarli.	The apocalypse has had an apocalypse. A rogue cyborg army is reshaping the world into cyber hell And only one thing can stop them.				
TRUE					
					
Suonano <L1>blues</L1> a volumi estremamente alti, musica che sarà presto conosciuta come-	They play extremely loud blues music that soon will be known as—	blè blue blu bleu			
Suonano <N1></N1> a volumi estremamente alti, musica che sarà presto conosciuta come-	They play extremely loud blues music that soon will be known as—				
FALSE					
					
A metà degli anni 70 i Led Zeppelin sono la più grande <L1>rock</L1> <L2>band</L2> in tour in America, eppure molti critici e pari li etichettano come plagiatori.	By the mid-1970s Led Zeppelin are the biggest touring rock band in America, yet many critics and peers label them as rip-offs.				
A metà degli anni 70 i Led Zeppelin sono la più grande <N2>gruppo</N2> <N1>rock</N1> in tour in America, eppure molti critici e pari li etichettano come plagiatori.	By the mid-1970s Led Zeppelin are the biggest touring rock band in America, yet many critics and peers label them as rip-offs.				
TRUE					
					
Il suo <L1>abbigliamento</L1> era ricco di una ricchezza che sarebbe, in Inghilterra, essere considerato come affine di cattivo gusto.	His dress was rich with a richness which would, in England, be looked upon as akin to bad taste.	abbigliamento moda | abbigliamento guardaroba vestiario			
Il suo <N1></N1> era ricco di una ricchezza che sarebbe, in Inghilterra, essere considerato come affine di cattivo gusto.	His dress was rich with a richness which would, in England, be looked upon as akin to bad taste.				
FALSE					
					
Si tratta di una villa <L2>bijou</L2>, con un <L1>giardino</L1> al indietro, ma costruito in diritto anteriore fino a la strada, due storie.	It is a bijou villa, with a garden at the back, but built out in front right up to the road, two stories.				
Si tratta di una villa <N2>gioiello</N2>, con un <N1>giardino</N1> al indietro, ma costruito in diritto anteriore fino a la strada, due storie.	It is a bijou villa, with a garden at the back, but built out in front right up to the road, two stories.				
TRUE					
					
Era in casa circa mezz'ora, e ho potuto <L1>intravedere</L1> in lui finestre del salotto, camminando su e giù, parlando animatamente, e agitando le armi.	He was in the house about half an hour, and I could catch glimpses of him in the windows of the sitting-room, pacing up and down, talking excitedly, and waving his arms.				
Era in casa circa mezz'ora, e ho potuto <N1></N1> in lui finestre del salotto, camminando su e giù, parlando animatamente, e agitando le armi.	He was in the house about half an hour, and I could catch glimpses of him in the windows of the sitting-room, pacing up and down, talking excitedly, and waving his arms.				
FALSE					
					
Mezza <L1>ghinea</L1> se lo fai in venti minuti! '	Half a guinea if you do it in twenty minutes!'				
Mezza <N1></N1> se lo fai in venti minuti! '	Half a guinea if you do it in twenty minutes!'				
FALSE					
					
Briony Lodge e di cui nel capitale stanza, mentre io ancora osservato il causa dal mio <L1>post</L1> alla finestra.	Briony Lodge and laid out in the principal room, while I still observed the proceedings from my post by the window.				
Briony Lodge e di cui nel capitale stanza, mentre io ancora osservavo il programma dalla mia <N1>posizione</N1> alla finestra.	Briony Lodge and laid out in the principal room, while I still observed the proceedings from my post by the window.				
TRUE					
					
Penso che andrai a rompere una di quelle fasce. Quando la romperai, ti darò 100 dollari. Ora, chiaramente era solo una piccola manovra del dottor P per farmi fare gli esercizi che non volevo fare di fronte alla prospettiva di essere la bambina più ricca del secondo piano, ma, quello che di fatto ha fatto, è stato di dare una forma diversa ad una orribile <L1>routine</L1> giornaliera. e trasformarla in una interessante esperienza per me.	Now, of course, this was a simple ploy on Dr. P's part to get me to do the exercises I didn't want to do before the prospect of being the richest five-year-old in the second floor ward, but what he effectively did for me was reshape an awful daily occurrence into a new and promising experience for me.	tran tran routine			
Penso che andrai a rompere una di quelle fasce. Quando la romperai, ti darò 100 dollari. Ora, chiaramente era solo una piccola manovra del dottor P per farmi fare gli esercizi che non volevo fare di fronte alla prospettiva di essere la bambina più ricca del secondo piano, ma, quello che di fatto ha fatto, è stato di dare una forma diversa ad una orribile <N1>quotidianità</N1>. e trasformarla in una interessante esperienza per me.	Now, of course, this was a simple ploy on Dr. P's part to get me to do the exercises I didn't want to do before the prospect of being the richest five-year-old in the second floor ward, but what he effectively did for me was reshape an awful daily occurrence into a new and promising experience for me.				
TRUE					
					
Qualche anno fa, ero in un mercato della cittadine dove sono cresciuta in quella zona rossa nel nord <L1>est</L1> della Pennsylvania. e stavo impiedi davanti ad un cestello di pomodori.	A few years ago, I was in a food market in the town where I grew up in that red zone in northeastern Pennsylvania, and I was standing over a bushel of tomatoes. It was summertime: I had shorts on.	oriente levante est			
Qualche anno fa, ero in un mercato della cittadine dove sono cresciuta in quella zona rossa nel nord <N1></N1> della Pennsylvania. e stavo impiedi davanti ad un cestello di pomodori.	A few years ago, I was in a food market in the town where I grew up in that red zone in northeastern Pennsylvania, and I was standing over a bushel of tomatoes. It was summertime: I had shorts on.				
FALSE					
					
Randy Course è uno <L1>speaker</L1> motivazionale, ne abbiamo un paio anche qui di esperti in motivazione personale.	Randy Course is a motivational speaker, actually I've got a couple of motivational speakers here.				
Randy Course è uno <N1>portavoce</N1> motivazionale, ne abbiamo un paio anche qui di esperti in motivazione personale.	Randy Course is a motivational speaker, actually I've got a couple of motivational speakers here.				
TRUE					
					
Ma in realtà, coi cambiamenti climatici e l'aumento delle temperature, all'improvviso si vedono vasti campi di frumento, <L1>agribusiness</L1> e grano prodotto in Siberia.	But in fact, with global warming and rising temperatures, all of a sudden you have vast wheat fields and agribusiness, and grain being produced in Siberia.				
Ma in realtà, coi cambiamenti climatici e l'aumento delle temperature, all'improvviso si vedono vasti campi di frumento, <N1>bioimpresa</N1> e grano prodotto in Siberia.	But in fact, with global warming and rising temperatures, all of a sudden you have vast wheat fields and agribusiness, and grain being produced in Siberia.				
TRUE					
					
Beh, in <L1>azzurro</L1> ci sono le zone o le regioni che dipendono per almeno due terzi o più dalla UE per i propri commerci e investimenti.	Well in light blue, you see the zones or the regions that are at least two-thirds or more dependent on the European Union for trade and investment.				
Beh, in <N1></N1> ci sono le zone o le regioni che dipendono per almeno due terzi o più dalla UE per i propri commerci e investimenti.	Well in light blue, you see the zones or the regions that are at least two-thirds or more dependent on the European Union for trade and investment.				
FALSE					
					
Due settimane fa, i ribelli beluci hanno attaccato una <L1>guarnigione</L1> militare pakistana e ci hanno piantato sopra questa bandiera.	Two weeks ago, Balochi rebels attacked a Pakistani military garrison, and this was the flag that they raised over it.				
Due settimane fa, i ribelli beluci hanno attaccato una <N1></N1> militare pakistana e ci hanno piantato sopra questa bandiera.	Two weeks ago, Balochi rebels attacked a Pakistani military garrison, and this was the flag that they raised over it.				
FALSE					
					
E così tre giorni dopo, guidando a tutta velocità, mi ritrovai a inseguire un unico tipo di nube gigante, la cosiddetta supercellula, capace di produrre chicchi di grandine grandi come un polpelmo e <L1>tornado</L1> spettacolari, anche se solo il 2% lo fa davvero.	I found myself stalking a single type of giant cloud called the super cell, capable of producing grapefruit-size hail and spectacular tornadoes, although only two percent actually do.	tromba d'aria tornado tifone ciclone uragano | tornado ciclone			
E così tre giorni dopo, guidando a tutta velocità, mi ritrovai a inseguire un unico tipo di nube gigante, la cosiddetta supercellula, capace di produrre chicchi di grandine grandi come un polpelmo e <N1></N1> spettacolari, anche se solo il 2% lo fa davvero.	I found myself stalking a single type of giant cloud called the super cell, capable of producing grapefruit-size hail and spectacular tornadoes, although only two percent actually do.				
FALSE					
					
Vogliamo arrivare al cuore di tutto questo, al contenuto e <L1>scartare</L1> infine i doppi apici.	We really want to get to just the heart of it, just the contents and peel off these 2 double quotes at the end.				
Vogliamo arrivare al cuore di tutto questo, al contenuto e <N1></N1> infine i doppi apici.	We really want to get to just the heart of it, just the contents and peel off these 2 double quotes at the end.				
FALSE					
					
Nel delirio dei messaggi di testo, <L2>email</L2>, incessanti sollecitazioni da diversi canali di comunicazione e <L1>password</L1> e <L3>app</L3> e promemoria e <L4>tweet</L4> e <L5>tag</L5>, perdiamo di vista quello che in realtà significa tutto questo trambusto: noi stessi.	Under the deluge of minute-to-minute text conversations, e-mails, relentless exchange of media channels and passwords and apps and reminders and Tweets and tags, we lose sight of what all this fuss is supposed to be about in the first place: Ourselves.				
Nel delirio dei messaggi di testo, <N2>posta elettronica</N2>, incessanti sollecitazioni da diversi canali di comunicazione e <N1>chiave di accesso</N1> e <N3>applicazioni</N3> e promemoria e <N4>cinguettii</N4> e <N5>codice identificativi</N5>, perdiamo di vista quello che in realtà significa tutto questo trambusto: noi stessi.	Under the deluge of minute-to-minute text conversations, e-mails, relentless exchange of media channels and passwords and apps and reminders and Tweets and tags, we lose sight of what all this fuss is supposed to be about in the first place: Ourselves.				
TRUE					
					
Quindi mentre vi sistemavate per rilassarvi a fine giornata, sul <L1>divano</L1> del nostro ufficio, una musica suadente vi avvolgeva.	So as you settled into relaxation at the end of a hard day, on the couch in our office, the music would mellow with you.	canapè sofà divano			
Quindi mentre vi sistemavate per rilassarvi a fine giornata, sul <N1></N1> del nostro ufficio, una musica suadente vi avvolgeva.	So as you settled into relaxation at the end of a hard day, on the couch in our office, the music would mellow with you.				
FALSE					
					
Ecco, direi che sono proprio i treni merci, il riflesso scatenante, quello che mi fa più impressione, perché, ancora adesso, vedere un <L1>vagone</L1> merci, tanto più entrare in un vagone merci mi dà un effetto violento di... rievocatorio, insomma.	PL: There, I would say that they are precisely the trains to have an explosive reflex. This is what impresses me the most, because still now to see a car in a freight train or, even more, to get into one, has a violent, evoking effect on me.				
Ecco, direi che sono proprio i treni merci, il riflesso scatenante, quello che mi fa più impressione, perché, ancora adesso, vedere un <N1></N1> merci, tanto più entrare in un vagone merci mi dà un effetto violento di... rievocatorio, insomma.	PL: There, I would say that they are precisely the trains to have an explosive reflex. This is what impresses me the most, because still now to see a car in a freight train or, even more, to get into one, has a violent, evoking effect on me.				
FALSE					
					
Eh già, anche questa forse perché sono un chimico, e un chimico è allenato a identificare le sostanze dal loro odore e, allora come adesso, l'ingresso in Polonia, nelle città polacche perlomeno, è segnato da due odori specifici, che non ci sono in Italia, che sono l'odore del <L1>malto</L1> tostato, e l'odore acido del carbone che brucia.	PL: Right, this too. Perhaps because I am a chemist, and a chemist's trained to identify substances by their smell;				
Eh già, anche questa forse perché sono un chimico, e un chimico è allenato a identificare le sostanze dal loro odore e, allora come adesso, l'ingresso in Polonia, nelle città polacche perlomeno, è segnato da due odori specifici, che non ci sono in Italia, che sono l'odore del <N1></N1> tostato, e l'odore acido del carbone che brucia.	PL: Right, this too. Perhaps because I am a chemist, and a chemist's trained to identify substances by their smell;				
FALSE					
					
Però passavano dei <L2>pullman</L2> che portavano al lavoro gli operai polacchi e ricordo che su uno di questi pullman c'erano dei cartelli di <L1>reclame</L1> come per dire sui nostri e c'era scritto Beste Suppe, Knorr Suppe , la zuppa migliore è la zuppa Knorr , che a noi faceva un effetto molto strano, il vedere la reclame di una zuppa, come se si potesse scegliere insomma, la zuppa migliore e una meno migliore.	Later on we learned that all of the local peasants had been removed. However, some buses went by, which took Polish workers to their jobs. And I remember that on some of them - like on ours - there were some advertisements.				
Però passavano delle <N2>corriere</N2> che portavano al lavoro gli operai polacchi e ricordo che su uno di questi pullman c'erano dei cartelli di <N1>pubblicità</N1> come per dire sui nostri e c'era scritto Beste Suppe, Knorr Suppe , la zuppa migliore è la zuppa Knorr , che a noi faceva un effetto molto strano, il vedere la reclame di una zuppa, come se si potesse scegliere insomma, la zuppa migliore e una meno migliore.	Later on we learned that all of the local peasants had been removed. However, some buses went by, which took Polish workers to their jobs. And I remember that on some of them - like on ours - there were some advertisements.				
TRUE					
					
Il mio campo, di 10 mila prigionieri, Monowitz appunto, faceva parte di una industria appartenente alla IG Farbenindustrie, che era un enorme <L1>trust</L1> chimico tedesco, adesso smantellato.	My camp, Monowitz, with 10,000 prisoners, was part of the AEG Farben Industrie, a huge German chemical trust, now dismantled.				
Il mio campo, di 10 mila prigionieri, Monowitz appunto, faceva parte di una industria appartenente alla IG Farbenindustrie, che era un enorme <N1>monopolio</N1> chimico tedesco, adesso smantellato.	My camp, Monowitz, with 10,000 prisoners, was part of the AEG Farben Industrie, a huge German chemical trust, now dismantled.				
TRUE					
					
E mi sentii completamente fuori <L1>sintonia</L1> con il gruppo, perché la mia mente era là.	And I felt totally out of sync with the group, because my mind was there.				
E mi sentii completamente fuori <N1></N1> con il gruppo, perché la mia mente era là.	And I felt totally out of sync with the group, because my mind was there.				
FALSE					
					
La prima: niente distinzioni di <L1>clan</L1> né divisioni politiche nella società.	First rule: there is no clan distinguished and political division in Somali society.	clan salotto club circolo			
La prima: niente distinzioni di <N1>gruppo</N1> né divisioni politiche nella società.	First rule: there is no clan distinguished and political division in Somali society.				
TRUE					
					
Avendo una volta entrato in possesso non hanno mai lasciato andare, ma ha lottato e combattuto e rotolò sul <L1>chip</L1> incessantemente.	Having once got hold they never let go, but struggled and wrestled and rolled on the chips incessantly.				
Avendo una volta entrato in possesso non hanno mai lasciato andare, ma ha lottato e combattuto e rotolò sul <N1></N1> incessantemente.	Having once got hold they never let go, but struggled and wrestled and rolled on the chips incessantly.				
FALSE					
					
Nel frattempo ci è arrivato una singola <L1>formica</L1> rossa sulle colline di questa valle, evidentemente pieno di emozioni, che o aveva inviato il suo nemico, o non era ancora preso parte alla battaglia, probabilmente il	In the meanwhile there came along a single red ant on the hillside of this valley, evidently full of excitement, who either had despatched his foe, or had not yet taken part in the battle; probably the				
Nel frattempo ci è arrivato una singola <N1></N1> rossa sulle colline di questa valle, evidentemente pieno di emozioni, che o aveva inviato il suo nemico, o non era ancora preso parte alla battaglia, probabilmente il	In the meanwhile there came along a single red ant on the hillside of this valley, evidently full of excitement, who either had despatched his foe, or had not yet taken part in the battle; probably the				
FALSE					
					
In questi giorni di bestiame ingrassato e agitando campi di grano questa radice umile, che è stato una volta che il <L1>totem</L1> di una tribù indiana, è del tutto dimenticato, o conosciuti solo per la sua fioritura vite, ma regni della natura selvaggia qui una volta di più, e il grano tenero e di lusso inglese probabilmente scomparirà prima di un miriade di nemici, e senza le cure dell'uomo in linea d'possono portare indietro anche l'ultimo seme di grano al campo di grano grande	In these days of fatted cattle and waving grain-fields this humble root, which was once the totem of an Indian tribe, is quite forgotten, or known only by its flowering vine; but let wild Nature reign here once more, and the tender and luxurious English grains will probably disappear before a myriad of foes, and without the care of man the crow may carry back even the last seed of corn to the great cornfield of the				
In questi giorni di bestiame ingrassato e agitando campi di grano questa radice umile, che è stato una volta che il <N1>capostipite</N1> di una tribù indiana, è del tutto dimenticato, o conosciuti solo per la sua fioritura vite, ma regni della natura selvaggia qui una volta di più, e il grano tenero e di lusso inglese probabilmente scomparirà prima di un miriade di nemici, e senza le cure dell'uomo in linea d'possono portare indietro anche l'ultimo seme di grano al campo di grano grande	In these days of fatted cattle and waving grain-fields this humble root, which was once the totem of an Indian tribe, is quite forgotten, or known only by its flowering vine; but let wild Nature reign here once more, and the tender and luxurious English grains will probably disappear before a myriad of foes, and without the care of man the crow may carry back even the last seed of corn to the great cornfield of the				
TRUE					
					
Lark senza canto, <L1>messaggero</L1> dell'alba e, girando sopra le frazioni come il tuo nido;	Lark without song, and messenger of dawn, Circling above the hamlets as thy nest;	araldo nunzio messo messaggero			
Lark senza canto, <N1></N1> dell'alba e, girando sopra le frazioni come il tuo nido;	Lark without song, and messenger of dawn, Circling above the hamlets as thy nest;				
FALSE					
					
Era come se avessi lasciato un governante <L1>allegro</L1> dietro.	It was as if I had left a cheerful housekeeper behind.				
Era come se avessi lasciato un governante <N1></N1> dietro.	It was as if I had left a cheerful housekeeper behind.				
FALSE					
					
Catone mezzo cancellato cantina-buco rimane, anche se noto a pochi, essendo nascosto il viaggiatore da una <L1>frangia</L1> di pini.	Cato's half-obliterated cellar-hole still remains, though known to few, being concealed from the traveller by a fringe of pines.				
Catone mezzo cancellato cantina-buco rimane, anche se noto a pochi, essendo nascosto il viaggiatore da una <N1></N1> di pini.	Cato's half-obliterated cellar-hole still remains, though known to few, being concealed from the traveller by a fringe of pines.				
FALSE					
					
Né sono stati ricchi di beni terreni, tenendo il terreno da sofferenza mentre viveva, e lì spesso lo <L1>sceriffo</L1> è venuto invano di raccogliere le tasse, e attaccato un chip , per la forma, come ho letto in i suoi conti, che ci sia niente altro che poteva mettere le mani.	Neither were they rich in worldly goods, holding the land by sufferance while they lived; and there often the sheriff came in vain to collect the taxes, and  attached a chip,  for form's sake, as I have read in his accounts, there being nothing else that he could lay his hands on.				
Né sono stati ricchi di beni terreni, tenendo il terreno da sofferenza mentre viveva, e lì spesso lo <N1></N1> è venuto invano di raccogliere le tasse, e attaccato un chip , per la forma, come ho letto in i suoi conti, che ci sia niente altro che poteva mettere le mani.	Neither were they rich in worldly goods, holding the land by sufferance while they lived; and there often the sheriff came in vain to collect the taxes, and  attached a chip,  for form's sake, as I have read in his accounts, there being nothing else that he could lay his hands on.				
FALSE					
					
La pelle di una <L1>marmotta</L1> era appena disteso sul retro della casa, un trofeo dei suoi ultimi Waterloo, ma non cap caldo o guanti avrebbe voluto di più.	The skin of a woodchuck was freshly stretched upon the back of the house, a trophy of his last Waterloo; but no warm cap or mittens would he want more.	marmotta ghiro			
La pelle di una <N1></N1> era appena disteso sul retro della casa, un trofeo dei suoi ultimi Waterloo, ma non cap caldo o guanti avrebbe voluto di più.	The skin of a woodchuck was freshly stretched upon the back of the house, a trophy of his last Waterloo; but no warm cap or mittens would he want more.				
FALSE					
					
Penso che lui dovrebbe tenere un <L1>caravanserraglio</L1> sulla strada del mondo, dove i filosofi di tutte le nazioni possono mettere, e il suo segno dovrebbe essere stampato, Entertainment per l'uomo, ma non per la sua bestia.	I think that he should keep a caravansary on the world's highway, where philosophers of all nations might put up, and on his sign should be printed,  Entertainment for man, but not for his beast.				
Penso che lui dovrebbe tenere un <N1></N1> sulla strada del mondo, dove i filosofi di tutte le nazioni possono mettere, e il suo segno dovrebbe essere stampato, Entertainment per l'uomo, ma non per la sua bestia.	I think that he should keep a caravansary on the world's highway, where philosophers of all nations might put up, and on his sign should be printed,  Entertainment for man, but not for his beast.				
FALSE					
					
Ledges Fair Haven, e scambiare le loro pelli per il <L1>rum</L1> a Concord villaggio, che gli disse, addirittura, che aveva visto un alce lì.	Fair Haven Ledges, and exchange their skins for rum in Concord village; who told him, even, that he had seen a moose there.				
Ledges Fair Haven, e scambiare le loro pelli per il <N1></N1> a Concord villaggio, che gli disse, addirittura, che aveva visto un alce lì.	Fair Haven Ledges, and exchange their skins for rum in Concord village; who told him, even, that he had seen a moose there.				
FALSE					
					
Lo vediamo nella politica della paura, nella strategia dei giocatori di <L1>poker</L1> o semplicemente quando qualcuno è ostinato in una discussione.	We see this in the politics of fear, in the strategy of poker players or simply when someone is stubborn in a discussion.				
Lo vediamo nella politica della paura, nella strategia dei giocatori di <N1></N1> o semplicemente quando qualcuno è ostinato in una discussione.	We see this in the politics of fear, in the strategy of poker players or simply when someone is stubborn in a discussion.				
FALSE					
					
Un <L1>quantum</L1> è l'unità minima di qualsiasi entità fisica coinvolta in un'interazione.	A quantum is the minimum unit of any physical entity involved in an interaction.				
Un <N1>quanto</N1> è l'unità minima di qualsiasi entità fisica coinvolta in un'interazione.	A quantum is the minimum unit of any physical entity involved in an interaction.				
TRUE					
					
Recentemente, Fermilab scoprì come i quanti chiamati mesoni (famiglia di particelle subatomiche instabili composte da un <L1>quark</L1> e un antiquark) cambiano 3 miliardi di volte al secondo dalla materia all'antimateria.	Very recently, Fermilab discovered how quanta such as mesons are switching 3 trillion times per second from matter to antimatter.				
Recentemente, Fermilab scoprì come i quanti chiamati mesoni (famiglia di particelle subatomiche instabili composte da un <N1></N1> e un antiquark) cambiano 3 miliardi di volte al secondo dalla materia all'antimateria.	Very recently, Fermilab discovered how quanta such as mesons are switching 3 trillion times per second from matter to antimatter.				
FALSE					
					
E ci avviciniamo a questo problema considerando un'altra sindrome curiosa chiamata arto <L1>fantasma</L1> .	And we approach this problem by considering another curious syndrome called phantom limb.	ombra lemure larva spettro fantasma simulacro			
E ci avviciniamo a questo problema considerando un'altra sindrome curiosa chiamata arto <N1></N1> .	And we approach this problem by considering another curious syndrome called phantom limb.				
FALSE					
					
Le colture maggiori sono il <L1>cotone</L1> e il tabacco, e siamo molto orgogliosi delle noccioline della nostra Contea di Bertie.	The biggest crops are cotton and tobacco, and we're very proud of our Bertie County peanut.				
Le colture maggiori sono il <N1></N1> e il tabacco, e siamo molto orgogliosi delle noccioline della nostra Contea di Bertie.	The biggest crops are cotton and tobacco, and we're very proud of our Bertie County peanut.				
FALSE					
					
Ha aperto alcune delle prime scuola <L1>charter</L1> del Paese verso la fine degli anni '80 negli Stati Uniti.	He started some of the country's first charter schools in the late '80s in the U.S.				
Ha aperto alcune delle prime scuola <N1>privata</N1> del Paese verso la fine degli anni '80 negli Stati Uniti.	He started some of the country's first charter schools in the late '80s in the U.S.				
TRUE					
					
E' venuto con noi per una delle giornate di aggiornamento dei docenti e ha vinto qualcosa come 5 <L1>round</L1> di fila di Match Me ed era molto orgoglioso di sé.	He came out for one of our teacher-training days and won like five rounds of Match Me in a row and was very proud of himself.				
E' venuto con noi per una delle giornate di aggiornamento dei docenti e ha vinto qualcosa come 5 <N1>riprese</N1> di fila di Match Me ed era molto orgoglioso di sé.	He came out for one of our teacher-training days and won like five rounds of Match Me in a row and was very proud of himself.				
TRUE					
					
Ottimizzare il logaritmo è la stessa cosa che ottimizzare p perchè il logaritmo è <L1>monotono</L1> rispetto a p.	Optimizing the log is the same as optimizing p because the log is monotonic to p.				
Ottimizzare il logaritmo è la stessa cosa che ottimizzare p perchè il logaritmo è <N1></N1> rispetto a p.	Optimizing the log is the same as optimizing p because the log is monotonic to p.				
FALSE					
					
Che ne dici del <L1>sol</L1> minore?	How about in G minor?				
Che ne dici del <N1></N1> minore?	How about in G minor?				
FALSE					
					
Io credo che gli skater tendano ad essere degli <L1>outsider</L1> che cercano un senso di appartenenza, ma alle loro stesse condizioni, e il vero rispetto è dato dal modo in cui riprendiamo quello che fanno gli altri ragazzi, questi trick base, i 360 Flip,	And skaters, I think they tend to be outsiders who seek a sense of belonging, but belonging on their own terms. And real respect is given by how much we take what other guys do, these basic tricks, 360 flips, we take that, we make it our own, and then we contribute back to the community the inner way that edifies the community itself.				
Io credo che gli skater tendano ad essere degli <N1>sfavoriti</N1> che cercano un senso di appartenenza, ma alle loro stesse condizioni, e il vero rispetto è dato dal modo in cui riprendiamo quello che fanno gli altri ragazzi, questi trick base, i 360 Flip,	And skaters, I think they tend to be outsiders who seek a sense of belonging, but belonging on their own terms. And real respect is given by how much we take what other guys do, these basic tricks, 360 flips, we take that, we make it our own, and then we contribute back to the community the inner way that edifies the community itself.				
TRUE					
					
Non ci sono parole per dirlo I protagonisti del film stanno girando un sacco di auto riprese e questo vi da veramente una visione viscerale delle loro vite in una maniera che non potresti mai ottenere portando una <L1>troupe</L1> cinematografica a casa di qualcuno	The participants in the film are doing a lot of self-filmed footage and it really gives you a visceral view into their lives in a way that you would never get by bringing a film crew into somebody else's house.	troupe compagnia			
Non ci sono parole per dirlo I protagonisti del film stanno girando un sacco di auto riprese e questo vi da veramente una visione viscerale delle loro vite in una maniera che non potresti mai ottenere portando una <N1>truppa</N1> cinematografica a casa di qualcuno	The participants in the film are doing a lot of self-filmed footage and it really gives you a visceral view into their lives in a way that you would never get by bringing a film crew into somebody else's house.				
TRUE					
					
Credo, inoltre, che a prescindere dallo specifico parere su come questo <L1>sacro</L1> pezzo di terra debba essere usato, il fatto che venga fuori nella realtà, vederlo in un incontro reale, penso lo renda un dialogo più potente.	And I think regardless of what the position is about how this sacred piece of land is to be used, having it come out of actually seeing it in a real encounter, I think makes it a more powerful dialogue.				
Credo, inoltre, che a prescindere dallo specifico parere su come questo <N1></N1> pezzo di terra debba essere usato, il fatto che venga fuori nella realtà, vederlo in un incontro reale, penso lo renda un dialogo più potente.	And I think regardless of what the position is about how this sacred piece of land is to be used, having it come out of actually seeing it in a real encounter, I think makes it a more powerful dialogue.				
FALSE					
					
Spesso io e i miei <L1>partner</L1> siamo gli unici a parlare in giro.	I often find myself and my partners, the only people talking around us.				
Spesso io e i miei <N1>compagni</N1> siamo gli unici a parlare in giro.	I often find myself and my partners, the only people talking around us.				
TRUE					
					
Il peso della navicella spaziale con il <L1>cosmonauta</L1> è di 4 tonnellate e 725 chili,	The weight of the spaceship with its space pilot is four tonnes, 725 kilogrammes,	navigatore spaziale cosmonauta astronauta			
Il peso della navicella spaziale con il <N1></N1> è di 4 tonnellate e 725 chili,	The weight of the spaceship with its space pilot is four tonnes, 725 kilogrammes,				
FALSE					
					
Ogni punto sopra quella linea, e noterete come la maggior parte dei paesi del mondo la superi, rappresenta un <L1>surplus</L1> inutile, che probabilmente riflette i livelli di spreco di quella nazione.	Any dot above that line, and you'll quickly notice that that includes most countries in the world, represents unnecessary surplus, and is likely to reflect	esubero surplus sopravanzo eccedenza			
Ogni punto sopra quella linea, e noterete come la maggior parte dei paesi del mondo la superi, rappresenta un <N1>esubero</N1> inutile, che probabilmente riflette i livelli di spreco di quella nazione.	Any dot above that line, and you'll quickly notice that that includes most countries in the world, represents unnecessary surplus, and is likely to reflect				
TRUE					
					
È solo quando inizi a risalire la <L1>filiera</L1> che scopri dove si trova la maggior parte di questi sprechi colossali.	When you start going up the supply chain, you find where the real food waste is happening on a gargantuan scale.				
È solo quando inizi a risalire la <N1></N1> che scopri dove si trova la maggior parte di questi sprechi colossali.	When you start going up the supply chain, you find where the real food waste is happening on a gargantuan scale.				
FALSE					
					
Ok, la maggior parte, non tutti ma la maggior parte, e nel mondo, sono lieto di dirvi, questa è la norma. Ma avete mai visto un supermercato o un negozio di panini, nel mondo, che serva dei <L1>sandwich</L1> con le croste?	Okay, most people, not everyone, but most people, and this is, I'm glad to say, what I see across the world, and yet has anyone seen a supermarket or sandwich shop anywhere in the world that serves sandwiches with crusts on it?	sandwich J.-Montagne-conte-di-Sandwich			
Ok, la maggior parte, non tutti ma la maggior parte, e nel mondo, sono lieto di dirvi, questa è la norma. Ma avete mai visto un supermercato o un negozio di panini, nel mondo, che serva dei <N1>panini</N1> con le croste?	Okay, most people, not everyone, but most people, and this is, I'm glad to say, what I see across the world, and yet has anyone seen a supermarket or sandwich shop anywhere in the world that serves sandwiches with crusts on it?				
TRUE					
					
Fegato, polmoni, cervella, code, rognoni, testicoli, tutte queste deliziose e nutrienti parti della nostra <L1>gastronomia</L1> tradizionale vengono sprecate.	Liver, lungs, heads, tails, kidneys, testicles, all of these things which are traditional, delicious and nutritious parts of our gastronomy go to waste.				
Fegato, polmoni, cervella, code, rognoni, testicoli, tutte queste deliziose e nutrienti parti della nostra <N1></N1> tradizionale vengono sprecate.	Liver, lungs, heads, tails, kidneys, testicles, all of these things which are traditional, delicious and nutritious parts of our gastronomy go to waste.				
FALSE					
					
Hanno appena aperto una piccola <L1>boutique</L1> qui dietro.	They've opened a little store at the corner.				
Hanno appena aperto una piccola <N1>bottega</N1> qui dietro.	They've opened a little store at the corner.				
TRUE					
					
E ho preso per amante uno meno <L1>simpatico</L1> di lui.	I've got myself a lover who isn't half as nice.				
E ho preso per amante uno meno <N1></N1> di lui.	I've got myself a lover who isn't half as nice.				
FALSE					
					
In vacanza? E non potevi trovarti qualcosa di più divertente da fare che <L1>montare</L1> la guardia a un caso di mancato suicidio?	With nothing better to do than overlooking a confused suicide attack?				
In vacanza? E non potevi trovarti qualcosa di più divertente da fare che <N1></N1> la guardia a un caso di mancato suicidio?	With nothing better to do than overlooking a confused suicide attack?				
FALSE					
					
Esattamente quando l'aviazione giapponese <L1>bombarda</L1> Pearl Harbour e riesce infine a trascinare in guerra gli <L2>USA</L2>.	So let's go back to the table. So aside from the civilian military, a balance of figures.				
Esattamente quando l'aviazione giapponese <N1>bombarda</N1> Pearl Harbour e riesce infine a trascinare in guerra gli <N2>Stati Uniti d'America</N2>.	So let's go back to the table. So aside from the civilian military, a balance of figures.				
TRUE					
					
Una <L1>buccia</L1> di banana sulla strada.	A banana peel on the tarmac.				
Una <N1></N1> di banana sulla strada.	A banana peel on the tarmac.				
FALSE					
					
Deve costruire questo esercito, deve sostenerlo, deve trovare i partner per la <L1>coalizione</L1> e deve creare una storia di successi.	You've got to build this force. You've got to seed this force. You've got to track coalition partners.	connubio sodalizio unione patto alleanza coalizione | lega patto alleanza coalizione unione consociazione			
Deve costruire questo esercito, deve sostenerlo, deve trovare i partner per la <N1></N1> e deve creare una storia di successi.	You've got to build this force. You've got to seed this force. You've got to track coalition partners.				
FALSE					
					
Leggete quel bellissimo articolo nel New Yorker che parla di come i ragazzi di questa generazione, dai 19 ai 25 anni, si sono insegnati a vicenda in Iraq come fare gli amministratori di sistema, su <L2>internet</L2>, nelle <L1>chat</L1> <L3>rooms</L3>.	Read that great piece in the New Yorker about how our echo boomers, 19 to 25, over in Iraq taught each other how to do Sys Admin work, over the Internet in chat rooms.				
Leggete quel bellissimo articolo nel New Yorker che parla di come i ragazzi di questa generazione, dai 19 ai 25 anni, si sono insegnati a vicenda in Iraq come fare gli amministratori di sistema, nellA <N2>rete</N2>, nelle <N3>camere</N2> <N1>di discussione</N1>.	Read that great piece in the New Yorker about how our echo boomers, 19 to 25, over in Iraq taught each other how to do Sys Admin work, over the Internet in chat rooms.				
FALSE					
					
Per questa crisi climatica, abbiamo messo assieme un <L2>network</L2> di circa 50 <L1>superstar</L1> tra attivisti, scienziati, imprenditori e <L3>leader</L3> del <L4>business</L4>.	For this climate crisis, we assembled a network, really, of superstars, from policy activists to scientists and entrepreneurs and business leaders.				
Per questa crisi climatica, abbiamo messo assieme una <N2>rete</N2> di circa 50 <N1>stelle</N1> tra attivisti, scienziati, imprenditori e <N3>capi</N3> degli <N4>affari</N4>.	For this climate crisis, we assembled a network, really, of superstars, from policy activists to scientists and entrepreneurs and business leaders.				
TRUE					
					
La Marmite è una <L1>crema</L1> da spalmare sul pane che gli Inglesi adorano.	Marmite is a breakfast spread beloved of the British.				
La Marmite è una <N1></N1> da spalmare sul pane che gli Inglesi adorano.	Marmite is a breakfast spread beloved of the British.				
FALSE					
					
Quindi vediamo che il seno di <L1>theta</L1> e' uguale a y.	So we see that sine of theta is equal to y.				
Quindi vediamo che il seno di <N1></N1> e' uguale a y.	So we see that sine of theta is equal to y.				
FALSE					
					
Ti fa male ora, quando <L1>tocco</L1> qui?	Does it hurt now when I touch you here?	tocco rintocco			
Ti fa male ora, quando <N1></N1> qui?	Does it hurt now when I touch you here?				
FALSE					
					
Potete annusare per quello che volete, ma questa in particolare è stata costruita per trovare <L1>marijuana</L1> negli armadietti degli studenti.	You could dowse for all sorts of things, but this particular one was built to dowse for marijuana in students' lockers.				
Potete annusare per quello che volete, ma questa in particolare è stata costruita per trovare <N1>erba</N1> negli armadietti degli studenti.	You could dowse for all sorts of things, but this particular one was built to dowse for marijuana in students' lockers.				
TRUE					
					
Qui la Vergine Maria fa un'apparizione su un sandwich al formaggio - che ho potuto tenere in mano in un <L1>casinò</L1> di Las Vegas, ovviamente, poiche' questa e' l'America.	Here's when the Virgin Mary made her appearance on a cheese sandwich -- which I got to actually hold in a Las Vegas casino -- of course, this being America.	casa da gioco casinò			
Qui la Vergine Maria fa un'apparizione su un sandwich al formaggio - che ho potuto tenere in mano in una <N1>casa da gioco</N1> di Las Vegas, ovviamente, poiche' questa e' l'America.	Here's when the Virgin Mary made her appearance on a cheese sandwich -- which I got to actually hold in a Las Vegas casino -- of course, this being America.				
TRUE					
					
Queste grandi strutture <L1>marine</L1> sono progettate per esplorare le ricchezze non pienamente sfruttate degli oceani, e fornire una migliore maricoltura, produzione di acqua dolce, energia e settore minerario.	These large marine structures are designed to explore the relatively untapped riches of the oceans, and provide improved mariculture, fresh water production, energy and mining.				
Queste grandi strutture <N1></N1> sono progettate per esplorare le ricchezze non pienamente sfruttate degli oceani, e fornire una migliore maricoltura, produzione di acqua dolce, energia e settore minerario.	These large marine structures are designed to explore the relatively untapped riches of the oceans, and provide improved mariculture, fresh water production, energy and mining.				
FALSE					
					
le istituzioni, tutti i nostri <L1>sponsor</L1> facciamoli andare!	let them scroll!				
le istituzioni, tutti i nostri <N1>finanziatori</N1> facciamoli andare!	let them scroll!				
TRUE					
					
Ho avuto appuntamenti con molte persone, e ha anche avuto secondi appuntamenti ma voglio assicurarmi di aver trovato la persona giusta prima di iniziare ad impegnarmi con lei quindi, ciò che faccio è tendenzialmente <L1>flirtare</L1> molto, stare in compagnia con molte persone per tastare il terreno e vedere come va	I've gone on dates with plenty of people, and I've gone on second dates, but I want to make sure that I found the right person before I like start to commit. So, what I do is, I tend to flirt a lot, I tend to hang out with a lot of people, to test the waters and to see what they like.				
Ho avuto appuntamenti con molte persone, e ha anche avuto secondi appuntamenti ma voglio assicurarmi di aver trovato la persona giusta prima di iniziare ad impegnarmi con lei quindi, ciò che faccio è tendenzialmente <N1>amoreggiare</N1> molto, stare in compagnia con molte persone per tastare il terreno e vedere come va	I've gone on dates with plenty of people, and I've gone on second dates, but I want to make sure that I found the right person before I like start to commit. So, what I do is, I tend to flirt a lot, I tend to hang out with a lot of people, to test the waters and to see what they like.				
TRUE					
					
Joss Whedon ha un <L1>cameo</L1> nella seconda stagione talmente apprezzava la serie.	Joss Whedon did a cameo during season two because he thought the show was so good.				
Joss Whedon ha un <N1></N1> nella seconda stagione talmente apprezzava la serie.	Joss Whedon did a cameo during season two because he thought the show was so good.				
FALSE					
					
Ha anche un sacco di <L1>gadget</L1> da spia, sa smontare un <L3>iPod</L3> per metterci una camera nascosta che scatta foto ogni 5 secondi o rintracciare qualcuno tramite <L2>GPS</L2> o mettere cimici nelle macchine.	She also has a lot of different spy gadgets, so she can take apart an ipod and put in a hidden camera that will take a photo every five seconds for example. Or track people through GPS or put recording devices in cars.				
Ha anche un sacco di <N1>gingilli</N1> da spia, sa smontare un <N3>iPod</N3> per metterci una camera nascosta che scatta foto ogni 5 secondi o rintracciare qualcuno tramite <N2>sistema di posizionamento globale</N2> o mettere cimici nelle macchine.	She also has a lot of different spy gadgets, so she can take apart an ipod and put in a hidden camera that will take a photo every five seconds for example. Or track people through GPS or put recording devices in cars.				
TRUE					
					
All'inizio della serie ci viene presentata una banda di motociclisti latini e avevo paura che gi sceneggiatori attingessero a tutti gli stereotipi razzisti del caso, cosa che hanno più o meno fatto ma hanno anche preso il capo della banda e l'hanno umanizzato, ne hanno mostrato il passato e reso il pubbico solidale nei suoi confronti, creando un <L1>personaggio</L1> complesso.	When I first started watching the show we were introduced to the local Latino biker gang and I was really fearful that the writers were going to feed into the very racist stereotypes, which they kind of did, but the writers also took the main leader of the gang and sort of humanized him. Really showed a bit of his backstory, and made the audience sympathetic and created a very complex character.				
All'inizio della serie ci viene presentata una banda di motociclisti latini e avevo paura che gi sceneggiatori attingessero a tutti gli stereotipi razzisti del caso, cosa che hanno più o meno fatto ma hanno anche preso il capo della banda e l'hanno umanizzato, ne hanno mostrato il passato e reso il pubbico solidale nei suoi confronti, creando un <N1></N1> complesso.	When I first started watching the show we were introduced to the local Latino biker gang and I was really fearful that the writers were going to feed into the very racist stereotypes, which they kind of did, but the writers also took the main leader of the gang and sort of humanized him. Really showed a bit of his backstory, and made the audience sympathetic and created a very complex character.				
FALSE					
					
Non vedete l'ora di iniziare il vostro lavoro estivo presso il locale <L1>chiosco</L1> del gelato, ma il vostro capo vi ha appena detto che ha intenzione di pagarvi in coni gelato.	You're excited to start your summer job at the local ice cream stand, but your boss has just told you that she is going to pay you in ice cream cones.				
Non vedete l'ora di iniziare il vostro lavoro estivo presso il locale <N1></N1> del gelato, ma il vostro capo vi ha appena detto che ha intenzione di pagarvi in coni gelato.	You're excited to start your summer job at the local ice cream stand, but your boss has just told you that she is going to pay you in ice cream cones.				
FALSE					
					
Recuperiamo l'esca e applichiamo allo squalo una targhetta <L1>acustica</L1> che dice OMSHARK 10165 , o qualcosa di simile, con un breve suono.	And we'll wind in the target. And we'll place an acoustic tag that says,  OMSHARK 10165,  or something like that, acoustically with a ping.				
Recuperiamo l'esca e applichiamo allo squalo una targhetta <N1></N1> che dice OMSHARK 10165 , o qualcosa di simile, con un breve suono.	And we'll wind in the target. And we'll place an acoustic tag that says,  OMSHARK 10165,  or something like that, acoustically with a ping.				
FALSE					
					
Le foche nuotano attraverso mezzo oceano e raccolgono dati fino a <L1>quai</L1> 600 metri di profondità -- dati incredibili.	These elephant seals cover half an ocean, take data down to 1,800 feet -- amazing data.				
Le foche nuotano attraverso mezzo oceano e raccolgono dati fino a <N1></N1> 600 metri di profondità -- dati incredibili.	These elephant seals cover half an ocean, take data down to 1,800 feet -- amazing data.				
FALSE					
					
E George Schillinger e la nostra squadra di Playa Grande che <L1>etichetta</L1> le tartarughe liuto proprio qui vicino.	Then there's George Schillinger and our leatherback team out of Playa Grande tagging leatherbacks that go right past where we are.	buone maniere galateo bon ton etichetta			
E George Schillinger e la nostra squadra di Playa Grande che <N1></N1> le tartarughe liuto proprio qui vicino.	Then there's George Schillinger and our leatherback team out of Playa Grande tagging leatherbacks that go right past where we are.				
FALSE					
					
Vedo <L1>puzzle</L1> ... ... giochi che mi intrattengono mentre faccio le cose più grandi.	I see puzzles... ...games that entertain me while I do bigger things.	puzzle rompicapo			
Vedo <N1></N1> ... ... giochi che mi intrattengono mentre faccio le cose più grandi.	I see puzzles... ...games that entertain me while I do bigger things.				
FALSE					
					
Come secondo lavoro, ha modificato <L1>console</L1> di gioco ... ... così faranno giocato dischi o giochi copiati da qualsiasi parte del mondo.	As a side job, she modified gaming consoles... ...so they'll played copied discs or games from anywhere in the world.				
Come secondo lavoro, ha modificato <N1></N1> di gioco ... ... così faranno giocato dischi o giochi copiati da qualsiasi parte del mondo.	As a side job, she modified gaming consoles... ...so they'll played copied discs or games from anywhere in the world.				
FALSE					
					
O, forse <L1>comunista</L1> è giusto ... solo che significa che tutti sono di proprietà della comunità in contrapposizione a nessuno possedere nulla, che è più vicino a come mi sento.	Or, maybe communist is right... except that means that all are community property as opposed to no one owning anything, which is closer to how I feel.	compagno comunista			
O, forse <N1></N1> è giusto ... solo che significa che tutti sono di proprietà della comunità in contrapposizione a nessuno possedere nulla, che è più vicino a come mi sento.	Or, maybe communist is right... except that means that all are community property as opposed to no one owning anything, which is closer to how I feel.				
FALSE					
					
Ho visto la schermata di <L1>login</L1> al parco.	I saw the login screen at the park.				
Ho visto la schermata di <N1>registrazione</N1> al parco.	I saw the login screen at the park.				
TRUE					
					
Ma in realtà, alcune variabili non sono booleane, hanno più valori, e quindi si scopre che per rappresentare questa rete intera e per fare l'enumerazione dovremmo sommare un <L1>biliardo</L1> di righe.	But in fact, some of the variables are non-boolean, they have multiple values, and it turns out that representing this entire network and doing enumeration we'd have to sum over a quadrillion rows.				
Ma in realtà, alcune variabili non sono booleane, hanno più valori, e quindi si scopre che per rappresentare questa rete intera e per fare l'enumerazione dovremmo sommare un <N1></N1> di righe.	But in fact, some of the variables are non-boolean, they have multiple values, and it turns out that representing this entire network and doing enumeration we'd have to sum over a quadrillion rows.				
FALSE					
					
Stando a quanto credono molti linguisti, probabilmente il linguaggio moderno, <L1>sintattico</L1> -con soggetto, verbo, oggetto- che usiamo per trasmettere le idee come sto facendo ora, comparve in questo periodo.	Probably, according to what many linguists believe, fully modern language, syntactic language -- subject, verb, object -- that we use to convey complex ideas, like I'm doing now, appeared around that time.				
Stando a quanto credono molti linguisti, probabilmente il linguaggio moderno, <N1></N1> -con soggetto, verbo, oggetto- che usiamo per trasmettere le idee come sto facendo ora, comparve in questo periodo.	Probably, according to what many linguists believe, fully modern language, syntactic language -- subject, verb, object -- that we use to convey complex ideas, like I'm doing now, appeared around that time.				
FALSE					
					
Ma dove ho conosciuto veramente le piovre è stato sul campo, da regista, facendo dei film con loro, dove puoi trascorrere lunghi periodi di tempo con questi animali, a vedere piovre che si comportano da <L1>piovra</L1> nel loro ambiente oceanico.	But where I really learned about octopus was in the field, as a filmmaker making films with them, where you're allowed to spend large periods of time with the animals, seeing octopus being octopus in their ocean homes.				
Ma dove ho conosciuto veramente le piovre è stato sul campo, da regista, facendo dei film con loro, dove puoi trascorrere lunghi periodi di tempo con questi animali, a vedere piovre che si comportano da <N1></N1> nel loro ambiente oceanico.	But where I really learned about octopus was in the field, as a filmmaker making films with them, where you're allowed to spend large periods of time with the animals, seeing octopus being octopus in their ocean homes.				
FALSE					
					
Sono andato in una <L1>baia</L1> piuttosto malandata.	I've been to a place that was a pretty trashed bay.				
Sono andato in una <N1></N1> piuttosto malandata.	I've been to a place that was a pretty trashed bay.				
FALSE					
					
Ho provato a pensare a cosa potrei usare qui, e un paio di settimane fa mi è venuta la folle idea di voler stampare due console da DJ e provare a <L1>mixare</L1> della musica.	So I tried to think what I could use for here, and a couple of weeks ago I had a crazy idea that I wanted to print two DJ decks and to try and mix some music.				
Ho provato a pensare a cosa potrei usare qui, e un paio di settimane fa mi è venuta la folle idea di voler stampare due console da DJ e provare a <N1>mescolare</N1> della musica.	So I tried to think what I could use for here, and a couple of weeks ago I had a crazy idea that I wanted to print two DJ decks and to try and mix some music.				
TRUE					
					
Vi ho già parlato dell'Hotel ad Haiti, l'Hotel Montana, che è stato abbattuto, che è collassato -- ecco dove siamo oggi, questo è il Westin a Sendai, un fantastico <L1>hotel</L1> di 37 piani che è sopravvissuto al catastrofico terremoto dell'11 Marzo del 2011, il grande terremoto in Giappone, riportando quasi nessun danno.	Now, I talked to you earlier on about the hotel in Haiti the Hotel Montana, that had pancaked, that had collapsed -- this is where we are today, this is the Westin in Sendai a gorgeous 37 storey hotel that survived the catastrophic earthquake on March 11th, 2011, the great Japan earthquake, with almost no damage at all.	hotel albergo			
Vi ho già parlato dell'Hotel ad Haiti, l'Hotel Montana, che è stato abbattuto, che è collassato -- ecco dove siamo oggi, questo è il Westin a Sendai, un fantastico <N1>albergo</N1> di 37 piani che è sopravvissuto al catastrofico terremoto dell'11 Marzo del 2011, il grande terremoto in Giappone, riportando quasi nessun danno.	Now, I talked to you earlier on about the hotel in Haiti the Hotel Montana, that had pancaked, that had collapsed -- this is where we are today, this is the Westin in Sendai a gorgeous 37 storey hotel that survived the catastrophic earthquake on March 11th, 2011, the great Japan earthquake, with almost no damage at all.				
TRUE					
					
E così gli insegnanti, spesso, possono sedersi e dire: OK, ecco una piccola <L1>clip</L1> di una cosa che penso di aver fatto bene.	And so every few weeks teachers could sit down and say,  OK, here's a little clip of something I thought I did well.				
E così gli insegnanti, spesso, possono sedersi e dire: OK, ecco un breve <N1>filmato</N1> di una cosa che penso di aver fatto bene.	And so every few weeks teachers could sit down and say,  OK, here's a little clip of something I thought I did well.				
TRUE					
					
lessi una copia di Life <L1>magazine</L1> dove c'era la storia di una donna russa, cieca, di 75 anni che riusciva a leggere -- c'è ancora qualcuno che cerca di farlo -- (Risate)	I read a copy of Life magazine, which detailed a story about a 75-year-old blind Russian woman who could sense printed letters -- there's still people trying to do it -- (Laughter)				
lessi una copia della <N1>rivista</N1> Life dove c'era la storia di una donna russa, cieca, di 75 anni che riusciva a leggere -- c'è ancora qualcuno che cerca di farlo -- (Risate)	I read a copy of Life magazine, which detailed a story about a 75-year-old blind Russian woman who could sense printed letters -- there's still people trying to do it -- (Laughter)				
TRUE					
					
Beh, per ringraziarlo di aver detto <L1>eureka</L1> e per aver scelto Michael Mercil come nostro oratore -- Steve Jurvetson. KB:	Well, to reward him for saying  eureka,  and for selecting Michael Mercil to come and talk to us -- Steve Jurvetson.				
Beh, per ringraziarlo di aver detto <N1>evviva</N1> e per aver scelto Michael Mercil come nostro oratore -- Steve Jurvetson. KB:	Well, to reward him for saying  eureka,  and for selecting Michael Mercil to come and talk to us -- Steve Jurvetson.				
TRUE					
					
Sono tutti identici tranne questo qua, che ovviamente ha un chiodo di acciaio <L1>inox</L1> conficcato.	Now, they're all the exact same except this one obviously has a stainless steel spike sticking out of it.				
Sono tutti identici tranne questo qua, che ovviamente ha un chiodo di acciaio <N1>inossidabile</N1> conficcato.	Now, they're all the exact same except this one obviously has a stainless steel spike sticking out of it.				
TRUE					
					
Veloci istantanee di ciò che si potrebbe vedere da uno <L1>scooter</L1> in corsa; e se camminassi molto adagio per Roma, potrei studiare in maggior dettaglio le meravigliose superfici e quant'altro si può trovare.	Quick snapshots of things you might see from a speeding motor scooter, and very slow walking through Rome, you might be able to study in more detail some of the wonderful surfaces and whatnot that you come across.				
Veloci istantanee di ciò che si potrebbe vedere da un <N1>motorino</N1> in corsa; e se camminassi molto adagio per Roma, potrei studiare in maggior dettaglio le meravigliose superfici e quant'altro si può trovare.	Quick snapshots of things you might see from a speeding motor scooter, and very slow walking through Rome, you might be able to study in more detail some of the wonderful surfaces and whatnot that you come across.				
TRUE					
					
Poi portate il pezzo alla luce del sole, e vi ritovate con un magnifico pezzo di <L1>alabastro</L1> bianco.	And you take the piece out into the daylight. And you see you have a beautiful piece of white alabaster.				
Poi portate il pezzo alla luce del sole, e vi ritovate con un magnifico pezzo di <N1></N1> bianco.	And you take the piece out into the daylight. And you see you have a beautiful piece of white alabaster.				
FALSE					
					
E parte di quello che Mission Blue sta facendo è urlare: <L2>Stop</L2>! così che ognuno di noi - esploratore, scienziato, fumettista, cantante, <L1>chef</L1> - possa a proprio modo accendere le luci.	And part of what Mission Blue is about is yelling,  Stop!  so that each of us -- explorer, scientist, cartoonist, singer, chef -- can turn up the lights in their own way.				
E parte di quello che Mission Blue sta facendo è urlare: <N2>Ferma</N2>! così che ognuno di noi - esploratore, scienziato, fumettista, cantante, <N1>cuoco</N1> - possa a proprio modo accendere le luci.	And part of what Mission Blue is about is yelling,  Stop!  so that each of us -- explorer, scientist, cartoonist, singer, chef -- can turn up the lights in their own way.				
TRUE					
					
In Africa, ogni giorno, 6500 persone muoiono di <L1>AIDS</L1> -- una malattia che si può curare e prevenire -- per mancanza di medicinali che da noi sono in ogni farmacia.	Six-and-a-half thousand Africans dying every single day from AlDS -- a preventable, treatable disease -- for lack of drugs we can get in any pharmacy.	sindrome da immunodeficienza acquisita aids			
In Africa, ogni giorno, 6500 persone muoiono di <N1>sindrome da immunodeficienza acquisita</N1> -- una malattia che si può curare e prevenire -- per mancanza di medicinali che da noi sono in ogni farmacia.	Six-and-a-half thousand Africans dying every single day from AlDS -- a preventable, treatable disease -- for lack of drugs we can get in any pharmacy.				
TRUE					
					
Il mio disaccordo acquisisce molteplici prospettive quando parlo al popolo americano e ascolto le loro preoccupazioni per il <L1>deficit</L1> ed il benessere economico del Paese.	But my disappointment has much more perspective when I talk to American people, and I hear their worries about the deficit, and the fiscal well being of their country.	deficit spareggio disavanzo			
Il mio disaccordo acquisisce molteplici prospettive quando parlo al popolo americano e ascolto le loro preoccupazioni per la <N1>perdita</N1> ed il benessere economico del Paese.	But my disappointment has much more perspective when I talk to American people, and I hear their worries about the deficit, and the fiscal well being of their country.				
TRUE					
					
Voglio dire,lo vedi nelle <L1>roulotte</L1> tutto il tempo.	I mean, you see this in trailer parks all the time.				
Voglio dire,lo vedi nelle <N1></N1> tutto il tempo.	I mean, you see this in trailer parks all the time.				
FALSE					
					
la macchina potrebbe uscire fuori strada e qualcuno avere un incidente e la prima persona che passa e li trova feriti,li tengono per mano e piangono con loro e dicono qui ,qui e poi cè un dottore che li aiuta e li soccorre ma l'ingegnere di cui non hai mai sentito parlare,che arriva mette un muro a lato della strada,o inclina la strada,e mette dei <L1>guardrail</L1> in modo che non ci siano incidenti. tu non hai mai sentito di queste persone in società.	And then there's a doctor that acts upon it and mends them and fixes them. But the engineer that you hear nothing about, who comes along and puts a wall at the side of the road, or tilts the road and puts some braces on it so that there are no accidents, you don't hear anything about those people in society.				
la macchina potrebbe uscire fuori strada e qualcuno avere un incidente e la prima persona che passa e li trova feriti,li tengono per mano e piangono con loro e dicono qui ,qui e poi cè un dottore che li aiuta e li soccorre ma l'ingegnere di cui non hai mai sentito parlare,che arriva mette un muro a lato della strada,o inclina la strada,e mette delle <N1>barriere di sicurezza</N1> in modo che non ci siano incidenti. tu non hai mai sentito di queste persone in società.	And then there's a doctor that acts upon it and mends them and fixes them. But the engineer that you hear nothing about, who comes along and puts a wall at the side of the road, or tilts the road and puts some braces on it so that there are no accidents, you don't hear anything about those people in society.				
TRUE					
					
Nel 1600 la parola gas fu inventata da un chimico <L1>fiammingo</L1> chiamato Van Helmont.	Gas was invented in 1600 by a Dutch chemist called Van Helmont.				
Nel 1600 la parola gas fu inventata da un chimico <N1></N1> chiamato Van Helmont.	Gas was invented in 1600 by a Dutch chemist called Van Helmont.				
FALSE					
					
Insieme impareremo teoria e pratica dei linguaggi di programmazione, sino a costruire un <L1>browser</L1> web.	Together we're going to learn the theory and practice of programming languages, culminating in the construction of a web browser.				
Insieme impareremo teoria e pratica dei linguaggi di programmazione, sino a costruire un <N1>navigatore</N1> web.	Together we're going to learn the theory and practice of programming languages, culminating in the construction of a web browser.				
TRUE					
					
E qui c'è <L1>troll face</L1>.	And here you have troll face.				
E qui c'è <N1></N1>.	And here you have troll face.				
FALSE					
					
Potete vedere attraverso la <L1>jeep</L1> un cammello, e un carro.	So, you can find through your Jeep, a camel, and a cart.	jeep fuoristrada gip			
Potete vedere attraverso il <N1>fuoristrada</N1> un cammello, e un carro.	So, you can find through your Jeep, a camel, and a cart.				
TRUE					
					
L'ultima immagine, è di un <L1>tatuaggio</L1> vecchio di 2000 anni.	Last picture, it's a tattoo, 2,000-years-old tattoo.				
L'ultima immagine, è di un <N1></N1> vecchio di 2000 anni.	Last picture, it's a tattoo, 2,000-years-old tattoo.				
FALSE					
					
Peter Singer: Altre persone sono passate davanti a Wang Yue, e un secondo <L1>furgone</L1> le passò sulle gambe prima che una spazzina desse l'allarme.	There were other people who walked past Wang Yue, and a second van ran over her legs before a street cleaner raised the alarm.				
Peter Singer: Altre persone sono passate davanti a Wang Yue, e un secondo <N1></N1> le passò sulle gambe prima che una spazzina desse l'allarme.	There were other people who walked past Wang Yue, and a second van ran over her legs before a street cleaner raised the alarm.				
FALSE					
					
Pensiamo alle nostre abitudini, come una nuova auto, una vacanza, o semplicemente comprare acqua in bottiglia quando l'acqua che viene fuori dal <L1>rubinetto</L1> è perfettamente sicura da bere.	You can think what your own habit is, whether it's a new car, a vacation or just something like buying bottled water when the water that comes out of the tap is perfectly safe to drink.				
Pensiamo alle nostre abitudini, come una nuova auto, una vacanza, o semplicemente comprare acqua in bottiglia quando l'acqua che viene fuori dal <N1>rubinetto</N1> è perfettamente sicura da bere.	You can think what your own habit is, whether it's a new car, a vacation or just something like buying bottled water when the water that comes out of the tap is perfectly safe to drink.				
TRUE					
					
Cosa che sapevo, perchè è stata la parola che mi ha fatto vincere la gara di <L1>spelling</L1> dell'Ohio nel 1976.	Which I knew, because it's the word that won me the Ohio spelling bee in 1976.				
Cosa che sapevo, perchè è stata la parola che mi ha fatto vincere la gara di <N1>compitazione</N1> dell'Ohio nel 1976.	Which I knew, because it's the word that won me the Ohio spelling bee in 1976.				
TRUE					
					
Si possono anche chiamare debiti bancari e questo è il termine <L1>contabile</L1> corretto perché quel denaro è un debito della banca verso di te, cioè è quello che la banca deve ripagare a te in qualche tempo futuro.	They might also be referred to as bank liabilities -- this is the accounting term, because this money is a liability of the bank to you i.e. it's what the bank needs to repay you at some point in the future.	contabile computista			
Si possono anche chiamare debiti bancari e questo è il termine <N1></N1> corretto perché quel denaro è un debito della banca verso di te, cioè è quello che la banca deve ripagare a te in qualche tempo futuro.	They might also be referred to as bank liabilities -- this is the accounting term, because this money is a liability of the bank to you i.e. it's what the bank needs to repay you at some point in the future.				
FALSE					
					
Lì, egli potrà rivedere, modificare e migliorare la <L1>bozza</L1> di traduzione (<L2>computerizzata</L2>) dei tuoi sottotitoli.	Now your friend will be able to review and edit to improve the initial automatically translated draft of your captions. When they're finished, they'll click  Publish to YouTube .	bugno bozza			
Lì, egli potrà rivedere, modificare e migliorare la <N1>bozza</N1> di traduzione (<N2>automatica</N2>) dei tuoi sottotitoli.	Now your friend will be able to review and edit to improve the initial automatically translated draft of your captions. When they're finished, they'll click  Publish to YouTube .				
TRUE					
					
E moltissimi studi hanno mostrato che il BPA viene rilasciato dal <L1>biberon</L1> nel liquido, nel latte, e quindi nei bambini.	And there have been many, many, many studies that have shown that BPA leaches from babies' bottles into the formula, into the milk, and therefore into the babies.	poppatoio biberon			
E moltissimi studi hanno mostrato che il BPA viene rilasciato dal <N1></N1> nel liquido, nel latte, e quindi nei bambini.	And there have been many, many, many studies that have shown that BPA leaches from babies' bottles into the formula, into the milk, and therefore into the babies.				
FALSE					
					
E per coloro che non sono genitori, le tazze da <L1>bebè</L1> sono quelle cose di plastica che i bambini usano quando sono troppo grandi per i biberon.	And for those of you who are not parents, sippy cups are those little plastic things that your child graduates to after using bottles.	poppante lattante infante bebè neonato			
E per coloro che non sono genitori, le tazze da <N1>neonato</N1> sono quelle cose di plastica che i bambini usano quando sono troppo grandi per i biberon.	And for those of you who are not parents, sippy cups are those little plastic things that your child graduates to after using bottles.				
TRUE					
					
Ora, Danny ed io un giorno eravamo in questa stessa zona, e Danny noto' sulla destra a metà della parete, una specie di spiazzo o <L1>terrazza</L1> con dei pini, e immagino' che la gente visitando l'orologio all'interno della montagna potesse uscire su quella piattaforma e approfittare di quella vista.	Now, Danny and I were up at this same area one day, and Danny looked over to the right and noticed something halfway up the cliffs, which is a kind of a porch or a cliff shelf with bristlecones on it, and supposed that people going up to the clock inside the mountain could come out onto that shelf and look down at the view.				
Ora, Danny ed io un giorno eravamo in questa stessa zona, e Danny noto' sulla destra a metà della parete, una specie di spiazzo o <N1></N1> con dei pini, e immagino' che la gente visitando l'orologio all'interno della montagna potesse uscire su quella piattaforma e approfittare di quella vista.	Now, Danny and I were up at this same area one day, and Danny looked over to the right and noticed something halfway up the cliffs, which is a kind of a porch or a cliff shelf with bristlecones on it, and supposed that people going up to the clock inside the mountain could come out onto that shelf and look down at the view.				
FALSE					
					
Uno dei <L1>ranch</L1> è chiamato Kirkeby Ranch, ove vi portero' per un minuto.	One of the ranches is called the Kirkeby Ranch, and I'll take you there for a minute.				
Una delle <N1>fattorie</N1> è chiamata Kirkeby Ranch, ove vi portero' per un minuto.	One of the ranches is called the Kirkeby Ranch, and I'll take you there for a minute.				
TRUE					
					
Costruiscono delle alternative alla <L1>prassi</L1> dell'aggressione, degli interessi personali, della disonestà, o sull'insistenza del guadagno a medio termine sui benefici a lungo termine?	Do they model any alternatives to the norms of aggression, self-interest, dishonesty, or the insistence of short term gain over long term benefits?	prassi pratica			
Costruiscono delle alternative alla <N1></N1> dell'aggressione, degli interessi personali, della disonestà, o sull'insistenza del guadagno a medio termine sui benefici a lungo termine?	Do they model any alternatives to the norms of aggression, self-interest, dishonesty, or the insistence of short term gain over long term benefits?				
FALSE					
					
Il <L1>forum</L1> degli studenti di Riau (Fopersma) ha manifestato la propria solidarietà con una fiaccolata spingendo i giornalisti di Riau ad unirsi alla protesta, a causa del silenzio del Governo La solidarietà dei giornalisti le azioni del Forum degli studenti (Fopersma) di Riau per affrontare il problema del pestaggio dei giornalisti	Forum Riau student press (Fopersma) did the solidarity pillar candles slice by turning reporters in Riau also doing the action, because the government silent solidarity by journalist actions Forums student press (Fopersma) Riau to date the problem has not finished beating of journalists government should resolve the issue faster because freedom of the press has been arranged in the Press Law the press laws, journalists are protected by law in their profession should press it free				
L' <N1>incontro</N1> degli studenti di Riau (Fopersma) ha manifestato la propria solidarietà con una fiaccolata spingendo i giornalisti di Riau ad unirsi alla protesta, a causa del silenzio del Governo La solidarietà dei giornalisti le azioni del Forum degli studenti (Fopersma) di Riau per affrontare il problema del pestaggio dei giornalisti	Forum Riau student press (Fopersma) did the solidarity pillar candles slice by turning reporters in Riau also doing the action, because the government silent solidarity by journalist actions Forums student press (Fopersma) Riau to date the problem has not finished beating of journalists government should resolve the issue faster because freedom of the press has been arranged in the Press Law the press laws, journalists are protected by law in their profession should press it free				
TRUE					
					
Questo era nel 1997, e questa è una foto che ho fatto circa alle 3 del mattino a Mountain View, quando stavamo osservando i <L1>monitor</L1> del computer perché avevamo sentito un segnale per cui abbiamo pensato Ce l'abbiamo fatta . Giusto?	This is 1997, and this is a photo I made at about 3 o'clock in the morning in Mountain View here, when we were watching the computer monitors because we had picked up a signal that we thought,  This is the real deal.  All right?	display monitor visualizzatore			
Questo era nel 1997, e questa è una foto che ho fatto circa alle 3 del mattino a Mountain View, quando stavamo osservando gli <N1>schermi</N1> del computer perché avevamo sentito un segnale per cui abbiamo pensato Ce l'abbiamo fatta . Giusto?	This is 1997, and this is a photo I made at about 3 o'clock in the morning in Mountain View here, when we were watching the computer monitors because we had picked up a signal that we thought,  This is the real deal.  All right?				
TRUE					
					
E probabilmente, la maggior parte delle persone non conoscerebbe neanche il valore di un <L1>franco</L1> svizzero, giusto?	And probably most of the people wouldn't even know the value of a Swiss franc, okay?				
E probabilmente, la maggior parte delle persone non conoscerebbe neanche il valore di un <N1></N1> svizzero, giusto?	And probably most of the people wouldn't even know the value of a Swiss franc, okay?				
FALSE					
					
Poi si colloca un altro elettrone, e parleremo di <L1>spin</L1> e cose simili in futuro.	Then you fill another electron, and we'll talk about spin and things like that in the future.				
Poi si colloca un altro elettrone, e parleremo di <N1>rotazioni</N1> e cose simili in futuro.	Then you fill another electron, and we'll talk about spin and things like that in the future.				
TRUE					
					
Il <L1>gangster</L1> :	A gangster :				
Il <N1>bandito</N1> :	A gangster :				
TRUE					
					
Quando uscirā di prigione Troverā la <L1>valigia</L1> vuota assieme al mio cadavere.	When he gets out of prison, he'll find the empty suitcase along with my dead body.				
Quando uscirā di prigione Troverā la <N1></N1> vuota assieme al mio cadavere.	When he gets out of prison, he'll find the empty suitcase along with my dead body.				
FALSE					
					
E possiamo vedere una <L1>barricata</L1> di fortuna con lo scopo di bloccare. &gt;&gt;ZUCKER:	Over those cobblestones strides a figure who one would not have actually seen on the streets of Paris.				
E possiamo vedere una <N1></N1> di fortuna con lo scopo di bloccare. &gt;&gt;ZUCKER:	Over those cobblestones strides a figure who one would not have actually seen on the streets of Paris.				
FALSE					
					
Qualcuno ha fatto del male al povero pacchetto che non arriverà , il tempo passa, tic, tac, tic, tac, tic, tac, tic, tac, tic, tac, tic, tac, e il <L1>destinatario</L1> decide di segnalare che ne ha ricevuto uno su tre, qualcosa deve essere andato storto.	So the world has done something to poor packet to never to arrive and so time passes, tick, tick, tick, tick, tick, tick, tick, tick, tick and the receiver decides, you know what I've got one in three, something must be wrong.	destinatario ricevente			
Qualcuno ha fatto del male al povero pacchetto che non arriverà , il tempo passa, tic, tac, tic, tac, tic, tac, tic, tac, tic, tac, tic, tac, e il <N1></N1> decide di segnalare che ne ha ricevuto uno su tre, qualcosa deve essere andato storto.	So the world has done something to poor packet to never to arrive and so time passes, tick, tick, tick, tick, tick, tick, tick, tick, tick and the receiver decides, you know what I've got one in three, something must be wrong.				
FALSE					
					
Eccoci alla scena: il cielo è gremito dalla <L1>flotta</L1> di elicotteri incaricati di trasportarlo.	So the scene: the sky is filled with this fleet of helicopters carrying him in.				
Eccoci alla scena: il cielo è gremito dalla <N1></N1> di elicotteri incaricati di trasportarlo.	So the scene: the sky is filled with this fleet of helicopters carrying him in.				
FALSE					
					
Cercate un <L1>arista</L1> o uno scrittore - oppure, Dio ce ne scampi, trovate un filosofo e parlategli.	Find an artist or a writer -- or, heaven forbid, find a philosopher and talk to them.				
Cercate un <N1></N1> o uno scrittore - oppure, Dio ce ne scampi, trovate un filosofo e parlategli.	Find an artist or a writer -- or, heaven forbid, find a philosopher and talk to them.				
FALSE					
					
caduta più parte di un <L1>copyright</L1> programma creato da vero e proprio bambi definitivamente andato tutte le auto della guardia nazionale in onda 238 per quanto riguarda l'omicidio ma vi siete persi mezzo con rona	falling more part of a copyrighted program created by real bambi permanently gone all cars national guard broadcast two hundred thirty-eight regarding the murder but missed you mezzo with rona remember the time agee and propriety of involved in on when the president had to sleep on the poor analysis definate king wherein everyone the next morning dreamt that exactly how you look reveals a mac when you can find it to the park bench overthink with all of the thread there covering of imperial oil instead of giving at the questioning protection of the loop you expect your car to give you money about one of the park service will rather well treated according given like prolonging companies of operation by taking it stop of life to remove the enduring motor oil that really protect every bible moving part with saturn's moon covering mood guests and at the same time so strong impenetrable apa devastating enterprise bead in hot weather can not leave your motor to get in their dirty work so when you get real brenda cracked the governing the powers more police caught fire engines and it is another emergency equipment for every this hole than any other brand get three lou the finest mobil oil golden west the story really here tonight was taken in the main from facts on file in the				
caduta più parte di un <N1>diritto d'autore</N1> programma creato da vero e proprio bambi definitivamente andato tutte le auto della guardia nazionale in onda 238 per quanto riguarda l'omicidio ma vi siete persi mezzo con rona	falling more part of a copyrighted program created by real bambi permanently gone all cars national guard broadcast two hundred thirty-eight regarding the murder but missed you mezzo with rona remember the time agee and propriety of involved in on when the president had to sleep on the poor analysis definate king wherein everyone the next morning dreamt that exactly how you look reveals a mac when you can find it to the park bench overthink with all of the thread there covering of imperial oil instead of giving at the questioning protection of the loop you expect your car to give you money about one of the park service will rather well treated according given like prolonging companies of operation by taking it stop of life to remove the enduring motor oil that really protect every bible moving part with saturn's moon covering mood guests and at the same time so strong impenetrable apa devastating enterprise bead in hot weather can not leave your motor to get in their dirty work so when you get real brenda cracked the governing the powers more police caught fire engines and it is another emergency equipment for every this hole than any other brand get three lou the finest mobil oil golden west the story really here tonight was taken in the main from facts on file in the				
TRUE					
					
livelli di modellini dove signore di qualche tipo delle cose prendere un po 'di più di chiusura ci aspettiamo apparve nel ritorno vincente come si sta bisogno di 200 migliaia di dollari sette di <L1>mister</L1> mag vicino ovest taglia casa domani domani rimozione della scuola portano con sé e questo è vero abbiamo scoperto anche che hai raggiunto il tuo lunedi mattina obbligo ciò che è vero vero mi eri alla ricerca di dove ha fatto si ottiene così tanti soldi	let's go take a look it's the first room at the right just back to the states others did move in with your family ko model no				
livelli di modellini dove signore di qualche tipo delle cose prendere un po 'di più di chiusura ci aspettiamo apparve nel ritorno vincente come si sta bisogno di 200 migliaia di dollari sette di <N1></N1> mag vicino ovest taglia casa domani domani rimozione della scuola portano con sé e questo è vero abbiamo scoperto anche che hai raggiunto il tuo lunedi mattina obbligo ciò che è vero vero mi eri alla ricerca di dove ha fatto si ottiene così tanti soldi	let's go take a look it's the first room at the right just back to the states others did move in with your family ko model no				
FALSE					
					
Non ho intenzione di iniziare la mia gente mga tasso di euro So che stai andando a venire oltre che quando hai roba macho fuori, ma penso che il mio lavoro e venire a mettere in atto come in questo momento mi fanno si può scommettere in debito <L1>picchetto</L1> qualcosa che hai siamo tornati premio nobel pacchetto per me Pensavo di poter di non cercare di ottenere dormire un po '	lasted fifteen we plan again in the court of justice the or as to europe it is back again uh... mean that owns him haven't haven't trouble with that but for longer than i can remember ten years old when he got a movement immune attention to the fact that for same and he was about ten i guess and fifteen an then and you will all five transistors twelve monrovia keeping this time animated interview ransom restoring project against a man elastic at all the moral rigid pick him up i got a call from one of his neighbors that he was photo of the girls with another kid recover them hanging out working you sure you can drive this car sure acts their daddy rest article in the parking lot alright yellow i was afraid you can't get the car started guy cigars but i tell you see this land what you know pretty good right now idon't think about that you know it is a couple of weeks it's common life com get one twenty dollar bill and makeup affect high-speed hepatic and he's just got my daughter califano economic seasick steve dot toppled i'd quietly underline blvd dot com way beyond and romans it wasn't that much that the other boys pretty badly banged up i got to me just ask the question homes for the picked up by the before i could bring a minute here comes the judge maybe you put a brake on the armed with them well early on and give you anything further to say this morning not me speech judge	picchettaggio picchetto			
Non ho intenzione di iniziare la mia gente mga tasso di euro So che stai andando a venire oltre che quando hai roba macho fuori, ma penso che il mio lavoro e venire a mettere in atto come in questo momento mi fanno si può scommettere in debito <N1></N1> qualcosa che hai siamo tornati premio nobel pacchetto per me Pensavo di poter di non cercare di ottenere dormire un po '	lasted fifteen we plan again in the court of justice the or as to europe it is back again uh... mean that owns him haven't haven't trouble with that but for longer than i can remember ten years old when he got a movement immune attention to the fact that for same and he was about ten i guess and fifteen an then and you will all five transistors twelve monrovia keeping this time animated interview ransom restoring project against a man elastic at all the moral rigid pick him up i got a call from one of his neighbors that he was photo of the girls with another kid recover them hanging out working you sure you can drive this car sure acts their daddy rest article in the parking lot alright yellow i was afraid you can't get the car started guy cigars but i tell you see this land what you know pretty good right now idon't think about that you know it is a couple of weeks it's common life com get one twenty dollar bill and makeup affect high-speed hepatic and he's just got my daughter califano economic seasick steve dot toppled i'd quietly underline blvd dot com way beyond and romans it wasn't that much that the other boys pretty badly banged up i got to me just ask the question homes for the picked up by the before i could bring a minute here comes the judge maybe you put a brake on the armed with them well early on and give you anything further to say this morning not me speech judge				
FALSE					
					
Questa è un'operazione di <L1>bypass</L1> al cuore	This is a heart bypass operation				
Questa è un'operazione di <N1></N1> al cuore	This is a heart bypass operation				
FALSE					
					
I soggetti possono essere talmente accelerati da <L1>drenare</L1> i vasi sanguigni del cervello da mandarli in blackout.	Subjects could be spammed so fast that the blood drains from their brain and they blackout.				
I soggetti possono essere talmente accelerati da <N1></N1> i vasi sanguigni del cervello da mandarli in blackout.	Subjects could be spammed so fast that the blood drains from their brain and they blackout.				
FALSE					
					
Mary Allen è spesso alla Royal Opera House adesso passa la maggior parte del suo tempo a fare <L1>giardinaggio</L1> e cercando di scrivere un romanzo	Marry Allan use to run the royal opera house now she spend most of her day gardening and trying to write a novel				
Mary Allen è spesso alla Royal Opera House adesso passa la maggior parte del suo tempo a fare <N1></N1> e cercando di scrivere un romanzo	Marry Allan use to run the royal opera house now she spend most of her day gardening and trying to write a novel				
FALSE					
					
Si sentiva nessun <L1>handicap</L1> su questo punto.	He felt no handicap on that score.				
Si sentiva nessuno <N1>svantaggio</N1> su questo punto.	He felt no handicap on that score.				
TRUE					
					
Poi tutti e tre lasciato l'appartamento insieme, qualcosa che non aveva fatto per mesi, e prese il <L1>tram</L1> elettrico all'aria aperta fuori della città.	Then all three left the apartment together, something they had not done for months now, and took the electric tram into the open air outside the city.	tramvai tranvai tram			
Poi tutti e tre lasciato l'appartamento insieme, qualcosa che non aveva fatto per mesi, e prese il <N1>tranvai</N1> elettrico all'aria aperta fuori della città.	Then all three left the apartment together, something they had not done for months now, and took the electric tram into the open air outside the city.				
TRUE					
					
Larry ha riconosciuto fin dall'inizio, e abbiamo tutti apprezzato l'idea, che queste piccole cose sul <L1>desktop</L1> erano veramente la porta d'ingresso verso le grandi macchine sullo sfondo, e che tutto questo si sarebbe trasformato in una nuvola dietro lo schermo.	And that all of this would turn into one cloud behind the, the screen, yet we needed to figure out how to get the user involved in as much as possible. Initially, our interest was in synchronous tools when were thinking of collaboration tools.				
Larry ha riconosciuto fin dall'inizio, e abbiamo tutti apprezzato l'idea, che queste piccole cose sullo <N1>schermo</N1> erano veramente la porta d'ingresso verso le grandi macchine sullo sfondo, e che tutto questo si sarebbe trasformato in una nuvola dietro lo schermo.	And that all of this would turn into one cloud behind the, the screen, yet we needed to figure out how to get the user involved in as much as possible. Initially, our interest was in synchronous tools when were thinking of collaboration tools.				
TRUE					
					
Così, smettete di pensare ai Nativi Americani come a una popolazione <L1>pacifista</L1> e passiva in attesa che i nuovi venuti gli dessero una scrollata.	So, dispel the imagine of Native Americans peoples as peace loving, passive peoples waiting for outsiders to begin to shake them up.				
Così, smettete di pensare ai Nativi Americani come a una popolazione <N1></N1> e passiva in attesa che i nuovi venuti gli dessero una scrollata.	So, dispel the imagine of Native Americans peoples as peace loving, passive peoples waiting for outsiders to begin to shake them up.				
FALSE					
					
Gli <L1>gnu</L1> non si divertono con i leoni perché i leoni mangiano gli gnu.	Wildebeests don't hang with lions, because lions eat wildebeests.				
Gli <N1></N1> non si divertono con i leoni perché i leoni mangiano gli gnu.	Wildebeests don't hang with lions, because lions eat wildebeests.				
FALSE					
					
E non porto a tracolla cinture piene di munizioni né indosso una <L1>bandana</L1> rossa, ma siamo chiaramente nei guai.	And I don't wear ammo belts crisscrossing my chest and a red bandana. But we're clearly in trouble.				
E non porto a tracolla cinture piene di munizioni né indosso una <N1></N1> rossa, ma siamo chiaramente nei guai.	And I don't wear ammo belts crisscrossing my chest and a red bandana. But we're clearly in trouble.				
FALSE					
					
Ma i coloni capirono il <L1>complotto</L1> britannico e gridarono, Monopolio!	But the colonists saw through the British ploy and cried,  Monopoly!				
Ma i coloni capirono il <N1></N1> britannico e gridarono, Monopolio!	But the colonists saw through the British ploy and cried,  Monopoly!				
FALSE					
					
Der Rosenkavalier , il <L1>gol</L1> della vittoria in una stupenda partita di calcio della Coppa del Mondo,	Der Rosenkavalier,  a stunning match-winning goal in a World Cup soccer match,				
Der Rosenkavalier , il <N1></N1> della vittoria in una stupenda partita di calcio della Coppa del Mondo,	Der Rosenkavalier,  a stunning match-winning goal in a World Cup soccer match,				
FALSE					
					
O pensate al <L1>jazz</L1> americano o ai film americani - arrivano dovunque.	Or just think about American jazz or American movies -- they go everywhere.				
O pensate al <N1></N1> americano o ai film americani - arrivano dovunque.	Or just think about American jazz or American movies -- they go everywhere.				
FALSE					
					
Stiamo progredendo bene, e mi emoziona il fatto che un giorno creeremo un Titanic virtuale, e voi, dal vostro divano di casa, con il <L1>joystick</L1> e le cuffie potrete esplorare il Titanic in prima persona.	So we're doing real good. And what's exciting to me is that we're making a virtual Titanic, so you can sit there at home with your joystick and your headset on, and you can actually explore the Titanic for yourself.	joystick cloche			
Stiamo progredendo bene, e mi emoziona il fatto che un giorno creeremo un Titanic virtuale, e voi, dal vostro divano di casa, con il <N1></N1> e le cuffie potrete esplorare il Titanic in prima persona.	So we're doing real good. And what's exciting to me is that we're making a virtual Titanic, so you can sit there at home with your joystick and your headset on, and you can actually explore the Titanic for yourself.				
FALSE					
					
Questa è la storia di uno <L1>yacht</L1> club sono principalmente tutti colletti blu.	This is a story on the yacht club that's all basically blue collar.	panfilo yacht			
Questa è la storia di una <N1>imbarcazione lussuosa</N1> club sono principalmente tutti colletti blu.	This is a story on the yacht club that's all basically blue collar.				
TRUE					
					
Ma parlano anche del fatto che i loro dirigenti, tutte le loro note spese, sono caricate sulla <L1>intranet</L1> aziendale perché tutti le possano vedere.	But they also talk about the fact that their executives, all of their expense reports are put onto their company intranet for everyone to see.				
Ma parlano anche del fatto che i loro dirigenti, tutte le loro note spese, sono caricate sulla <N1>rete interna</N1> aziendale perché tutti le possano vedere.	But they also talk about the fact that their executives, all of their expense reports are put onto their company intranet for everyone to see.				
TRUE					
					
E da uno squilibrio dell'angiogenesi può <L1>derivare</L1> una miriade di malattie.	And when angiogenesis is out of balance, a myriad of diseases result.	venire essere derivare avere origine discendere | uscire provenire seguire conseguire sorgere risultare procedere avere origine derivare nascere resultare			
E da uno squilibrio dell'angiogenesi può <N1></N1> una miriade di malattie.	And when angiogenesis is out of balance, a myriad of diseases result.				
FALSE					
					
E così, ecco Milo, questo <L1>boxer</L1> di nove anni con un tumore molto aggressivo, chiamato neurofibroma maligno, che gli cresceva sulla spalla.	So here is a nine year-old boxer named Milo, who had a very aggressive tumor called a malignant neurofibroma growing on his shoulder.	pugilatore boxer pugile			
E così, ecco Milo, questo <N1></N1> di nove anni con un tumore molto aggressivo, chiamato neurofibroma maligno, che gli cresceva sulla spalla.	So here is a nine year-old boxer named Milo, who had a very aggressive tumor called a malignant neurofibroma growing on his shoulder.				
FALSE					
					
Esistono molti <L1>trial</L1> clinici.	And there are many clinical trials.				
Esistono molte <N1>prove</N1> cliniche.	And there are many clinical trials.				
TRUE					
					
Le magliette dello <L1>staff</L1> non gli stavano più e gli abbiamo dovuto fare la maglietta da capo.	He's probably outgrown two staff shirts and we had to make him a boss shirt.				
Le magliette del <N1>personale</N1> non gli stavano più e gli abbiamo dovuto fare la maglietta da capo.	He's probably outgrown two staff shirts and we had to make him a boss shirt.				
TRUE					
					
Sembra come se ci fosse nessuno in <L1>bungalow</L1> ma io e il serpente .	It sounds as if there were no one in the bungalow but me and the snake.	cottage bungalow			
Sembra come se ci fosse nessuno in <N1></N1> ma io e il serpente .	It sounds as if there were no one in the bungalow but me and the snake.				
FALSE					
					
Una <L1>coupé</L1> in piedi sulla strada davanti al poco al di fuori della piattaforma.	A brougham stood on the road before the little outside platform.				
Una <N1></N1> in piedi sulla strada davanti al poco al di fuori della piattaforma.	A brougham stood on the road before the little outside platform.				
FALSE					
					
Né i campi non è né montagne, è solo chilometri e chilometri e chilometri di terra selvaggia che nulla cresce, ma eriche e ginestre e ginestre, e vive niente ma selvaggio <L1>pony</L1> e pecore.	Nor it isn't fields nor mountains, it's just miles and miles and miles of wild land that nothing grows on but heather and gorse and broom, and nothing lives on but wild ponies and sheep.				
Né i campi non è né montagne, è solo chilometri e chilometri e chilometri di terra selvaggia che nulla cresce, ma eriche e ginestre e ginestre, e vive niente ma selvaggio <N1></N1> e pecore.	Nor it isn't fields nor mountains, it's just miles and miles and miles of wild land that nothing grows on but heather and gorse and broom, and nothing lives on but wild ponies and sheep.				
FALSE					
					
C'era qualcosa di confortante e veramente <L1>cordiale</L1> nel suo discorso queer Yorkshire e modo robusto che ha avuto un buon effetto su Maria.	There was something comforting and really friendly in her queer Yorkshire speech and sturdy way which had a good effect on Mary.	comunicativo caloroso cordiale caldo ospitale			
C'era qualcosa di confortante e veramente <N1></N1> nel suo discorso queer Yorkshire e modo robusto che ha avuto un buon effetto su Maria.	There was something comforting and really friendly in her queer Yorkshire speech and sturdy way which had a good effect on Mary.				
FALSE					
					
Un sorriso lento diffondersi su di esso e il <L1>giardiniere</L1> sembrava molto diverso.	A slow smile spread over it and the gardener looked quite different.	orticoltore ortolano giardiniere			
Un sorriso lento diffondersi su di esso e il <N1></N1> sembrava molto diverso.	A slow smile spread over it and the gardener looked quite different.				
FALSE					
					
Era in piedi a pochi metri da un giovane <L1>melo</L1> e il pettirosso aveva volato a uno dei suoi rami ed era scoppiata in un pezzo di una canzone.	She was standing a few feet from a young apple-tree and the robin had flown on to one of its branches and had burst out into a scrap of a song.				
Era in piedi a pochi metri da un giovane <N1></N1> e il pettirosso aveva volato a uno dei suoi rami ed era scoppiata in un pezzo di una canzone.	She was standing a few feet from a young apple-tree and the robin had flown on to one of its branches and had burst out into a scrap of a song.				
FALSE					
					
I <L1>warrant</L1> th 'volpi gli mostra dove i loro cuccioli si trova un' th 'allodole non si nasconde i loro nidi da lui.	I warrant th' foxes shows him where their cubs lies an' th' skylarks doesn't hide their nests from him.				
I <N1></N1> th 'volpi gli mostra dove i loro cuccioli si trova un' th 'allodole non si nasconde i loro nidi da lui.	I warrant th' foxes shows him where their cubs lies an' th' skylarks doesn't hide their nests from him.				
FALSE					
					
Aprì la porta del <L1>gabinetto</L1> e si fermò su un poggiapiedi e giocato con questi per un periodo piuttosto lungo.	She opened the door of the cabinet and stood on a footstool and played with these for quite a long time.	toilette gabinetto | gabinetto ambulatorio | tazza gabinetto w.c. water-closet			
Aprì la porta del <N1></N1> e si fermò su un poggiapiedi e giocato con questi per un periodo piuttosto lungo.	She opened the door of the cabinet and stood on a footstool and played with these for quite a long time.				
FALSE					
					
Signora Medlock mi ha detto di avere uno <L1>scellino</L1> a settimana da spendere.	Mrs. Medlock said I was to have a shilling a week to spend.				
Signora Medlock mi ha detto di avere uno <N1></N1> a settimana da spendere.	Mrs. Medlock said I was to have a shilling a week to spend.				
FALSE					
					
Metteremo i soldi in th 'busta un' Prendo <L1>garzone</L1> di macellaio th 'a prenderlo nel suo carrello.	We'll put the money in th' envelope an' I'll get th' butcher boy to take it in his cart.				
Metteremo i soldi in th 'busta un' Prendo <N1></N1> di macellaio th 'a prenderlo nel suo carrello.	We'll put the money in th' envelope an' I'll get th' butcher boy to take it in his cart.				
FALSE					
					
Lubanga Dyilo è responsabile in quanto co-esecutore dei capi di imputazione di aver arruolato e <L1>coscritto</L1> bambini di età inferiore ai 15 anni.	*Lubanga Dyilo is responsible as co-perpetrator* *for the charges of enlisting and conscripting children under the age of 15 years.*				
Lubanga Dyilo è responsabile in quanto co-esecutore dei capi di imputazione di aver arruolato e <N1></N1> bambini di età inferiore ai 15 anni.	*Lubanga Dyilo is responsible as co-perpetrator* *for the charges of enlisting and conscripting children under the age of 15 years.*				
FALSE					
					
Ho una grande fiducia nel fatto che l'emergere di una nuova <L1>autocrazia</L1> che sostituisca quella di Mubarak non sarà mai accettato.	I have great confidence that people are never going to accept the emergence of another autocracy				
Ho una grande fiducia nel fatto che l'emergere di una nuova <N1></N1> che sostituisca quella di Mubarak non sarà mai accettato.	I have great confidence that people are never going to accept the emergence of another autocracy				
FALSE					
					
Anche se Jennifer Lawrence fa un lavoro fenomenale nel ruolo di Katniss, prendiamoci un momento per parlare del ruolo della razza nel <L1>casting</L1> del film.	Although, Jennifer Lawrence does a phenomenal job in the role of Katniss, we should take a moment to talk about race and casting in the film.				
Anche se Jennifer Lawrence fa un lavoro fenomenale nel ruolo di Katniss, prendiamoci un momento per parlare del ruolo della razza nel <N1></N1> del film.	Although, Jennifer Lawrence does a phenomenal job in the role of Katniss, we should take a moment to talk about race and casting in the film.				
FALSE					
					
Cosi ho deciso di tentare di vedere quanto della conoscenza <L1>sistematica</L1> che è in giro nel mondo potesse essere resa calcolabile.	So I decided to just try to see how much of the systematic knowledge that's out there in the world we could make computable.				
Cosi ho deciso di tentare di vedere quanto della conoscenza <N1></N1> che è in giro nel mondo potesse essere resa calcolabile.	So I decided to just try to see how much of the systematic knowledge that's out there in the world we could make computable.				
FALSE					
					
Dapprima un gruppo di idee nuove sulla linguistica che sono arrivate dallo studio dell'universo computazionale. Successivamente, l'aver compreso che avere a disposizione della vera conoscenza calcolabile cambia completamente il modo in cui si può <L1>approcciare</L1> la compresione del linguaggio.	First, a bunch of new ideas about linguistics that came from studying the computational universe; and second, the realization that having actual computable knowledge completely changes how one can set about understanding language.				
Dapprima un gruppo di idee nuove sulla linguistica che sono arrivate dallo studio dell'universo computazionale. Successivamente, l'aver compreso che avere a disposizione della vera conoscenza calcolabile cambia completamente il modo in cui si può <N1></N1> la compresione del linguaggio.	First, a bunch of new ideas about linguistics that came from studying the computational universe; and second, the realization that having actual computable knowledge completely changes how one can set about understanding language.				
FALSE					
					
E grazie a Deworm the World, e agli sforzi di molti governi e fondazioni, 20 milioni di bambini in età <L1>scolare</L1> sono stati curati dai parassiti nel 2009.	And thanks to Deworm the World, and the effort of many country governments and foundations, 20 million school-aged children got dewormed in 2009.				
E grazie a Deworm the World, e agli sforzi di molti governi e fondazioni, 20 milioni di bambini in età <N1></N1> sono stati curati dai parassiti nel 2009.	And thanks to Deworm the World, and the effort of many country governments and foundations, 20 million school-aged children got dewormed in 2009.				
FALSE					
					
Ed arrivarono anche i <L1>cliché</L1> ad assediarci.	And then the cliche came to haunt us.				
Ed arrivarono anche i <N1>stereotipi</N1> ad assediarci.	And then the cliche came to haunt us.				
TRUE					
					
Alcuni documenti, però, sono stati abbandonati intatti e gli attivisti, alcuni di loro, hanno trovato i loro <L1>dossier</L1> di sorveglianza pieni di trascrizioni delle email che avevano inviato, degli <L2>SMS</L2> che avevano mandato, persino le loro conversazioni Skype.	But some of the files were left behind intact, and activists, some of them, found their own surveillance dossiers full of transcripts of their email exchanges, their cellphone text message exchanges, even Skype conversations.	scheda dossier incarto incartamento pratica			
Alcuni documenti, però, sono stati abbandonati intatti e gli attivisti, alcuni di loro, hanno trovato i loro <N1>fascicoli</N1> di sorveglianza pieni di trascrizioni delle email che avevano inviato, dei <N2>messaggi istantanei</N2> che avevano mandato, persino le loro conversazioni Skype.	But some of the files were left behind intact, and activists, some of them, found their own surveillance dossiers full of transcripts of their email exchanges, their cellphone text message exchanges, even Skype conversations.				
TRUE					
					
In segno di protesta, il <L1>blogger</L1> Slim Amamou, che era stato arrestato durante il governo di Ben Ali e che successivamente prese parte al governo di transizione creato dopo la rivoluzione, ha dato le dimissioni dal gabinetto, per protesta.	In protest over this, blogger Slim Amamou, who had been jailed under Ben Ali and then became part of the transitional government after the revolution, he resigned in protest from the cabinet.				
In segno di protesta, il <N1>autore del diario elettronico</N1> Slim Amamou, che era stato arrestato durante il governo di Ben Ali e che successivamente prese parte al governo di transizione creato dopo la rivoluzione, ha dato le dimissioni dal gabinetto, per protesta.	In protest over this, blogger Slim Amamou, who had been jailed under Ben Ali and then became part of the transitional government after the revolution, he resigned in protest from the cabinet.				
TRUE					
					
Stava comprando uno <L1>yogurt</L1> al Google Café.	And she was getting a yogurt in the Google cafe.	iogurt yogurt			
Stava comprando uno <N1></N1> al Google Café.	And she was getting a yogurt in the Google cafe.				
FALSE					
					
E lì devo partecipare a queste riunioni, mischiarmi con questi fastidiosi politici che cercano di farmi sentire a mio agio dicendomi che spesso mangiano il <L1>curry</L1> a Georgetown.	And there, I must attend these meetings, mingling with some tiresome politicians, trying to make me feel comfortable by telling how often they are eating the curry in Georgetown. (Laughter)				
E lì devo partecipare a queste riunioni, mischiarmi con questi fastidiosi politici che cercano di farmi sentire a mio agio dicendomi che spesso mangiano il <N1></N1> a Georgetown.	And there, I must attend these meetings, mingling with some tiresome politicians, trying to make me feel comfortable by telling how often they are eating the curry in Georgetown. (Laughter)				
FALSE					
					
It's such a <L1>feeling</L1> that my love, I can't hide, I can't hide, I can't hide .	It's such a feeling that my love, I can't hide, I can't hide, I can't hide.				
It's such a <N1></N1> that my love, I can't hide, I can't hide, I can't hide .	It's such a feeling that my love, I can't hide, I can't hide, I can't hide.				
FALSE					
					
Ho visto grandi volontari lavorare duramente contro la povertà, ad esempio vivendo con una <L1>sterlina</L1> per cinque giorni per capire com'è vivere sotto il livello di povertà.	And I've met some great volunteers doing fantastic work to end poverty, like living on one pound for 5 days to experience how it is to live below the poverty line.				
Ho visto grandi volontari lavorare duramente contro la povertà, ad esempio vivendo con una <N1></N1> per cinque giorni per capire com'è vivere sotto il livello di povertà.	And I've met some great volunteers doing fantastic work to end poverty, like living on one pound for 5 days to experience how it is to live below the poverty line.				
FALSE					
					
La Hyundai è un <L1>brand</L1> di lusso.	Now, Hyundai is a luxury brand.				
La Hyundai è una <N1>marca</N1> di lusso.	Now, Hyundai is a luxury brand.				
TRUE					
					
Vi è mai capitato che un computer andasse un po' più lento perché infetto da malware, <L1>spider</L1> o virus?	And has anyone had the experience where the computer was running a little bit slowly because it got infected or it had malware, spiders, viruses?				
Vi è mai capitato che un computer andasse un po' più lento perché infetto da malware, <N1></N1> o virus?	And has anyone had the experience where the computer was running a little bit slowly because it got infected or it had malware, spiders, viruses?				
FALSE					
					
Mai e poi mai vogliamo essere partner di <L1>malware</L1> o <L2>provider</L2> inaffidabili, o roba del genere.	We never, ever want to partner with any sort of malware or negative provider or anything like that.				
Mai e poi mai vogliamo essere partner di <N1>programma malevolo</N1> o <N2>fornitori</N2> inaffidabili, o roba del genere.	We never, ever want to partner with any sort of malware or negative provider or anything like that.				
TRUE					
					
E' disponibile un'enorme <L1>mole</L1> di informazione in ogni lingua.	Great information is available in every language.	mole quantità | mole grandezza grossezza			
E' disponibile un'enorme <N1></N1> di informazione in ogni lingua.	Great information is available in every language.				
FALSE					
					
Negli ultimi tre anni, Google Chrome è stato l'unico fra i principali browser in cui non è stata scovata alcuna <L1>falla</L1> nella sicurezza.	And for the last three years, Google Chrome was the only major browser that did not have a security hole get found.				
Negli ultimi tre anni, Google Chrome è stato l'unico fra i principali browser in cui non è stata scovata alcuna <N1></N1> nella sicurezza.	And for the last three years, Google Chrome was the only major browser that did not have a security hole get found.				
FALSE					
					
Posso essere un <L1>hobbit</L1> con una fionda un umano con ombrello un Elfo con ombrello un Elfo con la magia	I could be a hobbit with a slingshot. I could be a human with an umbrella. I could be an elf with an umbrella.				
Posso essere un <N1></N1> con una fionda un umano con ombrello un Elfo con ombrello un Elfo con la magia	I could be a hobbit with a slingshot. I could be a human with an umbrella. I could be an elf with an umbrella.				
FALSE					
					
Questi dardi calcificati, dall'apparenza totalmente strafica, sono collocati nel sacco del <L1>dardo</L1> della chiocciola, che si trova appena al di sotto del pene.	These calcified darts, which look totally bad ass, are stored in the snail's dart sac, located right below the penis.	dardo strale freccia			
Questi dardi calcificati, dall'apparenza totalmente strafica, sono collocati nel sacco del <N1></N1> della chiocciola, che si trova appena al di sotto del pene.	These calcified darts, which look totally bad ass, are stored in the snail's dart sac, located right below the penis.				
FALSE					
					
Ci piace pensare che le nostre idee brillanti siano come un'incubatrice nuova di <L1>zecca</L1> da $40.000, lo stato dell'arte della tecnologia, ma ben più spesso, sono assemblate con qualunque cosa sia disponibile nelle vicinanze.	We like to think our breakthrough ideas, you know, are like that $40,000, brand new incubator, state-of-the-art technology, but more often than not, they're cobbled together from whatever parts that happen to be around nearby.				
Ci piace pensare che le nostre idee brillanti siano come un'incubatrice nuova di <N1></N1> da $40.000, lo stato dell'arte della tecnologia, ma ben più spesso, sono assemblate con qualunque cosa sia disponibile nelle vicinanze.	We like to think our breakthrough ideas, you know, are like that $40,000, brand new incubator, state-of-the-art technology, but more often than not, they're cobbled together from whatever parts that happen to be around nearby.				
FALSE					
					
L'altra opzione è usare <L1>pali</L1> ad iniezione.	The second alternative would be to use injection piles.				
L'altra opzione è usare <N1></N1> ad iniezione.	The second alternative would be to use injection piles.				
FALSE					
					
Come potrebbe rispondere, in qualche modo, per far capire o <L1>sabotare</L1> il fatto che la stiamo guardando?	How could it respond, in a way, to acknowledge or subvert the fact that we're looking at it?				
Come potrebbe rispondere, in qualche modo, per far capire o <N1></N1> il fatto che la stiamo guardando?	How could it respond, in a way, to acknowledge or subvert the fact that we're looking at it?				
FALSE					
					
Tutti i giovani della città vengono mentre i vecchi tradizionalisti detestano il Buddha perché quando si reca nella loro città accetta sempre il primo invito che gli viene rivolto, e la geisha locale, una specie di stella del cinema dei tempi, seminò in <L1>calesse</L1> i più anziani della città e lo invitò per prima.	All the young people, actually, from the city. The old fogeys don't come because they're mad at Buddha, because when he came to their city he accepted -- he always accepts the first invitation that comes to him, from whoever it is, and the local geisha, a movie-star sort of person, raced the elders of the city in a chariot and invited him first.				
Tutti i giovani della città vengono mentre i vecchi tradizionalisti detestano il Buddha perché quando si reca nella loro città accetta sempre il primo invito che gli viene rivolto, e la geisha locale, una specie di stella del cinema dei tempi, seminò in <N1></N1> i più anziani della città e lo invitò per prima.	All the young people, actually, from the city. The old fogeys don't come because they're mad at Buddha, because when he came to their city he accepted -- he always accepts the first invitation that comes to him, from whoever it is, and the local geisha, a movie-star sort of person, raced the elders of the city in a chariot and invited him first.				
FALSE					
					
Le immagini degli orsi <L1>grizzly</L1> sono abbastanza comuni.	Images of grizzly bears are pretty familiar.	grizzly orso grigio			
Le immagini degli orsi <N1></N1> sono abbastanza comuni.	Images of grizzly bears are pretty familiar.				
FALSE					
					
Sei <L1>furbo</L1> a riutilizzare i contenuti di Lumpy, ma hai chiesto l'autorizzazione?	Your reuse of Lumpy's content is clever, but did you get permission for it?				
Sei <N1></N1> a riutilizzare i contenuti di Lumpy, ma hai chiesto l'autorizzazione?	Your reuse of Lumpy's content is clever, but did you get permission for it?				
FALSE					
					
YouTube offre ai titolari di copyright strumenti per <L1>sorvegliare</L1> l'uso dei loro contenuti.	YouTube provides tools for rights holders to control the use of their content.				
YouTube offre ai titolari di copyright strumenti per <N1></N1> l'uso dei loro contenuti.	YouTube provides tools for rights holders to control the use of their content.				
FALSE					
					
I granchi hanno una struttura complessa sotto il <L1>carapace</L1> chiamata mulino gastrico che frantuma il cibo in modi diversi.	Crabs have this complicated structure under their carapace called the gastric mill that grinds their food in a variety of different ways.	scudo carapace			
I granchi hanno una struttura complessa sotto il <N1></N1> chiamata mulino gastrico che frantuma il cibo in modi diversi.	Crabs have this complicated structure under their carapace called the gastric mill that grinds their food in a variety of different ways.				
FALSE					
					
Sai... gli animali kasher sono mucche galline e giraffe e quelli non-kasher sono, tipo, lucertole <L1>emù</L1> e rane degli amazzoni ed ecco perchè nel mondo ci sono più mucche di, sai, emù.	You know... the kosher animals were cows and chickens and giraffes and the non-kosher ones were, like, lizards and emus and Amazonian tree frogs which is why there are more cows in the world than, you know, emus.				
Sai... gli animali kasher sono mucche galline e giraffe e quelli non-kasher sono, tipo, lucertole <N1></N1> e rane degli amazzoni ed ecco perchè nel mondo ci sono più mucche di, sai, emù.	You know... the kosher animals were cows and chickens and giraffes and the non-kosher ones were, like, lizards and emus and Amazonian tree frogs which is why there are more cows in the world than, you know, emus.				
FALSE					
					
Quindi inseriremo una seconda dorsale di rete da 1-1/2 <L1>megabit</L1> al secondo invece di una dorsale di rete da 56 kb.	So, we're gonna sneak a 1-1/2 megabit a second backbone in, instead of a 56-kilobit backbone.				
Quindi inseriremo una seconda dorsale di rete da 1-1/2 <N1></N1> al secondo invece di una dorsale di rete da 56 kb.	So, we're gonna sneak a 1-1/2 megabit a second backbone in, instead of a 56-kilobit backbone.				
FALSE					
					
Se vivi tutta la vita nella paura - cioè, la vita è una malattia sessualmente <L1>trasmissibile</L1> con il 100% di mortalità.	I mean, life is a sexually transmitted disease with 100 percent mortality.				
Se vivi tutta la vita nella paura - cioè, la vita è una malattia sessualmente <N1></N1> con il 100% di mortalità.	I mean, life is a sexually transmitted disease with 100 percent mortality.				
FALSE					
					
E sono gli stessi segnali che vanno in <L1>tilt</L1> nei disordini da dipendenza.	And also these are signals that go awry in disorders such as addiction.				
E sono gli stessi segnali che vanno in <N1>arresto</N1> nei disordini da dipendenza.	And also these are signals that go awry in disorders such as addiction.				
TRUE					
					
E poi potremmo sperimentare in vivo cose realizzate finora solo in provetta -- come <L1>sondare</L1> l'intero cervello alla ricerca di segnali che possono stimolare certi comportamenti.	And then we can try to do things in vivo that have only been done to-date in a dish -- like high-throughput screening throughout the entire brain for the signals that can cause certain things to happen.				
E poi potremmo sperimentare in vivo cose realizzate finora solo in provetta -- come <N1></N1> l'intero cervello alla ricerca di segnali che possono stimolare certi comportamenti.	And then we can try to do things in vivo that have only been done to-date in a dish -- like high-throughput screening throughout the entire brain for the signals that can cause certain things to happen.				
FALSE					
					
Questo è uno <L1>screenshot</L1> dal mondo virtuale Entropia Universe.	This is a screenshot from the virtual game world, Entropia Universe.				
Questo è una <N1>foto di una schermata</N1> dal mondo virtuale Entropia Universe.	This is a screenshot from the virtual game world, Entropia Universe.				
TRUE					
					
E' la semplice idea che, invece di premiare le persone in modo incrementale con piccoli incrementi, gli si può dare un <L1>avatar</L1> che registri il progresso constantemente in piccoli incrementi infinitesimali, che le persone possano sentire come propri.	It's the simple idea that instead of grading people incrementally in little bits and pieces, you give them one profile character avatar which is constantly progressing in tiny, tiny, tiny little increments which they feel are their own.				
E' la semplice idea che, invece di premiare le persone in modo incrementale con piccoli incrementi, gli si può dare un <N1></N1> che registri il progresso constantemente in piccoli incrementi infinitesimali, che le persone possano sentire come propri.	It's the simple idea that instead of grading people incrementally in little bits and pieces, you give them one profile character avatar which is constantly progressing in tiny, tiny, tiny little increments which they feel are their own.				
FALSE					
					
Costa 10 <L1>cent</L1> per pagina, è il sistema più cerebroleso che si sia mai visto.	It's ten cents a page, it's this most braindead code you've ever seen.				
Costa 10 <N1></N1> per pagina, è il sistema più cerebroleso che si sia mai visto.	It's ten cents a page, it's this most braindead code you've ever seen.				
FALSE					
					
Swartz stava conducendo un massiccio <L1>download</L1> parallelo automatizzato del PACER.	Swartz was conducting massive automated parallel downloading of the PACER system.				
Swartz stava conducendo un massiccio <N1>trasferimento di dat</N1> parallelo automatizzato del PACER.	Swartz was conducting massive automated parallel downloading of the PACER system.				
TRUE					
					
Esatto, la <L1>garanzia</L1> dell'immunità.	Right, a proffer letter.	fiducia affidamento assicurazione garanzia			
Esatto, la <N1></N1> dell'immunità.	Right, a proffer letter.				
FALSE					
					
E il governo fece: Oh, e i pareri legali che stiamo usando per <L1>legalizzare</L1> il programma di spionaggio sono anch'essi secretati, quindi non possiamo neppure dirvi a quali norme facciamo riferimento per spiarvi.	And the government said,  Oh, the legal opinions we're using to legalize the spying program are also classified, so we can't even tell you which laws we're using to spy on you.				
E il governo fece: Oh, e i pareri legali che stiamo usando per <N1></N1> il programma di spionaggio sono anch'essi secretati, quindi non possiamo neppure dirvi a quali norme facciamo riferimento per spiarvi.	And the government said,  Oh, the legal opinions we're using to legalize the spying program are also classified, so we can't even tell you which laws we're using to spy on you.				
FALSE					
					
Hai sentito che sto facendo lo <L1>spot</L1> sulla bevanda sportiva che stavi facendo tu, vero?	You heard that I am doing the sports drink commercial which you had been doing, right?				
Hai sentito che sto facendo la <N1>pubblicità</N1> sulla bevanda sportiva che stavi facendo tu, vero?	You heard that I am doing the sports drink commercial which you had been doing, right?				
TRUE					
					
Ora tutti i numeri sono espressi come frazioni aventi il medesimo denominatore Possiamo <L1>addizionare</L1> i numeratori	So now we have the same denominator, and we can now add our numerators.	sommare addizionare assommare			
Ora tutti i numeri sono espressi come frazioni aventi il medesimo denominatore Possiamo <N1></N1> i numeratori	So now we have the same denominator, and we can now add our numerators.				
FALSE					
					
Mi <L1>azzardo</L1> a dire che in questa stanza ce ne siano molti.	I venture there are many in this room.	azzardo rischio			
Mi <N1></N1> a dire che in questa stanza ce ne siano molti.	I venture there are many in this room.				
FALSE					
					
Questo che si ferma ad un <L1>pomelo</L1> e dire Wow, che... È. È vi chiama.	You go to the market and in the very fact that you stop at a pomelo and say Wow, what a fruit, it's actually the fruit calling you.				
Questo che si ferma ad un <N1></N1> e dire Wow, che... È. È vi chiama.	You go to the market and in the very fact that you stop at a pomelo and say Wow, what a fruit, it's actually the fruit calling you.				
FALSE					
					
Sai che dice nel Gemara nel <L1>massaggio</L1> Tractate Shabbat a pagina A	You know it says in the Gemara in Tractate Shabbat massage on Page A				
Sai che dice nel Gemara nel <N1></N1> Tractate Shabbat a pagina A	You know it says in the Gemara in Tractate Shabbat massage on Page A				
FALSE					
					
Non sono semplicemente cavi, ma sono le cellule che costituiscono i sensori, rilevatori del mondo esterno e interno, i trasduttori che convertono le informazioni in impulsi elettrici, i cavi che trasmettono questi impulsi, i <L1>transistor</L1> che trasportano le informazioni e alzano o abbassano il volume; e, infine, gli attivatori che recepiscono le informazioni e fanno in modo che queste abbiano un effetto sugli altri organi.	They are not just the wires, but the cells that are the sensors, detectors of the external and internal world, the transducers that convert information to electrical impulses, the wires that transmit these impulses, the transistors that gate the information and turn up or down the volume- and finally, the activators that take that information and cause it to have an effect on other organs.				
Non sono semplicemente cavi, ma sono le cellule che costituiscono i sensori, rilevatori del mondo esterno e interno, i trasduttori che convertono le informazioni in impulsi elettrici, i cavi che trasmettono questi impulsi, i <N1></N1> che trasportano le informazioni e alzano o abbassano il volume; e, infine, gli attivatori che recepiscono le informazioni e fanno in modo che queste abbiano un effetto sugli altri organi.	They are not just the wires, but the cells that are the sensors, detectors of the external and internal world, the transducers that convert information to electrical impulses, the wires that transmit these impulses, the transistors that gate the information and turn up or down the volume- and finally, the activators that take that information and cause it to have an effect on other organs.				
FALSE					
					
Il nostro <L1>trading agent</L1> può rilevare diverse cose, come le azioni o i titoli o le <L2>commodities</L2>.	And our trading agent can sense the course of certain things, like the stock or bonds or commodities.				
Il nostro <N1>agente di commercio</N1> può rilevare diverse cose, come le azioni o i titoli o le <N2>merci</N2>.	And our trading agent can sense the course of certain things, like the stock or bonds or commodities.				
TRUE					
					
Dovete sapere esattamente cosa vedrà il vostro <L1>audience</L1> nello spot pubblicitario.	You have to know what your audience is going to see in the advertisement.				
Dovete sapere esattamente cosa vedrà il vostro <N1>pubblico</N1> nello spot pubblicitario.	You have to know what your audience is going to see in the advertisement.				
TRUE					
					
Inizierò da un aneddoto, o per chi tra voi è <L2>fan</L2> dei Monty Python, da uno <L1>sketch</L1> alla Monty Python.	I'll start with an anecdote, or for those of you who are Monty Python lovers, a Monty Python type of sketch.				
Inizierò da un aneddoto, o per chi tra voi è <N2>appassionato</N2> dei Monty Python, da una <N1>scenetta</N1> alla Monty Python.	I'll start with an anecdote, or for those of you who are Monty Python lovers, a Monty Python type of sketch.				
TRUE					
					
la protezione dei musulmani da parte dei cristiani, che erano lì a pregare, il matrimonio <L1>copto</L1> applaudito da migliaia di musulmani. Il mondo ha così cambiato l'immagine, ma qualcuno ci pensava già da prima.	Christians protecting Muslims where they are praying, a Coptic wedding cheered by thousands of Muslims, the world has just changed the picture, but somebody was thinking about this previously.				
la protezione dei musulmani da parte dei cristiani, che erano lì a pregare, il matrimonio <N1></N1> applaudito da migliaia di musulmani. Il mondo ha così cambiato l'immagine, ma qualcuno ci pensava già da prima.	Christians protecting Muslims where they are praying, a Coptic wedding cheered by thousands of Muslims, the world has just changed the picture, but somebody was thinking about this previously.				
FALSE					
					
Ecco cosa faremo essenzialmente nella <L1>playlist</L1> sulla geometria: - capire come possiamo dimostrare qualcosa in maniera rigorosa ;	And so, what we're going to be doing in the geometry playlist is essentially that. What we're going to study---we're going to think about how do we  rigorously  prove things?				
Ecco cosa faremo essenzialmente nella <N1>scaletta</N1> sulla geometria: - capire come possiamo dimostrare qualcosa in maniera rigorosa ;	And so, what we're going to be doing in the geometry playlist is essentially that. What we're going to study---we're going to think about how do we  rigorously  prove things?				
TRUE					
					
Alright, so three days ago, you spent the <L1>night</L1> at the Grand Hotel.	So, three days ago you spent the night at the Grand Hotel.				
Alright, so three days ago, you spent the <N1></N1> at the Grand Hotel.	So, three days ago you spent the night at the Grand Hotel.				
FALSE					
					
Secondo: in questa vallata, molto tempo fa, uno <L1>sciamano</L1> aveva davvero spaventato le persone ma in seguito si è convertito al buddismo come gli abitanti della vallata.	Number two: in this valley, a long time ago, a wicked shaman had really terrorised the people, but later, converted to Buddhism as did the inhabitants of this valley.				
Secondo: in questa vallata, molto tempo fa, uno <N1></N1> aveva davvero spaventato le persone ma in seguito si è convertito al buddismo come gli abitanti della vallata.	Number two: in this valley, a long time ago, a wicked shaman had really terrorised the people, but later, converted to Buddhism as did the inhabitants of this valley.				
FALSE					
					
Cresce fino allo stadio adulto come questo e poi attraversa una fase alla Benjamin Button, e in effetti torna indietro e indietro finché diventa di nuovo un embrione, e poi cresce di nuovo, e avanti e indietro -- una specie di <L1>yo-yo</L1> -- e non muore mai.	It grows up into the adult stage like that and then goes through a Benjamin Button phase, and actually goes backwards and backwards until it's like a little embryo again, and then actually grows back up, and back down and back up -- sort of yo-yo -- and it never dies.				
Cresce fino allo stadio adulto come questo e poi attraversa una fase alla Benjamin Button, e in effetti torna indietro e indietro finché diventa di nuovo un embrione, e poi cresce di nuovo, e avanti e indietro -- una specie di <N1></N1> -- e non muore mai.	It grows up into the adult stage like that and then goes through a Benjamin Button phase, and actually goes backwards and backwards until it's like a little embryo again, and then actually grows back up, and back down and back up -- sort of yo-yo -- and it never dies.				
FALSE					
					
Che sappiate come muoverla su e giù e che capiate il concetto di nota di base. Inoltre, spero abbiate suonato anche qualche <L1>riff</L1> qui e là.	You can move it up and down, you understand the idea of the root note and maybe you've played a few riffs as well.				
Che sappiate come muoverla su e giù e che capiate il concetto di nota di base. Inoltre, spero abbiate suonato anche qualche <N1>giro</N1> qui e là.	You can move it up and down, you understand the idea of the root note and maybe you've played a few riffs as well.				
TRUE					
					
Altrimenti non sarete in grado di suonarlo. Quindi, suonate un po' questi accordi <L2>powerchord</L2> sulla quinta corda. Muoveteli su e giù e assicuratevi che il vostro <L1>stretching</L1> sia <L3>OK</L3>.	So have a little play around with these 5th string root power chords, moving them up and down making sure your stretch is good				
Altrimenti non sarete in grado di suonarlo. Quindi, suonate un po' questi accordi <N2>potente</N2> sulla quinta corda. Muoveteli su e giù e assicuratevi che il vostro <N1>riscaldamento</N1> sia <N3>buono</N3>.	So have a little play around with these 5th string root power chords, moving them up and down making sure your stretch is good				
TRUE					
					
74 titoli su 100 sono <L2>sequel</L2> o <L1>remake</L1> di vecchi <L3>film</L3>. Oppure sono adattamenti di fumetti, <L4>video game</L4>, libri o altro materiale.	74 out of 100 are either sequels or remakes of earlier films or adaptations of comic books, videos games, books and so on.				
74 titoli su 100 sono <N2>seguito</N2> o <N1>rifacimento</N1> di vecchie <N3>pellicole</N3>. Oppure sono adattamenti di fumetti, <N4>videogiochi</N4>, libri o altro materiale.	74 out of 100 are either sequels or remakes of earlier films or adaptations of comic books, videos games, books and so on.				
TRUE					
					
Abbiamo un film musicale basato su un <L1>musical</L1> che a sua volta era basato su un film.	We've got a movie musical based on a musical, which was based on a movie.				
Abbiamo un film musicale basato su un <N1></N1> che a sua volta era basato su un film.	We've got a movie musical based on a musical, which was based on a movie.				
FALSE					
					
La benda sull'occhio di Daryl Hannah è una citazione di They Call Her One Eye di Vibenius. Il motivo che fischietta è ripreso da I nervi a pezzi, un <L1>thriller</L1> del 1968.	Darryl Hannah's eye patch is a not to the lead characher in The Call Her One Eye and the tune she is whistling is taken from the 1968 thriller Twisted Nerve				
La benda sull'occhio di Daryl Hannah è una citazione di They Call Her One Eye di Vibenius. Il motivo che fischietta è ripreso da I nervi a pezzi, un <N1></N1> del 1968.	Darryl Hannah's eye patch is a not to the lead characher in The Call Her One Eye and the tune she is whistling is taken from the 1968 thriller Twisted Nerve				
FALSE					
					
Avete presente i magneti, quelli con <L1>polo</L1> Nord e polo Sud?	You know, the magnets with the north and the south poles?	polo centro			
Avete presente i magneti, quelli con <N1></N1> Nord e polo Sud?	You know, the magnets with the north and the south poles?				
FALSE					
					
Questo e' un <L1>calco</L1> del cranio che fu trovato qui e che e' stato datato a 195.000 anni fa.	This is a cast of the skull that Was found here and Which Was dated to 195,000 years ago.				
Questo e' un <N1></N1> del cranio che fu trovato qui e che e' stato datato a 195.000 anni fa.	This is a cast of the skull that Was found here and Which Was dated to 195,000 years ago.				
FALSE					
					
La iena è l'antenata del cavallo perchè fa parte di uno spettacolo chiamato Faustus in Africa, una produzione della Handspring del 1995. dove doveva giocare a <L1>dama</L1> con Elena di Troia.	The hyena is the ancestor of the horse because it was part of a production called  Faustus in Africa,  a Handspring Production from 1995, where it had to play draughts with Helen of Troy.				
La iena è l'antenata del cavallo perchè fa parte di uno spettacolo chiamato Faustus in Africa, una produzione della Handspring del 1995. dove doveva giocare a <N1></N1> con Elena di Troia.	The hyena is the ancestor of the horse because it was part of a production called  Faustus in Africa,  a Handspring Production from 1995, where it had to play draughts with Helen of Troy.				
FALSE					
					
Immaginate soltanto la composizione dell'aria che circonda questi posti... è piena di residui di <L1>esplosivo</L1> e carbone.	Just imagine that the air surrounding these places -- it's filled with the residue of explosives and coal.	detonante esplosivo			
Immaginate soltanto la composizione dell'aria che circonda questi posti... è piena di residui di <N1></N1> e carbone.	Just imagine that the air surrounding these places -- it's filled with the residue of explosives and coal.				
FALSE					
					
Potete anche utilizzare il numero di parole singole riconosciute come <L1>metrica</L1> di valutazione, se volete ma diciamo che qualunque metrica valutativa avrete scelto, otterremo che	Now, the nice thing about having done this analysis analysis is we can now understand what is the upside potential for improving each of these components. So we see that if we get perfect text detection. Our performance went up from 72 to 89 percent, so that's' a 17 percent performance gain.				
Potete anche utilizzare il numero di parole singole riconosciute come <N1></N1> di valutazione, se volete ma diciamo che qualunque metrica valutativa avrete scelto, otterremo che	Now, the nice thing about having done this analysis analysis is we can now understand what is the upside potential for improving each of these components. So we see that if we get perfect text detection. Our performance went up from 72 to 89 percent, so that's' a 17 percent performance gain.				
FALSE					
					
Un <L1>pinguino</L1> crestato che ha deposto due uova gli darà una buona occhiata e caccerà via dal nido il più piccolo.	A crested penguin that has laid two eggs will take a good look at them and boot the smaller one out of the nest.				
Un <N1></N1> crestato che ha deposto due uova gli darà una buona occhiata e caccerà via dal nido il più piccolo.	A crested penguin that has laid two eggs will take a good look at them and boot the smaller one out of the nest.				
FALSE					
					
Tutto il vapore creato nell'impianto viene inviato alla <L1>turbina</L1> in loco.	The mainframe is off there somewhere, now it's in the cloud, and then eventually to be able to be connected with just about everything that we have now, that's eletronic and a lot of that is happening wirelessly.	turbina turbomotore			
Tutto il vapore creato nell'impianto viene inviato alla <N1></N1> in loco.	The mainframe is off there somewhere, now it's in the cloud, and then eventually to be able to be connected with just about everything that we have now, that's eletronic and a lot of that is happening wirelessly.				
FALSE					
					
Quindi, ecco la storia dell'informatica degli ultimi 50 anni in meno di un minuto. Pronti? E' iniziata con un grande <L1>mainframe</L1> come questo, circondato da un gruppo di stupidi terminali. giusto?	I was just reading an article that was released by the Pentagon and they are working on semi-autonomous killing machines that can not only kill at their discretion, they can actually consume organic matter and turn it into energy.				
Quindi, ecco la storia dell'informatica degli ultimi 50 anni in meno di un minuto. Pronti? E' iniziata con un grande <N1>sistema centrale</N1> come questo, circondato da un gruppo di stupidi terminali. giusto?	I was just reading an article that was released by the Pentagon and they are working on semi-autonomous killing machines that can not only kill at their discretion, they can actually consume organic matter and turn it into energy.				
TRUE					
					
lasciando solo del <L1>compost</L1> pulito.	leaving clean compost.				
lasciando solo del <N1>compostaggio</N1> pulito.	leaving clean compost.				
TRUE					
					
Inoltre sappiamo che un paio è 2, una dozzina del fornaio è 13, un ingrosso è 144 e una <L1>risma</L1> di carta è... qualcuno lo sa?!	We also know that a pair is two, a baker's dozen is 13, a gross is 144, and a ream of paper is - anybody?				
Inoltre sappiamo che un paio è 2, una dozzina del fornaio è 13, un ingrosso è 144 e una <N1></N1> di carta è... qualcuno lo sa?!	We also know that a pair is two, a baker's dozen is 13, a gross is 144, and a ream of paper is - anybody?				
FALSE					
					
Sefora figlia Theos - Leah - sano e salvo e la sua controllata-year-old pairing <L1>container</L1> decente e del buon vivere	Zipporah daughter Theos - Leah - safe and sound and its wholly-year-old container decent pairing and good living				
Sefora figlia Theos - Leah - sano e salvo e la sua controllata-year-old pairing <N1></N1> decente e del buon vivere	Zipporah daughter Theos - Leah - safe and sound and its wholly-year-old container decent pairing and good living				
FALSE					
					
Come Cenerentola, a mezzanotte, ancora una volta trasformarsi in una zucca <L1>arancia</L1> rossa e arrabbiata e ricominciare domani mattina, lo sforzo di re-	Like Cinderella, at midnight again turn into a pumpkin orange red and angry and begin again tomorrow morning, the effort re-	arancia arancio			
Come Cenerentola, a mezzanotte, ancora una volta trasformarsi in una zucca <N1></N1> rossa e arrabbiata e ricominciare domani mattina, lo sforzo di re-	Like Cinderella, at midnight again turn into a pumpkin orange red and angry and begin again tomorrow morning, the effort re-				
FALSE					
					
Quello che viene proposto è un incremento di produzione di circa 4 volte e ciò creerebbe una zona industriale <L1>paria</L1> alla superficie della Florida.	What they're proposing is an almost four-times increase in production, and that would industrialize an area the size of Florida.				
Quello che viene proposto è un incremento di produzione di circa 4 volte e ciò creerebbe una zona industriale <N1></N1> alla superficie della Florida.	What they're proposing is an almost four-times increase in production, and that would industrialize an area the size of Florida.				
FALSE					
					
Se provieni da Reason, sarai felice di sapere che puoi ancora creare sofisticate <L1>combo</L1> di effetti in Live.	If you're coming from Reason, you'll be glad to know that you can still make sophisticated effect combos in Live.				
Se provieni da Reason, sarai felice di sapere che puoi ancora creare sofisticate <N1>combinazioni</N1> di effetti in Live.	If you're coming from Reason, you'll be glad to know that you can still make sophisticated effect combos in Live.				
TRUE					
					
Selezionare con il mouse e <L1>editare</L1> con CTRL+E creerà due tagli.	Drag-selecting and editing will make two slices.				
Selezionare con il mouse e <N1>modificare</N1> con CTRL+E creerà due tagli.	Drag-selecting and editing will make two slices.				
TRUE					
					
Con i giusti settaggi, può realizzare <L1>texture</L1> molto interessanti.	With the right settings, it can make dense textures.				
Con i giusti settaggi, può realizzare <N1></N1> molto interessanti.	With the right settings, it can make dense textures.				
FALSE					
					
Eri a conoscenza del fatto che puoi creare effetti <L1>scratch</L1> ritardato con il Simple Delay?	Did you know you can make retarded scratching sounds with Simple Delay?				
Eri a conoscenza del fatto che puoi creare effetti <N1>graffiati</N1> ritardato con il Simple Delay?	Did you know you can make retarded scratching sounds with Simple Delay?				
TRUE					
					
Rebbetzin Neustadt raccomandata e divertimento un farmaco orale che la regina è ora in terapia intensiva dire <L1>amen</L1>	Rebbetzin Neustadt recommended and fun a queen oral medicine that is now in intensive care Say Amen				
Rebbetzin Neustadt raccomandata e divertimento un farmaco orale che la regina è ora in terapia intensiva dire <N1></N1>	Rebbetzin Neustadt recommended and fun a queen oral medicine that is now in intensive care Say Amen				
FALSE					
					
leggo perché il Midrash Hmbci e dice me che Naomi ha detto Ruth quella cosa molto strana per natura venire ragazza viveva, povero, raccogliendo l'orzo a Boaz vecchia e giudice in Israele non <L1>deportare</L1> e da morire e la maledizione	I'll read why the Midrash Hmbci and says  me  that Naomi told Ruth that very strange thing by nature come girl lived, poor, gathering barley to Boaz old and judge in Israel non deport and to die for and the curse				
leggo perché il Midrash Hmbci e dice me che Naomi ha detto Ruth quella cosa molto strana per natura venire ragazza viveva, povero, raccogliendo l'orzo a Boaz vecchia e giudice in Israele non <N1></N1> e da morire e la maledizione	I'll read why the Midrash Hmbci and says  me  that Naomi told Ruth that very strange thing by nature come girl lived, poor, gathering barley to Boaz old and judge in Israel non deport and to die for and the curse				
FALSE					
					
Che questa festa ricevuto la Torah e di fronte alla <L1>reception</L1> chiamano rabbia	That this feast receiving the Torah and opposite of the reception call it anger				
Che questa festa ricevuto la Torah e di fronte all'<N1>accoglienza</N1> chiamano rabbia	That this feast receiving the Torah and opposite of the reception call it anger				
TRUE					
					
Queste sono tutte decisioni politiche, ma è un peccato aver sprecato una tale quantità di soldi in costosi <L1>brindisi</L1> nella City.	These are all political decisions but that was a hell of a lot of money to blow on some expensive champagne in the City.				
Queste sono tutte decisioni politiche, ma è un peccato aver sprecato una tale quantità di soldi in costosi <N1></N1> nella City.	These are all political decisions but that was a hell of a lot of money to blow on some expensive champagne in the City.				
FALSE					
					
Harlem Shake (video) (harlem <L1>shake</L1> playing) (sospiri)	Huh...				
Harlem Shake (video) (harlem <N1></N1> playing) (sospiri)	Huh...				
FALSE					
					
Immaginate mio nonno che associ il nome di lei all'espressione minestra <L1>julienne</L1> e che perciò colleghi il suo volto e il suo nome all'oggetto ciotola di minestra.	Imagine my grandfather associating her name with the word 'julienne soup' and therefore links her face and her name to the object of a soup bowl.				
Immaginate mio nonno che associ il nome di lei all'espressione minestra <N1></N1> e che perciò colleghi il suo volto e il suo nome all'oggetto ciotola di minestra.	Imagine my grandfather associating her name with the word 'julienne soup' and therefore links her face and her name to the object of a soup bowl.				
FALSE					
					
Ecco perché sono uscito e ho comprato un <L1>best-seller</L1> sugli affari.	And that's why I went out and I picked up a best-selling business book.				
Ecco perché sono uscito e ho comprato un <N1>libro più venduto</N1> sugli affari.	And that's why I went out and I picked up a best-selling business book.				
FALSE					
					
Bene, immaginiamo che il <L1>pompelmo</L1> sia fatto di soli atomi di Azoto, cosa che non è vera, ma nel pompelmo ci sono degli atomi di azoto.	Well, let's assume that the grapefruit is made up of only nitrogen atoms, which isn't at all true, but there are nitrogen atoms in a grapefruit.				
Bene, immaginiamo che il <N1></N1> sia fatto di soli atomi di Azoto, cosa che non è vera, ma nel pompelmo ci sono degli atomi di azoto.	Well, let's assume that the grapefruit is made up of only nitrogen atoms, which isn't at all true, but there are nitrogen atoms in a grapefruit.				
FALSE					
					
Sarebbe grande come una <L1>biglia</L1> di vetro.	And it would be the size of a small marble.	biglia bilia			
Sarebbe grande come una <N1></N1> di vetro.	And it would be the size of a small marble.				
FALSE					
					
Anche se l'attività ha un quantum di intrinseca interessi (come sempre molti posti di lavoro non) la <L1>monotonia</L1> della sua applicabilità esclusività drena il suo potenziale ludico.	Even if the task has a quantum of intrinsic interest (as increasingly many jobs don't) the monotony of its obligatory exclusivity drains its ludic potential.				
Anche se l'attività ha un quantum di intrinseca interessi (come sempre molti posti di lavoro non) la <N1></N1> della sua applicabilità esclusività drena il suo potenziale ludico.	Even if the task has a quantum of intrinsic interest (as increasingly many jobs don't) the monotony of its obligatory exclusivity drains its ludic potential.				
FALSE					
					
Scopri nuovo <L1>podcast</L1> di Aaron 'PonderTalkRadio' a: www.pondertalkradio.com www.aaronmoritz.net www.theinfinityes.com facebook.com/theinfinityes twitter: @aaron_moritz	Check out Aaron's new podcast 'PonderTalkRadio' at: www.pondertalkradio.com www.aaronmoritz.net www.theinfinityes.com facebook.com/theinfinityes twitter: @aaron_moritz				
Scopri nuovo <N1></N1> di Aaron 'PonderTalkRadio' a: www.pondertalkradio.com www.aaronmoritz.net www.theinfinityes.com facebook.com/theinfinityes twitter: @aaron_moritz	Check out Aaron's new podcast 'PonderTalkRadio' at: www.pondertalkradio.com www.aaronmoritz.net www.theinfinityes.com facebook.com/theinfinityes twitter: @aaron_moritz				
FALSE					
					
Dobbiamo <L1>tranciare</L1> le briglie immediatamente e far volare lo stadio di discesa fino a una distanza di sicurezza rispetto al rover.'	We must cut the bridal immediately and fly the descent stage to a safe distance from the rover.'				
Dobbiamo <N1></N1> le briglie immediatamente e far volare lo stadio di discesa fino a una distanza di sicurezza rispetto al rover.'	We must cut the bridal immediately and fly the descent stage to a safe distance from the rover.'				
FALSE					
					
Facevamo il bagno nel fiume Koundinya versavamo un recipiente pieno d'acqua sul <L1>lingam</L1> del vicino tempio Kalayar, offrivamo del cibo e poi lo mangiavamo.	Facevamo il bagno nel fiume Kaundinya versavamo un recipiente pieno d'acqua sul lingam del vicino tempio Kalayar, offrivamo del cibo e poi lo mangiavamo.				
Facevamo il bagno nel fiume Koundinya versavamo un recipiente pieno d'acqua sul <N1></N1> del vicino tempio Kalayar, offrivamo del cibo e poi lo mangiavamo.	Facevamo il bagno nel fiume Kaundinya versavamo un recipiente pieno d'acqua sul lingam del vicino tempio Kalayar, offrivamo del cibo e poi lo mangiavamo.				
FALSE					
					
Rimase quasi sempre assorbito in una <L1>trance</L1> beatifica, durante la quale era privo di coscienza.	Rimase quasi sempre assorbito in una trance beatifica, durante la quale era privo di coscienza.				
Rimase quasi sempre assorbito in una <N1>estasi</N1> beatifica, durante la quale era privo di coscienza.	Rimase quasi sempre assorbito in una trance beatifica, durante la quale era privo di coscienza.				
TRUE					
					
Durante i periodi caldi, lo Swami e i suoi discepoli, preferivano stare presso la grotta vicina all'albero di <L1>mango</L1> che oltre ad essere più fresca beneficiava di una sorgente d'acqua perenne.	Durante i periodi caldi, lo Swami e i suoi discepoli preferivano stare presso la grotta vicina all'albero di mango, che oltre ad essere più fresca beneficiava di una sorgente d'acqua perenne.				
Durante i periodi caldi, lo Swami e i suoi discepoli, preferivano stare presso la grotta vicina all'albero di <N1></N1> che oltre ad essere più fresca beneficiava di una sorgente d'acqua perenne.	Durante i periodi caldi, lo Swami e i suoi discepoli preferivano stare presso la grotta vicina all'albero di mango, che oltre ad essere più fresca beneficiava di una sorgente d'acqua perenne.				
FALSE					
					
Da adolescente, viaggiavo con la mia amica che era una pessima guidatrice, ha bruciato un <L1>semaforo</L1> rosso e ovviamente, siamo state beccate, ed è finita solo con uno Spiacente, agente , ed eravamo di nuovo in strada.	When I was a teenager, I was driving with my friend who was an awful driver and she ran a red and of course, we got pulled over, and all it took was a  Sorry, officer,  and we were on our way.				
Da adolescente, viaggiavo con la mia amica che era una pessima guidatrice, ha bruciato un <N1></N1> rosso e ovviamente, siamo state beccate, ed è finita solo con uno Spiacente, agente , ed eravamo di nuovo in strada.	When I was a teenager, I was driving with my friend who was an awful driver and she ran a red and of course, we got pulled over, and all it took was a  Sorry, officer,  and we were on our way.				
FALSE					
					
Le moderne versioni di <L1>comunismo</L1> sono in genere frutto delle idee di Karl Marx e Vladimir Lenin.	The modern versions of Communism are really kind of the brainchild of Karl Marx and Vladimir Lenin.				
Le moderne versioni di <N1></N1> sono in genere frutto delle idee di Karl Marx e Vladimir Lenin.	The modern versions of Communism are really kind of the brainchild of Karl Marx and Vladimir Lenin.				
FALSE					
					
Ho sentito dire che c'é musica di sottofondo nelle <L1>toilette</L1> degli <L2>hotel</L2>.	I've heard that there's music playing in hotel toilets.	toilette gabinetto | toilette lavandino lavabo			
Ho sentito dire che c'é musica di sottofondo nei <N1>bagni</N1> degli <N2>alberghi</N2>.	I've heard that there's music playing in hotel toilets.				
TRUE					
					
I folti capelli neri, in fuga come potrebbe qui sotto e tra le bende croce, proiettato in <L1>frac</L1> curiosi e corna, dandogli l'aspetto più strano concepibile.	The thick black hair, escaping as it could below and between the cross bandages, projected in curious tails and horns, giving him the strangest appearance conceivable.				
I folti capelli neri, in fuga come potrebbe qui sotto e tra le bende croce, proiettato in <N1>marsine</N1> curiose e corna, dandogli l'aspetto più strano concepibile.	The thick black hair, escaping as it could below and between the cross bandages, projected in curious tails and horns, giving him the strangest appearance conceivable.				
TRUE					
					
Quando la signora Sala andato a ripulire il pranzo dello straniero, la sua idea che la sua bocca deve anche essere stato tagliato o sfigurati nell'incidente pensò lui avere sofferto, è stato confermato, per fumava un tubo, e per tutto il tempo che era nella stanza non ha mai allentato la <L1>sciarpa</L1> di seta aveva avvolto la parte inferiore del viso per mettere il bocchino alle labbra.	Bless my soul alive!  she said, going off at a tangent;  ain't you done them taters yet, Millie?  When Mrs. Hall went to clear away the stranger's lunch, her idea that his mouth must also have been cut or disfigured in the accident she supposed him to have suffered, was confirmed, for he was smoking a pipe, and all the time that she was in the room he never loosened the silk muffler he had wrapped round the lower part of his face to put the mouthpiece to his lips.				
Quando la signora Sala andato a ripulire il pranzo dello straniero, la sua idea che la sua bocca deve anche essere stato tagliato o sfigurati nell'incidente pensò lui avere sofferto, è stato confermato, per fumava un tubo, e per tutto il tempo che era nella stanza non ha mai allentato la <N1></N1> di seta aveva avvolto la parte inferiore del viso per mettere il bocchino alle labbra.	Bless my soul alive!  she said, going off at a tangent;  ain't you done them taters yet, Millie?  When Mrs. Hall went to clear away the stranger's lunch, her idea that his mouth must also have been cut or disfigured in the accident she supposed him to have suffered, was confirmed, for he was smoking a pipe, and all the time that she was in the room he never loosened the silk muffler he had wrapped round the lower part of his face to put the mouthpiece to his lips.				
FALSE					
					
Carrello Fearenside, mentre Hall è stato avere una parola o un modo di preparazione <L1>gossip</L1> ad aiutare siano essi in	Fearenside's cart, while Hall was having a word or so of gossip preparatory to helping being them in.				
Carrello Fearenside, mentre Hall è stato avere una parola o un modo di preparazione <N1>pettegolezzo</N1> ad aiutare siano essi in	Fearenside's cart, while Hall was having a word or so of gossip preparatory to helping being them in.				
TRUE					
					
Quando i suoi nervi era stato sorretto da un bicchiere di <L1>sherry</L1> economici - l'unico bere il vicario buona aveva a disposizione - gli disse l'intervista che aveva appena avuto.	When his nerves had been steadied by a glass of cheap sherry--the only drink the good vicar had available--he told him of the interview he had just had.				
Quando i suoi nervi era stato sorretto da un bicchiere di <N1></N1> economici - l'unico bere il vicario buona aveva a disposizione - gli disse l'intervista che aveva appena avuto.	When his nerves had been steadied by a glass of cheap sherry--the only drink the good vicar had available--he told him of the interview he had just had.				
FALSE					
					
Continuato a <L1>sniffare</L1> tutto il tempo, evidentemente da poco preso un freddo infernale.	Kept on sniffing all the time; evidently recently caught an infernal cold.				
Continuato a <N1></N1> tutto il tempo, evidentemente da poco preso un freddo infernale.	Kept on sniffing all the time; evidently recently caught an infernal cold.				
FALSE					
					
CAPITOLO VII il <L1>debutto</L1> delle STRANGER	CHAPTER VII THE UNVElLING OF THE STRANGER	esordio debutto			
CAPITOLO VII il <N1></N1> delle STRANGER	CHAPTER VII THE UNVElLING OF THE STRANGER				
FALSE					
					
Vecchio Fletcher, la cui concezione di vacanza-making sono stati gravi, era visibile attraverso il <L1>gelsomino</L1> della sua finestra o attraverso la porta aperta (in qualunque modo si è scelto di sguardo), in bilico delicatamente su una tavola supportato su due sedie, e imbiancatura soffitto della sua stanza di fronte.	Old Fletcher, whose conceptions of holiday- making were severe, was visible through the jasmine about his window or through the open door (whichever way you chose to look), poised delicately on a plank supported on two chairs, and whitewashing the ceiling of his front room.				
Vecchio Fletcher, la cui concezione di vacanza-making sono stati gravi, era visibile attraverso il <N1></N1> della sua finestra o attraverso la porta aperta (in qualunque modo si è scelto di sguardo), in bilico delicatamente su una tavola supportato su due sedie, e imbiancatura soffitto della sua stanza di fronte.	Old Fletcher, whose conceptions of holiday- making were severe, was visible through the jasmine about his window or through the open door (whichever way you chose to look), poised delicately on a plank supported on two chairs, and whitewashing the ceiling of his front room.				
FALSE					
					
Era stupito di vedere la corsia vuota fatta eccezione per tre uomini <L1>tentacolare</L1> assurdamente su il terreno.	He was astonished to see the lane empty save for three men sprawling absurdly on the ground.				
Era stupito di vedere la corsia vuota fatta eccezione per tre uomini <N1></N1> assurdamente su il terreno.	He was astonished to see the lane empty save for three men sprawling absurdly on the ground.				
FALSE					
					
Sono un buon <L1>jolly</L1> mente -	I'm a jolly good mind--				
Sono un buon <N1></N1> mente -	I'm a jolly good mind--				
FALSE					
					
Disegna i bulloni , dice l'uomo con la barba nera, e se arriva - Ha mostrato un <L1>revolver</L1> in mano.	Draw the bolts,  said the man with the black beard,  and if he comes--  He showed a revolver in his hand.	revolver rivoltella			
Disegna i bulloni , dice l'uomo con la barba nera, e se arriva - Ha mostrato un <N1></N1> in mano.	Draw the bolts,  said the man with the black beard,  and if he comes--  He showed a revolver in his hand.				
FALSE					
					
Non coltelli mente , ha detto il suo visitatore, e una <L1>cotoletta</L1> appesa a mezz'aria, con un suono di rosicchiare.	Never mind knives,  said his visitor, and a cutlet hung in mid-air, with a sound of gnawing.				
Non coltelli mente , ha detto il suo visitatore, e una <N1></N1> appesa a mezz'aria, con un suono di rosicchiare.	Never mind knives,  said his visitor, and a cutlet hung in mid-air, with a sound of gnawing.				
FALSE					
					
Nessuna pausa per mangiare o bere, e la grave <L1>disidratazione</L1> fa sì che urinare sia praticamente impossibile.	There were no breaks for food, no water breaks, and the severe dehydration made urinating pretty much inconsequential.				
Nessuna pausa per mangiare o bere, e la grave <N1></N1> fa sì che urinare sia praticamente impossibile.	There were no breaks for food, no water breaks, and the severe dehydration made urinating pretty much inconsequential.				
FALSE					
					
Semi di senape gialla, <L1>curcuma</L1> e paprika.	Yellow mustard seeds, turmeric, and paprika.				
Semi di senape gialla, <N1></N1> e paprika.	Yellow mustard seeds, turmeric, and paprika.				
FALSE					
					
Vai da Chez Panisse, ti danno il red tail <L1>sashimi</L1> coi semi di zucca tostati a modo loro.	You go to Chez Panisse, they give you the red-tail sashimi with roasted pumpkin seeds in a something something reduction.				
Vai da Chez Panisse, ti danno il red tail <N1></N1> coi semi di zucca tostati a modo loro.	You go to Chez Panisse, they give you the red-tail sashimi with roasted pumpkin seeds in a something something reduction.				
FALSE					
					
Pagano delle <L1>royalty</L1> sulle vendite ai detentori di brevetti, in questo modo vengono remunerati per la condivisione della loro proprietà intellettuale.	They pay royalties over the sales to the patent holders, so they are remunerated for sharing their intellectual property.				
Pagano delle <N1>aliquote</N1> sulle vendite ai detentori di brevetti, in questo modo vengono remunerati per la condivisione della loro proprietà intellettuale.	They pay royalties over the sales to the patent holders, so they are remunerated for sharing their intellectual property.				
TRUE					
					
Il personale di <L1>intelligence</L1> ha scoperto e ci ha detto qualcuno era stato inviato a darci la caccia.	The intelligence personnel discovered and told us someone was being sent to hunt us down.				
Il personale dei <N1>servizi segreti</N1> ha scoperto e ci ha detto qualcuno era stato inviato a darci la caccia.	The intelligence personnel discovered and told us someone was being sent to hunt us down.				
TRUE					
					
Moriremo per <L1>asfissia</L1> da fumo .	We're going to die from the smoke.				
Moriremo per <N1></N1> da fumo .	We're going to die from the smoke.				
FALSE					
					
Questo è un momento teso nel primo <L1>match</L1> di football, penso.	This is a tense moment in the first football game, I think.				
Questo è un momento teso nella prima <N1>partita</N1> di football, penso.	This is a tense moment in the first football game, I think.				
TRUE					
					
No, ma si <L1>babysitter</L1> true, Sono una persona spaventata anche e come i cambiamenti di spaventarmi terribilmente	No, but you do babysitting true, i'm a frightened person also and how changes to frighten me terribly				
No, ma si <N1></N1> true, Sono una persona spaventata anche e come i cambiamenti di spaventarmi terribilmente	No, but you do babysitting true, i'm a frightened person also and how changes to frighten me terribly				
FALSE					
					
Come out <L1>broker</L1> matrimonio come casa pulita, il perdono richiede toelettatura regolare e pneumatici = = perché volevo che tu che erano divertenti	As out marriage brokers like Clean House, forgiveness requires regular grooming and tires why he wanted you that you were funny				
Come out <N1></N1> matrimonio come casa pulita, il perdono richiede toelettatura regolare e pneumatici = = perché volevo che tu che erano divertenti	As out marriage brokers like Clean House, forgiveness requires regular grooming and tires why he wanted you that you were funny				
FALSE					
					
Ne abbiamo bisogno come lui è pigro e ha fatto nulla di utile niente nella sua vita , bevuto arak e suonato <L1>backgammon</L1> E si guardò se stesso come un artista art time	We need it how he's lazy and did nothing nothing useful in his life, drank arak and played backgammon and looked himself as an artist art time				
Ne abbiamo bisogno come lui è pigro e ha fatto nulla di utile niente nella sua vita , bevuto arak e suonato <N1></N1> E si guardò se stesso come un artista art time	We need it how he's lazy and did nothing nothing useful in his life, drank arak and played backgammon and looked himself as an artist art time				
FALSE					
					
La pistola a proiettile captivo pensata per ridurre gli animali all'incoscienza senza causare loro dolore spara un <L1>bullone</L1> d'acciaio alimentato da aria compressa o da una cartuccia a salve direttamente nel cervello dell'animale.	CAPTlVE BOLTS The captive bolt gun, which was designed to reduce animals unconscious without causing pain, fires a steel bolt, that is powered by compressed air or a blank cartridge, right into the animal's brain. BLEEDlNG				
La pistola a proiettile captivo pensata per ridurre gli animali all'incoscienza senza causare loro dolore spara un <N1></N1> d'acciaio alimentato da aria compressa o da una cartuccia a salve direttamente nel cervello dell'animale.	CAPTlVE BOLTS The captive bolt gun, which was designed to reduce animals unconscious without causing pain, fires a steel bolt, that is powered by compressed air or a blank cartridge, right into the animal's brain. BLEEDlNG				
FALSE					
					
Obbligati a <L1>marciare</L1> sotto il caldo e nella polvere senza cibo né acqua e fortemente stressati per questa terrificante esperienza numerosi animali collassano e non sono più in grado di proseguire.	(TRANSPORTATlON AND FATlGUE) Forced to walk through the heat and dust without food or water, coupled with the sheer stress of this terrifying experience for them, many of the animals collapse and are unable to continue.				
Obbligati a <N1></N1> sotto il caldo e nella polvere senza cibo né acqua e fortemente stressati per questa terrificante esperienza numerosi animali collassano e non sono più in grado di proseguire.	(TRANSPORTATlON AND FATlGUE) Forced to walk through the heat and dust without food or water, coupled with the sheer stress of this terrifying experience for them, many of the animals collapse and are unable to continue.				
FALSE					
					
Una volta estratto dalla sua gabbia con una robusta <L1>pinza</L1> da collo l'animale viene fatto passare tra file di corpi senza vita di volpi zibellini, procioni e lupi, tra i tanti.	Removed from his or her cage with a heavy neck-pole, the animal is walked past the rows of bodies of slaughtered foxes, sables, raccoons and wolves, among others.				
Una volta estratto dalla sua gabbia con una robusta <N1></N1> da collo l'animale viene fatto passare tra file di corpi senza vita di volpi zibellini, procioni e lupi, tra i tanti.	Removed from his or her cage with a heavy neck-pole, the animal is walked past the rows of bodies of slaughtered foxes, sables, raccoons and wolves, among others.				
FALSE					
					
Ed effettivamente si può ottenere il massimo rendimento nutrizionale facendo <L1>colare</L1> una specie di terriccio liquido di alta qualità sull'apparato radicale delle piante.	And that you can actually get optimal nutritional yield by running a kind of high-quality liquid soil over plants' root systems.				
Ed effettivamente si può ottenere il massimo rendimento nutrizionale facendo <N1></N1> una specie di terriccio liquido di alta qualità sull'apparato radicale delle piante.	And that you can actually get optimal nutritional yield by running a kind of high-quality liquid soil over plants' root systems.				
FALSE					
					
Quasi 7000 persone hanno contribuito a rendere il mio progetto Tropi vs donne nei <L1>videogame</L1> più grande, vasto e migliore di quanto avrei mai potuto immaginare.	Nearly seven thousands individuals contributed to make my Tropes vs. Women in video games project bigger and better and more expansive than I could ever had imagined.				
Quasi 7000 persone hanno contribuito a rendere il mio progetto Tropi vs donne nei <N1>videogiochi</N1> più grande, vasto e migliore di quanto avrei mai potuto immaginare.	Nearly seven thousands individuals contributed to make my Tropes vs. Women in video games project bigger and better and more expansive than I could ever had imagined.				
TRUE					
					
Quella sera stavo per sperimentare il Guinness World Record di stravaganza della danza e dell'acrobatica nord coreana e il momento <L1>clou</L1> chiave per la maggior parte dei visitatori - i Giochi Arirang.	That evening I was to experience the Guinness World Record winning North Korean dance &amp; acrobatics extravaganza and the key highlight for most visitors - the Arirang Games.	bello clou			
Quella sera stavo per sperimentare il Guinness World Record di stravaganza della danza e dell'acrobatica nord coreana e il momento <N1>culmine</N1> chiave per la maggior parte dei visitatori - i Giochi Arirang.	That evening I was to experience the Guinness World Record winning North Korean dance &amp; acrobatics extravaganza and the key highlight for most visitors - the Arirang Games.				
TRUE					
					
Dopo aver pranzato alla cascata Ulim, sono tornato sul pullman e ho trovato un altro <L1>turista</L1> che spiegava il concetto di 'YouTube' a Jim e Selma.	After lunch at the nearby Ulim waterfall, I got back on the bus and found another tourist explaining the concept of 'YouTube' to Jim and Selma.				
Dopo aver pranzato alla cascata Ulim, sono tornato sul pullman e ho trovato un altro <N1></N1> che spiegava il concetto di 'YouTube' a Jim e Selma.	After lunch at the nearby Ulim waterfall, I got back on the bus and found another tourist explaining the concept of 'YouTube' to Jim and Selma.				
FALSE					
					
Il Mar dei Sargassi, per esempio, non è un mare definito dalla costa, ma dalle correnti oceaniche che contengono e racchiudono questa ricchezza dell'alga del <L1>sargasso</L1> che cresce e si aggrega qui.	The Sargasso Sea, for example, is not a sea bounded by coastlines, but it is bounded by oceanic currents that contain and envelope this wealth of sargassum that grows and aggregates there.				
Il Mar dei Sargassi, per esempio, non è un mare definito dalla costa, ma dalle correnti oceaniche che contengono e racchiudono questa ricchezza dell'alga del <N1></N1> che cresce e si aggrega qui.	The Sargasso Sea, for example, is not a sea bounded by coastlines, but it is bounded by oceanic currents that contain and envelope this wealth of sargassum that grows and aggregates there.				
FALSE					
					
Perché noi abbiamo formato degli ioni quando abbiamo donato l'elettrone dal sodio al cloro abbiamo formato uno <L1>ione</L1> positivo (catione) del sodio e questo è diventato un anione perché è negativo e poi si sono attaccati insieme formando un legame ionico	Because we formed ions. When we donated the electron from sodium to chlorine, we formed an ion. The sodium, this became a cation, because it's positive.				
Perché noi abbiamo formato degli ioni quando abbiamo donato l'elettrone dal sodio al cloro abbiamo formato uno <N1></N1> positivo (catione) del sodio e questo è diventato un anione perché è negativo e poi si sono attaccati insieme formando un legame ionico	Because we formed ions. When we donated the electron from sodium to chlorine, we formed an ion. The sodium, this became a cation, because it's positive.				
FALSE					
					
Per noi, conoscere il <L1>folclore</L1> è una grande parte della nostra eredità. È questa la ricchezza a disposizione di coloro che aprono la porta di appartenenza al popolo lettone liberamente, senza dover fare una scelta forzata.	- since that is a good part of our heritage - those are the riches that are available to those who open that door of belonging to the Latvian nation quite freely and without having to make that forced choice.	folclore demologia			
Per noi, conoscere il <N1></N1> è una grande parte della nostra eredità. È questa la ricchezza a disposizione di coloro che aprono la porta di appartenenza al popolo lettone liberamente, senza dover fare una scelta forzata.	- since that is a good part of our heritage - those are the riches that are available to those who open that door of belonging to the Latvian nation quite freely and without having to make that forced choice.				
FALSE					
					
Ma forse la cosa più eccitante a riguardo è che il <L1>driver</L1> di questa tecnologia è disponibile ovunque.	But perhaps the most exciting thing about it is that the driver of this technology is available everywhere.				
Ma forse la cosa più eccitante a riguardo è che il <N1>programma</N1> di questa tecnologia è disponibile ovunque.	But perhaps the most exciting thing about it is that the driver of this technology is available everywhere.				
TRUE					
					
Questo è il <L1>bloccaggio</L1> e l'intervento, per accertarci che sappiano come muoversi attraverso un sistema di equazioni, e lascia tempo per le simulazioni, per i giochi, per le meccaniche, per la costruzione dei robot, per stimare quanto sia alta quella collina basandosi sulla sua ombra.	This is the blocking and tackling, making sure you know how to move through a system of equations, and it frees up time for the simulations, for the games, for the mechanics, for the robot building, for the estimating how high that hill is based on its shadow.				
Questo è il <N1></N1> e l'intervento, per accertarci che sappiano come muoversi attraverso un sistema di equazioni, e lascia tempo per le simulazioni, per i giochi, per le meccaniche, per la costruzione dei robot, per stimare quanto sia alta quella collina basandosi sulla sua ombra.	This is the blocking and tackling, making sure you know how to move through a system of equations, and it frees up time for the simulations, for the games, for the mechanics, for the robot building, for the estimating how high that hill is based on its shadow.				
FALSE					
					
Questi pannelli che hanno gli insegnanti, potete andare a registrarvi proprio adesso e potete diventare essenzialmente un <L1>coach</L1> per i vostri figli, o nipoti, o cugini, o forse qualche bambino al Boys and Girls Club.	Those dashboards the teachers have, you can go log in right now and you can essentially become a coach for your kids, or nephews, or cousins, or maybe some kids at the Boys and Girls Club.				
Questi pannelli che hanno gli insegnanti, potete andare a registrarvi proprio adesso e potete diventare essenzialmente un <N1>allenatore</N1> per i vostri figli, o nipoti, o cugini, o forse qualche bambino al Boys and Girls Club.	Those dashboards the teachers have, you can go log in right now and you can essentially become a coach for your kids, or nephews, or cousins, or maybe some kids at the Boys and Girls Club.				
TRUE					
					
Abbiamo questa possibilità di <L1>resettare</L1> tutto, invece di dover credere a tutte le cose a cui ci hanno detto di credere.	We have this chance to reset everything, instead of having to believe all the things we've been told to believe.				
Abbiamo questa possibilità di <N1>azzerare</N1> tutto, invece di dover credere a tutte le cose a cui ci hanno detto di credere.	We have this chance to reset everything, instead of having to believe all the things we've been told to believe.				
TRUE					
					
Ebbene se lui è così <L1>cretino</L1> dovete scrivergli.	Well if he's so dumb you have to write him.				
Ebbene se lui è così <N1></N1> dovete scrivergli.	Well if he's so dumb you have to write him.				
FALSE					
					
Z dovrebbe avere una massa di circa 91 GeV e il <L1>protone</L1> ha una massa di 0,9 GeV.	The Z should have a mass of about 91 GeV and the proton has a mass of 0.9 GeV.				
Z dovrebbe avere una massa di circa 91 GeV e il <N1></N1> ha una massa di 0,9 GeV.	The Z should have a mass of about 91 GeV and the proton has a mass of 0.9 GeV.				
FALSE					
					
Voi certo non avete mai visto prima questo tipo di diagrammi, ma se vi mostrassi le masse coinvolte, è un po' come far scontrare 2 palline da ping-pong ed ottenere dallo scontro 2 palle da <L1>bowling</L1> perché questa è in proporzione la massa dei top quark.	Now, you've not seen these kind of diagrams before, but if I showed you the masses involved, it's kinda like throwing 2 ping-pong balls at each other, and having 2 bowling balls come out, as the top quarks are so much more massive.				
Voi certo non avete mai visto prima questo tipo di diagrammi, ma se vi mostrassi le masse coinvolte, è un po' come far scontrare 2 palline da ping-pong ed ottenere dallo scontro 2 palle da <N1></N1> perché questa è in proporzione la massa dei top quark.	Now, you've not seen these kind of diagrams before, but if I showed you the masses involved, it's kinda like throwing 2 ping-pong balls at each other, and having 2 bowling balls come out, as the top quarks are so much more massive.				
FALSE					
					
Finisco con questo, che è il <L1>leitmotiv</L1> nel mio progetto imprenditoriale e anche nella mia vita.	I will conclude with this, with what is my motto in my entrepreneurial project, and also in my life.	leitmotiv motivo tema			
Finisco con questo, che è il <N1>motivo guida</N1> nel mio progetto imprenditoriale e anche nella mia vita.	I will conclude with this, with what is my motto in my entrepreneurial project, and also in my life.				
TRUE					
					
Tutto cominciò con l'atterraggio di un <L1>ufo</L1> di un'altra galassia.	It began with the landing of a craft from another galaxy.	disco volante ufo			
Tutto cominciò con l'atterraggio di un <N1>disco volante</N1> di un'altra galassia.	It began with the landing of a craft from another galaxy.				
TRUE					
					
Quindi ho cercato di dare un senso, e quando sono arrivato, ho cercato qualche <L1>dépliant</L1> informativo che mi avrebbe aiutato a decifrare questo sistema e capirlo, e ho trovato queste brochure.	So I tried to make sense, and when I arrived, I was looking for some information leaflets that would help me crack this system and understand it, and I found those brochures.				
Quindi ho cercato di dare un senso, e quando sono arrivato, ho cercato qualche <N1>opuscolo</N1> informativo che mi avrebbe aiutato a decifrare questo sistema e capirlo, e ho trovato queste brochure.	So I tried to make sense, and when I arrived, I was looking for some information leaflets that would help me crack this system and understand it, and I found those brochures.				
TRUE					
					
In effetti si tratta di un filmato di presentazione dell'accademia per <L1>clown</L1> che avevano.	This is actually a training film for a clown college that they had.				
In effetti si tratta di un filmato di presentazione dell'accademia per <N1>pagliacci</N1> che avevano.	This is actually a training film for a clown college that they had.				
TRUE					
					
Abbiamo provato a fare la stessa cosa, negoziando degli accordi equi con i produttori di bevande e di snacks per diminuire il contenuto <L1>calorico</L1> e gli altri ingredienti dannosi nei cibi che mangiano i nostri bambini nelle scuole.	We tried to do the same thing by negotiating industry-right deals with the soft drink and the snack food industry to cut the caloric and other dangerous content of food going to our children in the schools.				
Abbiamo provato a fare la stessa cosa, negoziando degli accordi equi con i produttori di bevande e di snacks per diminuire il contenuto <N1></N1> e gli altri ingredienti dannosi nei cibi che mangiano i nostri bambini nelle scuole.	We tried to do the same thing by negotiating industry-right deals with the soft drink and the snack food industry to cut the caloric and other dangerous content of food going to our children in the schools.				
FALSE					
					
Quando arrivammo in quest'aera rurale, il 35% dei bambini sotto i 5 anni soffriva di <L1>rachitismo</L1> da malnutrizione, e il 23% moriva prima di raggiungere i 5 anni.	When we came to this rural area, 45 percent of the children under the age of five had stunted growth due to malnutrition. 23 percent of them died before they reached the age of five.				
Quando arrivammo in quest'aera rurale, il 35% dei bambini sotto i 5 anni soffriva di <N1></N1> da malnutrizione, e il 23% moriva prima di raggiungere i 5 anni.	When we came to this rural area, 45 percent of the children under the age of five had stunted growth due to malnutrition. 23 percent of them died before they reached the age of five.				
FALSE					
					
Fatemele scrivere abbiamo il <L1>neutrone</L1> e vi disegnerò in breve come le particelle stanno assieme e quale è la struttura di un atomo.	And let me write that. So the we have the neutron. And I'll draw in a second how they all fit together and the structure of an atom.				
Fatemele scrivere abbiamo il <N1></N1> e vi disegnerò in breve come le particelle stanno assieme e quale è la struttura di un atomo.	And let me write that. So the we have the neutron. And I'll draw in a second how they all fit together and the structure of an atom.				
FALSE					
					
Una lezione: il <L1>reportage</L1> dalla Cina di Tiziano Terzani nel 1984.	An example: a report from China by Italian journalist Tiziano Terzani in 1984.	inchiesta reportage servizio			
Una lezione: il <N1>resoconto</N1> dalla Cina di Tiziano Terzani nel 1984.	An example: a report from China by Italian journalist Tiziano Terzani in 1984.				
TRUE					
					
Ma qualcosa di inconsueto succede quando fate cadere una <L1>calamita</L1> attraverso un tubo di alluminio.	But something unexpected happens when you drop a magnet down an aluminum tube.	tragedia apocalissi apocalisse sventura disgrazia sinistro calamità disastro catastrofe sciagura			
Ma qualcosa di inconsueto succede quando fate cadere una <N1></N1> attraverso un tubo di alluminio.	But something unexpected happens when you drop a magnet down an aluminum tube.				
FALSE					
					
Se permettete, mi piacerebbe condividere con voi un film di 1 minuto che ha consentito di dimostrare che un film di 60 secondi può essere tanto efficace quanto un <L1>haiku</L1> nel raccontare un quadro d'insieme.	Now if you'll allow me, I would love to share a one-minute film that has proven to show that a 60-sec film can be as powerful as a haiku in telling a big picture.				
Se permettete, mi piacerebbe condividere con voi un film di 1 minuto che ha consentito di dimostrare che un film di 60 secondi può essere tanto efficace quanto un <N1></N1> nel raccontare un quadro d'insieme.	Now if you'll allow me, I would love to share a one-minute film that has proven to show that a 60-sec film can be as powerful as a haiku in telling a big picture.				
FALSE					
					
Il Doha Tribeca Film Festival è stato tenuto presso il nostro nuovo <L1>hub</L1> culturale, Katara.	The Doha Tribeca Film Festival was held at our new cultural hub, Katara.				
Il Doha Tribeca Film Festival è stato tenuto presso il nostro nuovo <N1>centro</N1> culturale, Katara.	The Doha Tribeca Film Festival was held at our new cultural hub, Katara.				
TRUE					
					
Ma qui negli Stati Uniti, accelleriamo un po' il processo, e mettiamo i vasi nella segatura, che si incendia. Poi si prende un <L1>bidone</L1> per la spazzatura e lo si mette sopra, e il fumo si riversa fuori.	But here in the United States, we ramp up the drama a little bit, and we drop our pots into sawdust, which catches on fire, and you take a garbage pail, and you put it on top, and smoke starts pouring out.				
Ma qui negli Stati Uniti, accelleriamo un po' il processo, e mettiamo i vasi nella segatura, che si incendia. Poi si prende un <N1></N1> per la spazzatura e lo si mette sopra, e il fumo si riversa fuori.	But here in the United States, we ramp up the drama a little bit, and we drop our pots into sawdust, which catches on fire, and you take a garbage pail, and you put it on top, and smoke starts pouring out.				
FALSE					
					
Mettiti lo <L1>scialle</L1> nero, fa freddo.	Put on your black shawl, its cold.				
Mettiti lo <N1></N1> nero, fa freddo.	Put on your black shawl, its cold.				
FALSE					
					
Cannery Row, in quel periodo, era il più grande conservificio industriale della <L1>west coast</L1> .	Cannery Row, at the time, had the biggest industrial canning operation on the west coast.				
Cannery Row, in quel periodo, era il più grande conservificio industriale della <N1>costa occidentale</N1>.	Cannery Row, at the time, had the biggest industrial canning operation on the west coast.				
TRUE					
					
Stavamo lanciando un <L1>megastore</L1> a Los Angeles, mi pare.	We were launching a megastore in Los Angeles, I think.				
Stavamo lanciando un <N1>magazzino</N1> a Los Angeles, mi pare.	We were launching a megastore in Los Angeles, I think.				
TRUE					
					
Ma, per quanto riguarda la scuola, e allo stesso modo in generale cavandotela male nello studio, ma tu eri anche il capitano della squadra di <L1>cricket</L1> e di football, perciò si può dire che tu sei un capo nato, ma anche un po' -- eri un ribelle, o come tu...	CA:				
Ma, per quanto riguarda la scuola, e allo stesso modo in generale cavandotela male nello studio, ma tu eri anche il capitano della squadra di <N1></N1> e di football, perciò si può dire che tu sei un capo nato, ma anche un po' -- eri un ribelle, o come tu...	CA:				
FALSE					
					
E mi chiese se potevo trovare un esperto <L1>linguista</L1> che trovasse un'altra definizione di bollocks.	And he asked if I could find a linguistics expert to come up with a different definition of the word bollocks.				
E mi chiese se potevo trovare un esperto <N1></N1> che trovasse un'altra definizione di bollocks.	And he asked if I could find a linguistics expert to come up with a different definition of the word bollocks.				
FALSE					
					
Vedevo l'orsacchiotto di <L1>peluche</L1> sul piano dietro di lei nella sua stanza.	I could see the little teddy bear sitting on the piano behind her in her room.				
Vedevo l'orsacchiotto di <N1></N1> sul piano dietro di lei nella sua stanza.	I could see the little teddy bear sitting on the piano behind her in her room.				
FALSE					
					
E quanto è felice che lui lo abbia invitato perchè ormai Darcy è qui da settimane e questa era la prima <L1>volt</L1> ache abbia incontrato qualcuno.	And how glad she is he invited him because Darcy's been here for weeks and this is the first time he's met anyone.				
E quanto è felice che lui lo abbia invitato perchè ormai Darcy è qui da settimane e questa era la prima <N1></N1> ache abbia incontrato qualcuno.	And how glad she is he invited him because Darcy's been here for weeks and this is the first time he's met anyone.				
FALSE					
					
E io gli ho detto Oh, non lo so, circa 48 <L1>megabyte</L1>	And I'm like, oh, I don't know, 48 megs or something.				
E io gli ho detto Oh, non lo so, circa 48 <N1></N1>	And I'm like, oh, I don't know, 48 megs or something.				
FALSE					
					
Questa è la finestra di login, per <L1>loggare</L1> dovrete utilizzare i dati di accesso del forum.	This is the log in window, you will have to use your login information from the forums.				
Questa è la finestra di login, per <N1></N1> dovrete utilizzare i dati di accesso del forum.	This is the log in window, you will have to use your login information from the forums.				
FALSE					
					
Era molto bravi a intimidire e a <L1>truccare</L1> le elezioni e cose del genere.	But what they were good at is intimidating and rigging elections and all the rest.	imbellettare truccare			
Era molto bravi a intimidire e a <N1></N1> le elezioni e cose del genere.	But what they were good at is intimidating and rigging elections and all the rest.				
FALSE					
					
Per gli USA tutto stava nel fermare il Comunismo, bisognava fermare l'effetto <L1>domino</L1> per cui se un paese diventava comunista anche altri paesi della regione lo sarebbero diventati	For the US it was all about stopping Communism. It was all about preventing this domino theory that if one country in a region would fall to Communism, the other countries would.				
Per gli USA tutto stava nel fermare il Comunismo, bisognava fermare l'effetto <N1></N1> per cui se un paese diventava comunista anche altri paesi della regione lo sarebbero diventati	For the US it was all about stopping Communism. It was all about preventing this domino theory that if one country in a region would fall to Communism, the other countries would.				
FALSE					
					
E ora, poiché credono di dover lavorare per contribuire la mondo, mettono questi <L1>post-it</L1> sulla testa, non scherzo, dove c'è scritto 'Genio al lavoro'.	So now, because they believe they have to work on their world contribution, they put these post-it notes on their heads, like for real, that said,  genius at work.				
E ora, poiché credono di dover lavorare per contribuire la mondo, mettono questi <N1>foglietti adesivi</N1> sulla testa, non scherzo, dove c'è scritto 'Genio al lavoro'.	So now, because they believe they have to work on their world contribution, they put these post-it notes on their heads, like for real, that said,  genius at work.				
TRUE					
					
Funziona cosi', si scattano delle foto mentre la Terra ruota, e si ottiene una sequenza a <L1>ventaglio</L1> del cielo.	What happens is, you take pictures as the Earth rotates, you get a fan across the sky.				
Funziona cosi', si scattano delle foto mentre la Terra ruota, e si ottiene una sequenza a <N1></N1> del cielo.	What happens is, you take pictures as the Earth rotates, you get a fan across the sky.				
FALSE					
					
E poi l'integrazione di tutte queste tecnologie di cui avete sentito parlare, l'antenna <L1>wifi</L1> che permette ai bambini di connetersi; lo schermo leggibile anche in piena luce;	And then the integration of all these great technologies, which you've heard about, the Wi-Fi antennas that allow the kids to connect; the screen, which you can read in sunlight; the keyboard, which is made out of rubber, and it's protected from the environment.				
E poi l'integrazione di tutte queste tecnologie di cui avete sentito parlare, l'antenna <N1>senza fili</N1> che permette ai bambini di connetersi; lo schermo leggibile anche in piena luce;	And then the integration of all these great technologies, which you've heard about, the Wi-Fi antennas that allow the kids to connect; the screen, which you can read in sunlight; the keyboard, which is made out of rubber, and it's protected from the environment.				
TRUE					
					
Alcuni di voi avranno sentito parlare dei <L1>condom</L1> di New York city.	Some of you might have heard about the New York City condom.				
Alcuni di voi avranno sentito parlare dei <N1></N1> di New York city.	Some of you might have heard about the New York City condom.				
FALSE					
					
Quella di 10 anni fa fu un'esperienza determinante, durante la quale esplorammo il grande <L1>iceberg</L1> B-15, il più grande della storia, distaccatosi dalla piattaforma di Ross.	Ten years ago was a seminal trip, where we explored that big iceberg, B-15, the largest iceberg in history, that broke off the Ross Ice Shelf.				
Quella di 10 anni fa fu un'esperienza determinante, durante la quale esplorammo il grande <N1></N1> B-15, il più grande della storia, distaccatosi dalla piattaforma di Ross.	Ten years ago was a seminal trip, where we explored that big iceberg, B-15, the largest iceberg in history, that broke off the Ross Ice Shelf.				
FALSE					
					
Siamo due fratelli del New Jersey, e la cosa divertente è, che ci crediate o meno, che siamo patiti di <L1>bluegrass</L1> e siamo emozionati di suonare per voi stasera.	We're three brothers from New Jersey, and the funny thing is that, believe it or not, we are hooked on bluegrass and we're excited to play it for you tonight.				
Siamo due fratelli del New Jersey, e la cosa divertente è, che ci crediate o meno, che siamo patiti di <N1></N1> e siamo emozionati di suonare per voi stasera.	We're three brothers from New Jersey, and the funny thing is that, believe it or not, we are hooked on bluegrass and we're excited to play it for you tonight.				
FALSE					
					
Potrebbe essere che con queste cose ancora più distanti, che non è un <L1>gettone</L1> per un secondo, è qualcosa che è molto lontano dal denaro, per un periodo di tempo molto più lungo, non potrebbe essere che la gente truffa ancora di più?	Could it be that with those more distant things, it's not a token for one second, it's something that is many steps removed from money for a much longer time -- could it be that people will cheat even more?				
Potrebbe essere che con queste cose ancora più distanti, che non è un <N1></N1> per un secondo, è qualcosa che è molto lontano dal denaro, per un periodo di tempo molto più lungo, non potrebbe essere che la gente truffa ancora di più?	Could it be that with those more distant things, it's not a token for one second, it's something that is many steps removed from money for a much longer time -- could it be that people will cheat even more?				
FALSE					
					
Quello che vedete qui è un file <L1>exploit</L1> [codice].	What we have here is one exploit file.				
Quello che vedete qui è un file <N1></N1> [codice].	What we have here is one exploit file.				
FALSE					
					
E uno <L1>omologo</L1> da mia madre anch'esso un po' più lungo.	PMAT.				
E uno <N1></N1> da mia madre anch'esso un po' più lungo.	PMAT.				
FALSE					
					
ER: dell'amore, dell'amore, te lo voglio spiegare: quando stavo avendo quell'esperienza stavo realizzando: c'è qualcosa di <L1>esoterico</L1> sta succedendo qualcosa, non so cosa sia, ma è qualcosa di differente, non è normale come le cose normali che le persone vivono.	Of the truth, I would tell you that, because when I was having this experience, I was recognizing there is something esoteric here, there is something going on, I don't know what it is but it is something, it is something different, it is not normal, normal thing that people are going through.				
ER: dell'amore, dell'amore, te lo voglio spiegare: quando stavo avendo quell'esperienza stavo realizzando: c'è qualcosa di <N1></N1> sta succedendo qualcosa, non so cosa sia, ma è qualcosa di differente, non è normale come le cose normali che le persone vivono.	Of the truth, I would tell you that, because when I was having this experience, I was recognizing there is something esoteric here, there is something going on, I don't know what it is but it is something, it is something different, it is not normal, normal thing that people are going through.				
FALSE					
					
L'intera idea di un movimento <L1>psichedelico</L1> in GB era basato su un'esperienza di droga di diverso grado, ma non c'era nessun fondamento su esso, non c'era nessuna educazione di pensiero, e un processo che in realtà che permise alle cose di crescere all'esterno dei coffee bar visti nel Greenwich e al Troubadour a LA.	When Strange Sensation first appeared, we could fly by a new flag, I could. The wheeze inside me were all very pleased. In 2002,				
L'intera idea di un movimento <N1></N1> in GB era basato su un'esperienza di droga di diverso grado, ma non c'era nessun fondamento su esso, non c'era nessuna educazione di pensiero, e un processo che in realtà che permise alle cose di crescere all'esterno dei coffee bar visti nel Greenwich e al Troubadour a LA.	When Strange Sensation first appeared, we could fly by a new flag, I could. The wheeze inside me were all very pleased. In 2002,				
FALSE					
					
Infatti negli anni Trenta la Grande Depressione ha condotto a Bretton Woods, al <L1>welfare</L1> state e così via.	And you saw that in the '30s, when the Great Depression paved the way for Bretton Woods, welfare states and so on.				
Infatti negli anni Trenta la Grande Depressione ha condotto a Bretton Woods, al <N1>benessere</N1> state e così via.	And you saw that in the '30s, when the Great Depression paved the way for Bretton Woods, welfare states and so on.				
TRUE					
					
Quel <L1>samurai</L1> č un brav'uomo, non si dā arie.	That samurai's a fine man, he doesn't put on airs.				
Quel <N1></N1> č un brav'uomo, non si dā arie.	That samurai's a fine man, he doesn't put on airs.				
FALSE					
					
BDSM, <L2>Kink</L2>, feticismo, <L3>leather<L3>, Jock Straps, <L1>piercing</L1> al cazzo, pinze per capezzoli, Dominazione e Sottomissione.	BDSM, Kink, Raunch, Leather, Jock Straps, Cock Ring, Tit- Clamps, both Dom and Submissive.				
BDSM, <N2>perversioni</N2>, feticismo, <N3>pelle</N3>, Jock Straps, <N1>fori</N1> al cazzo, pinze per capezzoli, Dominazione e Sottomissione.	BDSM, Kink, Raunch, Leather, Jock Straps, Cock Ring, Tit- Clamps, both Dom and Submissive.				
TRUE					
					
Ad esempio, ho affisso la foto di questo <L1>minareto</L1> in Svizzera qualche settimana dopo la legge che vieta i minareti in quel paese.	So for example, I pasted the photo of the minaret in Switzerland a few weeks after they voted the law forbidding minarets in the country.				
Ad esempio, ho affisso la foto di questo <N1></N1> in Svizzera qualche settimana dopo la legge che vieta i minareti in quel paese.	So for example, I pasted the photo of the minaret in Switzerland a few weeks after they voted the law forbidding minarets in the country.				
FALSE					
					
Quando si chiama malloc, gli si da come argomento il numero di <L1>byte</L1> che vorresti che abbia la tua struttura dati.	When you invoke malloc, it gives us an argument the number of bytes that you'd like to have for your data structure.	ottetto byte			
Quando si chiama malloc, gli si da come argomento il numero di <N1></N1> che vorresti che abbia la tua struttura dati.	When you invoke malloc, it gives us an argument the number of bytes that you'd like to have for your data structure.				
FALSE					
					
- tutti i ristoranti sono rinomati per una specialità nel menù, il loro pezzo forte, giusto? - beh, questo aveva come specialità le uova in camicia in salsa olandese del <L1>brunch</L1> domenicale.	- all restaurants evolve around a kind of a centerpiece menu item, their forte, alright? - well this one, their signature menu item, was Sunday brunch, water-poached egg in hollandaise sauce.				
- tutti i ristoranti sono rinomati per una specialità nel menù, il loro pezzo forte, giusto? - beh, questo aveva come specialità le uova in camicia in salsa olandese del <N1></N1> domenicale.	- all restaurants evolve around a kind of a centerpiece menu item, their forte, alright? - well this one, their signature menu item, was Sunday brunch, water-poached egg in hollandaise sauce.				
FALSE					
					
Watch me crank that Soulja Boy than <L1>superman</L1> that hooo-	Watch me crank that Soulja Boy than superman that hooo-				
Watch me crank that Soulja Boy than <N1></N1> that hooo-	Watch me crank that Soulja Boy than superman that hooo-				
FALSE					
					
Abbiamo usato questo esempio per mostrare che l'unità di misura per un campo magnetico-- questa non è una beta, solo una B-- che l'unità di misura del campo magnetico è il testa-- il quale è abbreviato con una T maiuscola-- e questa equivale a newton per secondi su <L1>coulomb</L1> per metri. Bene, vediamo se riusciamo ad applicarlo su un problema pratico.	And we use this to show you that the units of a magnetic field-- this is not a beta, it's a B-- but the units of a magnetic field are the tesla-- which is abbreviated with a capital T-- and that is equal to newton seconds per coulomb meters.	Ch.-A.-Coulomb coulomb			
Abbiamo usato questo esempio per mostrare che l'unità di misura per un campo magnetico-- questa non è una beta, solo una B-- che l'unità di misura del campo magnetico è il testa-- il quale è abbreviato con una T maiuscola-- e questa equivale a newton per secondi su <N1></N1> per metri. Bene, vediamo se riusciamo ad applicarlo su un problema pratico.	And we use this to show you that the units of a magnetic field-- this is not a beta, it's a B-- but the units of a magnetic field are the tesla-- which is abbreviated with a capital T-- and that is equal to newton seconds per coulomb meters.				
FALSE					
					
Questo va in <L1>tandem</L1> con il reame dei pensieri di cui abbiamo parlato la scorsa settimana, perchè i pensieri sono una vibrazione.	This works in tandem with the thought realm that we discussed last week, as thoughts are a vibratory level				
Questo va in <N1>squadra</N1> con il reame dei pensieri di cui abbiamo parlato la scorsa settimana, perchè i pensieri sono una vibrazione.	This works in tandem with the thought realm that we discussed last week, as thoughts are a vibratory level				
TRUE					
					
Prendete due programmi, essi produrranno figli scambiandosi le subroutine, e i figli erediteranno i tratti delle <L1>subroutine</L1> dei due programmi.	Take two programs and they produce children by exchanging their subroutines, and the children inherit the traits of the subroutines of the two programs.	sottoprogramma subroutine			
Prendete due programmi, essi produrranno figli scambiandosi le subroutine, e i figli erediteranno i tratti delle <N1>sottoprocedure</N1> dei due programmi.	Take two programs and they produce children by exchanging their subroutines, and the children inherit the traits of the subroutines of the two programs.				
TRUE					
					
Aveva fatto un piccolo <L1>falò</L1> per riscaldarsi sul ciglio della strada.	She'd built a little fire to keep warm, right next to the road.				
Aveva fatto un piccolo <N1></N1> per riscaldarsi sul ciglio della strada.	She'd built a little fire to keep warm, right next to the road.				
FALSE					
					
Imparare significa <L1>forgiare</L1> nuove connessioni. E ogni volta che imparate qualcosa di nuovo, il vostro cervello cambia fisicamente.	Learning is forging new connections. and every time you learn something new your brain physically changes.				
Imparare significa <N1></N1> nuove connessioni. E ogni volta che imparate qualcosa di nuovo, il vostro cervello cambia fisicamente.	Learning is forging new connections. and every time you learn something new your brain physically changes.				
FALSE					
					
Se leggete un libro su come andare in bicicletta, un libro su come costruire la <L1>cuccia</L1> del cane, un libro su come ballare la salsa, su come cucinare piatti francesi, su come ottenere il successo o diventare un genitore migliore il vostro cervello, letteralmente, potenzia la propria struttura per rispecchiare il nuovo livello della vostra mente.	So, you read a book on how to ride a bicycle, you read a book on how to build the doghouse, you read a book on how to dance the salsa, how to cook French cuisine, how to become successful, how to be a better parent. And your brain literally up-scales it's hardware to reflect the new level of mind.				
Se leggete un libro su come andare in bicicletta, un libro su come costruire la <N1></N1> del cane, un libro su come ballare la salsa, su come cucinare piatti francesi, su come ottenere il successo o diventare un genitore migliore il vostro cervello, letteralmente, potenzia la propria struttura per rispecchiare il nuovo livello della vostra mente.	So, you read a book on how to ride a bicycle, you read a book on how to build the doghouse, you read a book on how to dance the salsa, how to cook French cuisine, how to become successful, how to be a better parent. And your brain literally up-scales it's hardware to reflect the new level of mind.				
FALSE					
					
Se lo avessero chiamato il sito <L1>autostop</L1> Craigslist ci crescerebbero le erbacce.	If it were called the Craigslist hitchhiking board, tumbleweeds would be blowing through it.				
Se lo avessero chiamato il sito <N1></N1> Craigslist ci crescerebbero le erbacce.	If it were called the Craigslist hitchhiking board, tumbleweeds would be blowing through it.				
FALSE					
					
Era colpa sua se la mucca continuava a <L1>defecare</L1> nel suo fiume?	Was it his fault that the cow kept pooping in his river?	andare di corpo cagare cacare evacuare defecare			
Era colpa sua se la mucca continuava a <N1></N1> nel suo fiume?	Was it his fault that the cow kept pooping in his river?				
FALSE					
					
Questa <L1>bobina</L1> in particolare... è un video industriale... ma è stato proiettato nei drive-in nel 1961... nella zona di Detroit... e precedeva la proiezione di Psycho di Alfred Hitchcock.	This particular reel -- it's an industrial video -- but it was shown in drive-in theaters in 1961 -- in the Detroit area, in fact -- and it preceded Alfred Hitchcock's  Psycho.				
Questa <N1></N1> in particolare... è un video industriale... ma è stato proiettato nei drive-in nel 1961... nella zona di Detroit... e precedeva la proiezione di Psycho di Alfred Hitchcock.	This particular reel -- it's an industrial video -- but it was shown in drive-in theaters in 1961 -- in the Detroit area, in fact -- and it preceded Alfred Hitchcock's  Psycho.				
FALSE					
					
Quando la Proctor &amp; Gamble ridusse il numero di <L1>shampoo</L1> Head &amp; Shoulders da 26 a 15, ottenne un incremento del 10% nelle vendite.	When Proctor &amp; Gamble went from 26 different kinds of Head &amp; Shoulders to 15, they saw an increase in sales by 10 percent.				
Quando la Proctor &amp; Gamble ridusse il numero di <N1></N1> Head &amp; Shoulders da 26 a 15, ottenne un incremento del 10% nelle vendite.	When Proctor &amp; Gamble went from 26 different kinds of Head &amp; Shoulders to 15, they saw an increase in sales by 10 percent.				
FALSE					
					
Nel 1992 ho partecipato a uno studio genetico e ho scoperto con orrore, come vedete dall'immagine, che la mia <L1>aorta</L1> ascendente non rientrava nei parametri normali, la linea verde in basso.	And in 1992, I participated in a genetic study, and found to my horror, as you can see from the slide, that my ascending aorta was not in the normal range, the green line at the bottom.	aorta arteria aorta			
Nel 1992 ho partecipato a uno studio genetico e ho scoperto con orrore, come vedete dall'immagine, che la mia <N1></N1> ascendente non rientrava nei parametri normali, la linea verde in basso.	And in 1992, I participated in a genetic study, and found to my horror, as you can see from the slide, that my ascending aorta was not in the normal range, the green line at the bottom.				
FALSE					
					
Trasformarono un <L1>agnostico</L1> in un santo laico della nuova era materialista.	They turned the agnostic into a saint of the new secular materialist age.				
Trasformarono un <N1></N1> in un santo laico della nuova era materialista.	They turned the agnostic into a saint of the new secular materialist age.				
FALSE					
					
Proprio come il darwinismo era al suo nadir, un <L1>revival</L1> era in corso.	Just as Darwinism was at its nadir, a revival was underway.				
Proprio come il darwinismo era al suo nadir, una <N1>reviviscenza</N1> era in corso.	Just as Darwinism was at its nadir, a revival was underway.				
TRUE					
					
Nel 1891, il paleoantropologo olandese, Eugene Dubois, scavando nelle rive del fiume Solo in Java scoprì questa <L1>calotta</L1> cranica.	In 1891, a Dutch physician, Eugene Dubois, digging in the banks of the Solo River in Java discovered this skullcap.	cocuzzolo calotta cupola			
Nel 1891, il paleoantropologo olandese, Eugene Dubois, scavando nelle rive del fiume Solo in Java scoprì questa <N1></N1> cranica.	In 1891, a Dutch physician, Eugene Dubois, digging in the banks of the Solo River in Java discovered this skullcap.				
FALSE					
					
Siamo geneticamente più vicini a <L1>scimpanzé</L1> e bonobo.	We're genetically closest to chimpanzees and bonobos.				
Siamo geneticamente più vicini a <N1></N1> e bonobo.	We're genetically closest to chimpanzees and bonobos.				
FALSE					
					
Anche senza un <L1>bisturi</L1> li taglierai.	Even without a scalpel (surgical knife) you cut people up.				
Anche senza un <N1></N1> li taglierai.	Even without a scalpel (surgical knife) you cut people up.				
FALSE					
					
Di certo nessuno vorrà mangiare il pesce che vi proviene, perché sarebbe come una <L1>roulette</L1> russa gastronomica.	Then you sure won't want to eat fish that were raised in it, because it would be a kind of gastronomic Russian roulette.				
Di certo nessuno vorrà mangiare il pesce che vi proviene, perché sarebbe come una <N1></N1> russa gastronomica.	Then you sure won't want to eat fish that were raised in it, because it would be a kind of gastronomic Russian roulette.				
FALSE					
					
Avrai sentito parlare di <L1>buffer overflows</L1>, che sfruttano proprio questa falla del C e C++ in cui degli individui non solo possono leggere ma anche scrivere oltre gli elementi di un array allo scopo di piazzare del codice dannoso e accedere a zone di memoria.	You may have heard buffer overflows, which exploit precisely this flaw in C and C++ where people not only read but write beyond the elements of an array in order to supplant malicious code and select locations of the memory.				
Avrai sentito parlare di <N1></N1> overflows, che sfruttano proprio questa falla del C e C++ in cui degli individui non solo possono leggere ma anche scrivere oltre gli elementi di un array allo scopo di piazzare del codice dannoso e accedere a zone di memoria.	You may have heard buffer overflows, which exploit precisely this flaw in C and C++ where people not only read but write beyond the elements of an array in order to supplant malicious code and select locations of the memory.				
FALSE					
					
Modi stupidi di morire - e - e, così tanti modi stupidi di morire. Tirare fuori il <L1>toast</L1> con la forchetta. Costruirsi il proprio impianto elettrico.	Dumb ways to die-ie-ie so many dumb ways to die get your toast out with a fork do your own electrical work teach your self how to fly eat a two week old unrefridgerated pie				
Modi stupidi di morire - e - e, così tanti modi stupidi di morire. Tirare fuori il <N1>pane tostato</N1> con la forchetta. Costruirsi il proprio impianto elettrico.	Dumb ways to die-ie-ie so many dumb ways to die get your toast out with a fork do your own electrical work teach your self how to fly eat a two week old unrefridgerated pie				
TRUE					
					
Per esempio, uno studio fatto a Montreal su vittime di suicidio analizzò attraverso <L1>autopsia</L1> il cervello di questi soggetti e ciò che ne uscì fu che se una vittima suicida (di solito giovani adulti) aveva subito abusi da bambino, gli abusi causavano effettivamente una mutazione genetica nel cervello che era invece assente nei cervelli delle persone che non avevano subito abusi.	So for example. A study done in Montreal with suicide victims looked at autopsies of the brains of these people and it turned out that if a suicide victim (these are usually young adults) had been abused as a child, the abuse actually caused a genetic change in the brain that was absent in the brains of people who had not been abused.	dissessione necroscopia autopsia			
Per esempio, uno studio fatto a Montreal su vittime di suicidio analizzò attraverso <N1></N1> il cervello di questi soggetti e ciò che ne uscì fu che se una vittima suicida (di solito giovani adulti) aveva subito abusi da bambino, gli abusi causavano effettivamente una mutazione genetica nel cervello che era invece assente nei cervelli delle persone che non avevano subito abusi.	So for example. A study done in Montreal with suicide victims looked at autopsies of the brains of these people and it turned out that if a suicide victim (these are usually young adults) had been abused as a child, the abuse actually caused a genetic change in the brain that was absent in the brains of people who had not been abused.				
FALSE					
					
La proposta allora è ideare quello che si può chiamare Charter <L1>city</L1> .	So the proposal is that we conceive of something called a charter city.				
La proposta allora è ideare quello che si può chiamare Charter <N1></N1> .	So the proposal is that we conceive of something called a charter city.				
FALSE					
					
E ogni semestre era determinato a pagare in tempo quella <L1>parcella</L1> perfino chiedendo prestiti quando non aveva soldi.	And every semester, he was determined to pay that bill right on time, even taking out loans when he fell short.				
E ogni semestre era determinato a pagare in tempo quella <N1></N1> perfino chiedendo prestiti quando non aveva soldi.	And every semester, he was determined to pay that bill right on time, even taking out loans when he fell short.				
FALSE					
					
Abbiamo imparato la dignità e il <L1>decoro</L1> che lavorare sodo conta più di quanto guadagni che aiutare gli altri ha più importanza del farsi strada	We learned about dignity and decency - that how hard you work matters more than how much you make, that helping others means more than just getting ahead yourself.	decoro finimento guarnitura guarnizione adornamento abbellimento decorazione ornamento | convenienza decoro			
Abbiamo imparato la dignità e il <N1></N1> che lavorare sodo conta più di quanto guadagni che aiutare gli altri ha più importanza del farsi strada	We learned about dignity and decency - that how hard you work matters more than how much you make, that helping others means more than just getting ahead yourself.				
FALSE					
					
Più tardi avrà ci sarà un brunch <L1>vegano</L1> pubblico. stanno preparando uno stufato di verdure	Afterwards there will be a public vegan brunch. They chip in a vegetable stew				
Più tardi avrà ci sarà un brunch <N1></N1> pubblico. stanno preparando uno stufato di verdure	Afterwards there will be a public vegan brunch. They chip in a vegetable stew				
FALSE					
					
Così lui venne alla lavagna e scrisse la parola illness (malattia) e cerchiò la prima lettera, e poi scrisse la parola <L1>wellness</L1> (benessere) e cerchiò le prime due lettere, e per me è semplicemente una stenografia di ciò di cui stiamo parlando: qualsiasi cosa crei un senso di unione, comunità e amore ha davvero il potere di guarire.	And so he went up on the board and he wrote the word  illness,  and circled the first letter, and then wrote the word  wellness,  and circled the first two letters ... To me, it's just shorthand for what we're talking about: that anything that creates a sense of connection and community and love is really healing.				
Così lui venne alla lavagna e scrisse la parola illness (malattia) e cerchiò la prima lettera, e poi scrisse la parola <N1></N1> (benessere) e cerchiò le prime due lettere, e per me è semplicemente una stenografia di ciò di cui stiamo parlando: qualsiasi cosa crei un senso di unione, comunità e amore ha davvero il potere di guarire.	And so he went up on the board and he wrote the word  illness,  and circled the first letter, and then wrote the word  wellness,  and circled the first two letters ... To me, it's just shorthand for what we're talking about: that anything that creates a sense of connection and community and love is really healing.				
FALSE					
					
la EV1, da essa, ed ottenuto che la Air Resources Board producesse i regolamenti che hanno stimolato le auto elettriche, ma da allora si sono messi in disparte ed abbiamo fatto un sacco di cose, piccoli aerei <L1>drone</L1> e così via.	And we developed the impact car that General Motors made, the EV1, out of -- and got the Air Resources Board to have the regulations that stimulated the electric cars, but they've since come apart. And we've done a lot of things, small drone airplanes and so on.				
la EV1, da essa, ed ottenuto che la Air Resources Board producesse i regolamenti che hanno stimolato le auto elettriche, ma da allora si sono messi in disparte ed abbiamo fatto un sacco di cose, piccoli aerei <N1></N1> e così via.	And we developed the impact car that General Motors made, the EV1, out of -- and got the Air Resources Board to have the regulations that stimulated the electric cars, but they've since come apart. And we've done a lot of things, small drone airplanes and so on.				
FALSE					
					
E abbiamo ottime ragioni per non nutrire fiducia in queste risposte, poiché a proposito di un problema dopo l'altro, la replica che il moderno governo democratico ci ha dato qui è una reazione che va ad <L1>avvantaggiare</L1> gli operatori storici dei vari settori.	And for good reasons we don't trust these answers, because on issue after issue, the answer that modern democratic government has given here, is an answer that happens to benefit the incumbents.				
E abbiamo ottime ragioni per non nutrire fiducia in queste risposte, poiché a proposito di un problema dopo l'altro, la replica che il moderno governo democratico ci ha dato qui è una reazione che va ad <N1></N1> gli operatori storici dei vari settori.	And for good reasons we don't trust these answers, because on issue after issue, the answer that modern democratic government has given here, is an answer that happens to benefit the incumbents.				
FALSE					
					
Ogni sfumatura di colore erano - paglia, limone, arancia, mattoni, <L1>setter</L1> irlandese, fegato, argilla, ma, come ha detto Spaulding, non c'erano molti che avevano il vero vivida fiamma tinta colorata.	Every shade of colour they were--straw, lemon, orange, brick, Irish-setter, liver, clay; but, as Spaulding said, there were not many who had the real vivid flame- coloured tint.				
Ogni sfumatura di colore erano - paglia, limone, arancia, mattoni, <N1></N1> irlandese, fegato, argilla, ma, come ha detto Spaulding, non c'erano molti che avevano il vero vivida fiamma tinta colorata.	Every shade of colour they were--straw, lemon, orange, brick, Irish-setter, liver, clay; but, as Spaulding said, there were not many who had the real vivid flame- coloured tint.				
FALSE					
					
Basta tenere fuori mentre io risolvere il <L1>derby</L1> .	Just hold out while I fix the derbies.				
Basta tenere fuori mentre io risolvere la <N1>gara</N1> .	Just hold out while I fix the derbies.				
TRUE					
					
Se portiamo semplicemente quel rapporto a 15.000 a uno, arriveremmo a quegli obiettivi di aiuto che abbiamo concordato al Summit di Rio 20 anni fa, su cui il <L1>summit</L1> concluso la settimana scorsa non ha fatto nessun progresso.	If we simply brought that ratio down to 15,000 to one, we would be meeting those aid targets that were agreed at the Rio Summit 20 years ago that the summit that ended last week made no further progress on.				
Se portiamo semplicemente quel rapporto a 15.000 a uno, arriveremmo a quegli obiettivi di aiuto che abbiamo concordato al Summit di Rio 20 anni fa, su cui il <N1>colloquio</N1> concluso la settimana scorsa non ha fatto nessun progresso.	If we simply brought that ratio down to 15,000 to one, we would be meeting those aid targets that were agreed at the Rio Summit 20 years ago that the summit that ended last week made no further progress on.				
TRUE					
					
Motul Chain Paste è una pasta bianca lubrificante, con un pennello applicatore sulla punta, appositamente formulata per lubrificare tutte le catene di moto stradali e di <L1>kart</L1> di tipo standard o O-Ring, X-Ring, o Z-Ring.	Motul Chain Paste is a white lubricating paste with a brush applicator tip, specially formulated to lubricate all road motorcycle and kart chains of the standard type or O-Ring, X-Ring, or Z-Ring.				
Motul Chain Paste è una pasta bianca lubrificante, con un pennello applicatore sulla punta, appositamente formulata per lubrificare tutte le catene di moto stradali e di <N1></N1> di tipo standard o O-Ring, X-Ring, o Z-Ring.	Motul Chain Paste is a white lubricating paste with a brush applicator tip, specially formulated to lubricate all road motorcycle and kart chains of the standard type or O-Ring, X-Ring, or Z-Ring.				
FALSE					
					
Così li lascia fare, li lascia riunirsi in <L1>assemblea</L1> di nuovo.	I have been a little bit unreasonable.  So he lets them be, he lets them assemble again.				
Così li lascia fare, li lascia riunirsi in <N1></N1> di nuovo.	I have been a little bit unreasonable.  So he lets them be, he lets them assemble again.				
FALSE					
					
E puoi vederlo qui per la prima volta, dove il governatore della Bastiglia, il giovane che era responsabie di essa, ebbe una situazione di <L1>stallo</L1> fra le truppe e chiese che ci fosse un cessate il fuoco perchè vedeva che c'era troppo spargimento di sangue.	And you actually saw it here for the first time, where the governor of the Bastille, the guy who was in charge of it, he had the standoff between the troops. And he eventually called for a ceasefire.	impasse punto morto stallo			
E puoi vederlo qui per la prima volta, dove il governatore della Bastiglia, il giovane che era responsabie di essa, ebbe una situazione di <N1></N1> fra le truppe e chiese che ci fosse un cessate il fuoco perchè vedeva che c'era troppo spargimento di sangue.	And you actually saw it here for the first time, where the governor of the Bastille, the guy who was in charge of it, he had the standoff between the troops. And he eventually called for a ceasefire.				
FALSE					
					
Puoi immaginare che se fossero fiches, le fiches del poker, questa sarebbe una delle fiches blue del poker e ogni <L1>fiche</L1> blu rappresenta 10mila.	You can imagine if these were chips, kind of poker chips, that would represent one of the blue poker chips and each blue poker chip represents 10,000.				
Puoi immaginare che se fossero fiches, le fiches del poker, questa sarebbe una delle fiches blue del poker e ogni <N1>gettone</N1> blu rappresenta 10mila.	You can imagine if these were chips, kind of poker chips, that would represent one of the blue poker chips and each blue poker chip represents 10,000.				
TRUE					
					
Sto vivendo la vita nella corsia di sorpasso, mi sto muovendo alla velocità della vita e non riesco a rallentare, ho solo un <L1>gallone</L1> di benzina nel serbatoio, ma sono quasi al traguardo, quindi non posso fermarmi adesso.	I'm livin' life in the fast lane Movin' at the speed of life and I can't slow down Only got a gallon in the gas tank				
Sto vivendo la vita nella corsia di sorpasso, mi sto muovendo alla velocità della vita e non riesco a rallentare, ho solo un <N1></N1> di benzina nel serbatoio, ma sono quasi al traguardo, quindi non posso fermarmi adesso.	I'm livin' life in the fast lane Movin' at the speed of life and I can't slow down Only got a gallon in the gas tank				
FALSE					
					
la <L1>caffettiera</L1> in questa festa, il mio pene eiacula più tardi,	Percolator to this party, be my penis ejaculator later				
la <N1></N1> in questa festa, il mio pene eiacula più tardi,	Percolator to this party, be my penis ejaculator later				
FALSE					
					
Risolviamo questa situazione usando le <L1>escape</L1> sequences (sequenze di fuga). Prima di approfondire, introduciamole tramite una analogia.	We're going to solve this by using something called escape sequences, but before I get into them, let's introduce them by way of analogy.				
Risolviamo questa situazione usando le <N1></N1> sequences (sequenze di fuga). Prima di approfondire, introduciamole tramite una analogia.	We're going to solve this by using something called escape sequences, but before I get into them, let's introduce them by way of analogy.				
FALSE					
					
I bastoncini di <L1>surimi</L1> sono carne di granchio, o sono venduti come carne di granchio, si tratta di carne bianca che viene tinta con la cocciniglia.	The surimi sticks [of] crabmeat, or is being sold as crab meat, is white fish that's being dyed with cochineal.				
I bastoncini di <N1></N1> sono carne di granchio, o sono venduti come carne di granchio, si tratta di carne bianca che viene tinta con la cocciniglia.	The surimi sticks [of] crabmeat, or is being sold as crab meat, is white fish that's being dyed with cochineal.				
FALSE					
					
Un paio d'anni fa, avevamo <L1>meso</L1> insieme 1750 persone in una piazza della città di Wageningen, ed hanno mangiato insetti nello stesso momento, e si trattava di una grande novità. io credo che presto non farà più notizia mangiare insetti, perché si tratta solamente di una cosa normale da fare.	A couple of years ago, we had 1,750 people all together in a square in Wageningen town, and they ate insects at the same moment, and this was still big, big news. I think soon it will not be big news anymore when we all eat insects, because it's just a normal way of doing.				
Un paio d'anni fa, avevamo <N1></N1> insieme 1750 persone in una piazza della città di Wageningen, ed hanno mangiato insetti nello stesso momento, e si trattava di una grande novità. io credo che presto non farà più notizia mangiare insetti, perché si tratta solamente di una cosa normale da fare.	A couple of years ago, we had 1,750 people all together in a square in Wageningen town, and they ate insects at the same moment, and this was still big, big news. I think soon it will not be big news anymore when we all eat insects, because it's just a normal way of doing.				
FALSE					
					
I pazienti che soffrono della degenerazione di quella parte del cervello, un disturbo detto <L1>atassia</L1> spinocerebellare, mostrano una mancanza di coordinamento che causa gambe rigide, divaricate e un'andatura goffa.	Patients who suffer degeneration from this region, something called spino-cerebellar ataxia, show a lack of coordination that results in stiff legs, wide stance, and a lumbering walk.				
I pazienti che soffrono della degenerazione di quella parte del cervello, un disturbo detto <N1></N1> spinocerebellare, mostrano una mancanza di coordinamento che causa gambe rigide, divaricate e un'andatura goffa.	Patients who suffer degeneration from this region, something called spino-cerebellar ataxia, show a lack of coordination that results in stiff legs, wide stance, and a lumbering walk.				
FALSE					
					
Sai, sembra una specie di <L1>afasia</L1> motoria, o afasia di Broca, che rende difficile la produzione di parole.	You know, it sounds kind of like expressive aphasia, or Broca's aphasia, which makes producing words difficult.				
Sai, sembra una specie di <N1></N1> motoria, o afasia di Broca, che rende difficile la produzione di parole.	You know, it sounds kind of like expressive aphasia, or Broca's aphasia, which makes producing words difficult.				
FALSE					
					
La notte scorsa, mentre il dolore si attenua, un giornalista ed un <L1>reporter</L1> televisivo dissero che quella sera la funzione alla Chiesa di Riverside sarebbe stata trasmessa sul nostro canale in citta'.	Last night at Chagrin Fall, a newspaperman and a television guy said,  That evening, when a service was held at the Riverside Church, we carried it on our station in this city.				
La notte scorsa, mentre il dolore si attenua, un giornalista ed un <N1>corrispondente</N1> televisivo dissero che quella sera la funzione alla Chiesa di Riverside sarebbe stata trasmessa sul nostro canale in citta'.	Last night at Chagrin Fall, a newspaperman and a television guy said,  That evening, when a service was held at the Riverside Church, we carried it on our station in this city.				
TRUE					
					
l'energia netta a disposizione inizia a scendere in un modo familiare specie dopo aver visto la sezione sui grafici esponenziali solo che questa mazza da <L1>hockey</L1> punta in basso.	The net energy available to society begins to drops off in a manner that should be familiar to you after seeing the section on exponential charts. Only this hockey stick points down.				
l'energia netta a disposizione inizia a scendere in un modo familiare specie dopo aver visto la sezione sui grafici esponenziali solo che questa mazza da <N1></N1> punta in basso.	The net energy available to society begins to drops off in a manner that should be familiar to you after seeing the section on exponential charts. Only this hockey stick points down.				
FALSE					
					
Abbiamo lavorato sodo per ridurre lo <L1>smog</L1> che veniva prodotto qui a Los Angeles.	We worked very hard to get the smog reduction happening here in Los Angeles. But guess what?				
Abbiamo lavorato sodo per ridurre l'<N1>inquinamento</N1> che veniva prodotto qui a Los Angeles.	We worked very hard to get the smog reduction happening here in Los Angeles. But guess what?				
TRUE					
					
Gli storici hanno pensato che forse si trattasse di una cassa <L1>armonica</L1> per uno strumento musicale. Altri hanno pensato che possa aver contenuto qualcosa di importante, forse persino il denaro che fu usato per pagare la guerra.	Others have thought it might have contained something important, perhaps even the currency that was used to pay for warfare.				
Gli storici hanno pensato che forse si trattasse di una cassa <N1></N1> per uno strumento musicale. Altri hanno pensato che possa aver contenuto qualcosa di importante, forse persino il denaro che fu usato per pagare la guerra.	Others have thought it might have contained something important, perhaps even the currency that was used to pay for warfare.				
FALSE					
					
Quindi ho chiesto alla gente di mandarmi la loro <L1>username</L1> e la loro <L2>password</L2>.	So I asked for people's usernames and passwords to be sent to me.				
Quindi ho chiesto alla gente di mandarmi la loro <N1>nome utente</N1> e la loro <N2>chiave d'accesso</N2>.	So I asked for people's usernames and passwords to be sent to me.				
TRUE					
					
Quel che è certo è che il talento individuale che qui si manifesta con tanta abbondanza, deve rivolgere la propria attenzione a un mondo fatto di collaborazione, confusione, frustrazione un mondo <L1>polemico</L1> e impossibile, quello della politica e delle politiche pubbliche.	What is certain is that the individual talent exhibited in such abundance here, needs to turn its attention to that collaborative, messy, frustrating, contentious and impossible world of politics and public policy.				
Quel che è certo è che il talento individuale che qui si manifesta con tanta abbondanza, deve rivolgere la propria attenzione a un mondo fatto di collaborazione, confusione, frustrazione un mondo <N1></N1> e impossibile, quello della politica e delle politiche pubbliche.	What is certain is that the individual talent exhibited in such abundance here, needs to turn its attention to that collaborative, messy, frustrating, contentious and impossible world of politics and public policy.				
FALSE					
					
Perché posso dire: Voglio la mia <L1>bistecca</L1> al sangue, mi servono delle scarpe taglia sei , ma non riesco a dire:	Why can I say,  I'll take my steak medium rare,				
Perché posso dire: Voglio la mia <N1></N1> al sangue, mi servono delle scarpe taglia sei , ma non riesco a dire:	Why can I say,  I'll take my steak medium rare,				
FALSE					
					
Quindi una persona del posto magari sta decidendo se fare la <L1>baby-sitter</L1> o no.	So this is a local person potentially deciding whether to enter the babysitting market.	bonne nurse balia baby-sitter baby sitter bambinaia			
Quindi una persona del posto magari sta decidendo se fare la <N1>bambinaia</N1> o no.	So this is a local person potentially deciding whether to enter the babysitting market.				
TRUE					
					
Si sbarazzano di 15 lavoratori al giorno, ma non si vede alcun <L1>raid</L1> massiccio.	They get rid of 15 workers per day, but you don't see any massive raids.				
Si sbarazzano di 15 lavoratori al giorno, ma non si vede alcuna <N1>incursione</N1> massiccia.	They get rid of 15 workers per day, but you don't see any massive raids.				
TRUE					
					
Come entrare in un ristorante francese, guardarsi intorno e accorgersi che usano solo <L1>margarina</L1> e niente burro, al che potreste dire Ah, ecco cos'è che non va.	So if I can make an analogy, let's say that you were trying to tell the difference between a good restaurant, a healthy restaurant and a sick restaurant, and all you had was the list of ingredients that they had in their larder.				
Come entrare in un ristorante francese, guardarsi intorno e accorgersi che usano solo <N1></N1> e niente burro, al che potreste dire Ah, ecco cos'è che non va.	So if I can make an analogy, let's say that you were trying to tell the difference between a good restaurant, a healthy restaurant and a sick restaurant, and all you had was the list of ingredients that they had in their larder.				
FALSE					
					
In ogni tradizione religiosa vi sono un cammino esteriore e uno interiore, un cammino <L1>essoterico</L1> e uno esoterico.	For the answer to this, we turn to our spiritual path.				
In ogni tradizione religiosa vi sono un cammino esteriore e uno interiore, un cammino <N1></N1> e uno esoterico.	For the answer to this, we turn to our spiritual path.				
FALSE					
					
Allora diciamo che è legato a un gruppo metile da questo legame che sembra tipo uscire dalla pagina e diciamo che c'è un <L1>bromo</L1> proprio qui dietro abbiamo un idrogeno e sopra un fluoro	And to kind of highlight a molecule that contains a chiral atom or chiral carbon, we can just think of one. So let's say that I have a carbon right here, and I'm going to set this up so this is actually a chiral atom, that the carbon specific is a chiral atom, but it's partly a chiral molecule.				
Allora diciamo che è legato a un gruppo metile da questo legame che sembra tipo uscire dalla pagina e diciamo che c'è un <N1></N1> proprio qui dietro abbiamo un idrogeno e sopra un fluoro	And to kind of highlight a molecule that contains a chiral atom or chiral carbon, we can just think of one. So let's say that I have a carbon right here, and I'm going to set this up so this is actually a chiral atom, that the carbon specific is a chiral atom, but it's partly a chiral molecule.				
FALSE					
					
Ha scritto la serie Penguin Balboa su un pinguino <L1>boxeur</L1>	He co-wrote a mockumentary about failed superheroes called  Super-Has-Beens.				
Ha scritto la serie Penguin Balboa su un pinguino <N1></N1>	He co-wrote a mockumentary about failed superheroes called  Super-Has-Beens.				
FALSE					
					
Le <L1>paillette</L1> dorate vanno con tutto.	A universal truth -- five words for you:				
I <N1>lustrini</N1> dorate vanno con tutto.	A universal truth -- five words for you:				
TRUE					
					
Il bambino patata dolce infilò le mani in bocca fino a farne un <L1>purè</L1> e poi non ebbe più niente da dire.	His hands no longer fit his camera, no longer fit his wife's, no longer fit his body.	purea purè			
Il bambino patata dolce infilò le mani in bocca fino a farne una <N1>purea</N1> e poi non ebbe più niente da dire.	His hands no longer fit his camera, no longer fit his wife's, no longer fit his body.				
TRUE					
					
Noi con un <L1>camper</L1> andiamo a raccoglierli, li tagliamo, li facciamo cucire all'interno delle carceri e facciamo tantissime borse di tutti i tipi.	My experience in the field of technological and social innovation allowed me to really work on an extremely interesting offer, and I thought our understanding of innovation applied to good sense is given, say, from this virtuous circle where we are all happy, where everyone wins because those who give us remnants of beautiful fabric for free, which often cause pain because they are thrown away, but if they are donated, and reused, surely even the entrepreneurs are making a social contribution.				
Noi con un <N1></N1> andiamo a raccoglierli, li tagliamo, li facciamo cucire all'interno delle carceri e facciamo tantissime borse di tutti i tipi.	My experience in the field of technological and social innovation allowed me to really work on an extremely interesting offer, and I thought our understanding of innovation applied to good sense is given, say, from this virtuous circle where we are all happy, where everyone wins because those who give us remnants of beautiful fabric for free, which often cause pain because they are thrown away, but if they are donated, and reused, surely even the entrepreneurs are making a social contribution.				
FALSE					
					
E può darsi che il <L1>sorpassare</L1> il 50% per l' urbanizzazione costituisca una soglia economica critica.	Basically, there's a major demographic event going on.				
E può darsi che il <N1></N1> il 50% per l' urbanizzazione costituisca una soglia economica critica.	Basically, there's a major demographic event going on.				
FALSE					
					
Gli impiegati statali hanno dei <L1>benefit</L1> per i loro compagni.	This is done.				
Gli impiegati statali hanno dei <N1>vantaggi</N1> per i loro compagni.	This is done.				
TRUE					
					
Ma ho fatto questa fotografia in un bagno dietro a una tenda nel <L1>camping</L1> ecologico nella jungla in Assam.	It's not surprising that you all found it when you arrived in your bathrooms here.	camping campeggio			
Ma ho fatto questa fotografia in un bagno dietro a una tenda nel <N1>campeggio</N1> ecologico nella giungla in Assam.	It's not surprising that you all found it when you arrived in your bathrooms here.				
FALSE					
					
Il mio gatto ha dato alla luce quattro gattini, facendo le <L1>fusa</L1> tutto il tempo.	(Laughter)				
Il mio gatto ha dato alla luce quattro gattini, facendo le <N1></N1> tutto il tempo.	(Laughter)				
FALSE					
					
Lo <L1>scotch</L1> sta qua.	First the inside flaps...				
Il <N1>nastro adesivo</N1> sta qua.	First the inside flaps...				
TRUE					
					
Noi molto spesso quando siamo a casa diciamo che chi non ha vissuto il noTAV, la nostra comunita' si e' perso davvero un pezzo di vita perche ci unisce davvero la voglia di combattere ci unisce la voglia di essere, di vivere in un momento sano abbiamo la voglia di non sperperare soldi abbiamo la voglia di vedere la <L1>transumanza</L1> come l'altra sera che passavano sotto casa	I, personally, can't condemn those ones who use violent ways of fighting because as an individual you are brought to exasperation				
Noi molto spesso quando siamo a casa diciamo che chi non ha vissuto il noTAV, la nostra comunita' si e' perso davvero un pezzo di vita perche ci unisce davvero la voglia di combattere ci unisce la voglia di essere, di vivere in un momento sano abbiamo la voglia di non sperperare soldi abbiamo la voglia di vedere la <N1></N1> come l'altra sera che passavano sotto casa	I, personally, can't condemn those ones who use violent ways of fighting because as an individual you are brought to exasperation				
FALSE					
					
Se ci pensate, l'innovazione cruciale di Google é stata il dare la cosa più importante -- ossia la decisione di cosa sia più rilevante -- in <L1>outsourcing</L1> alla comunità del <L2>web</L2> nel suo insieme, che fa quel che vuole fare. E' il page rank.	This is not only outside of businesses.				
Se ci pensate, l'innovazione cruciale di Google é stata il dare la cosa più importante -- ossia la decisione di cosa sia più rilevante -- come <N1>esternalizzazione</N1> alla comunità della <N2>rete</N2> nel suo insieme, che fa quel che vuole fare. E' il page rank.	This is not only outside of businesses.				
TRUE					
					
Questi muschi, generati dalla decomposizione, in primis dei muschi, sono come i muschi della <L1>torba</L1> nei vostri giardini, hanno un'incredibile capacità di trattenere nutrienti e acqua.	One thing I want to point out is that underneath these live epiphytes, as they die and decompose, they actually construct an arboreal soil, both in the temperate zone and in the tropics.				
Questi muschi, generati dalla decomposizione, in primis dei muschi, sono come i muschi della <N1></N1> nei vostri giardini, hanno un'incredibile capacità di trattenere nutrienti e acqua.	One thing I want to point out is that underneath these live epiphytes, as they die and decompose, they actually construct an arboreal soil, both in the temperate zone and in the tropics.				
FALSE					
					
Allora la quantità di interconnessione <L1>semantica</L1> e la quantità di ricchezza che ne deriva è davvero enorme.	Like when you do a web search for images, you type in phrases, and the text on the web page is carrying a lot of information about what that picture is of.				
Allora la quantità di interconnessione <N1></N1> e la quantità di ricchezza che ne deriva è davvero enorme.	Like when you do a web search for images, you type in phrases, and the text on the web page is carrying a lot of information about what that picture is of.				
FALSE					
					
Si', quel ghepardo potrebbe correre come un figlio di puttana, ma in uno zoo... non ha neanche lo spazio per <L1>ingranare</L1> la seconda.	I mean, where the hell else are you going to get that close to a cheetah?				
Si', quel ghepardo potrebbe correre come un figlio di puttana, ma in uno zoo... non ha neanche lo spazio per <N1></N1> la seconda.	I mean, where the hell else are you going to get that close to a cheetah?				
FALSE					
					
Sospetto: maschio bianco, alto 1 e 80. <L1>salopette</L1> gialla, capelli e scarpe rosse. Risponde al nome Ronald. Considerato armato e pericoloso.	Suspect last seen heading west on Alameda in a red delivery van.				
Sospetto: maschio bianco, alto 1 e 80. <N1>tuta</N1> gialla, capelli e scarpe rosse. Risponde al nome Ronald. Considerato armato e pericoloso.	Suspect last seen heading west on Alameda in a red delivery van.				
TRUE					
					
Mi chiedevo, non so' a che ora smonti, ma conosco questo <L1>dark</L1> bar molto intimo.	Excuse me, Detective Winters?				
Mi chiedevo, non so' a che ora smonti, ma conosco questo <N1></N1> bar molto intimo.	Excuse me, Detective Winters?				
FALSE					
					
E' un <L1>velocipede</L1> elettrico.	It's steampunk.				
E' un <N1></N1> elettrico.	It's steampunk.				
FALSE					
					
Potresti, ma sarai appena tornato da una <L1>tournée</L1> di 4 settimane.	What would you say about me flying to London on the 17th of December... and returning first thing the next morning?				
Potresti, ma sarai appena tornato da una <N1>serie di spettacoli</N1> di 4 settimane.	What would you say about me flying to London on the 17th of December... and returning first thing the next morning?				
TRUE					
					
Io dovrei dare un milione di dollari a Tito perché lui il mondo non l'ha cambiato e non lo cambierà mai, però ha cambiato il mio mondo, il mio piccolissimo, minuscolo, <L1>meschino</L1> mondo.	TED offers a million dollar prize to those who are able to change the world.	meschino infelice gramo | indigente misero povero bisognoso meschino bisognevole			
Io dovrei dare un milione di dollari a Tito perché lui il mondo non l'ha cambiato e non lo cambierà mai, però ha cambiato il mio mondo, il mio piccolissimo, minuscolo, <N1></N1> mondo.	TED offers a million dollar prize to those who are able to change the world.				
FALSE					
					
Si circondava di un <L1>entourage</L1> di accademici giovani e sconosciuti come Martin Buber, Shai Agnon e Franz Kafka e dava a ognuno di loro uno stipendio mensile così che potessero scrivere in pace.	He was also the ultimate self-learner, and like everything else, he did it in grand style.				
Si circondava di una <N1>cerchia</N1> di accademici giovani e sconosciuti come Martin Buber, Shai Agnon e Franz Kafka e dava a ognuno di loro uno stipendio mensile così che potessero scrivere in pace.	He was also the ultimate self-learner, and like everything else, he did it in grand style.				
TRUE					
					
Vorrei quindi condividere con voi la storia di un corso di informatica <L1>autodidatta</L1> e autostimolante che ho creato insieme al mio brillante collega Noam Nisan.	Self-study, self-exploration, self-empowerment: these are the virtues of a great education.				
Vorrei quindi condividere con voi la storia di un corso di informatica <N1></N1> e autostimolante che ho creato insieme al mio brillante collega Noam Nisan.	Self-study, self-exploration, self-empowerment: these are the virtues of a great education.				
FALSE					
					
A volte, passavo anche 20 ore sottoposta a <L1>contenzione</L1> forzata, braccia legate, braccia e gambe legate al letto, braccia e gambe legate al letto con una rete legata stretta sul mio petto.	During the next year, I would spend five months in a psychiatric hospital.				
A volte, passavo anche 20 ore sottoposta a <N1></N1> forzata, braccia legate, braccia e gambe legate al letto, braccia e gambe legate al letto con una rete legata stretta sul mio petto.	During the next year, I would spend five months in a psychiatric hospital.				
FALSE					
					
So che questa <L1>fresa</L1> verrà eseguito per 60 minuti	But in this case, I'm interested in feed time				
So che questa <N1></N1> verrà eseguito per 60 minuti	But in this case, I'm interested in feed time				
FALSE					
					
- Una storia tutto sangue per uno <L1>scoop</L1> ?	You always wimp out! ...You see 'em in porn stores.	colpo giornalistico notizia sensazionale scoop			
- Una storia tutto sangue per uno <N1>colpo grionalistico</N1> ?	You always wimp out! ...You see 'em in porn stores.				
TRUE					
					
Poi. mentre questo si rosola, ho preso 3 fette di <L1>speck</L1> e le taglio a listarelle.	Let's dust the counter with flour so the ravioli won't stick.				
Poi. mentre questo si rosola, ho preso 3 fette di <N1></N1> e le taglio a listarelle.	Let's dust the counter with flour so the ravioli won't stick.				
FALSE					
					
Questo era Internet, questa scatola nera con la lucina rossa, rappresentata in questa <L1>sitcom</L1> The IT Crowd .	But that in fact seemed to be the case.				
Questo era Internet, questa scatola nera con la lucina rossa, rappresentata in questa <N1>commedia</N1> The IT Crowd .	But that in fact seemed to be the case.				
TRUE					
					
Internet era quel blob <L1>amorfo</L1> o era una stupida scatola nera con una lucina rossa.	And the answer, by all accounts, was no.				
Internet era quel blob <N1></N1> o era una stupida scatola nera con una lucina rossa.	And the answer, by all accounts, was no.				
FALSE					
					
In terzo luogo, qualsiasi torsione nel <L1>cast</L1> di Base viene rimosso così la macchina verrà tagliato con precisione	A Plastic Scraper or Squeegee can be used to remove very thick applications of Cosmoline				
In terzo luogo, qualsiasi torsione nel <N1></N1> di Base viene rimosso così la macchina verrà tagliato con precisione	A Plastic Scraper or Squeegee can be used to remove very thick applications of Cosmoline				
FALSE					
					
E' la <L1>perla</L1> della nostra famiglia.	We don't see the things and the people as they are.				
E' la <N1></N1> della nostra famiglia.	We don't see the things and the people as they are.				
FALSE					
					
Lui studiò alcuni tipi di stelle di quei gruppi e mostrò che si tratta di sistemi enormi, molto, molto lontani, distanti milioni di anni luce, formati da centinaia di miliardi di stelle; un <L1>atollo</L1> di universi, insomma.	Fortunately, these gentlemen understand that without the rest of us working in the trenches, they wouldn't have been so honored.				
Lui studiò alcuni tipi di stelle di quei gruppi e mostrò che si tratta di sistemi enormi, molto, molto lontani, distanti milioni di anni luce, formati da centinaia di miliardi di stelle; un <N1></N1> di universi, insomma.	Fortunately, these gentlemen understand that without the rest of us working in the trenches, they wouldn't have been so honored.				
FALSE					
					
Dobbiamo cambiare le norme per <L1>autorizzare</L1> nuovi tipi di tecnologia come basi per nuovi tipi di imprese.	People aren't close or distant.				
Dobbiamo cambiare le norme per <N1></N1> nuovi tipi di tecnologia come basi per nuovi tipi di imprese.	People aren't close or distant.				
FALSE					
					
Ora, l'opposto di uno <L1>snob</L1> è vostra madre.	The bad news is that's not true.				
Ora, l'opposto di una <N1>ricercata</N1> è vostra madre.	The bad news is that's not true.				
TRUE					
					
E altri argomenti, tra cui: aggiunta di coni e intagliare la <L1>griffe</L1> xxxxxxxxxxxxxxxxxxxx	Despite this variation, in our case we will still cut the pocket to hold the raw stock, at the nominal stock diameter				
E altri argomenti, tra cui: aggiunta di coni e intagliare la <N1>etichetta</N1> xxxxxxxxxxxxxxxxxxxx	Despite this variation, in our case we will still cut the pocket to hold the raw stock, at the nominal stock diameter				
TRUE					
					
E così, per ogni marinaio, soldato, <L1>aviatore</L1> e marine che è stato coinvolto in questa missione, lasciatemelo, state facendo il lavoro di Dio.	- The heart of democracy is the basic assumption that the public is well educated about critical thought, they know how to think about things and evaluate, and therefore they can make proper decisions, right?				
E così, per ogni marinaio, soldato, <N1></N1> e marine che è stato coinvolto in questa missione, lasciatemelo, state facendo il lavoro di Dio.	- The heart of democracy is the basic assumption that the public is well educated about critical thought, they know how to think about things and evaluate, and therefore they can make proper decisions, right?				
FALSE					
					
Lasciate che metta le cose in questo modo, se incontrassi uno che parla solo <L1>neerlandese</L1> in possesso della cura per il cancro, gli impedirei di entrare nella mia Università Inglese?	After all, the best education -- according to the latest World University Rankings -- is to be found in the universities of the U.K. and the U.S.				
Lasciate che metta le cose in questo modo, se incontrassi uno che parla solo <N1>olandese</N1> in possesso della cura per il cancro, gli impedirei di entrare nella mia Università Inglese?	After all, the best education -- according to the latest World University Rankings -- is to be found in the universities of the U.K. and the U.S.				
TRUE					
					
Quindi <L1>bingo</L1> , problema risolto.	Now I get it, I understand why people would want to focus on English.				
Quindi <N1></N1> , problema risolto.	Now I get it, I understand why people would want to focus on English.				
FALSE					
					
Le città sono il <L1>crogiolo</L1> della civiltà.	Select any color &amp; move any color node to a different location in the 'Harmony Editor' for different looks.				
Le città sono il <N1></N1> della civiltà.	Select any color &amp; move any color node to a different location in the 'Harmony Editor' for different looks.				
FALSE					
					
Poi entri in qualche tipo di <L1>racket</L1> dove vendi assicurazioni e hanno una certa quota da raggiungere..	In music, one doesn't make the end of the composition the point of the composition.				
Poi entri in qualche tipo di <N1>associazione a delinquere</N1> dove vendi assicurazioni e hanno una certa quota da raggiungere..	In music, one doesn't make the end of the composition the point of the composition.				
TRUE					
					
Le persone all'interno della nostra rete diventano i nuovi <L1>testimonial</L1> e influenzano le nostre scelte, cosa vogliamo leggere, cosa vogliamo dire, cosa vogliamo acquistare o mangiare, e questa è una buona cosa.	So we have to think out of the box.				
Le persone all'interno della nostra rete diventano i nuovi <N1>portavoce</N1> e influenzano le nostre scelte, cosa vogliamo leggere, cosa vogliamo dire, cosa vogliamo acquistare o mangiare, e questa è una buona cosa.	So we have to think out of the box.				
TRUE					
					
Ma, anni dopo, credo fosse un lunedì, qualcuno ha pranzo accennò ad una <L1>alleanza</L1> gay-etero nella nostra scuola e che il loro primo incontro sarebbe stato di venerdì.	Thanks.	connubio sodalizio unione patto alleanza coalizione | lega patto alleanza coalizione unione consociazione			
Ma, anni dopo, credo fosse un lunedì, qualcuno ha pranzo accennò ad una <N1></N1> gay-etero nella nostra scuola e che il loro primo incontro sarebbe stato di venerdì.	Thanks.				
FALSE					
					
Aumentate il calore, cominciate a creare o spezzare legami chimici nello zucchero, formando del <L1>caramello</L1> bruno, giusto?	So the way this works is, you have a simple system of five chemicals here, a simple system here.				
Aumentate il calore, cominciate a creare o spezzare legami chimici nello zucchero, formando del <N1></N1> bruno, giusto?	So the way this works is, you have a simple system of five chemicals here, a simple system here.				
FALSE					
					
Furono chiamati a far parte della squadra di <L1>rugby</L1> palestinese.	We see this all around us.				
Furono chiamati a far parte della squadra di <N1></N1> palestinese.	We see this all around us.				
FALSE					
					
Che cos'è il <L1>feticcio</L1> ?	So he then goes on to say: Well, having abstracted from use-value then we go back and look again at exchange-value. We then see exchange-value, as he says, on the bottom of page hundred and twenty-eight,				
Che cos'è il <N1></N1> ?	So he then goes on to say: Well, having abstracted from use-value then we go back and look again at exchange-value. We then see exchange-value, as he says, on the bottom of page hundred and twenty-eight,				
FALSE					
					
Ma molti dei nostri <L1>cameraman</L1> e dei nostri giornalisti, sono entrati clandestinamente in Egitto -- volontariamente -- per informare su ciò che stava accadendo in piazza Tahrir.	They started telling the West,				
Ma molti dei nostri <N1>operatore di ripresa</N1> e dei nostri giornalisti, sono entrati clandestinamente in Egitto -- volontariamente -- per informare su ciò che stava accadendo in piazza Tahrir.	They started telling the West,				
TRUE					
					
- Allora ho detto: 'al diavolo questo <L1>chalet</L1> di merda, andiamo a sbronzarci altrove!	And you'll find that some committees around the world have already become regular contributors to the 'health' section and columns of publications, large and small, online and on news stands, blogs, all over the place.				
- Allora ho detto: 'al diavolo questo <N1>baita</N1> di merda, andiamo a sbronzarci altrove!	And you'll find that some committees around the world have already become regular contributors to the 'health' section and columns of publications, large and small, online and on news stands, blogs, all over the place.				
TRUE					
					
Non ricordo tutte le volte che sono venuti i pirati, respinti dal coraggio degli uomini a bordo, o il motore che andava in <L1>panne</L1> e non ripartiva per sei ore.	But our lives are much more than our memories.	panne panna			
Non ricordo tutte le volte che sono venuti i pirati, respinti dal coraggio degli uomini a bordo, o il motore che andava in <N1></N1> e non ripartiva per sei ore.	But our lives are much more than our memories.				
FALSE					
					
Quali neuroni nel cervelletto osservano la precisione del vostro <L1>swing</L1> e decidono quando il circuito che produce quel movimento ha bisogno di essere aggiornato?	So the cerebellum has some important functions but the main reason my lab focuses on this structure its the brain region where we have the very best chance of understanding how learning works at the level of the circuit.				
Quali neuroni nel cervelletto osservano la precisione del vostro <N1></N1> e decidono quando il circuito che produce quel movimento ha bisogno di essere aggiornato?	So the cerebellum has some important functions but the main reason my lab focuses on this structure its the brain region where we have the very best chance of understanding how learning works at the level of the circuit.				
FALSE					
					
Credo anche che sia una morale del potere dolce, del <L1>soft</L1> power , come dicono gli Americani, cioè quel potere della dolcezza.	There isn't guilt when I don't give a helping hand when I'm asked.				
Credo anche che sia una morale del potere dolce, del <N1></N1> power , come dicono gli Americani, cioè quel potere della dolcezza.	There isn't guilt when I don't give a helping hand when I'm asked.				
FALSE					
					
E ora, diciamo che una buona parte del popolo ha questa <L1>berlina</L1> di dimensione media.	I sensed some confusion coming out of the last video on inferior goods.				
E ora, diciamo che una buona parte del popolo ha questa <N1></N1> di dimensione media.	I sensed some confusion coming out of the last video on inferior goods.				
FALSE					
					
E' un concetto Arabo-Musulmano sullo speciale <L1>karma</L1> che ricevi, una benedizione che viene dai genitori, passata al figlio dalla madre o dal padre .	When I was growing up in New Jersey I dreamed of having a passport to everywhere.				
E' un concetto Arabo-Musulmano sullo speciale <N1></N1> che ricevi, una benedizione che viene dai genitori, passata al figlio dalla madre o dal padre .	When I was growing up in New Jersey I dreamed of having a passport to everywhere.				
FALSE					
					
Attenzione: <L1>spoiler</L1> in arrivo gli specchi non sono trasparenti, non sono d'argento come spesso si dice.	It's very exciting. I've found that asking a strange question is a great way to get people in, not just people, but fans.				
Attenzione: <N1>anticipazione</N1> in arrivo gli specchi non sono trasparenti, non sono d'argento come spesso si dice.	It's very exciting. I've found that asking a strange question is a great way to get people in, not just people, but fans.				
TRUE					
					
l'equipaggio nel suo diario, quando l'unico membro del suo <L1>equipaggio</L1> sono io?	Captain to the bridge. Captain, our departure window shall expire...				
l'equipaggio nel suo diario, quando l'unico membro del suo <N1></N1> sono io?	Captain to the bridge. Captain, our departure window shall expire...				
FALSE					
					
In questo videon vedremo come l'uovo fertilizzato si sviluppa una volta che è diventato <L1>zigote</L1>	There are so many examples in history of the most powerful man, coming under the sway of a beautiful girl.	zigoto zigote			
In questo videon vedremo come l'uovo fertilizzato si sviluppa una volta che è diventato <N1></N1>	There are so many examples in history of the most powerful man, coming under the sway of a beautiful girl.				
FALSE					
					
Le vicende narrate nella prima <L1>rapsodia</L1> sono, più o meno, queste: ci troviamo nel nono anno di assedio a Ilios, o Troia. Come scopriremo più tardi nel poema, 51 o secondo altri 53 giorni prima della fine della guerra, quando Crise, sacerdote di Apollo, fa visita, o meglio si arrischia ad addentrarsi nel cuore dell'accampamento greco, per pregare gli Achei di riconsegnarli la ragazza (sua figlia).	You're going to love this one.				
Le vicende narrate nella prima <N1></N1> sono, più o meno, queste: ci troviamo nel nono anno di assedio a Ilios, o Troia. Come scopriremo più tardi nel poema, 51 o secondo altri 53 giorni prima della fine della guerra, quando Crise, sacerdote di Apollo, fa visita, o meglio si arrischia ad addentrarsi nel cuore dell'accampamento greco, per pregare gli Achei di riconsegnarli la ragazza (sua figlia).	You're going to love this one.				
FALSE					
					
Ma le storie personali che contribuiscono al <L1>buffet</L1> giornalistico sono pezzi che godono del lusso di un ballo lento di informazioni	They tell you the numbers, and the answers to how much, how many, where, when, and who.				
Ma le storie personali che contribuiscono all' <N1>offerta</N1> giornalistica sono pezzi che godono del lusso di un ballo lento di informazioni	They tell you the numbers, and the answers to how much, how many, where, when, and who.				
TRUE					
					
E' un insieme di legno, <L1>ghisa</L1> e feltro, e corde d'acciaio e tutto il resto, e tutto ciò è straordinariamente sensibile a temperatura e umidità.	And so on the same disk we have five recordings --				
E' un insieme di legno, <N1></N1> e feltro, e corde d'acciaio e tutto il resto, e tutto ciò è straordinariamente sensibile a temperatura e umidità.	And so on the same disk we have five recordings --				
FALSE					
					
Cosa c'è caldo, in acciaio ad gigante infinitamente grande e giornate calde quando ti aveva usato per <L1>pattinare</L1> qui. ..	Day child comes home from school and gas have five pots				
Cosa c'è caldo, in acciaio ad gigante infinitamente grande e giornate calde quando ti aveva usato per <N1></N1> qui. ..	Day child comes home from school and gas have five pots				
FALSE					
					
Non mi offrono qualsiasi partita, qualsiasi offerta di lavoro nulla si muove nella mia vita come non essere scontroso, come donna sente che ha a voglio dire due parole giusti <L1>alma</L1> mater alla Collina	Thank'm lame				
Non mi offrono qualsiasi partita, qualsiasi offerta di lavoro nulla si muove nella mia vita come non essere scontroso, come donna sente che ha a voglio dire due parole giusti <N1></N1> mater alla Collina	Thank'm lame				
FALSE					
					
Che <L1>spread</L1> coupon Rashi	Your soul from expressing any disadvantage				
Che <N1></N1> coupon Rashi	Your soul from expressing any disadvantage				
FALSE					
					
Per esempio, Il Gemara spiega un altro esempio due <L1>querelle</L1> sulla schiava schiavo Questo è il mio non è vero, è mio non è vero, mi ha donato it parte dello schiavo è sceso Il giorno dopo con il nome e il biglietto dal vero proprietario dello schiavo sempre rivelare dove il cibo non era soddisfatto	What do you Ormat asked incest? wanted to let them incest?				
Per esempio, Il Gemara spiega un altro esempio due <N1></N1> sulla schiava schiavo Questo è il mio non è vero, è mio non è vero, mi ha donato it parte dello schiavo è sceso Il giorno dopo con il nome e il biglietto dal vero proprietario dello schiavo sempre rivelare dove il cibo non era soddisfatto	What do you Ormat asked incest? wanted to let them incest?				
FALSE					
					
Il paparino della <L1>gilda</L1> è arrabbiato.	I'm down.				
Il paparino della <N1></N1> è arrabbiato.	I'm down.				
FALSE					
					
Il problema è che questa politica funziona, e il <L1>bluff</L1> non viene scoperto, solo se credibile.	Well, why has violence declined?				
Il problema è che questa politica funziona, e il <N1>finzione</N1> non viene scoperto, solo se credibile.	Well, why has violence declined?				
TRUE					
					
Ci stiamo avvicinando a livelli di indebitamento che avevamo durante la Seconda Guerra Mondiale, e i baby <L1>boomer</L1> non sono ancora nemmeno andati in pensione, e quando lo faranno, questo è quello che accadrà.	This graph shows the national debt as a percentage of America's GDP, and as you see, if you go all the way back to the founding, we borrowed a lot of money to fight the Revolutionary War.				
Ci stiamo avvicinando a livelli di indebitamento che avevamo durante la Seconda Guerra Mondiale, e i baby <N1></N1> non sono ancora nemmeno andati in pensione, e quando lo faranno, questo è quello che accadrà.	This graph shows the national debt as a percentage of America's GDP, and as you see, if you go all the way back to the founding, we borrowed a lot of money to fight the Revolutionary War.				
FALSE					
					
La mafia raramente possiede direttamente le sue imprese, ma piuttosto invia mensilmente dei criminali a <L1>derubare</L1> i proprietari delle imprese	There have been four major phases of human farming.				
La mafia raramente possiede direttamente le sue imprese, ma piuttosto invia mensilmente dei criminali a <N1></N1> i proprietari delle imprese	There have been four major phases of human farming.				
FALSE					
					
Quindi, ancora, il sottrarsi a questa sfera, un sottrarsi così <L1>endemico</L1> per tutta quell'architettura pura, quell'architettura autonoma che è solo un oggetto astratto, non mi ha mai attirato.	Space is complex.				
Quindi, ancora, il sottrarsi a questa sfera, un sottrarsi così <N1></N1> per tutta quell'architettura pura, quell'architettura autonoma che è solo un oggetto astratto, non mi ha mai attirato.	Space is complex.				
FALSE					
					
Un'analisi di questo respirocita, progettato da Rob Freitas, indica che se sostituisci 10% delle tue cellule sanguigne con queste versioni robotiche, potresti fare uno <L1>sprint</L1> Olimpico per 15 minuti senza fare un respiro.	This is based on the number of hosts.				
Un'analisi di questo respirocita, progettato da Rob Freitas, indica che se sostituisci 10% delle tue cellule sanguigne con queste versioni robotiche, potresti fare una <N1>volata</N1> Olimpica per 15 minuti senza fare un respiro.	This is based on the number of hosts.				
TRUE					
					
Esso definisce un nuovo tipo di rapporto tra i nostri paesi: un futuro in cui gli Afghani saranno responsabili della sicurezza della loro nazione, e costruiremo un partenariato <L1>egalitario</L1> tra due paesi sovrani; un futuro in cui la guerra finisce e inizia un nuovo capitolo.	But look how it came up in Google searches why did it come up  pirated books downloads  if you searched  pirated books  why did it come up  pirated movies downloads  if you searched that?				
Esso definisce un nuovo tipo di rapporto tra i nostri paesi: un futuro in cui gli Afghani saranno responsabili della sicurezza della loro nazione, e costruiremo un partenariato <N1></N1> tra due paesi sovrani; un futuro in cui la guerra finisce e inizia un nuovo capitolo.	But look how it came up in Google searches why did it come up  pirated books downloads  if you searched  pirated books  why did it come up  pirated movies downloads  if you searched that?				
FALSE					
					
Questi robot sono una specie di <L1>intermediario</L1> tra il carattere principale, Simon Powers, e la sua famiglia.	If I were here playing cello, or playing on a synth, or sharing my music with you, I'd be able to show things about myself that I can't tell you in words, more personal things, perhaps deeper things.	intermediatore mezzano mediatore intermediario			
Questi robot sono una specie di <N1></N1> tra il carattere principale, Simon Powers, e la sua famiglia.	If I were here playing cello, or playing on a synth, or sharing my music with you, I'd be able to show things about myself that I can't tell you in words, more personal things, perhaps deeper things.				
FALSE					
					
E, infine, volevamo capire quale impatto avrebbe avuto questa struttura sull'ambiente marino, e abbiamo attrezzato un sito nella località detta *Moss Landing Marine Lab* nella Baia di Monterey, una <L1>rada</L1> dove poter verificare l'impatto sugli organismi marini.	What do I mean by that?				
E, infine, volevamo capire quale impatto avrebbe avuto questa struttura sull'ambiente marino, e abbiamo attrezzato un sito nella località detta *Moss Landing Marine Lab* nella Baia di Monterey, una <N1></N1> dove poter verificare l'impatto sugli organismi marini.	What do I mean by that?				
FALSE					
					
Nella <L1>cheesecake</L1> e nei vari dessert, come la mousse al cioccolato, il tiramisù e il budino alla vaniglia, tutti i freschi al supermercato, c'è la gelatina per farli sembrare più belli.	In total, they weigh 103.7 kilograms.				
Nella <N1></N1> e nei vari dessert, come la mousse al cioccolato, il tiramisù e il budino alla vaniglia, tutti i freschi al supermercato, c'è la gelatina per farli sembrare più belli.	In total, they weigh 103.7 kilograms.				
FALSE					
					
Ci siamo già stati prima, all'inizio degli anni '80, eppure le nostre indagini su Saturno sono diventate di gran lunga più approfondite e dettagliate dal momento in cui la sonda Cassini, in viaggio attraverso lo spazio interplanetario per sette anni, planò nell'orbita di Saturno nell'estate del 2004, diventando in quel preciso istante il più lontano <L1>avamposto</L1> robotizzato mai installato dall'umanità attorno al Sole.	EM:				
Ci siamo già stati prima, all'inizio degli anni '80, eppure le nostre indagini su Saturno sono diventate di gran lunga più approfondite e dettagliate dal momento in cui la sonda Cassini, in viaggio attraverso lo spazio interplanetario per sette anni, planò nell'orbita di Saturno nell'estate del 2004, diventando in quel preciso istante il più lontano <N1></N1> robotizzato mai installato dall'umanità attorno al Sole.	EM:				
FALSE					
					
Il <L1>hijab</L1> o il velo sono simboli di sottomissione o di resistenza?	Normally, we would pass this input to Mozilla and then see whether it crashes or not, but in order to keep things simple, we're simply having this simple testing function, which checks directly for what is supposed to be in the input.				
Il <N1></N1> o il velo sono simboli di sottomissione o di resistenza?	Normally, we would pass this input to Mozilla and then see whether it crashes or not, but in order to keep things simple, we're simply having this simple testing function, which checks directly for what is supposed to be in the input.				
FALSE					
					
Ecco un esempio dalla Thailandia, dove abbiamo scoperto che, a causa dello scarso valore della <L1>mangrovia</L1> - circa 600 dollari nell'arco dei nove anni in cui è stato calcolato -- rispetto al suo valore se tolta per creare allevamenti di gamberetti, pari a circa 9600 dollari, è stata registrata una graduale diminuzione delle mangrovie per favorire gli allevamenti di gamberetti.	The green represents the percentage.				
Ecco un esempio dalla Thailandia, dove abbiamo scoperto che, a causa dello scarso valore della <N1></N1> - circa 600 dollari nell'arco dei nove anni in cui è stato calcolato -- rispetto al suo valore se tolta per creare allevamenti di gamberetti, pari a circa 9600 dollari, è stata registrata una graduale diminuzione delle mangrovie per favorire gli allevamenti di gamberetti.	The green represents the percentage.				
FALSE					
					
Il povero ragazzo, gli attaccano la <L1>webcam</L1> in testa con lo scotch.	Where do you begin?				
Il povero ragazzo, gli attaccano la <N1>telecamera</N1> in testa con lo scotch.	Where do you begin?				
TRUE					
					
Possono inserire delle piccole fotocamere e forse un giorno offrire altri generi di <L1>artiglieria</L1> in zone di guerra.	They've created a kind of insect bot, or bugbot.				
Possono inserire delle piccole fotocamere e forse un giorno offrire altri generi di <N1></N1> in zone di guerra.	They've created a kind of insect bot, or bugbot.				
FALSE					
					
Al primo posto nel subreddit della Lega, questo disegno incredibile raffigura la spettacolare azione nella giungla di TheOddOne durante i <L1>playoff</L1> della League of Legends Championship Series.	Bringing this moment to a real-life setting, this photo highlights Zac's origins with sticky detail.				
Al primo posto nel subreddit della Lega, questo disegno incredibile raffigura la spettacolare azione nella giungla di TheOddOne durante i <N1></N1> della League of Legends Championship Series.	Bringing this moment to a real-life setting, this photo highlights Zac's origins with sticky detail.				
FALSE					
					
Così nel <L1>cabaret</L1> si suppone che il cabarettista debba dominare il pubblico. gran parte dell'azione deriva dalla tensione nel fatto di provare ad assicurarsi che il cabarettista sia capace di dominare e avere la meglio sulle provocazioni.	Or as I call them, the good ol' days.				
Così nel <N1></N1> si suppone che il cabarettista debba dominare il pubblico. gran parte dell'azione deriva dalla tensione nel fatto di provare ad assicurarsi che il cabarettista sia capace di dominare e avere la meglio sulle provocazioni.	Or as I call them, the good ol' days.				
FALSE					
					
E disse che io dovevo portargli più rispetto perchè ci aveva messo 18 anni per imparare a <L1>mimare</L1> in maniera appropriata.	And it was like being psychoanalyzed.				
E disse che io dovevo portargli più rispetto perchè ci aveva messo 18 anni per imparare a <N1></N1> in maniera appropriata.	And it was like being psychoanalyzed.				
FALSE					
					
Nel 1991 questo organismo del colera arrivò a <L1>lima</L1> in Peru, e nel giro di un paio di mesi si diffuse nelle regioni vicine.	Some countries that might have clean water supplies, so that you can't get waterborne transmission: you expect the organism to evolve to mildness there.				
Nel 1991 questo organismo del colera arrivò a <N1></N1> in Peru, e nel giro di un paio di mesi si diffuse nelle regioni vicine.	Some countries that might have clean water supplies, so that you can't get waterborne transmission: you expect the organism to evolve to mildness there.				
FALSE					
					
Sentite una tremenda tensione e la <L1>suspense</L1> perché sapete che qualcuno salterà fuori e sarà spaventoso, ma non sapete quando avverrà.	The two genres might seem totally different, but the reason they're both so popular is perhaps because what they have in common: their use of dramatic irony.				
Sentite una tremenda tensione e l'<N1>apprensione</N1> perché sapete che qualcuno salterà fuori e sarà spaventoso, ma non sapete quando avverrà.	The two genres might seem totally different, but the reason they're both so popular is perhaps because what they have in common: their use of dramatic irony.				
TRUE					
					
E poi ho realizzato una scuola di legge per Loyola a <L1>downtown</L1> Los Angeles.	Let me go right into the slides.				
E poi ho realizzato una scuola di legge per Loyola nel <N1>centro città</N1> di Los Angeles.	Let me go right into the slides.				
TRUE					
					
Era un venditore di <L1>souvenir</L1> che aveva sempre voluto essere un pittore, e io ero Frankie P. Toronto.	(Laughter)				
Era un venditore di <N1>ricordini</N1> che aveva sempre voluto essere un pittore, e io ero Frankie P. Toronto.	(Laughter)				
TRUE					
					
Beh, guardiamo il <L1>replay</L1> e vediamo che è successo.	However, if you go past them without the sheep, they don't give a shit.				
Beh, guardiamo la <N1>registrazione</N1> e vediamo che è successo.	However, if you go past them without the sheep, they don't give a shit.				
TRUE					
					
Ma dove la corruzione avanza e la gente non ha la possibilità di ricevere protezione dallo Stato, in quei casi chi usa violenza, chi usa violenza restando impunito può allungare le mani e fare <L1>razzia</L1> dei più esposti riducendoli in schiavitù.	Now, how on Earth did we get to a situation like this, where we have 27 million people in slavery in the year 2010?				
Ma dove la corruzione avanza e la gente non ha la possibilità di ricevere protezione dallo Stato, in quei casi chi usa violenza, chi usa violenza restando impunito può allungare le mani e fare <N1></N1> dei più esposti riducendoli in schiavitù.	Now, how on Earth did we get to a situation like this, where we have 27 million people in slavery in the year 2010?				
FALSE					
					
MD: Il maggior vantaggio del lavoro non volontario quale <L1>asset</L1> è l'offerta costante.	And we're also joined by Brent Lawson from Lawson Frisk Securities.				
MD: Il maggior vantaggio del lavoro non volontario quale <N1></N1> è l'offerta costante.	And we're also joined by Brent Lawson from Lawson Frisk Securities.				
FALSE					
					
Servizi di <L1>proxy</L1> per scavalcare i firewall nazionali.	That's ludicrous.				
Servizi di <N1></N1> per scavalcare i firewall nazionali.	That's ludicrous.				
FALSE					
					
Noi la chiamiamo il tavolo da <L1>bistrot</L1> , ma non è ancora pronta per essere mostrata.	I called it the shotglass.	bistrò bistrot			
Noi la chiamiamo il tavolo da <N1></N1> , ma non è ancora pronta per essere mostrata.	I called it the shotglass.				
FALSE					
					
Driving down a <L1>boulevard</L1> solo	No!				
Driving down a <N1></N1> solo	No!				
FALSE					
					
Dal primo giorno in terra abbiamo avuto un aumento quintuplo di riciclaggio, Eppure, noi stiamo producendo più <L1>trash</L1> che abbiamo fatto nel 1970.	It's as if the issue has been diluted among all the others; even though population growth and human consumption are the major factors in our on-going environmental crisis.				
Dal primo giorno in terra abbiamo avuto un aumento quintuplo di riciclaggio, Eppure, noi stiamo producendo più <N1>immondizia</N1> che abbiamo fatto nel 1970.	It's as if the issue has been diluted among all the others; even though population growth and human consumption are the major factors in our on-going environmental crisis.				
TRUE					
					
E disse: Il mio <L1>artigliere</L1> lanciava caramelle...	I'll share one story.				
E disse: Il mio <N1></N1> lanciava caramelle...	I'll share one story.				
FALSE					
					
Una delle cose che abbiamo imparato visitando diversi teatri, è che noi architetti siamo odiati perché dicono che la prima cosa che devono fare, i primi 5 minuti di ogni spettacolo, è togliere dalla testa del loro <L1>patron</L1> la nostra architettura.	And you can drill, cut, nail, screw paint and replace, with a minimum of cost.				
Una delle cose che abbiamo imparato visitando diversi teatri, è che noi architetti siamo odiati perché dicono che la prima cosa che devono fare, i primi 5 minuti di ogni spettacolo, è togliere dalla testa del loro <N1>organizzatore</N1> la nostra architettura.	And you can drill, cut, nail, screw paint and replace, with a minimum of cost.				
TRUE					
					
Ma anche Becket con lo <L1>skyline</L1> di Dallas sullo sfondo.	You would be able to expose the auditorium to Dallas or vice versa, Dallas to the auditorium.				
Ma anche Becket con l'<N1>orizzonte</N1> di Dallas sullo sfondo.	You would be able to expose the auditorium to Dallas or vice versa, Dallas to the auditorium.				
TRUE					
					
Ed è una domanda molto pericolosa. Perché conduce alla via del <L1>fondamentalismo</L1> e della violnza.	(Laughter)				
Ed è una domanda molto pericolosa. Perché conduce alla via del <N1></N1> e della violnza.	(Laughter)				
FALSE					
					
Il Decreto Glass-Steagall - il cui scopo era quello di proteggerci da quel tipo di problemi che hanno portato alla recessione e alla crisi delle banche e a tutto quello che ha portato ai <L1>bailout</L1> - diventato effettivo nel 1933, è stato sistematicamente fatto a pezzi.	It really started from the destruction of the idea that the government is there because it's our government, meant to protect the larger public interest.				
Il Decreto Glass-Steagall - il cui scopo era quello di proteggerci da quel tipo di problemi che hanno portato alla recessione e alla crisi delle banche e a tutto quello che ha portato ai <N1></N1> - diventato effettivo nel 1933, è stato sistematicamente fatto a pezzi.	It really started from the destruction of the idea that the government is there because it's our government, meant to protect the larger public interest.				
FALSE					
					
Come sapete, Anonymous nasce alcuni anni fa, coagulandosi attorno a una bacheca on-line di immagini, <L1>manga</L1> e anime, 4chan, nella sua sottosezione B.	If you've been using a previous version, download Drupal 7 now to discover all the great changes.				
Come sapete, Anonymous nasce alcuni anni fa, coagulandosi attorno a una bacheca on-line di immagini, <N1></N1> e anime, 4chan, nella sua sottosezione B.	If you've been using a previous version, download Drupal 7 now to discover all the great changes.				
FALSE					
					
Tra l'altro, l'anonimato on-line non è per niente una cosa banale. Per raggiungere il vero anonimato on-line bisogna usare una serie di tecniche, di strumenti, una concatenazione di VPN, di proxy, software come TOR e possibilmente <L1>craccare</L1> il Wi-fi del vicino.	Could Anonymous exist without media?				
Tra l'altro, l'anonimato on-line non è per niente una cosa banale. Per raggiungere il vero anonimato on-line bisogna usare una serie di tecniche, di strumenti, una concatenazione di VPN, di proxy, software come TOR e possibilmente <N1></N1> il Wi-fi del vicino.	Could Anonymous exist without media?				
FALSE					
					
Quanto <L1>empowerment</L1> c'è nel consumo seriale di <L2>gadget</L2> costosi, che hanno un ciclo di vita di uno o due anni? Che sono costruiti su sistemi chiusi e giardini recintati?	By the way, th on-line anonimity is absolutely not a banal thing: to surf the New in a truly anonymous way one must use a whole serie of techniques, tools, VPNs, proxies, softwares like TOR, and possibly crack your neighbour's wi-fi.				
Quanto <N1>accrescimento di potere</N1> c'è nel consumo seriale di <N2>accessori</N2> costosi, che hanno un ciclo di vita di uno o due anni? Che sono costruiti su sistemi chiusi e giardini recintati?	By the way, th on-line anonimity is absolutely not a banal thing: to surf the New in a truly anonymous way one must use a whole serie of techniques, tools, VPNs, proxies, softwares like TOR, and possibly crack your neighbour's wi-fi.				
TRUE					
					
I loro sono aromatizzati con <L1>miso</L1> e pasta di sesamo, quindi non sono dolci come i nostri.	[Try it!]				
I loro sono aromatizzati con <N1></N1> e pasta di sesamo, quindi non sono dolci come i nostri.	[Try it!]				
FALSE					
					
Ha preso in considerazione le compagnie che avevano un centro Ricerca e Sviluppo negli USA e in India e poi ha preso un brevetto uscito dal laboratorio americano ed un simile brevetto uscito dalla <L1>succursale</L1> indiana e si è messo a confrontare il brevetto americano con quello indiano per vedere se la qualità del brevetto depositato per il laboratorio indiano, potesse reggere il paragone con quella americana.	It could also be novel ways of organizing firms and industries.	concessionario succursale filiale agenzia			
Ha preso in considerazione le compagnie che avevano un centro Ricerca e Sviluppo negli USA e in India e poi ha preso un brevetto uscito dal laboratorio americano ed un simile brevetto uscito dalla <N1></N1> indiana e si è messo a confrontare il brevetto americano con quello indiano per vedere se la qualità del brevetto depositato per il laboratorio indiano, potesse reggere il paragone con quella americana.	It could also be novel ways of organizing firms and industries.				
FALSE					
					
Il fattore demografico è incredibile, ma paradossalmente, alimenta il <L1>miraggio</L1> di una risorsa di manodopera inesauribile.	The first is what we called sinking skill ladder, and now I'm going to go back to where I started my conversation with you, which was about the flight of jobs.	illusione miraggio			
Il fattore demografico è incredibile, ma paradossalmente, alimenta il <N1></N1> di una risorsa di manodopera inesauribile.	The first is what we called sinking skill ladder, and now I'm going to go back to where I started my conversation with you, which was about the flight of jobs.				
FALSE					
					
E non solo questi <L1>kamikaze</L1> hanno ucciso centinaia di persone, hanno fatto di più, perché hanno creato ancora più odio, più rabbia e ancora più paura e ovviamente disperazione.	At Acumen Fund, we take philanthropic resources and we invest what we call patient capital -- money that will invest in entrepreneurs who see the poor not as passive recipients of charity, but as full-bodied agents of change who want to solve their own problems and make their own decisions.				
E non solo questi <N1></N1> hanno ucciso centinaia di persone, hanno fatto di più, perché hanno creato ancora più odio, più rabbia e ancora più paura e ovviamente disperazione.	At Acumen Fund, we take philanthropic resources and we invest what we call patient capital -- money that will invest in entrepreneurs who see the poor not as passive recipients of charity, but as full-bodied agents of change who want to solve their own problems and make their own decisions.				
FALSE					
					
Un <L1>sorbetto</L1> di mirtillo dopo il pasto.	Right Eun Jo?!				
Un <N1></N1> di mirtillo dopo il pasto.	Right Eun Jo?!				
FALSE					
					
Dall'età di 11 anni smisi di andare alla messa della domenica e cominciai a fare <L1>birdwatching</L1> con mio padre.	Chris asked me to tell again how we found the structure of DNA.				
Dall'età di 11 anni smisi di andare alla messa della domenica e cominciai a fare <N1></N1> con mio padre.	Chris asked me to tell again how we found the structure of DNA.				
FALSE					
					
Vieni serio, vieni fori a <L1>slip</L1>	Only know you love her when you let her go				
Vieni serio, vieni fori a <N1></N1>	Only know you love her when you let her go				
FALSE					
					
Incontriamo la nostra Parasha il primo <L1>sensale</L1> Eliezer, alla ricerca di una corrispondenza per Isacco impareremo cosa cercare in un partner.	And I wish them it will end they will return to their home. today we shall learn a lesson about life/				
Incontriamo la nostra Parasha il primo <N1></N1> Eliezer, alla ricerca di una corrispondenza per Isacco impareremo cosa cercare in un partner.	And I wish them it will end they will return to their home. today we shall learn a lesson about life/				
FALSE					
					
Che cosa è che un pane <L1>azzimo</L1> per la Pasqua?	The first meeting, the location of the first meeting very very very influential.				
Che cosa è che un pane <N1></N1> per la Pasqua?	The first meeting, the location of the first meeting very very very influential.				
FALSE					
					
E questo, ovviamente, è <L1>deleterio</L1> per chi vuole costruire una carriera remunerativa.	At Capão Redondo, nobody dreams about being a physician.				
E questo, ovviamente, è <N1></N1> per chi vuole costruire una carriera remunerativa.	At Capão Redondo, nobody dreams about being a physician.				
FALSE					
					
In Georgia, dopo anni di stallo, abbiamo assistito a una diffusa <L1>escalation</L1> di violenza, nell'agosto del 2008.	This is a sort of sensitivity to... Harmony, balance... Yeah, absolutely.				
In Georgia, dopo anni di stallo, abbiamo assistito a un diffus <N1>aumento</N1> di violenza, nell'agosto del 2008.	This is a sort of sensitivity to... Harmony, balance... Yeah, absolutely.				
TRUE					
					
Chi l'ha fatta aveva il senso dello humour. Lo <L1>humour</L1> non c'entra qui. Vuoi dire che bisogna essere seri davanti a un affare come questo?	I don't know what you wanted to come here for, Dennis. This joint is nothing but a place for a bunch of sexless women... who don't have any love in their life.	umore senso dell'umorismo spirito umorismo humour			
Chi l'ha fatta aveva il senso dello humour. Lo <N1>umorismo</N1> non c'entra qui. Vuoi dire che bisogna essere seri davanti a un affare come questo?	I don't know what you wanted to come here for, Dennis. This joint is nothing but a place for a bunch of sexless women... who don't have any love in their life.				
TRUE					
					
Un esempio? La storia del <L1>cormorano</L1> nero.	Hey, Bennie.				
Un esempio? La storia del <N1></N1> nero.	Hey, Bennie.				
FALSE					
					
Ora ospita <L1>atelier</L1> di artisti, gruppi di teatro, e gruppi di danza.	So as a result of that, demographers predict that through 2025, 75 to 85 percent of new households will not have kids in them.				
Ora ospita <N1>bottega</N1> di artisti, gruppi di teatro, e gruppi di danza.	So as a result of that, demographers predict that through 2025, 75 to 85 percent of new households will not have kids in them.				
TRUE					
					
Spesso le ristrutturazioni sono accusate di creare esempi di centri città finti, e di urbanismo pret-a-porter. Non senza ragione - c'è poco di più <L1>fasullo</L1> di un prato di verde artificiale.	The first is to plan retrofitting much more systemically at the metropolitan scale.				
Spesso le ristrutturazioni sono accusate di creare esempi di centri città finti, e di urbanismo pret-a-porter. Non senza ragione - c'è poco di più <N1></N1> di un prato di verde artificiale.	The first is to plan retrofitting much more systemically at the metropolitan scale.				
FALSE					
					
Voglio che vi <L1>uniate</L1> alla protesta e chiediate, domandiate luoghi suburbani più sostenibili, luoghi più sotenibili, punto.	And so we've created the eco-acre transfer-to-transfer development rights to the transit corridors and allow the re-greening of those former subdivisions for food and energy production.	unito uniate			
Voglio che vi <N1></N1> alla protesta e chiediate, domandiate luoghi suburbani più sostenibili, luoghi più sotenibili, punto.	And so we've created the eco-acre transfer-to-transfer development rights to the transit corridors and allow the re-greening of those former subdivisions for food and energy production.				
FALSE					
					
Per formulare delle teorie sul possibile bersaglio ci siamo ricordati che era un <L1>sabotaggio</L1> veramente hardcore doveva essere un bersaglio di gran valore, e doveva essere molto probabilmente situato in Iran, perché quello è il luogo dove sono state segnalate il maggior numero di infezioni.	So we better find out what the target is soon.  So we extracted and decompiled the attack code, and we discovered that it's structured in two digital bombs -- a smaller one and a bigger one. And we also saw that they are very professionally engineered by people who obviously had all insider information.				
Per formulare delle teorie sul possibile bersaglio ci siamo ricordati che era un <N1></N1> veramente hardcore doveva essere un bersaglio di gran valore, e doveva essere molto probabilmente situato in Iran, perché quello è il luogo dove sono state segnalate il maggior numero di infezioni.	So we better find out what the target is soon.  So we extracted and decompiled the attack code, and we discovered that it's structured in two digital bombs -- a smaller one and a bigger one. And we also saw that they are very professionally engineered by people who obviously had all insider information.				
FALSE					
					
<L1>UEFA</L1> CHAMPIONS LEAGUE (27-04-2011) Mourinho: and I hope to know, someday, the answer UEFA CHAMPIONS LEAGUE (27-04-2011)	...being on good terms with these institutions...				
<N1></N1> CHAMPIONS LEAGUE (27-04-2011) Mourinho: and I hope to know, someday, the answer UEFA CHAMPIONS LEAGUE (27-04-2011)	...being on good terms with these institutions...				
FALSE					
					
Quando si è nel <L1>backstage</L1> si dà una risposta che forse lo fa sembrare così. Diciamo:	And here is me today.				
Quando si è nel <N1>dietro le quinte</N1> si dà una risposta che forse lo fa sembrare così. Diciamo:	And here is me today.				
TRUE					
					
Non dico una <L1>t-shirt</L1> sportiva, ma la stessa maglia che indossano i giocatori nella partita.	Let's move on. Let's try  Miniature Golf .	maglietta t-shirt			
Non dico una <N1>maglietta a maniche corte</N1> sportiva, ma la stessa maglia che indossano i giocatori nella partita.	Let's move on. Let's try  Miniature Golf .				
TRUE					
					
Ricordo l'espressione sul viso del <L1>tight</L1> ends dopo il ballo.	Who would it be?				
Ricordo l'espressione sul viso del <N1></N1> ends dopo il ballo.	Who would it be?				
FALSE					
					
No, Negli anni '70. c'è la serie di successo La donna <L1>bionica</L1> che ha scalato la classifica dei top 10 nel 1973, seguita da L'Uomo da Sei Milioni di Dollari e da Charlie's Angels .	MAS*H.				
No, Negli anni '70. c'è la serie di successo La donna <N1></N1> che ha scalato la classifica dei top 10 nel 1973, seguita da L'Uomo da Sei Milioni di Dollari e da Charlie's Angels .	MAS*H.				
FALSE					
					
Lei si estendeva fino in punta di piedi, e guardò oltre il bordo del fungo, e i suoi occhi subito incontrato quelli di un grande bruco, che era seduto sulla cima con le braccia conserte, fumando tranquillamente uno <L1>narghilè</L1> lungo, e non con preavviso minimo di lei o di qualsiasi altra cosa. &gt;	I think that will be the best plan.'				
Lei si estendeva fino in punta di piedi, e guardò oltre il bordo del fungo, e i suoi occhi subito incontrato quelli di un grande bruco, che era seduto sulla cima con le braccia conserte, fumando tranquillamente uno <N1></N1> lungo, e non con preavviso minimo di lei o di qualsiasi altra cosa. &gt;	I think that will be the best plan.'				
FALSE					
					
Seguiva il fante di cuori, portando la corona reale su un velluto <L1>cremisi</L1> cuscino, e, ultimo di tutta questa gran processione venivano IL RE E LA REGINA DEI	That's none of YOUR business, Two!' said Seven.				
Seguiva il fante di cuori, portando la corona reale su un velluto <N1></N1> cuscino, e, ultimo di tutta questa gran processione venivano IL RE E LA REGINA DEI	That's none of YOUR business, Two!' said Seven.				
FALSE					
					
Da questa forma, abbiamo calcolato una linea di taglio, poi abbiamo dato questa linea di taglio a un <L1>cutter</L1> laser per creare - e ne vedete qui un segmento - tanti strati sottili, tagliati individualmente, uno sull'altro.	So this leads to a new role for the architect.				
Da questa forma, abbiamo calcolato una linea di taglio, poi abbiamo dato questa linea di taglio a un <N1></N1> laser per creare - e ne vedete qui un segmento - tanti strati sottili, tagliati individualmente, uno sull'altro.	So this leads to a new role for the architect.				
FALSE					
					
Alcuni dicono che dovrebbero essere gratuiti; dovrebbero essere <L1>tabloid</L1> o ancora più piccoli:	(Laughter) (Beatbox) Here we go.				
Alcuni dicono che dovrebbero essere gratuiti; dovrebbero essere <N1>quotidiano</N1> o ancora più piccoli:	(Laughter) (Beatbox) Here we go.				
TRUE					
					
In <L1>aviazione</L1> ci fu un periodo fantastico durato quattro anni dove accaddero cose meravigliose.	They need to look forward to exploration; they need to look forward to colonization; they need to look forward to breakthroughs.	aviazione aeronautica			
In <N1></N1> ci fu un periodo fantastico durato quattro anni dove accaddero cose meravigliose.	They need to look forward to exploration; they need to look forward to colonization; they need to look forward to breakthroughs.				
FALSE					
					
Stamattina c'ho messo 10 minuti per uscire dal parcheggio dell'Hilton di Burlingame perché la <L1>card</L1> della mia camera non funzionava... Sono stato a guardare tutti gli altri mettevano la card e passavano, mettevano la card e passavano... arriva il mio turno e non funziona. Ecco perché mi ci son voluti 10 minuti per uscire dal parcheggio.	And then, the last piece was a disclaimer that says 'we will not ship.				
Stamattina c'ho messo 10 minuti per uscire dal parcheggio dell'Hilton di Burlingame perché la <N1>tessera</N1> della mia camera non funzionava... Sono stato a guardare tutti gli altri mettevano la card e passavano, mettevano la card e passavano... arriva il mio turno e non funziona. Ecco perché mi ci son voluti 10 minuti per uscire dal parcheggio.	And then, the last piece was a disclaimer that says 'we will not ship.				
TRUE					
					
Un turbinare di persone pronte a fare pasta fatta in casa o quiche con i prodotti del loro orto o <L1>crauti</L1> lacto-fermentati o insaccati o formaggio artigianale.	And you can word it however you want to.				
Un turbinare di persone pronte a fare pasta fatta in casa o quiche con i prodotti del loro orto o <N1></N1> lacto-fermentati o insaccati o formaggio artigianale.	And you can word it however you want to.				
FALSE					
					
Ed è per questo che credo che piuttosto che provare a regolare e <L1>legiferare</L1> e scegliere precisamente cosa mi piace e cosa non mi piace.	So it seems that you're describing a really wedged situation here with the laws and how the money flows.				
Ed è per questo che credo che piuttosto che provare a regolare e <N1></N1> e scegliere precisamente cosa mi piace e cosa non mi piace.	So it seems that you're describing a really wedged situation here with the laws and how the money flows.				
FALSE					
					
Un esempio <L1>eclatante</L1> lo abbiamo avuto con la morte di Kim Jong-il alla fine dell'anno scorso, ci sono voluti due giorni prima che il resto del mondo venisse a conoscenza della sua morte.	They were never, they never -- they remember only hardship, and so their loyalty is not to the regime, but instead is to survival.	palese ovvio lapalissiano lampante chiaro perspicuo eclatante evidente			
Un esempio <N1></N1> lo abbiamo avuto con la morte di Kim Jong-il alla fine dell'anno scorso, ci sono voluti due giorni prima che il resto del mondo venisse a conoscenza della sua morte.	They were never, they never -- they remember only hardship, and so their loyalty is not to the regime, but instead is to survival.				
FALSE					
					
Per esempio, se addizionamo 3 + 2, possiamo immaginare che se magari ho 3 limoni-- 1, 2, 3. E se dovessi aggiungere a questi 3 limoni magari due lime-- si dice <L1>lime</L1> o limi?	One day,the Sun is going to run out of hydrogen in the core.				
Per esempio, se addizionamo 3 + 2, possiamo immaginare che se magari ho 3 limoni-- 1, 2, 3. E se dovessi aggiungere a questi 3 limoni magari due lime-- si dice <N1></N1> o limi?	One day,the Sun is going to run out of hydrogen in the core.				
FALSE					
					
È il solo <L1>pantalone</L1> e camicia che ho... me ne ricordo.	I said,  I have never seen it.	pantaloni pantalone calzoni calzone			
È il solo <N1></N1> e camicia che ho... me ne ricordo.	I said,  I have never seen it.				
FALSE					
					
90 trilioni di <L1>joule</L1> di energia corrispondono a 1 grammo di massa.	I think if you substitute that 0841068 whatever, you'd also find that that works.	joule J.-P.-Joule James-Prescott-Joule			
90 trilioni di <N1></N1> di energia corrispondono a 1 grammo di massa.	I think if you substitute that 0841068 whatever, you'd also find that that works.				
FALSE					
					
le persone che parlano il linguaggio <L1>sciacallo</L1> hanno imparato	So you have three slices remaining out of a total possible of how many?	avvoltoio sciacallo | cane del deserto sciacallo			
le persone che parlano il linguaggio <N1></N1> hanno imparato	So you have three slices remaining out of a total possible of how many?				
FALSE					
					
Un altro esempio di fumo negli occhi può essere la parola <L1>locavoro</L1> , nominata Parola dell'Anno dal New Oxford American Dictionary.	So, instead of substituting plants for animals, our swollen appetites simply became larger, and the most dangerous aspects of them remained unchanged.				
Un altro esempio di fumo negli occhi può essere la parola <N1></N1> , nominata Parola dell'Anno dal New Oxford American Dictionary.	So, instead of substituting plants for animals, our swollen appetites simply became larger, and the most dangerous aspects of them remained unchanged.				
FALSE					
					
Di fatto, secondo tutte le prove di questa ricerca sui collegamenti tra rumore e salute, 65 <L1>decibel</L1> sono il livello soglia di pericolo di infarto del miocardio.	That could be any child who's got a cold, glue ear, an ear infection, even hay fever.				
Di fatto, secondo tutte le prove di questa ricerca sui collegamenti tra rumore e salute, 65 <N1></N1> sono il livello soglia di pericolo di infarto del miocardio.	That could be any child who's got a cold, glue ear, an ear infection, even hay fever.				
FALSE					
					
Rendendo di fatto le mini bambole una specie intimamente separata si lavora per <L1>segregare</L1> ulteriormente il tema delle Amiche dal resto dell'universo LEGO.	Time to chill with the girls.				
Rendendo di fatto le mini bambole una specie intimamente separata si lavora per <N1></N1> ulteriormente il tema delle Amiche dal resto dell'universo LEGO.	Time to chill with the girls.				
FALSE					
					
Quindi, nello stile dei Monty Python, questo ricorda la <L1>gag</L1> del Lord Privy Seal , ma è per dire che i bambini non sono vasi vuoti.	So, these mental models -- we look for evidence that reinforces our models.				
Quindi, nello stile dei Monty Python, questo ricorda la <N1>scenetta</N1> del Lord Privy Seal , ma è per dire che i bambini non sono vasi vuoti.	So, these mental models -- we look for evidence that reinforces our models.				
TRUE					
					
Where flesh and <L1>soul</L1> melt in a wonderful body of art:	And we'll pay you a lot, so remember:				
Where flesh and <N1></N1> melt in a wonderful body of art:	And we'll pay you a lot, so remember:				
FALSE					
					
La cosa veramente interessante è che questo modo di disporre le sfere era conosciuto fin dagli antichi testi in Sanscrito, nel 499 d.C., quando qualcuno scriveva del modo migliore di disporre delle sfere se si vogliono <L1>imballare</L1> nel modo più denso possibile.	And think of them as being hard particles almost like billiard balls if they were suspended in some kind of solution and could jiggle around.				
La cosa veramente interessante è che questo modo di disporre le sfere era conosciuto fin dagli antichi testi in Sanscrito, nel 499 d.C., quando qualcuno scriveva del modo migliore di disporre delle sfere se si vogliono <N1></N1> nel modo più denso possibile.	And think of them as being hard particles almost like billiard balls if they were suspended in some kind of solution and could jiggle around.				
FALSE					
					
Olivia, non puoi mangiare i <L1>panda</L1> perché è una specie a rischio.	It's kind of different direction.				
Olivia, non puoi mangiare i <N1></N1> perché è una specie a rischio.	It's kind of different direction.				
FALSE					
					
La settimana scorsa ho fatto sesso con uno al <L1>supermarket</L1> perché mi piaceva come prendeva la mia roba.	Because it's across the street from my apartment. and I can work on my book when it's empty!	market supermarket supermercato			
La settimana scorsa ho fatto sesso con uno al <N1>supermercato</N1> perché mi piaceva come prendeva la mia roba.	Because it's across the street from my apartment. and I can work on my book when it's empty!				
TRUE					
					
Non è stato fino agli anni '80 s che qualcuno si avvicinò con questa idea di svolta meditazione in una bella termine laico che tutti potrebbe arrivare dietro, e questo è <L1>mindfulness</L1> . Così possiamo ringraziare	But I got to give you guys a talk, not just a bunch of thank-yous.				
Non è stato fino agli anni '80 s che qualcuno si avvicinò con questa idea di svolta meditazione in una bella termine laico che tutti potrebbe arrivare dietro, e questo è <N1></N1> . Così possiamo ringraziare	But I got to give you guys a talk, not just a bunch of thank-yous.				
FALSE					
					
- Meglio con un po' di superalcolici - E una scatola di <L1>paté</L1> de foiegras	Did you see the raven? - -No, I fell asleep too.				
- Meglio con un po' di superalcolici - E una scatola di <N1></N1> de foiegras	Did you see the raven? - -No, I fell asleep too.				
FALSE					
					
Hanno un qualcosa che io chiamo <L1>otaku</L1> - è una grande parola giapponese.	It was neat; it was remarkable; and slowly, it spread from one person to another person until finally, it became the official bread of three-star restaurants in Paris.				
Hanno un qualcosa che io chiamo <N1></N1> - è una grande parola giapponese.	It was neat; it was remarkable; and slowly, it spread from one person to another person until finally, it became the official bread of three-star restaurants in Paris.				
FALSE					
					
La vita <L1>bohémien</L1> è la sola vita che vale la pena vivere!	(Laughter)				
La vita <N1></N1> è la sola vita che vale la pena vivere!	(Laughter)				
FALSE					
					
Questo pulsante procedura elenca tutte le possibili procedure per riparare parti differenti del <L1>juke-box</L1> tool umbrella	This area acts as a total site search				
Questo pulsante procedura elenca tutte le possibili procedure per riparare parti differenti del <N1></N1> tool umbrella	This area acts as a total site search				
FALSE					
					
Dopo un po ', si <L1>usura</L1> e lei torner? alla sua infelicit?.	I like my coffee in the morning.	usura logorio logoramento			
Dopo un po ', si <N1></N1> e lei torner? alla sua infelicit?.	I like my coffee in the morning.				
FALSE					
					
Ho fatto tre goal, ho avuto due <L1>assist</L1> .	Then, they said they ignored all of that and they just showed them the times they did it right.				
Ho fatto tre goal, ho avuto due <N1></N1> .	Then, they said they ignored all of that and they just showed them the times they did it right.				
FALSE					
					
Avete visto come medico <L1>bey</L1> protegge il nostro Narin.	Son, listen to me just once.				
Avete visto come medico <N1></N1> protegge il nostro Narin.	Son, listen to me just once.				
FALSE					
					
Ci servono soluzioni, una o tante che siano, che funzionino su grande scala e molto affidabili, e sebbene si stia esplorando in molte direzioni, penso che solo cinque potranno <L1>sortire</L1> effetti importanti.	Usually, we don't have a deadline, where you have to get the miracle by a certain date.				
Ci servono soluzioni, una o tante che siano, che funzionino su grande scala e molto affidabili, e sebbene si stia esplorando in molte direzioni, penso che solo cinque potranno <N1></N1> effetti importanti.	Usually, we don't have a deadline, where you have to get the miracle by a certain date.				
FALSE					
					
E Paul Cohen sostiene che il pensiero Occidentale è probabilmente il più <L1>cosmopolita</L1> di tutte le culture.	I mean, if you want an illustration of this, the Great Wall is one.				
E Paul Cohen sostiene che il pensiero Occidentale è probabilmente il più <N1></N1> di tutte le culture.	I mean, if you want an illustration of this, the Great Wall is one.				
FALSE					
					
- e per il loro sostegno ai veterani di guerra quando rientrano, quando al loro ritorno si trovano a dover confrontare ferite di guerra o hanno bisogno di una <L1>mana</L1> per trovar lavoro o casa.	(Laughter, cheers, applause.)				
- e per il loro sostegno ai veterani di guerra quando rientrano, quando al loro ritorno si trovano a dover confrontare ferite di guerra o hanno bisogno di una <N1></N1> per trovar lavoro o casa.	(Laughter, cheers, applause.)				
FALSE					
					
Il n'a qu'une petite <L1>mèche</L1> de cheveux.	You look like you're in a good mood.				
Il n'a qu'une petite <N1></N1> de cheveux.	You look like you're in a good mood.				
FALSE					
					
Du blé cru... du riz <L1>cru</L1> et des oeufs crus... Fais-les moisir... en les avalant.	You don't have time to mess with people.				
Du blé cru... du riz <N1></N1> et des oeufs crus... Fais-les moisir... en les avalant.	You don't have time to mess with people.				
FALSE					
					
Sono arrivato su un camion con circa 50 ribelli alla battaglia di Jalalabad, io, <L1>surfista</L1> vegetariano di 19 anni di Jacksonville, Florida.	Open your mind, arms, and heart to new things and people.				
Sono arrivato su un camion con circa 50 ribelli alla battaglia di Jalalabad, io, <N1></N1> vegetariano di 19 anni di Jacksonville, Florida.	Open your mind, arms, and heart to new things and people.				
FALSE					
					
L'antenato comune di <L1>orangutan</L1> e umana presenti.	Their claws, however, limited their adeptness in the trees.	orangutano orangutan orangotango orango			
L'antenato comune di <N1></N1> e umana presenti.	Their claws, however, limited their adeptness in the trees.				
FALSE					
					
La buona notizia è che possiamo usare il nostro potente cervello adulto per creare un qualche tipo di dispositivo <L1>mnemonico</L1> o un aiuto visivo per aiutarci ad imparare cose come questa.	If you are lucky, you can remember all this and you can even make up some new words and sometimes you are likely to be right.				
La buona notizia è che possiamo usare il nostro potente cervello adulto per creare un qualche tipo di dispositivo <N1></N1> o un aiuto visivo per aiutarci ad imparare cose come questa.	If you are lucky, you can remember all this and you can even make up some new words and sometimes you are likely to be right.				
FALSE					
					
Le cavità senza occhi degli animali da <L1>soma</L1> ovunque contano per le miriadi di corvi lungo la strada.	And one of the soldiers wrote home, and this is the sentence that he put:	soma peso			
Le cavità senza occhi degli animali da <N1></N1> ovunque contano per le miriadi di corvi lungo la strada.	And one of the soldiers wrote home, and this is the sentence that he put:				
FALSE					
					
Una <L1>emulsione</L1> è una mistura uniforme di sostanze oleose e sostanze acquose, che solitamente non si miscelano.	People from all over the world are coming to play in my arcade.				
Una <N1></N1> è una mistura uniforme di sostanze oleose e sostanze acquose, che solitamente non si miscelano.	People from all over the world are coming to play in my arcade.				
FALSE					
					
Ma 10 000 anni fa, sono scomparsi dalla Nuova Guinea, e sfortunatamente 4000 anni fa, qualcuno, non sappiamo chi fosse, ha introdotto i <L1>dingo</L1> -- è un tipo di cane molto arcaico -- in Australia.	We found carnivorous kangaroos.				
Ma 10 000 anni fa, sono scomparsi dalla Nuova Guinea, e sfortunatamente 4000 anni fa, qualcuno, non sappiamo chi fosse, ha introdotto i <N1></N1> -- è un tipo di cane molto arcaico -- in Australia.	We found carnivorous kangaroos.				
FALSE					
					
Roger nuota molto velocemente e riesce a raggiungerlo e il polpo cerca di <L1>bluffare</L1> e di sembrare molto grande alla vista.	There's big animals too.				
Roger nuota molto velocemente e riesce a raggiungerlo e il polpo cerca di <N1>ingannare</N1> e di sembrare molto grande alla vista.	There's big animals too.				
TRUE					
					
Ma vi renderete conto che tutta questa conversazione sul matrimonio <L1>egualitario</L1> non parla di strappar via i diritti di qualcuno.	All of which flies in the face of the Gay Agenda, also known as the US Constitution, specifically this little Amendment right here:				
Ma vi renderete conto che tutta questa conversazione sul matrimonio <N1></N1> non parla di strappar via i diritti di qualcuno.	All of which flies in the face of the Gay Agenda, also known as the US Constitution, specifically this little Amendment right here:				
FALSE					
					
Guardate, questo è <L1>tetrapak</L1> -- materiali orribili dal punto di visto dell'ambiente.	This is an old bicycle tube, which gives you a broad rubber band, two safety pins.				
Guardate, questo è <N1></N1> -- materiali orribili dal punto di visto dell'ambiente.	This is an old bicycle tube, which gives you a broad rubber band, two safety pins.				
FALSE					
					
Loro non... loro facevano <L1>snorkeling</L1> per tutto il tempo che glielo lasciavamo fare.	You know, it's a silo, people in silos.				
Loro non... loro facevano <N1></N1> per tutto il tempo che glielo lasciavamo fare.	You know, it's a silo, people in silos.				
FALSE					
					
Mi sono guardato attorno, e ho visto un altro paracadutista, un ragazzo o ragazza, aveva estratto la sua <L1>carabina</L1> M-4 e stava raccogliendo il suo equipaggiamento.	And you really can't decide where you hit very much, because they pretend you can steer, but you're being delivered.				
Mi sono guardato attorno, e ho visto un altro paracadutista, un ragazzo o ragazza, aveva estratto la sua <N1></N1> M-4 e stava raccogliendo il suo equipaggiamento.	And you really can't decide where you hit very much, because they pretend you can steer, but you're being delivered.				
FALSE					
					
Penserete che la <L1>truppa</L1> che ho comandato fosse composta da soldati dallo sguardo truce, grandi pugni che impugnavano diverse armi.	I've got to use video teleconferences, I've got to use chat, I've got to use email, I've got to use phone calls -- I've got to use everything I can, not just for communication, but for leadership.	truppa frotta schiera stuolo legione torma			
Penserete che la <N1></N1> che ho comandato fosse composta da soldati dallo sguardo truce, grandi pugni che impugnavano diverse armi.	I've got to use video teleconferences, I've got to use chat, I've got to use email, I've got to use phone calls -- I've got to use everything I can, not just for communication, but for leadership.				
FALSE					
					
Il cameriere è arrivato con una noce di <L1>tartufo</L1> bianco e il tagliatartufi: lo ha affettato sulla mia pasta e ha detto,	It may come from Wagyu cattle, but it's not from the original, Appalachian Hyogo Prefecture in Japan.				
Il cameriere è arrivato con una noce di <N1></N1> bianco e il tagliatartufi: lo ha affettato sulla mia pasta e ha detto,	It may come from Wagyu cattle, but it's not from the original, Appalachian Hyogo Prefecture in Japan.				
FALSE					
					
Ce n'è una con <L1>dispenser</L1> di profumo.	A recurring theme is that a lot of these things are from Japan -- you'll start to notice.				
Ce n'è una con <N1></N1> di profumo.	A recurring theme is that a lot of these things are from Japan -- you'll start to notice.				
FALSE					
					
- la grotta diventa una dimora, - la vigna, una pergola, - una <L1>faglia</L1> naturale si trasforma in un giardino - e la fonte viene incanalata.	Nature v. town?	faille faglia			
- la grotta diventa una dimora, - la vigna, una pergola, - una <N1></N1> naturale si trasforma in un giardino - e la fonte viene incanalata.	Nature v. town?				
FALSE					
					
Ho anche fatto -- e non voglio iniziare un piccolo litigio nel prossimo <L1>panel</L1> -- ma ho fatto un'analisi con Google Share dell'evoluzione e selezione naturale.	And one of the things that I experimented with is this thing called Google Share which is basically, you take an abstract term, and you search Google for that term, and then you search the results that you get back for somebody's name.				
Ho anche fatto -- e non voglio iniziare un piccolo litigio nel prossimo <N1>incontro</N1> -- ma ho fatto un'analisi con Google Share dell'evoluzione e selezione naturale.	And one of the things that I experimented with is this thing called Google Share which is basically, you take an abstract term, and you search Google for that term, and then you search the results that you get back for somebody's name.				
TRUE					
					
Abbiamo tratto l'idea di riappropriarci dei parcheggi con programmi come il Parking Day e simili, stiamo cercando spazi per ridestinarli e redistribuire i diritti di precedenza dietro di noi abbiamo il primo parcheggio con il <L1>parquet</L1> e l'idea è quella di ricostruire economicamente una piattaforma dove priva c'era un parcheggio, e fornire una serie di attrazioni e cose utili come tavoli da caffé e sedie, dove possibile panchine, rastrelliere per bici, e arredo urbano.	Imagine what you can do with all that space.				
Abbiamo tratto l'idea di riappropriarci dei parcheggi con programmi come il Parking Day e simili, stiamo cercando spazi per ridestinarli e redistribuire i diritti di precedenza dietro di noi abbiamo il primo parcheggio con il <N1></N1> e l'idea è quella di ricostruire economicamente una piattaforma dove priva c'era un parcheggio, e fornire una serie di attrazioni e cose utili come tavoli da caffé e sedie, dove possibile panchine, rastrelliere per bici, e arredo urbano.	Imagine what you can do with all that space.				
FALSE					
					
Ha avuto tutte queste parole su come Napoleone e lo <L1>zar</L1> Alexander I sono ora amici.	Even now, if you think about even modern wars, that's a major amount of casualties to have in just one single battle.				
Ha avuto tutte queste parole su come Napoleone e lo <N1></N1> Alexander I sono ora amici.	Even now, if you think about even modern wars, that's a major amount of casualties to have in just one single battle.				
FALSE					
					
Ho provato a scegliere esempi che sono stati davvero controversi, sulle quali la gente ha opinioni davvero forti a riguardo; tipo: i matrimoni dello stesso sesso, prostituzione o pornografia, la <L1>legalizzazione</L1> delle droghe...	By contrast, formats like MP3 or other audio compression approaches for recording voice, do not follow this general pattern, or at least they don't look like they do at first blush.				
Ho provato a scegliere esempi che sono stati davvero controversi, sulle quali la gente ha opinioni davvero forti a riguardo; tipo: i matrimoni dello stesso sesso, prostituzione o pornografia, la <N1></N1> delle droghe...	By contrast, formats like MP3 or other audio compression approaches for recording voice, do not follow this general pattern, or at least they don't look like they do at first blush.				
FALSE					
					
L'accordo fondamentale con il <L1>barré</L1> forse sai già è il Fa è un accordo in forma di Mi	Paintings by Hubert Robert from the Hermitage Museum				
L'accordo fondamentale con il <N1></N1> forse sai già è il Fa è un accordo in forma di Mi	Paintings by Hubert Robert from the Hermitage Museum				
FALSE					
					
Il cervello di un utente assiduo si riorganizza a fronte di questa abbondanza genetica adattandosi specificamente ad un tale <L1>harem</L1> pornografico.	What happened?				
Il cervello di un utente assiduo si riorganizza a fronte di questa abbondanza genetica adattandosi specificamente ad un tale <N1></N1> pornografico.	What happened?				
FALSE					
					
Comportamenti associati a ciò sono: senso di solitudine, voyeurismo, cliccare, cercare, aprire più schede, mandare avanti-veloce, ricerca di novità, <L1>choc</L1> e sorpresa.	Their erections and their brains fired up.	choc impressione shock scossone			
Comportamenti associati a ciò sono: senso di solitudine, voyeurismo, cliccare, cercare, aprire più schede, mandare avanti-veloce, ricerca di novità, <N1>trauma</N1> e sorpresa.	Their erections and their brains fired up.				
TRUE					
					
Nel 1950, nasce il nuovo flacone, reinterpretato con il motivo <L1>pied-de-poule</L1> di Monsieur Dior, addolcito dalla curva che reca la griffe della Maison, riflesso della moda di Monsieur Dior.	And more than a new perfume, a new essence of life.				
Nel 1950, nasce il nuovo flacone, reinterpretato con il motivo <N1></N1> di Monsieur Dior, addolcito dalla curva che reca la griffe della Maison, riflesso della moda di Monsieur Dior.	And more than a new perfume, a new essence of life.				
FALSE					
					
Quando è stata l'ultima volta che avete mai sentito parlare di uno scandalo sessuale che coinvolge un <L1>quacchero</L1> chierico?	And you may show up in a building where you're required to say words out loud about what you believe, and what happens if you don't believe exactly that thing?				
Quando è stata l'ultima volta che avete mai sentito parlare di uno scandalo sessuale che coinvolge un <N1></N1> chierico?	And you may show up in a building where you're required to say words out loud about what you believe, and what happens if you don't believe exactly that thing?				
FALSE					
					
Vi ricordate quel cartone della Loony Tunes dove c'è quel <L1>coyote</L1> patetico che è sempre lì che insegue e non cattura mai Beep Beep?	How does it feel -- emotionally -- how does it feel to be wrong?				
Vi ricordate quel cartone della Loony Tunes dove c'è quel <N1></N1> patetico che è sempre lì che insegue e non cattura mai Beep Beep?	How does it feel -- emotionally -- how does it feel to be wrong?				
FALSE					
					
- Cosa? - qualcuno ha messo un annuncio: vendo i <L1>collant</L1>	- Count of the inventory.				
- Cosa? - qualcuno ha messo un annuncio: vendo i <N1></N1>	- Count of the inventory.				
FALSE					
					
Ma esistono anche zuccheri meno dolci, come il <L1>lattosio</L1> del latte e quando voi digerite il lattosio lo trasformate in zuccheri più dolci... ma di per sè esso non è così dolce come il glucosio o il fruttosio	So the whole point is really to go from glucose, from one mole of glucose -- and the textbooks will tell you -- to 38 ATPs.				
Ma esistono anche zuccheri meno dolci, come il <N1></N1> del latte e quando voi digerite il lattosio lo trasformate in zuccheri più dolci... ma di per sè esso non è così dolce come il glucosio o il fruttosio	So the whole point is really to go from glucose, from one mole of glucose -- and the textbooks will tell you -- to 38 ATPs.				
FALSE					
					
Alcuni possono <L1>planare</L1> in orizzontale per 18 metri ogni 30 centimetri di discesa.	Then we did the solar car for General Motors -- the Sunracer -- that won the race in Australia.				
Alcuni possono <N1></N1> in orizzontale per 18 metri ogni 30 centimetri di discesa.	Then we did the solar car for General Motors -- the Sunracer -- that won the race in Australia.				
FALSE					
					
Al momento è Menu <L1>item</L1> roots e se clicco semplicemente Save &amp; Close per mostrarvi cosa succede, Achievements ora si trova alla fine dell'elenco dei menù, qui.	I might order this by alphabetical order.				
Al momento è Menu <N1></N1> roots e se clicco semplicemente Save &amp; Close per mostrarvi cosa succede, Achievements ora si trova alla fine dell'elenco dei menù, qui.	I might order this by alphabetical order.				
FALSE					
					
Li vuole con la <L1>cerniera</L1> o con i bottoni?	Opportunity costs subtract from the satisfaction we get out of what we choose, even when what we choose is terrific.	zip cerniera lampo cerniera			
Li vuole con la <N1></N1> o con i bottoni?	Opportunity costs subtract from the satisfaction we get out of what we choose, even when what we choose is terrific.				
FALSE					
					
Questo aveva significato che tutti in famiglia avevano dovuto fare turni per portarla a tingersi i capelli, cioè, di quel particolare azzurro che si abbina al suo <L1>tailleur</L1> in poliestere, lo stesso colore della Buick.	I got an errand to run.	tailleur due pezzi			
Questo aveva significato che tutti in famiglia avevano dovuto fare turni per portarla a tingersi i capelli, cioè, di quel particolare azzurro che si abbina al suo <N1></N1> in poliestere, lo stesso colore della Buick.	I got an errand to run.				
FALSE					
					
Si troveranno a dover pagare <L1>ticket</L1> aggiuntivi per i <L2>checkup</L2> di base che servono a mantenerli in salute.	OBAMA:				
Si troveranno a dover pagare <N1>controbuti</N1> aggiuntivi per i <N2>controlli</N2> di base che servono a mantenerli in salute.	OBAMA:				
TRUE					
					
Dice che come una scatola di verdure, <L1>giada</L1> viene, portato a voi da pomodori.	When he shall be a 33 year run in his pants?				
Dice che come una scatola di verdure, <N1></N1> viene, portato a voi da pomodori.	When he shall be a 33 year run in his pants?				
FALSE					
					
Da qualche vile <L1>forfait</L1> di morte prematura, ma chi ha la terza classe del mio corso	This is the hag, when maids lie on their backs, That presses them, and learns them first to bear,				
Da qualche vile <N1></N1> di morte prematura, ma chi ha la terza classe del mio corso	This is the hag, when maids lie on their backs, That presses them, and learns them first to bear,				
FALSE					
					
Un <L1>alligatore</L1> stuff'd, e pelli di altri malati a forma di pesci, e sulle sue mensole	Your looks are pale and wild, and do import				
Un <N1></N1> stuff'd, e pelli di altri malati a forma di pesci, e sulle sue mensole	Your looks are pale and wild, and do import				
FALSE					
					
Sono stato ferito, quindi ruberai il mio <L1>deck</L1> e andrai a giocare a carte con il tuo arci-rivale?	Wait, who is this?				
Sono stato ferito, quindi ruberai il mio <N1></N1> e andrai a giocare a carte con il tuo arci-rivale?	Wait, who is this?				
FALSE					
					
Abbiamo trovato questo leopardo in Africa, in un <L1>baobab</L1> vecchio di 2000 anni, lo stesso albero in cui avevamo trovato la madre e la nonna.	lee brutal the it'll patios coming in good had booming again he faced going in takes half a step back goes back in and this is the perfect punch perfect timing for marquez with one second left in the six around drop some into the market drops back the alps states first on the canvas he was down for at least i'd say three minutes or something like that uh... bittersweet to say the least robert when you say of a bittersweet i mean it's fees suite five stresses the bittersweet science one never knows what's going to happen at any given time uh... watching paki alco down and watch impact gel state-owned was horrific of this error the word to explain it dart to describe it um... his work is going nuts the crowd and false violent of these views commentators to their credit you know maintained uh... steady stream of dialogue but i think everybody is holding their breath because he wasn't hurt he was a mobile he was talent he was out hold uh... a terrible thing to st probably c uh... but it's boxing belt buckle up say of the brutality a boxing is no mystery uh... we should be a mystery um... again it was pretty ality america science media's so sweet so it's a bruising is the ability of one mentor too circular will boat and to sort of recognizes oppose weaknesses in to exploit this weaknesses what markets did could decide it any better and i like the way for that brutality married to science the reason i say and for people that may may not have understood what i was saying was it's bittersweet it's so weak because marquez gets his redemption he finally gets that way it's better because we possibly saw but not just the fallen uh... a fallen fighter and broken fire possibly from now on what we saw on a true champion who dominated the sport for so long and was such a such a dominating fire in the weight classes that he decided to enroll in and to see him go down like that knocked out cold the doctors rushed into the ring neutralizing his head uh... it was danny it was a great win but it was also incredibly sad incredibly sad and robert we were talking last night on the phone after the fight night ask u_n_ i'll have you explain to the audience once again had you ever seen a fighter not just the paki al but uh... i'll fighter that good in every way class that he's been in have you ever seen a fighter comeback from a knock out like that and have another successful run in this sport uh... it can happen it but it doesn't happen often issue i meet you can you remember being hit uh... it was unclear saw the replay that he insisted that he had been hit he didn't know that he was knocked out even see the punch he didn't even feel the punchline conscious the moment the punchline did whether paki I awoke and ever come back to the footer that he was i which say will be the packet we saw last night was not the fighter that he was i mean we've been we should've watched his slow erosion as a fighter and it has been flowing again because he used secularized to read of a fighter it was barely noticeable probably started after the koto fight and one weekend dissolution it's a packet was slowly surely but not really clearly it became more clear in his left to fight the plate will flow marketers before like that is and of course is play with uh... to be bradley so he has been slipping so he is not the same frederick he was and when he returns sits on the question of if he returns when he returns she will not be the seem pleasure but he was well karta last night let me just the maybe correctly from my standpoint and what i truly believe the marquez paki al uh... quadruple fights that we saw uh... paki out has possibly deteriorated from the brutality of those fights i thought against koto he still looked incredibly good obviously with that win against bradley we both agreed that paki al cover-up anyone that fight so i don't know if he slowed down in the bradley fight i didn't think he slowed down much adult like he's in baseball that a little bit yeah with the case competing in this brutal sport for all these years but tonight the for me personally that i think he looks low not really kazi techniques hitting marquez over and over and over again with those straight left hands he unleashed brutal combinations the fifth ron was possibly the round of the year in boxing so i don't know if i agree with you with that that he slowed down i think he just got hit from udya who i'm not going to say that he was juicing i'm not saying that all i'm leaving that up to the viewers uh... because as if you did he didn't know going into this fight their were urno this aging bodies and the too new fighters camps did not agree on drug testing prior to the site and mark has brought in a guy who was heavily associated with the balboa controversy soaps uh... getting back to my previous point i don't think patio what slow i don't think you dragged along at all well i think what we're really look forward to confer with interesting for a couple of reasons one of which was saw last night certainly in the first five rounds what looked like the resurrection amandeep akio yes somebody he was a pack your bolti was the packed yet with the fire in his belly with automotive history somebody who really came to fight devoting would take off half of the trial and he will be replaced we strongly resurrection of many packing all and then we saw the demolition amandeep acl moments later i mean which makes in the bittersweet nature of of what transpired last night at the m_g_m_ grand the although more bitter um... rather than so while he was a week resurging cushion colton different kinds of ways because again we saw the packet although we remember from years past and yet rossinimatt unconscious lying on the road buying on the ring gathers unconscious um... but without russia rocker premier jacques earn one that i have a quick gotten over yet				
Abbiamo trovato questo leopardo in Africa, in un <N1></N1> vecchio di 2000 anni, lo stesso albero in cui avevamo trovato la madre e la nonna.	lee brutal the it'll patios coming in good had booming again he faced going in takes half a step back goes back in and this is the perfect punch perfect timing for marquez with one second left in the six around drop some into the market drops back the alps states first on the canvas he was down for at least i'd say three minutes or something like that uh... bittersweet to say the least robert when you say of a bittersweet i mean it's fees suite five stresses the bittersweet science one never knows what's going to happen at any given time uh... watching paki alco down and watch impact gel state-owned was horrific of this error the word to explain it dart to describe it um... his work is going nuts the crowd and false violent of these views commentators to their credit you know maintained uh... steady stream of dialogue but i think everybody is holding their breath because he wasn't hurt he was a mobile he was talent he was out hold uh... a terrible thing to st probably c uh... but it's boxing belt buckle up say of the brutality a boxing is no mystery uh... we should be a mystery um... again it was pretty ality america science media's so sweet so it's a bruising is the ability of one mentor too circular will boat and to sort of recognizes oppose weaknesses in to exploit this weaknesses what markets did could decide it any better and i like the way for that brutality married to science the reason i say and for people that may may not have understood what i was saying was it's bittersweet it's so weak because marquez gets his redemption he finally gets that way it's better because we possibly saw but not just the fallen uh... a fallen fighter and broken fire possibly from now on what we saw on a true champion who dominated the sport for so long and was such a such a dominating fire in the weight classes that he decided to enroll in and to see him go down like that knocked out cold the doctors rushed into the ring neutralizing his head uh... it was danny it was a great win but it was also incredibly sad incredibly sad and robert we were talking last night on the phone after the fight night ask u_n_ i'll have you explain to the audience once again had you ever seen a fighter not just the paki al but uh... i'll fighter that good in every way class that he's been in have you ever seen a fighter comeback from a knock out like that and have another successful run in this sport uh... it can happen it but it doesn't happen often issue i meet you can you remember being hit uh... it was unclear saw the replay that he insisted that he had been hit he didn't know that he was knocked out even see the punch he didn't even feel the punchline conscious the moment the punchline did whether paki I awoke and ever come back to the footer that he was i which say will be the packet we saw last night was not the fighter that he was i mean we've been we should've watched his slow erosion as a fighter and it has been flowing again because he used secularized to read of a fighter it was barely noticeable probably started after the koto fight and one weekend dissolution it's a packet was slowly surely but not really clearly it became more clear in his left to fight the plate will flow marketers before like that is and of course is play with uh... to be bradley so he has been slipping so he is not the same frederick he was and when he returns sits on the question of if he returns when he returns she will not be the seem pleasure but he was well karta last night let me just the maybe correctly from my standpoint and what i truly believe the marquez paki al uh... quadruple fights that we saw uh... paki out has possibly deteriorated from the brutality of those fights i thought against koto he still looked incredibly good obviously with that win against bradley we both agreed that paki al cover-up anyone that fight so i don't know if he slowed down in the bradley fight i didn't think he slowed down much adult like he's in baseball that a little bit yeah with the case competing in this brutal sport for all these years but tonight the for me personally that i think he looks low not really kazi techniques hitting marquez over and over and over again with those straight left hands he unleashed brutal combinations the fifth ron was possibly the round of the year in boxing so i don't know if i agree with you with that that he slowed down i think he just got hit from udya who i'm not going to say that he was juicing i'm not saying that all i'm leaving that up to the viewers uh... because as if you did he didn't know going into this fight their were urno this aging bodies and the too new fighters camps did not agree on drug testing prior to the site and mark has brought in a guy who was heavily associated with the balboa controversy soaps uh... getting back to my previous point i don't think patio what slow i don't think you dragged along at all well i think what we're really look forward to confer with interesting for a couple of reasons one of which was saw last night certainly in the first five rounds what looked like the resurrection amandeep akio yes somebody he was a pack your bolti was the packed yet with the fire in his belly with automotive history somebody who really came to fight devoting would take off half of the trial and he will be replaced we strongly resurrection of many packing all and then we saw the demolition amandeep acl moments later i mean which makes in the bittersweet nature of of what transpired last night at the m_g_m_ grand the although more bitter um... rather than so while he was a week resurging cushion colton different kinds of ways because again we saw the packet although we remember from years past and yet rossinimatt unconscious lying on the road buying on the ring gathers unconscious um... but without russia rocker premier jacques earn one that i have a quick gotten over yet				
FALSE					
					
Per fortuna, lo trovai all'ultimo minuto: probabilmente era un posto lasciato libero da un parlamentare, perché era nella prima fila, posto 1L: quel volo ricordo ancora e conservo il <L1>check-in</L1> delle 19:40, imbarco Alitalia.	I like it.				
Per fortuna, lo trovai all'ultimo minuto: probabilmente era un posto lasciato libero da un parlamentare, perché era nella prima fila, posto 1L: quel volo ricordo ancora e conservo il <N1></N1> delle 19:40, imbarco Alitalia.	I like it.				
FALSE					
					
Era solo una consuetudine e una tradizione inscritta nelle rigide <L1>fatwa</L1> religiose e imposta alle donne.	It all hit me.				
Era solo una consuetudine e una tradizione inscritta nelle rigide <N1></N1> religiose e imposta alle donne.	It all hit me.				
FALSE					
					
Non avevo violato la legge, e avevo tenuto il mio <L1>abaya</L1> - è un mantello nero che indossiamo in Arabia Saudita prima di uscire di casa - e le mie compagne di cella continuavano a dirmi di toglierlo, ma ero così sicura della mia innocenza, che continuavo a dire,	And to my surprise, it got hundreds of thousands of views the first day.				
Non avevo violato la legge, e avevo tenuto il mio <N1></N1> - è un mantello nero che indossiamo in Arabia Saudita prima di uscire di casa - e le mie compagne di cella continuavano a dirmi di toglierlo, ma ero così sicura della mia innocenza, che continuavo a dire,	And to my surprise, it got hundreds of thousands of views the first day.				
FALSE					
					
Per fare una T-shirt per bambini ci vogliono 4/5 di <L1>yard</L1> di stoffa, o i 4/5 di una yard di stoffa.	If you remember our program works going through the individual states of the finite state machine, you will find that this input is not processed correctly.				
Per fare una T-shirt per bambini ci vogliono 4/5 di <N1></N1> di stoffa, o i 4/5 di una yard di stoffa.	If you remember our program works going through the individual states of the finite state machine, you will find that this input is not processed correctly.				
FALSE					
					
Un giocatore decide che il suo compagno è un <L1>niubbo</L1> e perde completamente le staffe.	Now you've got a choice:				
Un giocatore decide che il suo compagno è un <N1></N1> e perde completamente le staffe.	Now you've got a choice:				
FALSE					
					
Ma provate a immaginare se cestinassimo questa nozione di <L1>expertise</L1> e di cattedra elitaria, e al suo posto abbracciassimo l'idea di un'expertise democratizzata, per cui l'expertise non sia solo appannaggio di chirurghi e CEO, ma anche delle commesse - sì.	It seems that they've somehow overlooked the fact that over half the world's population are women.				
Ma provate a immaginare se cestinassimo questa nozione di <N1>esperienza</N1> e di cattedra elitaria, e al suo posto abbracciassimo l'idea di un'expertise democratizzata, per cui l'expertise non sia solo appannaggio di chirurghi e CEO, ma anche delle commesse - sì.	It seems that they've somehow overlooked the fact that over half the world's population are women.				
TRUE					
					
Se si arriva in auto, polizia e <L1>gendarme</L1> sono in attesa per lui.	Let go!				
Se si arriva in auto, polizia e <N1></N1> sono in attesa per lui.	Let go!				
FALSE					
					
Ho un labrador nero e guido un <L1>minivan</L1> Honda Odyssey.	I'm just one woman with a story to tell.				
Ho un labrador nero e guido un <N1></N1> Honda Odyssey.	I'm just one woman with a story to tell.				
FALSE					
					
Ciò per cui tutta questa gente si è adoperata è stato di prendere la tecnologia del solfuro di idrogeno, che è sfociata in una start-up che consuma capitale di rischio molto velocemente, e fondere la start-up con un'altra società che vende un altro gas tossico, più tossico del solfuro di idrogeno, e somministrare il gas a neonati che altrimenti morirebbero a causa di patologie che impediscono loro di <L1>ossigenare</L1> i tessuti in modo appropriato.	In fact, so low that physicians will not have to lower or dim the metabolism of people much at all to see the benefit I just mentioned, which is a wonderful thing, if you're thinking about adopting this.				
Ciò per cui tutta questa gente si è adoperata è stato di prendere la tecnologia del solfuro di idrogeno, che è sfociata in una start-up che consuma capitale di rischio molto velocemente, e fondere la start-up con un'altra società che vende un altro gas tossico, più tossico del solfuro di idrogeno, e somministrare il gas a neonati che altrimenti morirebbero a causa di patologie che impediscono loro di <N1></N1> i tessuti in modo appropriato.	In fact, so low that physicians will not have to lower or dim the metabolism of people much at all to see the benefit I just mentioned, which is a wonderful thing, if you're thinking about adopting this.				
FALSE					
					
Non solo la guerra <L1>cibernetica</L1> non è trattata dagli esistenti quadri normativi, ma cosa costituisca di preciso la guerra cibernetica è ancora oggetto di dibattito.	It itself is Self. Yes. Drop the notion that something stops you from being This.				
Non solo la guerra <N1></N1> non è trattata dagli esistenti quadri normativi, ma cosa costituisca di preciso la guerra cibernetica è ancora oggetto di dibattito.	It itself is Self. Yes. Drop the notion that something stops you from being This.				
FALSE					
					
Anakata non fare-il <L1>know-how</L1> a-fucking-encrypt-suo-computer!	-he married a Jewish girl. He has four kids.				
Anakata non fare-il <N1></N1> a-fucking-encrypt-suo-computer!	-he married a Jewish girl. He has four kids.				
FALSE					
					
Sono le regioni a cui puntano. Il mondo è questo complesso <L1>patchwork</L1> di regioni.	This arc of development gives us unprecedented and extremely valuable information about how the scaffolding of vision gets set up.				
Sono le regioni a cui puntano. Il mondo è questo complesso <N1></N1> di regioni.	This arc of development gives us unprecedented and extremely valuable information about how the scaffolding of vision gets set up.				
FALSE					
					
E credetemi allora non c'erano Wal-Marts o <L1>minimarket</L1> là fuori era davvero una sorta di vita di campagna	OK. That completely destroys the relationship between the business and the sidewalk, where the theoretical pedestrians are. (Laughter)				
E credetemi allora non c'erano Wal-Marts o <N1></N1> là fuori era davvero una sorta di vita di campagna	OK. That completely destroys the relationship between the business and the sidewalk, where the theoretical pedestrians are. (Laughter)				
FALSE					
					
Maurice Allais era un economista libero, un autodidatta, un <L1>scientista</L1> che ha imparato l'economia da solo,	In Japan they are so disciplined that 1% is enough.				
Maurice Allais era un economista libero, un autodidatta, un <N1></N1> che ha imparato l'economia da solo,	In Japan they are so disciplined that 1% is enough.				
FALSE					
					
E francamente, affronto un grande ostacolo: quando parlo di funghi a qualcuno, subito pensano agli <L1>champignon</L1> o ai funghi allucinogeni, strabuzzano gli occhi, e pensano che io sia un po' pazzo.	We have now entered in the 6X, the sixth major extinction on this planet.				
E francamente, affronto un grande ostacolo: quando parlo di funghi a qualcuno, subito pensano agli <N1></N1> o ai funghi allucinogeni, strabuzzano gli occhi, e pensano che io sia un po' pazzo.	We have now entered in the 6X, the sixth major extinction on this planet.				
FALSE					
					
L'acido <L1>ossalico</L1> è composto da due molecole di CO2 unite insieme.	When you walk across landscapes, it leaps up in the aftermath of your footsteps trying to grab debris.				
L'acido <N1></N1> è composto da due molecole di CO2 unite insieme.	When you walk across landscapes, it leaps up in the aftermath of your footsteps trying to grab debris.				
FALSE					
					
Così ho pensato di usare i sacchi di <L1>iuta</L1> come deposito di riserva e ho inserito il micelio nei detriti accumulati dopo una tempesta. Potete prendere questi sacchi di iuta, metterli a valle di una fattoria che sta producendo E.coli, o altri rifiuti, o di un'azienda con tossine chimiche e questo conduce al ripristino dell'habitat.	So, the mycelium becomes saturated with the oil, and then, when we returned six weeks later, all the tarps were removed, all the other piles were dead, dark and stinky.				
Così ho pensato di usare i sacchi di <N1></N1> come deposito di riserva e ho inserito il micelio nei detriti accumulati dopo una tempesta. Potete prendere questi sacchi di iuta, metterli a valle di una fattoria che sta producendo E.coli, o altri rifiuti, o di un'azienda con tossine chimiche e questo conduce al ripristino dell'habitat.	So, the mycelium becomes saturated with the oil, and then, when we returned six weeks later, all the tarps were removed, all the other piles were dead, dark and stinky.				
FALSE					
					
Così, bombardando la <L1>caserma</L1> di polizia di Al Abbas, in pieno centro, è rimasta coinvolta nelle esplosioni anche la scuola elementare lì a fianco.	That is, before this morning, when all hell broke loose outside my windows.				
Così, bombardando la <N1></N1> di polizia di Al Abbas, in pieno centro, è rimasta coinvolta nelle esplosioni anche la scuola elementare lì a fianco.	That is, before this morning, when all hell broke loose outside my windows.				
FALSE					
					
Arafa e un infermiere hanno caricato i due feriti sull'ambulanza, hanno chiuso gli sportelli pronti a correre verso l'ospedale, quando sono stati centrati in pieno da un <L1>obice</L1> sparato da un carro armato.	After 10 unnerving minutes, when weíd already decided to evacuate the area... ...in response to another call, we noticed them as they turned the corner, advancing towards us slowly, a mule-drawn cart carrying some people.				
Arafa e un infermiere hanno caricato i due feriti sull'ambulanza, hanno chiuso gli sportelli pronti a correre verso l'ospedale, quando sono stati centrati in pieno da un <N1></N1> sparato da un carro armato.	After 10 unnerving minutes, when weíd already decided to evacuate the area... ...in response to another call, we noticed them as they turned the corner, advancing towards us slowly, a mule-drawn cart carrying some people.				
FALSE					
					
Chiaramente qualcuno a Tel Aviv non riesce a digerire che le immagini dei massacri di civili... ...possano sovrapporsi a quelle dei <L1>briefing</L1> con tanto di rinfresco offerto ai giornalisti prezzolati.	Just moments before, in front of a cafÈ, I'd been listening to the stories of the heroic deeds of the communist Abu Mohammed's heroes... ...the leaders of the Popular Front:				
Chiaramente qualcuno a Tel Aviv non riesce a digerire che le immagini dei massacri di civili... ...possano sovrapporsi a quelle delle <N1>riunioni</N1> con tanto di rinfresco offerto ai giornalisti prezzolati.	Just moments before, in front of a cafÈ, I'd been listening to the stories of the heroic deeds of the communist Abu Mohammed's heroes... ...the leaders of the Popular Front:				
TRUE					
					
Andando verso l'ospedale di Al Quds... ...correndo su uno dei pochi taxi temerari... ...che zigzagando ancora sfidano il tiro a segno delle bombe, ho visto fermi ad una angolo di strada un gruppo di ragazzini sporchi, coi vestiti rattoppati, tali e quali i nostri <L1>sciuscià</L1> del dopoguerra italiano.	Instead, we see Palestinian corpses coming into the hospitals without any eyes at all, as if someone had removed them surgically before handing them over to the coroner.				
Andando verso l'ospedale di Al Quds... ...correndo su uno dei pochi taxi temerari... ...che zigzagando ancora sfidano il tiro a segno delle bombe, ho visto fermi ad una angolo di strada un gruppo di ragazzini sporchi, coi vestiti rattoppati, tali e quali i nostri <N1></N1> del dopoguerra italiano.	Instead, we see Palestinian corpses coming into the hospitals without any eyes at all, as if someone had removed them surgically before handing them over to the coroner.				
FALSE					
					
Davano un festival di musica tradizionale, con tanto di <L1>soubrette</L1> in vestitini succinti e fuochi artificiali finali.	People feel afraid, [they] don't sleep at night, and every day more people are killed.				
Davano un festival di musica tradizionale, con tanto di <N1></N1> in vestitini succinti e fuochi artificiali finali.	People feel afraid, [they] don't sleep at night, and every day more people are killed.				
FALSE					
					
Allora non <L1>boicottare</L1> quel regime di apartheid fu considerato un po come esserne complici, cosa cambia oggi? non crede che la miglior risposta all'occupazione israeliana e a questo massacro in corso... ...siano gli attentati, i kamikaze e i razzi Sderot.	The school assisted 500 orphaned children.				
Allora non <N1>ostacolare</N1> quel regime di apartheid fu considerato un po come esserne complici, cosa cambia oggi? non crede che la miglior risposta all'occupazione israeliana e a questo massacro in corso... ...siano gli attentati, i kamikaze e i razzi Sderot.	The school assisted 500 orphaned children.				
TRUE					
					
Auguro a tutti loro del bene, ma particolarmente al Presidente, alla <L1>first lady</L1> ed ai loro figli. (Applausi).	We can live in one of these two worlds.				
Auguro a tutti loro del bene, ma particolarmente al Presidente, alla <N1>prima signora</N1> ed ai loro figli. (Applausi).	We can live in one of these two worlds.				
TRUE					
					
Netflix aveva ragione: il modello di Netflix poteva capitalizzare sul DVD come i negozi di noleggio di <L1>videotape</L1> non potevano fare.	And you can see that the units started to trend up, the hidden inflection point -- it was taking off.				
Netflix aveva ragione: il modello di Netflix poteva capitalizzare sul DVD come i negozi di noleggio di <N1>videocassette</N1> non potevano fare.	And you can see that the units started to trend up, the hidden inflection point -- it was taking off.				
TRUE					
					
La maggior parte del polline che ci causa <L1>allergia</L1> proviene dalle piante che sfruttano il vento per spargere il proprio polline. Si tratta un processo alquanto inefficiente, ed è per questo che gran parte del polline finisce nelle nostre narici.	Why would they go to that bother?				
La maggior parte del polline che ci causa <N1></N1> proviene dalle piante che sfruttano il vento per spargere il proprio polline. Si tratta un processo alquanto inefficiente, ed è per questo che gran parte del polline finisce nelle nostre narici.	Why would they go to that bother?				
FALSE					
					
Cos'č sta roba? Un <L1>clone</L1> da quattro soldi di Ninja Turtles o cosa?	And third, we believe strongly that we do not want to mimic nature but instead be inspired by biology, and use these novel principles with the best engineering solutions that are out there to make -- potentially -- something better than nature.				
Cos'č sta roba? Un <N1></N1> da quattro soldi di Ninja Turtles o cosa?	And third, we believe strongly that we do not want to mimic nature but instead be inspired by biology, and use these novel principles with the best engineering solutions that are out there to make -- potentially -- something better than nature.				
FALSE					
					
Lasciate che ve ne dica alcuni: fumato, alcolizzato, perfino drogato, tipo da harley, gangster, lottatore di wrestling, fratello di un becchino e <L1>fricchettone</L1> metallaro.	How many of you do that?				
Lasciate che ve ne dica alcuni: fumato, alcolizzato, perfino drogato, tipo da harley, gangster, lottatore di wrestling, fratello di un becchino e <N1></N1> metallaro.	How many of you do that?				
FALSE					
					
Yves Behar: ecco una combinazione di <L1>windsurf</L1> e sci in questa invenzione.	And in fact, this concept of rest is a very strange one, even the train.				
Yves Behar: ecco una combinazione di <N1></N1> e sci in questa invenzione.	And in fact, this concept of rest is a very strange one, even the train.				
FALSE					
					
Ancora più radicale, Alex Todorov a Princeton ci ha mostrato che i giudizi sui visi dei candidati politici in solo un secondo predice il 70% del Senato americano e i risultati delle elezioni a governatore, perfino -- andiamo sul digitale -- gli <L1>emoticon</L1> utilizzati bene nelle negoziazioni online possono portare a raggiungere maggiori risultati da quella negoziazione.	Amy Cuddy: So a handshake, or the lack of a handshake, can have us talking for weeks and weeks and weeks.				
Ancora più radicale, Alex Todorov a Princeton ci ha mostrato che i giudizi sui visi dei candidati politici in solo un secondo predice il 70% del Senato americano e i risultati delle elezioni a governatore, perfino -- andiamo sul digitale -- gli <N1></N1> utilizzati bene nelle negoziazioni online possono portare a raggiungere maggiori risultati da quella negoziazione.	Amy Cuddy: So a handshake, or the lack of a handshake, can have us talking for weeks and weeks and weeks.				
FALSE					
					
È in realtà abbastanza popolare, con oltre 1.000.000 hits ormai è possibile scaricare una copia del nostro <L1>starter</L1> kit di civiltà che contiene ora versione 0.01 con i piani per il trattore, pressa di mattoni, Polverizzatori e unità di potenza si può costruire da soli. tutti i video di documentazione e cad e tutto ciò che è in là	We've built a total of 62 prototypes since the community in 2011 we had the first ever replication, someone in Texas replicated the brick press completely from our open source plans independently and this year we have 13 more replications.				
È in realtà abbastanza popolare, con oltre 1.000.000 hits ormai è possibile scaricare una copia del nostro <N1></N1> kit di civiltà che contiene ora versione 0.01 con i piani per il trattore, pressa di mattoni, Polverizzatori e unità di potenza si può costruire da soli. tutti i video di documentazione e cad e tutto ciò che è in là	We've built a total of 62 prototypes since the community in 2011 we had the first ever replication, someone in Texas replicated the brick press completely from our open source plans independently and this year we have 13 more replications.				
FALSE					
					
Da qui è possibile accedere ad altri quattro strumenti lo strumento Pennello, lo strumento Distributore, lo strumento <L1>calligrafico</L1> e lo strumento Pressione.	This indicates that more tools are available.				
Da qui è possibile accedere ad altri quattro strumenti lo strumento Pennello, lo strumento Distributore, lo strumento <N1></N1> e lo strumento Pressione.	This indicates that more tools are available.				
FALSE					
					
Attraversava dolore e sofferenza per raggiungere il <L1>nirvana</L1> - l'eterna beatitudine che tutti sogniamo.	1974...Well, that was the kind of flower movement--flower children movement--so I was really into that.				
Attraversava dolore e sofferenza per raggiungere il <N1></N1> - l'eterna beatitudine che tutti sogniamo.	1974...Well, that was the kind of flower movement--flower children movement--so I was really into that.				
FALSE					
					
una volta ha parlato con una ragazza per due ore... con la <L1>patta</L1> aperta... ...lei era convinta... che fossimo andati a pesca.... ....torno a farmi le canne....	Osiris Aalst was bij de benjamins een maat te klein, en het machtige Gentson verloor ook bij miniemen en kadetten ,				
una volta ha parlato con una ragazza per due ore... con la <N1></N1> aperta... ...lei era convinta... che fossimo andati a pesca.... ....torno a farmi le canne....	Osiris Aalst was bij de benjamins een maat te klein, en het machtige Gentson verloor ook bij miniemen en kadetten ,				
FALSE					
					
Questi sono tutti gli ingredienti, tutti i sapori di un <L1>maki</L1> tradizionale, stampato su un pezzettino di carta.	Whereas in animal based foods there are substances with names like putrescine in turkey muscle (this is from the Journal of Nutrition).				
Questi sono tutti gli ingredienti, tutti i sapori di un <N1></N1> tradizionale, stampato su un pezzettino di carta.	Whereas in animal based foods there are substances with names like putrescine in turkey muscle (this is from the Journal of Nutrition).				
FALSE					
					
Signora, gradirebbe qualcuno di questi monili arancioni coi <L1>pois</L1> rosa?	It is often said that we fear that which we do not know.	domani avvenire poi futuro			
Signora, gradirebbe qualcuno di questi monili arancioni coi <N1>puntini</N1> rosa?	It is often said that we fear that which we do not know.				
TRUE					
					
Portafogli elettronici, carte di credito, fondi di garanzia <L1>stock</L1> options.	And in fact the magnitude of dishonesty we most likely see is by good people who think they're doing good work, but in fact cheating just a little bit, but because there're so many of them, of use, this actually has a tremendous economic effect.				
Portafogli elettronici, carte di credito, fondi di garanzia <N1></N1> options.	And in fact the magnitude of dishonesty we most likely see is by good people who think they're doing good work, but in fact cheating just a little bit, but because there're so many of them, of use, this actually has a tremendous economic effect.				
FALSE					
					
Il mio cappellino Adidas di pelle si intona con il mio zainetto <L1>tarocco</L1> di Gucci.	He pried mankind off the chain and claimed that humans have a unique ability to take any position they want.				
Il mio cappellino Adidas di pelle si intona con il mio zainetto <N1></N1> di Gucci.	He pried mankind off the chain and claimed that humans have a unique ability to take any position they want.				
FALSE					
					
La <L1>bonomia</L1> terminò quando gli inglesi adottarono il loro nuovo gergo militare fatto di armies , navies and soldiers e diedero inizio alla Guerra dei Cent'anni contro la Francia.	Bruno Giussani:	bonarietà benignità bonomia			
La <N1></N1> terminò quando gli inglesi adottarono il loro nuovo gergo militare fatto di armies , navies and soldiers e diedero inizio alla Guerra dei Cent'anni contro la Francia.	Bruno Giussani:				
FALSE					
					
Per me è un <L1>carciofo</L1> cotto alla perfezione con del burro sciolto in cui inzuppare le foglie o uno squisito mango tropicale.	So, a couple of years ago, I wanted to engage my old college roommate, who was a pretty famous activist in the United States, had a lot of success,				
Per me è un <N1></N1> cotto alla perfezione con del burro sciolto in cui inzuppare le foglie o uno squisito mango tropicale.	So, a couple of years ago, I wanted to engage my old college roommate, who was a pretty famous activist in the United States, had a lot of success,				
FALSE					
					
Se tutto quello che la mia allenatrice di <L1>bridge</L1> mi avesse detto fosse stato soddisfacente , non avrei avuto speranza di diventare migliore.	It doesn't matter whether you're a basketball player, a tennis player, a gymnast or a bridge player.				
Se tutto quello che la mia allenatrice di <N1></N1> mi avesse detto fosse stato soddisfacente , non avrei avuto speranza di diventare migliore.	It doesn't matter whether you're a basketball player, a tennis player, a gymnast or a bridge player.				
FALSE					
					
All'epoca della telefonata avevo appena avuto un bambino e completato con successo il management <L1>buyout</L1> dell'azienda in cui lavoravo, e l'ultima cosa che volevo era tornare in Italia per fare il giro delle prigioni di massima sicurezza.	He asked me if I wanted to interview the Red Brigades.				
All'epoca della telefonata avevo appena avuto un bambino e completato con successo il management <N1></N1> dell'azienda in cui lavoravo, e l'ultima cosa che volevo era tornare in Italia per fare il giro delle prigioni di massima sicurezza.	He asked me if I wanted to interview the Red Brigades.				
FALSE					
					
Il motivo che ci ha portato a questo sta in due idee chiave: una è che è molto simile ad un contenitore <L1>criogenico</L1> qualcosa in cui si conservano azoto o elio liquidi.	Vaccination is one of the key techniques in public health, a fantastic thing. But in the developing world a lot of vaccines spoil before they're administered, and that's because they need to be kept cold.				
Il motivo che ci ha portato a questo sta in due idee chiave: una è che è molto simile ad un contenitore <N1></N1> qualcosa in cui si conservano azoto o elio liquidi.	Vaccination is one of the key techniques in public health, a fantastic thing. But in the developing world a lot of vaccines spoil before they're administered, and that's because they need to be kept cold.				
FALSE					
					
Il sistema di scrittura venne semplificato in un alfabeto <L1>fonetico</L1> che noi conosciamo come scrittura cuneiforme.	Remember, if you just draw what you mean, that's art, not writing.				
Il sistema di scrittura venne semplificato in un alfabeto <N1></N1> che noi conosciamo come scrittura cuneiforme.	Remember, if you just draw what you mean, that's art, not writing.				
FALSE					
					
Un <L1>blitz</L1> arriva da sinistra!	You could use the midpoint.				
Un <N1>attacco</N1> arriva da sinistra!	You could use the midpoint.				
TRUE					
					
Surya estrae i rifiuti dalla cavità contenente <L1>biogas</L1> quando il gas è esaurito, li sparge sulle sue coltivazioni.	The gas gives three to four hours cooking a day -- clean, smokeless and free for the family.				
Surya estrae i rifiuti dalla cavità contenente <N1></N1> quando il gas è esaurito, li sparge sulle sue coltivazioni.	The gas gives three to four hours cooking a day -- clean, smokeless and free for the family.				
FALSE					
					
Questa immagine di Ted Joseph è tratta dal libro e rappresenta una specie di <L1>identikit</L1> delle creature che Whitley Strieber gli aveva descritto.	As I walked out, her pace slowed.				
Questa immagine di Ted Joseph è tratta dal libro e rappresenta una specie di <N1>identificazione</N1> delle creature che Whitley Strieber gli aveva descritto.	As I walked out, her pace slowed.				
TRUE					
					
Siamo stati in spiagge dove il <L1>topless</L1> era permesso.	What?				
Siamo stati in spiagge dove il <N1></N1> era permesso.	What?				
FALSE					
					
dating is hard my first date was with a <L1>biker</L1>	yeah, your the love of my life				
dating is hard my first date was with a <N1></N1>	yeah, your the love of my life				
FALSE					
					
Stiamo affrontando il problema è che c'è questo <L1>transfert</L1> da debito pubblico a debito privato che è essenzialmente un modo per trasferire il rischio, lontano da UK plc e il governo sopra le teste degli individui e sta per essere gli individui più vulnerabili, che stanno per avere il maggior debito.	The bankers that we bailed out then gave themselves bonuses that were bigger than the first wave of public spending cuts.				
Stiamo affrontando il problema è che c'è questo <N1></N1> da debito pubblico a debito privato che è essenzialmente un modo per trasferire il rischio, lontano da UK plc e il governo sopra le teste degli individui e sta per essere gli individui più vulnerabili, che stanno per avere il maggior debito.	The bankers that we bailed out then gave themselves bonuses that were bigger than the first wave of public spending cuts.				
FALSE					
					
Un'altra opzione è un <L1>paniere</L1> di valute così mescolano il valore delle valute diverse per creare una valuta molto solida che le persone hanno fiducia in.	A new low in public protest added strain on Spanish-American relations.				
Un'altra opzione è un <N1></N1> di valute così mescolano il valore delle valute diverse per creare una valuta molto solida che le persone hanno fiducia in.	A new low in public protest added strain on Spanish-American relations.				
FALSE					
					
Oppure potreste rimanere radicalmente malvagi - continuare come avete sempre fatto, assicurarvi che gli animali non abbiano nessun tipo di liberta', che non siano mai trattati con <L1>garbo</L1> dagli esseri umani, che vengano sequestrati i loro cuccioli, che i loro becchi siano tranciati, le loro corna tagliate e i loro testicoli strappati via.	Severed legs, sliced up thighs, and mutilated breasts sitting on your plate doesn't make you think twice...				
Oppure potreste rimanere radicalmente malvagi - continuare come avete sempre fatto, assicurarvi che gli animali non abbiano nessun tipo di liberta', che non siano mai trattati con <N1></N1> dagli esseri umani, che vengano sequestrati i loro cuccioli, che i loro becchi siano tranciati, le loro corna tagliate e i loro testicoli strappati via.	Severed legs, sliced up thighs, and mutilated breasts sitting on your plate doesn't make you think twice...				
FALSE					
					
A volte mi capitava persino di percepirlo nell'insalata o nel <L1>ragù</L1> di mia moglie, che oggi è qui, seduta in mezzo a noi.	One of nature's most powerful forces is earthquakes.				
A volte mi capitava persino di percepirlo nell'insalata o nel <N1></N1> di mia moglie, che oggi è qui, seduta in mezzo a noi.	One of nature's most powerful forces is earthquakes.				
FALSE					
					
Ma ciò che permette di fare è che fornisce quella fondamentale trazione e controtrazione, necessarie per <L1>dissecare</L1> e suturare permettendo al chirurgo tutti i movimenti necessari all'intervanto.	What if we could change it so that we didn't have to re-set up each time we wanted to move somewhere different?				
Ma ciò che permette di fare è che fornisce quella fondamentale trazione e controtrazione, necessarie per <N1></N1> e suturare permettendo al chirurgo tutti i movimenti necessari all'intervanto.	What if we could change it so that we didn't have to re-set up each time we wanted to move somewhere different?				
FALSE					
					
Mansoul Silly e ingoiato senza masticare, come se fosse stato un <L1>spratto</L1> nella bocca di una balena -.	Like as the wounded whale to shore flies thro' the maine.				
Mansoul Silly e ingoiato senza masticare, come se fosse stato un <N1></N1> nella bocca di una balena -.	Like as the wounded whale to shore flies thro' the maine.				
FALSE					
					
Infatti, come in questo mondo, i venti testa sono molto più diffuso di quanto i venti da poppa (che è, se non avete mai violare la massima di Pitagora), così per la maggior parte della Commodore sul <L1>cassero</L1> ottiene la sua atmosfera di seconda mano dai marinai a prua.	What does that indignity amount to, weighed, I mean, in the scales of the New				
Infatti, come in questo mondo, i venti testa sono molto più diffuso di quanto i venti da poppa (che è, se non avete mai violare la massima di Pitagora), così per la maggior parte della Commodore sul <N1></N1> ottiene la sua atmosfera di seconda mano dai marinai a prua.	What does that indignity amount to, weighed, I mean, in the scales of the New				
FALSE					
					
Il padrone di casa era vicino distorsione alla polso, e gli ho detto per amor del cielo per uscire - il letto era abbastanza morbido per soddisfare me e io non sapevo come tutte le piallatura del mondo potrebbe fare <L1>edredone</L1> giù di assi di pino.	To be sure they all sleep together in one apartment, but you have your own hammock, and cover yourself with your own blanket, and sleep in your own skin.				
Il padrone di casa era vicino distorsione alla polso, e gli ho detto per amor del cielo per uscire - il letto era abbastanza morbido per soddisfare me e io non sapevo come tutte le piallatura del mondo potrebbe fare <N1></N1> giù di assi di pino.	To be sure they all sleep together in one apartment, but you have your own hammock, and cover yourself with your own blanket, and sleep in your own skin.				
FALSE					
					
L'altro gioca a <L1>lacrosse</L1> vicino casa.	The parents predicted the kids would say, spending more time with them.				
L'altro gioca a <N1></N1> vicino casa.	The parents predicted the kids would say, spending more time with them.				
FALSE					
					
Faccio una roba che si chiama la settimana <L1>mitomane</L1> e questo imbecille mi ha chiesto di fare la settimana mitomane del futuro .	Can you bring me the pulpit, you lazy bugger?				
Faccio una roba che si chiama la settimana <N1></N1> e questo imbecille mi ha chiesto di fare la settimana mitomane del futuro .	Can you bring me the pulpit, you lazy bugger?				
FALSE					
					
Improvvisamente, l'amico Bernard Werber, che è il più colto tra gli scrittori pessimi è diventato -- ogni volta c'è una frecciata -- è diventato il mio <L1>pusher</L1> neuronale ufficiale, così in cambio può smettere di mangiare solo nugget di formiche, dolcetti alle formiche rosse, e cocktail di formiche nere.	Tuesday, 2040.	spacciatore pusher			
Improvvisamente, l'amico Bernard Werber, che è il più colto tra gli scrittori pessimi è diventato -- ogni volta c'è una frecciata -- è diventato il mio <N1></N1> neuronale ufficiale, così in cambio può smettere di mangiare solo nugget di formiche, dolcetti alle formiche rosse, e cocktail di formiche nere.	Tuesday, 2040.				
FALSE					
					
Ecco un' unità sperimentale mi sembra un <L1>e-book reader</L1> particolarmente attraente	And we found in about 30 days we could go and take a couple folks from Silicon Valley, fly them to Uganda, buy a car, set up the first Internet connection at the National Library of Uganda, figure out what they wanted, and get a program going making books in rural Uganda.				
Ecco un' unità sperimentale mi sembra un <N1>lettore di libri digitale</N1> particolarmente attraente	And we found in about 30 days we could go and take a couple folks from Silicon Valley, fly them to Uganda, buy a car, set up the first Internet connection at the National Library of Uganda, figure out what they wanted, and get a program going making books in rural Uganda.				
TRUE					
					
Anche i <L1>microfilm</L1> li mettiamo in rete	We've now got eight of these scanning centers in three countries, and libraries are up for having their books scanned.				
Anche i <N1></N1> li mettiamo in rete	We've now got eight of these scanning centers in three countries, and libraries are up for having their books scanned.				
FALSE					
					
Quello che abbiamo fatto è stato guardare i video e <L1>cronometrare</L1> quanto velocemente si muoveva l'appendice per tornare alla posizione originale.	So we got this incredible video system.				
Quello che abbiamo fatto è stato guardare i video e <N1></N1> quanto velocemente si muoveva l'appendice per tornare alla posizione originale.	So we got this incredible video system.				
FALSE					
					
Lì dentro c'è un <L1>inverter</L1> che fornisce corrente alternata a 117 volt e possiamo ottenere anche acqua calda.	Thank you.				
Lì dentro c'è un <N1></N1> che fornisce corrente alternata a 117 volt e possiamo ottenere anche acqua calda.	Thank you.				
FALSE					
					
Perciò, ad esempio, potremmo usare i dati sull'acquisto di carburante per i <L1>TIR</L1>	But if you took this 30 percent, these 300 people and had them nominate their friends and took the same number of vaccine doses and vaccinated the friends of the 300 -- the 300 friends -- you can get the same level of herd immunity as if you had vaccinated 96 percent of the population at a much greater efficiency, with a strict budget constraint.				
Perciò, ad esempio, potremmo usare i dati sull'acquisto di carburante per i <N1></N1>	But if you took this 30 percent, these 300 people and had them nominate their friends and took the same number of vaccine doses and vaccinated the friends of the 300 -- the 300 friends -- you can get the same level of herd immunity as if you had vaccinated 96 percent of the population at a much greater efficiency, with a strict budget constraint.				
FALSE					
					
Vengono vinicno al sottomarino - avvicinano gli occhi agli <L1>oblò</L1> e sbirciano dentro.	Here's the X-wing death jelly. (Laughter)				
Vengono vinicno al sottomarino - avvicinano gli occhi agli <N1></N1> e sbirciano dentro.	Here's the X-wing death jelly. (Laughter)				
FALSE					
					
La <L1>metrò</L1> sarà al sicuro.	The competition isn't a joke.	metro			
La <N1></N1> sarà al sicuro.	The competition isn't a joke.				
FALSE					
					
Non posso descrivere i fenomeni di <L1>charme</L1>	Wake up each morning,  Give me love  then your day of days. Loving them.				
Non posso descrivere i fenomeni di <N1></N1>	Wake up each morning,  Give me love  then your day of days. Loving them.				
FALSE					
					
John Norquist: vi passano solo 40mila vetture al giorno serve solo da <L1>bretella</L1> tra il Bruckner e il cross Bronx	And now we found that we don't need it as a highway to go east and west.				
John Norquist: vi passano solo 40mila vetture al giorno serve solo da <N1></N1> tra il Bruckner e il cross Bronx	And now we found that we don't need it as a highway to go east and west.				
FALSE					
					
Quello che voglio dire è questo, io sono tutto per piacere razionale e così via, ma io pensa che un Chappie si fa evidente quando si getta uova alla <L1>coque</L1> al ventilatore elettrico.	Put like that, it did seem reasonable.				
Quello che voglio dire è questo, io sono tutto per piacere razionale e così via, ma io pensa che un Chappie si fa evidente quando si getta uova alla <N1></N1> al ventilatore elettrico.	Put like that, it did seem reasonable.				
FALSE					
					
Inoltre, era un idiota spaventosa, così abbiamo naturalmente alla deriva insieme, e mentre noi stavano prendendo uno sbuffo tranquillo in un angolo che non era ingombra di artisti e scultori e ciò, non ha inoltre caro se stesso per me da un imitazione più straordinariamente dotato di-toro <L1>terrier</L1> a caccia di un gatto su un albero.	What I mean is, while there's no doubt that in certain matters of dress Jeeves's judgment is absolutely sound and should be followed, it seemed to me that it was getting a bit too thick if he was going to edit my face as well as my costume.				
Inoltre, era un idiota spaventosa, così abbiamo naturalmente alla deriva insieme, e mentre noi stavano prendendo uno sbuffo tranquillo in un angolo che non era ingombra di artisti e scultori e ciò, non ha inoltre caro se stesso per me da un imitazione più straordinariamente dotato di-toro <N1></N1> a caccia di un gatto su un albero.	What I mean is, while there's no doubt that in certain matters of dress Jeeves's judgment is absolutely sound and should be followed, it seemed to me that it was getting a bit too thick if he was going to edit my face as well as my costume.				
FALSE					
					
Quando Bobbie si fracassato fino al Polo, le fu detto fuori dalle autorità per lisciare la sua fronte e rotondo <L1>rally</L1> con unguenti e tutto ciò che di raffreddamento, e il vecchio non era stato e ancora di più di una settimana prima di essere spuntato fuori per il registrar e il fisso in su.	He married.				
Quando Bobbie si fracassato fino al Polo, le fu detto fuori dalle autorità per lisciare la sua fronte e rotondo <N1></N1> con unguenti e tutto ciò che di raffreddamento, e il vecchio non era stato e ancora di più di una settimana prima di essere spuntato fuori per il registrar e il fisso in su.	He married.				
FALSE					
					
Gli <L1>sherpa</L1> allora ci dissero che era un bruttissimo presagio, e noi avremmo dovuto ascoltarli.	Youtube has over 100.000 videos a day uploaded.				
Gli <N1></N1> allora ci dissero che era un bruttissimo presagio, e noi avremmo dovuto ascoltarli.	Youtube has over 100.000 videos a day uploaded.				
FALSE					
					
Significa che ha spedito la palla in campo esterno, che la palla è caduta, senza essere presa, e chiunque abbia tentato di lanciarla in prima base non è arrivato in tempo e il <L1>runner</L1> era salvo.	And I think it starts with one physician, and that's me.				
Significa che ha spedito la palla in campo esterno, che la palla è caduta, senza essere presa, e chiunque abbia tentato di lanciarla in prima base non è arrivato in tempo e il <N1>corridore</N1> era salvo.	And I think it starts with one physician, and that's me.				
TRUE					
					
Des compétences que j'ai acquises <L1>pendant</L1> une très longue carrière Des compétences qui ont fait de moi un cauchemar pour les gens comme vous.	Just you and those you know do not know.				
Des compétences que j'ai acquises <N1></N1> une très longue carrière Des compétences qui ont fait de moi un cauchemar pour les gens comme vous.	Just you and those you know do not know.				
FALSE					
					
Vediamo queste magnifiche <L1>nursery</L1> stellari, dove la Natura ha in qualche modo disposto che una giusta quantità di stelle della giusta dimensione permettessero alla vita di sorgere.	Roy Gould:				
Vediamo queste magnifiche <N1></N1> stellari, dove la Natura ha in qualche modo disposto che una giusta quantità di stelle della giusta dimensione permettessero alla vita di sorgere.	Roy Gould:				
FALSE					
					
Avrei potuto mettere la t e <L1>settare</L1> t come variabile di integrazioni,non c'è alcuna differenza e poi devo andare da 0 a 3.	But this expression for that very little small arc length right over there; if I rewrite it in terms of this and this, what I have on the right-hand side, and I want to do that so that I can get everything in terms of t, I get it is equal to the square root of dx squared...				
Avrei potuto mettere la t e <N1>impostare</N1> t come variabile di integrazioni,non c'è alcuna differenza e poi devo andare da 0 a 3.	But this expression for that very little small arc length right over there; if I rewrite it in terms of this and this, what I have on the right-hand side, and I want to do that so that I can get everything in terms of t, I get it is equal to the square root of dx squared...				
TRUE					
					
Sono stato colpito dalla <L1>giustapposizione</L1> di queste due straordinarie discipline dell'umanità.	Here's the balloon being filled up with helium, and you can see it's a gorgeous sight.				
Sono stato colpito dalla <N1></N1> di queste due straordinarie discipline dell'umanità.	Here's the balloon being filled up with helium, and you can see it's a gorgeous sight.				
FALSE					
					
Questo non ha niente a che vedere con coloro che vogliono costituire un ordine mondiale <L1>elitario</L1> sotto il controllo loro e delle grandi corporazioni con il resto del mondo asservito a essi.	(Narrator) A social system can be designed so that all can live fully and constructively if the powers of science and technology are directed toward human and environmental concern and overcoming the artificial scarcities of our debt-based monetary systems.				
Questo non ha niente a che vedere con coloro che vogliono costituire un ordine mondiale <N1>privilegiato</N1> sotto il controllo loro e delle grandi corporazioni con il resto del mondo asservito a essi.	(Narrator) A social system can be designed so that all can live fully and constructively if the powers of science and technology are directed toward human and environmental concern and overcoming the artificial scarcities of our debt-based monetary systems.				
TRUE					
					
Ora, perché non facciamo come fanno nelle repubbliche delle banane? Prendiamo un qualche <L1>vallone</L1> per mano, portiamolo fuori con noi, sulla strada, e iniziamo a dimostrare insieme finché non avremo un governo!	Do I understand this correctly, that these people put an entire country on hold because there is an argument about some stupid exit from a road?				
Ora, perché non facciamo come fanno nelle repubbliche delle banane? Prendiamo un qualche <N1></N1> per mano, portiamolo fuori con noi, sulla strada, e iniziamo a dimostrare insieme finché non avremo un governo!	Do I understand this correctly, that these people put an entire country on hold because there is an argument about some stupid exit from a road?				
FALSE					
					
Perché i problemi del mondo non dovrebbero essere il <L1>cimelio</L1> di famiglia degli umani	Kids grow up and become adults just like you. (Laughter)				
Perché i problemi del mondo non dovrebbero essere il <N1></N1> di famiglia degli umani	Kids grow up and become adults just like you. (Laughter)				
FALSE					
					
Causa: <L1>trombosi</L1> acuta delle coronarie.	Yes.				
Causa: <N1></N1> acuta delle coronarie.	Yes.				
FALSE					
					
I moduli video impilati saranno spediti in tutta sicurezza in <L1>pallet</L1> pre-categorizzati con imballaggio termoretrattile.	It's the complete YouTube experience... completely OFF-line.				
I moduli video impilati saranno spediti in tutta sicurezza in <N1>palette di carico</N1> pre-categorizzati con imballaggio termoretrattile.	It's the complete YouTube experience... completely OFF-line.				
TRUE					
					
Egli scrisse una serie di usi per il <L1>fonografo</L1> quando lo inventò e solo una di queste idee risultò essere quella giusta.	I mean, it's ridiculous.	fonografo giradischi			
Egli scrisse una serie di usi per il <N1></N1> quando lo inventò e solo una di queste idee risultò essere quella giusta.	I mean, it's ridiculous.				
FALSE					
					
I mean you're always aware of it it's just around the <L1>corner</L1> for you, but I don't think about it because that's not to think about, when it comes stands But you have an acute sense of mortality, don't you?	Watch out bro, he's dancin' !	calcio d'angolo corner			
I mean you're always aware of it it's just around the <N1></N1> for you, but I don't think about it because that's not to think about, when it comes stands But you have an acute sense of mortality, don't you?	Watch out bro, he's dancin' !				
FALSE					
					
Sono entrato in una stanza asettica con un <L1>wafer</L1> di silicio, e poi ho messo in funzione tutti i macchinari per un centinaio di ore.	I don't see any reason why it shouldn't.				
Sono entrato in una stanza asettica con un <N1>cialda</N1> di silicio, e poi ho messo in funzione tutti i macchinari per un centinaio di ore.	I don't see any reason why it shouldn't.				
TRUE					
					
- sono nel business dei <L1>gazebo</L1> parecchio spazio per andare in giro qui non hai bisogno dei gazebo hai tutti quei portici	Awesome It's my turn then.				
- sono nel business delle <N1>pergole</N1> parecchio spazio per andare in giro qui non hai bisogno dei gazebo hai tutti quei portici	Awesome It's my turn then.				
TRUE					
					
D'improvviso il nostro flusso <L1>ematico</L1> si muoverebbe nella direzione sbagliata.	If the ventricles are squeezing, there's a good chance the blood is gonna shoot up in any direction it can go.				
D'improvviso il nostro flusso <N1></N1> si muoverebbe nella direzione sbagliata.	If the ventricles are squeezing, there's a good chance the blood is gonna shoot up in any direction it can go.				
FALSE					
					
Ma lui spiegò che si trovava alle strette e che non riusciva a trovare quel tipo di <L1>sex appeal</L1> e quel grado di popolarità per cui le conferenze sono note-- (Risate) così dissi va bene, Ted -- cioè Chris.	I do believe your church will frown on this.				
Ma lui spiegò che si trovava alle strette e che non riusciva a trovare quel tipo di <N1>attrattiva sessuale</N1> e quel grado di popolarità per cui le conferenze sono note-- (Risate) così dissi va bene, Ted -- cioè Chris.	I do believe your church will frown on this.				
TRUE					
					
Coppia con un oscuro <L1>IPA</L1> e sarete in beatitudine culinario.	Visitors can also step in the shoes of our Men in Blue.				
Coppia con un oscuro <N1></N1> e sarete in beatitudine culinario.	Visitors can also step in the shoes of our Men in Blue.				
FALSE					
					
Perché, tutto d'un tratto, stiamo qui seduti di fronte al computer al televideo o al <L1>teletext</L1> e quello che vediamo sullo schermo non ci piace più?	And, so there, that's the end of all my wishes.				
Perché, tutto d'un tratto, stiamo qui seduti di fronte al computer al televideo o al <N1></N1> e quello che vediamo sullo schermo non ci piace più?	And, so there, that's the end of all my wishes.				
FALSE					
					
Che un <L1>bite</L1> può avere 256 valori.	Well let's see if that's true.				
Che un <N1></N1> può avere 256 valori.	Well let's see if that's true.				
FALSE					
					
Personalmente sono ossessionato da ogni vite, bullone, <L1>rondella</L1> di questi aggeggi pazzeschi.	Initially, I was working on a National Geographic assignment -- conventional, single frame, still photography.				
Personalmente sono ossessionato da ogni vite, bullone, <N1></N1> di questi aggeggi pazzeschi.	Initially, I was working on a National Geographic assignment -- conventional, single frame, still photography.				
FALSE					
					
E Luigi, figli di p*** Perchè non tornate nel vostro <L1>biplano</L1> e vi limonate a vicenda? Ma guarda questi due!	They looked at the fractal dimension in these paintings and found that if you plot the year of the work versus their measurement of its fractal dimension you get this kind of increase, and this is claimed to be the evolution of complexity as measured by fractal dimension of Pollock's paintings over time.				
E Luigi, figli di p*** Perchè non tornate nel vostro <N1></N1> e vi limonate a vicenda? Ma guarda questi due!	They looked at the fractal dimension in these paintings and found that if you plot the year of the work versus their measurement of its fractal dimension you get this kind of increase, and this is claimed to be the evolution of complexity as measured by fractal dimension of Pollock's paintings over time.				
FALSE					
					
Forse questa vita è stata, <L1>ain</L1> qualche momento, la paura che hai avuto in una vita precedente cosa succederà, cosa ci sarà dopo? di fatto, sei qui, posso dire così per me c'è qualcosa di unito, in modo affascinante in se stesso, ed in questo c'è una gioia incredibilie e pace perciò, qualunque cosa venga fiuori da questo deve essere buono qualunque cosa segua, dev'essere altrettsnto buono o meglio, se vuoi dire così se l'albero è buono, il frutto deve essere buono	What happens when the consciousness awakens to the Truth in one body, is it knows inside this body, 'I am the same reality in all the bodies'.				
Forse questa vita è stata, <N1></N1> qualche momento, la paura che hai avuto in una vita precedente cosa succederà, cosa ci sarà dopo? di fatto, sei qui, posso dire così per me c'è qualcosa di unito, in modo affascinante in se stesso, ed in questo c'è una gioia incredibilie e pace perciò, qualunque cosa venga fiuori da questo deve essere buono qualunque cosa segua, dev'essere altrettsnto buono o meglio, se vuoi dire così se l'albero è buono, il frutto deve essere buono	What happens when the consciousness awakens to the Truth in one body, is it knows inside this body, 'I am the same reality in all the bodies'.				
FALSE					
					
Ubuntu Edge sarà una produzione limitata, disponibile solo ai <L1>supporter</L1> di questa campagna.	So we'll raise the bar with dual LTE antennas, for full speed 4G in both Europe and the USA.				
Ubuntu Edge sarà una produzione limitata, disponibile solo ai <N1>sostenitori</N1> di questa campagna.	So we'll raise the bar with dual LTE antennas, for full speed 4G in both Europe and the USA.				
TRUE					
					
E 'stato' Espero, 'la <L1>goletta</L1> e ha navigato il mare invernale. Ora, aspetta un attimo, ragazzi.	I think we should turn back and take the outside course.				
E 'stato' Espero, 'la <N1></N1> e ha navigato il mare invernale. Ora, aspetta un attimo, ragazzi.	I think we should turn back and take the outside course.				
FALSE					
					
Ci sono poche aree dove c'è più di uno scollamento, per esempio, il <L1>catalano</L1> e lo spagnolo.	(Applause)				
Ci sono poche aree dove c'è più di uno scollamento, per esempio, il <N1></N1> e lo spagnolo.	(Applause)				
FALSE					
					
E alla fine della clip questa kitsch, <L1>kitsch</L1> sto male siamo	So we have g-d's help, get back with my hands full I want to, if not difficult for you I know it's a little embarrassing but really give hand in hand in hand in hand as did Rabbi Shimon Bar Yochai ,				
E alla fine della clip questa kitsch, <N1>pacchianeria</N1> sto male siamo	So we have g-d's help, get back with my hands full I want to, if not difficult for you I know it's a little embarrassing but really give hand in hand in hand in hand as did Rabbi Shimon Bar Yochai ,				
TRUE					
					
Poiché tutte le unità di espressione, Newton, Joule, Pascal, etc., possono essere ridotte a cinque combinazioni di lunghezza, massa, tempo, <L1>ampere</L1> e temperatura, quantizzare il tessuto dello spazio significa che quelle cinque espressioni devono anche avere unità quantizzate.	And this is a really big deal.	M.-Ampere Ampere			
Poiché tutte le unità di espressione, Newton, Joule, Pascal, etc., possono essere ridotte a cinque combinazioni di lunghezza, massa, tempo, <N1></N1> e temperatura, quantizzare il tessuto dello spazio significa che quelle cinque espressioni devono anche avere unità quantizzate.	And this is a really big deal.				
FALSE					
					
E la <L1>bruma</L1> arriva e si accumula sulle estremità.	So how does it keep its body free of bacteria build-up?				
E la <N1></N1> arriva e si accumula sulle estremità.	So how does it keep its body free of bacteria build-up?				
FALSE					
					
Non siamo il <L1>pinnacolo</L1> dell'evoluzione.	If technologies don't last and persist, we will not succeed.	cuspide pinnacolo guglia			
Non siamo il <N1></N1> dell'evoluzione.	If technologies don't last and persist, we will not succeed.				
FALSE					
					
In questa sala, ci sono persone che rappresentano risorse straordinarie nel business, nel <L1>multimedia</L1> e in Internet.	And the reason so many people are opting out of education is because it doesn't feed their spirit, it doesn't feed their energy or their passion.				
In questa sala, ci sono persone che rappresentano risorse straordinarie nel business, nel <N1></N1> e in Internet.	And the reason so many people are opting out of education is because it doesn't feed their spirit, it doesn't feed their energy or their passion.				
FALSE					
					
Nel 1795, lui era... Napoleone difese le Tuileries essenzialmente utilizzando la <L1>mitraglia</L1> e mandando le persone a trattenere i Monarchi dal prendere in mano il governo rivoluzionario.	Napoleon views himself as unstoppable, as invincible.	mitraglia mitragliatrice			
Nel 1795, lui era... Napoleone difese le Tuileries essenzialmente utilizzando la <N1></N1> e mandando le persone a trattenere i Monarchi dal prendere in mano il governo rivoluzionario.	Napoleon views himself as unstoppable, as invincible.				
FALSE					
					
Abbiamo sviluppato un <L1>microcomputer</L1> che le abbiamo sistemato dietro la schiena, attraverso il quale Amanda riesce ad elaborare ciascun segnale muscolare.	I have the wrist rotation that goes -- and it can go all the way around.				
Abbiamo sviluppato un <N1>mini elaboratore</N1> che le abbiamo sistemato dietro la schiena, attraverso il quale Amanda riesce ad elaborare ciascun segnale muscolare.	I have the wrist rotation that goes -- and it can go all the way around.				
TRUE					
					
La <L1>bagarre</L1> del riscaldamento globale portava via molto tempo e mi distraeva dalla ricerca scientifica, in parte perché avevo denunciato il fatto che la Casa Bianca aveva alterato la mia testimonianza.	The greenhouse effect had been well understood for more than a century.				
La <N1>disputa</N1> del riscaldamento globale portava via molto tempo e mi distraeva dalla ricerca scientifica, in parte perché avevo denunciato il fatto che la Casa Bianca aveva alterato la mia testimonianza.	The greenhouse effect had been well understood for more than a century.				
TRUE					
					
Le arie si suonavano in Europa ai funerali, mentre il corpo viene trasportato dal luogo della veglia al luogo di sepoltura, la processione era guidata da un suonatore di <L1>cornamusa</L1> o un suonatore di violino.	I have a tape of yours at home.	piva cornamusa			
Le arie si suonavano in Europa ai funerali, mentre il corpo viene trasportato dal luogo della veglia al luogo di sepoltura, la processione era guidata da un suonatore di <N1></N1> o un suonatore di violino.	I have a tape of yours at home.				
FALSE					
					
Ne uscì fuori un aggeggino alquanto strano, davvero, perché assomigliava di più a una piccola <L1>pagaia</L1> grande quanto una lente da sole.	In reality, the events and people involved in some of the major scientific discoveries are as weird and varied as they get.				
Ne uscì fuori un aggeggino alquanto strano, davvero, perché assomigliava di più a una piccola <N1></N1> grande quanto una lente da sole.	In reality, the events and people involved in some of the major scientific discoveries are as weird and varied as they get.				
FALSE					
					
E per di più, gli organi del corpo <L1>somatico</L1> hanno riserve incalcolabili, ma non possono sopportare anno dopo anno il maltrattamento.	What?				
E per di più, gli organi del corpo <N1></N1> hanno riserve incalcolabili, ma non possono sopportare anno dopo anno il maltrattamento.	What?				
FALSE					
					
Invece una leggera compressione ed <L1>equalizzazione</L1> Nello strip-channel, nel Focusrite Ok...	The Fireface 800 sound card				
Invece una leggera compressione ed <N1></N1> Nello strip-channel, nel Focusrite Ok...	The Fireface 800 sound card				
FALSE					
					
Qua impareremo veri fatti sui bradipi il <L1>bradipo</L1> tridattilo è diverso dal bradipo bidattilo perchè ha un dito in più si, può confondere	like I did in the previous problem.	lumaca tartaruga bradipo			
Qua impareremo veri fatti sui bradipi il <N1></N1> tridattilo è diverso dal bradipo bidattilo perchè ha un dito in più si, può confondere	like I did in the previous problem.				
FALSE					
					
Come fossi stato un giocatore di <L1>sumo</L1> che salta la corda in un attico o qualcosa del genere, ero esausto.	This is my dog, isn't my dog cool?  and this dog comes out and we're like  What the hell?!  and it's just so...				
Come fossi stato un giocatore di <N1></N1> che salta la corda in un attico o qualcosa del genere, ero esausto.	This is my dog, isn't my dog cool?  and this dog comes out and we're like  What the hell?!  and it's just so...				
FALSE					
					
Questi luoghi abbandonate; un <L1>periglio</L1> vi sovrasta.	- If you'd like to continue? - We can't now. I'll have my revenge later.				
Questi luoghi abbandonate; un <N1></N1> vi sovrasta.	- If you'd like to continue? - We can't now. I'll have my revenge later.				
FALSE					
					
Destro parlerò di loro, o ti dirò ragazze, continuo a pensare che tutto questo discorso di oggi mestieri istruire, raccontare, insegnare, <L1>telemarketing</L1> stavo facendo, il fondatore di una nuova professione	I'll kill you if he slept I need him to sleep now, I'm so tired What he slept?				
Destro parlerò di loro, o ti dirò ragazze, continuo a pensare che tutto questo discorso di oggi mestieri istruire, raccontare, insegnare, <N1>vendita telefonica</N1> stavo facendo, il fondatore di una nuova professione	I'll kill you if he slept I need him to sleep now, I'm so tired What he slept?				
TRUE					
					
Tu eri il migliore a <L1>rollare</L1> uno spinello.	I was the better at pillaging Troy;				
Tu eri il migliore a <N1>arrotolare</N1> uno spinello.	I was the better at pillaging Troy;				
TRUE					
					
E lo diamo per scontato, così giocattoli e <L1>lingerie</L1> ci aiuteranno in questo senso.	On the one hand, our need for security, for predictability, for safety, for dependability, for reliability, for permanence. All these anchoring, grounding experiences of our lives that we call home.	lingerie biancheria indumento intimo intimo biancheria intima			
E lo diamo per scontato, così giocattoli e <N1>biancheria intima</N1> ci aiuteranno in questo senso.	On the one hand, our need for security, for predictability, for safety, for dependability, for reliability, for permanence. All these anchoring, grounding experiences of our lives that we call home.				
TRUE					
					
E ognuno deve fare la propria parte, nell'Arazzo della Vita, menzionato nel <L1>depliant</L1> di questa mattina.	Just like a train wreck waiting to happen.				
E ognuno deve fare la propria parte, nell'Arazzo della Vita, menzionato nell' <N1>opuscolo</N1> di questa mattina.	Just like a train wreck waiting to happen.				
TRUE					
					
Simile alle medaglie ... ... il cui retto rappresenta la personalità ... ... e il verso il valori ... ... mette in scena: un giovane uomo, con dei tratti particolari, come questo mento prominente con un solco... ... associato a un vero e proprio stemma vivente : - fiori: <L1>iris</L1> e *gigli bianchi*, simboli di purezza. - motto personale: *piuttosto morto che sporco* . - e un emblema, l'ermellino, segno di incorruttibilità.	Not at all... The date is circa 1510, the Italian Renaissance is in full swing, and this picture seems to have been old-fashioned before the paint was dry.	iris iride giaggiolo			
Simile alle medaglie ... ... il cui retto rappresenta la personalità ... ... e il verso il valori ... ... mette in scena: un giovane uomo, con dei tratti particolari, come questo mento prominente con un solco... ... associato a un vero e proprio stemma vivente : - fiori: <N1></N1> e *gigli bianchi*, simboli di purezza. - motto personale: *piuttosto morto che sporco* . - e un emblema, l'ermellino, segno di incorruttibilità.	Not at all... The date is circa 1510, the Italian Renaissance is in full swing, and this picture seems to have been old-fashioned before the paint was dry.				
FALSE					
					
I secondi d'apertura, ora iconici, di Double Dragon , il picchiaduro da sala, vedono Marian che viene presa a pugni nello stomaco, gettata sulla spalla di un <L1>tamarro</L1> e portata via.	The cage is locked.				
I secondi d'apertura, ora iconici, di Double Dragon , il picchiaduro da sala, vedono Marian che viene presa a pugni nello stomaco, gettata sulla spalla di un <N1></N1> e portata via.	The cage is locked.				
FALSE					
					
I problemi con tuo padre fanno sembrare i Jackson 5 come il Family Circus potrai essere un genio ma sei morto <L1>barocco</L1> ed senza valore!	And I don't know what piece it's going to be until I get back home, and then I'll see,  Ah, this is what I've learned!				
I problemi con tuo padre fanno sembrare i Jackson 5 come il Family Circus potrai essere un genio ma sei morto <N1></N1> ed senza valore!	And I don't know what piece it's going to be until I get back home, and then I'll see,  Ah, this is what I've learned!				
FALSE					
					
Ray Charles creò la base della musica soul basando I Got a Woman sulla canzone <L1>gospel</L1> It Must be Jesus.	And lastly, Steve Jobs was sometimes boastful about Apple's history of copying.				
Ray Charles creò la base della musica soul basando I Got a Woman sulla canzone <N1></N1> It Must be Jesus.	And lastly, Steve Jobs was sometimes boastful about Apple's history of copying.				
FALSE					
					
L'ho fatto pure io, non ti preoccupare! ...Ho trascorso un'ora um, LadyDragon lo sa, lei mi ha chiamato...Sono stato dove riforniscono di pezzi per refrigeratori ieri e abbiamo parlato per circa un'ora, mentre mi aggiravo intorno là guardando tutte Tipo, io stavo bramando dietro a un <L1>manometro</L1> che costava circa $300, per esempio.	Everyone is fighting their own battles that you know nothing about.				
L'ho fatto pure io, non ti preoccupare! ...Ho trascorso un'ora um, LadyDragon lo sa, lei mi ha chiamato...Sono stato dove riforniscono di pezzi per refrigeratori ieri e abbiamo parlato per circa un'ora, mentre mi aggiravo intorno là guardando tutte Tipo, io stavo bramando dietro a un <N1></N1> che costava circa $300, per esempio.	Everyone is fighting their own battles that you know nothing about.				
FALSE					
					
Il simbolo della porta somiglia a una porta da <L1>saloon</L1> nel selvaggio West.	Person.				
Il simbolo della porta somiglia a una porta da <N1>salone</N1> nel selvaggio West.	Person.				
TRUE					
					
L'unica cosa che ho distrutto č la possibilitā di <L1>debuttare</L1> con la car stunt.	But the road suddenly ended, what was I supposed to do?				
L'unica cosa che ho distrutto č la possibilitā di <N1></N1> con la car stunt.	But the road suddenly ended, what was I supposed to do?				
FALSE					
					
Può <L1>demoralizzare</L1> molto, può diventare molto frustrante, ti dicono una cosa, te ne dicono un'altra.	Well, you see that people buy a lot of clothing, certainly buy a lot of meat, use quite a bit of electricity in their households, and eat a lot in restaurants and bars.				
Può <N1></N1> molto, può diventare molto frustrante, ti dicono una cosa, te ne dicono un'altra.	Well, you see that people buy a lot of clothing, certainly buy a lot of meat, use quite a bit of electricity in their households, and eat a lot in restaurants and bars.				
FALSE					
					
Presto gli oceani sono diventati un <L1>pandemonio</L1> di sesso e morte fino a 500 milioni di anni fa, quando la prima bestia strisciò sulla terra.	But either one would be awesome!	tregenda bordello baraonda vespaio marasma sarabanda putiferio rivoluzione quarantotto casino pandemonio tempesta			
Presto gli oceani sono diventati un <N1></N1> di sesso e morte fino a 500 milioni di anni fa, quando la prima bestia strisciò sulla terra.	But either one would be awesome!				
FALSE					
					
È un veicolo elettrico costruito interamente da studenti, che grazie allo sterzo posteriore e allo sterzo anteriore via cavo può <L1>derapare</L1> intorno agli angoli.	Just like race car drivers can use all of the friction between the tire and the road, all of the car's capabilities to go as fast as possible, we want to use all of those capabilities to avoid any accident we can.				
È un veicolo elettrico costruito interamente da studenti, che grazie allo sterzo posteriore e allo sterzo anteriore via cavo può <N1></N1> intorno agli angoli.	Just like race car drivers can use all of the friction between the tire and the road, all of the car's capabilities to go as fast as possible, we want to use all of those capabilities to avoid any accident we can.				
FALSE					
					
Sta per svenire, ma fortunatamente non indossa un <L1>foulard</L1> come l'altra ragazza, che è stata quasi strangolata, o come la terza ragazza, che è stata penetrata con un coltello, o come la quarta o la quinta ragazza, che sono state rapite in una macchina, ma sono riuscite a saltarne fuori.. o come la madre che è stata violentata davanti ai figli.	-Come on, it's ok!				
Sta per svenire, ma fortunatamente non indossa uno <N1>scialle</N1> come l'altra ragazza, che è stata quasi strangolata, o come la terza ragazza, che è stata penetrata con un coltello, o come la quarta o la quinta ragazza, che sono state rapite in una macchina, ma sono riuscite a saltarne fuori.. o come la madre che è stata violentata davanti ai figli.	-Come on, it's ok!				
TRUE					
					
In ogni caso, non ho rivendicato volentieri l'etichetta femminista, sebbene ne fossi circondata, perché l'associavo ai gruppi di donne di mia madre, la sua gonna frusciante e le sue spalline -- nessuna delle quali aveva molta <L1>cache</L1> nei corridoi della Palmer High Scholl dove in quel momento cercavo di essere trendy.	When I was just a little girl, my mom started what is now the longest-running women's film festival in the world.				
In ogni caso, non ho rivendicato volentieri l'etichetta femminista, sebbene ne fossi circondata, perché l'associavo ai gruppi di donne di mia madre, la sua gonna frusciante e le sue spalline -- nessuna delle quali aveva molta <N1>memoria</N1> nei corridoi della Palmer High Scholl dove in quel momento cercavo di essere trendy.	When I was just a little girl, my mom started what is now the longest-running women's film festival in the world.				
TRUE					
					